{"type": "FeatureCollection", "features": [{"type": "Feature", "geometry": {"type": "Point", "coordinates": [106.8831519, -6.1133504]}, "properties": {"kind": "green_area", "name": "Taman Segitiga Gorontalo"}}, {"type": "Feature", "geometry": {"type": "Point", "coordinates": [106.8823331, -6.1100644]}, "properties": {"kind": "green_area", "name": ""}}, {"type": "Feature", "geometry": {"type": "Point", "coordinates": [106.8832747, -6.1097013]}, "properties": {"kind": "green_area", "name": ""}}, {"type": "Feature", "geometry": {"type": "Point", "coordinates": [106.8251153, -6.1332106]}, "properties": {"kind": "green_area", "name": ""}}, {"type": "Feature", "geometry": {"type": "Point", "coordinates": [106.8341288, -6.1339654]}, "properties": {"kind": "green_area", "name": ""}}, {"type": "Feature", "geometry": {"type": "Point", "coordinates": [106.8317926, -6.1364095]}, "properties": {"kind": "green_area", "name": "North Riverbank 2"}}, {"type": "Feature", "geometry": {"type": "Point", "coordinates": [106.8322525, -6.1394529]}, "properties": {"kind": "green_area", "name": "Domino Park"}}, {"type": "Feature", "geometry": {"type": "Point", "coordinates": [106.8321672, -6.1380471]}, "properties": {"kind": "green_area", "name": "North Riverbank Park"}}, {"type": "Feature", "geometry": {"type": "Point", "coordinates": [106.8324413, -6.1393339]}, "properties": {"kind": "green_area", "name": "South Riverbank Park 2"}}, {"type": "Feature", "geometry": {"type": "Point", "coordinates": [106.8318615, -6.1445539]}, "properties": {"kind": "green_area", "name": "budi rahayu"}}, {"type": "Feature", "geometry": {"type": "Point", "coordinates": [106.8349224, -6.147135]}, "properties": {"kind": "green_area", "name": ""}}, {"type": "Feature", "geometry": {"type": "Point", "coordinates": [106.8323831, -6.1499238]}, "properties": {"kind": "green_area", "name": ""}}, {"type": "Feature", "geometry": {"type": "Point", "coordinates": [106.8353184, -6.1468537]}, "properties": {"kind": "green_area", "name": ""}}, {"type": "Feature", "geometry": {"type": "Point", "coordinates": [106.8406416, -6.1632229]}, "properties": {"kind": "tree", "name": ""}}, {"type": "Feature", "geometry": {"type": "Point", "coordinates": [106.8349013, -6.1702121]}, "properties": {"kind": "green_area", "name": "Lapangan Banteng"}}, {"type": "Feature", "geometry": {"type": "Point", "coordinates": [106.8338641, -6.1668936]}, "properties": {"kind": "green_area", "name": ""}}, {"type": "Feature", "geometry": {"type": "Point", "coordinates": [106.8336045, -6.1670225]}, "properties": {"kind": "green_area", "name": ""}}, {"type": "Feature", "geometry": {"type": "Point", "coordinates": [106.8309017, -6.1685978]}, "properties": {"kind": "green_area", "name": ""}}, {"type": "Feature", "geometry": {"type": "Point", "coordinates": [106.832489, -6.1700771]}, "properties": {"kind": "green_area", "name": ""}}, {"type": "Feature", "geometry": {"type": "Point", "coordinates": [106.8323388, -6.1706384]}, "properties": {"kind": "green_area", "name": ""}}, {"type": "Feature", "geometry": {"type": "Point", "coordinates": [106.8305284, -6.1708541]}, "properties": {"kind": "green_area", "name": ""}}, {"type": "Feature", "geometry": {"type": "Point", "coordinates": [106.8309941, -6.1713097]}, "properties": {"kind": "green_area", "name": ""}}, {"type": "Feature", "geometry": {"type": "Point", "coordinates": [106.8301336, -6.1705303]}, "properties": {"kind": "green_area", "name": ""}}, {"type": "Feature", "geometry": {"type": "Point", "coordinates": [106.8313852, -6.1689889]}, "properties": {"kind": "green_area", "name": ""}}, {"type": "Feature", "geometry": {"type": "Point", "coordinates": [106.8305557, -6.171995]}, "properties": {"kind": "green_area", "name": ""}}, {"type": "Feature", "geometry": {"type": "Point", "coordinates": [106.8318856, -6.1679371]}, "properties": {"kind": "green_area", "name": ""}}, {"type": "Feature", "geometry": {"type": "Point", "coordinates": [106.8285107, -6.1713809]}, "properties": {"kind": "tree", "name": ""}}, {"type": "Feature", "geometry": {"type": "Point", "coordinates": [106.8284394, -6.1713798]}, "properties": {"kind": "tree", "name": ""}}, {"type": "Feature", "geometry": {"type": "Point", "coordinates": [106.8283542, -6.1713787]}, "properties": {"kind": "tree", "name": ""}}, {"type": "Feature", "geometry": {"type": "Point", "coordinates": [106.8283116, -6.1713766]}, "properties": {"kind": "tree", "name": ""}}, {"type": "Feature", "geometry": {"type": "Point", "coordinates": [106.8280594, -6.1713682]}, "properties": {"kind": "tree", "name": ""}}, {"type": "Feature", "geometry": {"type": "Point", "coordinates": [106.82797, -6.171366]}, "properties": {"kind": "tree", "name": ""}}, {"type": "Feature", "geometry": {"type": "Point", "coordinates": [106.8278656, -6.171348]}, "properties": {"kind": "tree", "name": ""}}, {"type": "Feature", "geometry": {"type": "Point", "coordinates": [106.8276506, -6.171366]}, "properties": {"kind": "tree", "name": ""}}, {"type": "Feature", "geometry": {"type": "Point", "coordinates": [106.8275325, -6.1713682]}, "properties": {"kind": "tree", "name": ""}}, {"type": "Feature", "geometry": {"type": "Point", "coordinates": [106.8284277, -6.1713994]}, "properties": {"kind": "green_area", "name": ""}}, {"type": "Feature", "geometry": {"type": "Point", "coordinates": [106.8273653, -6.171371]}, "properties": {"kind": "green_area", "name": ""}}, {"type": "Feature", "geometry": {"type": "Point", "coordinates": [106.8118132, -6.1710916]}, "properties": {"kind": "tree", "name": ""}}, {"type": "Feature", "geometry": {"type": "Point", "coordinates": [106.811893, -6.1711885]}, "properties": {"kind": "tree", "name": ""}}, {"type": "Feature", "geometry": {"type": "Point", "coordinates": [106.8118398, -6.1712249]}, "properties": {"kind": "tree", "name": ""}}, {"type": "Feature", "geometry": {"type": "Point", "coordinates": [106.8120478, -6.1712434]}, "properties": {"kind": "tree", "name": ""}}, {"type": "Feature", "geometry": {"type": "Point", "coordinates": [106.8120875, -6.1712381]}, "properties": {"kind": "tree", "name": ""}}, {"type": "Feature", "geometry": {"type": "Point", "coordinates": [106.8121246, -6.1712368]}, "properties": {"kind": "tree", "name": ""}}, {"type": "Feature", "geometry": {"type": "Point", "coordinates": [106.8120875, -6.1712802]}, "properties": {"kind": "tree", "name": ""}}, {"type": "Feature", "geometry": {"type": "Point", "coordinates": [106.8125811, -6.1712971]}, "properties": {"kind": "tree", "name": ""}}, {"type": "Feature", "geometry": {"type": "Point", "coordinates": [106.8125602, -6.1711986]}, "properties": {"kind": "tree", "name": ""}}, {"type": "Feature", "geometry": {"type": "Point", "coordinates": [106.8118721, -6.17114]}, "properties": {"kind": "green_area", "name": ""}}, {"type": "Feature", "geometry": {"type": "Point", "coordinates": [106.8120868, -6.171242]}, "properties": {"kind": "green_area", "name": ""}}, {"type": "Feature", "geometry": {"type": "Point", "coordinates": [106.7984054, -6.1740462]}, "properties": {"kind": "green_area", "name": ""}}, {"type": "Feature", "geometry": {"type": "Point", "coordinates": [106.8040529, -6.1743543]}, "properties": {"kind": "green_area", "name": ""}}, {"type": "Feature", "geometry": {"type": "Point", "coordinates": [106.7947499, -6.1821551]}, "properties": {"kind": "green_area", "name": "Taman Cattleya"}}, {"type": "Feature", "geometry": {"type": "Point", "coordinates": [106.7979904, -6.1836543]}, "properties": {"kind": "green_area", "name": ""}}, {"type": "Feature", "geometry": {"type": "Point", "coordinates": [106.7937656, -6.1842676]}, "properties": {"kind": "green_area", "name": ""}}, {"type": "Feature", "geometry": {"type": "Point", "coordinates": [106.795879, -6.1927507]}, "properties": {"kind": "green_area", "name": "Koramil"}}, {"type": "Feature", "geometry": {"type": "Point", "coordinates": [106.8001506, -6.190123]}, "properties": {"kind": "green_area", "name": ""}}, {"type": "Feature", "geometry": {"type": "Point", "coordinates": [106.800474, -6.2021245]}, "properties": {"kind": "tree", "name": ""}}, {"type": "Feature", "geometry": {"type": "Point", "coordinates": [106.8003879, -6.2021734]}, "properties": {"kind": "tree", "name": ""}}, {"type": "Feature", "geometry": {"type": "Point", "coordinates": [106.8003484, -6.2021707]}, "properties": {"kind": "tree", "name": ""}}, {"type": "Feature", "geometry": {"type": "Point", "coordinates": [106.8005683, -6.2020853]}, "properties": {"kind": "tree", "name": ""}}, {"type": "Feature", "geometry": {"type": "Point", "coordinates": [106.8006757, -6.2020667]}, "properties": {"kind": "tree", "name": ""}}, {"type": "Feature", "geometry": {"type": "Point", "coordinates": [106.8001386, -6.2022302]}, "properties": {"kind": "tree", "name": ""}}, {"type": "Feature", "geometry": {"type": "Point", "coordinates": [106.800145, -6.2022477]}, "properties": {"kind": "tree", "name": ""}}, {"type": "Feature", "geometry": {"type": "Point", "coordinates": [106.8001551, -6.2022674]}, "properties": {"kind": "tree", "name": ""}}, {"type": "Feature", "geometry": {"type": "Point", "coordinates": [106.8001748, -6.2023034]}, "properties": {"kind": "tree", "name": ""}}, {"type": "Feature", "geometry": {"type": "Point", "coordinates": [106.8001962, -6.2023464]}, "properties": {"kind": "tree", "name": ""}}, {"type": "Feature", "geometry": {"type": "Point", "coordinates": [106.800487, -6.202397]}, "properties": {"kind": "tree", "name": ""}}, {"type": "Feature", "geometry": {"type": "Point", "coordinates": [106.7998398, -6.2013295]}, "properties": {"kind": "tree", "name": ""}}, {"type": "Feature", "geometry": {"type": "Point", "coordinates": [106.7998067, -6.2012495]}, "properties": {"kind": "tree", "name": ""}}, {"type": "Feature", "geometry": {"type": "Point", "coordinates": [106.7994623, -6.202194]}, "properties": {"kind": "tree", "name": ""}}, {"type": "Feature", "geometry": {"type": "Point", "coordinates": [106.799541, -6.2023075]}, "properties": {"kind": "tree", "name": ""}}, {"type": "Feature", "geometry": {"type": "Point", "coordinates": [106.8017448, -6.2037139]}, "properties": {"kind": "tree", "name": ""}}, {"type": "Feature", "geometry": {"type": "Point", "coordinates": [106.8004296, -6.2025711]}, "properties": {"kind": "tree", "name": ""}}, {"type": "Feature", "geometry": {"type": "Point", "coordinates": [106.8004593, -6.2026067]}, "properties": {"kind": "tree", "name": ""}}, {"type": "Feature", "geometry": {"type": "Point", "coordinates": [106.8001223, -6.2046924]}, "properties": {"kind": "green_area", "name": "Taman Halte Gedung Manggala Wanabhakti"}}, {"type": "Feature", "geometry": {"type": "Point", "coordinates": [106.7997475, -6.2004412]}, "properties": {"kind": "green_area", "name": ""}}, {"type": "Feature", "geometry": {"type": "Point", "coordinates": [106.8068111, -6.2168182]}, "properties": {"kind": "tree", "name": ""}}, {"type": "Feature", "geometry": {"type": "Point", "coordinates": [106.8066841, -6.2167644]}, "properties": {"kind": "tree", "name": ""}}, {"type": "Feature", "geometry": {"type": "Point", "coordinates": [106.8068837, -6.2170125]}, "properties": {"kind": "tree", "name": ""}}, {"type": "Feature", "geometry": {"type": "Point", "coordinates": [106.8066837, -6.2168154]}, "properties": {"kind": "tree", "name": ""}}, {"type": "Feature", "geometry": {"type": "Point", "coordinates": [106.8068862, -6.2167237]}, "properties": {"kind": "tree", "name": ""}}, {"type": "Feature", "geometry": {"type": "Point", "coordinates": [106.8068874, -6.21678]}, "properties": {"kind": "tree", "name": ""}}, {"type": "Feature", "geometry": {"type": "Point", "coordinates": [106.8066179, -6.2167627]}, "properties": {"kind": "tree", "name": ""}}, {"type": "Feature", "geometry": {"type": "Point", "coordinates": [106.8068126, -6.2167467]}, "properties": {"kind": "tree", "name": ""}}, {"type": "Feature", "geometry": {"type": "Point", "coordinates": [106.8067208, -6.216871]}, "properties": {"kind": "tree", "name": ""}}, {"type": "Feature", "geometry": {"type": "Point", "coordinates": [106.8068869, -6.2168458]}, "properties": {"kind": "tree", "name": ""}}, {"type": "Feature", "geometry": {"type": "Point", "coordinates": [106.8068849, -6.2169187]}, "properties": {"kind": "tree", "name": ""}}, {"type": "Feature", "geometry": {"type": "Point", "coordinates": [106.8068845, -6.2169655]}, "properties": {"kind": "tree", "name": ""}}, {"type": "Feature", "geometry": {"type": "Point", "coordinates": [106.8056807, -6.2147475]}, "properties": {"kind": "green_area", "name": "Lapangan Rugby"}}, {"type": "Feature", "geometry": {"type": "Point", "coordinates": [106.8035208, -6.2187022]}, "properties": {"kind": "green_area", "name": "Gelanggang Olahraga Bung Karno"}}, {"type": "Feature", "geometry": {"type": "Point", "coordinates": [106.8060127, -6.2159096]}, "properties": {"kind": "green_area", "name": "Taman Kridaloka"}}, {"type": "Feature", "geometry": {"type": "Point", "coordinates": [106.8067573, -6.2169672]}, "properties": {"kind": "shelter", "name": ""}}, {"type": "Feature", "geometry": {"type": "Point", "coordinates": [106.8071019, -6.2222554]}, "properties": {"kind": "green_area", "name": "Hutan Kota Gelora Bung Karno"}}, {"type": "Feature", "geometry": {"type": "Point", "coordinates": [106.8038475, -6.2216246]}, "properties": {"kind": "green_area", "name": "Taman Kota Gelora Bung Karno"}}, {"type": "Feature", "geometry": {"type": "Point", "coordinates": [106.8063271, -6.2264414]}, "properties": {"kind": "green_area", "name": ""}}, {"type": "Feature", "geometry": {"type": "Point", "coordinates": [106.8062665, -6.2267591]}, "properties": {"kind": "green_area", "name": ""}}, {"type": "Feature", "geometry": {"type": "Point", "coordinates": [106.8066084, -6.2267289]}, "properties": {"kind": "green_area", "name": ""}}, {"type": "Feature", "geometry": {"type": "Point", "coordinates": [106.8065816, -6.2265084]}, "properties": {"kind": "green_area", "name": ""}}, {"type": "Feature", "geometry": {"type": "Point", "coordinates": [106.806427, -6.2266124]}, "properties": {"kind": "green_area", "name": ""}}, {"type": "Feature", "geometry": {"type": "Point", "coordinates": [106.8079341, -6.2271173]}, "properties": {"kind": "green_area", "name": ""}}, {"type": "Feature", "geometry": {"type": "Point", "coordinates": [106.7998324, -6.227674]}, "properties": {"kind": "tree", "name": ""}}, {"type": "Feature", "geometry": {"type": "Point", "coordinates": [106.8006586, -6.2281266]}, "properties": {"kind": "tree", "name": ""}}, {"type": "Feature", "geometry": {"type": "Point", "coordinates": [106.8008114, -6.2280119]}, "properties": {"kind": "tree", "name": ""}}, {"type": "Feature", "geometry": {"type": "Point", "coordinates": [106.8019566, -6.2309341]}, "properties": {"kind": "green_area", "name": "Taman Jenggala"}}, {"type": "Feature", "geometry": {"type": "Point", "coordinates": [106.7994851, -6.2291907]}, "properties": {"kind": "green_area", "name": ""}}, {"type": "Feature", "geometry": {"type": "Point", "coordinates": [106.7990896, -6.2309489]}, "properties": {"kind": "green_area", "name": "Taman Daha"}}, {"type": "Feature", "geometry": {"type": "Point", "coordinates": [106.8915124, -6.1148964]}, "properties": {"kind": "green_area", "name": "RPTRA Kebon Bawang"}}, {"type": "Feature", "geometry": {"type": "Point", "coordinates": [106.8967122, -6.1201076]}, "properties": {"kind": "green_area", "name": "RPTRA Radar Pembangunan"}}, {"type": "Feature", "geometry": {"type": "Point", "coordinates": [106.8966568, -6.1172663]}, "properties": {"kind": "green_area", "name": "RPTRA Rawa Badak"}}, {"type": "Feature", "geometry": {"type": "Point", "coordinates": [106.8910132, -6.1200928]}, "properties": {"kind": "green_area", "name": ""}}, {"type": "Feature", "geometry": {"type": "Point", "coordinates": [106.8915213, -6.120338]}, "properties": {"kind": "green_area", "name": ""}}, {"type": "Feature", "geometry": {"type": "Point", "coordinates": [106.8917464, -6.1203312]}, "properties": {"kind": "green_area", "name": ""}}, {"type": "Feature", "geometry": {"type": "Point", "coordinates": [106.8917433, -6.1201393]}, "properties": {"kind": "green_area", "name": ""}}, {"type": "Feature", "geometry": {"type": "Point", "coordinates": [106.8915154, -6.1201446]}, "properties": {"kind": "green_area", "name": ""}}, {"type": "Feature", "geometry": {"type": "Point", "coordinates": [106.8925868, -6.1202016]}, "properties": {"kind": "green_area", "name": ""}}, {"type": "Feature", "geometry": {"type": "Point", "coordinates": [106.892912, -6.120299]}, "properties": {"kind": "green_area", "name": ""}}, {"type": "Feature", "geometry": {"type": "Point", "coordinates": [106.892905, -6.1200976]}, "properties": {"kind": "green_area", "name": ""}}, {"type": "Feature", "geometry": {"type": "Point", "coordinates": [106.8927465, -6.120199]}, "properties": {"kind": "green_area", "name": ""}}, {"type": "Feature", "geometry": {"type": "Point", "coordinates": [106.8942408, -6.127713]}, "properties": {"kind": "green_area", "name": "Taman Pelumpang"}}, {"type": "Feature", "geometry": {"type": "Point", "coordinates": [106.8909371, -6.1303209]}, "properties": {"kind": "green_area", "name": "RPTRA Sungai Bambu"}}, {"type": "Feature", "geometry": {"type": "Point", "coordinates": [106.8923458, -6.1259705]}, "properties": {"kind": "green_area", "name": ""}}, {"type": "Feature", "geometry": {"type": "Point", "coordinates": [106.889201, -6.1462724]}, "properties": {"kind": "green_area", "name": ""}}, {"type": "Feature", "geometry": {"type": "Point", "coordinates": [106.8943065, -6.1417389]}, "properties": {"kind": "green_area", "name": ""}}, {"type": "Feature", "geometry": {"type": "Point", "coordinates": [106.8780425, -6.172257]}, "properties": {"kind": "tree", "name": ""}}, {"type": "Feature", "geometry": {"type": "Point", "coordinates": [106.8778362, -6.1721296]}, "properties": {"kind": "tree", "name": ""}}, {"type": "Feature", "geometry": {"type": "Point", "coordinates": [106.8779449, -6.1721549]}, "properties": {"kind": "tree", "name": ""}}, {"type": "Feature", "geometry": {"type": "Point", "coordinates": [106.8780506, -6.1721903]}, "properties": {"kind": "tree", "name": ""}}, {"type": "Feature", "geometry": {"type": "Point", "coordinates": [106.8779846, -6.1725702]}, "properties": {"kind": "tree", "name": ""}}, {"type": "Feature", "geometry": {"type": "Point", "coordinates": [106.8776919, -6.1725429]}, "properties": {"kind": "tree", "name": ""}}, {"type": "Feature", "geometry": {"type": "Point", "coordinates": [106.877638, -6.1726622]}, "properties": {"kind": "tree", "name": ""}}, {"type": "Feature", "geometry": {"type": "Point", "coordinates": [106.8775201, -6.1727652]}, "properties": {"kind": "tree", "name": ""}}, {"type": "Feature", "geometry": {"type": "Point", "coordinates": [106.8781503, -6.1728016]}, "properties": {"kind": "tree", "name": ""}}, {"type": "Feature", "geometry": {"type": "Point", "coordinates": [106.8781899, -6.1725975]}, "properties": {"kind": "tree", "name": ""}}, {"type": "Feature", "geometry": {"type": "Point", "coordinates": [106.8782346, -6.1725904]}, "properties": {"kind": "tree", "name": ""}}, {"type": "Feature", "geometry": {"type": "Point", "coordinates": [106.8781879, -6.1725591]}, "properties": {"kind": "tree", "name": ""}}, {"type": "Feature", "geometry": {"type": "Point", "coordinates": [106.878259, -6.1723732]}, "properties": {"kind": "tree", "name": ""}}, {"type": "Feature", "geometry": {"type": "Point", "coordinates": [106.8778747, -6.1724011]}, "properties": {"kind": "green_area", "name": ""}}, {"type": "Feature", "geometry": {"type": "Point", "coordinates": [106.8718623, -6.187652]}, "properties": {"kind": "green_area", "name": ""}}, {"type": "Feature", "geometry": {"type": "Point", "coordinates": [106.8746041, -6.1896034]}, "properties": {"kind": "green_area", "name": "Link In Park"}}, {"type": "Feature", "geometry": {"type": "Point", "coordinates": [106.8762751, -6.1913714]}, "properties": {"kind": "green_area", "name": "Taman Arion"}}, {"type": "Feature", "geometry": {"type": "Point", "coordinates": [106.8755387, -6.1933418]}, "properties": {"kind": "green_area", "name": ""}}, {"type": "Feature", "geometry": {"type": "Point", "coordinates": [106.8775572, -6.1990213]}, "properties": {"kind": "green_area", "name": ""}}, {"type": "Feature", "geometry": {"type": "Point", "coordinates": [106.8744646, -6.1986919]}, "properties": {"kind": "green_area", "name": ""}}, {"type": "Feature", "geometry": {"type": "Point", "coordinates": [106.8787078, -6.1971293]}, "properties": {"kind": "green_area", "name": ""}}, {"type": "Feature", "geometry": {"type": "Point", "coordinates": [106.8783881, -6.1974509]}, "properties": {"kind": "green_area", "name": ""}}, {"type": "Feature", "geometry": {"type": "Point", "coordinates": [106.8765259, -6.1993786]}, "properties": {"kind": "green_area", "name": ""}}, {"type": "Feature", "geometry": {"type": "Point", "coordinates": [106.8757695, -6.2001946]}, "properties": {"kind": "green_area", "name": ""}}, {"type": "Feature", "geometry": {"type": "Point", "coordinates": [106.8747221, -6.2016171]}, "properties": {"kind": "green_area", "name": ""}}, {"type": "Feature", "geometry": {"type": "Point", "coordinates": [106.8755455, -6.1995559]}, "properties": {"kind": "green_area", "name": ""}}, {"type": "Feature", "geometry": {"type": "Point", "coordinates": [106.8743573, -6.2017451]}, "properties": {"kind": "green_area", "name": ""}}, {"type": "Feature", "geometry": {"type": "Point", "coordinates": [106.8739523, -6.2014705]}, "properties": {"kind": "green_area", "name": ""}}, {"type": "Feature", "geometry": {"type": "Point", "coordinates": [106.8748749, -6.1991053]}, "properties": {"kind": "green_area", "name": ""}}, {"type": "Feature", "geometry": {"type": "Point", "coordinates": [106.8742233, -6.2079504]}, "properties": {"kind": "green_area", "name": "Taman Interaktif RW 05"}}, {"type": "Feature", "geometry": {"type": "Point", "coordinates": [106.8761798, -6.2023571]}, "properties": {"kind": "green_area", "name": ""}}, {"type": "Feature", "geometry": {"type": "Point", "coordinates": [106.8748642, -6.202409]}, "properties": {"kind": "green_area", "name": ""}}, {"type": "Feature", "geometry": {"type": "Point", "coordinates": [106.8748116, -6.2061999]}, "properties": {"kind": "green_area", "name": ""}}, {"type": "Feature", "geometry": {"type": "Point", "coordinates": [106.8745119, -6.2049274]}, "properties": {"kind": "green_area", "name": ""}}, {"type": "Feature", "geometry": {"type": "Point", "coordinates": [106.8715898, -6.20679]}, "properties": {"kind": "green_area", "name": ""}}, {"type": "Feature", "geometry": {"type": "Point", "coordinates": [106.8730283, -6.2169159]}, "properties": {"kind": "green_area", "name": "TAMAN BARKAH"}}, {"type": "Feature", "geometry": {"type": "Point", "coordinates": [106.8749507, -6.2161431]}, "properties": {"kind": "green_area", "name": "Taman Viaduk Jatinegara"}}, {"type": "Feature", "geometry": {"type": "Point", "coordinates": [106.8608487, -6.262759]}, "properties": {"kind": "green_area", "name": ""}}, {"type": "Feature", "geometry": {"type": "Point", "coordinates": [106.8624063, -6.261867]}, "properties": {"kind": "green_area", "name": ""}}, {"type": "Feature", "geometry": {"type": "Point", "coordinates": [106.8627159, -6.2617702]}, "properties": {"kind": "green_area", "name": ""}}, {"type": "Feature", "geometry": {"type": "Point", "coordinates": [106.8725821, -6.2484983]}, "properties": {"kind": "green_area", "name": "Taman Belakang FT"}}, {"type": "Feature", "geometry": {"type": "Point", "coordinates": [106.871663, -6.247815]}, "properties": {"kind": "green_area", "name": "Lapangan Basket"}}, {"type": "Feature", "geometry": {"type": "Point", "coordinates": [106.8718299, -6.2478275]}, "properties": {"kind": "green_area", "name": "Lapangan Volly"}}, {"type": "Feature", "geometry": {"type": "Point", "coordinates": [106.8720627, -6.2478401]}, "properties": {"kind": "green_area", "name": "Lapangan Futsal"}}, {"type": "Feature", "geometry": {"type": "Point", "coordinates": [106.8705224, -6.2486875]}, "properties": {"kind": "green_area", "name": "Lapangan Bola"}}, {"type": "Feature", "geometry": {"type": "Point", "coordinates": [106.871605, -6.2489709]}, "properties": {"kind": "green_area", "name": "Taman Baca"}}, {"type": "Feature", "geometry": {"type": "Point", "coordinates": [106.8725337, -6.2482124]}, "properties": {"kind": "green_area", "name": "International Takraw Field"}}, {"type": "Feature", "geometry": {"type": "Point", "coordinates": [106.8745125, -6.2445531]}, "properties": {"kind": "green_area", "name": "Biru Laut"}}, {"type": "Feature", "geometry": {"type": "Point", "coordinates": [106.8750278, -6.2421136]}, "properties": {"kind": "green_area", "name": "Hijau Daun"}}, {"type": "Feature", "geometry": {"type": "Point", "coordinates": [106.906713, -6.1804994]}, "properties": {"kind": "tree", "name": ""}}, {"type": "Feature", "geometry": {"type": "Point", "coordinates": [106.906498, -6.1804321]}, "properties": {"kind": "tree", "name": ""}}, {"type": "Feature", "geometry": {"type": "Point", "coordinates": [106.9070583, -6.1804667]}, "properties": {"kind": "tree", "name": ""}}, {"type": "Feature", "geometry": {"type": "Point", "coordinates": [106.9071447, -6.1804125]}, "properties": {"kind": "tree", "name": ""}}, {"type": "Feature", "geometry": {"type": "Point", "coordinates": [106.9071738, -6.1804975]}, "properties": {"kind": "tree", "name": ""}}, {"type": "Feature", "geometry": {"type": "Point", "coordinates": [106.9072813, -6.1804878]}, "properties": {"kind": "tree", "name": ""}}, {"type": "Feature", "geometry": {"type": "Point", "coordinates": [106.9073652, -6.1805343]}, "properties": {"kind": "tree", "name": ""}}, {"type": "Feature", "geometry": {"type": "Point", "coordinates": [106.9074779, -6.1806581]}, "properties": {"kind": "tree", "name": ""}}, {"type": "Feature", "geometry": {"type": "Point", "coordinates": [106.9076027, -6.1807113]}, "properties": {"kind": "tree", "name": ""}}, {"type": "Feature", "geometry": {"type": "Point", "coordinates": [106.9078655, -6.1807767]}, "properties": {"kind": "tree", "name": ""}}, {"type": "Feature", "geometry": {"type": "Point", "coordinates": [106.9080119, -6.1808738]}, "properties": {"kind": "tree", "name": ""}}, {"type": "Feature", "geometry": {"type": "Point", "coordinates": [106.9090636, -6.1814433]}, "properties": {"kind": "tree", "name": ""}}, {"type": "Feature", "geometry": {"type": "Point", "coordinates": [106.9090315, -6.1821058]}, "properties": {"kind": "tree", "name": ""}}, {"type": "Feature", "geometry": {"type": "Point", "coordinates": [106.9088877, -6.182078]}, "properties": {"kind": "tree", "name": ""}}, {"type": "Feature", "geometry": {"type": "Point", "coordinates": [106.9089038, -6.1819744]}, "properties": {"kind": "tree", "name": ""}}, {"type": "Feature", "geometry": {"type": "Point", "coordinates": [106.9088994, -6.1826795]}, "properties": {"kind": "tree", "name": ""}}, {"type": "Feature", "geometry": {"type": "Point", "coordinates": [106.9088422, -6.1828066]}, "properties": {"kind": "tree", "name": ""}}, {"type": "Feature", "geometry": {"type": "Point", "coordinates": [106.9087468, -6.1828358]}, "properties": {"kind": "tree", "name": ""}}, {"type": "Feature", "geometry": {"type": "Point", "coordinates": [106.9087761, -6.1829496]}, "properties": {"kind": "tree", "name": ""}}, {"type": "Feature", "geometry": {"type": "Point", "coordinates": [106.9088656, -6.183011]}, "properties": {"kind": "tree", "name": ""}}, {"type": "Feature", "geometry": {"type": "Point", "coordinates": [106.9089185, -6.1831745]}, "properties": {"kind": "tree", "name": ""}}, {"type": "Feature", "geometry": {"type": "Point", "coordinates": [106.9094893, -6.1828457]}, "properties": {"kind": "tree", "name": ""}}, {"type": "Feature", "geometry": {"type": "Point", "coordinates": [106.9095682, -6.1827731]}, "properties": {"kind": "tree", "name": ""}}, {"type": "Feature", "geometry": {"type": "Point", "coordinates": [106.9096545, -6.1826606]}, "properties": {"kind": "tree", "name": ""}}, {"type": "Feature", "geometry": {"type": "Point", "coordinates": [106.9097185, -6.1827228]}, "properties": {"kind": "tree", "name": ""}}, {"type": "Feature", "geometry": {"type": "Point", "coordinates": [106.9067565, -6.1852853]}, "properties": {"kind": "tree", "name": ""}}, {"type": "Feature", "geometry": {"type": "Point", "coordinates": [106.9070048, -6.1840035]}, "properties": {"kind": "tree", "name": ""}}, {"type": "Feature", "geometry": {"type": "Point", "coordinates": [106.9069832, -6.1843127]}, "properties": {"kind": "tree", "name": ""}}, {"type": "Feature", "geometry": {"type": "Point", "coordinates": [106.9072941, -6.1843912]}, "properties": {"kind": "tree", "name": ""}}, {"type": "Feature", "geometry": {"type": "Point", "coordinates": [106.9062238, -6.1846933]}, "properties": {"kind": "tree", "name": ""}}, {"type": "Feature", "geometry": {"type": "Point", "coordinates": [106.9062808, -6.1847104]}, "properties": {"kind": "tree", "name": ""}}, {"type": "Feature", "geometry": {"type": "Point", "coordinates": [106.9063993, -6.1847149]}, "properties": {"kind": "tree", "name": ""}}, {"type": "Feature", "geometry": {"type": "Point", "coordinates": [106.9065105, -6.1846402]}, "properties": {"kind": "tree", "name": ""}}, {"type": "Feature", "geometry": {"type": "Point", "coordinates": [106.9065576, -6.1848219]}, "properties": {"kind": "tree", "name": ""}}, {"type": "Feature", "geometry": {"type": "Point", "coordinates": [106.9065612, -6.1849479]}, "properties": {"kind": "tree", "name": ""}}, {"type": "Feature", "geometry": {"type": "Point", "coordinates": [106.9065639, -6.185127]}, "properties": {"kind": "tree", "name": ""}}, {"type": "Feature", "geometry": {"type": "Point", "coordinates": [106.906582, -6.1852079]}, "properties": {"kind": "tree", "name": ""}}, {"type": "Feature", "geometry": {"type": "Point", "coordinates": [106.9066796, -6.1853528]}, "properties": {"kind": "tree", "name": ""}}, {"type": "Feature", "geometry": {"type": "Point", "coordinates": [106.9067176, -6.1853159]}, "properties": {"kind": "tree", "name": ""}}, {"type": "Feature", "geometry": {"type": "Point", "coordinates": [106.9073551, -6.1840403]}, "properties": {"kind": "tree", "name": ""}}, {"type": "Feature", "geometry": {"type": "Point", "coordinates": [106.9068008, -6.185252]}, "properties": {"kind": "tree", "name": ""}}, {"type": "Feature", "geometry": {"type": "Point", "coordinates": [106.9070984, -6.1850091]}, "properties": {"kind": "tree", "name": ""}}, {"type": "Feature", "geometry": {"type": "Point", "coordinates": [106.9070016, -6.185477]}, "properties": {"kind": "tree", "name": ""}}, {"type": "Feature", "geometry": {"type": "Point", "coordinates": [106.9069265, -6.1855193]}, "properties": {"kind": "tree", "name": ""}}, {"type": "Feature", "geometry": {"type": "Point", "coordinates": [106.9068976, -6.1855679]}, "properties": {"kind": "tree", "name": ""}}, {"type": "Feature", "geometry": {"type": "Point", "coordinates": [106.9070649, -6.185576]}, "properties": {"kind": "tree", "name": ""}}, {"type": "Feature", "geometry": {"type": "Point", "coordinates": [106.9070522, -6.1856452]}, "properties": {"kind": "tree", "name": ""}}, {"type": "Feature", "geometry": {"type": "Point", "coordinates": [106.9070676, -6.1857649]}, "properties": {"kind": "tree", "name": ""}}, {"type": "Feature", "geometry": {"type": "Point", "coordinates": [106.9069329, -6.1857595]}, "properties": {"kind": "tree", "name": ""}}, {"type": "Feature", "geometry": {"type": "Point", "coordinates": [106.907272, -6.1856875]}, "properties": {"kind": "tree", "name": ""}}, {"type": "Feature", "geometry": {"type": "Point", "coordinates": [106.9072982, -6.1856506]}, "properties": {"kind": "tree", "name": ""}}, {"type": "Feature", "geometry": {"type": "Point", "coordinates": [106.9073435, -6.185603]}, "properties": {"kind": "tree", "name": ""}}, {"type": "Feature", "geometry": {"type": "Point", "coordinates": [106.907395, -6.1855616]}, "properties": {"kind": "tree", "name": ""}}, {"type": "Feature", "geometry": {"type": "Point", "coordinates": [106.9082019, -6.186307]}, "properties": {"kind": "tree", "name": ""}}, {"type": "Feature", "geometry": {"type": "Point", "coordinates": [106.9075388, -6.1856183]}, "properties": {"kind": "tree", "name": ""}}, {"type": "Feature", "geometry": {"type": "Point", "coordinates": [106.9075732, -6.1856812]}, "properties": {"kind": "tree", "name": ""}}, {"type": "Feature", "geometry": {"type": "Point", "coordinates": [106.9076527, -6.1856911]}, "properties": {"kind": "tree", "name": ""}}, {"type": "Feature", "geometry": {"type": "Point", "coordinates": [106.9076365, -6.1857505]}, "properties": {"kind": "tree", "name": ""}}, {"type": "Feature", "geometry": {"type": "Point", "coordinates": [106.9076215, -6.1864257]}, "properties": {"kind": "tree", "name": ""}}, {"type": "Feature", "geometry": {"type": "Point", "coordinates": [106.9075329, -6.1863156]}, "properties": {"kind": "tree", "name": ""}}, {"type": "Feature", "geometry": {"type": "Point", "coordinates": [106.9076868, -6.1864823]}, "properties": {"kind": "tree", "name": ""}}, {"type": "Feature", "geometry": {"type": "Point", "coordinates": [106.9077043, -6.1863954]}, "properties": {"kind": "tree", "name": ""}}, {"type": "Feature", "geometry": {"type": "Point", "coordinates": [106.9077929, -6.1865512]}, "properties": {"kind": "tree", "name": ""}}, {"type": "Feature", "geometry": {"type": "Point", "coordinates": [106.9079061, -6.1867121]}, "properties": {"kind": "tree", "name": ""}}, {"type": "Feature", "geometry": {"type": "Point", "coordinates": [106.9078958, -6.1865685]}, "properties": {"kind": "tree", "name": ""}}, {"type": "Feature", "geometry": {"type": "Point", "coordinates": [106.9082472, -6.1859176]}, "properties": {"kind": "tree", "name": ""}}, {"type": "Feature", "geometry": {"type": "Point", "coordinates": [106.9082778, -6.1864031]}, "properties": {"kind": "tree", "name": ""}}, {"type": "Feature", "geometry": {"type": "Point", "coordinates": [106.9074438, -6.1855121]}, "properties": {"kind": "tree", "name": ""}}, {"type": "Feature", "geometry": {"type": "Point", "coordinates": [106.9067024, -6.1861661]}, "properties": {"kind": "tree", "name": ""}}, {"type": "Feature", "geometry": {"type": "Point", "coordinates": [106.9069057, -6.1862994]}, "properties": {"kind": "tree", "name": ""}}, {"type": "Feature", "geometry": {"type": "Point", "coordinates": [106.9070839, -6.1864494]}, "properties": {"kind": "tree", "name": ""}}, {"type": "Feature", "geometry": {"type": "Point", "coordinates": [106.9073055, -6.1865547]}, "properties": {"kind": "tree", "name": ""}}, {"type": "Feature", "geometry": {"type": "Point", "coordinates": [106.9097408, -6.1825791]}, "properties": {"kind": "tree", "name": ""}}, {"type": "Feature", "geometry": {"type": "Point", "coordinates": [106.9080902, -6.1826591]}, "properties": {"kind": "tree", "name": ""}}, {"type": "Feature", "geometry": {"type": "Point", "coordinates": [106.9081379, -6.1825895]}, "properties": {"kind": "tree", "name": ""}}, {"type": "Feature", "geometry": {"type": "Point", "coordinates": [106.9093256, -6.1815262]}, "properties": {"kind": "tree", "name": ""}}, {"type": "Feature", "geometry": {"type": "Point", "coordinates": [106.9094893, -6.1816047]}, "properties": {"kind": "tree", "name": ""}}, {"type": "Feature", "geometry": {"type": "Point", "coordinates": [106.9092164, -6.1824007]}, "properties": {"kind": "tree", "name": ""}}, {"type": "Feature", "geometry": {"type": "Point", "coordinates": [106.9091202, -6.1814744]}, "properties": {"kind": "tree", "name": ""}}, {"type": "Feature", "geometry": {"type": "Point", "coordinates": [106.9093628, -6.1813678]}, "properties": {"kind": "tree", "name": ""}}, {"type": "Feature", "geometry": {"type": "Point", "coordinates": [106.9093033, -6.181233]}, "properties": {"kind": "tree", "name": ""}}, {"type": "Feature", "geometry": {"type": "Point", "coordinates": [106.9093792, -6.181273]}, "properties": {"kind": "tree", "name": ""}}, {"type": "Feature", "geometry": {"type": "Point", "coordinates": [106.9099879, -6.1816713]}, "properties": {"kind": "tree", "name": ""}}, {"type": "Feature", "geometry": {"type": "Point", "coordinates": [106.9099953, -6.1834724]}, "properties": {"kind": "tree", "name": ""}}, {"type": "Feature", "geometry": {"type": "Point", "coordinates": [106.9080232, -6.1837697]}, "properties": {"kind": "tree", "name": ""}}, {"type": "Feature", "geometry": {"type": "Point", "coordinates": [106.9079682, -6.1838926]}, "properties": {"kind": "tree", "name": ""}}, {"type": "Feature", "geometry": {"type": "Point", "coordinates": [106.9078372, -6.1838823]}, "properties": {"kind": "tree", "name": ""}}, {"type": "Feature", "geometry": {"type": "Point", "coordinates": [106.9078134, -6.1837564]}, "properties": {"kind": "tree", "name": ""}}, {"type": "Feature", "geometry": {"type": "Point", "coordinates": [106.9078461, -6.1840155]}, "properties": {"kind": "tree", "name": ""}}, {"type": "Feature", "geometry": {"type": "Point", "coordinates": [106.9079012, -6.1840748]}, "properties": {"kind": "tree", "name": ""}}, {"type": "Feature", "geometry": {"type": "Point", "coordinates": [106.907864, -6.1841385]}, "properties": {"kind": "tree", "name": ""}}, {"type": "Feature", "geometry": {"type": "Point", "coordinates": [106.9080337, -6.18398]}, "properties": {"kind": "tree", "name": ""}}, {"type": "Feature", "geometry": {"type": "Point", "coordinates": [106.9081215, -6.1839282]}, "properties": {"kind": "tree", "name": ""}}, {"type": "Feature", "geometry": {"type": "Point", "coordinates": [106.9081364, -6.1840007]}, "properties": {"kind": "tree", "name": ""}}, {"type": "Feature", "geometry": {"type": "Point", "coordinates": [106.9084186, -6.183855]}, "properties": {"kind": "tree", "name": ""}}, {"type": "Feature", "geometry": {"type": "Point", "coordinates": [106.9076526, -6.1839652]}, "properties": {"kind": "tree", "name": ""}}, {"type": "Feature", "geometry": {"type": "Point", "coordinates": [106.9075931, -6.1840141]}, "properties": {"kind": "tree", "name": ""}}, {"type": "Feature", "geometry": {"type": "Point", "coordinates": [106.9074249, -6.1837623]}, "properties": {"kind": "tree", "name": ""}}, {"type": "Feature", "geometry": {"type": "Point", "coordinates": [106.9073341, -6.1836513]}, "properties": {"kind": "tree", "name": ""}}, {"type": "Feature", "geometry": {"type": "Point", "coordinates": [106.9073266, -6.1835433]}, "properties": {"kind": "tree", "name": ""}}, {"type": "Feature", "geometry": {"type": "Point", "coordinates": [106.9073803, -6.1833062]}, "properties": {"kind": "tree", "name": ""}}, {"type": "Feature", "geometry": {"type": "Point", "coordinates": [106.9073475, -6.1834025]}, "properties": {"kind": "tree", "name": ""}}, {"type": "Feature", "geometry": {"type": "Point", "coordinates": [106.9072746, -6.1832781]}, "properties": {"kind": "tree", "name": ""}}, {"type": "Feature", "geometry": {"type": "Point", "coordinates": [106.9073014, -6.1828857]}, "properties": {"kind": "tree", "name": ""}}, {"type": "Feature", "geometry": {"type": "Point", "coordinates": [106.9075098, -6.1826576]}, "properties": {"kind": "tree", "name": ""}}, {"type": "Feature", "geometry": {"type": "Point", "coordinates": [106.907608, -6.182628]}, "properties": {"kind": "tree", "name": ""}}, {"type": "Feature", "geometry": {"type": "Point", "coordinates": [106.9076928, -6.1826443]}, "properties": {"kind": "tree", "name": ""}}, {"type": "Feature", "geometry": {"type": "Point", "coordinates": [106.907803, -6.1826354]}, "properties": {"kind": "tree", "name": ""}}, {"type": "Feature", "geometry": {"type": "Point", "coordinates": [106.9076645, -6.1834661]}, "properties": {"kind": "tree", "name": ""}}, {"type": "Feature", "geometry": {"type": "Point", "coordinates": [106.9080977, -6.1836838]}, "properties": {"kind": "tree", "name": ""}}, {"type": "Feature", "geometry": {"type": "Point", "coordinates": [106.9078253, -6.1842273]}, "properties": {"kind": "tree", "name": ""}}, {"type": "Feature", "geometry": {"type": "Point", "coordinates": [106.9078461, -6.1843043]}, "properties": {"kind": "tree", "name": ""}}, {"type": "Feature", "geometry": {"type": "Point", "coordinates": [106.9084618, -6.1841618]}, "properties": {"kind": "tree", "name": ""}}, {"type": "Feature", "geometry": {"type": "Point", "coordinates": [106.9084059, -6.1837327]}, "properties": {"kind": "tree", "name": ""}}, {"type": "Feature", "geometry": {"type": "Point", "coordinates": [106.9076735, -6.183749]}, "properties": {"kind": "tree", "name": ""}}, {"type": "Feature", "geometry": {"type": "Point", "coordinates": [106.9055088, -6.1848324]}, "properties": {"kind": "tree", "name": ""}}, {"type": "Feature", "geometry": {"type": "Point", "coordinates": [106.9067922, -6.1862494]}, "properties": {"kind": "tree", "name": ""}}, {"type": "Feature", "geometry": {"type": "Point", "coordinates": [106.9055289, -6.1844463]}, "properties": {"kind": "tree", "name": ""}}, {"type": "Feature", "geometry": {"type": "Point", "coordinates": [106.9053876, -6.1844825]}, "properties": {"kind": "tree", "name": ""}}, {"type": "Feature", "geometry": {"type": "Point", "coordinates": [106.9062632, -6.1842071]}, "properties": {"kind": "tree", "name": ""}}, {"type": "Feature", "geometry": {"type": "Point", "coordinates": [106.9054711, -6.1844928]}, "properties": {"kind": "tree", "name": ""}}, {"type": "Feature", "geometry": {"type": "Point", "coordinates": [106.9058013, -6.1844137]}, "properties": {"kind": "tree", "name": ""}}, {"type": "Feature", "geometry": {"type": "Point", "coordinates": [106.9059662, -6.1843899]}, "properties": {"kind": "tree", "name": ""}}, {"type": "Feature", "geometry": {"type": "Point", "coordinates": [106.9060336, -6.1843914]}, "properties": {"kind": "tree", "name": ""}}, {"type": "Feature", "geometry": {"type": "Point", "coordinates": [106.9060344, -6.1846416]}, "properties": {"kind": "tree", "name": ""}}, {"type": "Feature", "geometry": {"type": "Point", "coordinates": [106.9060164, -6.1845496]}, "properties": {"kind": "tree", "name": ""}}, {"type": "Feature", "geometry": {"type": "Point", "coordinates": [106.9059835, -6.1845956]}, "properties": {"kind": "tree", "name": ""}}, {"type": "Feature", "geometry": {"type": "Point", "coordinates": [106.9059474, -6.1846431]}, "properties": {"kind": "tree", "name": ""}}, {"type": "Feature", "geometry": {"type": "Point", "coordinates": [106.9059842, -6.1846626]}, "properties": {"kind": "tree", "name": ""}}, {"type": "Feature", "geometry": {"type": "Point", "coordinates": [106.9059052, -6.1846673]}, "properties": {"kind": "tree", "name": ""}}, {"type": "Feature", "geometry": {"type": "Point", "coordinates": [106.9060023, -6.1847499]}, "properties": {"kind": "tree", "name": ""}}, {"type": "Feature", "geometry": {"type": "Point", "coordinates": [106.9059333, -6.1847545]}, "properties": {"kind": "tree", "name": ""}}, {"type": "Feature", "geometry": {"type": "Point", "coordinates": [106.9058621, -6.18476]}, "properties": {"kind": "tree", "name": ""}}, {"type": "Feature", "geometry": {"type": "Point", "coordinates": [106.9057994, -6.1847647]}, "properties": {"kind": "tree", "name": ""}}, {"type": "Feature", "geometry": {"type": "Point", "coordinates": [106.9065284, -6.1844444]}, "properties": {"kind": "tree", "name": ""}}, {"type": "Feature", "geometry": {"type": "Point", "coordinates": [106.9064692, -6.1842991]}, "properties": {"kind": "tree", "name": ""}}, {"type": "Feature", "geometry": {"type": "Point", "coordinates": [106.9085077, -6.1851676]}, "properties": {"kind": "green_area", "name": ""}}, {"type": "Feature", "geometry": {"type": "Point", "coordinates": [106.9094543, -6.1858699]}, "properties": {"kind": "green_area", "name": ""}}, {"type": "Feature", "geometry": {"type": "Point", "coordinates": [106.9092544, -6.1857696]}, "properties": {"kind": "green_area", "name": ""}}, {"type": "Feature", "geometry": {"type": "Point", "coordinates": [106.9089171, -6.1858663]}, "properties": {"kind": "green_area", "name": ""}}, {"type": "Feature", "geometry": {"type": "Point", "coordinates": [106.9336672, -6.2099042]}, "properties": {"kind": "green_area", "name": ""}}, {"type": "Feature", "geometry": {"type": "Point", "coordinates": [106.9398774, -6.2120001]}, "properties": {"kind": "green_area", "name": ""}}, {"type": "Feature", "geometry": {"type": "Point", "coordinates": [106.9399362, -6.2128355]}, "properties": {"kind": "green_area", "name": ""}}, {"type": "Feature", "geometry": {"type": "Point", "coordinates": [106.9405096, -6.2124033]}, "properties": {"kind": "green_area", "name": ""}}, {"type": "Feature", "geometry": {"type": "Point", "coordinates": [106.9432823, -6.2124518]}, "properties": {"kind": "green_area", "name": ""}}, {"type": "Feature", "geometry": {"type": "Point", "coordinates": [106.9453812, -6.2139972]}, "properties": {"kind": "green_area", "name": ""}}, {"type": "Feature", "geometry": {"type": "Point", "coordinates": [106.9485911, -6.2114303]}, "properties": {"kind": "green_area", "name": ""}}, {"type": "Feature", "geometry": {"type": "Point", "coordinates": [106.9469256, -6.2120784]}, "properties": {"kind": "green_area", "name": ""}}, {"type": "Feature", "geometry": {"type": "Point", "coordinates": [106.9492397, -6.2107695]}, "properties": {"kind": "green_area", "name": ""}}, {"type": "Feature", "geometry": {"type": "Point", "coordinates": [106.9455152, -6.2088734]}, "properties": {"kind": "green_area", "name": "Lapangan Taman Pinus"}}, {"type": "Feature", "geometry": {"type": "Point", "coordinates": [106.9446708, -6.2137781]}, "properties": {"kind": "green_area", "name": ""}}, {"type": "Feature", "geometry": {"type": "Point", "coordinates": [106.9441732, -6.2136278]}, "properties": {"kind": "green_area", "name": ""}}, {"type": "Feature", "geometry": {"type": "Point", "coordinates": [106.9515933, -6.219495]}, "properties": {"kind": "green_area", "name": "Jalur Hijau Jalan I Gusti Ngurah Rai"}}, {"type": "Feature", "geometry": {"type": "Point", "coordinates": [106.9518104, -6.2193476]}, "properties": {"kind": "green_area", "name": "Jalur Hijau Jalan I Gusti Ngurah Rai"}}, {"type": "Feature", "geometry": {"type": "Point", "coordinates": [106.9518853, -6.2192807]}, "properties": {"kind": "green_area", "name": ""}}, {"type": "Feature", "geometry": {"type": "Point", "coordinates": [106.9524378, -6.2182834]}, "properties": {"kind": "green_area", "name": ""}}, {"type": "Feature", "geometry": {"type": "Point", "coordinates": [106.9513195, -6.2177457]}, "properties": {"kind": "green_area", "name": ""}}, {"type": "Feature", "geometry": {"type": "Point", "coordinates": [106.9299795, -6.2172016]}, "properties": {"kind": "green_area", "name": ""}}, {"type": "Feature", "geometry": {"type": "Point", "coordinates": [106.9233693, -6.2161106]}, "properties": {"kind": "green_area", "name": ""}}, {"type": "Feature", "geometry": {"type": "Point", "coordinates": [106.9253669, -6.2179184]}, "properties": {"kind": "green_area", "name": "Taman Kompleks Bumi Malaka Asri"}}, {"type": "Feature", "geometry": {"type": "Point", "coordinates": [106.9259297, -6.2184174]}, "properties": {"kind": "green_area", "name": ""}}, {"type": "Feature", "geometry": {"type": "Point", "coordinates": [106.9253358, -6.2166008]}, "properties": {"kind": "green_area", "name": ""}}, {"type": "Feature", "geometry": {"type": "Point", "coordinates": [106.9240754, -6.2160868]}, "properties": {"kind": "green_area", "name": ""}}, {"type": "Feature", "geometry": {"type": "Point", "coordinates": [106.9258534, -6.2210425]}, "properties": {"kind": "green_area", "name": "RPTRA Malaka Sari"}}, {"type": "Feature", "geometry": {"type": "Point", "coordinates": [106.926032, -6.2262276]}, "properties": {"kind": "green_area", "name": ""}}, {"type": "Feature", "geometry": {"type": "Point", "coordinates": [106.9257215, -6.2270866]}, "properties": {"kind": "green_area", "name": ""}}, {"type": "Feature", "geometry": {"type": "Point", "coordinates": [106.9213486, -6.2277873]}, "properties": {"kind": "green_area", "name": "Taman Amehe Banjir Kanal Timur"}}, {"type": "Feature", "geometry": {"type": "Point", "coordinates": [106.9265167, -6.227912]}, "properties": {"kind": "green_area", "name": ""}}, {"type": "Feature", "geometry": {"type": "Point", "coordinates": [106.9234814, -6.2279342]}, "properties": {"kind": "green_area", "name": "Taman GPTP"}}, {"type": "Feature", "geometry": {"type": "Point", "coordinates": [106.9181746, -6.2282239]}, "properties": {"kind": "green_area", "name": ""}}, {"type": "Feature", "geometry": {"type": "Point", "coordinates": [106.9241488, -6.2299857]}, "properties": {"kind": "green_area", "name": "Taman FT"}}, {"type": "Feature", "geometry": {"type": "Point", "coordinates": [106.9245701, -6.2299571]}, "properties": {"kind": "green_area", "name": "Taman FBB"}}, {"type": "Feature", "geometry": {"type": "Point", "coordinates": [106.9242967, -6.2293027]}, "properties": {"kind": "green_area", "name": "Taman"}}, {"type": "Feature", "geometry": {"type": "Point", "coordinates": [106.9158147, -6.2292208]}, "properties": {"kind": "green_area", "name": ""}}, {"type": "Feature", "geometry": {"type": "Point", "coordinates": [106.9122759, -6.2298088]}, "properties": {"kind": "green_area", "name": ""}}, {"type": "Feature", "geometry": {"type": "Point", "coordinates": [106.9106183, -6.2300044]}, "properties": {"kind": "green_area", "name": "Taman UT"}}, {"type": "Feature", "geometry": {"type": "Point", "coordinates": [106.9076781, -6.2297603]}, "properties": {"kind": "green_area", "name": ""}}, {"type": "Feature", "geometry": {"type": "Point", "coordinates": [106.910161, -6.2298168]}, "properties": {"kind": "green_area", "name": ""}}, {"type": "Feature", "geometry": {"type": "Point", "coordinates": [106.9015423, -6.2326958]}, "properties": {"kind": "green_area", "name": "Taman RW 09"}}, {"type": "Feature", "geometry": {"type": "Point", "coordinates": [106.9025569, -6.2264295]}, "properties": {"kind": "green_area", "name": "RPTRA Pondom Bambu Berseri"}}, {"type": "Feature", "geometry": {"type": "Point", "coordinates": [106.8944154, -6.2296234]}, "properties": {"kind": "green_area", "name": ""}}, {"type": "Feature", "geometry": {"type": "Point", "coordinates": [106.8974799, -6.2272379]}, "properties": {"kind": "green_area", "name": ""}}, {"type": "Feature", "geometry": {"type": "Point", "coordinates": [106.8913986, -6.2302343]}, "properties": {"kind": "green_area", "name": "Taman dan Pasar Malam Banjir Kanal Timur"}}, {"type": "Feature", "geometry": {"type": "Point", "coordinates": [106.8869495, -6.2288395]}, "properties": {"kind": "green_area", "name": ""}}, {"type": "Feature", "geometry": {"type": "Point", "coordinates": [106.8843012, -6.2282387]}, "properties": {"kind": "green_area", "name": ""}}, {"type": "Feature", "geometry": {"type": "Point", "coordinates": [106.8807646, -6.2237801]}, "properties": {"kind": "green_area", "name": "Taman Jogging Outdoor Bassura City"}}, {"type": "Feature", "geometry": {"type": "Point", "coordinates": [106.8703021, -6.2216359]}, "properties": {"kind": "green_area", "name": "RPTRA Citra Permata"}}, {"type": "Feature", "geometry": {"type": "Point", "coordinates": [106.8671159, -6.2301912]}, "properties": {"kind": "shelter", "name": "Pangkalan Ojek Grab Otista Raya"}}, {"type": "Feature", "geometry": {"type": "Point", "coordinates": [106.8629765, -6.2156267]}, "properties": {"kind": "green_area", "name": "Pertigaan Tongtek"}}, {"type": "Feature", "geometry": {"type": "Point", "coordinates": [106.8642423, -6.2113729]}, "properties": {"kind": "green_area", "name": ""}}, {"type": "Feature", "geometry": {"type": "Point", "coordinates": [106.8633135, -6.2159404]}, "properties": {"kind": "green_area", "name": "Taman Segitiga Tongtek"}}, {"type": "Feature", "geometry": {"type": "Point", "coordinates": [106.8615661, -6.213484]}, "properties": {"kind": "green_area", "name": ""}}, {"type": "Feature", "geometry": {"type": "Point", "coordinates": [106.8664113, -6.215567]}, "properties": {"kind": "green_area", "name": "Taman Himpunan Wanita Karya"}}, {"type": "Feature", "geometry": {"type": "Point", "coordinates": [106.8683076, -6.2196085]}, "properties": {"kind": "green_area", "name": ""}}, {"type": "Feature", "geometry": {"type": "Point", "coordinates": [106.8825209, -6.2174436]}, "properties": {"kind": "green_area", "name": "RPTRA Cipinang Besar Utara"}}, {"type": "Feature", "geometry": {"type": "Point", "coordinates": [106.8838477, -6.2153635]}, "properties": {"kind": "green_area", "name": ""}}, {"type": "Feature", "geometry": {"type": "Point", "coordinates": [106.8837491, -6.21537]}, "properties": {"kind": "green_area", "name": ""}}, {"type": "Feature", "geometry": {"type": "Point", "coordinates": [106.8970866, -6.2151722]}, "properties": {"kind": "tree", "name": "Pertanian House"}}, {"type": "Feature", "geometry": {"type": "Point", "coordinates": [106.9177542, -6.2163685]}, "properties": {"kind": "green_area", "name": ""}}, {"type": "Feature", "geometry": {"type": "Point", "coordinates": [106.9155635, -6.2062105]}, "properties": {"kind": "green_area", "name": "Hutan Kota Kawasan Industri Pulogadung"}}, {"type": "Feature", "geometry": {"type": "Point", "coordinates": [106.9112004, -6.2020263]}, "properties": {"kind": "green_area", "name": ""}}, {"type": "Feature", "geometry": {"type": "Point", "coordinates": [106.7573523, -6.1080004]}, "properties": {"kind": "green_area", "name": "Suaka Margasatwa Muara Angke"}}, {"type": "Feature", "geometry": {"type": "Point", "coordinates": [106.7697361, -6.1093235]}, "properties": {"kind": "green_area", "name": "RPTRA Angke Interaktif"}}, {"type": "Feature", "geometry": {"type": "Point", "coordinates": [106.7752064, -6.1115863]}, "properties": {"kind": "green_area", "name": ""}}, {"type": "Feature", "geometry": {"type": "Point", "coordinates": [106.7728776, -6.1124884]}, "properties": {"kind": "green_area", "name": ""}}, {"type": "Feature", "geometry": {"type": "Point", "coordinates": [106.7748677, -6.1132911]}, "properties": {"kind": "green_area", "name": ""}}, {"type": "Feature", "geometry": {"type": "Point", "coordinates": [106.7771738, -6.1100657]}, "properties": {"kind": "green_area", "name": ""}}, {"type": "Feature", "geometry": {"type": "Point", "coordinates": [106.7785812, -6.1096928]}, "properties": {"kind": "green_area", "name": "Baywalk Garden and Tunnel"}}, {"type": "Feature", "geometry": {"type": "Point", "coordinates": [106.7786319, -6.1091686]}, "properties": {"kind": "green_area", "name": "Baywalk Garden"}}, {"type": "Feature", "geometry": {"type": "Point", "coordinates": [106.7798798, -6.1133713]}, "properties": {"kind": "green_area", "name": ""}}, {"type": "Feature", "geometry": {"type": "Point", "coordinates": [106.7792927, -6.1108662]}, "properties": {"kind": "green_area", "name": ""}}, {"type": "Feature", "geometry": {"type": "Point", "coordinates": [106.7808142, -6.1120617]}, "properties": {"kind": "green_area", "name": "RPTRA Jakpro Asri"}}, {"type": "Feature", "geometry": {"type": "Point", "coordinates": [106.7856341, -6.1136646]}, "properties": {"kind": "green_area", "name": ""}}, {"type": "Feature", "geometry": {"type": "Point", "coordinates": [106.7954128, -6.1153036]}, "properties": {"kind": "green_area", "name": "Taman Waduk Pluit"}}, {"type": "Feature", "geometry": {"type": "Point", "coordinates": [106.795569, -6.1128372]}, "properties": {"kind": "green_area", "name": ""}}, {"type": "Feature", "geometry": {"type": "Point", "coordinates": [106.7964336, -6.1117335]}, "properties": {"kind": "green_area", "name": ""}}, {"type": "Feature", "geometry": {"type": "Point", "coordinates": [106.7918978, -6.1186988]}, "properties": {"kind": "green_area", "name": ""}}, {"type": "Feature", "geometry": {"type": "Point", "coordinates": [106.7919252, -6.1209439]}, "properties": {"kind": "green_area", "name": ""}}, {"type": "Feature", "geometry": {"type": "Point", "coordinates": [106.7963912, -6.11877]}, "properties": {"kind": "green_area", "name": "Klinik Hemodialisislions"}}, {"type": "Feature", "geometry": {"type": "Point", "coordinates": [106.7919702, -6.1238322]}, "properties": {"kind": "green_area", "name": ""}}, {"type": "Feature", "geometry": {"type": "Point", "coordinates": [106.7940304, -6.1244445]}, "properties": {"kind": "green_area", "name": ""}}, {"type": "Feature", "geometry": {"type": "Point", "coordinates": [106.7940835, -6.1261014]}, "properties": {"kind": "shelter", "name": "Kantor Kecamatan Penjaringan"}}, {"type": "Feature", "geometry": {"type": "Point", "coordinates": [106.8020617, -6.1286684]}, "properties": {"kind": "green_area", "name": ""}}, {"type": "Feature", "geometry": {"type": "Point", "coordinates": [106.8046006, -6.125057]}, "properties": {"kind": "green_area", "name": ""}}, {"type": "Feature", "geometry": {"type": "Point", "coordinates": [106.806156, -6.1256823]}, "properties": {"kind": "green_area", "name": ""}}, {"type": "Feature", "geometry": {"type": "Point", "coordinates": [106.8065526, -6.1240465]}, "properties": {"kind": "green_area", "name": ""}}, {"type": "Feature", "geometry": {"type": "Point", "coordinates": [106.806133, -6.1231]}, "properties": {"kind": "green_area", "name": ""}}, {"type": "Feature", "geometry": {"type": "Point", "coordinates": [106.8064235, -6.1253298]}, "properties": {"kind": "shelter", "name": "Sekretariat RW 01"}}, {"type": "Feature", "geometry": {"type": "Point", "coordinates": [106.8071982, -6.1261277]}, "properties": {"kind": "green_area", "name": ""}}, {"type": "Feature", "geometry": {"type": "Point", "coordinates": [106.8083754, -6.1305916]}, "properties": {"kind": "shelter", "name": "Under Toll"}}, {"type": "Feature", "geometry": {"type": "Point", "coordinates": [106.80274, -6.1331443]}, "properties": {"kind": "green_area", "name": ""}}, {"type": "Feature", "geometry": {"type": "Point", "coordinates": [106.807644, -6.1330486]}, "properties": {"kind": "green_area", "name": ""}}, {"type": "Feature", "geometry": {"type": "Point", "coordinates": [106.8069044, -6.1354199]}, "properties": {"kind": "green_area", "name": ""}}, {"type": "Feature", "geometry": {"type": "Point", "coordinates": [106.812584, -6.1338982]}, "properties": {"kind": "tree", "name": ""}}, {"type": "Feature", "geometry": {"type": "Point", "coordinates": [106.8103149, -6.1334133]}, "properties": {"kind": "tree", "name": ""}}, {"type": "Feature", "geometry": {"type": "Point", "coordinates": [106.8098777, -6.133544]}, "properties": {"kind": "tree", "name": ""}}, {"type": "Feature", "geometry": {"type": "Point", "coordinates": [106.8098804, -6.1317212]}, "properties": {"kind": "tree", "name": ""}}, {"type": "Feature", "geometry": {"type": "Point", "coordinates": [106.8131356, -6.1342893]}, "properties": {"kind": "tree", "name": ""}}, {"type": "Feature", "geometry": {"type": "Point", "coordinates": [106.813235, -6.1342933]}, "properties": {"kind": "tree", "name": ""}}, {"type": "Feature", "geometry": {"type": "Point", "coordinates": [106.8133503, -6.1342796]}, "properties": {"kind": "tree", "name": ""}}, {"type": "Feature", "geometry": {"type": "Point", "coordinates": [106.8134086, -6.1342609]}, "properties": {"kind": "tree", "name": ""}}, {"type": "Feature", "geometry": {"type": "Point", "coordinates": [106.813007, -6.1349905]}, "properties": {"kind": "tree", "name": ""}}, {"type": "Feature", "geometry": {"type": "Point", "coordinates": [106.8126029, -6.1345238]}, "properties": {"kind": "tree", "name": ""}}, {"type": "Feature", "geometry": {"type": "Point", "coordinates": [106.812554, -6.1343985]}, "properties": {"kind": "tree", "name": ""}}, {"type": "Feature", "geometry": {"type": "Point", "coordinates": [106.8127851, -6.134928]}, "properties": {"kind": "tree", "name": ""}}, {"type": "Feature", "geometry": {"type": "Point", "coordinates": [106.8128012, -6.1351826]}, "properties": {"kind": "tree", "name": ""}}, {"type": "Feature", "geometry": {"type": "Point", "coordinates": [106.8128373, -6.1352859]}, "properties": {"kind": "tree", "name": ""}}, {"type": "Feature", "geometry": {"type": "Point", "coordinates": [106.812925, -6.1353665]}, "properties": {"kind": "tree", "name": ""}}, {"type": "Feature", "geometry": {"type": "Point", "coordinates": [106.8138992, -6.135435]}, "properties": {"kind": "tree", "name": ""}}, {"type": "Feature", "geometry": {"type": "Point", "coordinates": [106.8133704, -6.1357486]}, "properties": {"kind": "tree", "name": ""}}, {"type": "Feature", "geometry": {"type": "Point", "coordinates": [106.8122697, -6.137054]}, "properties": {"kind": "tree", "name": ""}}, {"type": "Feature", "geometry": {"type": "Point", "coordinates": [106.8131249, -6.1367493]}, "properties": {"kind": "tree", "name": ""}}, {"type": "Feature", "geometry": {"type": "Point", "coordinates": [106.8131537, -6.1368478]}, "properties": {"kind": "tree", "name": ""}}, {"type": "Feature", "geometry": {"type": "Point", "coordinates": [106.8142326, -6.1350777]}, "properties": {"kind": "tree", "name": ""}}, {"type": "Feature", "geometry": {"type": "Point", "coordinates": [106.8143523, -6.135229]}, "properties": {"kind": "tree", "name": ""}}, {"type": "Feature", "geometry": {"type": "Point", "coordinates": [106.8141232, -6.1351358]}, "properties": {"kind": "tree", "name": ""}}, {"type": "Feature", "geometry": {"type": "Point", "coordinates": [106.8141219, -6.1351944]}, "properties": {"kind": "tree", "name": ""}}, {"type": "Feature", "geometry": {"type": "Point", "coordinates": [106.8141232, -6.1352731]}, "properties": {"kind": "tree", "name": ""}}, {"type": "Feature", "geometry": {"type": "Point", "coordinates": [106.8141809, -6.1353651]}, "properties": {"kind": "tree", "name": ""}}, {"type": "Feature", "geometry": {"type": "Point", "coordinates": [106.8145685, -6.1358838]}, "properties": {"kind": "tree", "name": ""}}, {"type": "Feature", "geometry": {"type": "Point", "coordinates": [106.8144867, -6.1359358]}, "properties": {"kind": "tree", "name": ""}}, {"type": "Feature", "geometry": {"type": "Point", "coordinates": [106.8145068, -6.1356918]}, "properties": {"kind": "tree", "name": ""}}, {"type": "Feature", "geometry": {"type": "Point", "coordinates": [106.8141997, -6.1355905]}, "properties": {"kind": "tree", "name": ""}}, {"type": "Feature", "geometry": {"type": "Point", "coordinates": [106.8142252, -6.1356438]}, "properties": {"kind": "tree", "name": ""}}, {"type": "Feature", "geometry": {"type": "Point", "coordinates": [106.8142667, -6.1357105]}, "properties": {"kind": "tree", "name": ""}}, {"type": "Feature", "geometry": {"type": "Point", "coordinates": [106.8143083, -6.1357918]}, "properties": {"kind": "tree", "name": ""}}, {"type": "Feature", "geometry": {"type": "Point", "coordinates": [106.8143526, -6.1358892]}, "properties": {"kind": "tree", "name": ""}}, {"type": "Feature", "geometry": {"type": "Point", "coordinates": [106.8144035, -6.1360732]}, "properties": {"kind": "tree", "name": ""}}, {"type": "Feature", "geometry": {"type": "Point", "coordinates": [106.8144371, -6.1362385]}, "properties": {"kind": "tree", "name": ""}}, {"type": "Feature", "geometry": {"type": "Point", "coordinates": [106.8140213, -6.1357411]}, "properties": {"kind": "tree", "name": ""}}, {"type": "Feature", "geometry": {"type": "Point", "coordinates": [106.8134031, -6.1357251]}, "properties": {"kind": "tree", "name": ""}}, {"type": "Feature", "geometry": {"type": "Point", "coordinates": [106.8134581, -6.1356491]}, "properties": {"kind": "tree", "name": ""}}, {"type": "Feature", "geometry": {"type": "Point", "coordinates": [106.8131335, -6.1361065]}, "properties": {"kind": "tree", "name": ""}}, {"type": "Feature", "geometry": {"type": "Point", "coordinates": [106.8131617, -6.1361558]}, "properties": {"kind": "tree", "name": ""}}, {"type": "Feature", "geometry": {"type": "Point", "coordinates": [106.8131483, -6.1360678]}, "properties": {"kind": "tree", "name": ""}}, {"type": "Feature", "geometry": {"type": "Point", "coordinates": [106.8131134, -6.1359852]}, "properties": {"kind": "tree", "name": ""}}, {"type": "Feature", "geometry": {"type": "Point", "coordinates": [106.8131013, -6.1359398]}, "properties": {"kind": "tree", "name": ""}}, {"type": "Feature", "geometry": {"type": "Point", "coordinates": [106.8130678, -6.1358385]}, "properties": {"kind": "tree", "name": ""}}, {"type": "Feature", "geometry": {"type": "Point", "coordinates": [106.813859, -6.1363145]}, "properties": {"kind": "tree", "name": ""}}, {"type": "Feature", "geometry": {"type": "Point", "coordinates": [106.8137223, -6.1363319]}, "properties": {"kind": "tree", "name": ""}}, {"type": "Feature", "geometry": {"type": "Point", "coordinates": [106.8136471, -6.1361772]}, "properties": {"kind": "tree", "name": ""}}, {"type": "Feature", "geometry": {"type": "Point", "coordinates": [106.8135627, -6.1362478]}, "properties": {"kind": "tree", "name": ""}}, {"type": "Feature", "geometry": {"type": "Point", "coordinates": [106.8135788, -6.1362078]}, "properties": {"kind": "tree", "name": ""}}, {"type": "Feature", "geometry": {"type": "Point", "coordinates": [106.8137544, -6.1361785]}, "properties": {"kind": "tree", "name": ""}}, {"type": "Feature", "geometry": {"type": "Point", "coordinates": [106.8137987, -6.1362332]}, "properties": {"kind": "tree", "name": ""}}, {"type": "Feature", "geometry": {"type": "Point", "coordinates": [106.814083, -6.1361825]}, "properties": {"kind": "tree", "name": ""}}, {"type": "Feature", "geometry": {"type": "Point", "coordinates": [106.8140924, -6.1362145]}, "properties": {"kind": "tree", "name": ""}}, {"type": "Feature", "geometry": {"type": "Point", "coordinates": [106.814146, -6.1363105]}, "properties": {"kind": "tree", "name": ""}}, {"type": "Feature", "geometry": {"type": "Point", "coordinates": [106.8141863, -6.1363759]}, "properties": {"kind": "tree", "name": ""}}, {"type": "Feature", "geometry": {"type": "Point", "coordinates": [106.8141997, -6.1364572]}, "properties": {"kind": "tree", "name": ""}}, {"type": "Feature", "geometry": {"type": "Point", "coordinates": [106.8142399, -6.1365412]}, "properties": {"kind": "tree", "name": ""}}, {"type": "Feature", "geometry": {"type": "Point", "coordinates": [106.8139169, -6.1341348]}, "properties": {"kind": "green_area", "name": ""}}, {"type": "Feature", "geometry": {"type": "Point", "coordinates": [106.8142647, -6.1346482]}, "properties": {"kind": "green_area", "name": ""}}, {"type": "Feature", "geometry": {"type": "Point", "coordinates": [106.8138656, -6.1344427]}, "properties": {"kind": "green_area", "name": ""}}, {"type": "Feature", "geometry": {"type": "Point", "coordinates": [106.8145258, -6.1343946]}, "properties": {"kind": "green_area", "name": ""}}, {"type": "Feature", "geometry": {"type": "Point", "coordinates": [106.8144439, -6.1340997]}, "properties": {"kind": "green_area", "name": ""}}, {"type": "Feature", "geometry": {"type": "Point", "coordinates": [106.8145399, -6.1350672]}, "properties": {"kind": "green_area", "name": ""}}, {"type": "Feature", "geometry": {"type": "Point", "coordinates": [106.8146058, -6.1358392]}, "properties": {"kind": "green_area", "name": ""}}, {"type": "Feature", "geometry": {"type": "Point", "coordinates": [106.8134145, -6.1353672]}, "properties": {"kind": "green_area", "name": "Taman Museum Fatahillah"}}, {"type": "Feature", "geometry": {"type": "Point", "coordinates": [106.8157489, -6.1349989]}, "properties": {"kind": "green_area", "name": ""}}, {"type": "Feature", "geometry": {"type": "Point", "coordinates": [106.8132896, -6.1373151]}, "properties": {"kind": "tree", "name": ""}}, {"type": "Feature", "geometry": {"type": "Point", "coordinates": [106.8133403, -6.1374869]}, "properties": {"kind": "tree", "name": ""}}, {"type": "Feature", "geometry": {"type": "Point", "coordinates": [106.8159632, -6.1362218]}, "properties": {"kind": "tree", "name": ""}}, {"type": "Feature", "geometry": {"type": "Point", "coordinates": [106.8162864, -6.1361285]}, "properties": {"kind": "tree", "name": ""}}, {"type": "Feature", "geometry": {"type": "Point", "coordinates": [106.8162556, -6.1362365]}, "properties": {"kind": "tree", "name": ""}}, {"type": "Feature", "geometry": {"type": "Point", "coordinates": [106.8157829, -6.1367759]}, "properties": {"kind": "tree", "name": ""}}, {"type": "Feature", "geometry": {"type": "Point", "coordinates": [106.8153839, -6.1366112]}, "properties": {"kind": "tree", "name": ""}}, {"type": "Feature", "geometry": {"type": "Point", "coordinates": [106.8152732, -6.1367192]}, "properties": {"kind": "tree", "name": ""}}, {"type": "Feature", "geometry": {"type": "Point", "coordinates": [106.8152229, -6.1367399]}, "properties": {"kind": "tree", "name": ""}}, {"type": "Feature", "geometry": {"type": "Point", "coordinates": [106.815166, -6.1367559]}, "properties": {"kind": "tree", "name": ""}}, {"type": "Feature", "geometry": {"type": "Point", "coordinates": [106.8150895, -6.1367666]}, "properties": {"kind": "tree", "name": ""}}, {"type": "Feature", "geometry": {"type": "Point", "coordinates": [106.8150513, -6.1367786]}, "properties": {"kind": "tree", "name": ""}}, {"type": "Feature", "geometry": {"type": "Point", "coordinates": [106.8149976, -6.1367966]}, "properties": {"kind": "tree", "name": ""}}, {"type": "Feature", "geometry": {"type": "Point", "coordinates": [106.8149165, -6.1368239]}, "properties": {"kind": "tree", "name": ""}}, {"type": "Feature", "geometry": {"type": "Point", "coordinates": [106.8148488, -6.1368379]}, "properties": {"kind": "tree", "name": ""}}, {"type": "Feature", "geometry": {"type": "Point", "coordinates": [106.8147938, -6.1368699]}, "properties": {"kind": "tree", "name": ""}}, {"type": "Feature", "geometry": {"type": "Point", "coordinates": [106.8147314, -6.1368806]}, "properties": {"kind": "tree", "name": ""}}, {"type": "Feature", "geometry": {"type": "Point", "coordinates": [106.8146905, -6.1368946]}, "properties": {"kind": "tree", "name": ""}}, {"type": "Feature", "geometry": {"type": "Point", "coordinates": [106.8146422, -6.1369026]}, "properties": {"kind": "tree", "name": ""}}, {"type": "Feature", "geometry": {"type": "Point", "coordinates": [106.8145873, -6.1369006]}, "properties": {"kind": "tree", "name": ""}}, {"type": "Feature", "geometry": {"type": "Point", "coordinates": [106.8141863, -6.1373946]}, "properties": {"kind": "tree", "name": ""}}, {"type": "Feature", "geometry": {"type": "Point", "coordinates": [106.8141755, -6.1374666]}, "properties": {"kind": "tree", "name": ""}}, {"type": "Feature", "geometry": {"type": "Point", "coordinates": [106.8142211, -6.1375186]}, "properties": {"kind": "tree", "name": ""}}, {"type": "Feature", "geometry": {"type": "Point", "coordinates": [106.8167049, -6.1373133]}, "properties": {"kind": "tree", "name": ""}}, {"type": "Feature", "geometry": {"type": "Point", "coordinates": [106.8162569, -6.1375733]}, "properties": {"kind": "tree", "name": ""}}, {"type": "Feature", "geometry": {"type": "Point", "coordinates": [106.8158533, -6.1378853]}, "properties": {"kind": "tree", "name": ""}}, {"type": "Feature", "geometry": {"type": "Point", "coordinates": [106.8157621, -6.1379093]}, "properties": {"kind": "tree", "name": ""}}, {"type": "Feature", "geometry": {"type": "Point", "coordinates": [106.8156481, -6.1379306]}, "properties": {"kind": "tree", "name": ""}}, {"type": "Feature", "geometry": {"type": "Point", "coordinates": [106.815514, -6.1379213]}, "properties": {"kind": "tree", "name": ""}}, {"type": "Feature", "geometry": {"type": "Point", "coordinates": [106.8154965, -6.1379733]}, "properties": {"kind": "tree", "name": ""}}, {"type": "Feature", "geometry": {"type": "Point", "coordinates": [106.8152538, -6.1380346]}, "properties": {"kind": "tree", "name": ""}}, {"type": "Feature", "geometry": {"type": "Point", "coordinates": [106.8151854, -6.1380493]}, "properties": {"kind": "tree", "name": ""}}, {"type": "Feature", "geometry": {"type": "Point", "coordinates": [106.8151157, -6.13804]}, "properties": {"kind": "tree", "name": ""}}, {"type": "Feature", "geometry": {"type": "Point", "coordinates": [106.8150379, -6.1380946]}, "properties": {"kind": "tree", "name": ""}}, {"type": "Feature", "geometry": {"type": "Point", "coordinates": [106.8149561, -6.138112]}, "properties": {"kind": "tree", "name": ""}}, {"type": "Feature", "geometry": {"type": "Point", "coordinates": [106.8176329, -6.1387693]}, "properties": {"kind": "tree", "name": ""}}, {"type": "Feature", "geometry": {"type": "Point", "coordinates": [106.8175873, -6.1386907]}, "properties": {"kind": "tree", "name": ""}}, {"type": "Feature", "geometry": {"type": "Point", "coordinates": [106.8175337, -6.13858]}, "properties": {"kind": "tree", "name": ""}}, {"type": "Feature", "geometry": {"type": "Point", "coordinates": [106.8175524, -6.138424]}, "properties": {"kind": "tree", "name": ""}}, {"type": "Feature", "geometry": {"type": "Point", "coordinates": [106.8174545, -6.1384213]}, "properties": {"kind": "tree", "name": ""}}, {"type": "Feature", "geometry": {"type": "Point", "coordinates": [106.8173996, -6.1381906]}, "properties": {"kind": "tree", "name": ""}}, {"type": "Feature", "geometry": {"type": "Point", "coordinates": [106.8173043, -6.1380626]}, "properties": {"kind": "tree", "name": ""}}, {"type": "Feature", "geometry": {"type": "Point", "coordinates": [106.8174867, -6.13806]}, "properties": {"kind": "tree", "name": ""}}, {"type": "Feature", "geometry": {"type": "Point", "coordinates": [106.8169557, -6.1380586]}, "properties": {"kind": "tree", "name": ""}}, {"type": "Feature", "geometry": {"type": "Point", "coordinates": [106.8173727, -6.1390294]}, "properties": {"kind": "tree", "name": ""}}, {"type": "Feature", "geometry": {"type": "Point", "coordinates": [106.8173084, -6.138928]}, "properties": {"kind": "tree", "name": ""}}, {"type": "Feature", "geometry": {"type": "Point", "coordinates": [106.8172199, -6.1387893]}, "properties": {"kind": "tree", "name": ""}}, {"type": "Feature", "geometry": {"type": "Point", "coordinates": [106.8138403, -6.1400809]}, "properties": {"kind": "green_area", "name": ""}}, {"type": "Feature", "geometry": {"type": "Point", "coordinates": [106.8057793, -6.1364262]}, "properties": {"kind": "green_area", "name": ""}}, {"type": "Feature", "geometry": {"type": "Point", "coordinates": [106.7893577, -6.1274424]}, "properties": {"kind": "green_area", "name": "CBD Pluit Pool Park"}}, {"type": "Feature", "geometry": {"type": "Point", "coordinates": [106.7889131, -6.1277739]}, "properties": {"kind": "green_area", "name": "PlayGround Park"}}, {"type": "Feature", "geometry": {"type": "Point", "coordinates": [106.78957, -6.1279022]}, "properties": {"kind": "green_area", "name": "Playground Park CBD"}}, {"type": "Feature", "geometry": {"type": "Point", "coordinates": [106.7889809, -6.1280793]}, "properties": {"kind": "green_area", "name": "Jogging Park CBD Pluit"}}, {"type": "Feature", "geometry": {"type": "Point", "coordinates": [106.7829465, -6.1139578]}, "properties": {"kind": "green_area", "name": ""}}, {"type": "Feature", "geometry": {"type": "Point", "coordinates": [106.7823722, -6.1153857]}, "properties": {"kind": "green_area", "name": ""}}, {"type": "Feature", "geometry": {"type": "Point", "coordinates": [106.7872554, -6.1174265]}, "properties": {"kind": "green_area", "name": ""}}, {"type": "Feature", "geometry": {"type": "Point", "coordinates": [106.7821774, -6.1163736]}, "properties": {"kind": "green_area", "name": ""}}, {"type": "Feature", "geometry": {"type": "Point", "coordinates": [106.7817954, -6.1186771]}, "properties": {"kind": "green_area", "name": ""}}, {"type": "Feature", "geometry": {"type": "Point", "coordinates": [106.7787757, -6.118001]}, "properties": {"kind": "green_area", "name": ""}}, {"type": "Feature", "geometry": {"type": "Point", "coordinates": [106.7795536, -6.1146873]}, "properties": {"kind": "green_area", "name": ""}}, {"type": "Feature", "geometry": {"type": "Point", "coordinates": [106.7760533, -6.1173636]}, "properties": {"kind": "green_area", "name": ""}}, {"type": "Feature", "geometry": {"type": "Point", "coordinates": [106.7766388, -6.1140272]}, "properties": {"kind": "green_area", "name": ""}}, {"type": "Feature", "geometry": {"type": "Point", "coordinates": [106.776402, -6.1150433]}, "properties": {"kind": "green_area", "name": ""}}, {"type": "Feature", "geometry": {"type": "Point", "coordinates": [106.7719608, -6.1156156]}, "properties": {"kind": "green_area", "name": "Ruang Terbuka Hijau"}}, {"type": "Feature", "geometry": {"type": "Point", "coordinates": [106.802048, -6.1312263]}, "properties": {"kind": "shelter", "name": "Balai Warga RW 10"}}, {"type": "Feature", "geometry": {"type": "Point", "coordinates": [106.8075478, -6.1388237]}, "properties": {"kind": "green_area", "name": "Taman Bermain Kota Layak Anak"}}, {"type": "Feature", "geometry": {"type": "Point", "coordinates": [106.8171085, -6.1401681]}, "properties": {"kind": "tree", "name": ""}}, {"type": "Feature", "geometry": {"type": "Point", "coordinates": [106.8172561, -6.1402348]}, "properties": {"kind": "tree", "name": ""}}, {"type": "Feature", "geometry": {"type": "Point", "coordinates": [106.8170281, -6.1399307]}, "properties": {"kind": "tree", "name": ""}}, {"type": "Feature", "geometry": {"type": "Point", "coordinates": [106.8171729, -6.1400241]}, "properties": {"kind": "tree", "name": ""}}, {"type": "Feature", "geometry": {"type": "Point", "coordinates": [106.8171179, -6.1398521]}, "properties": {"kind": "tree", "name": ""}}, {"type": "Feature", "geometry": {"type": "Point", "coordinates": [106.8169624, -6.1401721]}, "properties": {"kind": "tree", "name": ""}}, {"type": "Feature", "geometry": {"type": "Point", "coordinates": [106.8163092, -6.1404121]}, "properties": {"kind": "tree", "name": ""}}, {"type": "Feature", "geometry": {"type": "Point", "coordinates": [106.8373132, -6.1507188]}, "properties": {"kind": "green_area", "name": ""}}, {"type": "Feature", "geometry": {"type": "Point", "coordinates": [106.837995, -6.1504791]}, "properties": {"kind": "green_area", "name": ""}}, {"type": "Feature", "geometry": {"type": "Point", "coordinates": [106.839387, -6.1681479]}, "properties": {"kind": "green_area", "name": "Jalur Hijau"}}, {"type": "Feature", "geometry": {"type": "Point", "coordinates": [106.8357185, -6.1661696]}, "properties": {"kind": "green_area", "name": ""}}, {"type": "Feature", "geometry": {"type": "Point", "coordinates": [106.8355108, -6.1663965]}, "properties": {"kind": "green_area", "name": ""}}, {"type": "Feature", "geometry": {"type": "Point", "coordinates": [106.8362126, -6.1682964]}, "properties": {"kind": "green_area", "name": "Lapangan Kemenkeu"}}, {"type": "Feature", "geometry": {"type": "Point", "coordinates": [106.8407556, -6.169501]}, "properties": {"kind": "green_area", "name": ""}}, {"type": "Feature", "geometry": {"type": "Point", "coordinates": [106.843574, -6.1761242]}, "properties": {"kind": "tree", "name": ""}}, {"type": "Feature", "geometry": {"type": "Point", "coordinates": [106.8437201, -6.1760343]}, "properties": {"kind": "tree", "name": ""}}, {"type": "Feature", "geometry": {"type": "Point", "coordinates": [106.8438327, -6.1763643]}, "properties": {"kind": "tree", "name": ""}}, {"type": "Feature", "geometry": {"type": "Point", "coordinates": [106.8437684, -6.1762456]}, "properties": {"kind": "tree", "name": ""}}, {"type": "Feature", "geometry": {"type": "Point", "coordinates": [106.8438093, -6.1763276]}, "properties": {"kind": "tree", "name": ""}}, {"type": "Feature", "geometry": {"type": "Point", "coordinates": [106.8437804, -6.176221]}, "properties": {"kind": "tree", "name": ""}}, {"type": "Feature", "geometry": {"type": "Point", "coordinates": [106.843771, -6.176151]}, "properties": {"kind": "tree", "name": ""}}, {"type": "Feature", "geometry": {"type": "Point", "coordinates": [106.8442101, -6.1761681]}, "properties": {"kind": "tree", "name": ""}}, {"type": "Feature", "geometry": {"type": "Point", "coordinates": [106.844127, -6.1762375]}, "properties": {"kind": "tree", "name": ""}}, {"type": "Feature", "geometry": {"type": "Point", "coordinates": [106.8440952, -6.1763205]}, "properties": {"kind": "tree", "name": ""}}, {"type": "Feature", "geometry": {"type": "Point", "coordinates": [106.8441509, -6.1762231]}, "properties": {"kind": "tree", "name": ""}}, {"type": "Feature", "geometry": {"type": "Point", "coordinates": [106.8441146, -6.1762613]}, "properties": {"kind": "tree", "name": ""}}, {"type": "Feature", "geometry": {"type": "Point", "coordinates": [106.8440517, -6.1763865]}, "properties": {"kind": "tree", "name": ""}}, {"type": "Feature", "geometry": {"type": "Point", "coordinates": [106.8435524, -6.1733903]}, "properties": {"kind": "tree", "name": ""}}, {"type": "Feature", "geometry": {"type": "Point", "coordinates": [106.8435042, -6.173333]}, "properties": {"kind": "tree", "name": ""}}, {"type": "Feature", "geometry": {"type": "Point", "coordinates": [106.8433861, -6.1733597]}, "properties": {"kind": "tree", "name": ""}}, {"type": "Feature", "geometry": {"type": "Point", "coordinates": [106.8431863, -6.1730303]}, "properties": {"kind": "tree", "name": ""}}, {"type": "Feature", "geometry": {"type": "Point", "coordinates": [106.8431944, -6.173165]}, "properties": {"kind": "tree", "name": ""}}, {"type": "Feature", "geometry": {"type": "Point", "coordinates": [106.8432038, -6.1732357]}, "properties": {"kind": "tree", "name": ""}}, {"type": "Feature", "geometry": {"type": "Point", "coordinates": [106.8432078, -6.1733117]}, "properties": {"kind": "tree", "name": ""}}, {"type": "Feature", "geometry": {"type": "Point", "coordinates": [106.8433699, -6.1728062]}, "properties": {"kind": "tree", "name": ""}}, {"type": "Feature", "geometry": {"type": "Point", "coordinates": [106.8432271, -6.1728642]}, "properties": {"kind": "tree", "name": ""}}, {"type": "Feature", "geometry": {"type": "Point", "coordinates": [106.8431764, -6.17276]}, "properties": {"kind": "tree", "name": ""}}, {"type": "Feature", "geometry": {"type": "Point", "coordinates": [106.8431806, -6.1726349]}, "properties": {"kind": "tree", "name": ""}}, {"type": "Feature", "geometry": {"type": "Point", "coordinates": [106.8433707, -6.1725542]}, "properties": {"kind": "tree", "name": ""}}, {"type": "Feature", "geometry": {"type": "Point", "coordinates": [106.8433606, -6.1724098]}, "properties": {"kind": "tree", "name": ""}}, {"type": "Feature", "geometry": {"type": "Point", "coordinates": [106.8434721, -6.1722686]}, "properties": {"kind": "tree", "name": ""}}, {"type": "Feature", "geometry": {"type": "Point", "coordinates": [106.8437112, -6.1721275]}, "properties": {"kind": "tree", "name": ""}}, {"type": "Feature", "geometry": {"type": "Point", "coordinates": [106.8436622, -6.1720083]}, "properties": {"kind": "tree", "name": ""}}, {"type": "Feature", "geometry": {"type": "Point", "coordinates": [106.8452543, -6.1749959]}, "properties": {"kind": "tree", "name": ""}}, {"type": "Feature", "geometry": {"type": "Point", "coordinates": [106.8448689, -6.1743017]}, "properties": {"kind": "tree", "name": ""}}, {"type": "Feature", "geometry": {"type": "Point", "coordinates": [106.8448093, -6.1741768]}, "properties": {"kind": "tree", "name": ""}}, {"type": "Feature", "geometry": {"type": "Point", "coordinates": [106.8447636, -6.1740466]}, "properties": {"kind": "tree", "name": ""}}, {"type": "Feature", "geometry": {"type": "Point", "coordinates": [106.8448519, -6.1737884]}, "properties": {"kind": "tree", "name": ""}}, {"type": "Feature", "geometry": {"type": "Point", "coordinates": [106.8446592, -6.1737397]}, "properties": {"kind": "tree", "name": ""}}, {"type": "Feature", "geometry": {"type": "Point", "coordinates": [106.8446124, -6.1736096]}, "properties": {"kind": "tree", "name": ""}}, {"type": "Feature", "geometry": {"type": "Point", "coordinates": [106.8444464, -6.1731524]}, "properties": {"kind": "tree", "name": ""}}, {"type": "Feature", "geometry": {"type": "Point", "coordinates": [106.844375, -6.1729492]}, "properties": {"kind": "tree", "name": ""}}, {"type": "Feature", "geometry": {"type": "Point", "coordinates": [106.8441159, -6.1722468]}, "properties": {"kind": "tree", "name": ""}}, {"type": "Feature", "geometry": {"type": "Point", "coordinates": [106.8439239, -6.1717643]}, "properties": {"kind": "tree", "name": ""}}, {"type": "Feature", "geometry": {"type": "Point", "coordinates": [106.8438971, -6.171693]}, "properties": {"kind": "tree", "name": ""}}, {"type": "Feature", "geometry": {"type": "Point", "coordinates": [106.8438689, -6.1715903]}, "properties": {"kind": "tree", "name": ""}}, {"type": "Feature", "geometry": {"type": "Point", "coordinates": [106.843999, -6.1719303]}, "properties": {"kind": "tree", "name": ""}}, {"type": "Feature", "geometry": {"type": "Point", "coordinates": [106.8442109, -6.1724463]}, "properties": {"kind": "tree", "name": ""}}, {"type": "Feature", "geometry": {"type": "Point", "coordinates": [106.8438219, -6.1717319]}, "properties": {"kind": "tree", "name": ""}}, {"type": "Feature", "geometry": {"type": "Point", "coordinates": [106.8437298, -6.1715497]}, "properties": {"kind": "tree", "name": ""}}, {"type": "Feature", "geometry": {"type": "Point", "coordinates": [106.8436732, -6.1714371]}, "properties": {"kind": "tree", "name": ""}}, {"type": "Feature", "geometry": {"type": "Point", "coordinates": [106.8436402, -6.1713691]}, "properties": {"kind": "tree", "name": ""}}, {"type": "Feature", "geometry": {"type": "Point", "coordinates": [106.8436512, -6.1713002]}, "properties": {"kind": "tree", "name": ""}}, {"type": "Feature", "geometry": {"type": "Point", "coordinates": [106.8439867, -6.1745532]}, "properties": {"kind": "tree", "name": ""}}, {"type": "Feature", "geometry": {"type": "Point", "coordinates": [106.8441941, -6.175363]}, "properties": {"kind": "tree", "name": ""}}, {"type": "Feature", "geometry": {"type": "Point", "coordinates": [106.8441089, -6.1751578]}, "properties": {"kind": "tree", "name": ""}}, {"type": "Feature", "geometry": {"type": "Point", "coordinates": [106.8437093, -6.175975]}, "properties": {"kind": "tree", "name": ""}}, {"type": "Feature", "geometry": {"type": "Point", "coordinates": [106.8440895, -6.1758191]}, "properties": {"kind": "tree", "name": ""}}, {"type": "Feature", "geometry": {"type": "Point", "coordinates": [106.8442391, -6.1757203]}, "properties": {"kind": "tree", "name": ""}}, {"type": "Feature", "geometry": {"type": "Point", "coordinates": [106.844277, -6.1757578]}, "properties": {"kind": "tree", "name": ""}}, {"type": "Feature", "geometry": {"type": "Point", "coordinates": [106.8441558, -6.1757913]}, "properties": {"kind": "tree", "name": ""}}, {"type": "Feature", "geometry": {"type": "Point", "coordinates": [106.8440768, -6.1752337]}, "properties": {"kind": "tree", "name": ""}}, {"type": "Feature", "geometry": {"type": "Point", "coordinates": [106.8441754, -6.1753103]}, "properties": {"kind": "tree", "name": ""}}, {"type": "Feature", "geometry": {"type": "Point", "coordinates": [106.8443534, -6.175703]}, "properties": {"kind": "tree", "name": ""}}, {"type": "Feature", "geometry": {"type": "Point", "coordinates": [106.8442405, -6.1756676]}, "properties": {"kind": "tree", "name": ""}}, {"type": "Feature", "geometry": {"type": "Point", "coordinates": [106.8439943, -6.175845]}, "properties": {"kind": "tree", "name": ""}}, {"type": "Feature", "geometry": {"type": "Point", "coordinates": [106.8443662, -6.1757483]}, "properties": {"kind": "tree", "name": ""}}, {"type": "Feature", "geometry": {"type": "Point", "coordinates": [106.8443384, -6.1756665]}, "properties": {"kind": "tree", "name": ""}}, {"type": "Feature", "geometry": {"type": "Point", "coordinates": [106.843581, -6.1728741]}, "properties": {"kind": "tree", "name": ""}}, {"type": "Feature", "geometry": {"type": "Point", "coordinates": [106.8436353, -6.1730074]}, "properties": {"kind": "tree", "name": ""}}, {"type": "Feature", "geometry": {"type": "Point", "coordinates": [106.8435661, -6.1730593]}, "properties": {"kind": "tree", "name": ""}}, {"type": "Feature", "geometry": {"type": "Point", "coordinates": [106.8436512, -6.1731069]}, "properties": {"kind": "tree", "name": ""}}, {"type": "Feature", "geometry": {"type": "Point", "coordinates": [106.8432976, -6.1737437]}, "properties": {"kind": "tree", "name": ""}}, {"type": "Feature", "geometry": {"type": "Point", "coordinates": [106.8432273, -6.1736988]}, "properties": {"kind": "tree", "name": ""}}, {"type": "Feature", "geometry": {"type": "Point", "coordinates": [106.8432674, -6.1739023]}, "properties": {"kind": "tree", "name": ""}}, {"type": "Feature", "geometry": {"type": "Point", "coordinates": [106.8432708, -6.1738316]}, "properties": {"kind": "tree", "name": ""}}, {"type": "Feature", "geometry": {"type": "Point", "coordinates": [106.8433287, -6.173691]}, "properties": {"kind": "tree", "name": ""}}, {"type": "Feature", "geometry": {"type": "Point", "coordinates": [106.8433053, -6.1740995]}, "properties": {"kind": "tree", "name": ""}}, {"type": "Feature", "geometry": {"type": "Point", "coordinates": [106.8433734, -6.1740731]}, "properties": {"kind": "tree", "name": ""}}, {"type": "Feature", "geometry": {"type": "Point", "coordinates": [106.8433191, -6.1742403]}, "properties": {"kind": "tree", "name": ""}}, {"type": "Feature", "geometry": {"type": "Point", "coordinates": [106.8436991, -6.1741091]}, "properties": {"kind": "tree", "name": ""}}, {"type": "Feature", "geometry": {"type": "Point", "coordinates": [106.8437151, -6.174162]}, "properties": {"kind": "tree", "name": ""}}, {"type": "Feature", "geometry": {"type": "Point", "coordinates": [106.8437587, -6.1742583]}, "properties": {"kind": "tree", "name": ""}}, {"type": "Feature", "geometry": {"type": "Point", "coordinates": [106.8437907, -6.1743461]}, "properties": {"kind": "tree", "name": ""}}, {"type": "Feature", "geometry": {"type": "Point", "coordinates": [106.8437949, -6.1744541]}, "properties": {"kind": "tree", "name": ""}}, {"type": "Feature", "geometry": {"type": "Point", "coordinates": [106.8438609, -6.1745165]}, "properties": {"kind": "tree", "name": ""}}, {"type": "Feature", "geometry": {"type": "Point", "coordinates": [106.8438854, -6.1745694]}, "properties": {"kind": "tree", "name": ""}}, {"type": "Feature", "geometry": {"type": "Point", "coordinates": [106.8439046, -6.1746414]}, "properties": {"kind": "tree", "name": ""}}, {"type": "Feature", "geometry": {"type": "Point", "coordinates": [106.8435277, -6.1746742]}, "properties": {"kind": "tree", "name": ""}}, {"type": "Feature", "geometry": {"type": "Point", "coordinates": [106.8433776, -6.1747334]}, "properties": {"kind": "tree", "name": ""}}, {"type": "Feature", "geometry": {"type": "Point", "coordinates": [106.843416, -6.1748086]}, "properties": {"kind": "tree", "name": ""}}, {"type": "Feature", "geometry": {"type": "Point", "coordinates": [106.8434756, -6.1749038]}, "properties": {"kind": "tree", "name": ""}}, {"type": "Feature", "geometry": {"type": "Point", "coordinates": [106.8435746, -6.1749186]}, "properties": {"kind": "tree", "name": ""}}, {"type": "Feature", "geometry": {"type": "Point", "coordinates": [106.8438822, -6.1747747]}, "properties": {"kind": "tree", "name": ""}}, {"type": "Feature", "geometry": {"type": "Point", "coordinates": [106.8437044, -6.174853]}, "properties": {"kind": "tree", "name": ""}}, {"type": "Feature", "geometry": {"type": "Point", "coordinates": [106.8437811, -6.1748065]}, "properties": {"kind": "tree", "name": ""}}, {"type": "Feature", "geometry": {"type": "Point", "coordinates": [106.8436778, -6.175195]}, "properties": {"kind": "tree", "name": ""}}, {"type": "Feature", "geometry": {"type": "Point", "coordinates": [106.8436789, -6.1759155]}, "properties": {"kind": "tree", "name": ""}}, {"type": "Feature", "geometry": {"type": "Point", "coordinates": [106.8436661, -6.1758605]}, "properties": {"kind": "tree", "name": ""}}, {"type": "Feature", "geometry": {"type": "Point", "coordinates": [106.8436785, -6.1736003]}, "properties": {"kind": "tree", "name": ""}}, {"type": "Feature", "geometry": {"type": "Point", "coordinates": [106.843738, -6.1738697]}, "properties": {"kind": "tree", "name": ""}}, {"type": "Feature", "geometry": {"type": "Point", "coordinates": [106.8437884, -6.1740126]}, "properties": {"kind": "tree", "name": ""}}, {"type": "Feature", "geometry": {"type": "Point", "coordinates": [106.8438495, -6.1741952]}, "properties": {"kind": "tree", "name": ""}}, {"type": "Feature", "geometry": {"type": "Point", "coordinates": [106.8439251, -6.1743995]}, "properties": {"kind": "tree", "name": ""}}, {"type": "Feature", "geometry": {"type": "Point", "coordinates": [106.8439523, -6.1744696]}, "properties": {"kind": "tree", "name": ""}}, {"type": "Feature", "geometry": {"type": "Point", "coordinates": [106.8440175, -6.1746345]}, "properties": {"kind": "tree", "name": ""}}, {"type": "Feature", "geometry": {"type": "Point", "coordinates": [106.844223, -6.1751297]}, "properties": {"kind": "tree", "name": ""}}, {"type": "Feature", "geometry": {"type": "Point", "coordinates": [106.8442596, -6.175215]}, "properties": {"kind": "tree", "name": ""}}, {"type": "Feature", "geometry": {"type": "Point", "coordinates": [106.8442932, -6.1752922]}, "properties": {"kind": "tree", "name": ""}}, {"type": "Feature", "geometry": {"type": "Point", "coordinates": [106.844331, -6.1753874]}, "properties": {"kind": "tree", "name": ""}}, {"type": "Feature", "geometry": {"type": "Point", "coordinates": [106.8443544, -6.1754496]}, "properties": {"kind": "tree", "name": ""}}, {"type": "Feature", "geometry": {"type": "Point", "coordinates": [106.8446475, -6.1756156]}, "properties": {"kind": "tree", "name": ""}}, {"type": "Feature", "geometry": {"type": "Point", "coordinates": [106.8444517, -6.175861]}, "properties": {"kind": "tree", "name": ""}}, {"type": "Feature", "geometry": {"type": "Point", "coordinates": [106.8444872, -6.1758223]}, "properties": {"kind": "tree", "name": ""}}, {"type": "Feature", "geometry": {"type": "Point", "coordinates": [106.8424688, -6.176585]}, "properties": {"kind": "tree", "name": ""}}, {"type": "Feature", "geometry": {"type": "Point", "coordinates": [106.8422529, -6.1764703]}, "properties": {"kind": "tree", "name": ""}}, {"type": "Feature", "geometry": {"type": "Point", "coordinates": [106.8431935, -6.1751155]}, "properties": {"kind": "tree", "name": ""}}, {"type": "Feature", "geometry": {"type": "Point", "coordinates": [106.8431477, -6.1752403]}, "properties": {"kind": "tree", "name": ""}}, {"type": "Feature", "geometry": {"type": "Point", "coordinates": [106.8429285, -6.1753007]}, "properties": {"kind": "tree", "name": ""}}, {"type": "Feature", "geometry": {"type": "Point", "coordinates": [106.8425591, -6.1755599]}, "properties": {"kind": "tree", "name": ""}}, {"type": "Feature", "geometry": {"type": "Point", "coordinates": [106.8419489, -6.1759913]}, "properties": {"kind": "tree", "name": ""}}, {"type": "Feature", "geometry": {"type": "Point", "coordinates": [106.8418365, -6.1757586]}, "properties": {"kind": "tree", "name": ""}}, {"type": "Feature", "geometry": {"type": "Point", "coordinates": [106.841812, -6.1756872]}, "properties": {"kind": "tree", "name": ""}}, {"type": "Feature", "geometry": {"type": "Point", "coordinates": [106.8417993, -6.1756301]}, "properties": {"kind": "tree", "name": ""}}, {"type": "Feature", "geometry": {"type": "Point", "coordinates": [106.8420443, -6.1756335]}, "properties": {"kind": "tree", "name": ""}}, {"type": "Feature", "geometry": {"type": "Point", "coordinates": [106.8418618, -6.1762004]}, "properties": {"kind": "tree", "name": ""}}, {"type": "Feature", "geometry": {"type": "Point", "coordinates": [106.8418889, -6.1763281]}, "properties": {"kind": "tree", "name": ""}}, {"type": "Feature", "geometry": {"type": "Point", "coordinates": [106.8419463, -6.1764566]}, "properties": {"kind": "tree", "name": ""}}, {"type": "Feature", "geometry": {"type": "Point", "coordinates": [106.8429382, -6.1759156]}, "properties": {"kind": "tree", "name": ""}}, {"type": "Feature", "geometry": {"type": "Point", "coordinates": [106.8429328, -6.1757903]}, "properties": {"kind": "tree", "name": ""}}, {"type": "Feature", "geometry": {"type": "Point", "coordinates": [106.8429369, -6.175841]}, "properties": {"kind": "tree", "name": ""}}, {"type": "Feature", "geometry": {"type": "Point", "coordinates": [106.8430321, -6.1758556]}, "properties": {"kind": "tree", "name": ""}}, {"type": "Feature", "geometry": {"type": "Point", "coordinates": [106.8432333, -6.1757143]}, "properties": {"kind": "tree", "name": ""}}, {"type": "Feature", "geometry": {"type": "Point", "coordinates": [106.8431327, -6.1758703]}, "properties": {"kind": "tree", "name": ""}}, {"type": "Feature", "geometry": {"type": "Point", "coordinates": [106.8433935, -6.1763054]}, "properties": {"kind": "tree", "name": ""}}, {"type": "Feature", "geometry": {"type": "Point", "coordinates": [106.8433352, -6.176313]}, "properties": {"kind": "tree", "name": ""}}, {"type": "Feature", "geometry": {"type": "Point", "coordinates": [106.8430463, -6.1761156]}, "properties": {"kind": "tree", "name": ""}}, {"type": "Feature", "geometry": {"type": "Point", "coordinates": [106.8431925, -6.176129]}, "properties": {"kind": "tree", "name": ""}}, {"type": "Feature", "geometry": {"type": "Point", "coordinates": [106.8434011, -6.1761467]}, "properties": {"kind": "tree", "name": ""}}, {"type": "Feature", "geometry": {"type": "Point", "coordinates": [106.8433935, -6.1762122]}, "properties": {"kind": "tree", "name": ""}}, {"type": "Feature", "geometry": {"type": "Point", "coordinates": [106.8433302, -6.1762231]}, "properties": {"kind": "tree", "name": ""}}, {"type": "Feature", "geometry": {"type": "Point", "coordinates": [106.8432634, -6.1762231]}, "properties": {"kind": "tree", "name": ""}}, {"type": "Feature", "geometry": {"type": "Point", "coordinates": [106.8431832, -6.1762206]}, "properties": {"kind": "tree", "name": ""}}, {"type": "Feature", "geometry": {"type": "Point", "coordinates": [106.8430581, -6.1761895]}, "properties": {"kind": "tree", "name": ""}}, {"type": "Feature", "geometry": {"type": "Point", "coordinates": [106.8431984, -6.1763256]}, "properties": {"kind": "tree", "name": ""}}, {"type": "Feature", "geometry": {"type": "Point", "coordinates": [106.8431114, -6.1764314]}, "properties": {"kind": "tree", "name": ""}}, {"type": "Feature", "geometry": {"type": "Point", "coordinates": [106.843413, -6.1765423]}, "properties": {"kind": "tree", "name": ""}}, {"type": "Feature", "geometry": {"type": "Point", "coordinates": [106.8434425, -6.1765179]}, "properties": {"kind": "tree", "name": ""}}, {"type": "Feature", "geometry": {"type": "Point", "coordinates": [106.8434713, -6.1764936]}, "properties": {"kind": "tree", "name": ""}}, {"type": "Feature", "geometry": {"type": "Point", "coordinates": [106.843478, -6.1764138]}, "properties": {"kind": "tree", "name": ""}}, {"type": "Feature", "geometry": {"type": "Point", "coordinates": [106.8435422, -6.1766473]}, "properties": {"kind": "tree", "name": ""}}, {"type": "Feature", "geometry": {"type": "Point", "coordinates": [106.8442292, -6.1757875]}, "properties": {"kind": "tree", "name": ""}}, {"type": "Feature", "geometry": {"type": "Point", "coordinates": [106.8442874, -6.1760596]}, "properties": {"kind": "tree", "name": ""}}, {"type": "Feature", "geometry": {"type": "Point", "coordinates": [106.8438962, -6.1743231]}, "properties": {"kind": "tree", "name": ""}}, {"type": "Feature", "geometry": {"type": "Point", "coordinates": [106.8441117, -6.1741073]}, "properties": {"kind": "tree", "name": ""}}, {"type": "Feature", "geometry": {"type": "Point", "coordinates": [106.8440745, -6.1741871]}, "properties": {"kind": "tree", "name": ""}}, {"type": "Feature", "geometry": {"type": "Point", "coordinates": [106.843788, -6.1749899]}, "properties": {"kind": "green_area", "name": ""}}, {"type": "Feature", "geometry": {"type": "Point", "coordinates": [106.844059, -6.1762154]}, "properties": {"kind": "green_area", "name": ""}}, {"type": "Feature", "geometry": {"type": "Point", "coordinates": [106.8434015, -6.1765344]}, "properties": {"kind": "green_area", "name": ""}}, {"type": "Feature", "geometry": {"type": "Point", "coordinates": [106.8434134, -6.1770586]}, "properties": {"kind": "green_area", "name": ""}}, {"type": "Feature", "geometry": {"type": "Point", "coordinates": [106.8420648, -6.1574965]}, "properties": {"kind": "green_area", "name": ""}}, {"type": "Feature", "geometry": {"type": "Point", "coordinates": [106.8114915, -6.1403297]}, "properties": {"kind": "tree", "name": ""}}, {"type": "Feature", "geometry": {"type": "Point", "coordinates": [106.8113158, -6.1400084]}, "properties": {"kind": "tree", "name": ""}}, {"type": "Feature", "geometry": {"type": "Point", "coordinates": [106.8113105, -6.1399297]}, "properties": {"kind": "tree", "name": ""}}, {"type": "Feature", "geometry": {"type": "Point", "coordinates": [106.8112957, -6.1398003]}, "properties": {"kind": "tree", "name": ""}}, {"type": "Feature", "geometry": {"type": "Point", "coordinates": [106.8112944, -6.1395617]}, "properties": {"kind": "tree", "name": ""}}, {"type": "Feature", "geometry": {"type": "Point", "coordinates": [106.8113051, -6.139463]}, "properties": {"kind": "tree", "name": ""}}, {"type": "Feature", "geometry": {"type": "Point", "coordinates": [106.811956, -6.1395365]}, "properties": {"kind": "green_area", "name": ""}}, {"type": "Feature", "geometry": {"type": "Point", "coordinates": [106.8001868, -6.1337826]}, "properties": {"kind": "shelter", "name": "Balai Warga RW 14"}}, {"type": "Feature", "geometry": {"type": "Point", "coordinates": [106.7991967, -6.1388649]}, "properties": {"kind": "green_area", "name": ""}}, {"type": "Feature", "geometry": {"type": "Point", "coordinates": [106.7964268, -6.1285782]}, "properties": {"kind": "shelter", "name": "Balai Warga 08"}}, {"type": "Feature", "geometry": {"type": "Point", "coordinates": [106.890762, -6.1498926]}, "properties": {"kind": "tree", "name": ""}}, {"type": "Feature", "geometry": {"type": "Point", "coordinates": [106.891513, -6.1510033]}, "properties": {"kind": "tree", "name": ""}}, {"type": "Feature", "geometry": {"type": "Point", "coordinates": [106.8914728, -6.1509726]}, "properties": {"kind": "tree", "name": ""}}, {"type": "Feature", "geometry": {"type": "Point", "coordinates": [106.8919985, -6.1508099]}, "properties": {"kind": "tree", "name": ""}}, {"type": "Feature", "geometry": {"type": "Point", "coordinates": [106.8919663, -6.1508753]}, "properties": {"kind": "tree", "name": ""}}, {"type": "Feature", "geometry": {"type": "Point", "coordinates": [106.8915492, -6.1505299]}, "properties": {"kind": "tree", "name": ""}}, {"type": "Feature", "geometry": {"type": "Point", "coordinates": [106.8916471, -6.1505926]}, "properties": {"kind": "tree", "name": ""}}, {"type": "Feature", "geometry": {"type": "Point", "coordinates": [106.8917732, -6.1506646]}, "properties": {"kind": "tree", "name": ""}}, {"type": "Feature", "geometry": {"type": "Point", "coordinates": [106.8918979, -6.1507353]}, "properties": {"kind": "tree", "name": ""}}, {"type": "Feature", "geometry": {"type": "Point", "coordinates": [106.8918268, -6.1508113]}, "properties": {"kind": "tree", "name": ""}}, {"type": "Feature", "geometry": {"type": "Point", "coordinates": [106.8917102, -6.1507393]}, "properties": {"kind": "tree", "name": ""}}, {"type": "Feature", "geometry": {"type": "Point", "coordinates": [106.8916042, -6.1506766]}, "properties": {"kind": "tree", "name": ""}}, {"type": "Feature", "geometry": {"type": "Point", "coordinates": [106.8915009, -6.1506219]}, "properties": {"kind": "tree", "name": ""}}, {"type": "Feature", "geometry": {"type": "Point", "coordinates": [106.8924464, -6.1506433]}, "properties": {"kind": "tree", "name": ""}}, {"type": "Feature", "geometry": {"type": "Point", "coordinates": [106.892311, -6.1504539]}, "properties": {"kind": "tree", "name": ""}}, {"type": "Feature", "geometry": {"type": "Point", "coordinates": [106.8922801, -6.1505566]}, "properties": {"kind": "tree", "name": ""}}, {"type": "Feature", "geometry": {"type": "Point", "coordinates": [106.8921407, -6.1504753]}, "properties": {"kind": "tree", "name": ""}}, {"type": "Feature", "geometry": {"type": "Point", "coordinates": [106.8920146, -6.1504006]}, "properties": {"kind": "tree", "name": ""}}, {"type": "Feature", "geometry": {"type": "Point", "coordinates": [106.8918858, -6.1503406]}, "properties": {"kind": "tree", "name": ""}}, {"type": "Feature", "geometry": {"type": "Point", "coordinates": [106.8917195, -6.1502819]}, "properties": {"kind": "tree", "name": ""}}, {"type": "Feature", "geometry": {"type": "Point", "coordinates": [106.8921648, -6.1503659]}, "properties": {"kind": "tree", "name": ""}}, {"type": "Feature", "geometry": {"type": "Point", "coordinates": [106.8920521, -6.1503113]}, "properties": {"kind": "tree", "name": ""}}, {"type": "Feature", "geometry": {"type": "Point", "coordinates": [106.8919355, -6.1502566]}, "properties": {"kind": "tree", "name": ""}}, {"type": "Feature", "geometry": {"type": "Point", "coordinates": [106.8917906, -6.1501859]}, "properties": {"kind": "tree", "name": ""}}, {"type": "Feature", "geometry": {"type": "Point", "coordinates": [106.891509, -6.1500699]}, "properties": {"kind": "tree", "name": ""}}, {"type": "Feature", "geometry": {"type": "Point", "coordinates": [106.8916498, -6.1501312]}, "properties": {"kind": "tree", "name": ""}}, {"type": "Feature", "geometry": {"type": "Point", "coordinates": [106.8905832, -6.1505008]}, "properties": {"kind": "tree", "name": ""}}, {"type": "Feature", "geometry": {"type": "Point", "coordinates": [106.8910879, -6.1513366]}, "properties": {"kind": "tree", "name": ""}}, {"type": "Feature", "geometry": {"type": "Point", "coordinates": [106.8907285, -6.1510446]}, "properties": {"kind": "tree", "name": ""}}, {"type": "Feature", "geometry": {"type": "Point", "coordinates": [106.8906654, -6.1509899]}, "properties": {"kind": "tree", "name": ""}}, {"type": "Feature", "geometry": {"type": "Point", "coordinates": [106.8914191, -6.1498979]}, "properties": {"kind": "tree", "name": ""}}, {"type": "Feature", "geometry": {"type": "Point", "coordinates": [106.8914165, -6.1499832]}, "properties": {"kind": "tree", "name": ""}}, {"type": "Feature", "geometry": {"type": "Point", "coordinates": [106.8907902, -6.1517926]}, "properties": {"kind": "tree", "name": ""}}, {"type": "Feature", "geometry": {"type": "Point", "coordinates": [106.8910007, -6.151922]}, "properties": {"kind": "tree", "name": ""}}, {"type": "Feature", "geometry": {"type": "Point", "coordinates": [106.8907338, -6.151766]}, "properties": {"kind": "tree", "name": ""}}, {"type": "Feature", "geometry": {"type": "Point", "coordinates": [106.8914657, -6.1519835]}, "properties": {"kind": "tree", "name": ""}}, {"type": "Feature", "geometry": {"type": "Point", "coordinates": [106.8915551, -6.1520343]}, "properties": {"kind": "tree", "name": ""}}, {"type": "Feature", "geometry": {"type": "Point", "coordinates": [106.8906237, -6.1510744]}, "properties": {"kind": "tree", "name": ""}}, {"type": "Feature", "geometry": {"type": "Point", "coordinates": [106.8905032, -6.1508419]}, "properties": {"kind": "tree", "name": ""}}, {"type": "Feature", "geometry": {"type": "Point", "coordinates": [106.8911218, -6.1496309]}, "properties": {"kind": "tree", "name": ""}}, {"type": "Feature", "geometry": {"type": "Point", "coordinates": [106.8906546, -6.1485959]}, "properties": {"kind": "tree", "name": ""}}, {"type": "Feature", "geometry": {"type": "Point", "coordinates": [106.8904442, -6.1485678]}, "properties": {"kind": "tree", "name": ""}}, {"type": "Feature", "geometry": {"type": "Point", "coordinates": [106.8904073, -6.1486199]}, "properties": {"kind": "tree", "name": ""}}, {"type": "Feature", "geometry": {"type": "Point", "coordinates": [106.8895971, -6.1504834]}, "properties": {"kind": "tree", "name": ""}}, {"type": "Feature", "geometry": {"type": "Point", "coordinates": [106.8895752, -6.1505262]}, "properties": {"kind": "tree", "name": ""}}, {"type": "Feature", "geometry": {"type": "Point", "coordinates": [106.8897374, -6.1502188]}, "properties": {"kind": "tree", "name": ""}}, {"type": "Feature", "geometry": {"type": "Point", "coordinates": [106.8899207, -6.1498231]}, "properties": {"kind": "tree", "name": ""}}, {"type": "Feature", "geometry": {"type": "Point", "coordinates": [106.8900796, -6.1494519]}, "properties": {"kind": "tree", "name": ""}}, {"type": "Feature", "geometry": {"type": "Point", "coordinates": [106.8901032, -6.149383]}, "properties": {"kind": "tree", "name": ""}}, {"type": "Feature", "geometry": {"type": "Point", "coordinates": [106.8921731, -6.1512007]}, "properties": {"kind": "tree", "name": ""}}, {"type": "Feature", "geometry": {"type": "Point", "coordinates": [106.8923832, -6.1508003]}, "properties": {"kind": "tree", "name": ""}}, {"type": "Feature", "geometry": {"type": "Point", "coordinates": [106.8920495, -6.1509088]}, "properties": {"kind": "tree", "name": ""}}, {"type": "Feature", "geometry": {"type": "Point", "coordinates": [106.8920809, -6.1508633]}, "properties": {"kind": "tree", "name": ""}}, {"type": "Feature", "geometry": {"type": "Point", "coordinates": [106.8921139, -6.1508056]}, "properties": {"kind": "tree", "name": ""}}, {"type": "Feature", "geometry": {"type": "Point", "coordinates": [106.8919447, -6.1509766]}, "properties": {"kind": "tree", "name": ""}}, {"type": "Feature", "geometry": {"type": "Point", "coordinates": [106.8919777, -6.1509252]}, "properties": {"kind": "tree", "name": ""}}, {"type": "Feature", "geometry": {"type": "Point", "coordinates": [106.8909987, -6.1467572]}, "properties": {"kind": "tree", "name": ""}}, {"type": "Feature", "geometry": {"type": "Point", "coordinates": [106.8909886, -6.1469874]}, "properties": {"kind": "tree", "name": ""}}, {"type": "Feature", "geometry": {"type": "Point", "coordinates": [106.8913615, -6.1486112]}, "properties": {"kind": "tree", "name": ""}}, {"type": "Feature", "geometry": {"type": "Point", "coordinates": [106.8912649, -6.1485765]}, "properties": {"kind": "tree", "name": ""}}, {"type": "Feature", "geometry": {"type": "Point", "coordinates": [106.8912287, -6.1486939]}, "properties": {"kind": "tree", "name": ""}}, {"type": "Feature", "geometry": {"type": "Point", "coordinates": [106.8910959, -6.1486285]}, "properties": {"kind": "tree", "name": ""}}, {"type": "Feature", "geometry": {"type": "Point", "coordinates": [106.8916737, -6.1517992]}, "properties": {"kind": "green_area", "name": ""}}, {"type": "Feature", "geometry": {"type": "Point", "coordinates": [106.8915971, -6.1519355]}, "properties": {"kind": "green_area", "name": ""}}, {"type": "Feature", "geometry": {"type": "Point", "coordinates": [106.8915217, -6.1520613]}, "properties": {"kind": "green_area", "name": ""}}, {"type": "Feature", "geometry": {"type": "Point", "coordinates": [106.8692272, -6.1350837]}, "properties": {"kind": "green_area", "name": ""}}, {"type": "Feature", "geometry": {"type": "Point", "coordinates": [106.8696949, -6.1406504]}, "properties": {"kind": "green_area", "name": "RPTRA Sutra Indah 1"}}, {"type": "Feature", "geometry": {"type": "Point", "coordinates": [106.8715387, -6.1402884]}, "properties": {"kind": "green_area", "name": "RPTRA Sutra 2"}}, {"type": "Feature", "geometry": {"type": "Point", "coordinates": [106.8595355, -6.1374817]}, "properties": {"kind": "green_area", "name": "RPTRA Sutra 3"}}, {"type": "Feature", "geometry": {"type": "Point", "coordinates": [106.8584752, -6.1369138]}, "properties": {"kind": "green_area", "name": ""}}, {"type": "Feature", "geometry": {"type": "Point", "coordinates": [106.8578958, -6.1500578]}, "properties": {"kind": "green_area", "name": "Taman Sunter"}}, {"type": "Feature", "geometry": {"type": "Point", "coordinates": [106.855904, -6.1526769]}, "properties": {"kind": "tree", "name": ""}}, {"type": "Feature", "geometry": {"type": "Point", "coordinates": [106.8560528, -6.1526316]}, "properties": {"kind": "tree", "name": ""}}, {"type": "Feature", "geometry": {"type": "Point", "coordinates": [106.8556203, -6.1530856]}, "properties": {"kind": "tree", "name": ""}}, {"type": "Feature", "geometry": {"type": "Point", "coordinates": [106.855733, -6.1531122]}, "properties": {"kind": "tree", "name": ""}}, {"type": "Feature", "geometry": {"type": "Point", "coordinates": [106.855737, -6.1530002]}, "properties": {"kind": "tree", "name": ""}}, {"type": "Feature", "geometry": {"type": "Point", "coordinates": [106.855733, -6.1530056]}, "properties": {"kind": "tree", "name": ""}}, {"type": "Feature", "geometry": {"type": "Point", "coordinates": [106.8556726, -6.1530709]}, "properties": {"kind": "tree", "name": ""}}, {"type": "Feature", "geometry": {"type": "Point", "coordinates": [106.8556901, -6.1531016]}, "properties": {"kind": "tree", "name": ""}}, {"type": "Feature", "geometry": {"type": "Point", "coordinates": [106.8558792, -6.1531082]}, "properties": {"kind": "tree", "name": ""}}, {"type": "Feature", "geometry": {"type": "Point", "coordinates": [106.8558966, -6.1530709]}, "properties": {"kind": "tree", "name": ""}}, {"type": "Feature", "geometry": {"type": "Point", "coordinates": [106.8558818, -6.1529816]}, "properties": {"kind": "tree", "name": ""}}, {"type": "Feature", "geometry": {"type": "Point", "coordinates": [106.8563479, -6.1525902]}, "properties": {"kind": "tree", "name": ""}}, {"type": "Feature", "geometry": {"type": "Point", "coordinates": [106.8564324, -6.1525756]}, "properties": {"kind": "tree", "name": ""}}, {"type": "Feature", "geometry": {"type": "Point", "coordinates": [106.8565584, -6.1524889]}, "properties": {"kind": "tree", "name": ""}}, {"type": "Feature", "geometry": {"type": "Point", "coordinates": [106.8567207, -6.1525929]}, "properties": {"kind": "tree", "name": ""}}, {"type": "Feature", "geometry": {"type": "Point", "coordinates": [106.8564706, -6.1529602]}, "properties": {"kind": "tree", "name": ""}}, {"type": "Feature", "geometry": {"type": "Point", "coordinates": [106.8564585, -6.1528976]}, "properties": {"kind": "tree", "name": ""}}, {"type": "Feature", "geometry": {"type": "Point", "coordinates": [106.8564585, -6.1528429]}, "properties": {"kind": "tree", "name": ""}}, {"type": "Feature", "geometry": {"type": "Point", "coordinates": [106.8564558, -6.1527536]}, "properties": {"kind": "tree", "name": ""}}, {"type": "Feature", "geometry": {"type": "Point", "coordinates": [106.8567603, -6.1528482]}, "properties": {"kind": "tree", "name": ""}}, {"type": "Feature", "geometry": {"type": "Point", "coordinates": [106.8567656, -6.1528949]}, "properties": {"kind": "tree", "name": ""}}, {"type": "Feature", "geometry": {"type": "Point", "coordinates": [106.8567603, -6.1532176]}, "properties": {"kind": "tree", "name": ""}}, {"type": "Feature", "geometry": {"type": "Point", "coordinates": [106.85683, -6.1531949]}, "properties": {"kind": "tree", "name": ""}}, {"type": "Feature", "geometry": {"type": "Point", "coordinates": [106.8569346, -6.1531616]}, "properties": {"kind": "tree", "name": ""}}, {"type": "Feature", "geometry": {"type": "Point", "coordinates": [106.8555177, -6.1535929]}, "properties": {"kind": "tree", "name": ""}}, {"type": "Feature", "geometry": {"type": "Point", "coordinates": [106.8555177, -6.1535516]}, "properties": {"kind": "tree", "name": ""}}, {"type": "Feature", "geometry": {"type": "Point", "coordinates": [106.8555231, -6.1535449]}, "properties": {"kind": "tree", "name": ""}}, {"type": "Feature", "geometry": {"type": "Point", "coordinates": [106.8557041, -6.1535529]}, "properties": {"kind": "tree", "name": ""}}, {"type": "Feature", "geometry": {"type": "Point", "coordinates": [106.8558094, -6.1535536]}, "properties": {"kind": "tree", "name": ""}}, {"type": "Feature", "geometry": {"type": "Point", "coordinates": [106.8558818, -6.1535463]}, "properties": {"kind": "tree", "name": ""}}, {"type": "Feature", "geometry": {"type": "Point", "coordinates": [106.8559771, -6.1535316]}, "properties": {"kind": "tree", "name": ""}}, {"type": "Feature", "geometry": {"type": "Point", "coordinates": [106.856087, -6.1535103]}, "properties": {"kind": "tree", "name": ""}}, {"type": "Feature", "geometry": {"type": "Point", "coordinates": [106.8561259, -6.1535022]}, "properties": {"kind": "tree", "name": ""}}, {"type": "Feature", "geometry": {"type": "Point", "coordinates": [106.8562064, -6.1534909]}, "properties": {"kind": "tree", "name": ""}}, {"type": "Feature", "geometry": {"type": "Point", "coordinates": [106.8562929, -6.1534736]}, "properties": {"kind": "tree", "name": ""}}, {"type": "Feature", "geometry": {"type": "Point", "coordinates": [106.8546705, -6.1537226]}, "properties": {"kind": "tree", "name": ""}}, {"type": "Feature", "geometry": {"type": "Point", "coordinates": [106.8544961, -6.1537319]}, "properties": {"kind": "tree", "name": ""}}, {"type": "Feature", "geometry": {"type": "Point", "coordinates": [106.8543942, -6.1537879]}, "properties": {"kind": "tree", "name": ""}}, {"type": "Feature", "geometry": {"type": "Point", "coordinates": [106.85424, -6.1538199]}, "properties": {"kind": "tree", "name": ""}}, {"type": "Feature", "geometry": {"type": "Point", "coordinates": [106.8543057, -6.1539253]}, "properties": {"kind": "tree", "name": ""}}, {"type": "Feature", "geometry": {"type": "Point", "coordinates": [106.8542467, -6.1539599]}, "properties": {"kind": "tree", "name": ""}}, {"type": "Feature", "geometry": {"type": "Point", "coordinates": [106.8541381, -6.1539706]}, "properties": {"kind": "tree", "name": ""}}, {"type": "Feature", "geometry": {"type": "Point", "coordinates": [106.8539999, -6.1537413]}, "properties": {"kind": "tree", "name": ""}}, {"type": "Feature", "geometry": {"type": "Point", "coordinates": [106.8540348, -6.1538133]}, "properties": {"kind": "tree", "name": ""}}, {"type": "Feature", "geometry": {"type": "Point", "coordinates": [106.8539999, -6.1538426]}, "properties": {"kind": "tree", "name": ""}}, {"type": "Feature", "geometry": {"type": "Point", "coordinates": [106.8538269, -6.1540013]}, "properties": {"kind": "tree", "name": ""}}, {"type": "Feature", "geometry": {"type": "Point", "coordinates": [106.8536566, -6.1540533]}, "properties": {"kind": "tree", "name": ""}}, {"type": "Feature", "geometry": {"type": "Point", "coordinates": [106.8535775, -6.1540519]}, "properties": {"kind": "tree", "name": ""}}, {"type": "Feature", "geometry": {"type": "Point", "coordinates": [106.8538135, -6.1538346]}, "properties": {"kind": "tree", "name": ""}}, {"type": "Feature", "geometry": {"type": "Point", "coordinates": [106.8535802, -6.1538973]}, "properties": {"kind": "tree", "name": ""}}, {"type": "Feature", "geometry": {"type": "Point", "coordinates": [106.8535171, -6.1539119]}, "properties": {"kind": "tree", "name": ""}}, {"type": "Feature", "geometry": {"type": "Point", "coordinates": [106.853497, -6.1537653]}, "properties": {"kind": "tree", "name": ""}}, {"type": "Feature", "geometry": {"type": "Point", "coordinates": [106.8535694, -6.1537146]}, "properties": {"kind": "tree", "name": ""}}, {"type": "Feature", "geometry": {"type": "Point", "coordinates": [106.8535466, -6.1537026]}, "properties": {"kind": "tree", "name": ""}}, {"type": "Feature", "geometry": {"type": "Point", "coordinates": [106.8534581, -6.1537453]}, "properties": {"kind": "tree", "name": ""}}, {"type": "Feature", "geometry": {"type": "Point", "coordinates": [106.8534648, -6.1537426]}, "properties": {"kind": "tree", "name": ""}}, {"type": "Feature", "geometry": {"type": "Point", "coordinates": [106.8533622, -6.1530326]}, "properties": {"kind": "tree", "name": ""}}, {"type": "Feature", "geometry": {"type": "Point", "coordinates": [106.8534025, -6.1529552]}, "properties": {"kind": "tree", "name": ""}}, {"type": "Feature", "geometry": {"type": "Point", "coordinates": [106.8534534, -6.1529099]}, "properties": {"kind": "tree", "name": ""}}, {"type": "Feature", "geometry": {"type": "Point", "coordinates": [106.8535285, -6.1527926]}, "properties": {"kind": "tree", "name": ""}}, {"type": "Feature", "geometry": {"type": "Point", "coordinates": [106.8535098, -6.1528246]}, "properties": {"kind": "tree", "name": ""}}, {"type": "Feature", "geometry": {"type": "Point", "coordinates": [106.8534856, -6.1531712]}, "properties": {"kind": "tree", "name": ""}}, {"type": "Feature", "geometry": {"type": "Point", "coordinates": [106.8535178, -6.1531152]}, "properties": {"kind": "tree", "name": ""}}, {"type": "Feature", "geometry": {"type": "Point", "coordinates": [106.853609, -6.1529366]}, "properties": {"kind": "tree", "name": ""}}, {"type": "Feature", "geometry": {"type": "Point", "coordinates": [106.8536627, -6.1528406]}, "properties": {"kind": "tree", "name": ""}}, {"type": "Feature", "geometry": {"type": "Point", "coordinates": [106.8537268, -6.1527156]}, "properties": {"kind": "tree", "name": ""}}, {"type": "Feature", "geometry": {"type": "Point", "coordinates": [106.853786, -6.1526672]}, "properties": {"kind": "tree", "name": ""}}, {"type": "Feature", "geometry": {"type": "Point", "coordinates": [106.8539094, -6.1525846]}, "properties": {"kind": "tree", "name": ""}}, {"type": "Feature", "geometry": {"type": "Point", "coordinates": [106.8539872, -6.1525712]}, "properties": {"kind": "tree", "name": ""}}, {"type": "Feature", "geometry": {"type": "Point", "coordinates": [106.8540838, -6.1526059]}, "properties": {"kind": "tree", "name": ""}}, {"type": "Feature", "geometry": {"type": "Point", "coordinates": [106.8541171, -6.1525325]}, "properties": {"kind": "tree", "name": ""}}, {"type": "Feature", "geometry": {"type": "Point", "coordinates": [106.8542018, -6.1525286]}, "properties": {"kind": "tree", "name": ""}}, {"type": "Feature", "geometry": {"type": "Point", "coordinates": [106.8542769, -6.1525366]}, "properties": {"kind": "tree", "name": ""}}, {"type": "Feature", "geometry": {"type": "Point", "coordinates": [106.8543547, -6.1525712]}, "properties": {"kind": "tree", "name": ""}}, {"type": "Feature", "geometry": {"type": "Point", "coordinates": [106.8545612, -6.1525739]}, "properties": {"kind": "tree", "name": ""}}, {"type": "Feature", "geometry": {"type": "Point", "coordinates": [106.8545558, -6.1525099]}, "properties": {"kind": "tree", "name": ""}}, {"type": "Feature", "geometry": {"type": "Point", "coordinates": [106.8545156, -6.1524885]}, "properties": {"kind": "tree", "name": ""}}, {"type": "Feature", "geometry": {"type": "Point", "coordinates": [106.8578134, -6.1527886]}, "properties": {"kind": "tree", "name": ""}}, {"type": "Feature", "geometry": {"type": "Point", "coordinates": [106.8577289, -6.1527592]}, "properties": {"kind": "tree", "name": ""}}, {"type": "Feature", "geometry": {"type": "Point", "coordinates": [106.8574499, -6.1525926]}, "properties": {"kind": "tree", "name": ""}}, {"type": "Feature", "geometry": {"type": "Point", "coordinates": [106.8573762, -6.1525459]}, "properties": {"kind": "tree", "name": ""}}, {"type": "Feature", "geometry": {"type": "Point", "coordinates": [106.8573064, -6.1525059]}, "properties": {"kind": "tree", "name": ""}}, {"type": "Feature", "geometry": {"type": "Point", "coordinates": [106.8571361, -6.1524085]}, "properties": {"kind": "tree", "name": ""}}, {"type": "Feature", "geometry": {"type": "Point", "coordinates": [106.8570986, -6.1523752]}, "properties": {"kind": "tree", "name": ""}}, {"type": "Feature", "geometry": {"type": "Point", "coordinates": [106.8569671, -6.1523125]}, "properties": {"kind": "tree", "name": ""}}, {"type": "Feature", "geometry": {"type": "Point", "coordinates": [106.856892, -6.1522485]}, "properties": {"kind": "tree", "name": ""}}, {"type": "Feature", "geometry": {"type": "Point", "coordinates": [106.8568142, -6.1522819]}, "properties": {"kind": "tree", "name": ""}}, {"type": "Feature", "geometry": {"type": "Point", "coordinates": [106.8566506, -6.1522392]}, "properties": {"kind": "tree", "name": ""}}, {"type": "Feature", "geometry": {"type": "Point", "coordinates": [106.8565889, -6.1522512]}, "properties": {"kind": "tree", "name": ""}}, {"type": "Feature", "geometry": {"type": "Point", "coordinates": [106.8565138, -6.1522272]}, "properties": {"kind": "tree", "name": ""}}, {"type": "Feature", "geometry": {"type": "Point", "coordinates": [106.8564066, -6.1522472]}, "properties": {"kind": "tree", "name": ""}}, {"type": "Feature", "geometry": {"type": "Point", "coordinates": [106.8564025, -6.1522819]}, "properties": {"kind": "tree", "name": ""}}, {"type": "Feature", "geometry": {"type": "Point", "coordinates": [106.8563449, -6.1523112]}, "properties": {"kind": "tree", "name": ""}}, {"type": "Feature", "geometry": {"type": "Point", "coordinates": [106.8560673, -6.1523352]}, "properties": {"kind": "tree", "name": ""}}, {"type": "Feature", "geometry": {"type": "Point", "coordinates": [106.8559613, -6.1523619]}, "properties": {"kind": "tree", "name": ""}}, {"type": "Feature", "geometry": {"type": "Point", "coordinates": [106.855858, -6.1524059]}, "properties": {"kind": "tree", "name": ""}}, {"type": "Feature", "geometry": {"type": "Point", "coordinates": [106.8556529, -6.1524152]}, "properties": {"kind": "tree", "name": ""}}, {"type": "Feature", "geometry": {"type": "Point", "coordinates": [106.8555228, -6.1524365]}, "properties": {"kind": "tree", "name": ""}}, {"type": "Feature", "geometry": {"type": "Point", "coordinates": [106.8554034, -6.1524325]}, "properties": {"kind": "tree", "name": ""}}, {"type": "Feature", "geometry": {"type": "Point", "coordinates": [106.8553565, -6.1524165]}, "properties": {"kind": "tree", "name": ""}}, {"type": "Feature", "geometry": {"type": "Point", "coordinates": [106.8553243, -6.1524005]}, "properties": {"kind": "tree", "name": ""}}, {"type": "Feature", "geometry": {"type": "Point", "coordinates": [106.8546698, -6.1524939]}, "properties": {"kind": "tree", "name": ""}}, {"type": "Feature", "geometry": {"type": "Point", "coordinates": [106.8547463, -6.1525019]}, "properties": {"kind": "tree", "name": ""}}, {"type": "Feature", "geometry": {"type": "Point", "coordinates": [106.8548898, -6.1525205]}, "properties": {"kind": "tree", "name": ""}}, {"type": "Feature", "geometry": {"type": "Point", "coordinates": [106.8549568, -6.1524872]}, "properties": {"kind": "tree", "name": ""}}, {"type": "Feature", "geometry": {"type": "Point", "coordinates": [106.8550051, -6.1524525]}, "properties": {"kind": "tree", "name": ""}}, {"type": "Feature", "geometry": {"type": "Point", "coordinates": [106.8551888, -6.1524565]}, "properties": {"kind": "tree", "name": ""}}, {"type": "Feature", "geometry": {"type": "Point", "coordinates": [106.8554074, -6.1523739]}, "properties": {"kind": "tree", "name": ""}}, {"type": "Feature", "geometry": {"type": "Point", "coordinates": [106.8554638, -6.1523685]}, "properties": {"kind": "tree", "name": ""}}, {"type": "Feature", "geometry": {"type": "Point", "coordinates": [106.855559, -6.1523512]}, "properties": {"kind": "tree", "name": ""}}, {"type": "Feature", "geometry": {"type": "Point", "coordinates": [106.8557508, -6.1523245]}, "properties": {"kind": "tree", "name": ""}}, {"type": "Feature", "geometry": {"type": "Point", "coordinates": [106.8558715, -6.1523272]}, "properties": {"kind": "tree", "name": ""}}, {"type": "Feature", "geometry": {"type": "Point", "coordinates": [106.856145, -6.1522952]}, "properties": {"kind": "tree", "name": ""}}, {"type": "Feature", "geometry": {"type": "Point", "coordinates": [106.8561973, -6.1523072]}, "properties": {"kind": "tree", "name": ""}}, {"type": "Feature", "geometry": {"type": "Point", "coordinates": [106.8562724, -6.1523019]}, "properties": {"kind": "tree", "name": ""}}, {"type": "Feature", "geometry": {"type": "Point", "coordinates": [106.8563408, -6.1522925]}, "properties": {"kind": "tree", "name": ""}}, {"type": "Feature", "geometry": {"type": "Point", "coordinates": [106.8565273, -6.1522419]}, "properties": {"kind": "tree", "name": ""}}, {"type": "Feature", "geometry": {"type": "Point", "coordinates": [106.8565621, -6.1522005]}, "properties": {"kind": "tree", "name": ""}}, {"type": "Feature", "geometry": {"type": "Point", "coordinates": [106.8567351, -6.1522099]}, "properties": {"kind": "tree", "name": ""}}, {"type": "Feature", "geometry": {"type": "Point", "coordinates": [106.85677, -6.1522285]}, "properties": {"kind": "tree", "name": ""}}, {"type": "Feature", "geometry": {"type": "Point", "coordinates": [106.8568156, -6.1522659]}, "properties": {"kind": "tree", "name": ""}}, {"type": "Feature", "geometry": {"type": "Point", "coordinates": [106.8568987, -6.1523165]}, "properties": {"kind": "tree", "name": ""}}, {"type": "Feature", "geometry": {"type": "Point", "coordinates": [106.8570463, -6.1523779]}, "properties": {"kind": "tree", "name": ""}}, {"type": "Feature", "geometry": {"type": "Point", "coordinates": [106.8571361, -6.1524352]}, "properties": {"kind": "tree", "name": ""}}, {"type": "Feature", "geometry": {"type": "Point", "coordinates": [106.8571509, -6.1524445]}, "properties": {"kind": "tree", "name": ""}}, {"type": "Feature", "geometry": {"type": "Point", "coordinates": [106.857226, -6.1524952]}, "properties": {"kind": "tree", "name": ""}}, {"type": "Feature", "geometry": {"type": "Point", "coordinates": [106.8573534, -6.1525486]}, "properties": {"kind": "tree", "name": ""}}, {"type": "Feature", "geometry": {"type": "Point", "coordinates": [106.8574566, -6.1526072]}, "properties": {"kind": "tree", "name": ""}}, {"type": "Feature", "geometry": {"type": "Point", "coordinates": [106.8575384, -6.1526592]}, "properties": {"kind": "tree", "name": ""}}, {"type": "Feature", "geometry": {"type": "Point", "coordinates": [106.8576886, -6.1527166]}, "properties": {"kind": "tree", "name": ""}}, {"type": "Feature", "geometry": {"type": "Point", "coordinates": [106.8573292, -6.1534966]}, "properties": {"kind": "tree", "name": ""}}, {"type": "Feature", "geometry": {"type": "Point", "coordinates": [106.8574258, -6.1534806]}, "properties": {"kind": "tree", "name": ""}}, {"type": "Feature", "geometry": {"type": "Point", "coordinates": [106.8575009, -6.1534406]}, "properties": {"kind": "tree", "name": ""}}, {"type": "Feature", "geometry": {"type": "Point", "coordinates": [106.8575572, -6.1533979]}, "properties": {"kind": "tree", "name": ""}}, {"type": "Feature", "geometry": {"type": "Point", "coordinates": [106.8575599, -6.1534806]}, "properties": {"kind": "tree", "name": ""}}, {"type": "Feature", "geometry": {"type": "Point", "coordinates": [106.8574848, -6.1536219]}, "properties": {"kind": "tree", "name": ""}}, {"type": "Feature", "geometry": {"type": "Point", "coordinates": [106.8574446, -6.1537473]}, "properties": {"kind": "tree", "name": ""}}, {"type": "Feature", "geometry": {"type": "Point", "coordinates": [106.8573453, -6.1538139]}, "properties": {"kind": "tree", "name": ""}}, {"type": "Feature", "geometry": {"type": "Point", "coordinates": [106.857289, -6.1537153]}, "properties": {"kind": "tree", "name": ""}}, {"type": "Feature", "geometry": {"type": "Point", "coordinates": [106.8573024, -6.1536459]}, "properties": {"kind": "tree", "name": ""}}, {"type": "Feature", "geometry": {"type": "Point", "coordinates": [106.8573131, -6.1535873]}, "properties": {"kind": "tree", "name": ""}}, {"type": "Feature", "geometry": {"type": "Point", "coordinates": [106.857348, -6.1535419]}, "properties": {"kind": "tree", "name": ""}}, {"type": "Feature", "geometry": {"type": "Point", "coordinates": [106.857466, -6.1535233]}, "properties": {"kind": "tree", "name": ""}}, {"type": "Feature", "geometry": {"type": "Point", "coordinates": [106.8549628, -6.1498215]}, "properties": {"kind": "tree", "name": ""}}, {"type": "Feature", "geometry": {"type": "Point", "coordinates": [106.8538882, -6.1494124]}, "properties": {"kind": "tree", "name": ""}}, {"type": "Feature", "geometry": {"type": "Point", "coordinates": [106.8538223, -6.1493872]}, "properties": {"kind": "tree", "name": ""}}, {"type": "Feature", "geometry": {"type": "Point", "coordinates": [106.8537091, -6.1493124]}, "properties": {"kind": "tree", "name": ""}}, {"type": "Feature", "geometry": {"type": "Point", "coordinates": [106.8536618, -6.1492671]}, "properties": {"kind": "tree", "name": ""}}, {"type": "Feature", "geometry": {"type": "Point", "coordinates": [106.8536854, -6.1492242]}, "properties": {"kind": "tree", "name": ""}}, {"type": "Feature", "geometry": {"type": "Point", "coordinates": [106.8534784, -6.1490823]}, "properties": {"kind": "tree", "name": ""}}, {"type": "Feature", "geometry": {"type": "Point", "coordinates": [106.8541061, -6.1494855]}, "properties": {"kind": "tree", "name": ""}}, {"type": "Feature", "geometry": {"type": "Point", "coordinates": [106.8556513, -6.1545998]}, "properties": {"kind": "green_area", "name": ""}}, {"type": "Feature", "geometry": {"type": "Point", "coordinates": [106.8550083, -6.1533771]}, "properties": {"kind": "green_area", "name": ""}}, {"type": "Feature", "geometry": {"type": "Point", "coordinates": [106.8536719, -6.1554491]}, "properties": {"kind": "green_area", "name": ""}}, {"type": "Feature", "geometry": {"type": "Point", "coordinates": [106.8554291, -6.1516278]}, "properties": {"kind": "green_area", "name": ""}}, {"type": "Feature", "geometry": {"type": "Point", "coordinates": [106.8552222, -6.1267082]}, "properties": {"kind": "tree", "name": ""}}, {"type": "Feature", "geometry": {"type": "Point", "coordinates": [106.856711, -6.1259316]}, "properties": {"kind": "tree", "name": ""}}, {"type": "Feature", "geometry": {"type": "Point", "coordinates": [106.8570783, -6.1259768]}, "properties": {"kind": "tree", "name": ""}}, {"type": "Feature", "geometry": {"type": "Point", "coordinates": [106.8557044, -6.1265194]}, "properties": {"kind": "tree", "name": ""}}, {"type": "Feature", "geometry": {"type": "Point", "coordinates": [106.8562307, -6.1266295]}, "properties": {"kind": "tree", "name": ""}}, {"type": "Feature", "geometry": {"type": "Point", "coordinates": [106.855026, -6.1269832]}, "properties": {"kind": "tree", "name": ""}}, {"type": "Feature", "geometry": {"type": "Point", "coordinates": [106.855163, -6.1268617]}, "properties": {"kind": "tree", "name": ""}}, {"type": "Feature", "geometry": {"type": "Point", "coordinates": [106.856707, -6.1260157]}, "properties": {"kind": "tree", "name": ""}}, {"type": "Feature", "geometry": {"type": "Point", "coordinates": [106.856853, -6.1264259]}, "properties": {"kind": "tree", "name": ""}}, {"type": "Feature", "geometry": {"type": "Point", "coordinates": [106.8553732, -6.126543]}, "properties": {"kind": "tree", "name": ""}}, {"type": "Feature", "geometry": {"type": "Point", "coordinates": [106.856291, -6.1260767]}, "properties": {"kind": "tree", "name": ""}}, {"type": "Feature", "geometry": {"type": "Point", "coordinates": [106.8568719, -6.1259096]}, "properties": {"kind": "tree", "name": ""}}, {"type": "Feature", "geometry": {"type": "Point", "coordinates": [106.8547936, -6.1268251]}, "properties": {"kind": "tree", "name": ""}}, {"type": "Feature", "geometry": {"type": "Point", "coordinates": [106.8558248, -6.1262573]}, "properties": {"kind": "tree", "name": ""}}, {"type": "Feature", "geometry": {"type": "Point", "coordinates": [106.8577863, -6.1261205]}, "properties": {"kind": "tree", "name": ""}}, {"type": "Feature", "geometry": {"type": "Point", "coordinates": [106.8564382, -6.1265616]}, "properties": {"kind": "tree", "name": ""}}, {"type": "Feature", "geometry": {"type": "Point", "coordinates": [106.8549452, -6.1268731]}, "properties": {"kind": "tree", "name": ""}}, {"type": "Feature", "geometry": {"type": "Point", "coordinates": [106.8551037, -6.1269317]}, "properties": {"kind": "tree", "name": ""}}, {"type": "Feature", "geometry": {"type": "Point", "coordinates": [106.8568172, -6.1261032]}, "properties": {"kind": "tree", "name": ""}}, {"type": "Feature", "geometry": {"type": "Point", "coordinates": [106.8571641, -6.1263241]}, "properties": {"kind": "tree", "name": ""}}, {"type": "Feature", "geometry": {"type": "Point", "coordinates": [106.8553664, -6.126779]}, "properties": {"kind": "tree", "name": ""}}, {"type": "Feature", "geometry": {"type": "Point", "coordinates": [106.8573715, -6.1262562]}, "properties": {"kind": "tree", "name": ""}}, {"type": "Feature", "geometry": {"type": "Point", "coordinates": [106.8556136, -6.126691]}, "properties": {"kind": "tree", "name": ""}}, {"type": "Feature", "geometry": {"type": "Point", "coordinates": [106.8572337, -6.1258769]}, "properties": {"kind": "tree", "name": ""}}, {"type": "Feature", "geometry": {"type": "Point", "coordinates": [106.8556916, -6.126671]}, "properties": {"kind": "tree", "name": ""}}, {"type": "Feature", "geometry": {"type": "Point", "coordinates": [106.8579937, -6.1260526]}, "properties": {"kind": "tree", "name": ""}}, {"type": "Feature", "geometry": {"type": "Point", "coordinates": [106.8565419, -6.1265277]}, "properties": {"kind": "tree", "name": ""}}, {"type": "Feature", "geometry": {"type": "Point", "coordinates": [106.8552008, -6.1266324]}, "properties": {"kind": "tree", "name": ""}}, {"type": "Feature", "geometry": {"type": "Point", "coordinates": [106.8570604, -6.126358]}, "properties": {"kind": "tree", "name": ""}}, {"type": "Feature", "geometry": {"type": "Point", "coordinates": [106.856445, -6.1260155]}, "properties": {"kind": "tree", "name": ""}}, {"type": "Feature", "geometry": {"type": "Point", "coordinates": [106.8555582, -6.1265799]}, "properties": {"kind": "tree", "name": ""}}, {"type": "Feature", "geometry": {"type": "Point", "coordinates": [106.8575789, -6.1261883]}, "properties": {"kind": "tree", "name": ""}}, {"type": "Feature", "geometry": {"type": "Point", "coordinates": [106.8555401, -6.1267012]}, "properties": {"kind": "tree", "name": ""}}, {"type": "Feature", "geometry": {"type": "Point", "coordinates": [106.8571556, -6.1259448]}, "properties": {"kind": "tree", "name": ""}}, {"type": "Feature", "geometry": {"type": "Point", "coordinates": [106.8576826, -6.1261544]}, "properties": {"kind": "tree", "name": ""}}, {"type": "Feature", "geometry": {"type": "Point", "coordinates": [106.8548991, -6.126893]}, "properties": {"kind": "tree", "name": ""}}, {"type": "Feature", "geometry": {"type": "Point", "coordinates": [106.85589, -6.1263673]}, "properties": {"kind": "tree", "name": ""}}, {"type": "Feature", "geometry": {"type": "Point", "coordinates": [106.85789, -6.1260866]}, "properties": {"kind": "tree", "name": ""}}, {"type": "Feature", "geometry": {"type": "Point", "coordinates": [106.8565797, -6.1261121]}, "properties": {"kind": "tree", "name": ""}}, {"type": "Feature", "geometry": {"type": "Point", "coordinates": [106.8567493, -6.1264598]}, "properties": {"kind": "tree", "name": ""}}, {"type": "Feature", "geometry": {"type": "Point", "coordinates": [106.855267, -6.1268183]}, "properties": {"kind": "tree", "name": ""}}, {"type": "Feature", "geometry": {"type": "Point", "coordinates": [106.8572678, -6.1262901]}, "properties": {"kind": "tree", "name": ""}}, {"type": "Feature", "geometry": {"type": "Point", "coordinates": [106.8566348, -6.1260301]}, "properties": {"kind": "tree", "name": ""}}, {"type": "Feature", "geometry": {"type": "Point", "coordinates": [106.8569567, -6.1263919]}, "properties": {"kind": "tree", "name": ""}}, {"type": "Feature", "geometry": {"type": "Point", "coordinates": [106.8574752, -6.1262223]}, "properties": {"kind": "tree", "name": ""}}, {"type": "Feature", "geometry": {"type": "Point", "coordinates": [106.8558076, -6.126486]}, "properties": {"kind": "tree", "name": ""}}, {"type": "Feature", "geometry": {"type": "Point", "coordinates": [106.8563345, -6.1265955]}, "properties": {"kind": "tree", "name": ""}}, {"type": "Feature", "geometry": {"type": "Point", "coordinates": [106.8548277, -6.1267728]}, "properties": {"kind": "tree", "name": ""}}, {"type": "Feature", "geometry": {"type": "Point", "coordinates": [106.8560479, -6.126554]}, "properties": {"kind": "tree", "name": ""}}, {"type": "Feature", "geometry": {"type": "Point", "coordinates": [106.8580974, -6.1260187]}, "properties": {"kind": "tree", "name": ""}}, {"type": "Feature", "geometry": {"type": "Point", "coordinates": [106.8559686, -6.1263357]}, "properties": {"kind": "tree", "name": ""}}, {"type": "Feature", "geometry": {"type": "Point", "coordinates": [106.8566456, -6.1264937]}, "properties": {"kind": "tree", "name": ""}}, {"type": "Feature", "geometry": {"type": "Point", "coordinates": [106.8582436, -6.1255664]}, "properties": {"kind": "tree", "name": ""}}, {"type": "Feature", "geometry": {"type": "Point", "coordinates": [106.8581477, -6.125271]}, "properties": {"kind": "tree", "name": ""}}, {"type": "Feature", "geometry": {"type": "Point", "coordinates": [106.8581772, -6.125359]}, "properties": {"kind": "tree", "name": ""}}, {"type": "Feature", "geometry": {"type": "Point", "coordinates": [106.858086, -6.125099]}, "properties": {"kind": "tree", "name": ""}}, {"type": "Feature", "geometry": {"type": "Point", "coordinates": [106.8581074, -6.1251577]}, "properties": {"kind": "tree", "name": ""}}, {"type": "Feature", "geometry": {"type": "Point", "coordinates": [106.8580471, -6.1249603]}, "properties": {"kind": "tree", "name": ""}}, {"type": "Feature", "geometry": {"type": "Point", "coordinates": [106.8580417, -6.1244396]}, "properties": {"kind": "tree", "name": ""}}, {"type": "Feature", "geometry": {"type": "Point", "coordinates": [106.8580384, -6.1244996]}, "properties": {"kind": "tree", "name": ""}}, {"type": "Feature", "geometry": {"type": "Point", "coordinates": [106.8581155, -6.1244896]}, "properties": {"kind": "tree", "name": ""}}, {"type": "Feature", "geometry": {"type": "Point", "coordinates": [106.8581249, -6.1245563]}, "properties": {"kind": "tree", "name": ""}}, {"type": "Feature", "geometry": {"type": "Point", "coordinates": [106.8584639, -6.1253358]}, "properties": {"kind": "tree", "name": ""}}, {"type": "Feature", "geometry": {"type": "Point", "coordinates": [106.8593123, -6.126791]}, "properties": {"kind": "tree", "name": ""}}, {"type": "Feature", "geometry": {"type": "Point", "coordinates": [106.8594006, -6.1267318]}, "properties": {"kind": "tree", "name": ""}}, {"type": "Feature", "geometry": {"type": "Point", "coordinates": [106.8594421, -6.1268461]}, "properties": {"kind": "tree", "name": ""}}, {"type": "Feature", "geometry": {"type": "Point", "coordinates": [106.8590419, -6.1265921]}, "properties": {"kind": "tree", "name": ""}}, {"type": "Feature", "geometry": {"type": "Point", "coordinates": [106.8591558, -6.1267794]}, "properties": {"kind": "tree", "name": ""}}, {"type": "Feature", "geometry": {"type": "Point", "coordinates": [106.859093, -6.1268429]}, "properties": {"kind": "tree", "name": ""}}, {"type": "Feature", "geometry": {"type": "Point", "coordinates": [106.8588216, -6.1268418]}, "properties": {"kind": "tree", "name": ""}}, {"type": "Feature", "geometry": {"type": "Point", "coordinates": [106.8588599, -6.1269276]}, "properties": {"kind": "tree", "name": ""}}, {"type": "Feature", "geometry": {"type": "Point", "coordinates": [106.8579894, -6.125567]}, "properties": {"kind": "tree", "name": ""}}, {"type": "Feature", "geometry": {"type": "Point", "coordinates": [106.8576258, -6.1247978]}, "properties": {"kind": "tree", "name": ""}}, {"type": "Feature", "geometry": {"type": "Point", "coordinates": [106.8576967, -6.1249407]}, "properties": {"kind": "tree", "name": ""}}, {"type": "Feature", "geometry": {"type": "Point", "coordinates": [106.8578623, -6.1250314]}, "properties": {"kind": "tree", "name": ""}}, {"type": "Feature", "geometry": {"type": "Point", "coordinates": [106.8577964, -6.1248634]}, "properties": {"kind": "tree", "name": ""}}, {"type": "Feature", "geometry": {"type": "Point", "coordinates": [106.8577609, -6.1247794]}, "properties": {"kind": "tree", "name": ""}}, {"type": "Feature", "geometry": {"type": "Point", "coordinates": [106.8577035, -6.1246718]}, "properties": {"kind": "tree", "name": ""}}, {"type": "Feature", "geometry": {"type": "Point", "coordinates": [106.8574754, -6.1250734]}, "properties": {"kind": "tree", "name": ""}}, {"type": "Feature", "geometry": {"type": "Point", "coordinates": [106.8572456, -6.1251994]}, "properties": {"kind": "tree", "name": ""}}, {"type": "Feature", "geometry": {"type": "Point", "coordinates": [106.8569533, -6.1250868]}, "properties": {"kind": "tree", "name": ""}}, {"type": "Feature", "geometry": {"type": "Point", "coordinates": [106.8570394, -6.1252599]}, "properties": {"kind": "tree", "name": ""}}, {"type": "Feature", "geometry": {"type": "Point", "coordinates": [106.8579552, -6.1251985]}, "properties": {"kind": "tree", "name": ""}}, {"type": "Feature", "geometry": {"type": "Point", "coordinates": [106.8579738, -6.1253716]}, "properties": {"kind": "tree", "name": ""}}, {"type": "Feature", "geometry": {"type": "Point", "coordinates": [106.8579629, -6.1253035]}, "properties": {"kind": "tree", "name": ""}}, {"type": "Feature", "geometry": {"type": "Point", "coordinates": [106.8578446, -6.1252473]}, "properties": {"kind": "tree", "name": ""}}, {"type": "Feature", "geometry": {"type": "Point", "coordinates": [106.8578496, -6.1253338]}, "properties": {"kind": "tree", "name": ""}}, {"type": "Feature", "geometry": {"type": "Point", "coordinates": [106.8573893, -6.125541]}, "properties": {"kind": "tree", "name": ""}}, {"type": "Feature", "geometry": {"type": "Point", "coordinates": [106.8574356, -6.1255244]}, "properties": {"kind": "tree", "name": ""}}, {"type": "Feature", "geometry": {"type": "Point", "coordinates": [106.8575066, -6.1255017]}, "properties": {"kind": "tree", "name": ""}}, {"type": "Feature", "geometry": {"type": "Point", "coordinates": [106.8573531, -6.1257364]}, "properties": {"kind": "tree", "name": ""}}, {"type": "Feature", "geometry": {"type": "Point", "coordinates": [106.8573182, -6.1256457]}, "properties": {"kind": "tree", "name": ""}}, {"type": "Feature", "geometry": {"type": "Point", "coordinates": [106.8572921, -6.1255604]}, "properties": {"kind": "tree", "name": ""}}, {"type": "Feature", "geometry": {"type": "Point", "coordinates": [106.8572565, -6.125505]}, "properties": {"kind": "tree", "name": ""}}, {"type": "Feature", "geometry": {"type": "Point", "coordinates": [106.8571351, -6.1255517]}, "properties": {"kind": "tree", "name": ""}}, {"type": "Feature", "geometry": {"type": "Point", "coordinates": [106.8570835, -6.125577]}, "properties": {"kind": "tree", "name": ""}}, {"type": "Feature", "geometry": {"type": "Point", "coordinates": [106.8568924, -6.1256537]}, "properties": {"kind": "tree", "name": ""}}, {"type": "Feature", "geometry": {"type": "Point", "coordinates": [106.8566141, -6.1257877]}, "properties": {"kind": "tree", "name": ""}}, {"type": "Feature", "geometry": {"type": "Point", "coordinates": [106.8565974, -6.1258617]}, "properties": {"kind": "tree", "name": ""}}, {"type": "Feature", "geometry": {"type": "Point", "coordinates": [106.8563761, -6.1259604]}, "properties": {"kind": "tree", "name": ""}}, {"type": "Feature", "geometry": {"type": "Point", "coordinates": [106.856124, -6.1260264]}, "properties": {"kind": "tree", "name": ""}}, {"type": "Feature", "geometry": {"type": "Point", "coordinates": [106.8562333, -6.1259971]}, "properties": {"kind": "tree", "name": ""}}, {"type": "Feature", "geometry": {"type": "Point", "coordinates": [106.8557619, -6.1261558]}, "properties": {"kind": "tree", "name": ""}}, {"type": "Feature", "geometry": {"type": "Point", "coordinates": [106.8556351, -6.1262138]}, "properties": {"kind": "tree", "name": ""}}, {"type": "Feature", "geometry": {"type": "Point", "coordinates": [106.8558121, -6.1261944]}, "properties": {"kind": "tree", "name": ""}}, {"type": "Feature", "geometry": {"type": "Point", "coordinates": [106.8557055, -6.1262531]}, "properties": {"kind": "tree", "name": ""}}, {"type": "Feature", "geometry": {"type": "Point", "coordinates": [106.8547936, -6.1266338]}, "properties": {"kind": "tree", "name": ""}}, {"type": "Feature", "geometry": {"type": "Point", "coordinates": [106.8547587, -6.1266111]}, "properties": {"kind": "tree", "name": ""}}, {"type": "Feature", "geometry": {"type": "Point", "coordinates": [106.85488, -6.1266196]}, "properties": {"kind": "tree", "name": ""}}, {"type": "Feature", "geometry": {"type": "Point", "coordinates": [106.859415, -6.1268592]}, "properties": {"kind": "tree", "name": ""}}, {"type": "Feature", "geometry": {"type": "Point", "coordinates": [106.85928, -6.1268853]}, "properties": {"kind": "tree", "name": ""}}, {"type": "Feature", "geometry": {"type": "Point", "coordinates": [106.8591629, -6.1266151]}, "properties": {"kind": "tree", "name": ""}}, {"type": "Feature", "geometry": {"type": "Point", "coordinates": [106.8590154, -6.1265445]}, "properties": {"kind": "tree", "name": ""}}, {"type": "Feature", "geometry": {"type": "Point", "coordinates": [106.8584948, -6.1255104]}, "properties": {"kind": "tree", "name": ""}}, {"type": "Feature", "geometry": {"type": "Point", "coordinates": [106.8585267, -6.1254003]}, "properties": {"kind": "tree", "name": ""}}, {"type": "Feature", "geometry": {"type": "Point", "coordinates": [106.8579358, -6.1246443]}, "properties": {"kind": "tree", "name": ""}}, {"type": "Feature", "geometry": {"type": "Point", "coordinates": [106.8554959, -6.1272305]}, "properties": {"kind": "tree", "name": ""}}, {"type": "Feature", "geometry": {"type": "Point", "coordinates": [106.8553886, -6.1272641]}, "properties": {"kind": "tree", "name": ""}}, {"type": "Feature", "geometry": {"type": "Point", "coordinates": [106.8552881, -6.1273927]}, "properties": {"kind": "tree", "name": ""}}, {"type": "Feature", "geometry": {"type": "Point", "coordinates": [106.8552433, -6.127454]}, "properties": {"kind": "tree", "name": ""}}, {"type": "Feature", "geometry": {"type": "Point", "coordinates": [106.8588692, -6.1263258]}, "properties": {"kind": "tree", "name": ""}}, {"type": "Feature", "geometry": {"type": "Point", "coordinates": [106.8581162, -6.1255604]}, "properties": {"kind": "tree", "name": ""}}, {"type": "Feature", "geometry": {"type": "Point", "coordinates": [106.8571983, -6.1249944]}, "properties": {"kind": "tree", "name": ""}}, {"type": "Feature", "geometry": {"type": "Point", "coordinates": [106.8587663, -6.1272801]}, "properties": {"kind": "tree", "name": ""}}, {"type": "Feature", "geometry": {"type": "Point", "coordinates": [106.85879, -6.1273246]}, "properties": {"kind": "tree", "name": ""}}, {"type": "Feature", "geometry": {"type": "Point", "coordinates": [106.8588128, -6.1273675]}, "properties": {"kind": "tree", "name": ""}}, {"type": "Feature", "geometry": {"type": "Point", "coordinates": [106.8587021, -6.1274221]}, "properties": {"kind": "tree", "name": ""}}, {"type": "Feature", "geometry": {"type": "Point", "coordinates": [106.8564652, -6.1262694]}, "properties": {"kind": "green_area", "name": "Taman BMW"}}, {"type": "Feature", "geometry": {"type": "Point", "coordinates": [106.8580531, -6.1270018]}, "properties": {"kind": "green_area", "name": ""}}, {"type": "Feature", "geometry": {"type": "Point", "coordinates": [106.8566881, -6.1261373]}, "properties": {"kind": "green_area", "name": ""}}, {"type": "Feature", "geometry": {"type": "Point", "coordinates": [106.8548127, -6.1268147]}, "properties": {"kind": "green_area", "name": ""}}, {"type": "Feature", "geometry": {"type": "Point", "coordinates": [106.8550988, -6.1269191]}, "properties": {"kind": "green_area", "name": ""}}, {"type": "Feature", "geometry": {"type": "Point", "coordinates": [106.8560179, -6.1264473]}, "properties": {"kind": "green_area", "name": ""}}, {"type": "Feature", "geometry": {"type": "Point", "coordinates": [106.8549271, -6.1268966]}, "properties": {"kind": "green_area", "name": ""}}, {"type": "Feature", "geometry": {"type": "Point", "coordinates": [106.8557093, -6.1264232]}, "properties": {"kind": "green_area", "name": ""}}, {"type": "Feature", "geometry": {"type": "Point", "coordinates": [106.8559327, -6.126353]}, "properties": {"kind": "green_area", "name": ""}}, {"type": "Feature", "geometry": {"type": "Point", "coordinates": [106.8566199, -6.1259943]}, "properties": {"kind": "green_area", "name": ""}}, {"type": "Feature", "geometry": {"type": "Point", "coordinates": [106.8553599, -6.1266482]}, "properties": {"kind": "green_area", "name": ""}}, {"type": "Feature", "geometry": {"type": "Point", "coordinates": [106.856286, -6.1262576]}, "properties": {"kind": "green_area", "name": ""}}, {"type": "Feature", "geometry": {"type": "Point", "coordinates": [106.8551738, -6.1266285]}, "properties": {"kind": "green_area", "name": ""}}, {"type": "Feature", "geometry": {"type": "Point", "coordinates": [106.8585411, -6.1244714]}, "properties": {"kind": "green_area", "name": ""}}, {"type": "Feature", "geometry": {"type": "Point", "coordinates": [106.8588039, -6.1266879]}, "properties": {"kind": "green_area", "name": ""}}, {"type": "Feature", "geometry": {"type": "Point", "coordinates": [106.8591265, -6.1274741]}, "properties": {"kind": "green_area", "name": ""}}, {"type": "Feature", "geometry": {"type": "Point", "coordinates": [106.8583846, -6.1259465]}, "properties": {"kind": "green_area", "name": ""}}, {"type": "Feature", "geometry": {"type": "Point", "coordinates": [106.8585193, -6.1255043]}, "properties": {"kind": "green_area", "name": ""}}, {"type": "Feature", "geometry": {"type": "Point", "coordinates": [106.8601793, -6.1266305]}, "properties": {"kind": "green_area", "name": ""}}, {"type": "Feature", "geometry": {"type": "Point", "coordinates": [106.8594036, -6.1266739]}, "properties": {"kind": "green_area", "name": ""}}, {"type": "Feature", "geometry": {"type": "Point", "coordinates": [106.8591676, -6.1266691]}, "properties": {"kind": "green_area", "name": ""}}, {"type": "Feature", "geometry": {"type": "Point", "coordinates": [106.8590234, -6.1265158]}, "properties": {"kind": "green_area", "name": ""}}, {"type": "Feature", "geometry": {"type": "Point", "coordinates": [106.8588927, -6.1263278]}, "properties": {"kind": "green_area", "name": ""}}, {"type": "Feature", "geometry": {"type": "Point", "coordinates": [106.8587046, -6.126084]}, "properties": {"kind": "green_area", "name": ""}}, {"type": "Feature", "geometry": {"type": "Point", "coordinates": [106.8581083, -6.1251149]}, "properties": {"kind": "green_area", "name": ""}}, {"type": "Feature", "geometry": {"type": "Point", "coordinates": [106.8582548, -6.1249595]}, "properties": {"kind": "green_area", "name": ""}}, {"type": "Feature", "geometry": {"type": "Point", "coordinates": [106.8585549, -6.1249088]}, "properties": {"kind": "green_area", "name": ""}}, {"type": "Feature", "geometry": {"type": "Point", "coordinates": [106.8584878, -6.1248992]}, "properties": {"kind": "green_area", "name": ""}}, {"type": "Feature", "geometry": {"type": "Point", "coordinates": [106.8587527, -6.1245649]}, "properties": {"kind": "green_area", "name": ""}}, {"type": "Feature", "geometry": {"type": "Point", "coordinates": [106.858206, -6.1242852]}, "properties": {"kind": "green_area", "name": ""}}, {"type": "Feature", "geometry": {"type": "Point", "coordinates": [106.8589754, -6.1270442]}, "properties": {"kind": "green_area", "name": ""}}, {"type": "Feature", "geometry": {"type": "Point", "coordinates": [106.856048, -6.1260624]}, "properties": {"kind": "green_area", "name": ""}}, {"type": "Feature", "geometry": {"type": "Point", "coordinates": [106.857186, -6.1263689]}, "properties": {"kind": "green_area", "name": ""}}, {"type": "Feature", "geometry": {"type": "Point", "coordinates": [106.8556567, -6.1269059]}, "properties": {"kind": "green_area", "name": ""}}, {"type": "Feature", "geometry": {"type": "Point", "coordinates": [106.8596179, -6.1268257]}, "properties": {"kind": "tree", "name": ""}}, {"type": "Feature", "geometry": {"type": "Point", "coordinates": [106.8616455, -6.1261401]}, "properties": {"kind": "tree", "name": ""}}, {"type": "Feature", "geometry": {"type": "Point", "coordinates": [106.8617424, -6.1259592]}, "properties": {"kind": "tree", "name": ""}}, {"type": "Feature", "geometry": {"type": "Point", "coordinates": [106.8617839, -6.1259115]}, "properties": {"kind": "tree", "name": ""}}, {"type": "Feature", "geometry": {"type": "Point", "coordinates": [106.8619159, -6.1253573]}, "properties": {"kind": "tree", "name": ""}}, {"type": "Feature", "geometry": {"type": "Point", "coordinates": [106.8618947, -6.1254077]}, "properties": {"kind": "tree", "name": ""}}, {"type": "Feature", "geometry": {"type": "Point", "coordinates": [106.8595624, -6.1267836]}, "properties": {"kind": "tree", "name": ""}}, {"type": "Feature", "geometry": {"type": "Point", "coordinates": [106.8616451, -6.1258752]}, "properties": {"kind": "tree", "name": ""}}, {"type": "Feature", "geometry": {"type": "Point", "coordinates": [106.861601, -6.1259744]}, "properties": {"kind": "tree", "name": ""}}, {"type": "Feature", "geometry": {"type": "Point", "coordinates": [106.8602106, -6.1291746]}, "properties": {"kind": "green_area", "name": ""}}, {"type": "Feature", "geometry": {"type": "Point", "coordinates": [106.8598351, -6.1287659]}, "properties": {"kind": "green_area", "name": ""}}, {"type": "Feature", "geometry": {"type": "Point", "coordinates": [106.8589585, -6.1242536]}, "properties": {"kind": "green_area", "name": ""}}, {"type": "Feature", "geometry": {"type": "Point", "coordinates": [106.8587535, -6.1243224]}, "properties": {"kind": "green_area", "name": ""}}, {"type": "Feature", "geometry": {"type": "Point", "coordinates": [106.8596192, -6.1237315]}, "properties": {"kind": "green_area", "name": ""}}, {"type": "Feature", "geometry": {"type": "Point", "coordinates": [106.8619938, -6.1255201]}, "properties": {"kind": "green_area", "name": ""}}, {"type": "Feature", "geometry": {"type": "Point", "coordinates": [106.8624901, -6.1257906]}, "properties": {"kind": "green_area", "name": ""}}, {"type": "Feature", "geometry": {"type": "Point", "coordinates": [106.8625191, -6.1255975]}, "properties": {"kind": "green_area", "name": ""}}, {"type": "Feature", "geometry": {"type": "Point", "coordinates": [106.8620973, -6.1255251]}, "properties": {"kind": "green_area", "name": ""}}, {"type": "Feature", "geometry": {"type": "Point", "coordinates": [106.8618646, -6.1259711]}, "properties": {"kind": "green_area", "name": ""}}, {"type": "Feature", "geometry": {"type": "Point", "coordinates": [106.8615399, -6.1261889]}, "properties": {"kind": "green_area", "name": ""}}, {"type": "Feature", "geometry": {"type": "Point", "coordinates": [106.8616228, -6.1259596]}, "properties": {"kind": "green_area", "name": ""}}, {"type": "Feature", "geometry": {"type": "Point", "coordinates": [106.8617663, -6.125937]}, "properties": {"kind": "green_area", "name": ""}}, {"type": "Feature", "geometry": {"type": "Point", "coordinates": [106.8619209, -6.1254054]}, "properties": {"kind": "green_area", "name": ""}}, {"type": "Feature", "geometry": {"type": "Point", "coordinates": [106.861823, -6.1255284]}, "properties": {"kind": "green_area", "name": ""}}, {"type": "Feature", "geometry": {"type": "Point", "coordinates": [106.8616359, -6.125254]}, "properties": {"kind": "green_area", "name": ""}}, {"type": "Feature", "geometry": {"type": "Point", "coordinates": [106.8616895, -6.1249907]}, "properties": {"kind": "green_area", "name": ""}}, {"type": "Feature", "geometry": {"type": "Point", "coordinates": [106.8625892, -6.1328034]}, "properties": {"kind": "green_area", "name": ""}}, {"type": "Feature", "geometry": {"type": "Point", "coordinates": [106.8630196, -6.1354794]}, "properties": {"kind": "green_area", "name": ""}}, {"type": "Feature", "geometry": {"type": "Point", "coordinates": [106.8928005, -6.1516446]}, "properties": {"kind": "tree", "name": ""}}, {"type": "Feature", "geometry": {"type": "Point", "coordinates": [106.8927629, -6.151654]}, "properties": {"kind": "tree", "name": ""}}, {"type": "Feature", "geometry": {"type": "Point", "coordinates": [106.8927173, -6.1516486]}, "properties": {"kind": "tree", "name": ""}}, {"type": "Feature", "geometry": {"type": "Point", "coordinates": [106.8925846, -6.1516006]}, "properties": {"kind": "tree", "name": ""}}, {"type": "Feature", "geometry": {"type": "Point", "coordinates": [106.8924505, -6.1515513]}, "properties": {"kind": "tree", "name": ""}}, {"type": "Feature", "geometry": {"type": "Point", "coordinates": [106.8922506, -6.1518833]}, "properties": {"kind": "tree", "name": ""}}, {"type": "Feature", "geometry": {"type": "Point", "coordinates": [106.8921514, -6.1518273]}, "properties": {"kind": "tree", "name": ""}}, {"type": "Feature", "geometry": {"type": "Point", "coordinates": [106.8920803, -6.1517926]}, "properties": {"kind": "tree", "name": ""}}, {"type": "Feature", "geometry": {"type": "Point", "coordinates": [106.8923298, -6.151918]}, "properties": {"kind": "tree", "name": ""}}, {"type": "Feature", "geometry": {"type": "Point", "coordinates": [106.8925148, -6.151994]}, "properties": {"kind": "tree", "name": ""}}, {"type": "Feature", "geometry": {"type": "Point", "coordinates": [106.8926999, -6.1520633]}, "properties": {"kind": "tree", "name": ""}}, {"type": "Feature", "geometry": {"type": "Point", "coordinates": [106.8928206, -6.1521007]}, "properties": {"kind": "tree", "name": ""}}, {"type": "Feature", "geometry": {"type": "Point", "coordinates": [106.8929051, -6.1521433]}, "properties": {"kind": "tree", "name": ""}}, {"type": "Feature", "geometry": {"type": "Point", "coordinates": [106.8930875, -6.1521353]}, "properties": {"kind": "tree", "name": ""}}, {"type": "Feature", "geometry": {"type": "Point", "coordinates": [106.8930352, -6.15217]}, "properties": {"kind": "tree", "name": ""}}, {"type": "Feature", "geometry": {"type": "Point", "coordinates": [106.8931089, -6.152042]}, "properties": {"kind": "tree", "name": ""}}, {"type": "Feature", "geometry": {"type": "Point", "coordinates": [106.8929654, -6.1518366]}, "properties": {"kind": "tree", "name": ""}}, {"type": "Feature", "geometry": {"type": "Point", "coordinates": [106.8933101, -6.151538]}, "properties": {"kind": "tree", "name": ""}}, {"type": "Feature", "geometry": {"type": "Point", "coordinates": [106.8933476, -6.1516246]}, "properties": {"kind": "tree", "name": ""}}, {"type": "Feature", "geometry": {"type": "Point", "coordinates": [106.8932658, -6.1516686]}, "properties": {"kind": "tree", "name": ""}}, {"type": "Feature", "geometry": {"type": "Point", "coordinates": [106.8932645, -6.1517406]}, "properties": {"kind": "tree", "name": ""}}, {"type": "Feature", "geometry": {"type": "Point", "coordinates": [106.8932927, -6.1518593]}, "properties": {"kind": "tree", "name": ""}}, {"type": "Feature", "geometry": {"type": "Point", "coordinates": [106.8932296, -6.1518566]}, "properties": {"kind": "tree", "name": ""}}, {"type": "Feature", "geometry": {"type": "Point", "coordinates": [106.893467, -6.151574]}, "properties": {"kind": "tree", "name": ""}}, {"type": "Feature", "geometry": {"type": "Point", "coordinates": [106.8934201, -6.151518]}, "properties": {"kind": "tree", "name": ""}}, {"type": "Feature", "geometry": {"type": "Point", "coordinates": [106.8928716, -6.151678]}, "properties": {"kind": "tree", "name": ""}}, {"type": "Feature", "geometry": {"type": "Point", "coordinates": [106.892952, -6.1515393]}, "properties": {"kind": "tree", "name": ""}}, {"type": "Feature", "geometry": {"type": "Point", "coordinates": [106.8930151, -6.1514393]}, "properties": {"kind": "tree", "name": ""}}, {"type": "Feature", "geometry": {"type": "Point", "coordinates": [106.8930419, -6.1513993]}, "properties": {"kind": "tree", "name": ""}}, {"type": "Feature", "geometry": {"type": "Point", "coordinates": [106.8930969, -6.151318]}, "properties": {"kind": "tree", "name": ""}}, {"type": "Feature", "geometry": {"type": "Point", "coordinates": [106.8927053, -6.151218]}, "properties": {"kind": "tree", "name": ""}}, {"type": "Feature", "geometry": {"type": "Point", "coordinates": [106.8926597, -6.151278]}, "properties": {"kind": "tree", "name": ""}}, {"type": "Feature", "geometry": {"type": "Point", "coordinates": [106.8927924, -6.1513606]}, "properties": {"kind": "tree", "name": ""}}, {"type": "Feature", "geometry": {"type": "Point", "coordinates": [106.8928327, -6.1512873]}, "properties": {"kind": "tree", "name": ""}}, {"type": "Feature", "geometry": {"type": "Point", "coordinates": [106.8930539, -6.1510673]}, "properties": {"kind": "tree", "name": ""}}, {"type": "Feature", "geometry": {"type": "Point", "coordinates": [106.8929261, -6.1522841]}, "properties": {"kind": "tree", "name": ""}}, {"type": "Feature", "geometry": {"type": "Point", "coordinates": [106.8927861, -6.152247]}, "properties": {"kind": "tree", "name": ""}}, {"type": "Feature", "geometry": {"type": "Point", "coordinates": [106.8926717, -6.1521994]}, "properties": {"kind": "tree", "name": ""}}, {"type": "Feature", "geometry": {"type": "Point", "coordinates": [106.8925854, -6.152174]}, "properties": {"kind": "tree", "name": ""}}, {"type": "Feature", "geometry": {"type": "Point", "coordinates": [106.8932922, -6.1513676]}, "properties": {"kind": "tree", "name": ""}}, {"type": "Feature", "geometry": {"type": "Point", "coordinates": [106.8920562, -6.1525247]}, "properties": {"kind": "tree", "name": ""}}, {"type": "Feature", "geometry": {"type": "Point", "coordinates": [106.8921407, -6.152582]}, "properties": {"kind": "tree", "name": ""}}, {"type": "Feature", "geometry": {"type": "Point", "coordinates": [106.8921943, -6.152622]}, "properties": {"kind": "tree", "name": ""}}, {"type": "Feature", "geometry": {"type": "Point", "coordinates": [106.893574, -6.1509516]}, "properties": {"kind": "tree", "name": ""}}, {"type": "Feature", "geometry": {"type": "Point", "coordinates": [106.893603, -6.1508956]}, "properties": {"kind": "tree", "name": ""}}, {"type": "Feature", "geometry": {"type": "Point", "coordinates": [106.8936158, -6.1508649]}, "properties": {"kind": "tree", "name": ""}}, {"type": "Feature", "geometry": {"type": "Point", "coordinates": [106.8934388, -6.1515245]}, "properties": {"kind": "green_area", "name": ""}}, {"type": "Feature", "geometry": {"type": "Point", "coordinates": [106.8933052, -6.1518242]}, "properties": {"kind": "green_area", "name": ""}}, {"type": "Feature", "geometry": {"type": "Point", "coordinates": [106.8933821, -6.1516757]}, "properties": {"kind": "green_area", "name": ""}}, {"type": "Feature", "geometry": {"type": "Point", "coordinates": [106.8936731, -6.1508969]}, "properties": {"kind": "green_area", "name": ""}}, {"type": "Feature", "geometry": {"type": "Point", "coordinates": [106.8930076, -6.1518736]}, "properties": {"kind": "green_area", "name": ""}}, {"type": "Feature", "geometry": {"type": "Point", "coordinates": [106.8927714, -6.1518313]}, "properties": {"kind": "green_area", "name": ""}}, {"type": "Feature", "geometry": {"type": "Point", "coordinates": [106.9067729, -6.1566102]}, "properties": {"kind": "green_area", "name": ""}}, {"type": "Feature", "geometry": {"type": "Point", "coordinates": [106.903764, -6.160147]}, "properties": {"kind": "green_area", "name": "Taman Jogging 1"}}, {"type": "Feature", "geometry": {"type": "Point", "coordinates": [106.9058816, -6.161416]}, "properties": {"kind": "green_area", "name": "Taman Jogging 2"}}, {"type": "Feature", "geometry": {"type": "Point", "coordinates": [106.9095247, -6.1580242]}, "properties": {"kind": "tree", "name": ""}}, {"type": "Feature", "geometry": {"type": "Point", "coordinates": [106.9096639, -6.1578438]}, "properties": {"kind": "tree", "name": ""}}, {"type": "Feature", "geometry": {"type": "Point", "coordinates": [106.9095703, -6.1578532]}, "properties": {"kind": "tree", "name": ""}}, {"type": "Feature", "geometry": {"type": "Point", "coordinates": [106.9095127, -6.1579735]}, "properties": {"kind": "tree", "name": ""}}, {"type": "Feature", "geometry": {"type": "Point", "coordinates": [106.9093376, -6.1569427]}, "properties": {"kind": "green_area", "name": "Gading Walk"}}, {"type": "Feature", "geometry": {"type": "Point", "coordinates": [106.9095727, -6.157859]}, "properties": {"kind": "green_area", "name": ""}}, {"type": "Feature", "geometry": {"type": "Point", "coordinates": [106.9096592, -6.157852]}, "properties": {"kind": "green_area", "name": ""}}, {"type": "Feature", "geometry": {"type": "Point", "coordinates": [106.9095301, -6.1580215]}, "properties": {"kind": "green_area", "name": ""}}, {"type": "Feature", "geometry": {"type": "Point", "coordinates": [106.9095973, -6.1579365]}, "properties": {"kind": "green_area", "name": ""}}, {"type": "Feature", "geometry": {"type": "Point", "coordinates": [106.9095186, -6.157958]}, "properties": {"kind": "green_area", "name": ""}}, {"type": "Feature", "geometry": {"type": "Point", "coordinates": [106.9126716, -6.1567492]}, "properties": {"kind": "green_area", "name": "Taman NKRI"}}, {"type": "Feature", "geometry": {"type": "Point", "coordinates": [106.910892, -6.1537776]}, "properties": {"kind": "green_area", "name": "RPTRA Kelapa Nias III"}}, {"type": "Feature", "geometry": {"type": "Point", "coordinates": [106.9134936, -6.1591537]}, "properties": {"kind": "green_area", "name": "Taman"}}, {"type": "Feature", "geometry": {"type": "Point", "coordinates": [106.8921956, -6.1514153]}, "properties": {"kind": "tree", "name": ""}}, {"type": "Feature", "geometry": {"type": "Point", "coordinates": [106.8922949, -6.1514713]}, "properties": {"kind": "tree", "name": ""}}, {"type": "Feature", "geometry": {"type": "Point", "coordinates": [106.8919891, -6.1517526]}, "properties": {"kind": "tree", "name": ""}}, {"type": "Feature", "geometry": {"type": "Point", "coordinates": [106.8925899, -6.1511473]}, "properties": {"kind": "tree", "name": ""}}, {"type": "Feature", "geometry": {"type": "Point", "coordinates": [106.8924531, -6.1510619]}, "properties": {"kind": "tree", "name": ""}}, {"type": "Feature", "geometry": {"type": "Point", "coordinates": [106.8924183, -6.151142]}, "properties": {"kind": "tree", "name": ""}}, {"type": "Feature", "geometry": {"type": "Point", "coordinates": [106.892543, -6.1512126]}, "properties": {"kind": "tree", "name": ""}}, {"type": "Feature", "geometry": {"type": "Point", "coordinates": [106.8929225, -6.1509619]}, "properties": {"kind": "tree", "name": ""}}, {"type": "Feature", "geometry": {"type": "Point", "coordinates": [106.8929923, -6.1508899]}, "properties": {"kind": "tree", "name": ""}}, {"type": "Feature", "geometry": {"type": "Point", "coordinates": [106.8928528, -6.1507953]}, "properties": {"kind": "tree", "name": ""}}, {"type": "Feature", "geometry": {"type": "Point", "coordinates": [106.8928219, -6.1508926]}, "properties": {"kind": "tree", "name": ""}}, {"type": "Feature", "geometry": {"type": "Point", "coordinates": [106.892779, -6.1507313]}, "properties": {"kind": "tree", "name": ""}}, {"type": "Feature", "geometry": {"type": "Point", "coordinates": [106.8926798, -6.1507953]}, "properties": {"kind": "tree", "name": ""}}, {"type": "Feature", "geometry": {"type": "Point", "coordinates": [106.8912002, -6.1527035]}, "properties": {"kind": "green_area", "name": ""}}, {"type": "Feature", "geometry": {"type": "Point", "coordinates": [106.8912065, -6.1527899]}, "properties": {"kind": "green_area", "name": ""}}, {"type": "Feature", "geometry": {"type": "Point", "coordinates": [106.8910899, -6.1528747]}, "properties": {"kind": "green_area", "name": ""}}, {"type": "Feature", "geometry": {"type": "Point", "coordinates": [106.8925618, -6.1507153]}, "properties": {"kind": "tree", "name": ""}}, {"type": "Feature", "geometry": {"type": "Point", "coordinates": [106.892496, -6.1505566]}, "properties": {"kind": "tree", "name": ""}}, {"type": "Feature", "geometry": {"type": "Point", "coordinates": [106.7259994, -6.2299046]}, "properties": {"kind": "green_area", "name": ""}}, {"type": "Feature", "geometry": {"type": "Point", "coordinates": [106.7476605, -6.2384616]}, "properties": {"kind": "tree", "name": ""}}, {"type": "Feature", "geometry": {"type": "Point", "coordinates": [106.7477553, -6.23845]}, "properties": {"kind": "tree", "name": ""}}, {"type": "Feature", "geometry": {"type": "Point", "coordinates": [106.7476664, -6.238574]}, "properties": {"kind": "tree", "name": ""}}, {"type": "Feature", "geometry": {"type": "Point", "coordinates": [106.7477799, -6.239903]}, "properties": {"kind": "tree", "name": ""}}, {"type": "Feature", "geometry": {"type": "Point", "coordinates": [106.7473893, -6.2336394]}, "properties": {"kind": "green_area", "name": "Taman Kupu-Kupu UBL"}}, {"type": "Feature", "geometry": {"type": "Point", "coordinates": [106.7473192, -6.2350365]}, "properties": {"kind": "green_area", "name": "Taman Tengah UBL"}}, {"type": "Feature", "geometry": {"type": "Point", "coordinates": [106.7476802, -6.2349296]}, "properties": {"kind": "green_area", "name": "Taman Masjid UBL"}}, {"type": "Feature", "geometry": {"type": "Point", "coordinates": [106.744679, -6.238217]}, "properties": {"kind": "green_area", "name": ""}}, {"type": "Feature", "geometry": {"type": "Point", "coordinates": [106.7453225, -6.2379065]}, "properties": {"kind": "green_area", "name": ""}}, {"type": "Feature", "geometry": {"type": "Point", "coordinates": [106.7478582, -6.2385084]}, "properties": {"kind": "green_area", "name": ""}}, {"type": "Feature", "geometry": {"type": "Point", "coordinates": [106.749001, -6.2402916]}, "properties": {"kind": "green_area", "name": ""}}, {"type": "Feature", "geometry": {"type": "Point", "coordinates": [106.7474679, -6.2397378]}, "properties": {"kind": "green_area", "name": ""}}, {"type": "Feature", "geometry": {"type": "Point", "coordinates": [106.7511584, -6.2376164]}, "properties": {"kind": "green_area", "name": ""}}, {"type": "Feature", "geometry": {"type": "Point", "coordinates": [106.7546789, -6.2359531]}, "properties": {"kind": "tree", "name": ""}}, {"type": "Feature", "geometry": {"type": "Point", "coordinates": [106.7515503, -6.2374548]}, "properties": {"kind": "tree", "name": ""}}, {"type": "Feature", "geometry": {"type": "Point", "coordinates": [106.7516761, -6.2375351]}, "properties": {"kind": "tree", "name": ""}}, {"type": "Feature", "geometry": {"type": "Point", "coordinates": [106.7527617, -6.239021]}, "properties": {"kind": "tree", "name": ""}}, {"type": "Feature", "geometry": {"type": "Point", "coordinates": [106.7528284, -6.2388236]}, "properties": {"kind": "tree", "name": ""}}, {"type": "Feature", "geometry": {"type": "Point", "coordinates": [106.7526048, -6.2385727]}, "properties": {"kind": "tree", "name": ""}}, {"type": "Feature", "geometry": {"type": "Point", "coordinates": [106.7529984, -6.2385873]}, "properties": {"kind": "tree", "name": ""}}, {"type": "Feature", "geometry": {"type": "Point", "coordinates": [106.7529923, -6.238564]}, "properties": {"kind": "tree", "name": ""}}, {"type": "Feature", "geometry": {"type": "Point", "coordinates": [106.7529608, -6.23858]}, "properties": {"kind": "tree", "name": ""}}, {"type": "Feature", "geometry": {"type": "Point", "coordinates": [106.7529675, -6.2384321]}, "properties": {"kind": "tree", "name": ""}}, {"type": "Feature", "geometry": {"type": "Point", "coordinates": [106.7529796, -6.2384654]}, "properties": {"kind": "tree", "name": ""}}, {"type": "Feature", "geometry": {"type": "Point", "coordinates": [106.7529038, -6.2383534]}, "properties": {"kind": "tree", "name": ""}}, {"type": "Feature", "geometry": {"type": "Point", "coordinates": [106.7529574, -6.2382974]}, "properties": {"kind": "tree", "name": ""}}, {"type": "Feature", "geometry": {"type": "Point", "coordinates": [106.7528991, -6.2384094]}, "properties": {"kind": "tree", "name": ""}}, {"type": "Feature", "geometry": {"type": "Point", "coordinates": [106.7529233, -6.2384374]}, "properties": {"kind": "tree", "name": ""}}, {"type": "Feature", "geometry": {"type": "Point", "coordinates": [106.7528891, -6.238432]}, "properties": {"kind": "tree", "name": ""}}, {"type": "Feature", "geometry": {"type": "Point", "coordinates": [106.7532572, -6.238472]}, "properties": {"kind": "tree", "name": ""}}, {"type": "Feature", "geometry": {"type": "Point", "coordinates": [106.753273, -6.2385103]}, "properties": {"kind": "tree", "name": ""}}, {"type": "Feature", "geometry": {"type": "Point", "coordinates": [106.7531989, -6.2385137]}, "properties": {"kind": "tree", "name": ""}}, {"type": "Feature", "geometry": {"type": "Point", "coordinates": [106.7531227, -6.2385463]}, "properties": {"kind": "tree", "name": ""}}, {"type": "Feature", "geometry": {"type": "Point", "coordinates": [106.753155, -6.2385454]}, "properties": {"kind": "tree", "name": ""}}, {"type": "Feature", "geometry": {"type": "Point", "coordinates": [106.7531687, -6.2385207]}, "properties": {"kind": "tree", "name": ""}}, {"type": "Feature", "geometry": {"type": "Point", "coordinates": [106.7532143, -6.2376881]}, "properties": {"kind": "tree", "name": ""}}, {"type": "Feature", "geometry": {"type": "Point", "coordinates": [106.7531831, -6.2379268]}, "properties": {"kind": "tree", "name": ""}}, {"type": "Feature", "geometry": {"type": "Point", "coordinates": [106.752983, -6.2378651]}, "properties": {"kind": "tree", "name": ""}}, {"type": "Feature", "geometry": {"type": "Point", "coordinates": [106.7527932, -6.2379034]}, "properties": {"kind": "tree", "name": ""}}, {"type": "Feature", "geometry": {"type": "Point", "coordinates": [106.7526212, -6.2375541]}, "properties": {"kind": "tree", "name": ""}}, {"type": "Feature", "geometry": {"type": "Point", "coordinates": [106.7525525, -6.2375328]}, "properties": {"kind": "tree", "name": ""}}, {"type": "Feature", "geometry": {"type": "Point", "coordinates": [106.7526245, -6.237658]}, "properties": {"kind": "tree", "name": ""}}, {"type": "Feature", "geometry": {"type": "Point", "coordinates": [106.7529957, -6.2377341]}, "properties": {"kind": "tree", "name": ""}}, {"type": "Feature", "geometry": {"type": "Point", "coordinates": [106.7527442, -6.2376635]}, "properties": {"kind": "tree", "name": ""}}, {"type": "Feature", "geometry": {"type": "Point", "coordinates": [106.7532954, -6.2367729]}, "properties": {"kind": "tree", "name": ""}}, {"type": "Feature", "geometry": {"type": "Point", "coordinates": [106.7530212, -6.2368182]}, "properties": {"kind": "tree", "name": ""}}, {"type": "Feature", "geometry": {"type": "Point", "coordinates": [106.7531194, -6.2369062]}, "properties": {"kind": "tree", "name": ""}}, {"type": "Feature", "geometry": {"type": "Point", "coordinates": [106.753162, -6.2369029]}, "properties": {"kind": "tree", "name": ""}}, {"type": "Feature", "geometry": {"type": "Point", "coordinates": [106.7526363, -6.2372895]}, "properties": {"kind": "tree", "name": ""}}, {"type": "Feature", "geometry": {"type": "Point", "coordinates": [106.7526336, -6.2374128]}, "properties": {"kind": "tree", "name": ""}}, {"type": "Feature", "geometry": {"type": "Point", "coordinates": [106.7535663, -6.2393919]}, "properties": {"kind": "tree", "name": ""}}, {"type": "Feature", "geometry": {"type": "Point", "coordinates": [106.7534644, -6.2390919]}, "properties": {"kind": "tree", "name": ""}}, {"type": "Feature", "geometry": {"type": "Point", "coordinates": [106.7535147, -6.2391353]}, "properties": {"kind": "tree", "name": ""}}, {"type": "Feature", "geometry": {"type": "Point", "coordinates": [106.7525075, -6.238686]}, "properties": {"kind": "tree", "name": ""}}, {"type": "Feature", "geometry": {"type": "Point", "coordinates": [106.7524995, -6.238634]}, "properties": {"kind": "tree", "name": ""}}, {"type": "Feature", "geometry": {"type": "Point", "coordinates": [106.7521441, -6.2372622]}, "properties": {"kind": "tree", "name": ""}}, {"type": "Feature", "geometry": {"type": "Point", "coordinates": [106.7522004, -6.2371542]}, "properties": {"kind": "tree", "name": ""}}, {"type": "Feature", "geometry": {"type": "Point", "coordinates": [106.7522011, -6.2372162]}, "properties": {"kind": "tree", "name": ""}}, {"type": "Feature", "geometry": {"type": "Point", "coordinates": [106.7526343, -6.2373628]}, "properties": {"kind": "tree", "name": ""}}, {"type": "Feature", "geometry": {"type": "Point", "coordinates": [106.7525739, -6.2370102]}, "properties": {"kind": "tree", "name": ""}}, {"type": "Feature", "geometry": {"type": "Point", "coordinates": [106.7519832, -6.2378224]}, "properties": {"kind": "green_area", "name": ""}}, {"type": "Feature", "geometry": {"type": "Point", "coordinates": [106.7521223, -6.2377298]}, "properties": {"kind": "green_area", "name": ""}}, {"type": "Feature", "geometry": {"type": "Point", "coordinates": [106.752124, -6.238106]}, "properties": {"kind": "green_area", "name": ""}}, {"type": "Feature", "geometry": {"type": "Point", "coordinates": [106.7516363, -6.237777]}, "properties": {"kind": "green_area", "name": ""}}, {"type": "Feature", "geometry": {"type": "Point", "coordinates": [106.7515051, -6.2375452]}, "properties": {"kind": "green_area", "name": ""}}, {"type": "Feature", "geometry": {"type": "Point", "coordinates": [106.7527959, -6.2387191]}, "properties": {"kind": "green_area", "name": ""}}, {"type": "Feature", "geometry": {"type": "Point", "coordinates": [106.7529367, -6.2384556]}, "properties": {"kind": "green_area", "name": ""}}, {"type": "Feature", "geometry": {"type": "Point", "coordinates": [106.7521185, -6.2372327]}, "properties": {"kind": "green_area", "name": ""}}, {"type": "Feature", "geometry": {"type": "Point", "coordinates": [106.7528914, -6.2386228]}, "properties": {"kind": "green_area", "name": ""}}, {"type": "Feature", "geometry": {"type": "Point", "coordinates": [106.7528911, -6.2385107]}, "properties": {"kind": "green_area", "name": ""}}, {"type": "Feature", "geometry": {"type": "Point", "coordinates": [106.7529142, -6.2382707]}, "properties": {"kind": "green_area", "name": ""}}, {"type": "Feature", "geometry": {"type": "Point", "coordinates": [106.7526482, -6.2382647]}, "properties": {"kind": "green_area", "name": ""}}, {"type": "Feature", "geometry": {"type": "Point", "coordinates": [106.7534289, -6.2369089]}, "properties": {"kind": "green_area", "name": ""}}, {"type": "Feature", "geometry": {"type": "Point", "coordinates": [106.7533092, -6.2370608]}, "properties": {"kind": "green_area", "name": ""}}, {"type": "Feature", "geometry": {"type": "Point", "coordinates": [106.7535103, -6.2371525]}, "properties": {"kind": "green_area", "name": ""}}, {"type": "Feature", "geometry": {"type": "Point", "coordinates": [106.7531294, -6.2372292]}, "properties": {"kind": "green_area", "name": ""}}, {"type": "Feature", "geometry": {"type": "Point", "coordinates": [106.753008, -6.2371697]}, "properties": {"kind": "green_area", "name": ""}}, {"type": "Feature", "geometry": {"type": "Point", "coordinates": [106.7528183, -6.2371385]}, "properties": {"kind": "green_area", "name": ""}}, {"type": "Feature", "geometry": {"type": "Point", "coordinates": [106.7525327, -6.2372548]}, "properties": {"kind": "green_area", "name": ""}}, {"type": "Feature", "geometry": {"type": "Point", "coordinates": [106.7519848, -6.2373195]}, "properties": {"kind": "green_area", "name": ""}}, {"type": "Feature", "geometry": {"type": "Point", "coordinates": [106.7522165, -6.2372821]}, "properties": {"kind": "green_area", "name": ""}}, {"type": "Feature", "geometry": {"type": "Point", "coordinates": [106.7522527, -6.2370666]}, "properties": {"kind": "green_area", "name": ""}}, {"type": "Feature", "geometry": {"type": "Point", "coordinates": [106.7599267, -6.2362799]}, "properties": {"kind": "green_area", "name": "Taman Swadarma"}}, {"type": "Feature", "geometry": {"type": "Point", "coordinates": [106.7882783, -6.241375]}, "properties": {"kind": "green_area", "name": "Taman Puring"}}, {"type": "Feature", "geometry": {"type": "Point", "coordinates": [106.7878084, -6.2390572]}, "properties": {"kind": "green_area", "name": "Taman Kerinci"}}, {"type": "Feature", "geometry": {"type": "Point", "coordinates": [106.79232, -6.2406093]}, "properties": {"kind": "green_area", "name": "Taman Bendera Pusaka Utara"}}, {"type": "Feature", "geometry": {"type": "Point", "coordinates": [106.7910988, -6.239377]}, "properties": {"kind": "green_area", "name": ""}}, {"type": "Feature", "geometry": {"type": "Point", "coordinates": [106.7931473, -6.2440382]}, "properties": {"kind": "green_area", "name": "Taman Bendera Pusaka Selatan"}}, {"type": "Feature", "geometry": {"type": "Point", "coordinates": [106.7887315, -6.2447825]}, "properties": {"kind": "green_area", "name": ""}}, {"type": "Feature", "geometry": {"type": "Point", "coordinates": [106.7900317, -6.2448769]}, "properties": {"kind": "green_area", "name": "Taman Gandaria Tengah"}}, {"type": "Feature", "geometry": {"type": "Point", "coordinates": [106.7910202, -6.2386693]}, "properties": {"kind": "green_area", "name": ""}}, {"type": "Feature", "geometry": {"type": "Point", "coordinates": [106.7903781, -6.2425638]}, "properties": {"kind": "green_area", "name": ""}}, {"type": "Feature", "geometry": {"type": "Point", "coordinates": [106.7986804, -6.2433406]}, "properties": {"kind": "green_area", "name": ""}}, {"type": "Feature", "geometry": {"type": "Point", "coordinates": [106.7988855, -6.2406526]}, "properties": {"kind": "tree", "name": ""}}, {"type": "Feature", "geometry": {"type": "Point", "coordinates": [106.7991276, -6.2403564]}, "properties": {"kind": "tree", "name": ""}}, {"type": "Feature", "geometry": {"type": "Point", "coordinates": [106.7989775, -6.2404698]}, "properties": {"kind": "tree", "name": ""}}, {"type": "Feature", "geometry": {"type": "Point", "coordinates": [106.7991659, -6.2404358]}, "properties": {"kind": "tree", "name": ""}}, {"type": "Feature", "geometry": {"type": "Point", "coordinates": [106.7991853, -6.2405194]}, "properties": {"kind": "tree", "name": ""}}, {"type": "Feature", "geometry": {"type": "Point", "coordinates": [106.7994438, -6.2406107]}, "properties": {"kind": "tree", "name": ""}}, {"type": "Feature", "geometry": {"type": "Point", "coordinates": [106.799418, -6.2406817]}, "properties": {"kind": "tree", "name": ""}}, {"type": "Feature", "geometry": {"type": "Point", "coordinates": [106.7987025, -6.2431651]}, "properties": {"kind": "green_area", "name": "Taman Martha Tiahahu"}}, {"type": "Feature", "geometry": {"type": "Point", "coordinates": [106.7996867, -6.240521]}, "properties": {"kind": "green_area", "name": "Taman Kota Peruri"}}, {"type": "Feature", "geometry": {"type": "Point", "coordinates": [106.7978858, -6.2435119]}, "properties": {"kind": "green_area", "name": ""}}, {"type": "Feature", "geometry": {"type": "Point", "coordinates": [106.7988317, -6.2425628]}, "properties": {"kind": "green_area", "name": "Taman Sedayu Blok M"}}, {"type": "Feature", "geometry": {"type": "Point", "coordinates": [106.8016167, -6.2405377]}, "properties": {"kind": "green_area", "name": ""}}, {"type": "Feature", "geometry": {"type": "Point", "coordinates": [106.8011529, -6.2369743]}, "properties": {"kind": "green_area", "name": "Taman Abipraya PUPR"}}, {"type": "Feature", "geometry": {"type": "Point", "coordinates": [106.797967, -6.2418809]}, "properties": {"kind": "green_area", "name": ""}}, {"type": "Feature", "geometry": {"type": "Point", "coordinates": [106.7990966, -6.2403998]}, "properties": {"kind": "green_area", "name": ""}}, {"type": "Feature", "geometry": {"type": "Point", "coordinates": [106.7989789, -6.2404718]}, "properties": {"kind": "green_area", "name": ""}}, {"type": "Feature", "geometry": {"type": "Point", "coordinates": [106.7989194, -6.2406315]}, "properties": {"kind": "green_area", "name": ""}}, {"type": "Feature", "geometry": {"type": "Point", "coordinates": [106.7992407, -6.2407857]}, "properties": {"kind": "green_area", "name": ""}}, {"type": "Feature", "geometry": {"type": "Point", "coordinates": [106.7993278, -6.2404821]}, "properties": {"kind": "green_area", "name": ""}}, {"type": "Feature", "geometry": {"type": "Point", "coordinates": [106.7995, -6.2404965]}, "properties": {"kind": "green_area", "name": ""}}, {"type": "Feature", "geometry": {"type": "Point", "coordinates": [106.7991836, -6.2405179]}, "properties": {"kind": "green_area", "name": ""}}, {"type": "Feature", "geometry": {"type": "Point", "coordinates": [106.7994433, -6.2406134]}, "properties": {"kind": "green_area", "name": ""}}, {"type": "Feature", "geometry": {"type": "Point", "coordinates": [106.7994188, -6.2406844]}, "properties": {"kind": "green_area", "name": ""}}, {"type": "Feature", "geometry": {"type": "Point", "coordinates": [106.8065378, -6.2371823]}, "properties": {"kind": "green_area", "name": "Taman Sanjaya"}}, {"type": "Feature", "geometry": {"type": "Point", "coordinates": [106.8084302, -6.2420629]}, "properties": {"kind": "green_area", "name": ""}}, {"type": "Feature", "geometry": {"type": "Point", "coordinates": [106.8083672, -6.2400958]}, "properties": {"kind": "green_area", "name": ""}}, {"type": "Feature", "geometry": {"type": "Point", "coordinates": [106.8088487, -6.2410682]}, "properties": {"kind": "green_area", "name": "Taman Cibulan"}}, {"type": "Feature", "geometry": {"type": "Point", "coordinates": [106.807396, -6.2413904]}, "properties": {"kind": "green_area", "name": ""}}, {"type": "Feature", "geometry": {"type": "Point", "coordinates": [106.8073514, -6.2421722]}, "properties": {"kind": "green_area", "name": ""}}, {"type": "Feature", "geometry": {"type": "Point", "coordinates": [106.8159826, -6.2381425]}, "properties": {"kind": "green_area", "name": "Taman Laksana"}}, {"type": "Feature", "geometry": {"type": "Point", "coordinates": [106.8148185, -6.2385602]}, "properties": {"kind": "green_area", "name": "Gymnasium Park"}}, {"type": "Feature", "geometry": {"type": "Point", "coordinates": [106.8396574, -6.2459083]}, "properties": {"kind": "green_area", "name": ""}}, {"type": "Feature", "geometry": {"type": "Point", "coordinates": [106.8359845, -6.2419861]}, "properties": {"kind": "green_area", "name": "SMESCO"}}, {"type": "Feature", "geometry": {"type": "Point", "coordinates": [106.8313296, -6.2434307]}, "properties": {"kind": "tree", "name": ""}}, {"type": "Feature", "geometry": {"type": "Point", "coordinates": [106.8314651, -6.24344]}, "properties": {"kind": "tree", "name": ""}}, {"type": "Feature", "geometry": {"type": "Point", "coordinates": [106.8315817, -6.2434667]}, "properties": {"kind": "tree", "name": ""}}, {"type": "Feature", "geometry": {"type": "Point", "coordinates": [106.8313698, -6.243552]}, "properties": {"kind": "tree", "name": ""}}, {"type": "Feature", "geometry": {"type": "Point", "coordinates": [106.8315442, -6.243612]}, "properties": {"kind": "tree", "name": ""}}, {"type": "Feature", "geometry": {"type": "Point", "coordinates": [106.8312639, -6.2437507]}, "properties": {"kind": "tree", "name": ""}}, {"type": "Feature", "geometry": {"type": "Point", "coordinates": [106.8313913, -6.24378]}, "properties": {"kind": "tree", "name": ""}}, {"type": "Feature", "geometry": {"type": "Point", "coordinates": [106.831575, -6.2437573]}, "properties": {"kind": "tree", "name": ""}}, {"type": "Feature", "geometry": {"type": "Point", "coordinates": [106.8312196, -6.2435787]}, "properties": {"kind": "tree", "name": ""}}, {"type": "Feature", "geometry": {"type": "Point", "coordinates": [106.8311083, -6.243628]}, "properties": {"kind": "tree", "name": ""}}, {"type": "Feature", "geometry": {"type": "Point", "coordinates": [106.831111, -6.2435187]}, "properties": {"kind": "tree", "name": ""}}, {"type": "Feature", "geometry": {"type": "Point", "coordinates": [106.8322362, -6.2432587]}, "properties": {"kind": "tree", "name": ""}}, {"type": "Feature", "geometry": {"type": "Point", "coordinates": [106.832597, -6.2427615]}, "properties": {"kind": "tree", "name": ""}}, {"type": "Feature", "geometry": {"type": "Point", "coordinates": [106.8325889, -6.2414336]}, "properties": {"kind": "tree", "name": ""}}, {"type": "Feature", "geometry": {"type": "Point", "coordinates": [106.8325192, -6.2412217]}, "properties": {"kind": "tree", "name": ""}}, {"type": "Feature", "geometry": {"type": "Point", "coordinates": [106.8323234, -6.2415403]}, "properties": {"kind": "tree", "name": ""}}, {"type": "Feature", "geometry": {"type": "Point", "coordinates": [106.8321155, -6.2417429]}, "properties": {"kind": "tree", "name": ""}}, {"type": "Feature", "geometry": {"type": "Point", "coordinates": [106.8314597, -6.2418842]}, "properties": {"kind": "tree", "name": ""}}, {"type": "Feature", "geometry": {"type": "Point", "coordinates": [106.8314128, -6.2417963]}, "properties": {"kind": "tree", "name": ""}}, {"type": "Feature", "geometry": {"type": "Point", "coordinates": [106.8313082, -6.2415096]}, "properties": {"kind": "tree", "name": ""}}, {"type": "Feature", "geometry": {"type": "Point", "coordinates": [106.8313216, -6.2416536]}, "properties": {"kind": "tree", "name": ""}}, {"type": "Feature", "geometry": {"type": "Point", "coordinates": [106.831685, -6.2406204]}, "properties": {"kind": "tree", "name": ""}}, {"type": "Feature", "geometry": {"type": "Point", "coordinates": [106.8318996, -6.2405671]}, "properties": {"kind": "tree", "name": ""}}, {"type": "Feature", "geometry": {"type": "Point", "coordinates": [106.8315938, -6.240975]}, "properties": {"kind": "tree", "name": ""}}, {"type": "Feature", "geometry": {"type": "Point", "coordinates": [106.8314865, -6.2407511]}, "properties": {"kind": "tree", "name": ""}}, {"type": "Feature", "geometry": {"type": "Point", "coordinates": [106.8336283, -6.2409817]}, "properties": {"kind": "tree", "name": ""}}, {"type": "Feature", "geometry": {"type": "Point", "coordinates": [106.8327391, -6.2407297]}, "properties": {"kind": "tree", "name": ""}}, {"type": "Feature", "geometry": {"type": "Point", "coordinates": [106.8326627, -6.2407017]}, "properties": {"kind": "tree", "name": ""}}, {"type": "Feature", "geometry": {"type": "Point", "coordinates": [106.8326761, -6.2407911]}, "properties": {"kind": "tree", "name": ""}}, {"type": "Feature", "geometry": {"type": "Point", "coordinates": [106.8328544, -6.2407697]}, "properties": {"kind": "tree", "name": ""}}, {"type": "Feature", "geometry": {"type": "Point", "coordinates": [106.8329604, -6.240815]}, "properties": {"kind": "tree", "name": ""}}, {"type": "Feature", "geometry": {"type": "Point", "coordinates": [106.8328665, -6.240931]}, "properties": {"kind": "tree", "name": ""}}, {"type": "Feature", "geometry": {"type": "Point", "coordinates": [106.8332434, -6.2409057]}, "properties": {"kind": "tree", "name": ""}}, {"type": "Feature", "geometry": {"type": "Point", "coordinates": [106.8330824, -6.2413776]}, "properties": {"kind": "tree", "name": ""}}, {"type": "Feature", "geometry": {"type": "Point", "coordinates": [106.8325648, -6.2415523]}, "properties": {"kind": "tree", "name": ""}}, {"type": "Feature", "geometry": {"type": "Point", "coordinates": [106.8340963, -6.2416669]}, "properties": {"kind": "tree", "name": ""}}, {"type": "Feature", "geometry": {"type": "Point", "coordinates": [106.8332165, -6.2422309]}, "properties": {"kind": "tree", "name": ""}}, {"type": "Feature", "geometry": {"type": "Point", "coordinates": [106.8330301, -6.2422109]}, "properties": {"kind": "tree", "name": ""}}, {"type": "Feature", "geometry": {"type": "Point", "coordinates": [106.8331093, -6.2423082]}, "properties": {"kind": "tree", "name": ""}}, {"type": "Feature", "geometry": {"type": "Point", "coordinates": [106.8327807, -6.2417269]}, "properties": {"kind": "tree", "name": ""}}, {"type": "Feature", "geometry": {"type": "Point", "coordinates": [106.8327726, -6.2418336]}, "properties": {"kind": "tree", "name": ""}}, {"type": "Feature", "geometry": {"type": "Point", "coordinates": [106.8330395, -6.2418496]}, "properties": {"kind": "tree", "name": ""}}, {"type": "Feature", "geometry": {"type": "Point", "coordinates": [106.8332809, -6.2419962]}, "properties": {"kind": "tree", "name": ""}}, {"type": "Feature", "geometry": {"type": "Point", "coordinates": [106.8338428, -6.2423695]}, "properties": {"kind": "tree", "name": ""}}, {"type": "Feature", "geometry": {"type": "Point", "coordinates": [106.8329979, -6.2423095]}, "properties": {"kind": "tree", "name": ""}}, {"type": "Feature", "geometry": {"type": "Point", "coordinates": [106.8335015, -6.2426381]}, "properties": {"kind": "tree", "name": ""}}, {"type": "Feature", "geometry": {"type": "Point", "coordinates": [106.8333862, -6.2426288]}, "properties": {"kind": "tree", "name": ""}}, {"type": "Feature", "geometry": {"type": "Point", "coordinates": [106.7511557, -6.2379301]}, "properties": {"kind": "tree", "name": ""}}, {"type": "Feature", "geometry": {"type": "Point", "coordinates": [106.7512227, -6.2380009]}, "properties": {"kind": "green_area", "name": ""}}, {"type": "Feature", "geometry": {"type": "Point", "coordinates": [106.8261893, -6.2369381]}, "properties": {"kind": "green_area", "name": ""}}, {"type": "Feature", "geometry": {"type": "Point", "coordinates": [106.8336952, -6.2321308]}, "properties": {"kind": "tree", "name": ""}}, {"type": "Feature", "geometry": {"type": "Point", "coordinates": [106.834535, -6.2318738]}, "properties": {"kind": "tree", "name": ""}}, {"type": "Feature", "geometry": {"type": "Point", "coordinates": [106.8286629, -6.2320236]}, "properties": {"kind": "tree", "name": ""}}, {"type": "Feature", "geometry": {"type": "Point", "coordinates": [106.8344172, -6.233142]}, "properties": {"kind": "green_area", "name": "Taman Patra Kuningan"}}, {"type": "Feature", "geometry": {"type": "Point", "coordinates": [106.8302875, -6.2294004]}, "properties": {"kind": "green_area", "name": ""}}, {"type": "Feature", "geometry": {"type": "Point", "coordinates": [106.833824, -6.2335354]}, "properties": {"kind": "green_area", "name": ""}}, {"type": "Feature", "geometry": {"type": "Point", "coordinates": [106.834576, -6.2305881]}, "properties": {"kind": "green_area", "name": ""}}, {"type": "Feature", "geometry": {"type": "Point", "coordinates": [106.8342559, -6.2315902]}, "properties": {"kind": "green_area", "name": ""}}, {"type": "Feature", "geometry": {"type": "Point", "coordinates": [106.8346346, -6.2312121]}, "properties": {"kind": "green_area", "name": ""}}, {"type": "Feature", "geometry": {"type": "Point", "coordinates": [106.8346652, -6.2310574]}, "properties": {"kind": "green_area", "name": ""}}, {"type": "Feature", "geometry": {"type": "Point", "coordinates": [106.8336914, -6.2321522]}, "properties": {"kind": "green_area", "name": ""}}, {"type": "Feature", "geometry": {"type": "Point", "coordinates": [106.8334612, -6.2332889]}, "properties": {"kind": "green_area", "name": ""}}, {"type": "Feature", "geometry": {"type": "Point", "coordinates": [106.8342338, -6.2324829]}, "properties": {"kind": "green_area", "name": ""}}, {"type": "Feature", "geometry": {"type": "Point", "coordinates": [106.8306077, -6.2314023]}, "properties": {"kind": "green_area", "name": ""}}, {"type": "Feature", "geometry": {"type": "Point", "coordinates": [106.8295666, -6.2306464]}, "properties": {"kind": "green_area", "name": ""}}, {"type": "Feature", "geometry": {"type": "Point", "coordinates": [106.8287665, -6.2309894]}, "properties": {"kind": "green_area", "name": ""}}, {"type": "Feature", "geometry": {"type": "Point", "coordinates": [106.8288524, -6.2321071]}, "properties": {"kind": "green_area", "name": ""}}, {"type": "Feature", "geometry": {"type": "Point", "coordinates": [106.8347193, -6.2214213]}, "properties": {"kind": "green_area", "name": "Lapangan Gor Soemantri"}}, {"type": "Feature", "geometry": {"type": "Point", "coordinates": [106.8345562, -6.2204556]}, "properties": {"kind": "green_area", "name": ""}}, {"type": "Feature", "geometry": {"type": "Point", "coordinates": [106.832946, -6.2218921]}, "properties": {"kind": "green_area", "name": ""}}, {"type": "Feature", "geometry": {"type": "Point", "coordinates": [106.8294346, -6.2196278]}, "properties": {"kind": "green_area", "name": ""}}, {"type": "Feature", "geometry": {"type": "Point", "coordinates": [106.829119, -6.2196031]}, "properties": {"kind": "green_area", "name": ""}}, {"type": "Feature", "geometry": {"type": "Point", "coordinates": [106.8296591, -6.2198657]}, "properties": {"kind": "green_area", "name": "taman sederhana"}}, {"type": "Feature", "geometry": {"type": "Point", "coordinates": [106.8297579, -6.2134601]}, "properties": {"kind": "green_area", "name": "Taman Bakrie"}}, {"type": "Feature", "geometry": {"type": "Point", "coordinates": [106.8277571, -6.2171916]}, "properties": {"kind": "green_area", "name": ""}}, {"type": "Feature", "geometry": {"type": "Point", "coordinates": [106.8293542, -6.2170471]}, "properties": {"kind": "green_area", "name": ""}}, {"type": "Feature", "geometry": {"type": "Point", "coordinates": [106.8290029, -6.2149576]}, "properties": {"kind": "green_area", "name": "Taman Setiabudi"}}, {"type": "Feature", "geometry": {"type": "Point", "coordinates": [106.8338539, -6.2139306]}, "properties": {"kind": "green_area", "name": ""}}, {"type": "Feature", "geometry": {"type": "Point", "coordinates": [106.8342747, -6.2140064]}, "properties": {"kind": "green_area", "name": ""}}, {"type": "Feature", "geometry": {"type": "Point", "coordinates": [106.8269782, -6.2011114]}, "properties": {"kind": "green_area", "name": "Taman Lawang"}}, {"type": "Feature", "geometry": {"type": "Point", "coordinates": [106.824619, -6.1991818]}, "properties": {"kind": "green_area", "name": ""}}, {"type": "Feature", "geometry": {"type": "Point", "coordinates": [106.8265485, -6.2012742]}, "properties": {"kind": "green_area", "name": "Taman Sumenep"}}, {"type": "Feature", "geometry": {"type": "Point", "coordinates": [106.8276101, -6.202374]}, "properties": {"kind": "green_area", "name": "Taman Viaduct Latuharhary"}}, {"type": "Feature", "geometry": {"type": "Point", "coordinates": [106.8248445, -6.1993941]}, "properties": {"kind": "green_area", "name": "Taman Sumenep"}}, {"type": "Feature", "geometry": {"type": "Point", "coordinates": [106.8247702, -6.2060224]}, "properties": {"kind": "green_area", "name": "Unused Landbank"}}, {"type": "Feature", "geometry": {"type": "Point", "coordinates": [106.8248141, -6.2023639]}, "properties": {"kind": "green_area", "name": "Taman Kudus"}}, {"type": "Feature", "geometry": {"type": "Point", "coordinates": [106.8280066, -6.2319857]}, "properties": {"kind": "green_area", "name": ""}}, {"type": "Feature", "geometry": {"type": "Point", "coordinates": [106.7076895, -6.2214651]}, "properties": {"kind": "green_area", "name": "Yadika Park"}}, {"type": "Feature", "geometry": {"type": "Point", "coordinates": [106.85246, -6.1313485]}, "properties": {"kind": "green_area", "name": ""}}, {"type": "Feature", "geometry": {"type": "Point", "coordinates": [106.8251025, -6.1751918]}, "properties": {"kind": "tree", "name": ""}}, {"type": "Feature", "geometry": {"type": "Point", "coordinates": [106.8252856, -6.1751911]}, "properties": {"kind": "tree", "name": ""}}, {"type": "Feature", "geometry": {"type": "Point", "coordinates": [106.8252184, -6.1751886]}, "properties": {"kind": "tree", "name": ""}}, {"type": "Feature", "geometry": {"type": "Point", "coordinates": [106.825443, -6.1751936]}, "properties": {"kind": "tree", "name": ""}}, {"type": "Feature", "geometry": {"type": "Point", "coordinates": [106.8253586, -6.1751949]}, "properties": {"kind": "tree", "name": ""}}, {"type": "Feature", "geometry": {"type": "Point", "coordinates": [106.8251573, -6.1751829]}, "properties": {"kind": "tree", "name": ""}}, {"type": "Feature", "geometry": {"type": "Point", "coordinates": [106.8254661, -6.1755687]}, "properties": {"kind": "tree", "name": ""}}, {"type": "Feature", "geometry": {"type": "Point", "coordinates": [106.8250923, -6.1755635]}, "properties": {"kind": "tree", "name": ""}}, {"type": "Feature", "geometry": {"type": "Point", "coordinates": [106.8252917, -6.1755627]}, "properties": {"kind": "tree", "name": ""}}, {"type": "Feature", "geometry": {"type": "Point", "coordinates": [106.8252133, -6.1755582]}, "properties": {"kind": "tree", "name": ""}}, {"type": "Feature", "geometry": {"type": "Point", "coordinates": [106.8251419, -6.1755588]}, "properties": {"kind": "tree", "name": ""}}, {"type": "Feature", "geometry": {"type": "Point", "coordinates": [106.8253678, -6.175565]}, "properties": {"kind": "tree", "name": ""}}, {"type": "Feature", "geometry": {"type": "Point", "coordinates": [106.8240414, -6.1757948]}, "properties": {"kind": "tree", "name": ""}}, {"type": "Feature", "geometry": {"type": "Point", "coordinates": [106.8242528, -6.175799]}, "properties": {"kind": "tree", "name": ""}}, {"type": "Feature", "geometry": {"type": "Point", "coordinates": [106.8241392, -6.1757967]}, "properties": {"kind": "tree", "name": ""}}, {"type": "Feature", "geometry": {"type": "Point", "coordinates": [106.8243507, -6.1758009]}, "properties": {"kind": "tree", "name": ""}}, {"type": "Feature", "geometry": {"type": "Point", "coordinates": [106.8240393, -6.1758993]}, "properties": {"kind": "tree", "name": ""}}, {"type": "Feature", "geometry": {"type": "Point", "coordinates": [106.8241371, -6.1758977]}, "properties": {"kind": "tree", "name": ""}}, {"type": "Feature", "geometry": {"type": "Point", "coordinates": [106.82425, -6.1758988]}, "properties": {"kind": "tree", "name": ""}}, {"type": "Feature", "geometry": {"type": "Point", "coordinates": [106.8243487, -6.1758988]}, "properties": {"kind": "tree", "name": ""}}, {"type": "Feature", "geometry": {"type": "Point", "coordinates": [106.8240378, -6.1759788]}, "properties": {"kind": "tree", "name": ""}}, {"type": "Feature", "geometry": {"type": "Point", "coordinates": [106.8241354, -6.175981]}, "properties": {"kind": "tree", "name": ""}}, {"type": "Feature", "geometry": {"type": "Point", "coordinates": [106.8242475, -6.1759873]}, "properties": {"kind": "tree", "name": ""}}, {"type": "Feature", "geometry": {"type": "Point", "coordinates": [106.8243469, -6.17599]}, "properties": {"kind": "tree", "name": ""}}, {"type": "Feature", "geometry": {"type": "Point", "coordinates": [106.8240361, -6.1760646]}, "properties": {"kind": "tree", "name": ""}}, {"type": "Feature", "geometry": {"type": "Point", "coordinates": [106.8242453, -6.1760674]}, "properties": {"kind": "tree", "name": ""}}, {"type": "Feature", "geometry": {"type": "Point", "coordinates": [106.8241337, -6.1760651]}, "properties": {"kind": "tree", "name": ""}}, {"type": "Feature", "geometry": {"type": "Point", "coordinates": [106.8243454, -6.1760695]}, "properties": {"kind": "tree", "name": ""}}, {"type": "Feature", "geometry": {"type": "Point", "coordinates": [106.8240344, -6.1761478]}, "properties": {"kind": "tree", "name": ""}}, {"type": "Feature", "geometry": {"type": "Point", "coordinates": [106.8241319, -6.1761498]}, "properties": {"kind": "tree", "name": ""}}, {"type": "Feature", "geometry": {"type": "Point", "coordinates": [106.8242429, -6.1761519]}, "properties": {"kind": "tree", "name": ""}}, {"type": "Feature", "geometry": {"type": "Point", "coordinates": [106.8243437, -6.1761539]}, "properties": {"kind": "tree", "name": ""}}, {"type": "Feature", "geometry": {"type": "Point", "coordinates": [106.8251956, -6.1738332]}, "properties": {"kind": "tree", "name": ""}}, {"type": "Feature", "geometry": {"type": "Point", "coordinates": [106.8252539, -6.1738929]}, "properties": {"kind": "tree", "name": ""}}, {"type": "Feature", "geometry": {"type": "Point", "coordinates": [106.8251108, -6.1738911]}, "properties": {"kind": "tree", "name": ""}}, {"type": "Feature", "geometry": {"type": "Point", "coordinates": [106.8251519, -6.1739251]}, "properties": {"kind": "tree", "name": ""}}, {"type": "Feature", "geometry": {"type": "Point", "coordinates": [106.8250545, -6.1739402]}, "properties": {"kind": "tree", "name": ""}}, {"type": "Feature", "geometry": {"type": "Point", "coordinates": [106.8251304, -6.1739714]}, "properties": {"kind": "tree", "name": ""}}, {"type": "Feature", "geometry": {"type": "Point", "coordinates": [106.8250482, -6.1740055]}, "properties": {"kind": "tree", "name": ""}}, {"type": "Feature", "geometry": {"type": "Point", "coordinates": [106.8251054, -6.1740156]}, "properties": {"kind": "tree", "name": ""}}, {"type": "Feature", "geometry": {"type": "Point", "coordinates": [106.82505, -6.1740702]}, "properties": {"kind": "tree", "name": ""}}, {"type": "Feature", "geometry": {"type": "Point", "coordinates": [106.8250983, -6.1740652]}, "properties": {"kind": "tree", "name": ""}}, {"type": "Feature", "geometry": {"type": "Point", "coordinates": [106.8250903, -6.1741289]}, "properties": {"kind": "tree", "name": ""}}, {"type": "Feature", "geometry": {"type": "Point", "coordinates": [106.8250447, -6.1741348]}, "properties": {"kind": "tree", "name": ""}}, {"type": "Feature", "geometry": {"type": "Point", "coordinates": [106.8250974, -6.1741785]}, "properties": {"kind": "tree", "name": ""}}, {"type": "Feature", "geometry": {"type": "Point", "coordinates": [106.8250459, -6.1741959]}, "properties": {"kind": "tree", "name": ""}}, {"type": "Feature", "geometry": {"type": "Point", "coordinates": [106.8250471, -6.1742613]}, "properties": {"kind": "tree", "name": ""}}, {"type": "Feature", "geometry": {"type": "Point", "coordinates": [106.8251022, -6.1742572]}, "properties": {"kind": "tree", "name": ""}}, {"type": "Feature", "geometry": {"type": "Point", "coordinates": [106.825045, -6.174314]}, "properties": {"kind": "tree", "name": ""}}, {"type": "Feature", "geometry": {"type": "Point", "coordinates": [106.8250975, -6.1743161]}, "properties": {"kind": "tree", "name": ""}}, {"type": "Feature", "geometry": {"type": "Point", "coordinates": [106.8250887, -6.1743795]}, "properties": {"kind": "tree", "name": ""}}, {"type": "Feature", "geometry": {"type": "Point", "coordinates": [106.8250376, -6.1743863]}, "properties": {"kind": "tree", "name": ""}}, {"type": "Feature", "geometry": {"type": "Point", "coordinates": [106.8251062, -6.1744411]}, "properties": {"kind": "tree", "name": ""}}, {"type": "Feature", "geometry": {"type": "Point", "coordinates": [106.8250403, -6.1744446]}, "properties": {"kind": "tree", "name": ""}}, {"type": "Feature", "geometry": {"type": "Point", "coordinates": [106.8250972, -6.1744995]}, "properties": {"kind": "tree", "name": ""}}, {"type": "Feature", "geometry": {"type": "Point", "coordinates": [106.8250363, -6.1745071]}, "properties": {"kind": "tree", "name": ""}}, {"type": "Feature", "geometry": {"type": "Point", "coordinates": [106.8250353, -6.1746345]}, "properties": {"kind": "tree", "name": ""}}, {"type": "Feature", "geometry": {"type": "Point", "coordinates": [106.8250324, -6.174571]}, "properties": {"kind": "tree", "name": ""}}, {"type": "Feature", "geometry": {"type": "Point", "coordinates": [106.825098, -6.1746281]}, "properties": {"kind": "tree", "name": ""}}, {"type": "Feature", "geometry": {"type": "Point", "coordinates": [106.8251012, -6.1747007]}, "properties": {"kind": "tree", "name": ""}}, {"type": "Feature", "geometry": {"type": "Point", "coordinates": [106.8250351, -6.1747024]}, "properties": {"kind": "tree", "name": ""}}, {"type": "Feature", "geometry": {"type": "Point", "coordinates": [106.8250992, -6.1747612]}, "properties": {"kind": "tree", "name": ""}}, {"type": "Feature", "geometry": {"type": "Point", "coordinates": [106.8250291, -6.1748205]}, "properties": {"kind": "tree", "name": ""}}, {"type": "Feature", "geometry": {"type": "Point", "coordinates": [106.8250952, -6.1748235]}, "properties": {"kind": "tree", "name": ""}}, {"type": "Feature", "geometry": {"type": "Point", "coordinates": [106.8250342, -6.1748748]}, "properties": {"kind": "tree", "name": ""}}, {"type": "Feature", "geometry": {"type": "Point", "coordinates": [106.8250605, -6.1749554]}, "properties": {"kind": "tree", "name": ""}}, {"type": "Feature", "geometry": {"type": "Point", "coordinates": [106.8251518, -6.174945]}, "properties": {"kind": "tree", "name": ""}}, {"type": "Feature", "geometry": {"type": "Point", "coordinates": [106.825077, -6.1757933]}, "properties": {"kind": "tree", "name": ""}}, {"type": "Feature", "geometry": {"type": "Point", "coordinates": [106.8250182, -6.1758434]}, "properties": {"kind": "tree", "name": ""}}, {"type": "Feature", "geometry": {"type": "Point", "coordinates": [106.8250795, -6.1758554]}, "properties": {"kind": "tree", "name": ""}}, {"type": "Feature", "geometry": {"type": "Point", "coordinates": [106.8250172, -6.1759076]}, "properties": {"kind": "tree", "name": ""}}, {"type": "Feature", "geometry": {"type": "Point", "coordinates": [106.8250804, -6.175901]}, "properties": {"kind": "tree", "name": ""}}, {"type": "Feature", "geometry": {"type": "Point", "coordinates": [106.8250827, -6.1759815]}, "properties": {"kind": "tree", "name": ""}}, {"type": "Feature", "geometry": {"type": "Point", "coordinates": [106.8250202, -6.1759834]}, "properties": {"kind": "tree", "name": ""}}, {"type": "Feature", "geometry": {"type": "Point", "coordinates": [106.8250824, -6.1760358]}, "properties": {"kind": "tree", "name": ""}}, {"type": "Feature", "geometry": {"type": "Point", "coordinates": [106.8250194, -6.1760365]}, "properties": {"kind": "tree", "name": ""}}, {"type": "Feature", "geometry": {"type": "Point", "coordinates": [106.8250853, -6.1761018]}, "properties": {"kind": "tree", "name": ""}}, {"type": "Feature", "geometry": {"type": "Point", "coordinates": [106.8250234, -6.1761053]}, "properties": {"kind": "tree", "name": ""}}, {"type": "Feature", "geometry": {"type": "Point", "coordinates": [106.8250834, -6.1762247]}, "properties": {"kind": "tree", "name": ""}}, {"type": "Feature", "geometry": {"type": "Point", "coordinates": [106.8250109, -6.1762245]}, "properties": {"kind": "tree", "name": ""}}, {"type": "Feature", "geometry": {"type": "Point", "coordinates": [106.825016, -6.1762904]}, "properties": {"kind": "tree", "name": ""}}, {"type": "Feature", "geometry": {"type": "Point", "coordinates": [106.8250807, -6.1762903]}, "properties": {"kind": "tree", "name": ""}}, {"type": "Feature", "geometry": {"type": "Point", "coordinates": [106.8250142, -6.1763614]}, "properties": {"kind": "tree", "name": ""}}, {"type": "Feature", "geometry": {"type": "Point", "coordinates": [106.8250873, -6.1764245]}, "properties": {"kind": "tree", "name": ""}}, {"type": "Feature", "geometry": {"type": "Point", "coordinates": [106.8250168, -6.1764202]}, "properties": {"kind": "tree", "name": ""}}, {"type": "Feature", "geometry": {"type": "Point", "coordinates": [106.8250159, -6.1764948]}, "properties": {"kind": "tree", "name": ""}}, {"type": "Feature", "geometry": {"type": "Point", "coordinates": [106.8250833, -6.1764877]}, "properties": {"kind": "tree", "name": ""}}, {"type": "Feature", "geometry": {"type": "Point", "coordinates": [106.8250189, -6.1765538]}, "properties": {"kind": "tree", "name": ""}}, {"type": "Feature", "geometry": {"type": "Point", "coordinates": [106.8250833, -6.1765444]}, "properties": {"kind": "tree", "name": ""}}, {"type": "Feature", "geometry": {"type": "Point", "coordinates": [106.8250162, -6.17661]}, "properties": {"kind": "tree", "name": ""}}, {"type": "Feature", "geometry": {"type": "Point", "coordinates": [106.8250794, -6.1766065]}, "properties": {"kind": "tree", "name": ""}}, {"type": "Feature", "geometry": {"type": "Point", "coordinates": [106.8250321, -6.1766821]}, "properties": {"kind": "tree", "name": ""}}, {"type": "Feature", "geometry": {"type": "Point", "coordinates": [106.825099, -6.1766646]}, "properties": {"kind": "tree", "name": ""}}, {"type": "Feature", "geometry": {"type": "Point", "coordinates": [106.8251093, -6.1767208]}, "properties": {"kind": "tree", "name": ""}}, {"type": "Feature", "geometry": {"type": "Point", "coordinates": [106.8250463, -6.1767316]}, "properties": {"kind": "tree", "name": ""}}, {"type": "Feature", "geometry": {"type": "Point", "coordinates": [106.8251381, -6.1767629]}, "properties": {"kind": "tree", "name": ""}}, {"type": "Feature", "geometry": {"type": "Point", "coordinates": [106.8250726, -6.1767875]}, "properties": {"kind": "tree", "name": ""}}, {"type": "Feature", "geometry": {"type": "Point", "coordinates": [106.8251628, -6.1768027]}, "properties": {"kind": "tree", "name": ""}}, {"type": "Feature", "geometry": {"type": "Point", "coordinates": [106.8251166, -6.1768454]}, "properties": {"kind": "tree", "name": ""}}, {"type": "Feature", "geometry": {"type": "Point", "coordinates": [106.8252095, -6.1768504]}, "properties": {"kind": "tree", "name": ""}}, {"type": "Feature", "geometry": {"type": "Point", "coordinates": [106.8251532, -6.1768965]}, "properties": {"kind": "tree", "name": ""}}, {"type": "Feature", "geometry": {"type": "Point", "coordinates": [106.8252458, -6.1768867]}, "properties": {"kind": "tree", "name": ""}}, {"type": "Feature", "geometry": {"type": "Point", "coordinates": [106.8252003, -6.176941]}, "properties": {"kind": "tree", "name": ""}}, {"type": "Feature", "geometry": {"type": "Point", "coordinates": [106.825305, -6.1769268]}, "properties": {"kind": "tree", "name": ""}}, {"type": "Feature", "geometry": {"type": "Point", "coordinates": [106.8253453, -6.1769568]}, "properties": {"kind": "tree", "name": ""}}, {"type": "Feature", "geometry": {"type": "Point", "coordinates": [106.8252557, -6.1769835]}, "properties": {"kind": "tree", "name": ""}}, {"type": "Feature", "geometry": {"type": "Point", "coordinates": [106.8253036, -6.1770274]}, "properties": {"kind": "tree", "name": ""}}, {"type": "Feature", "geometry": {"type": "Point", "coordinates": [106.8258842, -6.1774042]}, "properties": {"kind": "tree", "name": ""}}, {"type": "Feature", "geometry": {"type": "Point", "coordinates": [106.8259814, -6.1774129]}, "properties": {"kind": "tree", "name": ""}}, {"type": "Feature", "geometry": {"type": "Point", "coordinates": [106.8262379, -6.1774244]}, "properties": {"kind": "tree", "name": ""}}, {"type": "Feature", "geometry": {"type": "Point", "coordinates": [106.8258605, -6.1774361]}, "properties": {"kind": "tree", "name": ""}}, {"type": "Feature", "geometry": {"type": "Point", "coordinates": [106.8263002, -6.1774297]}, "properties": {"kind": "tree", "name": ""}}, {"type": "Feature", "geometry": {"type": "Point", "coordinates": [106.8260491, -6.1774377]}, "properties": {"kind": "tree", "name": ""}}, {"type": "Feature", "geometry": {"type": "Point", "coordinates": [106.8261141, -6.1774395]}, "properties": {"kind": "tree", "name": ""}}, {"type": "Feature", "geometry": {"type": "Point", "coordinates": [106.825971, -6.1774608]}, "properties": {"kind": "tree", "name": ""}}, {"type": "Feature", "geometry": {"type": "Point", "coordinates": [106.8261035, -6.1774687]}, "properties": {"kind": "tree", "name": ""}}, {"type": "Feature", "geometry": {"type": "Point", "coordinates": [106.8262236, -6.1774721]}, "properties": {"kind": "tree", "name": ""}}, {"type": "Feature", "geometry": {"type": "Point", "coordinates": [106.8260551, -6.1774696]}, "properties": {"kind": "tree", "name": ""}}, {"type": "Feature", "geometry": {"type": "Point", "coordinates": [106.8261699, -6.1774691]}, "properties": {"kind": "tree", "name": ""}}, {"type": "Feature", "geometry": {"type": "Point", "coordinates": [106.8262673, -6.1774873]}, "properties": {"kind": "tree", "name": ""}}, {"type": "Feature", "geometry": {"type": "Point", "coordinates": [106.825294, -6.1748493]}, "properties": {"kind": "tree", "name": ""}}, {"type": "Feature", "geometry": {"type": "Point", "coordinates": [106.8252243, -6.17588]}, "properties": {"kind": "tree", "name": ""}}, {"type": "Feature", "geometry": {"type": "Point", "coordinates": [106.825361, -6.1753644]}, "properties": {"kind": "tree", "name": ""}}, {"type": "Feature", "geometry": {"type": "Point", "coordinates": [106.8252864, -6.1753696]}, "properties": {"kind": "tree", "name": ""}}, {"type": "Feature", "geometry": {"type": "Point", "coordinates": [106.8251781, -6.1753599]}, "properties": {"kind": "tree", "name": ""}}, {"type": "Feature", "geometry": {"type": "Point", "coordinates": [106.8251115, -6.175358]}, "properties": {"kind": "tree", "name": ""}}, {"type": "Feature", "geometry": {"type": "Point", "coordinates": [106.8247623, -6.179172]}, "properties": {"kind": "tree", "name": ""}}, {"type": "Feature", "geometry": {"type": "Point", "coordinates": [106.8246659, -6.1792364]}, "properties": {"kind": "tree", "name": ""}}, {"type": "Feature", "geometry": {"type": "Point", "coordinates": [106.8246578, -6.1791575]}, "properties": {"kind": "tree", "name": ""}}, {"type": "Feature", "geometry": {"type": "Point", "coordinates": [106.8242777, -6.1732586]}, "properties": {"kind": "tree", "name": ""}}, {"type": "Feature", "geometry": {"type": "Point", "coordinates": [106.824195, -6.1733731]}, "properties": {"kind": "tree", "name": ""}}, {"type": "Feature", "geometry": {"type": "Point", "coordinates": [106.8242658, -6.1733721]}, "properties": {"kind": "tree", "name": ""}}, {"type": "Feature", "geometry": {"type": "Point", "coordinates": [106.8241501, -6.1733649]}, "properties": {"kind": "tree", "name": ""}}, {"type": "Feature", "geometry": {"type": "Point", "coordinates": [106.8241398, -6.1734332]}, "properties": {"kind": "tree", "name": ""}}, {"type": "Feature", "geometry": {"type": "Point", "coordinates": [106.8242033, -6.1734548]}, "properties": {"kind": "tree", "name": ""}}, {"type": "Feature", "geometry": {"type": "Point", "coordinates": [106.8242672, -6.173469]}, "properties": {"kind": "tree", "name": ""}}, {"type": "Feature", "geometry": {"type": "Point", "coordinates": [106.8242508, -6.1734985]}, "properties": {"kind": "tree", "name": ""}}, {"type": "Feature", "geometry": {"type": "Point", "coordinates": [106.824147, -6.1735201]}, "properties": {"kind": "tree", "name": ""}}, {"type": "Feature", "geometry": {"type": "Point", "coordinates": [106.8241312, -6.1731445]}, "properties": {"kind": "tree", "name": ""}}, {"type": "Feature", "geometry": {"type": "Point", "coordinates": [106.8243994, -6.1732219]}, "properties": {"kind": "tree", "name": ""}}, {"type": "Feature", "geometry": {"type": "Point", "coordinates": [106.8243675, -6.1731424]}, "properties": {"kind": "tree", "name": ""}}, {"type": "Feature", "geometry": {"type": "Point", "coordinates": [106.8243341, -6.1730925]}, "properties": {"kind": "tree", "name": ""}}, {"type": "Feature", "geometry": {"type": "Point", "coordinates": [106.8241201, -6.1729546]}, "properties": {"kind": "tree", "name": ""}}, {"type": "Feature", "geometry": {"type": "Point", "coordinates": [106.8241284, -6.1728992]}, "properties": {"kind": "tree", "name": ""}}, {"type": "Feature", "geometry": {"type": "Point", "coordinates": [106.8243609, -6.1743684]}, "properties": {"kind": "tree", "name": ""}}, {"type": "Feature", "geometry": {"type": "Point", "coordinates": [106.8243467, -6.1742576]}, "properties": {"kind": "tree", "name": ""}}, {"type": "Feature", "geometry": {"type": "Point", "coordinates": [106.82435, -6.1742087]}, "properties": {"kind": "tree", "name": ""}}, {"type": "Feature", "geometry": {"type": "Point", "coordinates": [106.8242659, -6.174174]}, "properties": {"kind": "tree", "name": ""}}, {"type": "Feature", "geometry": {"type": "Point", "coordinates": [106.8242801, -6.1742304]}, "properties": {"kind": "tree", "name": ""}}, {"type": "Feature", "geometry": {"type": "Point", "coordinates": [106.8241905, -6.174237]}, "properties": {"kind": "tree", "name": ""}}, {"type": "Feature", "geometry": {"type": "Point", "coordinates": [106.8245785, -6.179028]}, "properties": {"kind": "tree", "name": ""}}, {"type": "Feature", "geometry": {"type": "Point", "coordinates": [106.8253796, -6.175878]}, "properties": {"kind": "tree", "name": ""}}, {"type": "Feature", "geometry": {"type": "Point", "coordinates": [106.8254551, -6.1770522]}, "properties": {"kind": "tree", "name": ""}}, {"type": "Feature", "geometry": {"type": "Point", "coordinates": [106.8246947, -6.1730514]}, "properties": {"kind": "tree", "name": ""}}, {"type": "Feature", "geometry": {"type": "Point", "coordinates": [106.8253699, -6.1775267]}, "properties": {"kind": "tree", "name": ""}}, {"type": "Feature", "geometry": {"type": "Point", "coordinates": [106.8254319, -6.1775786]}, "properties": {"kind": "tree", "name": ""}}, {"type": "Feature", "geometry": {"type": "Point", "coordinates": [106.8252582, -6.177674]}, "properties": {"kind": "tree", "name": ""}}, {"type": "Feature", "geometry": {"type": "Point", "coordinates": [106.8253167, -6.1777235]}, "properties": {"kind": "tree", "name": ""}}, {"type": "Feature", "geometry": {"type": "Point", "coordinates": [106.8251008, -6.1779769]}, "properties": {"kind": "tree", "name": ""}}, {"type": "Feature", "geometry": {"type": "Point", "coordinates": [106.8250414, -6.1779251]}, "properties": {"kind": "tree", "name": ""}}, {"type": "Feature", "geometry": {"type": "Point", "coordinates": [106.8249851, -6.1781187]}, "properties": {"kind": "tree", "name": ""}}, {"type": "Feature", "geometry": {"type": "Point", "coordinates": [106.8249329, -6.178073]}, "properties": {"kind": "tree", "name": ""}}, {"type": "Feature", "geometry": {"type": "Point", "coordinates": [106.8248836, -6.1782388]}, "properties": {"kind": "tree", "name": ""}}, {"type": "Feature", "geometry": {"type": "Point", "coordinates": [106.8248276, -6.1781908]}, "properties": {"kind": "tree", "name": ""}}, {"type": "Feature", "geometry": {"type": "Point", "coordinates": [106.8246954, -6.1783374]}, "properties": {"kind": "tree", "name": ""}}, {"type": "Feature", "geometry": {"type": "Point", "coordinates": [106.8247571, -6.1783939]}, "properties": {"kind": "tree", "name": ""}}, {"type": "Feature", "geometry": {"type": "Point", "coordinates": [106.8246375, -6.1785363]}, "properties": {"kind": "tree", "name": ""}}, {"type": "Feature", "geometry": {"type": "Point", "coordinates": [106.8245709, -6.1784905]}, "properties": {"kind": "tree", "name": ""}}, {"type": "Feature", "geometry": {"type": "Point", "coordinates": [106.8238368, -6.1794791]}, "properties": {"kind": "tree", "name": ""}}, {"type": "Feature", "geometry": {"type": "Point", "coordinates": [106.8237165, -6.1796119]}, "properties": {"kind": "tree", "name": ""}}, {"type": "Feature", "geometry": {"type": "Point", "coordinates": [106.823634, -6.1796312]}, "properties": {"kind": "tree", "name": ""}}, {"type": "Feature", "geometry": {"type": "Point", "coordinates": [106.8245584, -6.1729254]}, "properties": {"kind": "tree", "name": ""}}, {"type": "Feature", "geometry": {"type": "Point", "coordinates": [106.8249482, -6.1733113]}, "properties": {"kind": "tree", "name": ""}}, {"type": "Feature", "geometry": {"type": "Point", "coordinates": [106.8252034, -6.1735631]}, "properties": {"kind": "tree", "name": ""}}, {"type": "Feature", "geometry": {"type": "Point", "coordinates": [106.8250771, -6.1734318]}, "properties": {"kind": "tree", "name": ""}}, {"type": "Feature", "geometry": {"type": "Point", "coordinates": [106.825273, -6.1735155]}, "properties": {"kind": "tree", "name": ""}}, {"type": "Feature", "geometry": {"type": "Point", "coordinates": [106.8250133, -6.1732567]}, "properties": {"kind": "tree", "name": ""}}, {"type": "Feature", "geometry": {"type": "Point", "coordinates": [106.8261777, -6.1776553]}, "properties": {"kind": "tree", "name": ""}}, {"type": "Feature", "geometry": {"type": "Point", "coordinates": [106.8261117, -6.177653]}, "properties": {"kind": "tree", "name": ""}}, {"type": "Feature", "geometry": {"type": "Point", "coordinates": [106.8260563, -6.1776561]}, "properties": {"kind": "tree", "name": ""}}, {"type": "Feature", "geometry": {"type": "Point", "coordinates": [106.8259964, -6.1776553]}, "properties": {"kind": "tree", "name": ""}}, {"type": "Feature", "geometry": {"type": "Point", "coordinates": [106.8259516, -6.1776485]}, "properties": {"kind": "tree", "name": ""}}, {"type": "Feature", "geometry": {"type": "Point", "coordinates": [106.8258993, -6.1776463]}, "properties": {"kind": "tree", "name": ""}}, {"type": "Feature", "geometry": {"type": "Point", "coordinates": [106.8258181, -6.1776289]}, "properties": {"kind": "tree", "name": ""}}, {"type": "Feature", "geometry": {"type": "Point", "coordinates": [106.8257273, -6.1775968]}, "properties": {"kind": "tree", "name": ""}}, {"type": "Feature", "geometry": {"type": "Point", "coordinates": [106.8256366, -6.1776865]}, "properties": {"kind": "tree", "name": ""}}, {"type": "Feature", "geometry": {"type": "Point", "coordinates": [106.8256091, -6.1777349]}, "properties": {"kind": "tree", "name": ""}}, {"type": "Feature", "geometry": {"type": "Point", "coordinates": [106.8255703, -6.1777762]}, "properties": {"kind": "tree", "name": ""}}, {"type": "Feature", "geometry": {"type": "Point", "coordinates": [106.8255116, -6.1778475]}, "properties": {"kind": "tree", "name": ""}}, {"type": "Feature", "geometry": {"type": "Point", "coordinates": [106.8246906, -6.1788548]}, "properties": {"kind": "tree", "name": ""}}, {"type": "Feature", "geometry": {"type": "Point", "coordinates": [106.8247483, -6.1787907]}, "properties": {"kind": "tree", "name": ""}}, {"type": "Feature", "geometry": {"type": "Point", "coordinates": [106.8248021, -6.1787364]}, "properties": {"kind": "tree", "name": ""}}, {"type": "Feature", "geometry": {"type": "Point", "coordinates": [106.8230462, -6.1796893]}, "properties": {"kind": "tree", "name": ""}}, {"type": "Feature", "geometry": {"type": "Point", "coordinates": [106.8230366, -6.1796177]}, "properties": {"kind": "tree", "name": ""}}, {"type": "Feature", "geometry": {"type": "Point", "coordinates": [106.8253758, -6.178015]}, "properties": {"kind": "tree", "name": ""}}, {"type": "Feature", "geometry": {"type": "Point", "coordinates": [106.8253174, -6.1780904]}, "properties": {"kind": "tree", "name": ""}}, {"type": "Feature", "geometry": {"type": "Point", "coordinates": [106.8252643, -6.1781605]}, "properties": {"kind": "tree", "name": ""}}, {"type": "Feature", "geometry": {"type": "Point", "coordinates": [106.8252135, -6.1782224]}, "properties": {"kind": "tree", "name": ""}}, {"type": "Feature", "geometry": {"type": "Point", "coordinates": [106.8250352, -6.1784356]}, "properties": {"kind": "tree", "name": ""}}, {"type": "Feature", "geometry": {"type": "Point", "coordinates": [106.8249882, -6.1785015]}, "properties": {"kind": "tree", "name": ""}}, {"type": "Feature", "geometry": {"type": "Point", "coordinates": [106.8249229, -6.1785761]}, "properties": {"kind": "tree", "name": ""}}, {"type": "Feature", "geometry": {"type": "Point", "coordinates": [106.8248865, -6.1786289]}, "properties": {"kind": "tree", "name": ""}}, {"type": "Feature", "geometry": {"type": "Point", "coordinates": [106.8253007, -6.1772498]}, "properties": {"kind": "tree", "name": ""}}, {"type": "Feature", "geometry": {"type": "Point", "coordinates": [106.824824, -6.1777855]}, "properties": {"kind": "tree", "name": ""}}, {"type": "Feature", "geometry": {"type": "Point", "coordinates": [106.8245427, -6.1781286]}, "properties": {"kind": "tree", "name": ""}}, {"type": "Feature", "geometry": {"type": "Point", "coordinates": [106.8243115, -6.1751237]}, "properties": {"kind": "tree", "name": ""}}, {"type": "Feature", "geometry": {"type": "Point", "coordinates": [106.8242415, -6.1751235]}, "properties": {"kind": "tree", "name": ""}}, {"type": "Feature", "geometry": {"type": "Point", "coordinates": [106.82418, -6.1751178]}, "properties": {"kind": "tree", "name": ""}}, {"type": "Feature", "geometry": {"type": "Point", "coordinates": [106.824158, -6.1750837]}, "properties": {"kind": "tree", "name": ""}}, {"type": "Feature", "geometry": {"type": "Point", "coordinates": [106.8241891, -6.1750298]}, "properties": {"kind": "tree", "name": ""}}, {"type": "Feature", "geometry": {"type": "Point", "coordinates": [106.8240687, -6.1749044]}, "properties": {"kind": "tree", "name": ""}}, {"type": "Feature", "geometry": {"type": "Point", "coordinates": [106.8240703, -6.1748212]}, "properties": {"kind": "tree", "name": ""}}, {"type": "Feature", "geometry": {"type": "Point", "coordinates": [106.824072, -6.1747353]}, "properties": {"kind": "tree", "name": ""}}, {"type": "Feature", "geometry": {"type": "Point", "coordinates": [106.8240736, -6.1746559]}, "properties": {"kind": "tree", "name": ""}}, {"type": "Feature", "geometry": {"type": "Point", "coordinates": [106.8240756, -6.1745514]}, "properties": {"kind": "tree", "name": ""}}, {"type": "Feature", "geometry": {"type": "Point", "coordinates": [106.8241661, -6.1749063]}, "properties": {"kind": "tree", "name": ""}}, {"type": "Feature", "geometry": {"type": "Point", "coordinates": [106.8241679, -6.1748217]}, "properties": {"kind": "tree", "name": ""}}, {"type": "Feature", "geometry": {"type": "Point", "coordinates": [106.8241696, -6.1747375]}, "properties": {"kind": "tree", "name": ""}}, {"type": "Feature", "geometry": {"type": "Point", "coordinates": [106.8241713, -6.1746543]}, "properties": {"kind": "tree", "name": ""}}, {"type": "Feature", "geometry": {"type": "Point", "coordinates": [106.8241734, -6.1745533]}, "properties": {"kind": "tree", "name": ""}}, {"type": "Feature", "geometry": {"type": "Point", "coordinates": [106.8242771, -6.1749085]}, "properties": {"kind": "tree", "name": ""}}, {"type": "Feature", "geometry": {"type": "Point", "coordinates": [106.8242795, -6.1748239]}, "properties": {"kind": "tree", "name": ""}}, {"type": "Feature", "geometry": {"type": "Point", "coordinates": [106.8242817, -6.1747439]}, "properties": {"kind": "tree", "name": ""}}, {"type": "Feature", "geometry": {"type": "Point", "coordinates": [106.8242842, -6.1746553]}, "properties": {"kind": "tree", "name": ""}}, {"type": "Feature", "geometry": {"type": "Point", "coordinates": [106.824287, -6.1745555]}, "properties": {"kind": "tree", "name": ""}}, {"type": "Feature", "geometry": {"type": "Point", "coordinates": [106.8243779, -6.1749105]}, "properties": {"kind": "tree", "name": ""}}, {"type": "Feature", "geometry": {"type": "Point", "coordinates": [106.8243796, -6.174826]}, "properties": {"kind": "tree", "name": ""}}, {"type": "Feature", "geometry": {"type": "Point", "coordinates": [106.8243812, -6.1747466]}, "properties": {"kind": "tree", "name": ""}}, {"type": "Feature", "geometry": {"type": "Point", "coordinates": [106.824383, -6.1746554]}, "properties": {"kind": "tree", "name": ""}}, {"type": "Feature", "geometry": {"type": "Point", "coordinates": [106.8243849, -6.1745574]}, "properties": {"kind": "tree", "name": ""}}, {"type": "Feature", "geometry": {"type": "Point", "coordinates": [106.8244405, -6.1744536]}, "properties": {"kind": "tree", "name": ""}}, {"type": "Feature", "geometry": {"type": "Point", "coordinates": [106.8245596, -6.174443]}, "properties": {"kind": "tree", "name": ""}}, {"type": "Feature", "geometry": {"type": "Point", "coordinates": [106.8245634, -6.1743781]}, "properties": {"kind": "tree", "name": ""}}, {"type": "Feature", "geometry": {"type": "Point", "coordinates": [106.8245725, -6.1743035]}, "properties": {"kind": "tree", "name": ""}}, {"type": "Feature", "geometry": {"type": "Point", "coordinates": [106.8245596, -6.1742167]}, "properties": {"kind": "tree", "name": ""}}, {"type": "Feature", "geometry": {"type": "Point", "coordinates": [106.8244974, -6.1741737]}, "properties": {"kind": "tree", "name": ""}}, {"type": "Feature", "geometry": {"type": "Point", "coordinates": [106.8243745, -6.1741572]}, "properties": {"kind": "tree", "name": ""}}, {"type": "Feature", "geometry": {"type": "Point", "coordinates": [106.8246183, -6.1733118]}, "properties": {"kind": "tree", "name": ""}}, {"type": "Feature", "geometry": {"type": "Point", "coordinates": [106.8246713, -6.1733658]}, "properties": {"kind": "tree", "name": ""}}, {"type": "Feature", "geometry": {"type": "Point", "coordinates": [106.8247409, -6.1734368]}, "properties": {"kind": "tree", "name": ""}}, {"type": "Feature", "geometry": {"type": "Point", "coordinates": [106.8248017, -6.1734976]}, "properties": {"kind": "tree", "name": ""}}, {"type": "Feature", "geometry": {"type": "Point", "coordinates": [106.825036, -6.17365]}, "properties": {"kind": "tree", "name": ""}}, {"type": "Feature", "geometry": {"type": "Point", "coordinates": [106.8249722, -6.1737141]}, "properties": {"kind": "tree", "name": ""}}, {"type": "Feature", "geometry": {"type": "Point", "coordinates": [106.824918, -6.1736627]}, "properties": {"kind": "tree", "name": ""}}, {"type": "Feature", "geometry": {"type": "Point", "coordinates": [106.8248752, -6.1736145]}, "properties": {"kind": "tree", "name": ""}}, {"type": "Feature", "geometry": {"type": "Point", "coordinates": [106.8248121, -6.1735555]}, "properties": {"kind": "tree", "name": ""}}, {"type": "Feature", "geometry": {"type": "Point", "coordinates": [106.824754, -6.1735029]}, "properties": {"kind": "tree", "name": ""}}, {"type": "Feature", "geometry": {"type": "Point", "coordinates": [106.8247036, -6.1734591]}, "properties": {"kind": "tree", "name": ""}}, {"type": "Feature", "geometry": {"type": "Point", "coordinates": [106.8246711, -6.1734261]}, "properties": {"kind": "tree", "name": ""}}, {"type": "Feature", "geometry": {"type": "Point", "coordinates": [106.8246443, -6.17339]}, "properties": {"kind": "tree", "name": ""}}, {"type": "Feature", "geometry": {"type": "Point", "coordinates": [106.8246111, -6.1733494]}, "properties": {"kind": "tree", "name": ""}}, {"type": "Feature", "geometry": {"type": "Point", "coordinates": [106.824569, -6.1733126]}, "properties": {"kind": "tree", "name": ""}}, {"type": "Feature", "geometry": {"type": "Point", "coordinates": [106.824539, -6.1732739]}, "properties": {"kind": "tree", "name": ""}}, {"type": "Feature", "geometry": {"type": "Point", "coordinates": [106.8245052, -6.1732384]}, "properties": {"kind": "tree", "name": ""}}, {"type": "Feature", "geometry": {"type": "Point", "coordinates": [106.8244606, -6.1732022]}, "properties": {"kind": "tree", "name": ""}}, {"type": "Feature", "geometry": {"type": "Point", "coordinates": [106.8229061, -6.1760276]}, "properties": {"kind": "tree", "name": ""}}, {"type": "Feature", "geometry": {"type": "Point", "coordinates": [106.8276946, -6.178558]}, "properties": {"kind": "green_area", "name": "Monas Selatan"}}, {"type": "Feature", "geometry": {"type": "Point", "coordinates": [106.8243402, -6.1759534]}, "properties": {"kind": "green_area", "name": "Monas Barat"}}, {"type": "Feature", "geometry": {"type": "Point", "coordinates": [106.8264396, -6.1761118]}, "properties": {"kind": "green_area", "name": ""}}, {"type": "Feature", "geometry": {"type": "Point", "coordinates": [106.8250813, -6.1733751]}, "properties": {"kind": "green_area", "name": ""}}, {"type": "Feature", "geometry": {"type": "Point", "coordinates": [106.8253749, -6.1775939]}, "properties": {"kind": "green_area", "name": ""}}, {"type": "Feature", "geometry": {"type": "Point", "coordinates": [106.8255118, -6.1737986]}, "properties": {"kind": "green_area", "name": ""}}, {"type": "Feature", "geometry": {"type": "Point", "coordinates": [106.8257279, -6.1771587]}, "properties": {"kind": "green_area", "name": ""}}, {"type": "Feature", "geometry": {"type": "Point", "coordinates": [106.8243542, -6.1788148]}, "properties": {"kind": "green_area", "name": ""}}, {"type": "Feature", "geometry": {"type": "Point", "coordinates": [106.8220285, -6.1770963]}, "properties": {"kind": "green_area", "name": ""}}, {"type": "Feature", "geometry": {"type": "Point", "coordinates": [106.8270191, -6.1758567]}, "properties": {"kind": "green_area", "name": "Taman Monas"}}, {"type": "Feature", "geometry": {"type": "Point", "coordinates": [106.8225092, -6.1744457]}, "properties": {"kind": "green_area", "name": ""}}, {"type": "Feature", "geometry": {"type": "Point", "coordinates": [106.8218475, -6.1764311]}, "properties": {"kind": "green_area", "name": "Taman Arca"}}, {"type": "Feature", "geometry": {"type": "Point", "coordinates": [106.8263379, -6.1756775]}, "properties": {"kind": "green_area", "name": ""}}, {"type": "Feature", "geometry": {"type": "Point", "coordinates": [106.8264726, -6.1746678]}, "properties": {"kind": "green_area", "name": ""}}, {"type": "Feature", "geometry": {"type": "Point", "coordinates": [106.826349, -6.1750957]}, "properties": {"kind": "green_area", "name": ""}}, {"type": "Feature", "geometry": {"type": "Point", "coordinates": [106.8233883, -6.1790912]}, "properties": {"kind": "green_area", "name": ""}}, {"type": "Feature", "geometry": {"type": "Point", "coordinates": [106.8263123, -6.1753833]}, "properties": {"kind": "green_area", "name": ""}}, {"type": "Feature", "geometry": {"type": "Point", "coordinates": [106.8239586, -6.1780386]}, "properties": {"kind": "green_area", "name": ""}}, {"type": "Feature", "geometry": {"type": "Point", "coordinates": [106.8244778, -6.1770325]}, "properties": {"kind": "green_area", "name": ""}}, {"type": "Feature", "geometry": {"type": "Point", "coordinates": [106.8246366, -6.1740929]}, "properties": {"kind": "green_area", "name": ""}}, {"type": "Feature", "geometry": {"type": "Point", "coordinates": [106.823768, -6.1736034]}, "properties": {"kind": "green_area", "name": ""}}, {"type": "Feature", "geometry": {"type": "Point", "coordinates": [106.8234633, -6.1736153]}, "properties": {"kind": "green_area", "name": ""}}, {"type": "Feature", "geometry": {"type": "Point", "coordinates": [106.823764, -6.1747277]}, "properties": {"kind": "green_area", "name": ""}}, {"type": "Feature", "geometry": {"type": "Point", "coordinates": [106.8262352, -6.1775509]}, "properties": {"kind": "green_area", "name": ""}}, {"type": "Feature", "geometry": {"type": "Point", "coordinates": [106.8263434, -6.1772767]}, "properties": {"kind": "green_area", "name": ""}}, {"type": "Feature", "geometry": {"type": "Point", "coordinates": [106.8262925, -6.1772093]}, "properties": {"kind": "green_area", "name": ""}}, {"type": "Feature", "geometry": {"type": "Point", "coordinates": [106.8241444, -6.1797417]}, "properties": {"kind": "green_area", "name": ""}}, {"type": "Feature", "geometry": {"type": "Point", "coordinates": [106.8245797, -6.1790268]}, "properties": {"kind": "green_area", "name": ""}}, {"type": "Feature", "geometry": {"type": "Point", "coordinates": [106.8252832, -6.1763948]}, "properties": {"kind": "green_area", "name": ""}}, {"type": "Feature", "geometry": {"type": "Point", "coordinates": [106.8255113, -6.176425]}, "properties": {"kind": "green_area", "name": ""}}, {"type": "Feature", "geometry": {"type": "Point", "coordinates": [106.8251485, -6.1764978]}, "properties": {"kind": "green_area", "name": ""}}, {"type": "Feature", "geometry": {"type": "Point", "coordinates": [106.8252838, -6.1756595]}, "properties": {"kind": "green_area", "name": ""}}, {"type": "Feature", "geometry": {"type": "Point", "coordinates": [106.8252883, -6.1750846]}, "properties": {"kind": "green_area", "name": ""}}, {"type": "Feature", "geometry": {"type": "Point", "coordinates": [106.8252878, -6.1753641]}, "properties": {"kind": "green_area", "name": ""}}, {"type": "Feature", "geometry": {"type": "Point", "coordinates": [106.8245575, -6.1749067]}, "properties": {"kind": "green_area", "name": ""}}, {"type": "Feature", "geometry": {"type": "Point", "coordinates": [106.8238792, -6.1748951]}, "properties": {"kind": "green_area", "name": ""}}, {"type": "Feature", "geometry": {"type": "Point", "coordinates": [106.8245588, -6.1757924]}, "properties": {"kind": "green_area", "name": ""}}, {"type": "Feature", "geometry": {"type": "Point", "coordinates": [106.8238867, -6.1757897]}, "properties": {"kind": "green_area", "name": ""}}, {"type": "Feature", "geometry": {"type": "Point", "coordinates": [106.8253081, -6.174421]}, "properties": {"kind": "green_area", "name": ""}}, {"type": "Feature", "geometry": {"type": "Point", "coordinates": [106.8253948, -6.174392]}, "properties": {"kind": "green_area", "name": ""}}, {"type": "Feature", "geometry": {"type": "Point", "coordinates": [106.825035, -6.1743325]}, "properties": {"kind": "green_area", "name": ""}}, {"type": "Feature", "geometry": {"type": "Point", "coordinates": [106.8253493, -6.1780748]}, "properties": {"kind": "green_area", "name": ""}}, {"type": "Feature", "geometry": {"type": "Point", "coordinates": [106.8248515, -6.1778139]}, "properties": {"kind": "green_area", "name": ""}}, {"type": "Feature", "geometry": {"type": "Point", "coordinates": [106.8240116, -6.1742073]}, "properties": {"kind": "green_area", "name": ""}}, {"type": "Feature", "geometry": {"type": "Point", "coordinates": [106.8247146, -6.1734525]}, "properties": {"kind": "green_area", "name": ""}}, {"type": "Feature", "geometry": {"type": "Point", "coordinates": [106.8247544, -6.1733581]}, "properties": {"kind": "green_area", "name": ""}}, {"type": "Feature", "geometry": {"type": "Point", "coordinates": [106.8248113, -6.1770323]}, "properties": {"kind": "green_area", "name": ""}}, {"type": "Feature", "geometry": {"type": "Point", "coordinates": [106.8248486, -6.1743812]}, "properties": {"kind": "green_area", "name": ""}}, {"type": "Feature", "geometry": {"type": "Point", "coordinates": [106.8238143, -6.1724664]}, "properties": {"kind": "green_area", "name": ""}}, {"type": "Feature", "geometry": {"type": "Point", "coordinates": [106.8256014, -6.1789099]}, "properties": {"kind": "green_area", "name": ""}}, {"type": "Feature", "geometry": {"type": "Point", "coordinates": [106.8256756, -6.1779427]}, "properties": {"kind": "green_area", "name": ""}}, {"type": "Feature", "geometry": {"type": "Point", "coordinates": [106.8256696, -6.178312]}, "properties": {"kind": "green_area", "name": ""}}, {"type": "Feature", "geometry": {"type": "Point", "coordinates": [106.8259096, -6.1779106]}, "properties": {"kind": "green_area", "name": ""}}, {"type": "Feature", "geometry": {"type": "Point", "coordinates": [106.8261102, -6.1779453]}, "properties": {"kind": "green_area", "name": ""}}, {"type": "Feature", "geometry": {"type": "Point", "coordinates": [106.8258402, -6.1783605]}, "properties": {"kind": "green_area", "name": ""}}, {"type": "Feature", "geometry": {"type": "Point", "coordinates": [106.8254716, -6.1783943]}, "properties": {"kind": "green_area", "name": ""}}, {"type": "Feature", "geometry": {"type": "Point", "coordinates": [106.8252906, -6.1783604]}, "properties": {"kind": "green_area", "name": ""}}, {"type": "Feature", "geometry": {"type": "Point", "coordinates": [106.8251771, -6.1783403]}, "properties": {"kind": "green_area", "name": ""}}, {"type": "Feature", "geometry": {"type": "Point", "coordinates": [106.8435115, -6.1770263]}, "properties": {"kind": "tree", "name": ""}}, {"type": "Feature", "geometry": {"type": "Point", "coordinates": [106.8435578, -6.176961]}, "properties": {"kind": "tree", "name": ""}}, {"type": "Feature", "geometry": {"type": "Point", "coordinates": [106.8477709, -6.1770576]}, "properties": {"kind": "green_area", "name": "Taman Bunderan Tanah Tinggi"}}, {"type": "Feature", "geometry": {"type": "Point", "coordinates": [106.8427602, -6.1776593]}, "properties": {"kind": "green_area", "name": ""}}, {"type": "Feature", "geometry": {"type": "Point", "coordinates": [106.8440428, -6.1767469]}, "properties": {"kind": "green_area", "name": ""}}, {"type": "Feature", "geometry": {"type": "Point", "coordinates": [106.8439512, -6.1769686]}, "properties": {"kind": "green_area", "name": ""}}, {"type": "Feature", "geometry": {"type": "Point", "coordinates": [106.8512989, -6.1748832]}, "properties": {"kind": "tree", "name": ""}}, {"type": "Feature", "geometry": {"type": "Point", "coordinates": [106.8515845, -6.1740582]}, "properties": {"kind": "tree", "name": ""}}, {"type": "Feature", "geometry": {"type": "Point", "coordinates": [106.8516067, -6.1748581]}, "properties": {"kind": "tree", "name": ""}}, {"type": "Feature", "geometry": {"type": "Point", "coordinates": [106.8507042, -6.1741374]}, "properties": {"kind": "tree", "name": ""}}, {"type": "Feature", "geometry": {"type": "Point", "coordinates": [106.851551, -6.1739678]}, "properties": {"kind": "tree", "name": ""}}, {"type": "Feature", "geometry": {"type": "Point", "coordinates": [106.8518053, -6.1744474]}, "properties": {"kind": "tree", "name": ""}}, {"type": "Feature", "geometry": {"type": "Point", "coordinates": [106.8514644, -6.1740081]}, "properties": {"kind": "tree", "name": ""}}, {"type": "Feature", "geometry": {"type": "Point", "coordinates": [106.8511262, -6.1741082]}, "properties": {"kind": "tree", "name": ""}}, {"type": "Feature", "geometry": {"type": "Point", "coordinates": [106.8517116, -6.17398]}, "properties": {"kind": "tree", "name": ""}}, {"type": "Feature", "geometry": {"type": "Point", "coordinates": [106.8508118, -6.1739734]}, "properties": {"kind": "tree", "name": ""}}, {"type": "Feature", "geometry": {"type": "Point", "coordinates": [106.8516347, -6.175046]}, "properties": {"kind": "tree", "name": ""}}, {"type": "Feature", "geometry": {"type": "Point", "coordinates": [106.8516823, -6.1744321]}, "properties": {"kind": "tree", "name": ""}}, {"type": "Feature", "geometry": {"type": "Point", "coordinates": [106.8516027, -6.1744363]}, "properties": {"kind": "tree", "name": ""}}, {"type": "Feature", "geometry": {"type": "Point", "coordinates": [106.8511598, -6.1740026]}, "properties": {"kind": "tree", "name": ""}}, {"type": "Feature", "geometry": {"type": "Point", "coordinates": [106.8491287, -6.1780263]}, "properties": {"kind": "green_area", "name": ""}}, {"type": "Feature", "geometry": {"type": "Point", "coordinates": [106.852923, -6.1743648]}, "properties": {"kind": "tree", "name": ""}}, {"type": "Feature", "geometry": {"type": "Point", "coordinates": [106.8534246, -6.1743423]}, "properties": {"kind": "tree", "name": ""}}, {"type": "Feature", "geometry": {"type": "Point", "coordinates": [106.8531274, -6.1743512]}, "properties": {"kind": "tree", "name": ""}}, {"type": "Feature", "geometry": {"type": "Point", "coordinates": [106.8529369, -6.1748413]}, "properties": {"kind": "tree", "name": ""}}, {"type": "Feature", "geometry": {"type": "Point", "coordinates": [106.8522715, -6.1748841]}, "properties": {"kind": "tree", "name": ""}}, {"type": "Feature", "geometry": {"type": "Point", "coordinates": [106.8532856, -6.1743607]}, "properties": {"kind": "tree", "name": ""}}, {"type": "Feature", "geometry": {"type": "Point", "coordinates": [106.852648, -6.1748823]}, "properties": {"kind": "tree", "name": ""}}, {"type": "Feature", "geometry": {"type": "Point", "coordinates": [106.8518487, -6.1769166]}, "properties": {"kind": "tree", "name": ""}}, {"type": "Feature", "geometry": {"type": "Point", "coordinates": [106.8520876, -6.1753631]}, "properties": {"kind": "tree", "name": ""}}, {"type": "Feature", "geometry": {"type": "Point", "coordinates": [106.8530871, -6.1759258]}, "properties": {"kind": "tree", "name": ""}}, {"type": "Feature", "geometry": {"type": "Point", "coordinates": [106.8519116, -6.1758699]}, "properties": {"kind": "tree", "name": ""}}, {"type": "Feature", "geometry": {"type": "Point", "coordinates": [106.8518836, -6.1762054]}, "properties": {"kind": "tree", "name": ""}}, {"type": "Feature", "geometry": {"type": "Point", "coordinates": [106.8519284, -6.1766159]}, "properties": {"kind": "tree", "name": ""}}, {"type": "Feature", "geometry": {"type": "Point", "coordinates": [106.8519382, -6.1755693]}, "properties": {"kind": "tree", "name": ""}}, {"type": "Feature", "geometry": {"type": "Point", "coordinates": [106.8519088, -6.1759493]}, "properties": {"kind": "tree", "name": ""}}, {"type": "Feature", "geometry": {"type": "Point", "coordinates": [106.8518864, -6.176499]}, "properties": {"kind": "tree", "name": ""}}, {"type": "Feature", "geometry": {"type": "Point", "coordinates": [106.8519214, -6.1753411]}, "properties": {"kind": "tree", "name": ""}}, {"type": "Feature", "geometry": {"type": "Point", "coordinates": [106.8520756, -6.1750716]}, "properties": {"kind": "tree", "name": ""}}, {"type": "Feature", "geometry": {"type": "Point", "coordinates": [106.8519298, -6.1757127]}, "properties": {"kind": "tree", "name": ""}}, {"type": "Feature", "geometry": {"type": "Point", "coordinates": [106.8518501, -6.1770209]}, "properties": {"kind": "tree", "name": ""}}, {"type": "Feature", "geometry": {"type": "Point", "coordinates": [106.851885, -6.1766966]}, "properties": {"kind": "tree", "name": ""}}, {"type": "Feature", "geometry": {"type": "Point", "coordinates": [106.8519298, -6.1750209]}, "properties": {"kind": "tree", "name": ""}}, {"type": "Feature", "geometry": {"type": "Point", "coordinates": [106.8518641, -6.1767788]}, "properties": {"kind": "tree", "name": ""}}, {"type": "Feature", "geometry": {"type": "Point", "coordinates": [106.8519284, -6.1754858]}, "properties": {"kind": "tree", "name": ""}}, {"type": "Feature", "geometry": {"type": "Point", "coordinates": [106.8519298, -6.1757795]}, "properties": {"kind": "tree", "name": ""}}, {"type": "Feature", "geometry": {"type": "Point", "coordinates": [106.851941, -6.1756514]}, "properties": {"kind": "tree", "name": ""}}, {"type": "Feature", "geometry": {"type": "Point", "coordinates": [106.8520756, -6.1752282]}, "properties": {"kind": "tree", "name": ""}}, {"type": "Feature", "geometry": {"type": "Point", "coordinates": [106.853536, -6.1753851]}, "properties": {"kind": "tree", "name": ""}}, {"type": "Feature", "geometry": {"type": "Point", "coordinates": [106.8519298, -6.1751476]}, "properties": {"kind": "tree", "name": ""}}, {"type": "Feature", "geometry": {"type": "Point", "coordinates": [106.8518864, -6.1763362]}, "properties": {"kind": "tree", "name": ""}}, {"type": "Feature", "geometry": {"type": "Point", "coordinates": [106.8503785, -6.1781153]}, "properties": {"kind": "green_area", "name": ""}}, {"type": "Feature", "geometry": {"type": "Point", "coordinates": [106.8521113, -6.1751297]}, "properties": {"kind": "green_area", "name": "Ruang Terbuka Hijau"}}, {"type": "Feature", "geometry": {"type": "Point", "coordinates": [106.8554109, -6.1742234]}, "properties": {"kind": "tree", "name": ""}}, {"type": "Feature", "geometry": {"type": "Point", "coordinates": [106.8551426, -6.1742727]}, "properties": {"kind": "tree", "name": ""}}, {"type": "Feature", "geometry": {"type": "Point", "coordinates": [106.8552826, -6.1742411]}, "properties": {"kind": "tree", "name": ""}}, {"type": "Feature", "geometry": {"type": "Point", "coordinates": [106.8548217, -6.1738204]}, "properties": {"kind": "tree", "name": ""}}, {"type": "Feature", "geometry": {"type": "Point", "coordinates": [106.8537469, -6.1747615]}, "properties": {"kind": "tree", "name": ""}}, {"type": "Feature", "geometry": {"type": "Point", "coordinates": [106.855039, -6.173791]}, "properties": {"kind": "tree", "name": ""}}, {"type": "Feature", "geometry": {"type": "Point", "coordinates": [106.8548348, -6.1739423]}, "properties": {"kind": "tree", "name": ""}}, {"type": "Feature", "geometry": {"type": "Point", "coordinates": [106.8540368, -6.1747401]}, "properties": {"kind": "tree", "name": ""}}, {"type": "Feature", "geometry": {"type": "Point", "coordinates": [106.8542859, -6.1736656]}, "properties": {"kind": "tree", "name": ""}}, {"type": "Feature", "geometry": {"type": "Point", "coordinates": [106.8543115, -6.1742256]}, "properties": {"kind": "tree", "name": ""}}, {"type": "Feature", "geometry": {"type": "Point", "coordinates": [106.8548964, -6.1740518]}, "properties": {"kind": "tree", "name": ""}}, {"type": "Feature", "geometry": {"type": "Point", "coordinates": [106.8548808, -6.1737786]}, "properties": {"kind": "tree", "name": ""}}, {"type": "Feature", "geometry": {"type": "Point", "coordinates": [106.8548938, -6.1747718]}, "properties": {"kind": "tree", "name": ""}}, {"type": "Feature", "geometry": {"type": "Point", "coordinates": [106.8547096, -6.1757965]}, "properties": {"kind": "tree", "name": ""}}, {"type": "Feature", "geometry": {"type": "Point", "coordinates": [106.8547306, -6.1752467]}, "properties": {"kind": "tree", "name": ""}}, {"type": "Feature", "geometry": {"type": "Point", "coordinates": [106.8538025, -6.17576]}, "properties": {"kind": "tree", "name": ""}}, {"type": "Feature", "geometry": {"type": "Point", "coordinates": [106.8546899, -6.1754217]}, "properties": {"kind": "tree", "name": ""}}, {"type": "Feature", "geometry": {"type": "Point", "coordinates": [106.8546886, -6.1750991]}, "properties": {"kind": "tree", "name": ""}}, {"type": "Feature", "geometry": {"type": "Point", "coordinates": [106.8546282, -6.17582]}, "properties": {"kind": "tree", "name": ""}}, {"type": "Feature", "geometry": {"type": "Point", "coordinates": [106.85456, -6.1758331]}, "properties": {"kind": "tree", "name": ""}}, {"type": "Feature", "geometry": {"type": "Point", "coordinates": [106.8545219, -6.175376]}, "properties": {"kind": "tree", "name": ""}}, {"type": "Feature", "geometry": {"type": "Point", "coordinates": [106.8553782, -6.1708906]}, "properties": {"kind": "tree", "name": ""}}, {"type": "Feature", "geometry": {"type": "Point", "coordinates": [106.8486073, -6.1702108]}, "properties": {"kind": "green_area", "name": ""}}, {"type": "Feature", "geometry": {"type": "Point", "coordinates": [106.8549293, -6.1701454]}, "properties": {"kind": "green_area", "name": "RPTRA Harapan Mulia Agung Sedayu Group"}}, {"type": "Feature", "geometry": {"type": "Point", "coordinates": [106.8553585, -6.1680045]}, "properties": {"kind": "green_area", "name": "RPTRA Kampung Budaya"}}, {"type": "Feature", "geometry": {"type": "Point", "coordinates": [106.8556095, -6.1669742]}, "properties": {"kind": "tree", "name": ""}}, {"type": "Feature", "geometry": {"type": "Point", "coordinates": [106.8515928, -6.161335]}, "properties": {"kind": "green_area", "name": ""}}, {"type": "Feature", "geometry": {"type": "Point", "coordinates": [106.8523281, -6.1610469]}, "properties": {"kind": "green_area", "name": ""}}, {"type": "Feature", "geometry": {"type": "Point", "coordinates": [106.8547474, -6.1582956]}, "properties": {"kind": "tree", "name": ""}}, {"type": "Feature", "geometry": {"type": "Point", "coordinates": [106.8548064, -6.1583462]}, "properties": {"kind": "tree", "name": ""}}, {"type": "Feature", "geometry": {"type": "Point", "coordinates": [106.8548319, -6.1583849]}, "properties": {"kind": "tree", "name": ""}}, {"type": "Feature", "geometry": {"type": "Point", "coordinates": [106.8548078, -6.1584196]}, "properties": {"kind": "tree", "name": ""}}, {"type": "Feature", "geometry": {"type": "Point", "coordinates": [106.8515571, -6.1570096]}, "properties": {"kind": "green_area", "name": ""}}, {"type": "Feature", "geometry": {"type": "Point", "coordinates": [106.853515, -6.1580869]}, "properties": {"kind": "green_area", "name": ""}}, {"type": "Feature", "geometry": {"type": "Point", "coordinates": [106.8545496, -6.1589069]}, "properties": {"kind": "green_area", "name": ""}}, {"type": "Feature", "geometry": {"type": "Point", "coordinates": [106.8494237, -6.1583066]}, "properties": {"kind": "green_area", "name": ""}}, {"type": "Feature", "geometry": {"type": "Point", "coordinates": [106.8509467, -6.1559549]}, "properties": {"kind": "green_area", "name": ""}}, {"type": "Feature", "geometry": {"type": "Point", "coordinates": [106.8553067, -6.1583756]}, "properties": {"kind": "tree", "name": ""}}, {"type": "Feature", "geometry": {"type": "Point", "coordinates": [106.8552758, -6.1584036]}, "properties": {"kind": "tree", "name": ""}}, {"type": "Feature", "geometry": {"type": "Point", "coordinates": [106.8559873, -6.1582856]}, "properties": {"kind": "tree", "name": ""}}, {"type": "Feature", "geometry": {"type": "Point", "coordinates": [106.8560718, -6.1582896]}, "properties": {"kind": "tree", "name": ""}}, {"type": "Feature", "geometry": {"type": "Point", "coordinates": [106.8560999, -6.1582456]}, "properties": {"kind": "tree", "name": ""}}, {"type": "Feature", "geometry": {"type": "Point", "coordinates": [106.8560691, -6.1582189]}, "properties": {"kind": "tree", "name": ""}}, {"type": "Feature", "geometry": {"type": "Point", "coordinates": [106.8560195, -6.1582442]}, "properties": {"kind": "tree", "name": ""}}, {"type": "Feature", "geometry": {"type": "Point", "coordinates": [106.8559833, -6.1582202]}, "properties": {"kind": "tree", "name": ""}}, {"type": "Feature", "geometry": {"type": "Point", "coordinates": [106.8559404, -6.1580375]}, "properties": {"kind": "tree", "name": ""}}, {"type": "Feature", "geometry": {"type": "Point", "coordinates": [106.855943, -6.1579962]}, "properties": {"kind": "tree", "name": ""}}, {"type": "Feature", "geometry": {"type": "Point", "coordinates": [106.8558559, -6.1578495]}, "properties": {"kind": "tree", "name": ""}}, {"type": "Feature", "geometry": {"type": "Point", "coordinates": [106.8557888, -6.1578015]}, "properties": {"kind": "tree", "name": ""}}, {"type": "Feature", "geometry": {"type": "Point", "coordinates": [106.8558089, -6.1578135]}, "properties": {"kind": "tree", "name": ""}}, {"type": "Feature", "geometry": {"type": "Point", "coordinates": [106.8558974, -6.1578255]}, "properties": {"kind": "tree", "name": ""}}, {"type": "Feature", "geometry": {"type": "Point", "coordinates": [106.8559055, -6.1578002]}, "properties": {"kind": "tree", "name": ""}}, {"type": "Feature", "geometry": {"type": "Point", "coordinates": [106.8558626, -6.1577935]}, "properties": {"kind": "tree", "name": ""}}, {"type": "Feature", "geometry": {"type": "Point", "coordinates": [106.855829, -6.1577695]}, "properties": {"kind": "tree", "name": ""}}, {"type": "Feature", "geometry": {"type": "Point", "coordinates": [106.8582703, -6.1571055]}, "properties": {"kind": "green_area", "name": "RPTRA Krida Serdang"}}, {"type": "Feature", "geometry": {"type": "Point", "coordinates": [106.8578764, -6.1528419]}, "properties": {"kind": "tree", "name": ""}}, {"type": "Feature", "geometry": {"type": "Point", "coordinates": [106.8578925, -6.1528859]}, "properties": {"kind": "tree", "name": ""}}, {"type": "Feature", "geometry": {"type": "Point", "coordinates": [106.8579019, -6.1529339]}, "properties": {"kind": "tree", "name": ""}}, {"type": "Feature", "geometry": {"type": "Point", "coordinates": [106.8579005, -6.1529872]}, "properties": {"kind": "tree", "name": ""}}, {"type": "Feature", "geometry": {"type": "Point", "coordinates": [106.8582231, -6.1534066]}, "properties": {"kind": "tree", "name": ""}}, {"type": "Feature", "geometry": {"type": "Point", "coordinates": [106.8582043, -6.1534439]}, "properties": {"kind": "tree", "name": ""}}, {"type": "Feature", "geometry": {"type": "Point", "coordinates": [106.8581761, -6.1534879]}, "properties": {"kind": "tree", "name": ""}}, {"type": "Feature", "geometry": {"type": "Point", "coordinates": [106.8581292, -6.1535746]}, "properties": {"kind": "tree", "name": ""}}, {"type": "Feature", "geometry": {"type": "Point", "coordinates": [106.858093, -6.1536159]}, "properties": {"kind": "tree", "name": ""}}, {"type": "Feature", "geometry": {"type": "Point", "coordinates": [106.8580702, -6.1536599]}, "properties": {"kind": "tree", "name": ""}}, {"type": "Feature", "geometry": {"type": "Point", "coordinates": [106.8580393, -6.1537226]}, "properties": {"kind": "tree", "name": ""}}, {"type": "Feature", "geometry": {"type": "Point", "coordinates": [106.8451372, -6.1254279]}, "properties": {"kind": "tree", "name": ""}}, {"type": "Feature", "geometry": {"type": "Point", "coordinates": [106.8452085, -6.1255623]}, "properties": {"kind": "tree", "name": ""}}, {"type": "Feature", "geometry": {"type": "Point", "coordinates": [106.8451819, -6.1256215]}, "properties": {"kind": "tree", "name": ""}}, {"type": "Feature", "geometry": {"type": "Point", "coordinates": [106.8451148, -6.1256618]}, "properties": {"kind": "tree", "name": ""}}, {"type": "Feature", "geometry": {"type": "Point", "coordinates": [106.8464506, -6.1259884]}, "properties": {"kind": "tree", "name": ""}}, {"type": "Feature", "geometry": {"type": "Point", "coordinates": [106.8459383, -6.1260151]}, "properties": {"kind": "tree", "name": ""}}, {"type": "Feature", "geometry": {"type": "Point", "coordinates": [106.8458176, -6.1260711]}, "properties": {"kind": "tree", "name": ""}}, {"type": "Feature", "geometry": {"type": "Point", "coordinates": [106.8457451, -6.1261058]}, "properties": {"kind": "tree", "name": ""}}, {"type": "Feature", "geometry": {"type": "Point", "coordinates": [106.8455681, -6.1262044]}, "properties": {"kind": "tree", "name": ""}}, {"type": "Feature", "geometry": {"type": "Point", "coordinates": [106.8453039, -6.1259524]}, "properties": {"kind": "tree", "name": ""}}, {"type": "Feature", "geometry": {"type": "Point", "coordinates": [106.8453629, -6.1259471]}, "properties": {"kind": "tree", "name": ""}}, {"type": "Feature", "geometry": {"type": "Point", "coordinates": [106.8454273, -6.1259417]}, "properties": {"kind": "tree", "name": ""}}, {"type": "Feature", "geometry": {"type": "Point", "coordinates": [106.8456446, -6.1259137]}, "properties": {"kind": "tree", "name": ""}}, {"type": "Feature", "geometry": {"type": "Point", "coordinates": [106.8452834, -6.1216034]}, "properties": {"kind": "green_area", "name": "Taman Impian Jaya Ancol"}}, {"type": "Feature", "geometry": {"type": "Point", "coordinates": [106.8457767, -6.1286357]}, "properties": {"kind": "green_area", "name": "RPTRA Pademangan Timur"}}, {"type": "Feature", "geometry": {"type": "Point", "coordinates": [106.8431139, -6.124987]}, "properties": {"kind": "tree", "name": ""}}, {"type": "Feature", "geometry": {"type": "Point", "coordinates": [106.8437751, -6.1260364]}, "properties": {"kind": "tree", "name": ""}}, {"type": "Feature", "geometry": {"type": "Point", "coordinates": [106.8440352, -6.1266138]}, "properties": {"kind": "tree", "name": ""}}, {"type": "Feature", "geometry": {"type": "Point", "coordinates": [106.8439347, -6.1257111]}, "properties": {"kind": "tree", "name": ""}}, {"type": "Feature", "geometry": {"type": "Point", "coordinates": [106.8441345, -6.1256644]}, "properties": {"kind": "tree", "name": ""}}, {"type": "Feature", "geometry": {"type": "Point", "coordinates": [106.843252, -6.1249403]}, "properties": {"kind": "tree", "name": ""}}, {"type": "Feature", "geometry": {"type": "Point", "coordinates": [106.8433258, -6.1251297]}, "properties": {"kind": "tree", "name": ""}}, {"type": "Feature", "geometry": {"type": "Point", "coordinates": [106.843358, -6.125007]}, "properties": {"kind": "tree", "name": ""}}, {"type": "Feature", "geometry": {"type": "Point", "coordinates": [106.8441792, -6.1260562]}, "properties": {"kind": "tree", "name": ""}}, {"type": "Feature", "geometry": {"type": "Point", "coordinates": [106.8439309, -6.1259319]}, "properties": {"kind": "tree", "name": ""}}, {"type": "Feature", "geometry": {"type": "Point", "coordinates": [106.8440948, -6.1263116]}, "properties": {"kind": "tree", "name": ""}}, {"type": "Feature", "geometry": {"type": "Point", "coordinates": [106.8438987, -6.1262998]}, "properties": {"kind": "tree", "name": ""}}, {"type": "Feature", "geometry": {"type": "Point", "coordinates": [106.8439562, -6.1263603]}, "properties": {"kind": "tree", "name": ""}}, {"type": "Feature", "geometry": {"type": "Point", "coordinates": [106.843963, -6.1264678]}, "properties": {"kind": "tree", "name": ""}}, {"type": "Feature", "geometry": {"type": "Point", "coordinates": [106.8439646, -6.1266812]}, "properties": {"kind": "tree", "name": ""}}, {"type": "Feature", "geometry": {"type": "Point", "coordinates": [106.8438565, -6.1267585]}, "properties": {"kind": "tree", "name": ""}}, {"type": "Feature", "geometry": {"type": "Point", "coordinates": [106.8437095, -6.1264846]}, "properties": {"kind": "tree", "name": ""}}, {"type": "Feature", "geometry": {"type": "Point", "coordinates": [106.8436588, -6.1265501]}, "properties": {"kind": "tree", "name": ""}}, {"type": "Feature", "geometry": {"type": "Point", "coordinates": [106.8437264, -6.1266056]}, "properties": {"kind": "tree", "name": ""}}, {"type": "Feature", "geometry": {"type": "Point", "coordinates": [106.8438497, -6.1265669]}, "properties": {"kind": "tree", "name": ""}}, {"type": "Feature", "geometry": {"type": "Point", "coordinates": [106.843831, -6.1264123]}, "properties": {"kind": "tree", "name": ""}}, {"type": "Feature", "geometry": {"type": "Point", "coordinates": [106.8443182, -6.1260137]}, "properties": {"kind": "tree", "name": ""}}, {"type": "Feature", "geometry": {"type": "Point", "coordinates": [106.8440647, -6.1260097]}, "properties": {"kind": "tree", "name": ""}}, {"type": "Feature", "geometry": {"type": "Point", "coordinates": [106.8440339, -6.1260738]}, "properties": {"kind": "tree", "name": ""}}, {"type": "Feature", "geometry": {"type": "Point", "coordinates": [106.8440996, -6.1260751]}, "properties": {"kind": "tree", "name": ""}}, {"type": "Feature", "geometry": {"type": "Point", "coordinates": [106.8441948, -6.1261698]}, "properties": {"kind": "tree", "name": ""}}, {"type": "Feature", "geometry": {"type": "Point", "coordinates": [106.8440674, -6.1262271]}, "properties": {"kind": "tree", "name": ""}}, {"type": "Feature", "geometry": {"type": "Point", "coordinates": [106.8440728, -6.1261551]}, "properties": {"kind": "tree", "name": ""}}, {"type": "Feature", "geometry": {"type": "Point", "coordinates": [106.8439628, -6.1260364]}, "properties": {"kind": "tree", "name": ""}}, {"type": "Feature", "geometry": {"type": "Point", "coordinates": [106.8438408, -6.1259071]}, "properties": {"kind": "tree", "name": ""}}, {"type": "Feature", "geometry": {"type": "Point", "coordinates": [106.84394, -6.1258564]}, "properties": {"kind": "tree", "name": ""}}, {"type": "Feature", "geometry": {"type": "Point", "coordinates": [106.8438005, -6.1257777]}, "properties": {"kind": "tree", "name": ""}}, {"type": "Feature", "geometry": {"type": "Point", "coordinates": [106.8438099, -6.1254217]}, "properties": {"kind": "tree", "name": ""}}, {"type": "Feature", "geometry": {"type": "Point", "coordinates": [106.8437536, -6.1255484]}, "properties": {"kind": "tree", "name": ""}}, {"type": "Feature", "geometry": {"type": "Point", "coordinates": [106.8437228, -6.1252657]}, "properties": {"kind": "tree", "name": ""}}, {"type": "Feature", "geometry": {"type": "Point", "coordinates": [106.8436369, -6.1251523]}, "properties": {"kind": "tree", "name": ""}}, {"type": "Feature", "geometry": {"type": "Point", "coordinates": [106.8436383, -6.1252537]}, "properties": {"kind": "tree", "name": ""}}, {"type": "Feature", "geometry": {"type": "Point", "coordinates": [106.8435659, -6.1255284]}, "properties": {"kind": "tree", "name": ""}}, {"type": "Feature", "geometry": {"type": "Point", "coordinates": [106.8436275, -6.1254284]}, "properties": {"kind": "tree", "name": ""}}, {"type": "Feature", "geometry": {"type": "Point", "coordinates": [106.8435363, -6.1254457]}, "properties": {"kind": "tree", "name": ""}}, {"type": "Feature", "geometry": {"type": "Point", "coordinates": [106.8436436, -6.1255204]}, "properties": {"kind": "tree", "name": ""}}, {"type": "Feature", "geometry": {"type": "Point", "coordinates": [106.8436235, -6.125607]}, "properties": {"kind": "tree", "name": ""}}, {"type": "Feature", "geometry": {"type": "Point", "coordinates": [106.8433432, -6.125387]}, "properties": {"kind": "tree", "name": ""}}, {"type": "Feature", "geometry": {"type": "Point", "coordinates": [106.8434733, -6.1252884]}, "properties": {"kind": "tree", "name": ""}}, {"type": "Feature", "geometry": {"type": "Point", "coordinates": [106.84302, -6.1250363]}, "properties": {"kind": "tree", "name": ""}}, {"type": "Feature", "geometry": {"type": "Point", "coordinates": [106.8431313, -6.1250577]}, "properties": {"kind": "tree", "name": ""}}, {"type": "Feature", "geometry": {"type": "Point", "coordinates": [106.8431836, -6.1251497]}, "properties": {"kind": "tree", "name": ""}}, {"type": "Feature", "geometry": {"type": "Point", "coordinates": [106.8430012, -6.125139]}, "properties": {"kind": "tree", "name": ""}}, {"type": "Feature", "geometry": {"type": "Point", "coordinates": [106.8428336, -6.1251883]}, "properties": {"kind": "tree", "name": ""}}, {"type": "Feature", "geometry": {"type": "Point", "coordinates": [106.8429328, -6.125227]}, "properties": {"kind": "tree", "name": ""}}, {"type": "Feature", "geometry": {"type": "Point", "coordinates": [106.843008, -6.125283]}, "properties": {"kind": "tree", "name": ""}}, {"type": "Feature", "geometry": {"type": "Point", "coordinates": [106.84302, -6.1253604]}, "properties": {"kind": "tree", "name": ""}}, {"type": "Feature", "geometry": {"type": "Point", "coordinates": [106.8431555, -6.1254537]}, "properties": {"kind": "tree", "name": ""}}, {"type": "Feature", "geometry": {"type": "Point", "coordinates": [106.8424299, -6.1257884]}, "properties": {"kind": "tree", "name": ""}}, {"type": "Feature", "geometry": {"type": "Point", "coordinates": [106.8423468, -6.1257271]}, "properties": {"kind": "tree", "name": ""}}, {"type": "Feature", "geometry": {"type": "Point", "coordinates": [106.8422274, -6.1258151]}, "properties": {"kind": "tree", "name": ""}}, {"type": "Feature", "geometry": {"type": "Point", "coordinates": [106.8421698, -6.1259004]}, "properties": {"kind": "tree", "name": ""}}, {"type": "Feature", "geometry": {"type": "Point", "coordinates": [106.8421818, -6.1259644]}, "properties": {"kind": "tree", "name": ""}}, {"type": "Feature", "geometry": {"type": "Point", "coordinates": [106.8422274, -6.1258884]}, "properties": {"kind": "tree", "name": ""}}, {"type": "Feature", "geometry": {"type": "Point", "coordinates": [106.8422368, -6.1259524]}, "properties": {"kind": "tree", "name": ""}}, {"type": "Feature", "geometry": {"type": "Point", "coordinates": [106.8422408, -6.1260111]}, "properties": {"kind": "tree", "name": ""}}, {"type": "Feature", "geometry": {"type": "Point", "coordinates": [106.8438622, -6.1259884]}, "properties": {"kind": "tree", "name": ""}}, {"type": "Feature", "geometry": {"type": "Point", "coordinates": [106.8437643, -6.1259204]}, "properties": {"kind": "tree", "name": ""}}, {"type": "Feature", "geometry": {"type": "Point", "coordinates": [106.8436946, -6.1258124]}, "properties": {"kind": "tree", "name": ""}}, {"type": "Feature", "geometry": {"type": "Point", "coordinates": [106.8438072, -6.1262111]}, "properties": {"kind": "tree", "name": ""}}, {"type": "Feature", "geometry": {"type": "Point", "coordinates": [106.8437979, -6.1261098]}, "properties": {"kind": "tree", "name": ""}}, {"type": "Feature", "geometry": {"type": "Point", "coordinates": [106.8436959, -6.1260858]}, "properties": {"kind": "tree", "name": ""}}, {"type": "Feature", "geometry": {"type": "Point", "coordinates": [106.8436624, -6.1259644]}, "properties": {"kind": "tree", "name": ""}}, {"type": "Feature", "geometry": {"type": "Point", "coordinates": [106.8435752, -6.1261604]}, "properties": {"kind": "tree", "name": ""}}, {"type": "Feature", "geometry": {"type": "Point", "coordinates": [106.8435363, -6.1260764]}, "properties": {"kind": "tree", "name": ""}}, {"type": "Feature", "geometry": {"type": "Point", "coordinates": [106.8436892, -6.1262124]}, "properties": {"kind": "tree", "name": ""}}, {"type": "Feature", "geometry": {"type": "Point", "coordinates": [106.8435511, -6.1263964]}, "properties": {"kind": "tree", "name": ""}}, {"type": "Feature", "geometry": {"type": "Point", "coordinates": [106.8433727, -6.1262418]}, "properties": {"kind": "tree", "name": ""}}, {"type": "Feature", "geometry": {"type": "Point", "coordinates": [106.8434478, -6.1261791]}, "properties": {"kind": "tree", "name": ""}}, {"type": "Feature", "geometry": {"type": "Point", "coordinates": [106.8434787, -6.1262844]}, "properties": {"kind": "tree", "name": ""}}, {"type": "Feature", "geometry": {"type": "Point", "coordinates": [106.8434197, -6.1263831]}, "properties": {"kind": "tree", "name": ""}}, {"type": "Feature", "geometry": {"type": "Point", "coordinates": [106.8433057, -6.1263524]}, "properties": {"kind": "tree", "name": ""}}, {"type": "Feature", "geometry": {"type": "Point", "coordinates": [106.8433285, -6.1264311]}, "properties": {"kind": "tree", "name": ""}}, {"type": "Feature", "geometry": {"type": "Point", "coordinates": [106.8432601, -6.1262884]}, "properties": {"kind": "tree", "name": ""}}, {"type": "Feature", "geometry": {"type": "Point", "coordinates": [106.8431903, -6.1264378]}, "properties": {"kind": "tree", "name": ""}}, {"type": "Feature", "geometry": {"type": "Point", "coordinates": [106.843079, -6.1263604]}, "properties": {"kind": "tree", "name": ""}}, {"type": "Feature", "geometry": {"type": "Point", "coordinates": [106.8431273, -6.1263578]}, "properties": {"kind": "tree", "name": ""}}, {"type": "Feature", "geometry": {"type": "Point", "coordinates": [106.8431005, -6.1264485]}, "properties": {"kind": "tree", "name": ""}}, {"type": "Feature", "geometry": {"type": "Point", "coordinates": [106.843417, -6.1265285]}, "properties": {"kind": "tree", "name": ""}}, {"type": "Feature", "geometry": {"type": "Point", "coordinates": [106.8432949, -6.1265551]}, "properties": {"kind": "tree", "name": ""}}, {"type": "Feature", "geometry": {"type": "Point", "coordinates": [106.8431997, -6.1265711]}, "properties": {"kind": "tree", "name": ""}}, {"type": "Feature", "geometry": {"type": "Point", "coordinates": [106.8428376, -6.1263498]}, "properties": {"kind": "tree", "name": ""}}, {"type": "Feature", "geometry": {"type": "Point", "coordinates": [106.8428832, -6.1262978]}, "properties": {"kind": "tree", "name": ""}}, {"type": "Feature", "geometry": {"type": "Point", "coordinates": [106.8427719, -6.1263244]}, "properties": {"kind": "tree", "name": ""}}, {"type": "Feature", "geometry": {"type": "Point", "coordinates": [106.8427894, -6.1264605]}, "properties": {"kind": "tree", "name": ""}}, {"type": "Feature", "geometry": {"type": "Point", "coordinates": [106.8425694, -6.1262964]}, "properties": {"kind": "tree", "name": ""}}, {"type": "Feature", "geometry": {"type": "Point", "coordinates": [106.8426217, -6.1263431]}, "properties": {"kind": "tree", "name": ""}}, {"type": "Feature", "geometry": {"type": "Point", "coordinates": [106.8422878, -6.1261671]}, "properties": {"kind": "tree", "name": ""}}, {"type": "Feature", "geometry": {"type": "Point", "coordinates": [106.8423196, -6.1262866]}, "properties": {"kind": "tree", "name": ""}}, {"type": "Feature", "geometry": {"type": "Point", "coordinates": [106.8423771, -6.1263541]}, "properties": {"kind": "tree", "name": ""}}, {"type": "Feature", "geometry": {"type": "Point", "coordinates": [106.8424389, -6.1263967]}, "properties": {"kind": "tree", "name": ""}}, {"type": "Feature", "geometry": {"type": "Point", "coordinates": [106.8423602, -6.1264284]}, "properties": {"kind": "tree", "name": ""}}, {"type": "Feature", "geometry": {"type": "Point", "coordinates": [106.842548, -6.1264164]}, "properties": {"kind": "tree", "name": ""}}, {"type": "Feature", "geometry": {"type": "Point", "coordinates": [106.8425828, -6.1265045]}, "properties": {"kind": "tree", "name": ""}}, {"type": "Feature", "geometry": {"type": "Point", "coordinates": [106.8424916, -6.1264765]}, "properties": {"kind": "tree", "name": ""}}, {"type": "Feature", "geometry": {"type": "Point", "coordinates": [106.8423428, -6.1265365]}, "properties": {"kind": "tree", "name": ""}}, {"type": "Feature", "geometry": {"type": "Point", "coordinates": [106.8425037, -6.1265685]}, "properties": {"kind": "tree", "name": ""}}, {"type": "Feature", "geometry": {"type": "Point", "coordinates": [106.8425184, -6.1266925]}, "properties": {"kind": "tree", "name": ""}}, {"type": "Feature", "geometry": {"type": "Point", "coordinates": [106.8425198, -6.1266618]}, "properties": {"kind": "tree", "name": ""}}, {"type": "Feature", "geometry": {"type": "Point", "coordinates": [106.8426405, -6.1266658]}, "properties": {"kind": "tree", "name": ""}}, {"type": "Feature", "geometry": {"type": "Point", "coordinates": [106.8450616, -6.1245113]}, "properties": {"kind": "tree", "name": ""}}, {"type": "Feature", "geometry": {"type": "Point", "coordinates": [106.845068, -6.1246087]}, "properties": {"kind": "tree", "name": ""}}, {"type": "Feature", "geometry": {"type": "Point", "coordinates": [106.8450637, -6.1246891]}, "properties": {"kind": "tree", "name": ""}}, {"type": "Feature", "geometry": {"type": "Point", "coordinates": [106.8448083, -6.125267]}, "properties": {"kind": "tree", "name": ""}}, {"type": "Feature", "geometry": {"type": "Point", "coordinates": [106.8447125, -6.1252331]}, "properties": {"kind": "tree", "name": ""}}, {"type": "Feature", "geometry": {"type": "Point", "coordinates": [106.8446401, -6.1252374]}, "properties": {"kind": "tree", "name": ""}}, {"type": "Feature", "geometry": {"type": "Point", "coordinates": [106.8450595, -6.1252649]}, "properties": {"kind": "tree", "name": ""}}, {"type": "Feature", "geometry": {"type": "Point", "coordinates": [106.845151, -6.1252077]}, "properties": {"kind": "tree", "name": ""}}, {"type": "Feature", "geometry": {"type": "Point", "coordinates": [106.845051, -6.1248013]}, "properties": {"kind": "tree", "name": ""}}, {"type": "Feature", "geometry": {"type": "Point", "coordinates": [106.8448146, -6.1248034]}, "properties": {"kind": "tree", "name": ""}}, {"type": "Feature", "geometry": {"type": "Point", "coordinates": [106.8449828, -6.1248691]}, "properties": {"kind": "tree", "name": ""}}, {"type": "Feature", "geometry": {"type": "Point", "coordinates": [106.8450105, -6.1250257]}, "properties": {"kind": "tree", "name": ""}}, {"type": "Feature", "geometry": {"type": "Point", "coordinates": [106.844853, -6.1249537]}, "properties": {"kind": "tree", "name": ""}}, {"type": "Feature", "geometry": {"type": "Point", "coordinates": [106.8447891, -6.1250363]}, "properties": {"kind": "tree", "name": ""}}, {"type": "Feature", "geometry": {"type": "Point", "coordinates": [106.8449168, -6.1251188]}, "properties": {"kind": "tree", "name": ""}}, {"type": "Feature", "geometry": {"type": "Point", "coordinates": [106.84411, -6.1247738]}, "properties": {"kind": "tree", "name": ""}}, {"type": "Feature", "geometry": {"type": "Point", "coordinates": [106.8444016, -6.1248267]}, "properties": {"kind": "tree", "name": ""}}, {"type": "Feature", "geometry": {"type": "Point", "coordinates": [106.8442484, -6.1249622]}, "properties": {"kind": "tree", "name": ""}}, {"type": "Feature", "geometry": {"type": "Point", "coordinates": [106.8444996, -6.124958]}, "properties": {"kind": "tree", "name": ""}}, {"type": "Feature", "geometry": {"type": "Point", "coordinates": [106.844572, -6.1251082]}, "properties": {"kind": "tree", "name": ""}}, {"type": "Feature", "geometry": {"type": "Point", "coordinates": [106.844506, -6.1252289]}, "properties": {"kind": "tree", "name": ""}}, {"type": "Feature", "geometry": {"type": "Point", "coordinates": [106.8444315, -6.1251061]}, "properties": {"kind": "tree", "name": ""}}, {"type": "Feature", "geometry": {"type": "Point", "coordinates": [106.8445251, -6.1255062]}, "properties": {"kind": "tree", "name": ""}}, {"type": "Feature", "geometry": {"type": "Point", "coordinates": [106.8444847, -6.1254173]}, "properties": {"kind": "tree", "name": ""}}, {"type": "Feature", "geometry": {"type": "Point", "coordinates": [106.8443463, -6.1252691]}, "properties": {"kind": "tree", "name": ""}}, {"type": "Feature", "geometry": {"type": "Point", "coordinates": [106.8443186, -6.1251167]}, "properties": {"kind": "tree", "name": ""}}, {"type": "Feature", "geometry": {"type": "Point", "coordinates": [106.8441696, -6.1251336]}, "properties": {"kind": "tree", "name": ""}}, {"type": "Feature", "geometry": {"type": "Point", "coordinates": [106.8441909, -6.1252416]}, "properties": {"kind": "tree", "name": ""}}, {"type": "Feature", "geometry": {"type": "Point", "coordinates": [106.8439844, -6.125231]}, "properties": {"kind": "tree", "name": ""}}, {"type": "Feature", "geometry": {"type": "Point", "coordinates": [106.8440695, -6.1251844]}, "properties": {"kind": "tree", "name": ""}}, {"type": "Feature", "geometry": {"type": "Point", "coordinates": [106.8437484, -6.1269214]}, "properties": {"kind": "tree", "name": ""}}, {"type": "Feature", "geometry": {"type": "Point", "coordinates": [106.8422733, -6.1271163]}, "properties": {"kind": "tree", "name": ""}}, {"type": "Feature", "geometry": {"type": "Point", "coordinates": [106.842351, -6.1270474]}, "properties": {"kind": "tree", "name": ""}}, {"type": "Feature", "geometry": {"type": "Point", "coordinates": [106.8423088, -6.1268761]}, "properties": {"kind": "tree", "name": ""}}, {"type": "Feature", "geometry": {"type": "Point", "coordinates": [106.8432508, -6.1266997]}, "properties": {"kind": "tree", "name": ""}}, {"type": "Feature", "geometry": {"type": "Point", "coordinates": [106.8431857, -6.1267131]}, "properties": {"kind": "tree", "name": ""}}, {"type": "Feature", "geometry": {"type": "Point", "coordinates": [106.8430303, -6.1267366]}, "properties": {"kind": "tree", "name": ""}}, {"type": "Feature", "geometry": {"type": "Point", "coordinates": [106.8429111, -6.1267509]}, "properties": {"kind": "tree", "name": ""}}, {"type": "Feature", "geometry": {"type": "Point", "coordinates": [106.8429525, -6.1267484]}, "properties": {"kind": "tree", "name": ""}}, {"type": "Feature", "geometry": {"type": "Point", "coordinates": [106.8427709, -6.1267769]}, "properties": {"kind": "tree", "name": ""}}, {"type": "Feature", "geometry": {"type": "Point", "coordinates": [106.8426974, -6.1267879]}, "properties": {"kind": "tree", "name": ""}}, {"type": "Feature", "geometry": {"type": "Point", "coordinates": [106.8428554, -6.1268567]}, "properties": {"kind": "tree", "name": ""}}, {"type": "Feature", "geometry": {"type": "Point", "coordinates": [106.842449, -6.126829]}, "properties": {"kind": "tree", "name": ""}}, {"type": "Feature", "geometry": {"type": "Point", "coordinates": [106.8424988, -6.1269021]}, "properties": {"kind": "tree", "name": ""}}, {"type": "Feature", "geometry": {"type": "Point", "coordinates": [106.8426281, -6.1268937]}, "properties": {"kind": "tree", "name": ""}}, {"type": "Feature", "geometry": {"type": "Point", "coordinates": [106.8427481, -6.1268693]}, "properties": {"kind": "tree", "name": ""}}, {"type": "Feature", "geometry": {"type": "Point", "coordinates": [106.843037, -6.1268307]}, "properties": {"kind": "tree", "name": ""}}, {"type": "Feature", "geometry": {"type": "Point", "coordinates": [106.8429508, -6.1268399]}, "properties": {"kind": "tree", "name": ""}}, {"type": "Feature", "geometry": {"type": "Point", "coordinates": [106.8433766, -6.1267316]}, "properties": {"kind": "tree", "name": ""}}, {"type": "Feature", "geometry": {"type": "Point", "coordinates": [106.8434434, -6.1266829]}, "properties": {"kind": "tree", "name": ""}}, {"type": "Feature", "geometry": {"type": "Point", "coordinates": [106.8435591, -6.1267013]}, "properties": {"kind": "tree", "name": ""}}, {"type": "Feature", "geometry": {"type": "Point", "coordinates": [106.8436149, -6.1267131]}, "properties": {"kind": "tree", "name": ""}}, {"type": "Feature", "geometry": {"type": "Point", "coordinates": [106.843674, -6.1267501]}, "properties": {"kind": "tree", "name": ""}}, {"type": "Feature", "geometry": {"type": "Point", "coordinates": [106.8436005, -6.1268551]}, "properties": {"kind": "tree", "name": ""}}, {"type": "Feature", "geometry": {"type": "Point", "coordinates": [106.843636, -6.1268609]}, "properties": {"kind": "tree", "name": ""}}, {"type": "Feature", "geometry": {"type": "Point", "coordinates": [106.8435524, -6.1268702]}, "properties": {"kind": "tree", "name": ""}}, {"type": "Feature", "geometry": {"type": "Point", "coordinates": [106.8433817, -6.1268962]}, "properties": {"kind": "tree", "name": ""}}, {"type": "Feature", "geometry": {"type": "Point", "coordinates": [106.8434256, -6.1268895]}, "properties": {"kind": "tree", "name": ""}}, {"type": "Feature", "geometry": {"type": "Point", "coordinates": [106.8438987, -6.1271297]}, "properties": {"kind": "tree", "name": ""}}, {"type": "Feature", "geometry": {"type": "Point", "coordinates": [106.8437957, -6.1271247]}, "properties": {"kind": "tree", "name": ""}}, {"type": "Feature", "geometry": {"type": "Point", "coordinates": [106.8437737, -6.1270189]}, "properties": {"kind": "tree", "name": ""}}, {"type": "Feature", "geometry": {"type": "Point", "coordinates": [106.8435321, -6.1269819]}, "properties": {"kind": "tree", "name": ""}}, {"type": "Feature", "geometry": {"type": "Point", "coordinates": [106.8431384, -6.1270105]}, "properties": {"kind": "tree", "name": ""}}, {"type": "Feature", "geometry": {"type": "Point", "coordinates": [106.8433935, -6.1270155]}, "properties": {"kind": "tree", "name": ""}}, {"type": "Feature", "geometry": {"type": "Point", "coordinates": [106.8434003, -6.1270743]}, "properties": {"kind": "tree", "name": ""}}, {"type": "Feature", "geometry": {"type": "Point", "coordinates": [106.8434189, -6.1271482]}, "properties": {"kind": "tree", "name": ""}}, {"type": "Feature", "geometry": {"type": "Point", "coordinates": [106.8434966, -6.1271919]}, "properties": {"kind": "tree", "name": ""}}, {"type": "Feature", "geometry": {"type": "Point", "coordinates": [106.8434459, -6.1272541]}, "properties": {"kind": "tree", "name": ""}}, {"type": "Feature", "geometry": {"type": "Point", "coordinates": [106.8435253, -6.1274204]}, "properties": {"kind": "tree", "name": ""}}, {"type": "Feature", "geometry": {"type": "Point", "coordinates": [106.8430539, -6.1273448]}, "properties": {"kind": "tree", "name": ""}}, {"type": "Feature", "geometry": {"type": "Point", "coordinates": [106.8429914, -6.1272877]}, "properties": {"kind": "tree", "name": ""}}, {"type": "Feature", "geometry": {"type": "Point", "coordinates": [106.8425183, -6.1273162]}, "properties": {"kind": "tree", "name": ""}}, {"type": "Feature", "geometry": {"type": "Point", "coordinates": [106.8425876, -6.1275178]}, "properties": {"kind": "tree", "name": ""}}, {"type": "Feature", "geometry": {"type": "Point", "coordinates": [106.8424946, -6.1274792]}, "properties": {"kind": "tree", "name": ""}}, {"type": "Feature", "geometry": {"type": "Point", "coordinates": [106.8428849, -6.1276522]}, "properties": {"kind": "tree", "name": ""}}, {"type": "Feature", "geometry": {"type": "Point", "coordinates": [106.8427751, -6.1276489]}, "properties": {"kind": "tree", "name": ""}}, {"type": "Feature", "geometry": {"type": "Point", "coordinates": [106.842596, -6.1276825]}, "properties": {"kind": "tree", "name": ""}}, {"type": "Feature", "geometry": {"type": "Point", "coordinates": [106.842525, -6.127585]}, "properties": {"kind": "tree", "name": ""}}, {"type": "Feature", "geometry": {"type": "Point", "coordinates": [106.8424659, -6.1273935]}, "properties": {"kind": "tree", "name": ""}}, {"type": "Feature", "geometry": {"type": "Point", "coordinates": [106.8424524, -6.1272524]}, "properties": {"kind": "tree", "name": ""}}, {"type": "Feature", "geometry": {"type": "Point", "coordinates": [106.8424473, -6.1272104]}, "properties": {"kind": "tree", "name": ""}}, {"type": "Feature", "geometry": {"type": "Point", "coordinates": [106.8425774, -6.1272994]}, "properties": {"kind": "tree", "name": ""}}, {"type": "Feature", "geometry": {"type": "Point", "coordinates": [106.8425571, -6.1271869]}, "properties": {"kind": "tree", "name": ""}}, {"type": "Feature", "geometry": {"type": "Point", "coordinates": [106.8426568, -6.1271297]}, "properties": {"kind": "tree", "name": ""}}, {"type": "Feature", "geometry": {"type": "Point", "coordinates": [106.8427295, -6.1272137]}, "properties": {"kind": "tree", "name": ""}}, {"type": "Feature", "geometry": {"type": "Point", "coordinates": [106.8428258, -6.1270978]}, "properties": {"kind": "tree", "name": ""}}, {"type": "Feature", "geometry": {"type": "Point", "coordinates": [106.8428495, -6.127207]}, "properties": {"kind": "tree", "name": ""}}, {"type": "Feature", "geometry": {"type": "Point", "coordinates": [106.8428495, -6.1272725]}, "properties": {"kind": "tree", "name": ""}}, {"type": "Feature", "geometry": {"type": "Point", "coordinates": [106.8429204, -6.12716]}, "properties": {"kind": "tree", "name": ""}}, {"type": "Feature", "geometry": {"type": "Point", "coordinates": [106.8440822, -6.1269085]}, "properties": {"kind": "tree", "name": ""}}, {"type": "Feature", "geometry": {"type": "Point", "coordinates": [106.8439977, -6.1268578]}, "properties": {"kind": "tree", "name": ""}}, {"type": "Feature", "geometry": {"type": "Point", "coordinates": [106.8441881, -6.1269805]}, "properties": {"kind": "tree", "name": ""}}, {"type": "Feature", "geometry": {"type": "Point", "coordinates": [106.844227, -6.1270965]}, "properties": {"kind": "tree", "name": ""}}, {"type": "Feature", "geometry": {"type": "Point", "coordinates": [106.8441144, -6.1270752]}, "properties": {"kind": "tree", "name": ""}}, {"type": "Feature", "geometry": {"type": "Point", "coordinates": [106.8442082, -6.1272072]}, "properties": {"kind": "tree", "name": ""}}, {"type": "Feature", "geometry": {"type": "Point", "coordinates": [106.8442101, -6.1272823]}, "properties": {"kind": "tree", "name": ""}}, {"type": "Feature", "geometry": {"type": "Point", "coordinates": [106.8442899, -6.1262608]}, "properties": {"kind": "tree", "name": ""}}, {"type": "Feature", "geometry": {"type": "Point", "coordinates": [106.8441725, -6.1265669]}, "properties": {"kind": "tree", "name": ""}}, {"type": "Feature", "geometry": {"type": "Point", "coordinates": [106.8441319, -6.1267081]}, "properties": {"kind": "tree", "name": ""}}, {"type": "Feature", "geometry": {"type": "Point", "coordinates": [106.8450934, -6.1249927]}, "properties": {"kind": "tree", "name": ""}}, {"type": "Feature", "geometry": {"type": "Point", "coordinates": [106.8447351, -6.1249608]}, "properties": {"kind": "tree", "name": ""}}, {"type": "Feature", "geometry": {"type": "Point", "coordinates": [106.844703, -6.1248751]}, "properties": {"kind": "tree", "name": ""}}, {"type": "Feature", "geometry": {"type": "Point", "coordinates": [106.8442367, -6.124655]}, "properties": {"kind": "tree", "name": ""}}, {"type": "Feature", "geometry": {"type": "Point", "coordinates": [106.8443347, -6.1244854]}, "properties": {"kind": "tree", "name": ""}}, {"type": "Feature", "geometry": {"type": "Point", "coordinates": [106.8444445, -6.1244803]}, "properties": {"kind": "tree", "name": ""}}, {"type": "Feature", "geometry": {"type": "Point", "coordinates": [106.8442282, -6.1245173]}, "properties": {"kind": "tree", "name": ""}}, {"type": "Feature", "geometry": {"type": "Point", "coordinates": [106.8441674, -6.1245845]}, "properties": {"kind": "tree", "name": ""}}, {"type": "Feature", "geometry": {"type": "Point", "coordinates": [106.8440998, -6.1245122]}, "properties": {"kind": "tree", "name": ""}}, {"type": "Feature", "geometry": {"type": "Point", "coordinates": [106.8440525, -6.124603]}, "properties": {"kind": "tree", "name": ""}}, {"type": "Feature", "geometry": {"type": "Point", "coordinates": [106.8438937, -6.1246903]}, "properties": {"kind": "tree", "name": ""}}, {"type": "Feature", "geometry": {"type": "Point", "coordinates": [106.8437433, -6.1247928]}, "properties": {"kind": "tree", "name": ""}}, {"type": "Feature", "geometry": {"type": "Point", "coordinates": [106.8435642, -6.1248281]}, "properties": {"kind": "tree", "name": ""}}, {"type": "Feature", "geometry": {"type": "Point", "coordinates": [106.8435051, -6.1247256]}, "properties": {"kind": "tree", "name": ""}}, {"type": "Feature", "geometry": {"type": "Point", "coordinates": [106.843647, -6.1247441]}, "properties": {"kind": "tree", "name": ""}}, {"type": "Feature", "geometry": {"type": "Point", "coordinates": [106.844551, -6.1258227]}, "properties": {"kind": "tree", "name": ""}}, {"type": "Feature", "geometry": {"type": "Point", "coordinates": [106.8443685, -6.1257773]}, "properties": {"kind": "tree", "name": ""}}, {"type": "Feature", "geometry": {"type": "Point", "coordinates": [106.8436155, -6.1269592]}, "properties": {"kind": "tree", "name": ""}}, {"type": "Feature", "geometry": {"type": "Point", "coordinates": [106.8449075, -6.1257236]}, "properties": {"kind": "tree", "name": ""}}, {"type": "Feature", "geometry": {"type": "Point", "coordinates": [106.8443263, -6.1247083]}, "properties": {"kind": "tree", "name": ""}}, {"type": "Feature", "geometry": {"type": "Point", "coordinates": [106.8438515, -6.124863]}, "properties": {"kind": "tree", "name": ""}}, {"type": "Feature", "geometry": {"type": "Point", "coordinates": [106.8438703, -6.125031]}, "properties": {"kind": "tree", "name": ""}}, {"type": "Feature", "geometry": {"type": "Point", "coordinates": [106.8419807, -6.1263551]}, "properties": {"kind": "tree", "name": ""}}, {"type": "Feature", "geometry": {"type": "Point", "coordinates": [106.8418546, -6.1265018]}, "properties": {"kind": "tree", "name": ""}}, {"type": "Feature", "geometry": {"type": "Point", "coordinates": [106.8419619, -6.1265365]}, "properties": {"kind": "tree", "name": ""}}, {"type": "Feature", "geometry": {"type": "Point", "coordinates": [106.8418667, -6.1263484]}, "properties": {"kind": "tree", "name": ""}}, {"type": "Feature", "geometry": {"type": "Point", "coordinates": [106.8430093, -6.1249337]}, "properties": {"kind": "tree", "name": ""}}, {"type": "Feature", "geometry": {"type": "Point", "coordinates": [106.8427116, -6.124939]}, "properties": {"kind": "tree", "name": ""}}, {"type": "Feature", "geometry": {"type": "Point", "coordinates": [106.8428403, -6.1249363]}, "properties": {"kind": "tree", "name": ""}}, {"type": "Feature", "geometry": {"type": "Point", "coordinates": [106.8421403, -6.125179]}, "properties": {"kind": "tree", "name": ""}}, {"type": "Feature", "geometry": {"type": "Point", "coordinates": [106.8420865, -6.1252755]}, "properties": {"kind": "tree", "name": ""}}, {"type": "Feature", "geometry": {"type": "Point", "coordinates": [106.8422398, -6.125103]}, "properties": {"kind": "tree", "name": ""}}, {"type": "Feature", "geometry": {"type": "Point", "coordinates": [106.8421887, -6.1256321]}, "properties": {"kind": "tree", "name": ""}}, {"type": "Feature", "geometry": {"type": "Point", "coordinates": [106.8421791, -6.1255729]}, "properties": {"kind": "tree", "name": ""}}, {"type": "Feature", "geometry": {"type": "Point", "coordinates": [106.8429101, -6.125015]}, "properties": {"kind": "tree", "name": ""}}, {"type": "Feature", "geometry": {"type": "Point", "coordinates": [106.8426271, -6.1251003]}, "properties": {"kind": "tree", "name": ""}}, {"type": "Feature", "geometry": {"type": "Point", "coordinates": [106.8426137, -6.125023]}, "properties": {"kind": "tree", "name": ""}}, {"type": "Feature", "geometry": {"type": "Point", "coordinates": [106.8424728, -6.1250843]}, "properties": {"kind": "tree", "name": ""}}, {"type": "Feature", "geometry": {"type": "Point", "coordinates": [106.8421778, -6.125199]}, "properties": {"kind": "tree", "name": ""}}, {"type": "Feature", "geometry": {"type": "Point", "coordinates": [106.8422529, -6.125207]}, "properties": {"kind": "tree", "name": ""}}, {"type": "Feature", "geometry": {"type": "Point", "coordinates": [106.8423937, -6.1251937]}, "properties": {"kind": "tree", "name": ""}}, {"type": "Feature", "geometry": {"type": "Point", "coordinates": [106.8425104, -6.1251657]}, "properties": {"kind": "tree", "name": ""}}, {"type": "Feature", "geometry": {"type": "Point", "coordinates": [106.8427867, -6.1250523]}, "properties": {"kind": "tree", "name": ""}}, {"type": "Feature", "geometry": {"type": "Point", "coordinates": [106.8422677, -6.1255257]}, "properties": {"kind": "tree", "name": ""}}, {"type": "Feature", "geometry": {"type": "Point", "coordinates": [106.8422811, -6.125471]}, "properties": {"kind": "tree", "name": ""}}, {"type": "Feature", "geometry": {"type": "Point", "coordinates": [106.8421845, -6.1254257]}, "properties": {"kind": "tree", "name": ""}}, {"type": "Feature", "geometry": {"type": "Point", "coordinates": [106.842214, -6.1257564]}, "properties": {"kind": "tree", "name": ""}}, {"type": "Feature", "geometry": {"type": "Point", "coordinates": [106.8421523, -6.1257831]}, "properties": {"kind": "tree", "name": ""}}, {"type": "Feature", "geometry": {"type": "Point", "coordinates": [106.8444215, -6.1236482]}, "properties": {"kind": "tree", "name": ""}}, {"type": "Feature", "geometry": {"type": "Point", "coordinates": [106.8445073, -6.1236882]}, "properties": {"kind": "tree", "name": ""}}, {"type": "Feature", "geometry": {"type": "Point", "coordinates": [106.8446361, -6.1237095]}, "properties": {"kind": "tree", "name": ""}}, {"type": "Feature", "geometry": {"type": "Point", "coordinates": [106.844872, -6.1239645]}, "properties": {"kind": "tree", "name": ""}}, {"type": "Feature", "geometry": {"type": "Point", "coordinates": [106.8447656, -6.1240065]}, "properties": {"kind": "tree", "name": ""}}, {"type": "Feature", "geometry": {"type": "Point", "coordinates": [106.8449937, -6.1242619]}, "properties": {"kind": "tree", "name": ""}}, {"type": "Feature", "geometry": {"type": "Point", "coordinates": [106.8449092, -6.1242233]}, "properties": {"kind": "tree", "name": ""}}, {"type": "Feature", "geometry": {"type": "Point", "coordinates": [106.8448247, -6.1241914]}, "properties": {"kind": "tree", "name": ""}}, {"type": "Feature", "geometry": {"type": "Point", "coordinates": [106.8442806, -6.1243879]}, "properties": {"kind": "tree", "name": ""}}, {"type": "Feature", "geometry": {"type": "Point", "coordinates": [106.8441218, -6.1244333]}, "properties": {"kind": "tree", "name": ""}}, {"type": "Feature", "geometry": {"type": "Point", "coordinates": [106.8436504, -6.1238654]}, "properties": {"kind": "tree", "name": ""}}, {"type": "Feature", "geometry": {"type": "Point", "coordinates": [106.8439376, -6.1236857]}, "properties": {"kind": "tree", "name": ""}}, {"type": "Feature", "geometry": {"type": "Point", "coordinates": [106.8440035, -6.1237041]}, "properties": {"kind": "tree", "name": ""}}, {"type": "Feature", "geometry": {"type": "Point", "coordinates": [106.8439782, -6.1238049]}, "properties": {"kind": "tree", "name": ""}}, {"type": "Feature", "geometry": {"type": "Point", "coordinates": [106.8437737, -6.1239662]}, "properties": {"kind": "tree", "name": ""}}, {"type": "Feature", "geometry": {"type": "Point", "coordinates": [106.8437129, -6.1240738]}, "properties": {"kind": "tree", "name": ""}}, {"type": "Feature", "geometry": {"type": "Point", "coordinates": [106.8435659, -6.1241762]}, "properties": {"kind": "tree", "name": ""}}, {"type": "Feature", "geometry": {"type": "Point", "coordinates": [106.8435574, -6.1242804]}, "properties": {"kind": "tree", "name": ""}}, {"type": "Feature", "geometry": {"type": "Point", "coordinates": [106.8437822, -6.1242787]}, "properties": {"kind": "tree", "name": ""}}, {"type": "Feature", "geometry": {"type": "Point", "coordinates": [106.8436723, -6.1243812]}, "properties": {"kind": "tree", "name": ""}}, {"type": "Feature", "geometry": {"type": "Point", "coordinates": [106.8438058, -6.1245475]}, "properties": {"kind": "tree", "name": ""}}, {"type": "Feature", "geometry": {"type": "Point", "coordinates": [106.8436487, -6.124603]}, "properties": {"kind": "tree", "name": ""}}, {"type": "Feature", "geometry": {"type": "Point", "coordinates": [106.8434408, -6.124655]}, "properties": {"kind": "tree", "name": ""}}, {"type": "Feature", "geometry": {"type": "Point", "coordinates": [106.8435439, -6.1244921]}, "properties": {"kind": "tree", "name": ""}}, {"type": "Feature", "geometry": {"type": "Point", "coordinates": [106.8434392, -6.1244014]}, "properties": {"kind": "tree", "name": ""}}, {"type": "Feature", "geometry": {"type": "Point", "coordinates": [106.8433462, -6.1244652]}, "properties": {"kind": "tree", "name": ""}}, {"type": "Feature", "geometry": {"type": "Point", "coordinates": [106.843402, -6.124561]}, "properties": {"kind": "tree", "name": ""}}, {"type": "Feature", "geometry": {"type": "Point", "coordinates": [106.8433209, -6.1245912]}, "properties": {"kind": "tree", "name": ""}}, {"type": "Feature", "geometry": {"type": "Point", "coordinates": [106.8432296, -6.1245845]}, "properties": {"kind": "tree", "name": ""}}, {"type": "Feature", "geometry": {"type": "Point", "coordinates": [106.8431654, -6.124524]}, "properties": {"kind": "tree", "name": ""}}, {"type": "Feature", "geometry": {"type": "Point", "coordinates": [106.8432465, -6.1244635]}, "properties": {"kind": "tree", "name": ""}}, {"type": "Feature", "geometry": {"type": "Point", "coordinates": [106.8434037, -6.1242989]}, "properties": {"kind": "tree", "name": ""}}, {"type": "Feature", "geometry": {"type": "Point", "coordinates": [106.8433344, -6.1241326]}, "properties": {"kind": "tree", "name": ""}}, {"type": "Feature", "geometry": {"type": "Point", "coordinates": [106.8433141, -6.1242098]}, "properties": {"kind": "tree", "name": ""}}, {"type": "Feature", "geometry": {"type": "Point", "coordinates": [106.8432178, -6.1241998]}, "properties": {"kind": "tree", "name": ""}}, {"type": "Feature", "geometry": {"type": "Point", "coordinates": [106.8431384, -6.1241594]}, "properties": {"kind": "tree", "name": ""}}, {"type": "Feature", "geometry": {"type": "Point", "coordinates": [106.8431249, -6.1240721]}, "properties": {"kind": "tree", "name": ""}}, {"type": "Feature", "geometry": {"type": "Point", "coordinates": [106.8432009, -6.1239494]}, "properties": {"kind": "tree", "name": ""}}, {"type": "Feature", "geometry": {"type": "Point", "coordinates": [106.8423932, -6.1245862]}, "properties": {"kind": "tree", "name": ""}}, {"type": "Feature", "geometry": {"type": "Point", "coordinates": [106.8425048, -6.1248735]}, "properties": {"kind": "tree", "name": ""}}, {"type": "Feature", "geometry": {"type": "Point", "coordinates": [106.8426484, -6.1248566]}, "properties": {"kind": "tree", "name": ""}}, {"type": "Feature", "geometry": {"type": "Point", "coordinates": [106.8427464, -6.124823]}, "properties": {"kind": "tree", "name": ""}}, {"type": "Feature", "geometry": {"type": "Point", "coordinates": [106.8429559, -6.1247878]}, "properties": {"kind": "tree", "name": ""}}, {"type": "Feature", "geometry": {"type": "Point", "coordinates": [106.8428258, -6.1247441]}, "properties": {"kind": "tree", "name": ""}}, {"type": "Feature", "geometry": {"type": "Point", "coordinates": [106.8428883, -6.1246382]}, "properties": {"kind": "tree", "name": ""}}, {"type": "Feature", "geometry": {"type": "Point", "coordinates": [106.8430049, -6.12465]}, "properties": {"kind": "tree", "name": ""}}, {"type": "Feature", "geometry": {"type": "Point", "coordinates": [106.8430184, -6.124561]}, "properties": {"kind": "tree", "name": ""}}, {"type": "Feature", "geometry": {"type": "Point", "coordinates": [106.8430455, -6.124487]}, "properties": {"kind": "tree", "name": ""}}, {"type": "Feature", "geometry": {"type": "Point", "coordinates": [106.8429627, -6.1243711]}, "properties": {"kind": "tree", "name": ""}}, {"type": "Feature", "geometry": {"type": "Point", "coordinates": [106.8430607, -6.1243375]}, "properties": {"kind": "tree", "name": ""}}, {"type": "Feature", "geometry": {"type": "Point", "coordinates": [106.843037, -6.1242283]}, "properties": {"kind": "tree", "name": ""}}, {"type": "Feature", "geometry": {"type": "Point", "coordinates": [106.8429322, -6.1240822]}, "properties": {"kind": "tree", "name": ""}}, {"type": "Feature", "geometry": {"type": "Point", "coordinates": [106.8430252, -6.124104]}, "properties": {"kind": "tree", "name": ""}}, {"type": "Feature", "geometry": {"type": "Point", "coordinates": [106.8430303, -6.1240183]}, "properties": {"kind": "tree", "name": ""}}, {"type": "Feature", "geometry": {"type": "Point", "coordinates": [106.8419747, -6.1247759]}, "properties": {"kind": "tree", "name": ""}}, {"type": "Feature", "geometry": {"type": "Point", "coordinates": [106.8421344, -6.1246807]}, "properties": {"kind": "tree", "name": ""}}, {"type": "Feature", "geometry": {"type": "Point", "coordinates": [106.8421259, -6.124795]}, "properties": {"kind": "tree", "name": ""}}, {"type": "Feature", "geometry": {"type": "Point", "coordinates": [106.8421961, -6.1248945]}, "properties": {"kind": "tree", "name": ""}}, {"type": "Feature", "geometry": {"type": "Point", "coordinates": [106.8423111, -6.1248818]}, "properties": {"kind": "tree", "name": ""}}, {"type": "Feature", "geometry": {"type": "Point", "coordinates": [106.844447, -6.1242843]}, "properties": {"kind": "tree", "name": ""}}, {"type": "Feature", "geometry": {"type": "Point", "coordinates": [106.8419421, -6.1252313]}, "properties": {"kind": "tree", "name": ""}}, {"type": "Feature", "geometry": {"type": "Point", "coordinates": [106.8419252, -6.1251977]}, "properties": {"kind": "tree", "name": ""}}, {"type": "Feature", "geometry": {"type": "Point", "coordinates": [106.8418897, -6.125154]}, "properties": {"kind": "tree", "name": ""}}, {"type": "Feature", "geometry": {"type": "Point", "coordinates": [106.8419056, -6.1258951]}, "properties": {"kind": "tree", "name": ""}}, {"type": "Feature", "geometry": {"type": "Point", "coordinates": [106.8419579, -6.1261484]}, "properties": {"kind": "tree", "name": ""}}, {"type": "Feature", "geometry": {"type": "Point", "coordinates": [106.841758, -6.1264685]}, "properties": {"kind": "tree", "name": ""}}, {"type": "Feature", "geometry": {"type": "Point", "coordinates": [106.8417352, -6.1263191]}, "properties": {"kind": "tree", "name": ""}}, {"type": "Feature", "geometry": {"type": "Point", "coordinates": [106.8413946, -6.1263071]}, "properties": {"kind": "tree", "name": ""}}, {"type": "Feature", "geometry": {"type": "Point", "coordinates": [106.8414576, -6.1262844]}, "properties": {"kind": "tree", "name": ""}}, {"type": "Feature", "geometry": {"type": "Point", "coordinates": [106.8412887, -6.1262804]}, "properties": {"kind": "tree", "name": ""}}, {"type": "Feature", "geometry": {"type": "Point", "coordinates": [106.8411036, -6.1263178]}, "properties": {"kind": "tree", "name": ""}}, {"type": "Feature", "geometry": {"type": "Point", "coordinates": [106.8416937, -6.1261151]}, "properties": {"kind": "tree", "name": ""}}, {"type": "Feature", "geometry": {"type": "Point", "coordinates": [106.8414791, -6.1261218]}, "properties": {"kind": "tree", "name": ""}}, {"type": "Feature", "geometry": {"type": "Point", "coordinates": [106.8413088, -6.1261524]}, "properties": {"kind": "tree", "name": ""}}, {"type": "Feature", "geometry": {"type": "Point", "coordinates": [106.8412887, -6.1259991]}, "properties": {"kind": "tree", "name": ""}}, {"type": "Feature", "geometry": {"type": "Point", "coordinates": [106.841404, -6.1259804]}, "properties": {"kind": "tree", "name": ""}}, {"type": "Feature", "geometry": {"type": "Point", "coordinates": [106.841805, -6.1259177]}, "properties": {"kind": "tree", "name": ""}}, {"type": "Feature", "geometry": {"type": "Point", "coordinates": [106.8417044, -6.1259284]}, "properties": {"kind": "tree", "name": ""}}, {"type": "Feature", "geometry": {"type": "Point", "coordinates": [106.8417983, -6.1252977]}, "properties": {"kind": "tree", "name": ""}}, {"type": "Feature", "geometry": {"type": "Point", "coordinates": [106.8417513, -6.125287]}, "properties": {"kind": "tree", "name": ""}}, {"type": "Feature", "geometry": {"type": "Point", "coordinates": [106.8417862, -6.1252644]}, "properties": {"kind": "tree", "name": ""}}, {"type": "Feature", "geometry": {"type": "Point", "coordinates": [106.8417339, -6.1253897]}, "properties": {"kind": "tree", "name": ""}}, {"type": "Feature", "geometry": {"type": "Point", "coordinates": [106.8417071, -6.1253964]}, "properties": {"kind": "tree", "name": ""}}, {"type": "Feature", "geometry": {"type": "Point", "coordinates": [106.841644, -6.1254097]}, "properties": {"kind": "tree", "name": ""}}, {"type": "Feature", "geometry": {"type": "Point", "coordinates": [106.8415757, -6.1254217]}, "properties": {"kind": "tree", "name": ""}}, {"type": "Feature", "geometry": {"type": "Point", "coordinates": [106.841518, -6.125443]}, "properties": {"kind": "tree", "name": ""}}, {"type": "Feature", "geometry": {"type": "Point", "coordinates": [106.8414322, -6.1257257]}, "properties": {"kind": "tree", "name": ""}}, {"type": "Feature", "geometry": {"type": "Point", "coordinates": [106.8414241, -6.1255097]}, "properties": {"kind": "tree", "name": ""}}, {"type": "Feature", "geometry": {"type": "Point", "coordinates": [106.8412699, -6.1258751]}, "properties": {"kind": "tree", "name": ""}}, {"type": "Feature", "geometry": {"type": "Point", "coordinates": [106.8413021, -6.1258044]}, "properties": {"kind": "tree", "name": ""}}, {"type": "Feature", "geometry": {"type": "Point", "coordinates": [106.8414563, -6.1258551]}, "properties": {"kind": "tree", "name": ""}}, {"type": "Feature", "geometry": {"type": "Point", "coordinates": [106.868681, -6.1220617]}, "properties": {"kind": "green_area", "name": "RPTRA Lestari Indah"}}, {"type": "Feature", "geometry": {"type": "Point", "coordinates": [106.8655601, -6.1214851]}, "properties": {"kind": "green_area", "name": ""}}, {"type": "Feature", "geometry": {"type": "Point", "coordinates": [106.8618488, -6.1250754]}, "properties": {"kind": "tree", "name": ""}}, {"type": "Feature", "geometry": {"type": "Point", "coordinates": [106.8619345, -6.1253178]}, "properties": {"kind": "tree", "name": ""}}, {"type": "Feature", "geometry": {"type": "Point", "coordinates": [106.8607186, -6.1236029]}, "properties": {"kind": "tree", "name": ""}}, {"type": "Feature", "geometry": {"type": "Point", "coordinates": [106.860736, -6.1236695]}, "properties": {"kind": "tree", "name": ""}}, {"type": "Feature", "geometry": {"type": "Point", "coordinates": [106.8609332, -6.1237175]}, "properties": {"kind": "tree", "name": ""}}, {"type": "Feature", "geometry": {"type": "Point", "coordinates": [106.8606703, -6.1236669]}, "properties": {"kind": "tree", "name": ""}}, {"type": "Feature", "geometry": {"type": "Point", "coordinates": [106.8604841, -6.1235752]}, "properties": {"kind": "green_area", "name": ""}}, {"type": "Feature", "geometry": {"type": "Point", "coordinates": [106.8607612, -6.1236203]}, "properties": {"kind": "green_area", "name": ""}}, {"type": "Feature", "geometry": {"type": "Point", "coordinates": [106.8616984, -6.1243211]}, "properties": {"kind": "green_area", "name": ""}}, {"type": "Feature", "geometry": {"type": "Point", "coordinates": [106.8619899, -6.1231049]}, "properties": {"kind": "green_area", "name": ""}}, {"type": "Feature", "geometry": {"type": "Point", "coordinates": [106.861996, -6.1251106]}, "properties": {"kind": "green_area", "name": ""}}, {"type": "Feature", "geometry": {"type": "Point", "coordinates": [106.861827, -6.1250538]}, "properties": {"kind": "green_area", "name": ""}}, {"type": "Feature", "geometry": {"type": "Point", "coordinates": [106.8421432, -6.1773847]}, "properties": {"kind": "tree", "name": ""}}, {"type": "Feature", "geometry": {"type": "Point", "coordinates": [106.8421803, -6.1774864]}, "properties": {"kind": "tree", "name": ""}}, {"type": "Feature", "geometry": {"type": "Point", "coordinates": [106.8425357, -6.1778299]}, "properties": {"kind": "tree", "name": ""}}, {"type": "Feature", "geometry": {"type": "Point", "coordinates": [106.8425623, -6.1778066]}, "properties": {"kind": "tree", "name": ""}}, {"type": "Feature", "geometry": {"type": "Point", "coordinates": [106.8428742, -6.1776669]}, "properties": {"kind": "tree", "name": ""}}, {"type": "Feature", "geometry": {"type": "Point", "coordinates": [106.8429072, -6.1776256]}, "properties": {"kind": "tree", "name": ""}}, {"type": "Feature", "geometry": {"type": "Point", "coordinates": [106.8422302, -6.1777257]}, "properties": {"kind": "tree", "name": ""}}, {"type": "Feature", "geometry": {"type": "Point", "coordinates": [106.8422691, -6.1776907]}, "properties": {"kind": "tree", "name": ""}}, {"type": "Feature", "geometry": {"type": "Point", "coordinates": [106.8423366, -6.1777833]}, "properties": {"kind": "tree", "name": ""}}, {"type": "Feature", "geometry": {"type": "Point", "coordinates": [106.8416606, -6.1781059]}, "properties": {"kind": "green_area", "name": ""}}, {"type": "Feature", "geometry": {"type": "Point", "coordinates": [106.8425699, -6.1781822]}, "properties": {"kind": "green_area", "name": ""}}, {"type": "Feature", "geometry": {"type": "Point", "coordinates": [106.8401501, -6.1801229]}, "properties": {"kind": "green_area", "name": ""}}, {"type": "Feature", "geometry": {"type": "Point", "coordinates": [106.8423113, -6.1777461]}, "properties": {"kind": "green_area", "name": ""}}, {"type": "Feature", "geometry": {"type": "Point", "coordinates": [106.837437, -6.1781023]}, "properties": {"kind": "tree", "name": ""}}, {"type": "Feature", "geometry": {"type": "Point", "coordinates": [106.8386118, -6.1767916]}, "properties": {"kind": "tree", "name": ""}}, {"type": "Feature", "geometry": {"type": "Point", "coordinates": [106.8386815, -6.176733]}, "properties": {"kind": "tree", "name": ""}}, {"type": "Feature", "geometry": {"type": "Point", "coordinates": [106.8382645, -6.1768223]}, "properties": {"kind": "tree", "name": ""}}, {"type": "Feature", "geometry": {"type": "Point", "coordinates": [106.8379761, -6.1761356]}, "properties": {"kind": "tree", "name": ""}}, {"type": "Feature", "geometry": {"type": "Point", "coordinates": [106.8383959, -6.175837]}, "properties": {"kind": "tree", "name": ""}}, {"type": "Feature", "geometry": {"type": "Point", "coordinates": [106.8380311, -6.1756796]}, "properties": {"kind": "tree", "name": ""}}, {"type": "Feature", "geometry": {"type": "Point", "coordinates": [106.8387794, -6.1755836]}, "properties": {"kind": "tree", "name": ""}}, {"type": "Feature", "geometry": {"type": "Point", "coordinates": [106.8388574, -6.1756806]}, "properties": {"kind": "tree", "name": ""}}, {"type": "Feature", "geometry": {"type": "Point", "coordinates": [106.8389365, -6.175779]}, "properties": {"kind": "tree", "name": ""}}, {"type": "Feature", "geometry": {"type": "Point", "coordinates": [106.8390144, -6.175876]}, "properties": {"kind": "tree", "name": ""}}, {"type": "Feature", "geometry": {"type": "Point", "coordinates": [106.8390971, -6.175979]}, "properties": {"kind": "tree", "name": ""}}, {"type": "Feature", "geometry": {"type": "Point", "coordinates": [106.8391791, -6.176081]}, "properties": {"kind": "tree", "name": ""}}, {"type": "Feature", "geometry": {"type": "Point", "coordinates": [106.8387415, -6.1772696]}, "properties": {"kind": "green_area", "name": ""}}, {"type": "Feature", "geometry": {"type": "Point", "coordinates": [106.8366855, -6.1765673]}, "properties": {"kind": "green_area", "name": ""}}, {"type": "Feature", "geometry": {"type": "Point", "coordinates": [106.836905, -6.1768646]}, "properties": {"kind": "green_area", "name": ""}}, {"type": "Feature", "geometry": {"type": "Point", "coordinates": [106.8371371, -6.1772532]}, "properties": {"kind": "green_area", "name": ""}}, {"type": "Feature", "geometry": {"type": "Point", "coordinates": [106.8380486, -6.1787959]}, "properties": {"kind": "green_area", "name": ""}}, {"type": "Feature", "geometry": {"type": "Point", "coordinates": [106.835534, -6.1704543]}, "properties": {"kind": "tree", "name": ""}}, {"type": "Feature", "geometry": {"type": "Point", "coordinates": [106.8355112, -6.1705063]}, "properties": {"kind": "tree", "name": ""}}, {"type": "Feature", "geometry": {"type": "Point", "coordinates": [106.8345201, -6.1708397]}, "properties": {"kind": "tree", "name": ""}}, {"type": "Feature", "geometry": {"type": "Point", "coordinates": [106.8344812, -6.1707983]}, "properties": {"kind": "tree", "name": ""}}, {"type": "Feature", "geometry": {"type": "Point", "coordinates": [106.8348205, -6.1709477]}, "properties": {"kind": "tree", "name": ""}}, {"type": "Feature", "geometry": {"type": "Point", "coordinates": [106.8349747, -6.1709437]}, "properties": {"kind": "tree", "name": ""}}, {"type": "Feature", "geometry": {"type": "Point", "coordinates": [106.8350324, -6.1709383]}, "properties": {"kind": "tree", "name": ""}}, {"type": "Feature", "geometry": {"type": "Point", "coordinates": [106.8355501, -6.1703077]}, "properties": {"kind": "tree", "name": ""}}, {"type": "Feature", "geometry": {"type": "Point", "coordinates": [106.8366749, -6.1694354]}, "properties": {"kind": "green_area", "name": ""}}, {"type": "Feature", "geometry": {"type": "Point", "coordinates": [106.8370122, -6.1701425]}, "properties": {"kind": "green_area", "name": ""}}, {"type": "Feature", "geometry": {"type": "Point", "coordinates": [106.8380351, -6.1700462]}, "properties": {"kind": "green_area", "name": "OJK Park"}}, {"type": "Feature", "geometry": {"type": "Point", "coordinates": [106.8381043, -6.1721383]}, "properties": {"kind": "green_area", "name": ""}}, {"type": "Feature", "geometry": {"type": "Point", "coordinates": [106.8357814, -6.1698843]}, "properties": {"kind": "green_area", "name": ""}}, {"type": "Feature", "geometry": {"type": "Point", "coordinates": [106.834049, -6.1707729]}, "properties": {"kind": "green_area", "name": ""}}, {"type": "Feature", "geometry": {"type": "Point", "coordinates": [106.8352304, -6.1692212]}, "properties": {"kind": "green_area", "name": ""}}, {"type": "Feature", "geometry": {"type": "Point", "coordinates": [106.8518318, -6.1450991]}, "properties": {"kind": "tree", "name": ""}}, {"type": "Feature", "geometry": {"type": "Point", "coordinates": [106.8517963, -6.1449042]}, "properties": {"kind": "tree", "name": ""}}, {"type": "Feature", "geometry": {"type": "Point", "coordinates": [106.8496719, -6.1440843]}, "properties": {"kind": "tree", "name": ""}}, {"type": "Feature", "geometry": {"type": "Point", "coordinates": [106.8495592, -6.144059]}, "properties": {"kind": "tree", "name": ""}}, {"type": "Feature", "geometry": {"type": "Point", "coordinates": [106.8494841, -6.1439576]}, "properties": {"kind": "tree", "name": ""}}, {"type": "Feature", "geometry": {"type": "Point", "coordinates": [106.8493782, -6.1439283]}, "properties": {"kind": "tree", "name": ""}}, {"type": "Feature", "geometry": {"type": "Point", "coordinates": [106.8495744, -6.143152]}, "properties": {"kind": "tree", "name": ""}}, {"type": "Feature", "geometry": {"type": "Point", "coordinates": [106.8495203, -6.1427874]}, "properties": {"kind": "tree", "name": ""}}, {"type": "Feature", "geometry": {"type": "Point", "coordinates": [106.8494756, -6.1420096]}, "properties": {"kind": "tree", "name": ""}}, {"type": "Feature", "geometry": {"type": "Point", "coordinates": [106.8494844, -6.1423334]}, "properties": {"kind": "tree", "name": ""}}, {"type": "Feature", "geometry": {"type": "Point", "coordinates": [106.8494832, -6.1422641]}, "properties": {"kind": "tree", "name": ""}}, {"type": "Feature", "geometry": {"type": "Point", "coordinates": [106.8490337, -6.1421473]}, "properties": {"kind": "tree", "name": ""}}, {"type": "Feature", "geometry": {"type": "Point", "coordinates": [106.8519163, -6.1436677]}, "properties": {"kind": "tree", "name": ""}}, {"type": "Feature", "geometry": {"type": "Point", "coordinates": [106.8518318, -6.1431621]}, "properties": {"kind": "tree", "name": ""}}, {"type": "Feature", "geometry": {"type": "Point", "coordinates": [106.849792, -6.1444607]}, "properties": {"kind": "tree", "name": ""}}, {"type": "Feature", "geometry": {"type": "Point", "coordinates": [106.8497468, -6.1444792]}, "properties": {"kind": "tree", "name": ""}}, {"type": "Feature", "geometry": {"type": "Point", "coordinates": [106.8501438, -6.1448236]}, "properties": {"kind": "tree", "name": ""}}, {"type": "Feature", "geometry": {"type": "Point", "coordinates": [106.850208, -6.1447933]}, "properties": {"kind": "tree", "name": ""}}, {"type": "Feature", "geometry": {"type": "Point", "coordinates": [106.8503719, -6.144989]}, "properties": {"kind": "tree", "name": ""}}, {"type": "Feature", "geometry": {"type": "Point", "coordinates": [106.8502275, -6.144968]}, "properties": {"kind": "tree", "name": ""}}, {"type": "Feature", "geometry": {"type": "Point", "coordinates": [106.8500898, -6.1449445]}, "properties": {"kind": "tree", "name": ""}}, {"type": "Feature", "geometry": {"type": "Point", "coordinates": [106.8499292, -6.1449689]}, "properties": {"kind": "tree", "name": ""}}, {"type": "Feature", "geometry": {"type": "Point", "coordinates": [106.8499335, -6.1449076]}, "properties": {"kind": "tree", "name": ""}}, {"type": "Feature", "geometry": {"type": "Point", "coordinates": [106.8499774, -6.1448362]}, "properties": {"kind": "tree", "name": ""}}, {"type": "Feature", "geometry": {"type": "Point", "coordinates": [106.8499461, -6.1447337]}, "properties": {"kind": "tree", "name": ""}}, {"type": "Feature", "geometry": {"type": "Point", "coordinates": [106.8498777, -6.1447152]}, "properties": {"kind": "tree", "name": ""}}, {"type": "Feature", "geometry": {"type": "Point", "coordinates": [106.8498549, -6.1447312]}, "properties": {"kind": "tree", "name": ""}}, {"type": "Feature", "geometry": {"type": "Point", "coordinates": [106.8497932, -6.1447354]}, "properties": {"kind": "tree", "name": ""}}, {"type": "Feature", "geometry": {"type": "Point", "coordinates": [106.8497687, -6.1447085]}, "properties": {"kind": "tree", "name": ""}}, {"type": "Feature", "geometry": {"type": "Point", "coordinates": [106.8522686, -6.1449672]}, "properties": {"kind": "tree", "name": ""}}, {"type": "Feature", "geometry": {"type": "Point", "coordinates": [106.8522838, -6.144895]}, "properties": {"kind": "tree", "name": ""}}, {"type": "Feature", "geometry": {"type": "Point", "coordinates": [106.8520509, -6.1442402]}, "properties": {"kind": "tree", "name": ""}}, {"type": "Feature", "geometry": {"type": "Point", "coordinates": [106.8520361, -6.144311]}, "properties": {"kind": "tree", "name": ""}}, {"type": "Feature", "geometry": {"type": "Point", "coordinates": [106.8519797, -6.1443977]}, "properties": {"kind": "tree", "name": ""}}, {"type": "Feature", "geometry": {"type": "Point", "coordinates": [106.8520422, -6.1448017]}, "properties": {"kind": "tree", "name": ""}}, {"type": "Feature", "geometry": {"type": "Point", "coordinates": [106.8521453, -6.1448168]}, "properties": {"kind": "tree", "name": ""}}, {"type": "Feature", "geometry": {"type": "Point", "coordinates": [106.8519619, -6.1447026]}, "properties": {"kind": "tree", "name": ""}}, {"type": "Feature", "geometry": {"type": "Point", "coordinates": [106.8520101, -6.1445825]}, "properties": {"kind": "tree", "name": ""}}, {"type": "Feature", "geometry": {"type": "Point", "coordinates": [106.8519417, -6.1445598]}, "properties": {"kind": "tree", "name": ""}}, {"type": "Feature", "geometry": {"type": "Point", "coordinates": [106.8517566, -6.1443994]}, "properties": {"kind": "tree", "name": ""}}, {"type": "Feature", "geometry": {"type": "Point", "coordinates": [106.8516586, -6.144328]}, "properties": {"kind": "tree", "name": ""}}, {"type": "Feature", "geometry": {"type": "Point", "coordinates": [106.8515209, -6.1442305]}, "properties": {"kind": "tree", "name": ""}}, {"type": "Feature", "geometry": {"type": "Point", "coordinates": [106.8454099, -6.1463831]}, "properties": {"kind": "tree", "name": ""}}, {"type": "Feature", "geometry": {"type": "Point", "coordinates": [106.8474704, -6.1426809]}, "properties": {"kind": "tree", "name": ""}}, {"type": "Feature", "geometry": {"type": "Point", "coordinates": [106.8475449, -6.1428905]}, "properties": {"kind": "tree", "name": ""}}, {"type": "Feature", "geometry": {"type": "Point", "coordinates": [106.8478121, -6.1429582]}, "properties": {"kind": "tree", "name": ""}}, {"type": "Feature", "geometry": {"type": "Point", "coordinates": [106.8477291, -6.142846]}, "properties": {"kind": "tree", "name": ""}}, {"type": "Feature", "geometry": {"type": "Point", "coordinates": [106.84743, -6.1431635]}, "properties": {"kind": "tree", "name": ""}}, {"type": "Feature", "geometry": {"type": "Point", "coordinates": [106.8472969, -6.1432471]}, "properties": {"kind": "tree", "name": ""}}, {"type": "Feature", "geometry": {"type": "Point", "coordinates": [106.84753, -6.1430376]}, "properties": {"kind": "tree", "name": ""}}, {"type": "Feature", "geometry": {"type": "Point", "coordinates": [106.8478376, -6.1430461]}, "properties": {"kind": "tree", "name": ""}}, {"type": "Feature", "geometry": {"type": "Point", "coordinates": [106.8479175, -6.1432027]}, "properties": {"kind": "tree", "name": ""}}, {"type": "Feature", "geometry": {"type": "Point", "coordinates": [106.8478568, -6.1432577]}, "properties": {"kind": "tree", "name": ""}}, {"type": "Feature", "geometry": {"type": "Point", "coordinates": [106.8479664, -6.1433403]}, "properties": {"kind": "tree", "name": ""}}, {"type": "Feature", "geometry": {"type": "Point", "coordinates": [106.8478824, -6.1434292]}, "properties": {"kind": "tree", "name": ""}}, {"type": "Feature", "geometry": {"type": "Point", "coordinates": [106.8470063, -6.1424746]}, "properties": {"kind": "tree", "name": ""}}, {"type": "Feature", "geometry": {"type": "Point", "coordinates": [106.8468328, -6.1428238]}, "properties": {"kind": "tree", "name": ""}}, {"type": "Feature", "geometry": {"type": "Point", "coordinates": [106.8468871, -6.1427773]}, "properties": {"kind": "tree", "name": ""}}, {"type": "Feature", "geometry": {"type": "Point", "coordinates": [106.8468009, -6.1427434]}, "properties": {"kind": "tree", "name": ""}}, {"type": "Feature", "geometry": {"type": "Point", "coordinates": [106.8468882, -6.1426926]}, "properties": {"kind": "tree", "name": ""}}, {"type": "Feature", "geometry": {"type": "Point", "coordinates": [106.8469637, -6.1425412]}, "properties": {"kind": "tree", "name": ""}}, {"type": "Feature", "geometry": {"type": "Point", "coordinates": [106.8469031, -6.1425656]}, "properties": {"kind": "tree", "name": ""}}, {"type": "Feature", "geometry": {"type": "Point", "coordinates": [106.8467839, -6.1424968]}, "properties": {"kind": "tree", "name": ""}}, {"type": "Feature", "geometry": {"type": "Point", "coordinates": [106.8472607, -6.1425624]}, "properties": {"kind": "tree", "name": ""}}, {"type": "Feature", "geometry": {"type": "Point", "coordinates": [106.8473235, -6.1427392]}, "properties": {"kind": "tree", "name": ""}}, {"type": "Feature", "geometry": {"type": "Point", "coordinates": [106.8467317, -6.1428524]}, "properties": {"kind": "tree", "name": ""}}, {"type": "Feature", "geometry": {"type": "Point", "coordinates": [106.84672, -6.1428048]}, "properties": {"kind": "tree", "name": ""}}, {"type": "Feature", "geometry": {"type": "Point", "coordinates": [106.8466998, -6.1427021]}, "properties": {"kind": "tree", "name": ""}}, {"type": "Feature", "geometry": {"type": "Point", "coordinates": [106.8466785, -6.1426069]}, "properties": {"kind": "tree", "name": ""}}, {"type": "Feature", "geometry": {"type": "Point", "coordinates": [106.8466402, -6.1425243]}, "properties": {"kind": "tree", "name": ""}}, {"type": "Feature", "geometry": {"type": "Point", "coordinates": [106.8461686, -6.1427212]}, "properties": {"kind": "tree", "name": ""}}, {"type": "Feature", "geometry": {"type": "Point", "coordinates": [106.8460781, -6.1427762]}, "properties": {"kind": "tree", "name": ""}}, {"type": "Feature", "geometry": {"type": "Point", "coordinates": [106.8454609, -6.1439928]}, "properties": {"kind": "tree", "name": ""}}, {"type": "Feature", "geometry": {"type": "Point", "coordinates": [106.8458419, -6.1437887]}, "properties": {"kind": "tree", "name": ""}}, {"type": "Feature", "geometry": {"type": "Point", "coordinates": [106.8459982, -6.14374]}, "properties": {"kind": "tree", "name": ""}}, {"type": "Feature", "geometry": {"type": "Point", "coordinates": [106.8457274, -6.14362]}, "properties": {"kind": "tree", "name": ""}}, {"type": "Feature", "geometry": {"type": "Point", "coordinates": [106.845591, -6.1435451]}, "properties": {"kind": "tree", "name": ""}}, {"type": "Feature", "geometry": {"type": "Point", "coordinates": [106.8457017, -6.1432956]}, "properties": {"kind": "tree", "name": ""}}, {"type": "Feature", "geometry": {"type": "Point", "coordinates": [106.8456315, -6.1434174]}, "properties": {"kind": "tree", "name": ""}}, {"type": "Feature", "geometry": {"type": "Point", "coordinates": [106.8457126, -6.1434552]}, "properties": {"kind": "tree", "name": ""}}, {"type": "Feature", "geometry": {"type": "Point", "coordinates": [106.8458561, -6.1433797]}, "properties": {"kind": "tree", "name": ""}}, {"type": "Feature", "geometry": {"type": "Point", "coordinates": [106.8457692, -6.1434871]}, "properties": {"kind": "tree", "name": ""}}, {"type": "Feature", "geometry": {"type": "Point", "coordinates": [106.8458098, -6.143514]}, "properties": {"kind": "tree", "name": ""}}, {"type": "Feature", "geometry": {"type": "Point", "coordinates": [106.8457556, -6.1429826]}, "properties": {"kind": "tree", "name": ""}}, {"type": "Feature", "geometry": {"type": "Point", "coordinates": [106.8458184, -6.1430196]}, "properties": {"kind": "tree", "name": ""}}, {"type": "Feature", "geometry": {"type": "Point", "coordinates": [106.8458833, -6.1430619]}, "properties": {"kind": "tree", "name": ""}}, {"type": "Feature", "geometry": {"type": "Point", "coordinates": [106.8459547, -6.1430958]}, "properties": {"kind": "tree", "name": ""}}, {"type": "Feature", "geometry": {"type": "Point", "coordinates": [106.8459994, -6.1431212]}, "properties": {"kind": "tree", "name": ""}}, {"type": "Feature", "geometry": {"type": "Point", "coordinates": [106.8458716, -6.1432112]}, "properties": {"kind": "tree", "name": ""}}, {"type": "Feature", "geometry": {"type": "Point", "coordinates": [106.8458078, -6.1431805]}, "properties": {"kind": "tree", "name": ""}}, {"type": "Feature", "geometry": {"type": "Point", "coordinates": [106.8457492, -6.1431328]}, "properties": {"kind": "tree", "name": ""}}, {"type": "Feature", "geometry": {"type": "Point", "coordinates": [106.845679, -6.1430926]}, "properties": {"kind": "tree", "name": ""}}, {"type": "Feature", "geometry": {"type": "Point", "coordinates": [106.8455715, -6.1430693]}, "properties": {"kind": "tree", "name": ""}}, {"type": "Feature", "geometry": {"type": "Point", "coordinates": [106.845576, -6.1432234]}, "properties": {"kind": "tree", "name": ""}}, {"type": "Feature", "geometry": {"type": "Point", "coordinates": [106.8455052, -6.1431785]}, "properties": {"kind": "tree", "name": ""}}, {"type": "Feature", "geometry": {"type": "Point", "coordinates": [106.846373, -6.1428217]}, "properties": {"kind": "tree", "name": ""}}, {"type": "Feature", "geometry": {"type": "Point", "coordinates": [106.8463783, -6.1427317]}, "properties": {"kind": "tree", "name": ""}}, {"type": "Feature", "geometry": {"type": "Point", "coordinates": [106.8464337, -6.1426481]}, "properties": {"kind": "tree", "name": ""}}, {"type": "Feature", "geometry": {"type": "Point", "coordinates": [106.8464291, -6.1422649]}, "properties": {"kind": "tree", "name": ""}}, {"type": "Feature", "geometry": {"type": "Point", "coordinates": [106.8462001, -6.1422507]}, "properties": {"kind": "tree", "name": ""}}, {"type": "Feature", "geometry": {"type": "Point", "coordinates": [106.8462888, -6.1422187]}, "properties": {"kind": "tree", "name": ""}}, {"type": "Feature", "geometry": {"type": "Point", "coordinates": [106.8464248, -6.1422003]}, "properties": {"kind": "tree", "name": ""}}, {"type": "Feature", "geometry": {"type": "Point", "coordinates": [106.8464122, -6.1423212]}, "properties": {"kind": "tree", "name": ""}}, {"type": "Feature", "geometry": {"type": "Point", "coordinates": [106.8463682, -6.1423834]}, "properties": {"kind": "tree", "name": ""}}, {"type": "Feature", "geometry": {"type": "Point", "coordinates": [106.8462973, -6.1424371]}, "properties": {"kind": "tree", "name": ""}}, {"type": "Feature", "geometry": {"type": "Point", "coordinates": [106.8462305, -6.1423716]}, "properties": {"kind": "tree", "name": ""}}, {"type": "Feature", "geometry": {"type": "Point", "coordinates": [106.846187, -6.1444437]}, "properties": {"kind": "tree", "name": ""}}, {"type": "Feature", "geometry": {"type": "Point", "coordinates": [106.8463051, -6.1444957]}, "properties": {"kind": "tree", "name": ""}}, {"type": "Feature", "geometry": {"type": "Point", "coordinates": [106.8464009, -6.1445617]}, "properties": {"kind": "tree", "name": ""}}, {"type": "Feature", "geometry": {"type": "Point", "coordinates": [106.8484401, -6.14457]}, "properties": {"kind": "tree", "name": ""}}, {"type": "Feature", "geometry": {"type": "Point", "coordinates": [106.848421, -6.1444102]}, "properties": {"kind": "tree", "name": ""}}, {"type": "Feature", "geometry": {"type": "Point", "coordinates": [106.8478648, -6.144063]}, "properties": {"kind": "tree", "name": ""}}, {"type": "Feature", "geometry": {"type": "Point", "coordinates": [106.8479828, -6.144089]}, "properties": {"kind": "tree", "name": ""}}, {"type": "Feature", "geometry": {"type": "Point", "coordinates": [106.8480941, -6.144035]}, "properties": {"kind": "tree", "name": ""}}, {"type": "Feature", "geometry": {"type": "Point", "coordinates": [106.8478146, -6.1435619]}, "properties": {"kind": "tree", "name": ""}}, {"type": "Feature", "geometry": {"type": "Point", "coordinates": [106.8477065, -6.1435896]}, "properties": {"kind": "tree", "name": ""}}, {"type": "Feature", "geometry": {"type": "Point", "coordinates": [106.8476186, -6.1436871]}, "properties": {"kind": "tree", "name": ""}}, {"type": "Feature", "geometry": {"type": "Point", "coordinates": [106.8475586, -6.1437601]}, "properties": {"kind": "tree", "name": ""}}, {"type": "Feature", "geometry": {"type": "Point", "coordinates": [106.8476676, -6.1438139]}, "properties": {"kind": "tree", "name": ""}}, {"type": "Feature", "geometry": {"type": "Point", "coordinates": [106.8468515, -6.1431142]}, "properties": {"kind": "tree", "name": ""}}, {"type": "Feature", "geometry": {"type": "Point", "coordinates": [106.8470061, -6.1431923]}, "properties": {"kind": "tree", "name": ""}}, {"type": "Feature", "geometry": {"type": "Point", "coordinates": [106.8462314, -6.1430411]}, "properties": {"kind": "tree", "name": ""}}, {"type": "Feature", "geometry": {"type": "Point", "coordinates": [106.8462837, -6.1431016]}, "properties": {"kind": "tree", "name": ""}}, {"type": "Feature", "geometry": {"type": "Point", "coordinates": [106.8463158, -6.1431856]}, "properties": {"kind": "tree", "name": ""}}, {"type": "Feature", "geometry": {"type": "Point", "coordinates": [106.8464549, -6.1433943]}, "properties": {"kind": "tree", "name": ""}}, {"type": "Feature", "geometry": {"type": "Point", "coordinates": [106.8461059, -6.1445523]}, "properties": {"kind": "tree", "name": ""}}, {"type": "Feature", "geometry": {"type": "Point", "coordinates": [106.8458725, -6.1444177]}, "properties": {"kind": "tree", "name": ""}}, {"type": "Feature", "geometry": {"type": "Point", "coordinates": [106.8458953, -6.1442443]}, "properties": {"kind": "tree", "name": ""}}, {"type": "Feature", "geometry": {"type": "Point", "coordinates": [106.845713, -6.1441736]}, "properties": {"kind": "tree", "name": ""}}, {"type": "Feature", "geometry": {"type": "Point", "coordinates": [106.8451604, -6.1444377]}, "properties": {"kind": "tree", "name": ""}}, {"type": "Feature", "geometry": {"type": "Point", "coordinates": [106.8451068, -6.1445697]}, "properties": {"kind": "tree", "name": ""}}, {"type": "Feature", "geometry": {"type": "Point", "coordinates": [106.845184, -6.1458019]}, "properties": {"kind": "tree", "name": ""}}, {"type": "Feature", "geometry": {"type": "Point", "coordinates": [106.8473757, -6.146094]}, "properties": {"kind": "tree", "name": ""}}, {"type": "Feature", "geometry": {"type": "Point", "coordinates": [106.847497, -6.1460845]}, "properties": {"kind": "tree", "name": ""}}, {"type": "Feature", "geometry": {"type": "Point", "coordinates": [106.8475609, -6.1461544]}, "properties": {"kind": "tree", "name": ""}}, {"type": "Feature", "geometry": {"type": "Point", "coordinates": [106.8474672, -6.1461829]}, "properties": {"kind": "tree", "name": ""}}, {"type": "Feature", "geometry": {"type": "Point", "coordinates": [106.8472809, -6.1462697]}, "properties": {"kind": "tree", "name": ""}}, {"type": "Feature", "geometry": {"type": "Point", "coordinates": [106.8472778, -6.1464718]}, "properties": {"kind": "tree", "name": ""}}, {"type": "Feature", "geometry": {"type": "Point", "coordinates": [106.8477844, -6.1475079]}, "properties": {"kind": "tree", "name": ""}}, {"type": "Feature", "geometry": {"type": "Point", "coordinates": [106.8475034, -6.1474952]}, "properties": {"kind": "tree", "name": ""}}, {"type": "Feature", "geometry": {"type": "Point", "coordinates": [106.8476822, -6.1474688]}, "properties": {"kind": "tree", "name": ""}}, {"type": "Feature", "geometry": {"type": "Point", "coordinates": [106.8471092, -6.1448034]}, "properties": {"kind": "tree", "name": ""}}, {"type": "Feature", "geometry": {"type": "Point", "coordinates": [106.8471717, -6.1447967]}, "properties": {"kind": "tree", "name": ""}}, {"type": "Feature", "geometry": {"type": "Point", "coordinates": [106.8474225, -6.1447288]}, "properties": {"kind": "tree", "name": ""}}, {"type": "Feature", "geometry": {"type": "Point", "coordinates": [106.8476131, -6.1446928]}, "properties": {"kind": "tree", "name": ""}}, {"type": "Feature", "geometry": {"type": "Point", "coordinates": [106.8477099, -6.1446812]}, "properties": {"kind": "tree", "name": ""}}, {"type": "Feature", "geometry": {"type": "Point", "coordinates": [106.8480111, -6.1446251]}, "properties": {"kind": "tree", "name": ""}}, {"type": "Feature", "geometry": {"type": "Point", "coordinates": [106.848207, -6.1449098]}, "properties": {"kind": "tree", "name": ""}}, {"type": "Feature", "geometry": {"type": "Point", "coordinates": [106.8480612, -6.1449331]}, "properties": {"kind": "tree", "name": ""}}, {"type": "Feature", "geometry": {"type": "Point", "coordinates": [106.84781, -6.144986]}, "properties": {"kind": "tree", "name": ""}}, {"type": "Feature", "geometry": {"type": "Point", "coordinates": [106.8477142, -6.1449902]}, "properties": {"kind": "tree", "name": ""}}, {"type": "Feature", "geometry": {"type": "Point", "coordinates": [106.8479929, -6.1482927]}, "properties": {"kind": "tree", "name": ""}}, {"type": "Feature", "geometry": {"type": "Point", "coordinates": [106.8478408, -6.1482994]}, "properties": {"kind": "tree", "name": ""}}, {"type": "Feature", "geometry": {"type": "Point", "coordinates": [106.8481872, -6.1483666]}, "properties": {"kind": "tree", "name": ""}}, {"type": "Feature", "geometry": {"type": "Point", "coordinates": [106.8481348, -6.148244]}, "properties": {"kind": "tree", "name": ""}}, {"type": "Feature", "geometry": {"type": "Point", "coordinates": [106.8480402, -6.1481062]}, "properties": {"kind": "tree", "name": ""}}, {"type": "Feature", "geometry": {"type": "Point", "coordinates": [106.8477935, -6.1481365]}, "properties": {"kind": "tree", "name": ""}}, {"type": "Feature", "geometry": {"type": "Point", "coordinates": [106.848052, -6.1479735]}, "properties": {"kind": "tree", "name": ""}}, {"type": "Feature", "geometry": {"type": "Point", "coordinates": [106.8479608, -6.1479853]}, "properties": {"kind": "tree", "name": ""}}, {"type": "Feature", "geometry": {"type": "Point", "coordinates": [106.8460884, -6.1445639]}, "properties": {"kind": "green_area", "name": ""}}, {"type": "Feature", "geometry": {"type": "Point", "coordinates": [106.8458947, -6.1430622]}, "properties": {"kind": "green_area", "name": ""}}, {"type": "Feature", "geometry": {"type": "Point", "coordinates": [106.8457722, -6.1431542]}, "properties": {"kind": "green_area", "name": ""}}, {"type": "Feature", "geometry": {"type": "Point", "coordinates": [106.8456616, -6.1432664]}, "properties": {"kind": "green_area", "name": ""}}, {"type": "Feature", "geometry": {"type": "Point", "coordinates": [106.8457243, -6.1434647]}, "properties": {"kind": "green_area", "name": ""}}, {"type": "Feature", "geometry": {"type": "Point", "coordinates": [106.8456645, -6.1435824]}, "properties": {"kind": "green_area", "name": ""}}, {"type": "Feature", "geometry": {"type": "Point", "coordinates": [106.8455362, -6.1438347]}, "properties": {"kind": "green_area", "name": ""}}, {"type": "Feature", "geometry": {"type": "Point", "coordinates": [106.8455998, -6.143708]}, "properties": {"kind": "green_area", "name": ""}}, {"type": "Feature", "geometry": {"type": "Point", "coordinates": [106.8454048, -6.143231]}, "properties": {"kind": "green_area", "name": ""}}, {"type": "Feature", "geometry": {"type": "Point", "coordinates": [106.8480393, -6.1421583]}, "properties": {"kind": "green_area", "name": ""}}, {"type": "Feature", "geometry": {"type": "Point", "coordinates": [106.845487, -6.1466965]}, "properties": {"kind": "green_area", "name": ""}}, {"type": "Feature", "geometry": {"type": "Point", "coordinates": [106.7508056, -6.0936865]}, "properties": {"kind": "tree", "name": ""}}, {"type": "Feature", "geometry": {"type": "Point", "coordinates": [106.7508093, -6.0936666]}, "properties": {"kind": "tree", "name": ""}}, {"type": "Feature", "geometry": {"type": "Point", "coordinates": [106.750815, -6.093679]}, "properties": {"kind": "tree", "name": ""}}, {"type": "Feature", "geometry": {"type": "Point", "coordinates": [106.7508189, -6.0936922]}, "properties": {"kind": "tree", "name": ""}}, {"type": "Feature", "geometry": {"type": "Point", "coordinates": [106.7508412, -6.0936757]}, "properties": {"kind": "tree", "name": ""}}, {"type": "Feature", "geometry": {"type": "Point", "coordinates": [106.7508353, -6.0936664]}, "properties": {"kind": "tree", "name": ""}}, {"type": "Feature", "geometry": {"type": "Point", "coordinates": [106.7508306, -6.0936811]}, "properties": {"kind": "tree", "name": ""}}, {"type": "Feature", "geometry": {"type": "Point", "coordinates": [106.7508518, -6.0936753]}, "properties": {"kind": "tree", "name": ""}}, {"type": "Feature", "geometry": {"type": "Point", "coordinates": [106.7508485, -6.0936887]}, "properties": {"kind": "tree", "name": ""}}, {"type": "Feature", "geometry": {"type": "Point", "coordinates": [106.7508238, -6.0936698]}, "properties": {"kind": "tree", "name": ""}}, {"type": "Feature", "geometry": {"type": "Point", "coordinates": [106.7508358, -6.0936966]}, "properties": {"kind": "tree", "name": ""}}, {"type": "Feature", "geometry": {"type": "Point", "coordinates": [106.7499927, -6.0934699]}, "properties": {"kind": "tree", "name": ""}}, {"type": "Feature", "geometry": {"type": "Point", "coordinates": [106.7500077, -6.093466]}, "properties": {"kind": "tree", "name": ""}}, {"type": "Feature", "geometry": {"type": "Point", "coordinates": [106.749996, -6.0934547]}, "properties": {"kind": "tree", "name": ""}}, {"type": "Feature", "geometry": {"type": "Point", "coordinates": [106.7500112, -6.0934492]}, "properties": {"kind": "tree", "name": ""}}, {"type": "Feature", "geometry": {"type": "Point", "coordinates": [106.7500162, -6.0934763]}, "properties": {"kind": "tree", "name": ""}}, {"type": "Feature", "geometry": {"type": "Point", "coordinates": [106.7500204, -6.0934614]}, "properties": {"kind": "tree", "name": ""}}, {"type": "Feature", "geometry": {"type": "Point", "coordinates": [106.7500351, -6.0934555]}, "properties": {"kind": "tree", "name": ""}}, {"type": "Feature", "geometry": {"type": "Point", "coordinates": [106.7500324, -6.093471]}, "properties": {"kind": "tree", "name": ""}}, {"type": "Feature", "geometry": {"type": "Point", "coordinates": [106.7500387, -6.0934823]}, "properties": {"kind": "tree", "name": ""}}, {"type": "Feature", "geometry": {"type": "Point", "coordinates": [106.7500424, -6.0934647]}, "properties": {"kind": "tree", "name": ""}}, {"type": "Feature", "geometry": {"type": "Point", "coordinates": [106.7500014, -6.0934313]}, "properties": {"kind": "tree", "name": ""}}, {"type": "Feature", "geometry": {"type": "Point", "coordinates": [106.7500145, -6.0934329]}, "properties": {"kind": "tree", "name": ""}}, {"type": "Feature", "geometry": {"type": "Point", "coordinates": [106.7500254, -6.0934365]}, "properties": {"kind": "tree", "name": ""}}, {"type": "Feature", "geometry": {"type": "Point", "coordinates": [106.750036, -6.0934394]}, "properties": {"kind": "tree", "name": ""}}, {"type": "Feature", "geometry": {"type": "Point", "coordinates": [106.7500453, -6.0934415]}, "properties": {"kind": "tree", "name": ""}}, {"type": "Feature", "geometry": {"type": "Point", "coordinates": [106.7508189, -6.0936572]}, "properties": {"kind": "tree", "name": ""}}, {"type": "Feature", "geometry": {"type": "Point", "coordinates": [106.7508137, -6.0936445]}, "properties": {"kind": "tree", "name": ""}}, {"type": "Feature", "geometry": {"type": "Point", "coordinates": [106.7508278, -6.0936489]}, "properties": {"kind": "tree", "name": ""}}, {"type": "Feature", "geometry": {"type": "Point", "coordinates": [106.7508374, -6.0936522]}, "properties": {"kind": "tree", "name": ""}}, {"type": "Feature", "geometry": {"type": "Point", "coordinates": [106.7508455, -6.0936549]}, "properties": {"kind": "tree", "name": ""}}, {"type": "Feature", "geometry": {"type": "Point", "coordinates": [106.7508553, -6.0936585]}, "properties": {"kind": "tree", "name": ""}}, {"type": "Feature", "geometry": {"type": "Point", "coordinates": [106.7500933, -6.0929489]}, "properties": {"kind": "tree", "name": ""}}, {"type": "Feature", "geometry": {"type": "Point", "coordinates": [106.7500986, -6.0929606]}, "properties": {"kind": "tree", "name": ""}}, {"type": "Feature", "geometry": {"type": "Point", "coordinates": [106.75011, -6.0929521]}, "properties": {"kind": "tree", "name": ""}}, {"type": "Feature", "geometry": {"type": "Point", "coordinates": [106.7501149, -6.0929645]}, "properties": {"kind": "tree", "name": ""}}, {"type": "Feature", "geometry": {"type": "Point", "coordinates": [106.7501287, -6.0929567]}, "properties": {"kind": "tree", "name": ""}}, {"type": "Feature", "geometry": {"type": "Point", "coordinates": [106.7501356, -6.0929691]}, "properties": {"kind": "tree", "name": ""}}, {"type": "Feature", "geometry": {"type": "Point", "coordinates": [106.7501254, -6.0929798]}, "properties": {"kind": "tree", "name": ""}}, {"type": "Feature", "geometry": {"type": "Point", "coordinates": [106.7501028, -6.0929723]}, "properties": {"kind": "tree", "name": ""}}, {"type": "Feature", "geometry": {"type": "Point", "coordinates": [106.7500868, -6.0929681]}, "properties": {"kind": "tree", "name": ""}}, {"type": "Feature", "geometry": {"type": "Point", "coordinates": [106.750092, -6.0929818]}, "properties": {"kind": "tree", "name": ""}}, {"type": "Feature", "geometry": {"type": "Point", "coordinates": [106.7501107, -6.0929853]}, "properties": {"kind": "tree", "name": ""}}, {"type": "Feature", "geometry": {"type": "Point", "coordinates": [106.7501297, -6.0929912]}, "properties": {"kind": "tree", "name": ""}}, {"type": "Feature", "geometry": {"type": "Point", "coordinates": [106.7501248, -6.0930058]}, "properties": {"kind": "tree", "name": ""}}, {"type": "Feature", "geometry": {"type": "Point", "coordinates": [106.7501084, -6.093001]}, "properties": {"kind": "tree", "name": ""}}, {"type": "Feature", "geometry": {"type": "Point", "coordinates": [106.7500907, -6.0929967]}, "properties": {"kind": "tree", "name": ""}}, {"type": "Feature", "geometry": {"type": "Point", "coordinates": [106.7500802, -6.0929928]}, "properties": {"kind": "tree", "name": ""}}, {"type": "Feature", "geometry": {"type": "Point", "coordinates": [106.7509022, -6.0931949]}, "properties": {"kind": "tree", "name": ""}}, {"type": "Feature", "geometry": {"type": "Point", "coordinates": [106.750915, -6.0931985]}, "properties": {"kind": "tree", "name": ""}}, {"type": "Feature", "geometry": {"type": "Point", "coordinates": [106.750928, -6.0932017]}, "properties": {"kind": "tree", "name": ""}}, {"type": "Feature", "geometry": {"type": "Point", "coordinates": [106.7509447, -6.0932069]}, "properties": {"kind": "tree", "name": ""}}, {"type": "Feature", "geometry": {"type": "Point", "coordinates": [106.7509385, -6.0931877]}, "properties": {"kind": "tree", "name": ""}}, {"type": "Feature", "geometry": {"type": "Point", "coordinates": [106.7509241, -6.0931828]}, "properties": {"kind": "tree", "name": ""}}, {"type": "Feature", "geometry": {"type": "Point", "coordinates": [106.750911, -6.0931802]}, "properties": {"kind": "tree", "name": ""}}, {"type": "Feature", "geometry": {"type": "Point", "coordinates": [106.7509071, -6.0931636]}, "properties": {"kind": "tree", "name": ""}}, {"type": "Feature", "geometry": {"type": "Point", "coordinates": [106.7509215, -6.0931682]}, "properties": {"kind": "tree", "name": ""}}, {"type": "Feature", "geometry": {"type": "Point", "coordinates": [106.7509346, -6.0931695]}, "properties": {"kind": "tree", "name": ""}}, {"type": "Feature", "geometry": {"type": "Point", "coordinates": [106.7509496, -6.0931757]}, "properties": {"kind": "tree", "name": ""}}, {"type": "Feature", "geometry": {"type": "Point", "coordinates": [106.7464414, -6.0919921]}, "properties": {"kind": "green_area", "name": ""}}, {"type": "Feature", "geometry": {"type": "Point", "coordinates": [106.7489425, -6.0960981]}, "properties": {"kind": "green_area", "name": ""}}, {"type": "Feature", "geometry": {"type": "Point", "coordinates": [106.7482495, -6.0954503]}, "properties": {"kind": "green_area", "name": ""}}, {"type": "Feature", "geometry": {"type": "Point", "coordinates": [106.7508332, -6.0936685]}, "properties": {"kind": "green_area", "name": ""}}, {"type": "Feature", "geometry": {"type": "Point", "coordinates": [106.7500226, -6.0934497]}, "properties": {"kind": "green_area", "name": ""}}, {"type": "Feature", "geometry": {"type": "Point", "coordinates": [106.7501102, -6.0929751]}, "properties": {"kind": "green_area", "name": ""}}, {"type": "Feature", "geometry": {"type": "Point", "coordinates": [106.7509278, -6.0931855]}, "properties": {"kind": "green_area", "name": ""}}, {"type": "Feature", "geometry": {"type": "Point", "coordinates": [106.7483545, -6.0927273]}, "properties": {"kind": "green_area", "name": ""}}, {"type": "Feature", "geometry": {"type": "Point", "coordinates": [106.74366, -6.0907574]}, "properties": {"kind": "green_area", "name": ""}}, {"type": "Feature", "geometry": {"type": "Point", "coordinates": [106.7452068, -6.0909128]}, "properties": {"kind": "green_area", "name": ""}}, {"type": "Feature", "geometry": {"type": "Point", "coordinates": [106.7428723, -6.0951783]}, "properties": {"kind": "green_area", "name": ""}}, {"type": "Feature", "geometry": {"type": "Point", "coordinates": [106.7446574, -6.091431]}, "properties": {"kind": "green_area", "name": "PIK Icon"}}, {"type": "Feature", "geometry": {"type": "Point", "coordinates": [106.7443492, -6.0964291]}, "properties": {"kind": "green_area", "name": ""}}, {"type": "Feature", "geometry": {"type": "Point", "coordinates": [106.7327322, -6.1033857]}, "properties": {"kind": "green_area", "name": "Taman Wisata Alam Angke Kapuk"}}, {"type": "Feature", "geometry": {"type": "Point", "coordinates": [106.7389476, -6.1094121]}, "properties": {"kind": "green_area", "name": ""}}, {"type": "Feature", "geometry": {"type": "Point", "coordinates": [106.7533015, -6.1132232]}, "properties": {"kind": "green_area", "name": ""}}, {"type": "Feature", "geometry": {"type": "Point", "coordinates": [106.7531819, -6.1112016]}, "properties": {"kind": "green_area", "name": ""}}, {"type": "Feature", "geometry": {"type": "Point", "coordinates": [106.7546751, -6.1094188]}, "properties": {"kind": "green_area", "name": "Eco park"}}, {"type": "Feature", "geometry": {"type": "Point", "coordinates": [106.7547736, -6.109466]}, "properties": {"kind": "green_area", "name": ""}}, {"type": "Feature", "geometry": {"type": "Point", "coordinates": [106.7547498, -6.1094484]}, "properties": {"kind": "green_area", "name": ""}}, {"type": "Feature", "geometry": {"type": "Point", "coordinates": [106.7533352, -6.1086429]}, "properties": {"kind": "green_area", "name": ""}}, {"type": "Feature", "geometry": {"type": "Point", "coordinates": [106.7571638, -6.1109176]}, "properties": {"kind": "green_area", "name": ""}}, {"type": "Feature", "geometry": {"type": "Point", "coordinates": [106.7542429, -6.1181703]}, "properties": {"kind": "green_area", "name": ""}}, {"type": "Feature", "geometry": {"type": "Point", "coordinates": [106.7575916, -6.1199571]}, "properties": {"kind": "green_area", "name": ""}}, {"type": "Feature", "geometry": {"type": "Point", "coordinates": [106.7608116, -6.1179583]}, "properties": {"kind": "green_area", "name": ""}}, {"type": "Feature", "geometry": {"type": "Point", "coordinates": [106.7608827, -6.1198785]}, "properties": {"kind": "green_area", "name": ""}}, {"type": "Feature", "geometry": {"type": "Point", "coordinates": [106.8132455, -6.1462184]}, "properties": {"kind": "green_area", "name": "Taman Kantor Kelurahan Glodok"}}, {"type": "Feature", "geometry": {"type": "Point", "coordinates": [106.8145306, -6.1425946]}, "properties": {"kind": "green_area", "name": ""}}, {"type": "Feature", "geometry": {"type": "Point", "coordinates": [106.8142135, -6.1423472]}, "properties": {"kind": "green_area", "name": ""}}, {"type": "Feature", "geometry": {"type": "Point", "coordinates": [106.8187861, -6.150187]}, "properties": {"kind": "green_area", "name": ""}}, {"type": "Feature", "geometry": {"type": "Point", "coordinates": [106.8163397, -6.153815]}, "properties": {"kind": "green_area", "name": ""}}, {"type": "Feature", "geometry": {"type": "Point", "coordinates": [106.8170987, -6.1537778]}, "properties": {"kind": "green_area", "name": ""}}, {"type": "Feature", "geometry": {"type": "Point", "coordinates": [106.8190153, -6.1607688]}, "properties": {"kind": "green_area", "name": ""}}, {"type": "Feature", "geometry": {"type": "Point", "coordinates": [106.8179564, -6.1624136]}, "properties": {"kind": "green_area", "name": "RPTRA Kejora"}}, {"type": "Feature", "geometry": {"type": "Point", "coordinates": [106.8222559, -6.1651555]}, "properties": {"kind": "green_area", "name": ""}}, {"type": "Feature", "geometry": {"type": "Point", "coordinates": [106.7962504, -6.1347545]}, "properties": {"kind": "green_area", "name": ""}}, {"type": "Feature", "geometry": {"type": "Point", "coordinates": [106.7962225, -6.1341017]}, "properties": {"kind": "green_area", "name": "RPTRA Penjaringan Indah II"}}, {"type": "Feature", "geometry": {"type": "Point", "coordinates": [106.7920793, -6.1327281]}, "properties": {"kind": "green_area", "name": "RPTRA Dharma Suci"}}, {"type": "Feature", "geometry": {"type": "Point", "coordinates": [106.8264293, -6.1774156]}, "properties": {"kind": "tree", "name": ""}}, {"type": "Feature", "geometry": {"type": "Point", "coordinates": [106.8265032, -6.1774253]}, "properties": {"kind": "tree", "name": ""}}, {"type": "Feature", "geometry": {"type": "Point", "coordinates": [106.8266083, -6.1774271]}, "properties": {"kind": "tree", "name": ""}}, {"type": "Feature", "geometry": {"type": "Point", "coordinates": [106.8275846, -6.1774669]}, "properties": {"kind": "tree", "name": ""}}, {"type": "Feature", "geometry": {"type": "Point", "coordinates": [106.8276418, -6.177476]}, "properties": {"kind": "tree", "name": ""}}, {"type": "Feature", "geometry": {"type": "Point", "coordinates": [106.8275431, -6.1774734]}, "properties": {"kind": "tree", "name": ""}}, {"type": "Feature", "geometry": {"type": "Point", "coordinates": [106.8278303, -6.1774819]}, "properties": {"kind": "tree", "name": ""}}, {"type": "Feature", "geometry": {"type": "Point", "coordinates": [106.8279007, -6.1774855]}, "properties": {"kind": "tree", "name": ""}}, {"type": "Feature", "geometry": {"type": "Point", "coordinates": [106.8280841, -6.1774881]}, "properties": {"kind": "tree", "name": ""}}, {"type": "Feature", "geometry": {"type": "Point", "coordinates": [106.8283183, -6.1774881]}, "properties": {"kind": "tree", "name": ""}}, {"type": "Feature", "geometry": {"type": "Point", "coordinates": [106.8282177, -6.1774908]}, "properties": {"kind": "tree", "name": ""}}, {"type": "Feature", "geometry": {"type": "Point", "coordinates": [106.82815, -6.1774917]}, "properties": {"kind": "tree", "name": ""}}, {"type": "Feature", "geometry": {"type": "Point", "coordinates": [106.8282604, -6.1774935]}, "properties": {"kind": "tree", "name": ""}}, {"type": "Feature", "geometry": {"type": "Point", "coordinates": [106.8277689, -6.177497]}, "properties": {"kind": "tree", "name": ""}}, {"type": "Feature", "geometry": {"type": "Point", "coordinates": [106.8266921, -6.1774949]}, "properties": {"kind": "tree", "name": ""}}, {"type": "Feature", "geometry": {"type": "Point", "coordinates": [106.8284029, -6.1775058]}, "properties": {"kind": "tree", "name": ""}}, {"type": "Feature", "geometry": {"type": "Point", "coordinates": [106.8280244, -6.1775067]}, "properties": {"kind": "tree", "name": ""}}, {"type": "Feature", "geometry": {"type": "Point", "coordinates": [106.8264801, -6.177482]}, "properties": {"kind": "tree", "name": ""}}, {"type": "Feature", "geometry": {"type": "Point", "coordinates": [106.8276318, -6.1775129]}, "properties": {"kind": "tree", "name": ""}}, {"type": "Feature", "geometry": {"type": "Point", "coordinates": [106.8275868, -6.1775191]}, "properties": {"kind": "tree", "name": ""}}, {"type": "Feature", "geometry": {"type": "Point", "coordinates": [106.8278802, -6.17752]}, "properties": {"kind": "tree", "name": ""}}, {"type": "Feature", "geometry": {"type": "Point", "coordinates": [106.8280886, -6.1775271]}, "properties": {"kind": "tree", "name": ""}}, {"type": "Feature", "geometry": {"type": "Point", "coordinates": [106.8283263, -6.1775297]}, "properties": {"kind": "tree", "name": ""}}, {"type": "Feature", "geometry": {"type": "Point", "coordinates": [106.8279612, -6.1775306]}, "properties": {"kind": "tree", "name": ""}}, {"type": "Feature", "geometry": {"type": "Point", "coordinates": [106.8277026, -6.1775182]}, "properties": {"kind": "tree", "name": ""}}, {"type": "Feature", "geometry": {"type": "Point", "coordinates": [106.8277609, -6.1775368]}, "properties": {"kind": "tree", "name": ""}}, {"type": "Feature", "geometry": {"type": "Point", "coordinates": [106.8282568, -6.1775368]}, "properties": {"kind": "tree", "name": ""}}, {"type": "Feature", "geometry": {"type": "Point", "coordinates": [106.82815, -6.1775386]}, "properties": {"kind": "tree", "name": ""}}, {"type": "Feature", "geometry": {"type": "Point", "coordinates": [106.8275464, -6.1775192]}, "properties": {"kind": "tree", "name": ""}}, {"type": "Feature", "geometry": {"type": "Point", "coordinates": [106.8278223, -6.177543]}, "properties": {"kind": "tree", "name": ""}}, {"type": "Feature", "geometry": {"type": "Point", "coordinates": [106.8280253, -6.1775448]}, "properties": {"kind": "tree", "name": ""}}, {"type": "Feature", "geometry": {"type": "Point", "coordinates": [106.8282168, -6.1775554]}, "properties": {"kind": "tree", "name": ""}}, {"type": "Feature", "geometry": {"type": "Point", "coordinates": [106.8275667, -6.1773239]}, "properties": {"kind": "tree", "name": ""}}, {"type": "Feature", "geometry": {"type": "Point", "coordinates": [106.8249386, -6.1795617]}, "properties": {"kind": "tree", "name": ""}}, {"type": "Feature", "geometry": {"type": "Point", "coordinates": [106.8247367, -6.1800159]}, "properties": {"kind": "tree", "name": ""}}, {"type": "Feature", "geometry": {"type": "Point", "coordinates": [106.8246174, -6.1799309]}, "properties": {"kind": "tree", "name": ""}}, {"type": "Feature", "geometry": {"type": "Point", "coordinates": [106.8246789, -6.1797869]}, "properties": {"kind": "tree", "name": ""}}, {"type": "Feature", "geometry": {"type": "Point", "coordinates": [106.8247315, -6.1796693]}, "properties": {"kind": "tree", "name": ""}}, {"type": "Feature", "geometry": {"type": "Point", "coordinates": [106.824801, -6.1799191]}, "properties": {"kind": "tree", "name": ""}}, {"type": "Feature", "geometry": {"type": "Point", "coordinates": [106.8247854, -6.1798799]}, "properties": {"kind": "tree", "name": ""}}, {"type": "Feature", "geometry": {"type": "Point", "coordinates": [106.8248035, -6.1798457]}, "properties": {"kind": "tree", "name": ""}}, {"type": "Feature", "geometry": {"type": "Point", "coordinates": [106.8248355, -6.1798348]}, "properties": {"kind": "tree", "name": ""}}, {"type": "Feature", "geometry": {"type": "Point", "coordinates": [106.8249718, -6.1797368]}, "properties": {"kind": "tree", "name": ""}}, {"type": "Feature", "geometry": {"type": "Point", "coordinates": [106.8244214, -6.1796852]}, "properties": {"kind": "tree", "name": ""}}, {"type": "Feature", "geometry": {"type": "Point", "coordinates": [106.8244684, -6.1796259]}, "properties": {"kind": "tree", "name": ""}}, {"type": "Feature", "geometry": {"type": "Point", "coordinates": [106.8248072, -6.1792657]}, "properties": {"kind": "tree", "name": ""}}, {"type": "Feature", "geometry": {"type": "Point", "coordinates": [106.8249742, -6.1793547]}, "properties": {"kind": "tree", "name": ""}}, {"type": "Feature", "geometry": {"type": "Point", "coordinates": [106.8248438, -6.1792579]}, "properties": {"kind": "tree", "name": ""}}, {"type": "Feature", "geometry": {"type": "Point", "coordinates": [106.8253239, -6.1793754]}, "properties": {"kind": "tree", "name": ""}}, {"type": "Feature", "geometry": {"type": "Point", "coordinates": [106.8254713, -6.1793835]}, "properties": {"kind": "tree", "name": ""}}, {"type": "Feature", "geometry": {"type": "Point", "coordinates": [106.8253781, -6.1792788]}, "properties": {"kind": "tree", "name": ""}}, {"type": "Feature", "geometry": {"type": "Point", "coordinates": [106.8254664, -6.1792603]}, "properties": {"kind": "tree", "name": ""}}, {"type": "Feature", "geometry": {"type": "Point", "coordinates": [106.8254623, -6.179216]}, "properties": {"kind": "tree", "name": ""}}, {"type": "Feature", "geometry": {"type": "Point", "coordinates": [106.8255368, -6.1791967]}, "properties": {"kind": "tree", "name": ""}}, {"type": "Feature", "geometry": {"type": "Point", "coordinates": [106.8250254, -6.1792614]}, "properties": {"kind": "tree", "name": ""}}, {"type": "Feature", "geometry": {"type": "Point", "coordinates": [106.8250189, -6.1791881]}, "properties": {"kind": "tree", "name": ""}}, {"type": "Feature", "geometry": {"type": "Point", "coordinates": [106.8249269, -6.1792178]}, "properties": {"kind": "tree", "name": ""}}, {"type": "Feature", "geometry": {"type": "Point", "coordinates": [106.8256921, -6.1799557]}, "properties": {"kind": "tree", "name": ""}}, {"type": "Feature", "geometry": {"type": "Point", "coordinates": [106.8258882, -6.1799495]}, "properties": {"kind": "tree", "name": ""}}, {"type": "Feature", "geometry": {"type": "Point", "coordinates": [106.8259631, -6.1799533]}, "properties": {"kind": "tree", "name": ""}}, {"type": "Feature", "geometry": {"type": "Point", "coordinates": [106.8261153, -6.1799394]}, "properties": {"kind": "tree", "name": ""}}, {"type": "Feature", "geometry": {"type": "Point", "coordinates": [106.8262435, -6.1799293]}, "properties": {"kind": "tree", "name": ""}}, {"type": "Feature", "geometry": {"type": "Point", "coordinates": [106.8256789, -6.1793617]}, "properties": {"kind": "tree", "name": ""}}, {"type": "Feature", "geometry": {"type": "Point", "coordinates": [106.8257347, -6.1793604]}, "properties": {"kind": "tree", "name": ""}}, {"type": "Feature", "geometry": {"type": "Point", "coordinates": [106.8258425, -6.1793655]}, "properties": {"kind": "tree", "name": ""}}, {"type": "Feature", "geometry": {"type": "Point", "coordinates": [106.825892, -6.1793655]}, "properties": {"kind": "tree", "name": ""}}, {"type": "Feature", "geometry": {"type": "Point", "coordinates": [106.825977, -6.1793604]}, "properties": {"kind": "tree", "name": ""}}, {"type": "Feature", "geometry": {"type": "Point", "coordinates": [106.8260329, -6.1793604]}, "properties": {"kind": "tree", "name": ""}}, {"type": "Feature", "geometry": {"type": "Point", "coordinates": [106.8261407, -6.1793541]}, "properties": {"kind": "tree", "name": ""}}, {"type": "Feature", "geometry": {"type": "Point", "coordinates": [106.82618, -6.1793554]}, "properties": {"kind": "tree", "name": ""}}, {"type": "Feature", "geometry": {"type": "Point", "coordinates": [106.8262574, -6.1793453]}, "properties": {"kind": "tree", "name": ""}}, {"type": "Feature", "geometry": {"type": "Point", "coordinates": [106.826298, -6.1793428]}, "properties": {"kind": "tree", "name": ""}}, {"type": "Feature", "geometry": {"type": "Point", "coordinates": [106.8256636, -6.1792898]}, "properties": {"kind": "tree", "name": ""}}, {"type": "Feature", "geometry": {"type": "Point", "coordinates": [106.82567, -6.1792129]}, "properties": {"kind": "tree", "name": ""}}, {"type": "Feature", "geometry": {"type": "Point", "coordinates": [106.8261255, -6.179233]}, "properties": {"kind": "tree", "name": ""}}, {"type": "Feature", "geometry": {"type": "Point", "coordinates": [106.8261775, -6.179228]}, "properties": {"kind": "tree", "name": ""}}, {"type": "Feature", "geometry": {"type": "Point", "coordinates": [106.8262346, -6.179228]}, "properties": {"kind": "tree", "name": ""}}, {"type": "Feature", "geometry": {"type": "Point", "coordinates": [106.826331, -6.179223]}, "properties": {"kind": "tree", "name": ""}}, {"type": "Feature", "geometry": {"type": "Point", "coordinates": [106.8256637, -6.1795759]}, "properties": {"kind": "tree", "name": ""}}, {"type": "Feature", "geometry": {"type": "Point", "coordinates": [106.8256604, -6.1795248]}, "properties": {"kind": "tree", "name": ""}}, {"type": "Feature", "geometry": {"type": "Point", "coordinates": [106.8256358, -6.1794232]}, "properties": {"kind": "tree", "name": ""}}, {"type": "Feature", "geometry": {"type": "Point", "coordinates": [106.8256752, -6.179747]}, "properties": {"kind": "tree", "name": ""}}, {"type": "Feature", "geometry": {"type": "Point", "coordinates": [106.8256715, -6.1796776]}, "properties": {"kind": "tree", "name": ""}}, {"type": "Feature", "geometry": {"type": "Point", "coordinates": [106.8255109, -6.1795037]}, "properties": {"kind": "tree", "name": ""}}, {"type": "Feature", "geometry": {"type": "Point", "coordinates": [106.8255097, -6.1794243]}, "properties": {"kind": "tree", "name": ""}}, {"type": "Feature", "geometry": {"type": "Point", "coordinates": [106.8256889, -6.1800812]}, "properties": {"kind": "tree", "name": ""}}, {"type": "Feature", "geometry": {"type": "Point", "coordinates": [106.8258168, -6.1800801]}, "properties": {"kind": "tree", "name": ""}}, {"type": "Feature", "geometry": {"type": "Point", "coordinates": [106.8259156, -6.1800767]}, "properties": {"kind": "tree", "name": ""}}, {"type": "Feature", "geometry": {"type": "Point", "coordinates": [106.8261084, -6.1800681]}, "properties": {"kind": "tree", "name": ""}}, {"type": "Feature", "geometry": {"type": "Point", "coordinates": [106.8262683, -6.1800625]}, "properties": {"kind": "tree", "name": ""}}, {"type": "Feature", "geometry": {"type": "Point", "coordinates": [106.826295, -6.1802213]}, "properties": {"kind": "tree", "name": ""}}, {"type": "Feature", "geometry": {"type": "Point", "coordinates": [106.8260545, -6.180235]}, "properties": {"kind": "tree", "name": ""}}, {"type": "Feature", "geometry": {"type": "Point", "coordinates": [106.8259224, -6.1802512]}, "properties": {"kind": "tree", "name": ""}}, {"type": "Feature", "geometry": {"type": "Point", "coordinates": [106.8264814, -6.1801921]}, "properties": {"kind": "tree", "name": ""}}, {"type": "Feature", "geometry": {"type": "Point", "coordinates": [106.8264911, -6.1800522]}, "properties": {"kind": "tree", "name": ""}}, {"type": "Feature", "geometry": {"type": "Point", "coordinates": [106.8253143, -6.1791471]}, "properties": {"kind": "tree", "name": ""}}, {"type": "Feature", "geometry": {"type": "Point", "coordinates": [106.8266319, -6.1790638]}, "properties": {"kind": "tree", "name": ""}}, {"type": "Feature", "geometry": {"type": "Point", "coordinates": [106.826624, -6.1791559]}, "properties": {"kind": "tree", "name": ""}}, {"type": "Feature", "geometry": {"type": "Point", "coordinates": [106.8266135, -6.1792962]}, "properties": {"kind": "tree", "name": ""}}, {"type": "Feature", "geometry": {"type": "Point", "coordinates": [106.8266119, -6.1794429]}, "properties": {"kind": "tree", "name": ""}}, {"type": "Feature", "geometry": {"type": "Point", "coordinates": [106.8266047, -6.1795696]}, "properties": {"kind": "tree", "name": ""}}, {"type": "Feature", "geometry": {"type": "Point", "coordinates": [106.8266023, -6.1797195]}, "properties": {"kind": "tree", "name": ""}}, {"type": "Feature", "geometry": {"type": "Point", "coordinates": [106.8275389, -6.1800037]}, "properties": {"kind": "tree", "name": ""}}, {"type": "Feature", "geometry": {"type": "Point", "coordinates": [106.8275389, -6.1798618]}, "properties": {"kind": "tree", "name": ""}}, {"type": "Feature", "geometry": {"type": "Point", "coordinates": [106.8275373, -6.1797312]}, "properties": {"kind": "tree", "name": ""}}, {"type": "Feature", "geometry": {"type": "Point", "coordinates": [106.8275389, -6.1795925]}, "properties": {"kind": "tree", "name": ""}}, {"type": "Feature", "geometry": {"type": "Point", "coordinates": [106.8275478, -6.1794642]}, "properties": {"kind": "tree", "name": ""}}, {"type": "Feature", "geometry": {"type": "Point", "coordinates": [106.827551, -6.1793263]}, "properties": {"kind": "tree", "name": ""}}, {"type": "Feature", "geometry": {"type": "Point", "coordinates": [106.8275583, -6.1791989]}, "properties": {"kind": "tree", "name": ""}}, {"type": "Feature", "geometry": {"type": "Point", "coordinates": [106.8275591, -6.1790602]}, "properties": {"kind": "tree", "name": ""}}, {"type": "Feature", "geometry": {"type": "Point", "coordinates": [106.8266005, -6.1798532]}, "properties": {"kind": "tree", "name": ""}}, {"type": "Feature", "geometry": {"type": "Point", "coordinates": [106.8265958, -6.179964]}, "properties": {"kind": "tree", "name": ""}}, {"type": "Feature", "geometry": {"type": "Point", "coordinates": [106.8258468, -6.1802777]}, "properties": {"kind": "tree", "name": ""}}, {"type": "Feature", "geometry": {"type": "Point", "coordinates": [106.8256734, -6.1802784]}, "properties": {"kind": "tree", "name": ""}}, {"type": "Feature", "geometry": {"type": "Point", "coordinates": [106.8257393, -6.1802848]}, "properties": {"kind": "tree", "name": ""}}, {"type": "Feature", "geometry": {"type": "Point", "coordinates": [106.8236323, -6.179712]}, "properties": {"kind": "tree", "name": ""}}, {"type": "Feature", "geometry": {"type": "Point", "coordinates": [106.8234914, -6.1798873]}, "properties": {"kind": "tree", "name": ""}}, {"type": "Feature", "geometry": {"type": "Point", "coordinates": [106.8265107, -6.1776704]}, "properties": {"kind": "tree", "name": ""}}, {"type": "Feature", "geometry": {"type": "Point", "coordinates": [106.8264584, -6.1776711]}, "properties": {"kind": "tree", "name": ""}}, {"type": "Feature", "geometry": {"type": "Point", "coordinates": [106.8263818, -6.1776681]}, "properties": {"kind": "tree", "name": ""}}, {"type": "Feature", "geometry": {"type": "Point", "coordinates": [106.8263074, -6.1776621]}, "properties": {"kind": "tree", "name": ""}}, {"type": "Feature", "geometry": {"type": "Point", "coordinates": [106.8262414, -6.1776636]}, "properties": {"kind": "tree", "name": ""}}, {"type": "Feature", "geometry": {"type": "Point", "coordinates": [106.8232013, -6.1797562]}, "properties": {"kind": "tree", "name": ""}}, {"type": "Feature", "geometry": {"type": "Point", "coordinates": [106.8231646, -6.1797402]}, "properties": {"kind": "tree", "name": ""}}, {"type": "Feature", "geometry": {"type": "Point", "coordinates": [106.823214, -6.1797946]}, "properties": {"kind": "tree", "name": ""}}, {"type": "Feature", "geometry": {"type": "Point", "coordinates": [106.8235948, -6.181008]}, "properties": {"kind": "tree", "name": ""}}, {"type": "Feature", "geometry": {"type": "Point", "coordinates": [106.8234143, -6.1810107]}, "properties": {"kind": "tree", "name": ""}}, {"type": "Feature", "geometry": {"type": "Point", "coordinates": [106.8232424, -6.1811145]}, "properties": {"kind": "tree", "name": ""}}, {"type": "Feature", "geometry": {"type": "Point", "coordinates": [106.8237595, -6.1810895]}, "properties": {"kind": "tree", "name": ""}}, {"type": "Feature", "geometry": {"type": "Point", "coordinates": [106.8295165, -6.1807426]}, "properties": {"kind": "tree", "name": ""}}, {"type": "Feature", "geometry": {"type": "Point", "coordinates": [106.8297067, -6.1807308]}, "properties": {"kind": "tree", "name": ""}}, {"type": "Feature", "geometry": {"type": "Point", "coordinates": [106.8264531, -6.1808093]}, "properties": {"kind": "tree", "name": ""}}, {"type": "Feature", "geometry": {"type": "Point", "coordinates": [106.8245997, -6.1806188]}, "properties": {"kind": "tree", "name": ""}}, {"type": "Feature", "geometry": {"type": "Point", "coordinates": [106.8286437, -6.1809146]}, "properties": {"kind": "tree", "name": ""}}, {"type": "Feature", "geometry": {"type": "Point", "coordinates": [106.8286523, -6.1810857]}, "properties": {"kind": "tree", "name": ""}}, {"type": "Feature", "geometry": {"type": "Point", "coordinates": [106.8282892, -6.1810895]}, "properties": {"kind": "tree", "name": ""}}, {"type": "Feature", "geometry": {"type": "Point", "coordinates": [106.8279443, -6.1808321]}, "properties": {"kind": "tree", "name": ""}}, {"type": "Feature", "geometry": {"type": "Point", "coordinates": [106.8269618, -6.1808094]}, "properties": {"kind": "tree", "name": ""}}, {"type": "Feature", "geometry": {"type": "Point", "coordinates": [106.8268115, -6.180813]}, "properties": {"kind": "tree", "name": ""}}, {"type": "Feature", "geometry": {"type": "Point", "coordinates": [106.8266395, -6.1809215]}, "properties": {"kind": "tree", "name": ""}}, {"type": "Feature", "geometry": {"type": "Point", "coordinates": [106.82449, -6.1805989]}, "properties": {"kind": "tree", "name": ""}}, {"type": "Feature", "geometry": {"type": "Point", "coordinates": [106.8245523, -6.1805889]}, "properties": {"kind": "tree", "name": ""}}, {"type": "Feature", "geometry": {"type": "Point", "coordinates": [106.8297742, -6.1803633]}, "properties": {"kind": "tree", "name": ""}}, {"type": "Feature", "geometry": {"type": "Point", "coordinates": [106.8298338, -6.1803549]}, "properties": {"kind": "tree", "name": ""}}, {"type": "Feature", "geometry": {"type": "Point", "coordinates": [106.8234413, -6.1799276]}, "properties": {"kind": "green_area", "name": ""}}, {"type": "Feature", "geometry": {"type": "Point", "coordinates": [106.8235222, -6.1814326]}, "properties": {"kind": "green_area", "name": ""}}, {"type": "Feature", "geometry": {"type": "Point", "coordinates": [106.8255372, -6.1811239]}, "properties": {"kind": "green_area", "name": ""}}, {"type": "Feature", "geometry": {"type": "Point", "coordinates": [106.8293074, -6.1787893]}, "properties": {"kind": "green_area", "name": ""}}, {"type": "Feature", "geometry": {"type": "Point", "coordinates": [106.8293478, -6.1782888]}, "properties": {"kind": "green_area", "name": ""}}, {"type": "Feature", "geometry": {"type": "Point", "coordinates": [106.8280944, -6.1773161]}, "properties": {"kind": "green_area", "name": ""}}, {"type": "Feature", "geometry": {"type": "Point", "coordinates": [106.8281781, -6.1775118]}, "properties": {"kind": "green_area", "name": ""}}, {"type": "Feature", "geometry": {"type": "Point", "coordinates": [106.8274359, -6.1773008]}, "properties": {"kind": "green_area", "name": ""}}, {"type": "Feature", "geometry": {"type": "Point", "coordinates": [106.826855, -6.1772819]}, "properties": {"kind": "green_area", "name": ""}}, {"type": "Feature", "geometry": {"type": "Point", "coordinates": [106.8272882, -6.1776062]}, "properties": {"kind": "green_area", "name": ""}}, {"type": "Feature", "geometry": {"type": "Point", "coordinates": [106.8269648, -6.1775977]}, "properties": {"kind": "green_area", "name": ""}}, {"type": "Feature", "geometry": {"type": "Point", "coordinates": [106.8275692, -6.1778487]}, "properties": {"kind": "green_area", "name": ""}}, {"type": "Feature", "geometry": {"type": "Point", "coordinates": [106.8276566, -6.1778513]}, "properties": {"kind": "green_area", "name": ""}}, {"type": "Feature", "geometry": {"type": "Point", "coordinates": [106.8275609, -6.1781312]}, "properties": {"kind": "green_area", "name": ""}}, {"type": "Feature", "geometry": {"type": "Point", "coordinates": [106.8276479, -6.1781346]}, "properties": {"kind": "green_area", "name": ""}}, {"type": "Feature", "geometry": {"type": "Point", "coordinates": [106.827555, -6.1784233]}, "properties": {"kind": "green_area", "name": ""}}, {"type": "Feature", "geometry": {"type": "Point", "coordinates": [106.8276429, -6.1784213]}, "properties": {"kind": "green_area", "name": ""}}, {"type": "Feature", "geometry": {"type": "Point", "coordinates": [106.8275467, -6.17871]}, "properties": {"kind": "green_area", "name": ""}}, {"type": "Feature", "geometry": {"type": "Point", "coordinates": [106.8276357, -6.1787095]}, "properties": {"kind": "green_area", "name": ""}}, {"type": "Feature", "geometry": {"type": "Point", "coordinates": [106.8266187, -6.1778252]}, "properties": {"kind": "green_area", "name": ""}}, {"type": "Feature", "geometry": {"type": "Point", "coordinates": [106.8267062, -6.1778268]}, "properties": {"kind": "green_area", "name": ""}}, {"type": "Feature", "geometry": {"type": "Point", "coordinates": [106.8267018, -6.1781083]}, "properties": {"kind": "green_area", "name": ""}}, {"type": "Feature", "geometry": {"type": "Point", "coordinates": [106.8266088, -6.1781059]}, "properties": {"kind": "green_area", "name": ""}}, {"type": "Feature", "geometry": {"type": "Point", "coordinates": [106.8266926, -6.1784013]}, "properties": {"kind": "green_area", "name": ""}}, {"type": "Feature", "geometry": {"type": "Point", "coordinates": [106.8266004, -6.1783979]}, "properties": {"kind": "green_area", "name": ""}}, {"type": "Feature", "geometry": {"type": "Point", "coordinates": [106.826687, -6.1786881]}, "properties": {"kind": "green_area", "name": ""}}, {"type": "Feature", "geometry": {"type": "Point", "coordinates": [106.8265949, -6.1786866]}, "properties": {"kind": "green_area", "name": ""}}, {"type": "Feature", "geometry": {"type": "Point", "coordinates": [106.8266368, -6.1790929]}, "properties": {"kind": "green_area", "name": ""}}, {"type": "Feature", "geometry": {"type": "Point", "coordinates": [106.8266325, -6.1793678]}, "properties": {"kind": "green_area", "name": ""}}, {"type": "Feature", "geometry": {"type": "Point", "coordinates": [106.8266275, -6.1796462]}, "properties": {"kind": "green_area", "name": ""}}, {"type": "Feature", "geometry": {"type": "Point", "coordinates": [106.826624, -6.1799141]}, "properties": {"kind": "green_area", "name": ""}}, {"type": "Feature", "geometry": {"type": "Point", "coordinates": [106.8275837, -6.1791038]}, "properties": {"kind": "green_area", "name": ""}}, {"type": "Feature", "geometry": {"type": "Point", "coordinates": [106.8275794, -6.1793787]}, "properties": {"kind": "green_area", "name": ""}}, {"type": "Feature", "geometry": {"type": "Point", "coordinates": [106.8275743, -6.1796572]}, "properties": {"kind": "green_area", "name": ""}}, {"type": "Feature", "geometry": {"type": "Point", "coordinates": [106.8275709, -6.179925]}, "properties": {"kind": "green_area", "name": ""}}, {"type": "Feature", "geometry": {"type": "Point", "coordinates": [106.8249914, -6.1799279]}, "properties": {"kind": "green_area", "name": ""}}, {"type": "Feature", "geometry": {"type": "Point", "coordinates": [106.8266811, -6.1801033]}, "properties": {"kind": "green_area", "name": ""}}, {"type": "Feature", "geometry": {"type": "Point", "coordinates": [106.8270796, -6.1801018]}, "properties": {"kind": "green_area", "name": ""}}, {"type": "Feature", "geometry": {"type": "Point", "coordinates": [106.8275728, -6.1800976]}, "properties": {"kind": "green_area", "name": ""}}, {"type": "Feature", "geometry": {"type": "Point", "coordinates": [106.826369, -6.1787462]}, "properties": {"kind": "green_area", "name": ""}}, {"type": "Feature", "geometry": {"type": "Point", "coordinates": [106.8263364, -6.1783778]}, "properties": {"kind": "green_area", "name": ""}}, {"type": "Feature", "geometry": {"type": "Point", "coordinates": [106.8261078, -6.1782953]}, "properties": {"kind": "green_area", "name": ""}}, {"type": "Feature", "geometry": {"type": "Point", "coordinates": [106.8263678, -6.1779194]}, "properties": {"kind": "green_area", "name": ""}}, {"type": "Feature", "geometry": {"type": "Point", "coordinates": [106.8264569, -6.1783318]}, "properties": {"kind": "green_area", "name": ""}}, {"type": "Feature", "geometry": {"type": "Point", "coordinates": [106.8264679, -6.1779636]}, "properties": {"kind": "green_area", "name": ""}}, {"type": "Feature", "geometry": {"type": "Point", "coordinates": [106.8237631, -6.1806196]}, "properties": {"kind": "green_area", "name": ""}}, {"type": "Feature", "geometry": {"type": "Point", "coordinates": [106.8245715, -6.1806135]}, "properties": {"kind": "green_area", "name": ""}}, {"type": "Feature", "geometry": {"type": "Point", "coordinates": [106.8286067, -6.1772982]}, "properties": {"kind": "tree", "name": ""}}, {"type": "Feature", "geometry": {"type": "Point", "coordinates": [106.8286325, -6.1773256]}, "properties": {"kind": "tree", "name": ""}}, {"type": "Feature", "geometry": {"type": "Point", "coordinates": [106.8286157, -6.1773261]}, "properties": {"kind": "tree", "name": ""}}, {"type": "Feature", "geometry": {"type": "Point", "coordinates": [106.8285934, -6.1773438]}, "properties": {"kind": "tree", "name": ""}}, {"type": "Feature", "geometry": {"type": "Point", "coordinates": [106.8285222, -6.1773616]}, "properties": {"kind": "tree", "name": ""}}, {"type": "Feature", "geometry": {"type": "Point", "coordinates": [106.8285685, -6.1773731]}, "properties": {"kind": "tree", "name": ""}}, {"type": "Feature", "geometry": {"type": "Point", "coordinates": [106.8284892, -6.1773828]}, "properties": {"kind": "tree", "name": ""}}, {"type": "Feature", "geometry": {"type": "Point", "coordinates": [106.8285471, -6.1773925]}, "properties": {"kind": "tree", "name": ""}}, {"type": "Feature", "geometry": {"type": "Point", "coordinates": [106.8285249, -6.1774253]}, "properties": {"kind": "tree", "name": ""}}, {"type": "Feature", "geometry": {"type": "Point", "coordinates": [106.8284429, -6.1774288]}, "properties": {"kind": "tree", "name": ""}}, {"type": "Feature", "geometry": {"type": "Point", "coordinates": [106.8284047, -6.1774457]}, "properties": {"kind": "tree", "name": ""}}, {"type": "Feature", "geometry": {"type": "Point", "coordinates": [106.828483, -6.1774554]}, "properties": {"kind": "tree", "name": ""}}, {"type": "Feature", "geometry": {"type": "Point", "coordinates": [106.8283494, -6.1774589]}, "properties": {"kind": "tree", "name": ""}}, {"type": "Feature", "geometry": {"type": "Point", "coordinates": [106.8284314, -6.1774943]}, "properties": {"kind": "tree", "name": ""}}, {"type": "Feature", "geometry": {"type": "Point", "coordinates": [106.8286804, -6.177254]}, "properties": {"kind": "tree", "name": ""}}, {"type": "Feature", "geometry": {"type": "Point", "coordinates": [106.8292598, -6.1774346]}, "properties": {"kind": "tree", "name": ""}}, {"type": "Feature", "geometry": {"type": "Point", "coordinates": [106.829336, -6.177505]}, "properties": {"kind": "tree", "name": ""}}, {"type": "Feature", "geometry": {"type": "Point", "coordinates": [106.8291601, -6.1774127]}, "properties": {"kind": "tree", "name": ""}}, {"type": "Feature", "geometry": {"type": "Point", "coordinates": [106.8288401, -6.1770272]}, "properties": {"kind": "tree", "name": ""}}, {"type": "Feature", "geometry": {"type": "Point", "coordinates": [106.8287859, -6.1770742]}, "properties": {"kind": "tree", "name": ""}}, {"type": "Feature", "geometry": {"type": "Point", "coordinates": [106.8289227, -6.177096]}, "properties": {"kind": "tree", "name": ""}}, {"type": "Feature", "geometry": {"type": "Point", "coordinates": [106.8288728, -6.1771504]}, "properties": {"kind": "tree", "name": ""}}, {"type": "Feature", "geometry": {"type": "Point", "coordinates": [106.8290133, -6.1771905]}, "properties": {"kind": "tree", "name": ""}}, {"type": "Feature", "geometry": {"type": "Point", "coordinates": [106.8294736, -6.1776573]}, "properties": {"kind": "tree", "name": ""}}, {"type": "Feature", "geometry": {"type": "Point", "coordinates": [106.8294328, -6.1776966]}, "properties": {"kind": "tree", "name": ""}}, {"type": "Feature", "geometry": {"type": "Point", "coordinates": [106.8294679, -6.1777454]}, "properties": {"kind": "tree", "name": ""}}, {"type": "Feature", "geometry": {"type": "Point", "coordinates": [106.829644, -6.1778304]}, "properties": {"kind": "tree", "name": ""}}, {"type": "Feature", "geometry": {"type": "Point", "coordinates": [106.829605, -6.1778767]}, "properties": {"kind": "tree", "name": ""}}, {"type": "Feature", "geometry": {"type": "Point", "coordinates": [106.8298574, -6.1781256]}, "properties": {"kind": "tree", "name": ""}}, {"type": "Feature", "geometry": {"type": "Point", "coordinates": [106.8299029, -6.1780767]}, "properties": {"kind": "tree", "name": ""}}, {"type": "Feature", "geometry": {"type": "Point", "coordinates": [106.8301537, -6.1783229]}, "properties": {"kind": "tree", "name": ""}}, {"type": "Feature", "geometry": {"type": "Point", "coordinates": [106.8301149, -6.1783763]}, "properties": {"kind": "tree", "name": ""}}, {"type": "Feature", "geometry": {"type": "Point", "coordinates": [106.8302931, -6.1785131]}, "properties": {"kind": "tree", "name": ""}}, {"type": "Feature", "geometry": {"type": "Point", "coordinates": [106.8305996, -6.1787717]}, "properties": {"kind": "tree", "name": ""}}, {"type": "Feature", "geometry": {"type": "Point", "coordinates": [106.8298838, -6.1776785]}, "properties": {"kind": "tree", "name": ""}}, {"type": "Feature", "geometry": {"type": "Point", "coordinates": [106.8298327, -6.1776221]}, "properties": {"kind": "tree", "name": ""}}, {"type": "Feature", "geometry": {"type": "Point", "coordinates": [106.8298142, -6.1776024]}, "properties": {"kind": "tree", "name": ""}}, {"type": "Feature", "geometry": {"type": "Point", "coordinates": [106.8299941, -6.1777977]}, "properties": {"kind": "tree", "name": ""}}, {"type": "Feature", "geometry": {"type": "Point", "coordinates": [106.8300898, -6.1778783]}, "properties": {"kind": "tree", "name": ""}}, {"type": "Feature", "geometry": {"type": "Point", "coordinates": [106.8301889, -6.17798]}, "properties": {"kind": "tree", "name": ""}}, {"type": "Feature", "geometry": {"type": "Point", "coordinates": [106.8302481, -6.1780275]}, "properties": {"kind": "tree", "name": ""}}, {"type": "Feature", "geometry": {"type": "Point", "coordinates": [106.8303019, -6.1780886]}, "properties": {"kind": "tree", "name": ""}}, {"type": "Feature", "geometry": {"type": "Point", "coordinates": [106.8303505, -6.1781331]}, "properties": {"kind": "tree", "name": ""}}, {"type": "Feature", "geometry": {"type": "Point", "coordinates": [106.8304097, -6.1781882]}, "properties": {"kind": "tree", "name": ""}}, {"type": "Feature", "geometry": {"type": "Point", "coordinates": [106.8293503, -6.1771538]}, "properties": {"kind": "tree", "name": ""}}, {"type": "Feature", "geometry": {"type": "Point", "coordinates": [106.8294544, -6.1772568]}, "properties": {"kind": "tree", "name": ""}}, {"type": "Feature", "geometry": {"type": "Point", "coordinates": [106.8295467, -6.1773544]}, "properties": {"kind": "tree", "name": ""}}, {"type": "Feature", "geometry": {"type": "Point", "coordinates": [106.8296019, -6.1773869]}, "properties": {"kind": "tree", "name": ""}}, {"type": "Feature", "geometry": {"type": "Point", "coordinates": [106.8297628, -6.1775464]}, "properties": {"kind": "tree", "name": ""}}, {"type": "Feature", "geometry": {"type": "Point", "coordinates": [106.8299835, -6.1785964]}, "properties": {"kind": "tree", "name": ""}}, {"type": "Feature", "geometry": {"type": "Point", "coordinates": [106.8297824, -6.1783989]}, "properties": {"kind": "tree", "name": ""}}, {"type": "Feature", "geometry": {"type": "Point", "coordinates": [106.8297044, -6.1783243]}, "properties": {"kind": "tree", "name": ""}}, {"type": "Feature", "geometry": {"type": "Point", "coordinates": [106.8296465, -6.1782635]}, "properties": {"kind": "tree", "name": ""}}, {"type": "Feature", "geometry": {"type": "Point", "coordinates": [106.8295749, -6.1782042]}, "properties": {"kind": "tree", "name": ""}}, {"type": "Feature", "geometry": {"type": "Point", "coordinates": [106.82951, -6.1781336]}, "properties": {"kind": "tree", "name": ""}}, {"type": "Feature", "geometry": {"type": "Point", "coordinates": [106.8293377, -6.177964]}, "properties": {"kind": "tree", "name": ""}}, {"type": "Feature", "geometry": {"type": "Point", "coordinates": [106.8292701, -6.1778936]}, "properties": {"kind": "tree", "name": ""}}, {"type": "Feature", "geometry": {"type": "Point", "coordinates": [106.8291931, -6.1778191]}, "properties": {"kind": "tree", "name": ""}}, {"type": "Feature", "geometry": {"type": "Point", "coordinates": [106.8291376, -6.1777661]}, "properties": {"kind": "tree", "name": ""}}, {"type": "Feature", "geometry": {"type": "Point", "coordinates": [106.8290662, -6.1777]}, "properties": {"kind": "tree", "name": ""}}, {"type": "Feature", "geometry": {"type": "Point", "coordinates": [106.8289407, -6.1775789]}, "properties": {"kind": "tree", "name": ""}}, {"type": "Feature", "geometry": {"type": "Point", "coordinates": [106.8288404, -6.1774018]}, "properties": {"kind": "tree", "name": ""}}, {"type": "Feature", "geometry": {"type": "Point", "coordinates": [106.8300211, -6.1774426]}, "properties": {"kind": "tree", "name": ""}}, {"type": "Feature", "geometry": {"type": "Point", "coordinates": [106.8301329, -6.1778024]}, "properties": {"kind": "tree", "name": ""}}, {"type": "Feature", "geometry": {"type": "Point", "coordinates": [106.8304235, -6.1779833]}, "properties": {"kind": "tree", "name": ""}}, {"type": "Feature", "geometry": {"type": "Point", "coordinates": [106.8305214, -6.1780712]}, "properties": {"kind": "tree", "name": ""}}, {"type": "Feature", "geometry": {"type": "Point", "coordinates": [106.8306332, -6.1781093]}, "properties": {"kind": "tree", "name": ""}}, {"type": "Feature", "geometry": {"type": "Point", "coordinates": [106.8305831, -6.1779442]}, "properties": {"kind": "tree", "name": ""}}, {"type": "Feature", "geometry": {"type": "Point", "coordinates": [106.8307002, -6.1778923]}, "properties": {"kind": "tree", "name": ""}}, {"type": "Feature", "geometry": {"type": "Point", "coordinates": [106.8307609, -6.1780701]}, "properties": {"kind": "tree", "name": ""}}, {"type": "Feature", "geometry": {"type": "Point", "coordinates": [106.8303181, -6.1776563]}, "properties": {"kind": "tree", "name": ""}}, {"type": "Feature", "geometry": {"type": "Point", "coordinates": [106.8301893, -6.1776891]}, "properties": {"kind": "tree", "name": ""}}, {"type": "Feature", "geometry": {"type": "Point", "coordinates": [106.8302851, -6.1778193]}, "properties": {"kind": "tree", "name": ""}}, {"type": "Feature", "geometry": {"type": "Point", "coordinates": [106.8309135, -6.1780071]}, "properties": {"kind": "tree", "name": ""}}, {"type": "Feature", "geometry": {"type": "Point", "coordinates": [106.831176, -6.1802512]}, "properties": {"kind": "tree", "name": ""}}, {"type": "Feature", "geometry": {"type": "Point", "coordinates": [106.8294303, -6.1755593]}, "properties": {"kind": "green_area", "name": "Monas Timur"}}, {"type": "Feature", "geometry": {"type": "Point", "coordinates": [106.8298755, -6.1780933]}, "properties": {"kind": "green_area", "name": ""}}, {"type": "Feature", "geometry": {"type": "Point", "coordinates": [106.8308644, -6.1790594]}, "properties": {"kind": "green_area", "name": ""}}, {"type": "Feature", "geometry": {"type": "Point", "coordinates": [106.8291522, -6.1773748]}, "properties": {"kind": "green_area", "name": ""}}, {"type": "Feature", "geometry": {"type": "Point", "coordinates": [106.8287735, -6.1770109]}, "properties": {"kind": "green_area", "name": ""}}, {"type": "Feature", "geometry": {"type": "Point", "coordinates": [106.8296091, -6.1766526]}, "properties": {"kind": "green_area", "name": ""}}, {"type": "Feature", "geometry": {"type": "Point", "coordinates": [106.8281299, -6.1771315]}, "properties": {"kind": "green_area", "name": ""}}, {"type": "Feature", "geometry": {"type": "Point", "coordinates": [106.8314801, -6.1786849]}, "properties": {"kind": "green_area", "name": ""}}, {"type": "Feature", "geometry": {"type": "Point", "coordinates": [106.8311227, -6.1786722]}, "properties": {"kind": "green_area", "name": ""}}, {"type": "Feature", "geometry": {"type": "Point", "coordinates": [106.8295452, -6.1780751]}, "properties": {"kind": "green_area", "name": ""}}, {"type": "Feature", "geometry": {"type": "Point", "coordinates": [106.8294846, -6.1772713]}, "properties": {"kind": "green_area", "name": ""}}, {"type": "Feature", "geometry": {"type": "Point", "coordinates": [106.8298182, -6.1776041]}, "properties": {"kind": "green_area", "name": ""}}, {"type": "Feature", "geometry": {"type": "Point", "coordinates": [106.8306774, -6.178339]}, "properties": {"kind": "green_area", "name": ""}}, {"type": "Feature", "geometry": {"type": "Point", "coordinates": [106.8302272, -6.1816576]}, "properties": {"kind": "shelter", "name": ""}}, {"type": "Feature", "geometry": {"type": "Point", "coordinates": [106.8306692, -6.1809128]}, "properties": {"kind": "green_area", "name": ""}}, {"type": "Feature", "geometry": {"type": "Point", "coordinates": [106.8302434, -6.1807854]}, "properties": {"kind": "green_area", "name": ""}}, {"type": "Feature", "geometry": {"type": "Point", "coordinates": [106.830112, -6.1811266]}, "properties": {"kind": "green_area", "name": ""}}, {"type": "Feature", "geometry": {"type": "Point", "coordinates": [106.8304706, -6.1817717]}, "properties": {"kind": "green_area", "name": ""}}, {"type": "Feature", "geometry": {"type": "Point", "coordinates": [106.7984223, -6.2117616]}, "properties": {"kind": "green_area", "name": ""}}, {"type": "Feature", "geometry": {"type": "Point", "coordinates": [106.7996738, -6.2110851]}, "properties": {"kind": "green_area", "name": ""}}, {"type": "Feature", "geometry": {"type": "Point", "coordinates": [106.7993707, -6.2107192]}, "properties": {"kind": "green_area", "name": ""}}, {"type": "Feature", "geometry": {"type": "Point", "coordinates": [106.7981936, -6.2070704]}, "properties": {"kind": "green_area", "name": "Taman Museum Manggala"}}, {"type": "Feature", "geometry": {"type": "Point", "coordinates": [106.7988948, -6.2065196]}, "properties": {"kind": "green_area", "name": ""}}, {"type": "Feature", "geometry": {"type": "Point", "coordinates": [106.7979452, -6.2105495]}, "properties": {"kind": "green_area", "name": ""}}, {"type": "Feature", "geometry": {"type": "Point", "coordinates": [106.7984502, -6.2108795]}, "properties": {"kind": "green_area", "name": ""}}, {"type": "Feature", "geometry": {"type": "Point", "coordinates": [106.7985677, -6.2145625]}, "properties": {"kind": "tree", "name": ""}}, {"type": "Feature", "geometry": {"type": "Point", "coordinates": [106.798653, -6.2145419]}, "properties": {"kind": "tree", "name": ""}}, {"type": "Feature", "geometry": {"type": "Point", "coordinates": [106.7987345, -6.2145222]}, "properties": {"kind": "tree", "name": ""}}, {"type": "Feature", "geometry": {"type": "Point", "coordinates": [106.7992716, -6.2143927]}, "properties": {"kind": "tree", "name": ""}}, {"type": "Feature", "geometry": {"type": "Point", "coordinates": [106.7993639, -6.2143704]}, "properties": {"kind": "tree", "name": ""}}, {"type": "Feature", "geometry": {"type": "Point", "coordinates": [106.7994424, -6.2143515]}, "properties": {"kind": "tree", "name": ""}}, {"type": "Feature", "geometry": {"type": "Point", "coordinates": [106.7995461, -6.2143264]}, "properties": {"kind": "tree", "name": ""}}, {"type": "Feature", "geometry": {"type": "Point", "coordinates": [106.7996512, -6.2143011]}, "properties": {"kind": "tree", "name": ""}}, {"type": "Feature", "geometry": {"type": "Point", "coordinates": [106.7997389, -6.2142799]}, "properties": {"kind": "tree", "name": ""}}, {"type": "Feature", "geometry": {"type": "Point", "coordinates": [106.7998336, -6.2142571]}, "properties": {"kind": "tree", "name": ""}}, {"type": "Feature", "geometry": {"type": "Point", "coordinates": [106.7999173, -6.2142369]}, "properties": {"kind": "tree", "name": ""}}, {"type": "Feature", "geometry": {"type": "Point", "coordinates": [106.8000248, -6.2142109]}, "properties": {"kind": "tree", "name": ""}}, {"type": "Feature", "geometry": {"type": "Point", "coordinates": [106.8001223, -6.2141874]}, "properties": {"kind": "tree", "name": ""}}, {"type": "Feature", "geometry": {"type": "Point", "coordinates": [106.800215, -6.2141651]}, "properties": {"kind": "tree", "name": ""}}, {"type": "Feature", "geometry": {"type": "Point", "coordinates": [106.8003054, -6.2141433]}, "properties": {"kind": "tree", "name": ""}}, {"type": "Feature", "geometry": {"type": "Point", "coordinates": [106.8003856, -6.2141239]}, "properties": {"kind": "tree", "name": ""}}, {"type": "Feature", "geometry": {"type": "Point", "coordinates": [106.8004876, -6.2140993]}, "properties": {"kind": "tree", "name": ""}}, {"type": "Feature", "geometry": {"type": "Point", "coordinates": [106.8007939, -6.2140254]}, "properties": {"kind": "tree", "name": ""}}, {"type": "Feature", "geometry": {"type": "Point", "coordinates": [106.80096, -6.2139853]}, "properties": {"kind": "tree", "name": ""}}, {"type": "Feature", "geometry": {"type": "Point", "coordinates": [106.8010708, -6.2139586]}, "properties": {"kind": "tree", "name": ""}}, {"type": "Feature", "geometry": {"type": "Point", "coordinates": [106.8011572, -6.2139377]}, "properties": {"kind": "tree", "name": ""}}, {"type": "Feature", "geometry": {"type": "Point", "coordinates": [106.8012342, -6.2139192]}, "properties": {"kind": "tree", "name": ""}}, {"type": "Feature", "geometry": {"type": "Point", "coordinates": [106.8013183, -6.2138989]}, "properties": {"kind": "tree", "name": ""}}, {"type": "Feature", "geometry": {"type": "Point", "coordinates": [106.8014066, -6.2138776]}, "properties": {"kind": "tree", "name": ""}}, {"type": "Feature", "geometry": {"type": "Point", "coordinates": [106.8015018, -6.2138546]}, "properties": {"kind": "tree", "name": ""}}, {"type": "Feature", "geometry": {"type": "Point", "coordinates": [106.8015824, -6.2138352]}, "properties": {"kind": "tree", "name": ""}}, {"type": "Feature", "geometry": {"type": "Point", "coordinates": [106.8016681, -6.2138145]}, "properties": {"kind": "tree", "name": ""}}, {"type": "Feature", "geometry": {"type": "Point", "coordinates": [106.801761, -6.2137921]}, "properties": {"kind": "tree", "name": ""}}, {"type": "Feature", "geometry": {"type": "Point", "coordinates": [106.8018569, -6.2137689]}, "properties": {"kind": "tree", "name": ""}}, {"type": "Feature", "geometry": {"type": "Point", "coordinates": [106.8019456, -6.2137476]}, "properties": {"kind": "tree", "name": ""}}, {"type": "Feature", "geometry": {"type": "Point", "coordinates": [106.8020222, -6.2137291]}, "properties": {"kind": "tree", "name": ""}}, {"type": "Feature", "geometry": {"type": "Point", "coordinates": [106.7988261, -6.2145001]}, "properties": {"kind": "tree", "name": ""}}, {"type": "Feature", "geometry": {"type": "Point", "coordinates": [106.7989108, -6.2144797]}, "properties": {"kind": "tree", "name": ""}}, {"type": "Feature", "geometry": {"type": "Point", "coordinates": [106.7989955, -6.2144593]}, "properties": {"kind": "tree", "name": ""}}, {"type": "Feature", "geometry": {"type": "Point", "coordinates": [106.7990802, -6.2144388]}, "properties": {"kind": "tree", "name": ""}}, {"type": "Feature", "geometry": {"type": "Point", "coordinates": [106.799165, -6.2144184]}, "properties": {"kind": "tree", "name": ""}}, {"type": "Feature", "geometry": {"type": "Point", "coordinates": [106.8006897, -6.2140505]}, "properties": {"kind": "tree", "name": ""}}, {"type": "Feature", "geometry": {"type": "Point", "coordinates": [106.8021296, -6.2137031]}, "properties": {"kind": "tree", "name": ""}}, {"type": "Feature", "geometry": {"type": "Point", "coordinates": [106.8022144, -6.2136827]}, "properties": {"kind": "tree", "name": ""}}, {"type": "Feature", "geometry": {"type": "Point", "coordinates": [106.7984873, -6.2145819]}, "properties": {"kind": "tree", "name": ""}}, {"type": "Feature", "geometry": {"type": "Point", "coordinates": [106.8022991, -6.2136623]}, "properties": {"kind": "tree", "name": ""}}, {"type": "Feature", "geometry": {"type": "Point", "coordinates": [106.8005054, -6.2111313]}, "properties": {"kind": "green_area", "name": ""}}, {"type": "Feature", "geometry": {"type": "Point", "coordinates": [106.7970393, -6.2165585]}, "properties": {"kind": "green_area", "name": ""}}, {"type": "Feature", "geometry": {"type": "Point", "coordinates": [106.7977087, -6.2175534]}, "properties": {"kind": "green_area", "name": ""}}, {"type": "Feature", "geometry": {"type": "Point", "coordinates": [106.8031818, -6.2134273]}, "properties": {"kind": "tree", "name": ""}}, {"type": "Feature", "geometry": {"type": "Point", "coordinates": [106.8044987, -6.2116309]}, "properties": {"kind": "green_area", "name": ""}}, {"type": "Feature", "geometry": {"type": "Point", "coordinates": [106.8023199, -6.2095973]}, "properties": {"kind": "green_area", "name": ""}}, {"type": "Feature", "geometry": {"type": "Point", "coordinates": [106.8052822, -6.2169432]}, "properties": {"kind": "green_area", "name": "Taman Kridaloka"}}, {"type": "Feature", "geometry": {"type": "Point", "coordinates": [106.8047447, -6.2116725]}, "properties": {"kind": "green_area", "name": ""}}, {"type": "Feature", "geometry": {"type": "Point", "coordinates": [106.8151432, -6.217243]}, "properties": {"kind": "tree", "name": ""}}, {"type": "Feature", "geometry": {"type": "Point", "coordinates": [106.8179982, -6.2159512]}, "properties": {"kind": "green_area", "name": "Taman Sampoerna Strategic Square"}}, {"type": "Feature", "geometry": {"type": "Point", "coordinates": [106.8136339, -6.2168881]}, "properties": {"kind": "green_area", "name": "Taman Sentra BRI"}}, {"type": "Feature", "geometry": {"type": "Point", "coordinates": [106.8153075, -6.2126456]}, "properties": {"kind": "green_area", "name": ""}}, {"type": "Feature", "geometry": {"type": "Point", "coordinates": [106.8228321, -6.2038746]}, "properties": {"kind": "green_area", "name": "Dukuh Atas Skatepark"}}, {"type": "Feature", "geometry": {"type": "Point", "coordinates": [106.8217655, -6.2021897]}, "properties": {"kind": "green_area", "name": "Jakarta Creative Zone Riverview"}}, {"type": "Feature", "geometry": {"type": "Point", "coordinates": [106.8232865, -6.1933684]}, "properties": {"kind": "tree", "name": ""}}, {"type": "Feature", "geometry": {"type": "Point", "coordinates": [106.8232874, -6.1934076]}, "properties": {"kind": "tree", "name": ""}}, {"type": "Feature", "geometry": {"type": "Point", "coordinates": [106.8232894, -6.1934917]}, "properties": {"kind": "tree", "name": ""}}, {"type": "Feature", "geometry": {"type": "Point", "coordinates": [106.8214331, -6.1939963]}, "properties": {"kind": "tree", "name": ""}}, {"type": "Feature", "geometry": {"type": "Point", "coordinates": [106.8214344, -6.194022]}, "properties": {"kind": "tree", "name": ""}}, {"type": "Feature", "geometry": {"type": "Point", "coordinates": [106.8214059, -6.1940341]}, "properties": {"kind": "tree", "name": ""}}, {"type": "Feature", "geometry": {"type": "Point", "coordinates": [106.8214385, -6.1940639]}, "properties": {"kind": "tree", "name": ""}}, {"type": "Feature", "geometry": {"type": "Point", "coordinates": [106.8214045, -6.1940693]}, "properties": {"kind": "tree", "name": ""}}, {"type": "Feature", "geometry": {"type": "Point", "coordinates": [106.8232769, -6.1936599]}, "properties": {"kind": "tree", "name": ""}}, {"type": "Feature", "geometry": {"type": "Point", "coordinates": [106.8232759, -6.1936963]}, "properties": {"kind": "tree", "name": ""}}, {"type": "Feature", "geometry": {"type": "Point", "coordinates": [106.8232778, -6.1937173]}, "properties": {"kind": "tree", "name": ""}}, {"type": "Feature", "geometry": {"type": "Point", "coordinates": [106.8213121, -6.1938086]}, "properties": {"kind": "tree", "name": ""}}, {"type": "Feature", "geometry": {"type": "Point", "coordinates": [106.8221717, -6.1945894]}, "properties": {"kind": "tree", "name": ""}}, {"type": "Feature", "geometry": {"type": "Point", "coordinates": [106.8223955, -6.1947376]}, "properties": {"kind": "tree", "name": ""}}, {"type": "Feature", "geometry": {"type": "Point", "coordinates": [106.8223887, -6.1947019]}, "properties": {"kind": "tree", "name": ""}}, {"type": "Feature", "geometry": {"type": "Point", "coordinates": [106.8223505, -6.1950101]}, "properties": {"kind": "tree", "name": ""}}, {"type": "Feature", "geometry": {"type": "Point", "coordinates": [106.823511, -6.1955271]}, "properties": {"kind": "tree", "name": ""}}, {"type": "Feature", "geometry": {"type": "Point", "coordinates": [106.8235803, -6.1955287]}, "properties": {"kind": "tree", "name": ""}}, {"type": "Feature", "geometry": {"type": "Point", "coordinates": [106.8236141, -6.1955413]}, "properties": {"kind": "tree", "name": ""}}, {"type": "Feature", "geometry": {"type": "Point", "coordinates": [106.8236411, -6.195564]}, "properties": {"kind": "tree", "name": ""}}, {"type": "Feature", "geometry": {"type": "Point", "coordinates": [106.8234443, -6.1955657]}, "properties": {"kind": "tree", "name": ""}}, {"type": "Feature", "geometry": {"type": "Point", "coordinates": [106.8236639, -6.1955968]}, "properties": {"kind": "tree", "name": ""}}, {"type": "Feature", "geometry": {"type": "Point", "coordinates": [106.8236935, -6.1956304]}, "properties": {"kind": "tree", "name": ""}}, {"type": "Feature", "geometry": {"type": "Point", "coordinates": [106.8233708, -6.1956321]}, "properties": {"kind": "tree", "name": ""}}, {"type": "Feature", "geometry": {"type": "Point", "coordinates": [106.8233593, -6.1958175]}, "properties": {"kind": "tree", "name": ""}}, {"type": "Feature", "geometry": {"type": "Point", "coordinates": [106.8233429, -6.1956631]}, "properties": {"kind": "tree", "name": ""}}, {"type": "Feature", "geometry": {"type": "Point", "coordinates": [106.8237311, -6.1956798]}, "properties": {"kind": "tree", "name": ""}}, {"type": "Feature", "geometry": {"type": "Point", "coordinates": [106.823179, -6.1963027]}, "properties": {"kind": "tree", "name": ""}}, {"type": "Feature", "geometry": {"type": "Point", "coordinates": [106.8233125, -6.1957505]}, "properties": {"kind": "tree", "name": ""}}, {"type": "Feature", "geometry": {"type": "Point", "coordinates": [106.8233057, -6.1958395]}, "properties": {"kind": "tree", "name": ""}}, {"type": "Feature", "geometry": {"type": "Point", "coordinates": [106.823309, -6.196263]}, "properties": {"kind": "tree", "name": ""}}, {"type": "Feature", "geometry": {"type": "Point", "coordinates": [106.8223069, -6.1953643]}, "properties": {"kind": "tree", "name": ""}}, {"type": "Feature", "geometry": {"type": "Point", "coordinates": [106.8223079, -6.1954093]}, "properties": {"kind": "tree", "name": ""}}, {"type": "Feature", "geometry": {"type": "Point", "coordinates": [106.8222906, -6.1954246]}, "properties": {"kind": "tree", "name": ""}}, {"type": "Feature", "geometry": {"type": "Point", "coordinates": [106.8222838, -6.1954475]}, "properties": {"kind": "tree", "name": ""}}, {"type": "Feature", "geometry": {"type": "Point", "coordinates": [106.8225242, -6.1955555]}, "properties": {"kind": "tree", "name": ""}}, {"type": "Feature", "geometry": {"type": "Point", "coordinates": [106.8222665, -6.1955689]}, "properties": {"kind": "tree", "name": ""}}, {"type": "Feature", "geometry": {"type": "Point", "coordinates": [106.8225194, -6.1955861]}, "properties": {"kind": "tree", "name": ""}}, {"type": "Feature", "geometry": {"type": "Point", "coordinates": [106.822553, -6.1955899]}, "properties": {"kind": "tree", "name": ""}}, {"type": "Feature", "geometry": {"type": "Point", "coordinates": [106.8221963, -6.1956598]}, "properties": {"kind": "tree", "name": ""}}, {"type": "Feature", "geometry": {"type": "Point", "coordinates": [106.822578, -6.1956195]}, "properties": {"kind": "tree", "name": ""}}, {"type": "Feature", "geometry": {"type": "Point", "coordinates": [106.823308, -6.1961993]}, "properties": {"kind": "tree", "name": ""}}, {"type": "Feature", "geometry": {"type": "Point", "coordinates": [106.8233072, -6.1961475]}, "properties": {"kind": "tree", "name": ""}}, {"type": "Feature", "geometry": {"type": "Point", "coordinates": [106.8233063, -6.1960867]}, "properties": {"kind": "tree", "name": ""}}, {"type": "Feature", "geometry": {"type": "Point", "coordinates": [106.8233053, -6.196023]}, "properties": {"kind": "tree", "name": ""}}, {"type": "Feature", "geometry": {"type": "Point", "coordinates": [106.8233044, -6.1959697]}, "properties": {"kind": "tree", "name": ""}}, {"type": "Feature", "geometry": {"type": "Point", "coordinates": [106.8233034, -6.1959016]}, "properties": {"kind": "tree", "name": ""}}, {"type": "Feature", "geometry": {"type": "Point", "coordinates": [106.8211235, -6.195576]}, "properties": {"kind": "tree", "name": ""}}, {"type": "Feature", "geometry": {"type": "Point", "coordinates": [106.8210735, -6.1955712]}, "properties": {"kind": "tree", "name": ""}}, {"type": "Feature", "geometry": {"type": "Point", "coordinates": [106.8212193, -6.196167]}, "properties": {"kind": "tree", "name": ""}}, {"type": "Feature", "geometry": {"type": "Point", "coordinates": [106.8199626, -6.1961002]}, "properties": {"kind": "tree", "name": ""}}, {"type": "Feature", "geometry": {"type": "Point", "coordinates": [106.819859, -6.1958855]}, "properties": {"kind": "tree", "name": ""}}, {"type": "Feature", "geometry": {"type": "Point", "coordinates": [106.8199633, -6.1959014]}, "properties": {"kind": "tree", "name": ""}}, {"type": "Feature", "geometry": {"type": "Point", "coordinates": [106.8199122, -6.1959437]}, "properties": {"kind": "tree", "name": ""}}, {"type": "Feature", "geometry": {"type": "Point", "coordinates": [106.8198238, -6.1959628]}, "properties": {"kind": "tree", "name": ""}}, {"type": "Feature", "geometry": {"type": "Point", "coordinates": [106.8197717, -6.1959786]}, "properties": {"kind": "tree", "name": ""}}, {"type": "Feature", "geometry": {"type": "Point", "coordinates": [106.8227237, -6.1959004]}, "properties": {"kind": "tree", "name": ""}}, {"type": "Feature", "geometry": {"type": "Point", "coordinates": [106.82265, -6.1956538]}, "properties": {"kind": "tree", "name": ""}}, {"type": "Feature", "geometry": {"type": "Point", "coordinates": [106.8229079, -6.197262]}, "properties": {"kind": "tree", "name": ""}}, {"type": "Feature", "geometry": {"type": "Point", "coordinates": [106.822912, -6.1973134]}, "properties": {"kind": "tree", "name": ""}}, {"type": "Feature", "geometry": {"type": "Point", "coordinates": [106.8226104, -6.196183]}, "properties": {"kind": "tree", "name": ""}}, {"type": "Feature", "geometry": {"type": "Point", "coordinates": [106.8225943, -6.1961226]}, "properties": {"kind": "tree", "name": ""}}, {"type": "Feature", "geometry": {"type": "Point", "coordinates": [106.8226239, -6.1960503]}, "properties": {"kind": "tree", "name": ""}}, {"type": "Feature", "geometry": {"type": "Point", "coordinates": [106.8225437, -6.1959571]}, "properties": {"kind": "tree", "name": ""}}, {"type": "Feature", "geometry": {"type": "Point", "coordinates": [106.8225369, -6.195879]}, "properties": {"kind": "tree", "name": ""}}, {"type": "Feature", "geometry": {"type": "Point", "coordinates": [106.8230386, -6.1942821]}, "properties": {"kind": "tree", "name": ""}}, {"type": "Feature", "geometry": {"type": "Point", "coordinates": [106.8230278, -6.1943065]}, "properties": {"kind": "tree", "name": ""}}, {"type": "Feature", "geometry": {"type": "Point", "coordinates": [106.8230144, -6.1943285]}, "properties": {"kind": "tree", "name": ""}}, {"type": "Feature", "geometry": {"type": "Point", "coordinates": [106.8250291, -6.1953738]}, "properties": {"kind": "tree", "name": ""}}, {"type": "Feature", "geometry": {"type": "Point", "coordinates": [106.8221672, -6.1948885]}, "properties": {"kind": "tree", "name": ""}}, {"type": "Feature", "geometry": {"type": "Point", "coordinates": [106.8221672, -6.1950098]}, "properties": {"kind": "tree", "name": ""}}, {"type": "Feature", "geometry": {"type": "Point", "coordinates": [106.8219915, -6.1947738]}, "properties": {"kind": "tree", "name": ""}}, {"type": "Feature", "geometry": {"type": "Point", "coordinates": [106.8219888, -6.1946965]}, "properties": {"kind": "tree", "name": ""}}, {"type": "Feature", "geometry": {"type": "Point", "coordinates": [106.8220639, -6.1946991]}, "properties": {"kind": "tree", "name": ""}}, {"type": "Feature", "geometry": {"type": "Point", "coordinates": [106.8221109, -6.1947138]}, "properties": {"kind": "tree", "name": ""}}, {"type": "Feature", "geometry": {"type": "Point", "coordinates": [106.8220505, -6.1947765]}, "properties": {"kind": "tree", "name": ""}}, {"type": "Feature", "geometry": {"type": "Point", "coordinates": [106.8221068, -6.1947698]}, "properties": {"kind": "tree", "name": ""}}, {"type": "Feature", "geometry": {"type": "Point", "coordinates": [106.8221444, -6.1948085]}, "properties": {"kind": "tree", "name": ""}}, {"type": "Feature", "geometry": {"type": "Point", "coordinates": [106.8221726, -6.1948498]}, "properties": {"kind": "tree", "name": ""}}, {"type": "Feature", "geometry": {"type": "Point", "coordinates": [106.8222155, -6.1948818]}, "properties": {"kind": "tree", "name": ""}}, {"type": "Feature", "geometry": {"type": "Point", "coordinates": [106.8222128, -6.1949445]}, "properties": {"kind": "tree", "name": ""}}, {"type": "Feature", "geometry": {"type": "Point", "coordinates": [106.8222155, -6.1950031]}, "properties": {"kind": "tree", "name": ""}}, {"type": "Feature", "geometry": {"type": "Point", "coordinates": [106.822198, -6.1950431]}, "properties": {"kind": "tree", "name": ""}}, {"type": "Feature", "geometry": {"type": "Point", "coordinates": [106.8222839, -6.1950711]}, "properties": {"kind": "tree", "name": ""}}, {"type": "Feature", "geometry": {"type": "Point", "coordinates": [106.8222718, -6.1950458]}, "properties": {"kind": "tree", "name": ""}}, {"type": "Feature", "geometry": {"type": "Point", "coordinates": [106.8222651, -6.1950951]}, "properties": {"kind": "tree", "name": ""}}, {"type": "Feature", "geometry": {"type": "Point", "coordinates": [106.8258981, -6.196471]}, "properties": {"kind": "tree", "name": ""}}, {"type": "Feature", "geometry": {"type": "Point", "coordinates": [106.8259491, -6.196475]}, "properties": {"kind": "tree", "name": ""}}, {"type": "Feature", "geometry": {"type": "Point", "coordinates": [106.825996, -6.1964804]}, "properties": {"kind": "tree", "name": ""}}, {"type": "Feature", "geometry": {"type": "Point", "coordinates": [106.8260953, -6.1964884]}, "properties": {"kind": "tree", "name": ""}}, {"type": "Feature", "geometry": {"type": "Point", "coordinates": [106.8261664, -6.1964884]}, "properties": {"kind": "tree", "name": ""}}, {"type": "Feature", "geometry": {"type": "Point", "coordinates": [106.8266585, -6.1965724]}, "properties": {"kind": "tree", "name": ""}}, {"type": "Feature", "geometry": {"type": "Point", "coordinates": [106.826617, -6.1965697]}, "properties": {"kind": "tree", "name": ""}}, {"type": "Feature", "geometry": {"type": "Point", "coordinates": [106.8263796, -6.196531]}, "properties": {"kind": "tree", "name": ""}}, {"type": "Feature", "geometry": {"type": "Point", "coordinates": [106.8264413, -6.1965297]}, "properties": {"kind": "tree", "name": ""}}, {"type": "Feature", "geometry": {"type": "Point", "coordinates": [106.8265177, -6.1965497]}, "properties": {"kind": "tree", "name": ""}}, {"type": "Feature", "geometry": {"type": "Point", "coordinates": [106.8263246, -6.196527]}, "properties": {"kind": "tree", "name": ""}}, {"type": "Feature", "geometry": {"type": "Point", "coordinates": [106.8264493, -6.1957044]}, "properties": {"kind": "tree", "name": ""}}, {"type": "Feature", "geometry": {"type": "Point", "coordinates": [106.8262656, -6.1957751]}, "properties": {"kind": "tree", "name": ""}}, {"type": "Feature", "geometry": {"type": "Point", "coordinates": [106.8264587, -6.1957897]}, "properties": {"kind": "tree", "name": ""}}, {"type": "Feature", "geometry": {"type": "Point", "coordinates": [106.8265124, -6.1959111]}, "properties": {"kind": "tree", "name": ""}}, {"type": "Feature", "geometry": {"type": "Point", "coordinates": [106.8263555, -6.1958764]}, "properties": {"kind": "tree", "name": ""}}, {"type": "Feature", "geometry": {"type": "Point", "coordinates": [106.8261583, -6.1958431]}, "properties": {"kind": "tree", "name": ""}}, {"type": "Feature", "geometry": {"type": "Point", "coordinates": [106.8257761, -6.1956871]}, "properties": {"kind": "tree", "name": ""}}, {"type": "Feature", "geometry": {"type": "Point", "coordinates": [106.8256943, -6.1956924]}, "properties": {"kind": "tree", "name": ""}}, {"type": "Feature", "geometry": {"type": "Point", "coordinates": [106.825866, -6.1957244]}, "properties": {"kind": "tree", "name": ""}}, {"type": "Feature", "geometry": {"type": "Point", "coordinates": [106.825882, -6.1958071]}, "properties": {"kind": "tree", "name": ""}}, {"type": "Feature", "geometry": {"type": "Point", "coordinates": [106.8260269, -6.1957484]}, "properties": {"kind": "tree", "name": ""}}, {"type": "Feature", "geometry": {"type": "Point", "coordinates": [106.8256634, -6.1957644]}, "properties": {"kind": "tree", "name": ""}}, {"type": "Feature", "geometry": {"type": "Point", "coordinates": [106.825756, -6.1958097]}, "properties": {"kind": "tree", "name": ""}}, {"type": "Feature", "geometry": {"type": "Point", "coordinates": [106.8251404, -6.1957577]}, "properties": {"kind": "tree", "name": ""}}, {"type": "Feature", "geometry": {"type": "Point", "coordinates": [106.825182, -6.1957377]}, "properties": {"kind": "tree", "name": ""}}, {"type": "Feature", "geometry": {"type": "Point", "coordinates": [106.8252262, -6.1957311]}, "properties": {"kind": "tree", "name": ""}}, {"type": "Feature", "geometry": {"type": "Point", "coordinates": [106.8253376, -6.1957284]}, "properties": {"kind": "tree", "name": ""}}, {"type": "Feature", "geometry": {"type": "Point", "coordinates": [106.8254945, -6.1957391]}, "properties": {"kind": "tree", "name": ""}}, {"type": "Feature", "geometry": {"type": "Point", "coordinates": [106.8255065, -6.1961337]}, "properties": {"kind": "tree", "name": ""}}, {"type": "Feature", "geometry": {"type": "Point", "coordinates": [106.8254703, -6.1961124]}, "properties": {"kind": "tree", "name": ""}}, {"type": "Feature", "geometry": {"type": "Point", "coordinates": [106.8253791, -6.1961444]}, "properties": {"kind": "tree", "name": ""}}, {"type": "Feature", "geometry": {"type": "Point", "coordinates": [106.8251069, -6.1963097]}, "properties": {"kind": "tree", "name": ""}}, {"type": "Feature", "geometry": {"type": "Point", "coordinates": [106.8250935, -6.1961924]}, "properties": {"kind": "tree", "name": ""}}, {"type": "Feature", "geometry": {"type": "Point", "coordinates": [106.8250573, -6.1962817]}, "properties": {"kind": "tree", "name": ""}}, {"type": "Feature", "geometry": {"type": "Point", "coordinates": [106.825068, -6.1963671]}, "properties": {"kind": "tree", "name": ""}}, {"type": "Feature", "geometry": {"type": "Point", "coordinates": [106.8251605, -6.1963764]}, "properties": {"kind": "tree", "name": ""}}, {"type": "Feature", "geometry": {"type": "Point", "coordinates": [106.8252195, -6.1963884]}, "properties": {"kind": "tree", "name": ""}}, {"type": "Feature", "geometry": {"type": "Point", "coordinates": [106.8253067, -6.1963884]}, "properties": {"kind": "tree", "name": ""}}, {"type": "Feature", "geometry": {"type": "Point", "coordinates": [106.8254073, -6.196415]}, "properties": {"kind": "tree", "name": ""}}, {"type": "Feature", "geometry": {"type": "Point", "coordinates": [106.8254717, -6.1964244]}, "properties": {"kind": "tree", "name": ""}}, {"type": "Feature", "geometry": {"type": "Point", "coordinates": [106.8255454, -6.1964244]}, "properties": {"kind": "tree", "name": ""}}, {"type": "Feature", "geometry": {"type": "Point", "coordinates": [106.8256178, -6.1964417]}, "properties": {"kind": "tree", "name": ""}}, {"type": "Feature", "geometry": {"type": "Point", "coordinates": [106.8256849, -6.1964497]}, "properties": {"kind": "tree", "name": ""}}, {"type": "Feature", "geometry": {"type": "Point", "coordinates": [106.8214671, -6.1954684]}, "properties": {"kind": "tree", "name": ""}}, {"type": "Feature", "geometry": {"type": "Point", "coordinates": [106.8215489, -6.1955698]}, "properties": {"kind": "tree", "name": ""}}, {"type": "Feature", "geometry": {"type": "Point", "coordinates": [106.8213022, -6.1953898]}, "properties": {"kind": "tree", "name": ""}}, {"type": "Feature", "geometry": {"type": "Point", "coordinates": [106.8213478, -6.1955311]}, "properties": {"kind": "tree", "name": ""}}, {"type": "Feature", "geometry": {"type": "Point", "coordinates": [106.8213277, -6.1952964]}, "properties": {"kind": "tree", "name": ""}}, {"type": "Feature", "geometry": {"type": "Point", "coordinates": [106.821325, -6.1952511]}, "properties": {"kind": "tree", "name": ""}}, {"type": "Feature", "geometry": {"type": "Point", "coordinates": [106.8211868, -6.1950604]}, "properties": {"kind": "tree", "name": ""}}, {"type": "Feature", "geometry": {"type": "Point", "coordinates": [106.8212056, -6.1951711]}, "properties": {"kind": "tree", "name": ""}}, {"type": "Feature", "geometry": {"type": "Point", "coordinates": [106.8215543, -6.1950164]}, "properties": {"kind": "tree", "name": ""}}, {"type": "Feature", "geometry": {"type": "Point", "coordinates": [106.8215623, -6.1951538]}, "properties": {"kind": "tree", "name": ""}}, {"type": "Feature", "geometry": {"type": "Point", "coordinates": [106.8215623, -6.1954018]}, "properties": {"kind": "tree", "name": ""}}, {"type": "Feature", "geometry": {"type": "Point", "coordinates": [106.8262618, -6.1968412]}, "properties": {"kind": "green_area", "name": "Taman Panarukan"}}, {"type": "Feature", "geometry": {"type": "Point", "coordinates": [106.8236414, -6.1953417]}, "properties": {"kind": "green_area", "name": ""}}, {"type": "Feature", "geometry": {"type": "Point", "coordinates": [106.8205283, -6.1948005]}, "properties": {"kind": "green_area", "name": "Mini Space Shuttle Park"}}, {"type": "Feature", "geometry": {"type": "Point", "coordinates": [106.8227382, -6.2009241]}, "properties": {"kind": "green_area", "name": "Taman Dukuh Atas"}}, {"type": "Feature", "geometry": {"type": "Point", "coordinates": [106.8208961, -6.1954909]}, "properties": {"kind": "green_area", "name": ""}}, {"type": "Feature", "geometry": {"type": "Point", "coordinates": [106.8224358, -6.194544]}, "properties": {"kind": "green_area", "name": ""}}, {"type": "Feature", "geometry": {"type": "Point", "coordinates": [106.8229091, -6.197236]}, "properties": {"kind": "green_area", "name": ""}}, {"type": "Feature", "geometry": {"type": "Point", "coordinates": [106.8031119, -6.2050888]}, "properties": {"kind": "green_area", "name": ""}}, {"type": "Feature", "geometry": {"type": "Point", "coordinates": [106.8021194, -6.2074472]}, "properties": {"kind": "green_area", "name": ""}}, {"type": "Feature", "geometry": {"type": "Point", "coordinates": [106.8013396, -6.2064795]}, "properties": {"kind": "green_area", "name": "Taman Cattleya"}}, {"type": "Feature", "geometry": {"type": "Point", "coordinates": [106.8010144, -6.2096584]}, "properties": {"kind": "green_area", "name": ""}}, {"type": "Feature", "geometry": {"type": "Point", "coordinates": [106.8027288, -6.2082396]}, "properties": {"kind": "green_area", "name": ""}}, {"type": "Feature", "geometry": {"type": "Point", "coordinates": [106.8034267, -6.208519]}, "properties": {"kind": "green_area", "name": ""}}, {"type": "Feature", "geometry": {"type": "Point", "coordinates": [106.8016801, -6.2084168]}, "properties": {"kind": "green_area", "name": ""}}, {"type": "Feature", "geometry": {"type": "Point", "coordinates": [106.8031012, -6.2079259]}, "properties": {"kind": "green_area", "name": ""}}, {"type": "Feature", "geometry": {"type": "Point", "coordinates": [106.8042793, -6.2093802]}, "properties": {"kind": "green_area", "name": ""}}, {"type": "Feature", "geometry": {"type": "Point", "coordinates": [106.8000187, -6.2061348]}, "properties": {"kind": "green_area", "name": "Taman Manggala Wanabhakti"}}, {"type": "Feature", "geometry": {"type": "Point", "coordinates": [106.76355, -6.2578592]}, "properties": {"kind": "green_area", "name": "RPTRA Bintaro Permai"}}, {"type": "Feature", "geometry": {"type": "Point", "coordinates": [106.7673805, -6.2574929]}, "properties": {"kind": "green_area", "name": ""}}, {"type": "Feature", "geometry": {"type": "Point", "coordinates": [106.7663377, -6.2569534]}, "properties": {"kind": "green_area", "name": "Pos Kamling"}}, {"type": "Feature", "geometry": {"type": "Point", "coordinates": [106.7601793, -6.2530463]}, "properties": {"kind": "green_area", "name": "RPTRA Puspita"}}, {"type": "Feature", "geometry": {"type": "Point", "coordinates": [106.7564281, -6.2514768]}, "properties": {"kind": "tree", "name": ""}}, {"type": "Feature", "geometry": {"type": "Point", "coordinates": [106.7564244, -6.251526]}, "properties": {"kind": "tree", "name": ""}}, {"type": "Feature", "geometry": {"type": "Point", "coordinates": [106.7564315, -6.2514273]}, "properties": {"kind": "tree", "name": ""}}, {"type": "Feature", "geometry": {"type": "Point", "coordinates": [106.7903471, -6.2345035]}, "properties": {"kind": "green_area", "name": ""}}, {"type": "Feature", "geometry": {"type": "Point", "coordinates": [106.79051, -6.2353944]}, "properties": {"kind": "green_area", "name": ""}}, {"type": "Feature", "geometry": {"type": "Point", "coordinates": [106.7915431, -6.236422]}, "properties": {"kind": "green_area", "name": ""}}, {"type": "Feature", "geometry": {"type": "Point", "coordinates": [106.7952996, -6.2422342]}, "properties": {"kind": "green_area", "name": "Taman Lamandau"}}, {"type": "Feature", "geometry": {"type": "Point", "coordinates": [106.8017811, -6.2471601]}, "properties": {"kind": "green_area", "name": "Taman Wijaya"}}, {"type": "Feature", "geometry": {"type": "Point", "coordinates": [106.8007643, -6.2460375]}, "properties": {"kind": "green_area", "name": "Taman Sepeda"}}, {"type": "Feature", "geometry": {"type": "Point", "coordinates": [106.8011632, -6.2365758]}, "properties": {"kind": "green_area", "name": "Taman Abipraya Kementerian PUPR"}}, {"type": "Feature", "geometry": {"type": "Point", "coordinates": [106.7540197, -6.2407174]}, "properties": {"kind": "green_area", "name": ""}}, {"type": "Feature", "geometry": {"type": "Point", "coordinates": [106.7540414, -6.2409554]}, "properties": {"kind": "green_area", "name": ""}}, {"type": "Feature", "geometry": {"type": "Point", "coordinates": [106.7539127, -6.2409457]}, "properties": {"kind": "green_area", "name": ""}}, {"type": "Feature", "geometry": {"type": "Point", "coordinates": [106.7537025, -6.241027]}, "properties": {"kind": "green_area", "name": ""}}, {"type": "Feature", "geometry": {"type": "Point", "coordinates": [106.7536852, -6.241173]}, "properties": {"kind": "green_area", "name": ""}}, {"type": "Feature", "geometry": {"type": "Point", "coordinates": [106.753439, -6.2423248]}, "properties": {"kind": "green_area", "name": ""}}, {"type": "Feature", "geometry": {"type": "Point", "coordinates": [106.7537262, -6.2419173]}, "properties": {"kind": "green_area", "name": ""}}, {"type": "Feature", "geometry": {"type": "Point", "coordinates": [106.7987763, -6.3100322]}, "properties": {"kind": "green_area", "name": "RPTRA Pinang Pola"}}, {"type": "Feature", "geometry": {"type": "Point", "coordinates": [106.7998539, -6.3102092]}, "properties": {"kind": "green_area", "name": "Hutan Kota Pondok Labu"}}, {"type": "Feature", "geometry": {"type": "Point", "coordinates": [106.7964435, -6.3126628]}, "properties": {"kind": "green_area", "name": "Taman DDN"}}, {"type": "Feature", "geometry": {"type": "Point", "coordinates": [106.7911133, -6.3063819]}, "properties": {"kind": "green_area", "name": ""}}, {"type": "Feature", "geometry": {"type": "Point", "coordinates": [106.7977104, -6.3036504]}, "properties": {"kind": "green_area", "name": "Taman Wijaya Kusuma II"}}, {"type": "Feature", "geometry": {"type": "Point", "coordinates": [106.7958353, -6.2941152]}, "properties": {"kind": "green_area", "name": ""}}, {"type": "Feature", "geometry": {"type": "Point", "coordinates": [106.7964956, -6.2944862]}, "properties": {"kind": "green_area", "name": ""}}, {"type": "Feature", "geometry": {"type": "Point", "coordinates": [106.796588, -6.2929269]}, "properties": {"kind": "green_area", "name": ""}}, {"type": "Feature", "geometry": {"type": "Point", "coordinates": [106.7963266, -6.2955743]}, "properties": {"kind": "green_area", "name": ""}}, {"type": "Feature", "geometry": {"type": "Point", "coordinates": [106.7981655, -6.2855413]}, "properties": {"kind": "green_area", "name": ""}}, {"type": "Feature", "geometry": {"type": "Point", "coordinates": [106.7964559, -6.2844317]}, "properties": {"kind": "green_area", "name": ""}}, {"type": "Feature", "geometry": {"type": "Point", "coordinates": [106.7971788, -6.2807488]}, "properties": {"kind": "green_area", "name": "Urban Forest Cipete"}}, {"type": "Feature", "geometry": {"type": "Point", "coordinates": [106.7943353, -6.2793616]}, "properties": {"kind": "green_area", "name": "RPTRA Bahari"}}, {"type": "Feature", "geometry": {"type": "Point", "coordinates": [106.7996001, -6.2768487]}, "properties": {"kind": "green_area", "name": "RPTRA Taman Gajah"}}, {"type": "Feature", "geometry": {"type": "Point", "coordinates": [106.7979653, -6.2682457]}, "properties": {"kind": "green_area", "name": ""}}, {"type": "Feature", "geometry": {"type": "Point", "coordinates": [106.794024, -6.2690986]}, "properties": {"kind": "green_area", "name": ""}}, {"type": "Feature", "geometry": {"type": "Point", "coordinates": [106.8001432, -6.2622645]}, "properties": {"kind": "green_area", "name": "RPTRA Taman Sawo"}}, {"type": "Feature", "geometry": {"type": "Point", "coordinates": [106.7990267, -6.2514126]}, "properties": {"kind": "green_area", "name": "Taman Panglima Polim 12"}}, {"type": "Feature", "geometry": {"type": "Point", "coordinates": [106.7977928, -6.2513806]}, "properties": {"kind": "green_area", "name": "Taman Panglima Polim 12"}}, {"type": "Feature", "geometry": {"type": "Point", "coordinates": [106.7987695, -6.2521621]}, "properties": {"kind": "green_area", "name": "Taman Panglima Polim 13"}}, {"type": "Feature", "geometry": {"type": "Point", "coordinates": [106.7963942, -6.2493739]}, "properties": {"kind": "green_area", "name": ""}}, {"type": "Feature", "geometry": {"type": "Point", "coordinates": [106.7958161, -6.2477213]}, "properties": {"kind": "green_area", "name": "Taman Sambas"}}, {"type": "Feature", "geometry": {"type": "Point", "coordinates": [106.7952692, -6.2452602]}, "properties": {"kind": "green_area", "name": ""}}, {"type": "Feature", "geometry": {"type": "Point", "coordinates": [106.794596, -6.2451628]}, "properties": {"kind": "green_area", "name": "Taman Bendera Pusaka Timur"}}, {"type": "Feature", "geometry": {"type": "Point", "coordinates": [106.7968421, -6.2450665]}, "properties": {"kind": "green_area", "name": "Taman Sampit"}}, {"type": "Feature", "geometry": {"type": "Point", "coordinates": [106.8043492, -6.2543558]}, "properties": {"kind": "green_area", "name": ""}}, {"type": "Feature", "geometry": {"type": "Point", "coordinates": [106.8017407, -6.254437]}, "properties": {"kind": "green_area", "name": "Taman gajah"}}, {"type": "Feature", "geometry": {"type": "Point", "coordinates": [106.8032468, -6.2544944]}, "properties": {"kind": "green_area", "name": ""}}, {"type": "Feature", "geometry": {"type": "Point", "coordinates": [106.8020624, -6.2529464]}, "properties": {"kind": "green_area", "name": "Taman Darmawangsa"}}, {"type": "Feature", "geometry": {"type": "Point", "coordinates": [106.8113934, -6.1829787]}, "properties": {"kind": "tree", "name": ""}}, {"type": "Feature", "geometry": {"type": "Point", "coordinates": [106.8115815, -6.1836228]}, "properties": {"kind": "green_area", "name": ""}}, {"type": "Feature", "geometry": {"type": "Point", "coordinates": [106.8119654, -6.1788783]}, "properties": {"kind": "green_area", "name": ""}}, {"type": "Feature", "geometry": {"type": "Point", "coordinates": [106.8172757, -6.1831089]}, "properties": {"kind": "green_area", "name": "RPTRA Hati Suci"}}, {"type": "Feature", "geometry": {"type": "Point", "coordinates": [106.8216805, -6.1827507]}, "properties": {"kind": "green_area", "name": ""}}, {"type": "Feature", "geometry": {"type": "Point", "coordinates": [106.8223214, -6.1825939]}, "properties": {"kind": "green_area", "name": ""}}, {"type": "Feature", "geometry": {"type": "Point", "coordinates": [106.8221412, -6.1810961]}, "properties": {"kind": "green_area", "name": ""}}, {"type": "Feature", "geometry": {"type": "Point", "coordinates": [106.8214914, -6.1809848]}, "properties": {"kind": "green_area", "name": ""}}, {"type": "Feature", "geometry": {"type": "Point", "coordinates": [106.8209496, -6.1813148]}, "properties": {"kind": "green_area", "name": ""}}, {"type": "Feature", "geometry": {"type": "Point", "coordinates": [106.8211686, -6.1828621]}, "properties": {"kind": "green_area", "name": ""}}, {"type": "Feature", "geometry": {"type": "Point", "coordinates": [106.8238254, -6.1847407]}, "properties": {"kind": "green_area", "name": "Thamrin 10"}}, {"type": "Feature", "geometry": {"type": "Point", "coordinates": [106.8323182, -6.1798978]}, "properties": {"kind": "tree", "name": ""}}, {"type": "Feature", "geometry": {"type": "Point", "coordinates": [106.834607, -6.1828883]}, "properties": {"kind": "green_area", "name": "Tugu Tani"}}, {"type": "Feature", "geometry": {"type": "Point", "coordinates": [106.8322069, -6.1831424]}, "properties": {"kind": "green_area", "name": "RPTRA Kebon Sirih"}}, {"type": "Feature", "geometry": {"type": "Point", "coordinates": [106.8336602, -6.1876796]}, "properties": {"kind": "green_area", "name": ""}}, {"type": "Feature", "geometry": {"type": "Point", "coordinates": [106.8253262, -6.188355]}, "properties": {"kind": "green_area", "name": ""}}, {"type": "Feature", "geometry": {"type": "Point", "coordinates": [106.8254121, -6.1882777]}, "properties": {"kind": "green_area", "name": ""}}, {"type": "Feature", "geometry": {"type": "Point", "coordinates": [106.8234277, -6.1882022]}, "properties": {"kind": "tree", "name": ""}}, {"type": "Feature", "geometry": {"type": "Point", "coordinates": [106.8235753, -6.1882554]}, "properties": {"kind": "tree", "name": ""}}, {"type": "Feature", "geometry": {"type": "Point", "coordinates": [106.8237273, -6.188254]}, "properties": {"kind": "tree", "name": ""}}, {"type": "Feature", "geometry": {"type": "Point", "coordinates": [106.8234263, -6.1883562]}, "properties": {"kind": "tree", "name": ""}}, {"type": "Feature", "geometry": {"type": "Point", "coordinates": [106.8233539, -6.1874223]}, "properties": {"kind": "tree", "name": ""}}, {"type": "Feature", "geometry": {"type": "Point", "coordinates": [106.8233495, -6.1874957]}, "properties": {"kind": "tree", "name": ""}}, {"type": "Feature", "geometry": {"type": "Point", "coordinates": [106.8255406, -6.1901133]}, "properties": {"kind": "green_area", "name": ""}}, {"type": "Feature", "geometry": {"type": "Point", "coordinates": [106.8227025, -6.1904437]}, "properties": {"kind": "tree", "name": ""}}, {"type": "Feature", "geometry": {"type": "Point", "coordinates": [106.8227011, -6.1904876]}, "properties": {"kind": "tree", "name": ""}}, {"type": "Feature", "geometry": {"type": "Point", "coordinates": [106.8227011, -6.1905282]}, "properties": {"kind": "tree", "name": ""}}, {"type": "Feature", "geometry": {"type": "Point", "coordinates": [106.8208291, -6.185487]}, "properties": {"kind": "green_area", "name": ""}}, {"type": "Feature", "geometry": {"type": "Point", "coordinates": [106.8176338, -6.1838355]}, "properties": {"kind": "green_area", "name": ""}}, {"type": "Feature", "geometry": {"type": "Point", "coordinates": [106.8102926, -6.1934161]}, "properties": {"kind": "green_area", "name": ""}}, {"type": "Feature", "geometry": {"type": "Point", "coordinates": [106.8097067, -6.1935092]}, "properties": {"kind": "green_area", "name": ""}}, {"type": "Feature", "geometry": {"type": "Point", "coordinates": [106.758102, -6.2240386]}, "properties": {"kind": "green_area", "name": ""}}, {"type": "Feature", "geometry": {"type": "Point", "coordinates": [106.7640913, -6.2109489]}, "properties": {"kind": "green_area", "name": "Hutan Kota Srengseng"}}, {"type": "Feature", "geometry": {"type": "Point", "coordinates": [106.755816, -6.2106062]}, "properties": {"kind": "green_area", "name": ""}}, {"type": "Feature", "geometry": {"type": "Point", "coordinates": [106.7601954, -6.2021299]}, "properties": {"kind": "green_area", "name": ""}}, {"type": "Feature", "geometry": {"type": "Point", "coordinates": [106.757074, -6.1990702]}, "properties": {"kind": "green_area", "name": ""}}, {"type": "Feature", "geometry": {"type": "Point", "coordinates": [106.7543663, -6.1936105]}, "properties": {"kind": "green_area", "name": ""}}, {"type": "Feature", "geometry": {"type": "Point", "coordinates": [106.7509424, -6.1949277]}, "properties": {"kind": "green_area", "name": "Taman Pasar Aries"}}, {"type": "Feature", "geometry": {"type": "Point", "coordinates": [106.7478315, -6.1980215]}, "properties": {"kind": "green_area", "name": "Intercon Park"}}, {"type": "Feature", "geometry": {"type": "Point", "coordinates": [106.7497312, -6.1969326]}, "properties": {"kind": "green_area", "name": ""}}, {"type": "Feature", "geometry": {"type": "Point", "coordinates": [106.7460628, -6.1961677]}, "properties": {"kind": "green_area", "name": ""}}, {"type": "Feature", "geometry": {"type": "Point", "coordinates": [106.7450085, -6.1964877]}, "properties": {"kind": "green_area", "name": "Aries Ayu Park"}}, {"type": "Feature", "geometry": {"type": "Point", "coordinates": [106.7475385, -6.1941481]}, "properties": {"kind": "green_area", "name": ""}}, {"type": "Feature", "geometry": {"type": "Point", "coordinates": [106.7458812, -6.1939076]}, "properties": {"kind": "green_area", "name": ""}}, {"type": "Feature", "geometry": {"type": "Point", "coordinates": [106.7468123, -6.1942805]}, "properties": {"kind": "green_area", "name": ""}}, {"type": "Feature", "geometry": {"type": "Point", "coordinates": [106.7447921, -6.2012748]}, "properties": {"kind": "green_area", "name": ""}}, {"type": "Feature", "geometry": {"type": "Point", "coordinates": [106.7446061, -6.1944811]}, "properties": {"kind": "green_area", "name": ""}}, {"type": "Feature", "geometry": {"type": "Point", "coordinates": [106.7441524, -6.1966729]}, "properties": {"kind": "green_area", "name": "Taman"}}, {"type": "Feature", "geometry": {"type": "Point", "coordinates": [106.7460401, -6.2012501]}, "properties": {"kind": "green_area", "name": ""}}, {"type": "Feature", "geometry": {"type": "Point", "coordinates": [106.7370272, -6.1959506]}, "properties": {"kind": "green_area", "name": ""}}, {"type": "Feature", "geometry": {"type": "Point", "coordinates": [106.7369362, -6.2010335]}, "properties": {"kind": "green_area", "name": "RPTRA Meruya Utara"}}, {"type": "Feature", "geometry": {"type": "Point", "coordinates": [106.7417576, -6.1938715]}, "properties": {"kind": "green_area", "name": ""}}, {"type": "Feature", "geometry": {"type": "Point", "coordinates": [106.7421369, -6.1922025]}, "properties": {"kind": "green_area", "name": ""}}, {"type": "Feature", "geometry": {"type": "Point", "coordinates": [106.7448323, -6.1937525]}, "properties": {"kind": "green_area", "name": ""}}, {"type": "Feature", "geometry": {"type": "Point", "coordinates": [106.7979417, -6.2348641]}, "properties": {"kind": "green_area", "name": ""}}, {"type": "Feature", "geometry": {"type": "Point", "coordinates": [106.7996031, -6.2328747]}, "properties": {"kind": "green_area", "name": "Taman Mataram"}}, {"type": "Feature", "geometry": {"type": "Point", "coordinates": [106.7944097, -6.2361404]}, "properties": {"kind": "green_area", "name": "Taman"}}, {"type": "Feature", "geometry": {"type": "Point", "coordinates": [106.7973118, -6.2348541]}, "properties": {"kind": "green_area", "name": "Taman Hang Tuah"}}, {"type": "Feature", "geometry": {"type": "Point", "coordinates": [106.800876, -6.2343256]}, "properties": {"kind": "green_area", "name": "Taman Raden Patah"}}, {"type": "Feature", "geometry": {"type": "Point", "coordinates": [106.8012717, -6.2355801]}, "properties": {"kind": "green_area", "name": "PUPR Park"}}, {"type": "Feature", "geometry": {"type": "Point", "coordinates": [106.8095872, -6.2244545]}, "properties": {"kind": "tree", "name": ""}}, {"type": "Feature", "geometry": {"type": "Point", "coordinates": [106.8095286, -6.2245413]}, "properties": {"kind": "tree", "name": ""}}, {"type": "Feature", "geometry": {"type": "Point", "coordinates": [106.8094775, -6.2245265]}, "properties": {"kind": "tree", "name": ""}}, {"type": "Feature", "geometry": {"type": "Point", "coordinates": [106.8096851, -6.2245349]}, "properties": {"kind": "tree", "name": ""}}, {"type": "Feature", "geometry": {"type": "Point", "coordinates": [106.8097436, -6.2245688]}, "properties": {"kind": "tree", "name": ""}}, {"type": "Feature", "geometry": {"type": "Point", "coordinates": [106.8099631, -6.2245594]}, "properties": {"kind": "tree", "name": ""}}, {"type": "Feature", "geometry": {"type": "Point", "coordinates": [106.8099209, -6.2245787]}, "properties": {"kind": "tree", "name": ""}}, {"type": "Feature", "geometry": {"type": "Point", "coordinates": [106.8109733, -6.2195516]}, "properties": {"kind": "green_area", "name": ""}}, {"type": "Feature", "geometry": {"type": "Point", "coordinates": [106.8216259, -6.1933499]}, "properties": {"kind": "tree", "name": ""}}, {"type": "Feature", "geometry": {"type": "Point", "coordinates": [106.8216493, -6.193372]}, "properties": {"kind": "tree", "name": ""}}, {"type": "Feature", "geometry": {"type": "Point", "coordinates": [106.8216085, -6.1934017]}, "properties": {"kind": "tree", "name": ""}}, {"type": "Feature", "geometry": {"type": "Point", "coordinates": [106.821912, -6.1933539]}, "properties": {"kind": "tree", "name": ""}}, {"type": "Feature", "geometry": {"type": "Point", "coordinates": [106.8219568, -6.1933539]}, "properties": {"kind": "tree", "name": ""}}, {"type": "Feature", "geometry": {"type": "Point", "coordinates": [106.8211786, -6.1937291]}, "properties": {"kind": "tree", "name": ""}}, {"type": "Feature", "geometry": {"type": "Point", "coordinates": [106.8216058, -6.1934382]}, "properties": {"kind": "tree", "name": ""}}, {"type": "Feature", "geometry": {"type": "Point", "coordinates": [106.8219731, -6.1933836]}, "properties": {"kind": "tree", "name": ""}}, {"type": "Feature", "geometry": {"type": "Point", "coordinates": [106.8215718, -6.1934625]}, "properties": {"kind": "tree", "name": ""}}, {"type": "Feature", "geometry": {"type": "Point", "coordinates": [106.8219419, -6.1933904]}, "properties": {"kind": "tree", "name": ""}}, {"type": "Feature", "geometry": {"type": "Point", "coordinates": [106.8212052, -6.1938218]}, "properties": {"kind": "tree", "name": ""}}, {"type": "Feature", "geometry": {"type": "Point", "coordinates": [106.8219079, -6.1934039]}, "properties": {"kind": "tree", "name": ""}}, {"type": "Feature", "geometry": {"type": "Point", "coordinates": [106.8215732, -6.1934923]}, "properties": {"kind": "tree", "name": ""}}, {"type": "Feature", "geometry": {"type": "Point", "coordinates": [106.8215227, -6.1934511]}, "properties": {"kind": "tree", "name": ""}}, {"type": "Feature", "geometry": {"type": "Point", "coordinates": [106.8219473, -6.1934215]}, "properties": {"kind": "tree", "name": ""}}, {"type": "Feature", "geometry": {"type": "Point", "coordinates": [106.8219799, -6.1934242]}, "properties": {"kind": "tree", "name": ""}}, {"type": "Feature", "geometry": {"type": "Point", "coordinates": [106.8211805, -6.1937726]}, "properties": {"kind": "tree", "name": ""}}, {"type": "Feature", "geometry": {"type": "Point", "coordinates": [106.821599, -6.1935098]}, "properties": {"kind": "tree", "name": ""}}, {"type": "Feature", "geometry": {"type": "Point", "coordinates": [106.8215216, -6.1934823]}, "properties": {"kind": "tree", "name": ""}}, {"type": "Feature", "geometry": {"type": "Point", "coordinates": [106.8215516, -6.193438]}, "properties": {"kind": "tree", "name": ""}}, {"type": "Feature", "geometry": {"type": "Point", "coordinates": [106.8215784, -6.1933788]}, "properties": {"kind": "tree", "name": ""}}, {"type": "Feature", "geometry": {"type": "Point", "coordinates": [106.8215476, -6.1935106]}, "properties": {"kind": "tree", "name": ""}}, {"type": "Feature", "geometry": {"type": "Point", "coordinates": [106.8215417, -6.1934112]}, "properties": {"kind": "tree", "name": ""}}, {"type": "Feature", "geometry": {"type": "Point", "coordinates": [106.8215699, -6.1935283]}, "properties": {"kind": "tree", "name": ""}}, {"type": "Feature", "geometry": {"type": "Point", "coordinates": [106.821168, -6.1936126]}, "properties": {"kind": "tree", "name": ""}}, {"type": "Feature", "geometry": {"type": "Point", "coordinates": [106.8211667, -6.1936518]}, "properties": {"kind": "tree", "name": ""}}, {"type": "Feature", "geometry": {"type": "Point", "coordinates": [106.8211816, -6.1936801]}, "properties": {"kind": "tree", "name": ""}}, {"type": "Feature", "geometry": {"type": "Point", "coordinates": [106.8212306, -6.1936801]}, "properties": {"kind": "tree", "name": ""}}, {"type": "Feature", "geometry": {"type": "Point", "coordinates": [106.8212346, -6.1937585]}, "properties": {"kind": "tree", "name": ""}}, {"type": "Feature", "geometry": {"type": "Point", "coordinates": [106.8212686, -6.1937694]}, "properties": {"kind": "tree", "name": ""}}, {"type": "Feature", "geometry": {"type": "Point", "coordinates": [106.8212197, -6.1937815]}, "properties": {"kind": "tree", "name": ""}}, {"type": "Feature", "geometry": {"type": "Point", "coordinates": [106.8213257, -6.1937856]}, "properties": {"kind": "tree", "name": ""}}, {"type": "Feature", "geometry": {"type": "Point", "coordinates": [106.8195216, -6.1943868]}, "properties": {"kind": "tree", "name": ""}}, {"type": "Feature", "geometry": {"type": "Point", "coordinates": [106.820009, -6.1944775]}, "properties": {"kind": "tree", "name": ""}}, {"type": "Feature", "geometry": {"type": "Point", "coordinates": [106.8200511, -6.1944923]}, "properties": {"kind": "tree", "name": ""}}, {"type": "Feature", "geometry": {"type": "Point", "coordinates": [106.8203054, -6.1945302]}, "properties": {"kind": "tree", "name": ""}}, {"type": "Feature", "geometry": {"type": "Point", "coordinates": [106.8202512, -6.1942466]}, "properties": {"kind": "tree", "name": ""}}, {"type": "Feature", "geometry": {"type": "Point", "coordinates": [106.8226997, -6.1905789]}, "properties": {"kind": "tree", "name": ""}}, {"type": "Feature", "geometry": {"type": "Point", "coordinates": [106.8226984, -6.1906215]}, "properties": {"kind": "tree", "name": ""}}, {"type": "Feature", "geometry": {"type": "Point", "coordinates": [106.8226984, -6.1906748]}, "properties": {"kind": "tree", "name": ""}}, {"type": "Feature", "geometry": {"type": "Point", "coordinates": [106.8226897, -6.1907437]}, "properties": {"kind": "tree", "name": ""}}, {"type": "Feature", "geometry": {"type": "Point", "coordinates": [106.822686, -6.1908649]}, "properties": {"kind": "tree", "name": ""}}, {"type": "Feature", "geometry": {"type": "Point", "coordinates": [106.8226958, -6.1910782]}, "properties": {"kind": "tree", "name": ""}}, {"type": "Feature", "geometry": {"type": "Point", "coordinates": [106.8226655, -6.1909189]}, "properties": {"kind": "tree", "name": ""}}, {"type": "Feature", "geometry": {"type": "Point", "coordinates": [106.8227548, -6.1913472]}, "properties": {"kind": "tree", "name": ""}}, {"type": "Feature", "geometry": {"type": "Point", "coordinates": [106.8227356, -6.1913873]}, "properties": {"kind": "tree", "name": ""}}, {"type": "Feature", "geometry": {"type": "Point", "coordinates": [106.8227606, -6.1914609]}, "properties": {"kind": "tree", "name": ""}}, {"type": "Feature", "geometry": {"type": "Point", "coordinates": [106.8227395, -6.1914753]}, "properties": {"kind": "tree", "name": ""}}, {"type": "Feature", "geometry": {"type": "Point", "coordinates": [106.8227616, -6.1915565]}, "properties": {"kind": "tree", "name": ""}}, {"type": "Feature", "geometry": {"type": "Point", "coordinates": [106.8227327, -6.1915785]}, "properties": {"kind": "tree", "name": ""}}, {"type": "Feature", "geometry": {"type": "Point", "coordinates": [106.8227587, -6.1916119]}, "properties": {"kind": "tree", "name": ""}}, {"type": "Feature", "geometry": {"type": "Point", "coordinates": [106.8227528, -6.1919675]}, "properties": {"kind": "tree", "name": ""}}, {"type": "Feature", "geometry": {"type": "Point", "coordinates": [106.8227514, -6.1920419]}, "properties": {"kind": "tree", "name": ""}}, {"type": "Feature", "geometry": {"type": "Point", "coordinates": [106.8227507, -6.1921196]}, "properties": {"kind": "tree", "name": ""}}, {"type": "Feature", "geometry": {"type": "Point", "coordinates": [106.820223, -6.1946715]}, "properties": {"kind": "tree", "name": ""}}, {"type": "Feature", "geometry": {"type": "Point", "coordinates": [106.8201828, -6.1946649]}, "properties": {"kind": "tree", "name": ""}}, {"type": "Feature", "geometry": {"type": "Point", "coordinates": [106.8201009, -6.1946604]}, "properties": {"kind": "tree", "name": ""}}, {"type": "Feature", "geometry": {"type": "Point", "coordinates": [106.8198793, -6.1942818]}, "properties": {"kind": "tree", "name": ""}}, {"type": "Feature", "geometry": {"type": "Point", "coordinates": [106.8199436, -6.1943071]}, "properties": {"kind": "tree", "name": ""}}, {"type": "Feature", "geometry": {"type": "Point", "coordinates": [106.8200067, -6.1943165]}, "properties": {"kind": "tree", "name": ""}}, {"type": "Feature", "geometry": {"type": "Point", "coordinates": [106.8200684, -6.1943271]}, "properties": {"kind": "tree", "name": ""}}, {"type": "Feature", "geometry": {"type": "Point", "coordinates": [106.8201274, -6.1943378]}, "properties": {"kind": "tree", "name": ""}}, {"type": "Feature", "geometry": {"type": "Point", "coordinates": [106.8201783, -6.1943471]}, "properties": {"kind": "tree", "name": ""}}, {"type": "Feature", "geometry": {"type": "Point", "coordinates": [106.8202615, -6.1943591]}, "properties": {"kind": "tree", "name": ""}}, {"type": "Feature", "geometry": {"type": "Point", "coordinates": [106.8203272, -6.1943791]}, "properties": {"kind": "tree", "name": ""}}, {"type": "Feature", "geometry": {"type": "Point", "coordinates": [106.8204023, -6.1943871]}, "properties": {"kind": "tree", "name": ""}}, {"type": "Feature", "geometry": {"type": "Point", "coordinates": [106.8205069, -6.1943858]}, "properties": {"kind": "tree", "name": ""}}, {"type": "Feature", "geometry": {"type": "Point", "coordinates": [106.8205498, -6.1940432]}, "properties": {"kind": "tree", "name": ""}}, {"type": "Feature", "geometry": {"type": "Point", "coordinates": [106.82244, -6.1921636]}, "properties": {"kind": "green_area", "name": ""}}, {"type": "Feature", "geometry": {"type": "Point", "coordinates": [106.8223713, -6.1914016]}, "properties": {"kind": "green_area", "name": ""}}, {"type": "Feature", "geometry": {"type": "Point", "coordinates": [106.8201462, -6.194665]}, "properties": {"kind": "green_area", "name": ""}}, {"type": "Feature", "geometry": {"type": "Point", "coordinates": [106.8353851, -6.1781996]}, "properties": {"kind": "tree", "name": ""}}, {"type": "Feature", "geometry": {"type": "Point", "coordinates": [106.8358237, -6.1779476]}, "properties": {"kind": "tree", "name": ""}}, {"type": "Feature", "geometry": {"type": "Point", "coordinates": [106.8351008, -6.1776236]}, "properties": {"kind": "tree", "name": ""}}, {"type": "Feature", "geometry": {"type": "Point", "coordinates": [106.835774, -6.1775396]}, "properties": {"kind": "tree", "name": ""}}, {"type": "Feature", "geometry": {"type": "Point", "coordinates": [106.8362555, -6.1770036]}, "properties": {"kind": "tree", "name": ""}}, {"type": "Feature", "geometry": {"type": "Point", "coordinates": [106.8365638, -6.1781937]}, "properties": {"kind": "green_area", "name": ""}}, {"type": "Feature", "geometry": {"type": "Point", "coordinates": [106.8364129, -6.1783219]}, "properties": {"kind": "green_area", "name": ""}}, {"type": "Feature", "geometry": {"type": "Point", "coordinates": [106.8362039, -6.1783864]}, "properties": {"kind": "green_area", "name": ""}}, {"type": "Feature", "geometry": {"type": "Point", "coordinates": [106.8360794, -6.1773392]}, "properties": {"kind": "green_area", "name": ""}}, {"type": "Feature", "geometry": {"type": "Point", "coordinates": [106.8358468, -6.1822359]}, "properties": {"kind": "green_area", "name": ""}}, {"type": "Feature", "geometry": {"type": "Point", "coordinates": [106.838712, -6.1811382]}, "properties": {"kind": "green_area", "name": ""}}, {"type": "Feature", "geometry": {"type": "Point", "coordinates": [106.8080456, -6.2272774]}, "properties": {"kind": "green_area", "name": ""}}, {"type": "Feature", "geometry": {"type": "Point", "coordinates": [106.8016413, -6.2328127]}, "properties": {"kind": "green_area", "name": "Taman Mataram"}}, {"type": "Feature", "geometry": {"type": "Point", "coordinates": [106.8020399, -6.2337434]}, "properties": {"kind": "green_area", "name": "Taman Sriwijaya"}}, {"type": "Feature", "geometry": {"type": "Point", "coordinates": [106.8037936, -6.2368026]}, "properties": {"kind": "green_area", "name": "Taman Senjaya 2"}}, {"type": "Feature", "geometry": {"type": "Point", "coordinates": [106.8098533, -6.2248004]}, "properties": {"kind": "tree", "name": ""}}, {"type": "Feature", "geometry": {"type": "Point", "coordinates": [106.8096902, -6.2249634]}, "properties": {"kind": "tree", "name": ""}}, {"type": "Feature", "geometry": {"type": "Point", "coordinates": [106.8097156, -6.225007]}, "properties": {"kind": "tree", "name": ""}}, {"type": "Feature", "geometry": {"type": "Point", "coordinates": [106.8097578, -6.2250465]}, "properties": {"kind": "tree", "name": ""}}, {"type": "Feature", "geometry": {"type": "Point", "coordinates": [106.8098076, -6.2250625]}, "properties": {"kind": "tree", "name": ""}}, {"type": "Feature", "geometry": {"type": "Point", "coordinates": [106.8098567, -6.2250683]}, "properties": {"kind": "tree", "name": ""}}, {"type": "Feature", "geometry": {"type": "Point", "coordinates": [106.8099192, -6.2250549]}, "properties": {"kind": "tree", "name": ""}}, {"type": "Feature", "geometry": {"type": "Point", "coordinates": [106.8099741, -6.2250263]}, "properties": {"kind": "tree", "name": ""}}, {"type": "Feature", "geometry": {"type": "Point", "coordinates": [106.8100138, -6.2249676]}, "properties": {"kind": "tree", "name": ""}}, {"type": "Feature", "geometry": {"type": "Point", "coordinates": [106.8100183, -6.2249164]}, "properties": {"kind": "tree", "name": ""}}, {"type": "Feature", "geometry": {"type": "Point", "coordinates": [106.809998, -6.224873]}, "properties": {"kind": "tree", "name": ""}}, {"type": "Feature", "geometry": {"type": "Point", "coordinates": [106.8099618, -6.2248344]}, "properties": {"kind": "tree", "name": ""}}, {"type": "Feature", "geometry": {"type": "Point", "coordinates": [106.8099129, -6.2248095]}, "properties": {"kind": "tree", "name": ""}}, {"type": "Feature", "geometry": {"type": "Point", "coordinates": [106.8098096, -6.2248085]}, "properties": {"kind": "tree", "name": ""}}, {"type": "Feature", "geometry": {"type": "Point", "coordinates": [106.8097479, -6.2248307]}, "properties": {"kind": "tree", "name": ""}}, {"type": "Feature", "geometry": {"type": "Point", "coordinates": [106.8097096, -6.2248645]}, "properties": {"kind": "tree", "name": ""}}, {"type": "Feature", "geometry": {"type": "Point", "coordinates": [106.8096803, -6.224919]}, "properties": {"kind": "tree", "name": ""}}, {"type": "Feature", "geometry": {"type": "Point", "coordinates": [106.8102515, -6.2250102]}, "properties": {"kind": "tree", "name": ""}}, {"type": "Feature", "geometry": {"type": "Point", "coordinates": [106.8102133, -6.2249856]}, "properties": {"kind": "tree", "name": ""}}, {"type": "Feature", "geometry": {"type": "Point", "coordinates": [106.8102582, -6.2249129]}, "properties": {"kind": "tree", "name": ""}}, {"type": "Feature", "geometry": {"type": "Point", "coordinates": [106.8102354, -6.2248902]}, "properties": {"kind": "tree", "name": ""}}, {"type": "Feature", "geometry": {"type": "Point", "coordinates": [106.8098119, -6.2254496]}, "properties": {"kind": "tree", "name": ""}}, {"type": "Feature", "geometry": {"type": "Point", "coordinates": [106.8099285, -6.2252455]}, "properties": {"kind": "tree", "name": ""}}, {"type": "Feature", "geometry": {"type": "Point", "coordinates": [106.8099251, -6.2252136]}, "properties": {"kind": "tree", "name": ""}}, {"type": "Feature", "geometry": {"type": "Point", "coordinates": [106.8097308, -6.2252598]}, "properties": {"kind": "tree", "name": ""}}, {"type": "Feature", "geometry": {"type": "Point", "coordinates": [106.8097257, -6.2252195]}, "properties": {"kind": "tree", "name": ""}}, {"type": "Feature", "geometry": {"type": "Point", "coordinates": [106.8099403, -6.225416]}, "properties": {"kind": "tree", "name": ""}}, {"type": "Feature", "geometry": {"type": "Point", "coordinates": [106.8198484, -6.1817202]}, "properties": {"kind": "green_area", "name": ""}}, {"type": "Feature", "geometry": {"type": "Point", "coordinates": [106.8205806, -6.1808743]}, "properties": {"kind": "green_area", "name": ""}}, {"type": "Feature", "geometry": {"type": "Point", "coordinates": [106.8195938, -6.1805831]}, "properties": {"kind": "green_area", "name": ""}}, {"type": "Feature", "geometry": {"type": "Point", "coordinates": [106.8292527, -6.175843]}, "properties": {"kind": "tree", "name": ""}}, {"type": "Feature", "geometry": {"type": "Point", "coordinates": [106.8292077, -6.1758552]}, "properties": {"kind": "tree", "name": ""}}, {"type": "Feature", "geometry": {"type": "Point", "coordinates": [106.8292633, -6.1759041]}, "properties": {"kind": "tree", "name": ""}}, {"type": "Feature", "geometry": {"type": "Point", "coordinates": [106.8292, -6.1759039]}, "properties": {"kind": "tree", "name": ""}}, {"type": "Feature", "geometry": {"type": "Point", "coordinates": [106.8292502, -6.1759608]}, "properties": {"kind": "tree", "name": ""}}, {"type": "Feature", "geometry": {"type": "Point", "coordinates": [106.8291971, -6.1759655]}, "properties": {"kind": "tree", "name": ""}}, {"type": "Feature", "geometry": {"type": "Point", "coordinates": [106.8292117, -6.1760278]}, "properties": {"kind": "tree", "name": ""}}, {"type": "Feature", "geometry": {"type": "Point", "coordinates": [106.8292534, -6.1761001]}, "properties": {"kind": "tree", "name": ""}}, {"type": "Feature", "geometry": {"type": "Point", "coordinates": [106.8291895, -6.1761036]}, "properties": {"kind": "tree", "name": ""}}, {"type": "Feature", "geometry": {"type": "Point", "coordinates": [106.8292353, -6.1761527]}, "properties": {"kind": "tree", "name": ""}}, {"type": "Feature", "geometry": {"type": "Point", "coordinates": [106.8291865, -6.1762205]}, "properties": {"kind": "tree", "name": ""}}, {"type": "Feature", "geometry": {"type": "Point", "coordinates": [106.8292385, -6.1762216]}, "properties": {"kind": "tree", "name": ""}}, {"type": "Feature", "geometry": {"type": "Point", "coordinates": [106.8292464, -6.176285]}, "properties": {"kind": "tree", "name": ""}}, {"type": "Feature", "geometry": {"type": "Point", "coordinates": [106.8292492, -6.1763434]}, "properties": {"kind": "tree", "name": ""}}, {"type": "Feature", "geometry": {"type": "Point", "coordinates": [106.8291923, -6.1762793]}, "properties": {"kind": "tree", "name": ""}}, {"type": "Feature", "geometry": {"type": "Point", "coordinates": [106.8291949, -6.1763488]}, "properties": {"kind": "tree", "name": ""}}, {"type": "Feature", "geometry": {"type": "Point", "coordinates": [106.8292422, -6.1764082]}, "properties": {"kind": "tree", "name": ""}}, {"type": "Feature", "geometry": {"type": "Point", "coordinates": [106.8292452, -6.1764638]}, "properties": {"kind": "tree", "name": ""}}, {"type": "Feature", "geometry": {"type": "Point", "coordinates": [106.8291918, -6.1765064]}, "properties": {"kind": "tree", "name": ""}}, {"type": "Feature", "geometry": {"type": "Point", "coordinates": [106.829243, -6.1765257]}, "properties": {"kind": "tree", "name": ""}}, {"type": "Feature", "geometry": {"type": "Point", "coordinates": [106.8291948, -6.1765677]}, "properties": {"kind": "tree", "name": ""}}, {"type": "Feature", "geometry": {"type": "Point", "coordinates": [106.8292431, -6.1765866]}, "properties": {"kind": "tree", "name": ""}}, {"type": "Feature", "geometry": {"type": "Point", "coordinates": [106.8291745, -6.1766419]}, "properties": {"kind": "tree", "name": ""}}, {"type": "Feature", "geometry": {"type": "Point", "coordinates": [106.8292408, -6.1766503]}, "properties": {"kind": "tree", "name": ""}}, {"type": "Feature", "geometry": {"type": "Point", "coordinates": [106.8291569, -6.1766869]}, "properties": {"kind": "tree", "name": ""}}, {"type": "Feature", "geometry": {"type": "Point", "coordinates": [106.8292062, -6.1767145]}, "properties": {"kind": "tree", "name": ""}}, {"type": "Feature", "geometry": {"type": "Point", "coordinates": [106.8291254, -6.1767349]}, "properties": {"kind": "tree", "name": ""}}, {"type": "Feature", "geometry": {"type": "Point", "coordinates": [106.8291673, -6.1767664]}, "properties": {"kind": "tree", "name": ""}}, {"type": "Feature", "geometry": {"type": "Point", "coordinates": [106.8291023, -6.1767711]}, "properties": {"kind": "tree", "name": ""}}, {"type": "Feature", "geometry": {"type": "Point", "coordinates": [106.8291486, -6.1768049]}, "properties": {"kind": "tree", "name": ""}}, {"type": "Feature", "geometry": {"type": "Point", "coordinates": [106.8290871, -6.1768633]}, "properties": {"kind": "tree", "name": ""}}, {"type": "Feature", "geometry": {"type": "Point", "coordinates": [106.8290927, -6.1759714]}, "properties": {"kind": "tree", "name": ""}}, {"type": "Feature", "geometry": {"type": "Point", "coordinates": [106.8287944, -6.1760181]}, "properties": {"kind": "tree", "name": ""}}, {"type": "Feature", "geometry": {"type": "Point", "coordinates": [106.8287954, -6.1762294]}, "properties": {"kind": "tree", "name": ""}}, {"type": "Feature", "geometry": {"type": "Point", "coordinates": [106.8287943, -6.1764035]}, "properties": {"kind": "tree", "name": ""}}, {"type": "Feature", "geometry": {"type": "Point", "coordinates": [106.8289286, -6.1765623]}, "properties": {"kind": "tree", "name": ""}}, {"type": "Feature", "geometry": {"type": "Point", "coordinates": [106.8290519, -6.1766754]}, "properties": {"kind": "tree", "name": ""}}, {"type": "Feature", "geometry": {"type": "Point", "coordinates": [106.8289328, -6.1767138]}, "properties": {"kind": "tree", "name": ""}}, {"type": "Feature", "geometry": {"type": "Point", "coordinates": [106.8286759, -6.1768662]}, "properties": {"kind": "tree", "name": ""}}, {"type": "Feature", "geometry": {"type": "Point", "coordinates": [106.8286282, -6.1769163]}, "properties": {"kind": "tree", "name": ""}}, {"type": "Feature", "geometry": {"type": "Point", "coordinates": [106.8287505, -6.1769392]}, "properties": {"kind": "tree", "name": ""}}, {"type": "Feature", "geometry": {"type": "Point", "coordinates": [106.8294183, -6.1759172]}, "properties": {"kind": "tree", "name": ""}}, {"type": "Feature", "geometry": {"type": "Point", "coordinates": [106.8294176, -6.1758554]}, "properties": {"kind": "tree", "name": ""}}, {"type": "Feature", "geometry": {"type": "Point", "coordinates": [106.8294263, -6.1759772]}, "properties": {"kind": "tree", "name": ""}}, {"type": "Feature", "geometry": {"type": "Point", "coordinates": [106.8295063, -6.1758371]}, "properties": {"kind": "tree", "name": ""}}, {"type": "Feature", "geometry": {"type": "Point", "coordinates": [106.8295451, -6.1758357]}, "properties": {"kind": "tree", "name": ""}}, {"type": "Feature", "geometry": {"type": "Point", "coordinates": [106.8295871, -6.1758357]}, "properties": {"kind": "tree", "name": ""}}, {"type": "Feature", "geometry": {"type": "Point", "coordinates": [106.8296322, -6.1758366]}, "properties": {"kind": "tree", "name": ""}}, {"type": "Feature", "geometry": {"type": "Point", "coordinates": [106.8296814, -6.1758375]}, "properties": {"kind": "tree", "name": ""}}, {"type": "Feature", "geometry": {"type": "Point", "coordinates": [106.8297224, -6.1758384]}, "properties": {"kind": "tree", "name": ""}}, {"type": "Feature", "geometry": {"type": "Point", "coordinates": [106.8297675, -6.1758406]}, "properties": {"kind": "tree", "name": ""}}, {"type": "Feature", "geometry": {"type": "Point", "coordinates": [106.8298171, -6.1758424]}, "properties": {"kind": "tree", "name": ""}}, {"type": "Feature", "geometry": {"type": "Point", "coordinates": [106.8294256, -6.1760343]}, "properties": {"kind": "tree", "name": ""}}, {"type": "Feature", "geometry": {"type": "Point", "coordinates": [106.8294277, -6.1761138]}, "properties": {"kind": "tree", "name": ""}}, {"type": "Feature", "geometry": {"type": "Point", "coordinates": [106.8294256, -6.1762871]}, "properties": {"kind": "tree", "name": ""}}, {"type": "Feature", "geometry": {"type": "Point", "coordinates": [106.8294202, -6.1763538]}, "properties": {"kind": "tree", "name": ""}}, {"type": "Feature", "geometry": {"type": "Point", "coordinates": [106.8294234, -6.1764151]}, "properties": {"kind": "tree", "name": ""}}, {"type": "Feature", "geometry": {"type": "Point", "coordinates": [106.8294207, -6.1764775]}, "properties": {"kind": "tree", "name": ""}}, {"type": "Feature", "geometry": {"type": "Point", "coordinates": [106.8294245, -6.1765362]}, "properties": {"kind": "tree", "name": ""}}, {"type": "Feature", "geometry": {"type": "Point", "coordinates": [106.8294181, -6.176597]}, "properties": {"kind": "tree", "name": ""}}, {"type": "Feature", "geometry": {"type": "Point", "coordinates": [106.8294106, -6.1766695]}, "properties": {"kind": "tree", "name": ""}}, {"type": "Feature", "geometry": {"type": "Point", "coordinates": [106.8293945, -6.1767367]}, "properties": {"kind": "tree", "name": ""}}, {"type": "Feature", "geometry": {"type": "Point", "coordinates": [106.8293762, -6.1767762]}, "properties": {"kind": "tree", "name": ""}}, {"type": "Feature", "geometry": {"type": "Point", "coordinates": [106.8293344, -6.1768311]}, "properties": {"kind": "tree", "name": ""}}, {"type": "Feature", "geometry": {"type": "Point", "coordinates": [106.8292815, -6.1769625]}, "properties": {"kind": "tree", "name": ""}}, {"type": "Feature", "geometry": {"type": "Point", "coordinates": [106.8293201, -6.1769945]}, "properties": {"kind": "tree", "name": ""}}, {"type": "Feature", "geometry": {"type": "Point", "coordinates": [106.829348, -6.1770281]}, "properties": {"kind": "tree", "name": ""}}, {"type": "Feature", "geometry": {"type": "Point", "coordinates": [106.8292332, -6.1770436]}, "properties": {"kind": "tree", "name": ""}}, {"type": "Feature", "geometry": {"type": "Point", "coordinates": [106.8310073, -6.1757779]}, "properties": {"kind": "tree", "name": ""}}, {"type": "Feature", "geometry": {"type": "Point", "coordinates": [106.8310259, -6.1758275]}, "properties": {"kind": "tree", "name": ""}}, {"type": "Feature", "geometry": {"type": "Point", "coordinates": [106.8306872, -6.1758329]}, "properties": {"kind": "tree", "name": ""}}, {"type": "Feature", "geometry": {"type": "Point", "coordinates": [106.8307412, -6.1757266]}, "properties": {"kind": "tree", "name": ""}}, {"type": "Feature", "geometry": {"type": "Point", "coordinates": [106.8306736, -6.1755181]}, "properties": {"kind": "tree", "name": ""}}, {"type": "Feature", "geometry": {"type": "Point", "coordinates": [106.8300839, -6.1756573]}, "properties": {"kind": "tree", "name": ""}}, {"type": "Feature", "geometry": {"type": "Point", "coordinates": [106.8300956, -6.175742]}, "properties": {"kind": "tree", "name": ""}}, {"type": "Feature", "geometry": {"type": "Point", "coordinates": [106.830101, -6.1759748]}, "properties": {"kind": "tree", "name": ""}}, {"type": "Feature", "geometry": {"type": "Point", "coordinates": [106.8301063, -6.1761155]}, "properties": {"kind": "tree", "name": ""}}, {"type": "Feature", "geometry": {"type": "Point", "coordinates": [106.8301244, -6.1762827]}, "properties": {"kind": "tree", "name": ""}}, {"type": "Feature", "geometry": {"type": "Point", "coordinates": [106.830135, -6.1767473]}, "properties": {"kind": "tree", "name": ""}}, {"type": "Feature", "geometry": {"type": "Point", "coordinates": [106.8304107, -6.1769177]}, "properties": {"kind": "tree", "name": ""}}, {"type": "Feature", "geometry": {"type": "Point", "coordinates": [106.8302862, -6.1765388]}, "properties": {"kind": "tree", "name": ""}}, {"type": "Feature", "geometry": {"type": "Point", "coordinates": [106.8301435, -6.1764923]}, "properties": {"kind": "tree", "name": ""}}, {"type": "Feature", "geometry": {"type": "Point", "coordinates": [106.8301457, -6.1765801]}, "properties": {"kind": "tree", "name": ""}}, {"type": "Feature", "geometry": {"type": "Point", "coordinates": [106.8301265, -6.1772563]}, "properties": {"kind": "tree", "name": ""}}, {"type": "Feature", "geometry": {"type": "Point", "coordinates": [106.8302415, -6.177324]}, "properties": {"kind": "tree", "name": ""}}, {"type": "Feature", "geometry": {"type": "Point", "coordinates": [106.8301425, -6.1774013]}, "properties": {"kind": "tree", "name": ""}}, {"type": "Feature", "geometry": {"type": "Point", "coordinates": [106.8321127, -6.1786955]}, "properties": {"kind": "tree", "name": ""}}, {"type": "Feature", "geometry": {"type": "Point", "coordinates": [106.8305317, -6.1752756]}, "properties": {"kind": "tree", "name": ""}}, {"type": "Feature", "geometry": {"type": "Point", "coordinates": [106.8305518, -6.1753623]}, "properties": {"kind": "tree", "name": ""}}, {"type": "Feature", "geometry": {"type": "Point", "coordinates": [106.8305773, -6.1754663]}, "properties": {"kind": "tree", "name": ""}}, {"type": "Feature", "geometry": {"type": "Point", "coordinates": [106.8306255, -6.1756223]}, "properties": {"kind": "tree", "name": ""}}, {"type": "Feature", "geometry": {"type": "Point", "coordinates": [106.8306041, -6.1755516]}, "properties": {"kind": "tree", "name": ""}}, {"type": "Feature", "geometry": {"type": "Point", "coordinates": [106.8306537, -6.175689]}, "properties": {"kind": "tree", "name": ""}}, {"type": "Feature", "geometry": {"type": "Point", "coordinates": [106.8306752, -6.175753]}, "properties": {"kind": "tree", "name": ""}}, {"type": "Feature", "geometry": {"type": "Point", "coordinates": [106.8307033, -6.1758863]}, "properties": {"kind": "tree", "name": ""}}, {"type": "Feature", "geometry": {"type": "Point", "coordinates": [106.830714, -6.1759423]}, "properties": {"kind": "tree", "name": ""}}, {"type": "Feature", "geometry": {"type": "Point", "coordinates": [106.8307449, -6.1760023]}, "properties": {"kind": "tree", "name": ""}}, {"type": "Feature", "geometry": {"type": "Point", "coordinates": [106.830765, -6.176069]}, "properties": {"kind": "tree", "name": ""}}, {"type": "Feature", "geometry": {"type": "Point", "coordinates": [106.8307757, -6.1761316]}, "properties": {"kind": "tree", "name": ""}}, {"type": "Feature", "geometry": {"type": "Point", "coordinates": [106.8308066, -6.176209]}, "properties": {"kind": "tree", "name": ""}}, {"type": "Feature", "geometry": {"type": "Point", "coordinates": [106.8308254, -6.176281]}, "properties": {"kind": "tree", "name": ""}}, {"type": "Feature", "geometry": {"type": "Point", "coordinates": [106.830871, -6.176381]}, "properties": {"kind": "tree", "name": ""}}, {"type": "Feature", "geometry": {"type": "Point", "coordinates": [106.8308964, -6.1764743]}, "properties": {"kind": "tree", "name": ""}}, {"type": "Feature", "geometry": {"type": "Point", "coordinates": [106.8309662, -6.1766756]}, "properties": {"kind": "tree", "name": ""}}, {"type": "Feature", "geometry": {"type": "Point", "coordinates": [106.830997, -6.1767663]}, "properties": {"kind": "tree", "name": ""}}, {"type": "Feature", "geometry": {"type": "Point", "coordinates": [106.8310198, -6.1768383]}, "properties": {"kind": "tree", "name": ""}}, {"type": "Feature", "geometry": {"type": "Point", "coordinates": [106.8310453, -6.176933]}, "properties": {"kind": "tree", "name": ""}}, {"type": "Feature", "geometry": {"type": "Point", "coordinates": [106.8311486, -6.1772676]}, "properties": {"kind": "tree", "name": ""}}, {"type": "Feature", "geometry": {"type": "Point", "coordinates": [106.8311352, -6.177217]}, "properties": {"kind": "tree", "name": ""}}, {"type": "Feature", "geometry": {"type": "Point", "coordinates": [106.831162, -6.1773343]}, "properties": {"kind": "tree", "name": ""}}, {"type": "Feature", "geometry": {"type": "Point", "coordinates": [106.8311861, -6.1774116]}, "properties": {"kind": "tree", "name": ""}}, {"type": "Feature", "geometry": {"type": "Point", "coordinates": [106.8312156, -6.1774996]}, "properties": {"kind": "tree", "name": ""}}, {"type": "Feature", "geometry": {"type": "Point", "coordinates": [106.8312478, -6.1776036]}, "properties": {"kind": "tree", "name": ""}}, {"type": "Feature", "geometry": {"type": "Point", "coordinates": [106.83128, -6.1777049]}, "properties": {"kind": "tree", "name": ""}}, {"type": "Feature", "geometry": {"type": "Point", "coordinates": [106.8313068, -6.1777956]}, "properties": {"kind": "tree", "name": ""}}, {"type": "Feature", "geometry": {"type": "Point", "coordinates": [106.8313444, -6.1779023]}, "properties": {"kind": "tree", "name": ""}}, {"type": "Feature", "geometry": {"type": "Point", "coordinates": [106.8313712, -6.1780063]}, "properties": {"kind": "tree", "name": ""}}, {"type": "Feature", "geometry": {"type": "Point", "coordinates": [106.8312545, -6.1761796]}, "properties": {"kind": "tree", "name": ""}}, {"type": "Feature", "geometry": {"type": "Point", "coordinates": [106.8313591, -6.176161]}, "properties": {"kind": "tree", "name": ""}}, {"type": "Feature", "geometry": {"type": "Point", "coordinates": [106.8314905, -6.176113]}, "properties": {"kind": "tree", "name": ""}}, {"type": "Feature", "geometry": {"type": "Point", "coordinates": [106.8316568, -6.1763036]}, "properties": {"kind": "tree", "name": ""}}, {"type": "Feature", "geometry": {"type": "Point", "coordinates": [106.8321678, -6.176213]}, "properties": {"kind": "tree", "name": ""}}, {"type": "Feature", "geometry": {"type": "Point", "coordinates": [106.8323167, -6.1761823]}, "properties": {"kind": "tree", "name": ""}}, {"type": "Feature", "geometry": {"type": "Point", "coordinates": [106.8322402, -6.1761943]}, "properties": {"kind": "tree", "name": ""}}, {"type": "Feature", "geometry": {"type": "Point", "coordinates": [106.8321088, -6.1762316]}, "properties": {"kind": "tree", "name": ""}}, {"type": "Feature", "geometry": {"type": "Point", "coordinates": [106.831976, -6.1762556]}, "properties": {"kind": "tree", "name": ""}}, {"type": "Feature", "geometry": {"type": "Point", "coordinates": [106.8318325, -6.1762796]}, "properties": {"kind": "tree", "name": ""}}, {"type": "Feature", "geometry": {"type": "Point", "coordinates": [106.8317521, -6.1762836]}, "properties": {"kind": "tree", "name": ""}}, {"type": "Feature", "geometry": {"type": "Point", "coordinates": [106.8313189, -6.1763663]}, "properties": {"kind": "tree", "name": ""}}, {"type": "Feature", "geometry": {"type": "Point", "coordinates": [106.8313725, -6.1763556]}, "properties": {"kind": "tree", "name": ""}}, {"type": "Feature", "geometry": {"type": "Point", "coordinates": [106.8315764, -6.1763036]}, "properties": {"kind": "tree", "name": ""}}, {"type": "Feature", "geometry": {"type": "Point", "coordinates": [106.8316045, -6.176489]}, "properties": {"kind": "tree", "name": ""}}, {"type": "Feature", "geometry": {"type": "Point", "coordinates": [106.8317708, -6.1764596]}, "properties": {"kind": "tree", "name": ""}}, {"type": "Feature", "geometry": {"type": "Point", "coordinates": [106.832027, -6.176429]}, "properties": {"kind": "tree", "name": ""}}, {"type": "Feature", "geometry": {"type": "Point", "coordinates": [106.8322724, -6.176401]}, "properties": {"kind": "tree", "name": ""}}, {"type": "Feature", "geometry": {"type": "Point", "coordinates": [106.8321222, -6.1764156]}, "properties": {"kind": "tree", "name": ""}}, {"type": "Feature", "geometry": {"type": "Point", "coordinates": [106.8319425, -6.1764356]}, "properties": {"kind": "tree", "name": ""}}, {"type": "Feature", "geometry": {"type": "Point", "coordinates": [106.8318366, -6.1764556]}, "properties": {"kind": "tree", "name": ""}}, {"type": "Feature", "geometry": {"type": "Point", "coordinates": [106.8316917, -6.176473]}, "properties": {"kind": "tree", "name": ""}}, {"type": "Feature", "geometry": {"type": "Point", "coordinates": [106.8315616, -6.1765103]}, "properties": {"kind": "tree", "name": ""}}, {"type": "Feature", "geometry": {"type": "Point", "coordinates": [106.8315093, -6.1773463]}, "properties": {"kind": "tree", "name": ""}}, {"type": "Feature", "geometry": {"type": "Point", "coordinates": [106.8315683, -6.1773156]}, "properties": {"kind": "tree", "name": ""}}, {"type": "Feature", "geometry": {"type": "Point", "coordinates": [106.8316126, -6.1772196]}, "properties": {"kind": "tree", "name": ""}}, {"type": "Feature", "geometry": {"type": "Point", "coordinates": [106.8316555, -6.177193]}, "properties": {"kind": "tree", "name": ""}}, {"type": "Feature", "geometry": {"type": "Point", "coordinates": [106.8317132, -6.1772703]}, "properties": {"kind": "tree", "name": ""}}, {"type": "Feature", "geometry": {"type": "Point", "coordinates": [106.8317883, -6.177229]}, "properties": {"kind": "tree", "name": ""}}, {"type": "Feature", "geometry": {"type": "Point", "coordinates": [106.8317252, -6.177121]}, "properties": {"kind": "tree", "name": ""}}, {"type": "Feature", "geometry": {"type": "Point", "coordinates": [106.8316555, -6.1770716]}, "properties": {"kind": "tree", "name": ""}}, {"type": "Feature", "geometry": {"type": "Point", "coordinates": [106.8317306, -6.177069]}, "properties": {"kind": "tree", "name": ""}}, {"type": "Feature", "geometry": {"type": "Point", "coordinates": [106.8318231, -6.177041]}, "properties": {"kind": "tree", "name": ""}}, {"type": "Feature", "geometry": {"type": "Point", "coordinates": [106.8319291, -6.1770143]}, "properties": {"kind": "tree", "name": ""}}, {"type": "Feature", "geometry": {"type": "Point", "coordinates": [106.831972, -6.1770436]}, "properties": {"kind": "tree", "name": ""}}, {"type": "Feature", "geometry": {"type": "Point", "coordinates": [106.8320498, -6.1770796]}, "properties": {"kind": "tree", "name": ""}}, {"type": "Feature", "geometry": {"type": "Point", "coordinates": [106.8319572, -6.1771183]}, "properties": {"kind": "tree", "name": ""}}, {"type": "Feature", "geometry": {"type": "Point", "coordinates": [106.8320417, -6.177145]}, "properties": {"kind": "tree", "name": ""}}, {"type": "Feature", "geometry": {"type": "Point", "coordinates": [106.8319331, -6.177245]}, "properties": {"kind": "tree", "name": ""}}, {"type": "Feature", "geometry": {"type": "Point", "coordinates": [106.8320391, -6.1772316]}, "properties": {"kind": "tree", "name": ""}}, {"type": "Feature", "geometry": {"type": "Point", "coordinates": [106.8319318, -6.1773143]}, "properties": {"kind": "tree", "name": ""}}, {"type": "Feature", "geometry": {"type": "Point", "coordinates": [106.8322617, -6.1773503]}, "properties": {"kind": "tree", "name": ""}}, {"type": "Feature", "geometry": {"type": "Point", "coordinates": [106.8322241, -6.1772076]}, "properties": {"kind": "tree", "name": ""}}, {"type": "Feature", "geometry": {"type": "Point", "coordinates": [106.8322241, -6.1771316]}, "properties": {"kind": "tree", "name": ""}}, {"type": "Feature", "geometry": {"type": "Point", "coordinates": [106.8321665, -6.1770556]}, "properties": {"kind": "tree", "name": ""}}, {"type": "Feature", "geometry": {"type": "Point", "coordinates": [106.8322228, -6.1770343]}, "properties": {"kind": "tree", "name": ""}}, {"type": "Feature", "geometry": {"type": "Point", "coordinates": [106.8325044, -6.176885]}, "properties": {"kind": "tree", "name": ""}}, {"type": "Feature", "geometry": {"type": "Point", "coordinates": [106.8325004, -6.1770023]}, "properties": {"kind": "tree", "name": ""}}, {"type": "Feature", "geometry": {"type": "Point", "coordinates": [106.8323488, -6.1770123]}, "properties": {"kind": "tree", "name": ""}}, {"type": "Feature", "geometry": {"type": "Point", "coordinates": [106.8322885, -6.1768583]}, "properties": {"kind": "tree", "name": ""}}, {"type": "Feature", "geometry": {"type": "Point", "coordinates": [106.8319224, -6.1768876]}, "properties": {"kind": "tree", "name": ""}}, {"type": "Feature", "geometry": {"type": "Point", "coordinates": [106.8317762, -6.1768783]}, "properties": {"kind": "tree", "name": ""}}, {"type": "Feature", "geometry": {"type": "Point", "coordinates": [106.8317051, -6.1768543]}, "properties": {"kind": "tree", "name": ""}}, {"type": "Feature", "geometry": {"type": "Point", "coordinates": [106.831795, -6.176929]}, "properties": {"kind": "tree", "name": ""}}, {"type": "Feature", "geometry": {"type": "Point", "coordinates": [106.8316783, -6.1769383]}, "properties": {"kind": "tree", "name": ""}}, {"type": "Feature", "geometry": {"type": "Point", "coordinates": [106.8314061, -6.1767463]}, "properties": {"kind": "tree", "name": ""}}, {"type": "Feature", "geometry": {"type": "Point", "coordinates": [106.8313806, -6.1766583]}, "properties": {"kind": "tree", "name": ""}}, {"type": "Feature", "geometry": {"type": "Point", "coordinates": [106.8314208, -6.1768476]}, "properties": {"kind": "tree", "name": ""}}, {"type": "Feature", "geometry": {"type": "Point", "coordinates": [106.831449, -6.1769116]}, "properties": {"kind": "tree", "name": ""}}, {"type": "Feature", "geometry": {"type": "Point", "coordinates": [106.8290748, -6.1763314]}, "properties": {"kind": "green_area", "name": ""}}, {"type": "Feature", "geometry": {"type": "Point", "coordinates": [106.8289453, -6.17636]}, "properties": {"kind": "green_area", "name": ""}}, {"type": "Feature", "geometry": {"type": "Point", "coordinates": [106.8290732, -6.1754321]}, "properties": {"kind": "green_area", "name": ""}}, {"type": "Feature", "geometry": {"type": "Point", "coordinates": [106.8290924, -6.1757183]}, "properties": {"kind": "green_area", "name": ""}}, {"type": "Feature", "geometry": {"type": "Point", "coordinates": [106.8296878, -6.1757278]}, "properties": {"kind": "green_area", "name": ""}}, {"type": "Feature", "geometry": {"type": "Point", "coordinates": [106.829301, -6.1764171]}, "properties": {"kind": "green_area", "name": ""}}, {"type": "Feature", "geometry": {"type": "Point", "coordinates": [106.8311775, -6.1766681]}, "properties": {"kind": "green_area", "name": ""}}, {"type": "Feature", "geometry": {"type": "Point", "coordinates": [106.8282334, -6.1733174]}, "properties": {"kind": "tree", "name": ""}}, {"type": "Feature", "geometry": {"type": "Point", "coordinates": [106.8281736, -6.1733243]}, "properties": {"kind": "tree", "name": ""}}, {"type": "Feature", "geometry": {"type": "Point", "coordinates": [106.828052, -6.1733256]}, "properties": {"kind": "tree", "name": ""}}, {"type": "Feature", "geometry": {"type": "Point", "coordinates": [106.8281182, -6.1733293]}, "properties": {"kind": "tree", "name": ""}}, {"type": "Feature", "geometry": {"type": "Point", "coordinates": [106.8282945, -6.1733344]}, "properties": {"kind": "tree", "name": ""}}, {"type": "Feature", "geometry": {"type": "Point", "coordinates": [106.8283436, -6.1733475]}, "properties": {"kind": "tree", "name": ""}}, {"type": "Feature", "geometry": {"type": "Point", "coordinates": [106.8281503, -6.1733581]}, "properties": {"kind": "tree", "name": ""}}, {"type": "Feature", "geometry": {"type": "Point", "coordinates": [106.8280766, -6.1733613]}, "properties": {"kind": "tree", "name": ""}}, {"type": "Feature", "geometry": {"type": "Point", "coordinates": [106.8282069, -6.1733688]}, "properties": {"kind": "tree", "name": ""}}, {"type": "Feature", "geometry": {"type": "Point", "coordinates": [106.8280243, -6.1733719]}, "properties": {"kind": "tree", "name": ""}}, {"type": "Feature", "geometry": {"type": "Point", "coordinates": [106.8282642, -6.1733819]}, "properties": {"kind": "tree", "name": ""}}, {"type": "Feature", "geometry": {"type": "Point", "coordinates": [106.8283234, -6.1733907]}, "properties": {"kind": "tree", "name": ""}}, {"type": "Feature", "geometry": {"type": "Point", "coordinates": [106.8290177, -6.1736493]}, "properties": {"kind": "tree", "name": ""}}, {"type": "Feature", "geometry": {"type": "Point", "coordinates": [106.8290919, -6.1736916]}, "properties": {"kind": "tree", "name": ""}}, {"type": "Feature", "geometry": {"type": "Point", "coordinates": [106.8290827, -6.1737524]}, "properties": {"kind": "tree", "name": ""}}, {"type": "Feature", "geometry": {"type": "Point", "coordinates": [106.8291709, -6.1737723]}, "properties": {"kind": "tree", "name": ""}}, {"type": "Feature", "geometry": {"type": "Point", "coordinates": [106.8291313, -6.1738153]}, "properties": {"kind": "tree", "name": ""}}, {"type": "Feature", "geometry": {"type": "Point", "coordinates": [106.8292096, -6.1738201]}, "properties": {"kind": "tree", "name": ""}}, {"type": "Feature", "geometry": {"type": "Point", "coordinates": [106.8291624, -6.1738582]}, "properties": {"kind": "tree", "name": ""}}, {"type": "Feature", "geometry": {"type": "Point", "coordinates": [106.8292337, -6.1738879]}, "properties": {"kind": "tree", "name": ""}}, {"type": "Feature", "geometry": {"type": "Point", "coordinates": [106.8291874, -6.1739211]}, "properties": {"kind": "tree", "name": ""}}, {"type": "Feature", "geometry": {"type": "Point", "coordinates": [106.8292631, -6.1739419]}, "properties": {"kind": "tree", "name": ""}}, {"type": "Feature", "geometry": {"type": "Point", "coordinates": [106.8292061, -6.1739662]}, "properties": {"kind": "tree", "name": ""}}, {"type": "Feature", "geometry": {"type": "Point", "coordinates": [106.8292708, -6.1740088]}, "properties": {"kind": "tree", "name": ""}}, {"type": "Feature", "geometry": {"type": "Point", "coordinates": [106.8292615, -6.1740723]}, "properties": {"kind": "tree", "name": ""}}, {"type": "Feature", "geometry": {"type": "Point", "coordinates": [106.8292172, -6.1740727]}, "properties": {"kind": "tree", "name": ""}}, {"type": "Feature", "geometry": {"type": "Point", "coordinates": [106.8292662, -6.174126]}, "properties": {"kind": "tree", "name": ""}}, {"type": "Feature", "geometry": {"type": "Point", "coordinates": [106.8292212, -6.1741512]}, "properties": {"kind": "tree", "name": ""}}, {"type": "Feature", "geometry": {"type": "Point", "coordinates": [106.8292733, -6.1741986]}, "properties": {"kind": "tree", "name": ""}}, {"type": "Feature", "geometry": {"type": "Point", "coordinates": [106.8292145, -6.1742243]}, "properties": {"kind": "tree", "name": ""}}, {"type": "Feature", "geometry": {"type": "Point", "coordinates": [106.829272, -6.1742588]}, "properties": {"kind": "tree", "name": ""}}, {"type": "Feature", "geometry": {"type": "Point", "coordinates": [106.8292172, -6.17428]}, "properties": {"kind": "tree", "name": ""}}, {"type": "Feature", "geometry": {"type": "Point", "coordinates": [106.8292693, -6.1743154]}, "properties": {"kind": "tree", "name": ""}}, {"type": "Feature", "geometry": {"type": "Point", "coordinates": [106.8292181, -6.1743296]}, "properties": {"kind": "tree", "name": ""}}, {"type": "Feature", "geometry": {"type": "Point", "coordinates": [106.8292639, -6.1743743]}, "properties": {"kind": "tree", "name": ""}}, {"type": "Feature", "geometry": {"type": "Point", "coordinates": [106.8292729, -6.1744305]}, "properties": {"kind": "tree", "name": ""}}, {"type": "Feature", "geometry": {"type": "Point", "coordinates": [106.8292176, -6.1744544]}, "properties": {"kind": "tree", "name": ""}}, {"type": "Feature", "geometry": {"type": "Point", "coordinates": [106.8292729, -6.1745146]}, "properties": {"kind": "tree", "name": ""}}, {"type": "Feature", "geometry": {"type": "Point", "coordinates": [106.8292176, -6.1745461]}, "properties": {"kind": "tree", "name": ""}}, {"type": "Feature", "geometry": {"type": "Point", "coordinates": [106.829268, -6.1745828]}, "properties": {"kind": "tree", "name": ""}}, {"type": "Feature", "geometry": {"type": "Point", "coordinates": [106.8292172, -6.1745965]}, "properties": {"kind": "tree", "name": ""}}, {"type": "Feature", "geometry": {"type": "Point", "coordinates": [106.8292582, -6.1746301]}, "properties": {"kind": "tree", "name": ""}}, {"type": "Feature", "geometry": {"type": "Point", "coordinates": [106.8292159, -6.1746532]}, "properties": {"kind": "tree", "name": ""}}, {"type": "Feature", "geometry": {"type": "Point", "coordinates": [106.8292657, -6.1747058]}, "properties": {"kind": "tree", "name": ""}}, {"type": "Feature", "geometry": {"type": "Point", "coordinates": [106.8292199, -6.1747337]}, "properties": {"kind": "tree", "name": ""}}, {"type": "Feature", "geometry": {"type": "Point", "coordinates": [106.829268, -6.1747713]}, "properties": {"kind": "tree", "name": ""}}, {"type": "Feature", "geometry": {"type": "Point", "coordinates": [106.8292163, -6.1747882]}, "properties": {"kind": "tree", "name": ""}}, {"type": "Feature", "geometry": {"type": "Point", "coordinates": [106.8292688, -6.174832]}, "properties": {"kind": "tree", "name": ""}}, {"type": "Feature", "geometry": {"type": "Point", "coordinates": [106.8292199, -6.1748736]}, "properties": {"kind": "tree", "name": ""}}, {"type": "Feature", "geometry": {"type": "Point", "coordinates": [106.8292755, -6.174901]}, "properties": {"kind": "tree", "name": ""}}, {"type": "Feature", "geometry": {"type": "Point", "coordinates": [106.8292199, -6.1749404]}, "properties": {"kind": "tree", "name": ""}}, {"type": "Feature", "geometry": {"type": "Point", "coordinates": [106.8292644, -6.1749506]}, "properties": {"kind": "tree", "name": ""}}, {"type": "Feature", "geometry": {"type": "Point", "coordinates": [106.8292666, -6.1749966]}, "properties": {"kind": "tree", "name": ""}}, {"type": "Feature", "geometry": {"type": "Point", "coordinates": [106.8292225, -6.1749993]}, "properties": {"kind": "tree", "name": ""}}, {"type": "Feature", "geometry": {"type": "Point", "coordinates": [106.829251, -6.17504]}, "properties": {"kind": "tree", "name": ""}}, {"type": "Feature", "geometry": {"type": "Point", "coordinates": [106.8287072, -6.1736012]}, "properties": {"kind": "tree", "name": ""}}, {"type": "Feature", "geometry": {"type": "Point", "coordinates": [106.8288049, -6.1734903]}, "properties": {"kind": "tree", "name": ""}}, {"type": "Feature", "geometry": {"type": "Point", "coordinates": [106.8285645, -6.1736577]}, "properties": {"kind": "tree", "name": ""}}, {"type": "Feature", "geometry": {"type": "Point", "coordinates": [106.8286171, -6.1737015]}, "properties": {"kind": "tree", "name": ""}}, {"type": "Feature", "geometry": {"type": "Point", "coordinates": [106.8290255, -6.1732008]}, "properties": {"kind": "tree", "name": ""}}, {"type": "Feature", "geometry": {"type": "Point", "coordinates": [106.8289848, -6.1731722]}, "properties": {"kind": "tree", "name": ""}}, {"type": "Feature", "geometry": {"type": "Point", "coordinates": [106.8289996, -6.1731498]}, "properties": {"kind": "tree", "name": ""}}, {"type": "Feature", "geometry": {"type": "Point", "coordinates": [106.828912, -6.1732423]}, "properties": {"kind": "tree", "name": ""}}, {"type": "Feature", "geometry": {"type": "Point", "coordinates": [106.8289761, -6.1732853]}, "properties": {"kind": "tree", "name": ""}}, {"type": "Feature", "geometry": {"type": "Point", "coordinates": [106.8288601, -6.1738652]}, "properties": {"kind": "tree", "name": ""}}, {"type": "Feature", "geometry": {"type": "Point", "coordinates": [106.8294047, -6.1744939]}, "properties": {"kind": "tree", "name": ""}}, {"type": "Feature", "geometry": {"type": "Point", "coordinates": [106.8294015, -6.1745715]}, "properties": {"kind": "tree", "name": ""}}, {"type": "Feature", "geometry": {"type": "Point", "coordinates": [106.829399, -6.173969]}, "properties": {"kind": "tree", "name": ""}}, {"type": "Feature", "geometry": {"type": "Point", "coordinates": [106.8294549, -6.1750316]}, "properties": {"kind": "tree", "name": ""}}, {"type": "Feature", "geometry": {"type": "Point", "coordinates": [106.8294572, -6.1749497]}, "properties": {"kind": "tree", "name": ""}}, {"type": "Feature", "geometry": {"type": "Point", "coordinates": [106.8294577, -6.1748962]}, "properties": {"kind": "tree", "name": ""}}, {"type": "Feature", "geometry": {"type": "Point", "coordinates": [106.8294568, -6.1748418]}, "properties": {"kind": "tree", "name": ""}}, {"type": "Feature", "geometry": {"type": "Point", "coordinates": [106.8294504, -6.1747738]}, "properties": {"kind": "tree", "name": ""}}, {"type": "Feature", "geometry": {"type": "Point", "coordinates": [106.8294541, -6.1746331]}, "properties": {"kind": "tree", "name": ""}}, {"type": "Feature", "geometry": {"type": "Point", "coordinates": [106.8294465, -6.1738688]}, "properties": {"kind": "tree", "name": ""}}, {"type": "Feature", "geometry": {"type": "Point", "coordinates": [106.8294031, -6.1737765]}, "properties": {"kind": "tree", "name": ""}}, {"type": "Feature", "geometry": {"type": "Point", "coordinates": [106.8293628, -6.1737205]}, "properties": {"kind": "tree", "name": ""}}, {"type": "Feature", "geometry": {"type": "Point", "coordinates": [106.8293194, -6.1736691]}, "properties": {"kind": "tree", "name": ""}}, {"type": "Feature", "geometry": {"type": "Point", "coordinates": [106.8292783, -6.1736222]}, "properties": {"kind": "tree", "name": ""}}, {"type": "Feature", "geometry": {"type": "Point", "coordinates": [106.8292283, -6.1735002]}, "properties": {"kind": "tree", "name": ""}}, {"type": "Feature", "geometry": {"type": "Point", "coordinates": [106.8292206, -6.1739965]}, "properties": {"kind": "tree", "name": ""}}, {"type": "Feature", "geometry": {"type": "Point", "coordinates": [106.8307315, -6.174805]}, "properties": {"kind": "tree", "name": ""}}, {"type": "Feature", "geometry": {"type": "Point", "coordinates": [106.8309823, -6.1746103]}, "properties": {"kind": "tree", "name": ""}}, {"type": "Feature", "geometry": {"type": "Point", "coordinates": [106.8305766, -6.174411]}, "properties": {"kind": "tree", "name": ""}}, {"type": "Feature", "geometry": {"type": "Point", "coordinates": [106.8300435, -6.1736916]}, "properties": {"kind": "tree", "name": ""}}, {"type": "Feature", "geometry": {"type": "Point", "coordinates": [106.8300676, -6.173809]}, "properties": {"kind": "tree", "name": ""}}, {"type": "Feature", "geometry": {"type": "Point", "coordinates": [106.8301481, -6.1741238]}, "properties": {"kind": "tree", "name": ""}}, {"type": "Feature", "geometry": {"type": "Point", "coordinates": [106.830014, -6.173613]}, "properties": {"kind": "tree", "name": ""}}, {"type": "Feature", "geometry": {"type": "Point", "coordinates": [106.8300532, -6.1737622]}, "properties": {"kind": "tree", "name": ""}}, {"type": "Feature", "geometry": {"type": "Point", "coordinates": [106.8300854, -6.1738852]}, "properties": {"kind": "tree", "name": ""}}, {"type": "Feature", "geometry": {"type": "Point", "coordinates": [106.8301065, -6.1739653]}, "properties": {"kind": "tree", "name": ""}}, {"type": "Feature", "geometry": {"type": "Point", "coordinates": [106.8301326, -6.1740647]}, "properties": {"kind": "tree", "name": ""}}, {"type": "Feature", "geometry": {"type": "Point", "coordinates": [106.8301655, -6.1741903]}, "properties": {"kind": "tree", "name": ""}}, {"type": "Feature", "geometry": {"type": "Point", "coordinates": [106.8301937, -6.174304]}, "properties": {"kind": "tree", "name": ""}}, {"type": "Feature", "geometry": {"type": "Point", "coordinates": [106.830215, -6.1743904]}, "properties": {"kind": "tree", "name": ""}}, {"type": "Feature", "geometry": {"type": "Point", "coordinates": [106.8302384, -6.1744849]}, "properties": {"kind": "tree", "name": ""}}, {"type": "Feature", "geometry": {"type": "Point", "coordinates": [106.8302632, -6.174585]}, "properties": {"kind": "tree", "name": ""}}, {"type": "Feature", "geometry": {"type": "Point", "coordinates": [106.8302876, -6.1746836]}, "properties": {"kind": "tree", "name": ""}}, {"type": "Feature", "geometry": {"type": "Point", "coordinates": [106.8303144, -6.1747756]}, "properties": {"kind": "tree", "name": ""}}, {"type": "Feature", "geometry": {"type": "Point", "coordinates": [106.8303439, -6.174861]}, "properties": {"kind": "tree", "name": ""}}, {"type": "Feature", "geometry": {"type": "Point", "coordinates": [106.8303868, -6.1749396]}, "properties": {"kind": "tree", "name": ""}}, {"type": "Feature", "geometry": {"type": "Point", "coordinates": [106.8303533, -6.1750423]}, "properties": {"kind": "tree", "name": ""}}, {"type": "Feature", "geometry": {"type": "Point", "coordinates": [106.8305129, -6.175197]}, "properties": {"kind": "tree", "name": ""}}, {"type": "Feature", "geometry": {"type": "Point", "coordinates": [106.8265293, -6.1727025]}, "properties": {"kind": "green_area", "name": "Monas Utara"}}, {"type": "Feature", "geometry": {"type": "Point", "coordinates": [106.8295009, -6.1728905]}, "properties": {"kind": "green_area", "name": ""}}, {"type": "Feature", "geometry": {"type": "Point", "coordinates": [106.8286586, -6.1736048]}, "properties": {"kind": "green_area", "name": ""}}, {"type": "Feature", "geometry": {"type": "Point", "coordinates": [106.8271611, -6.1762702]}, "properties": {"kind": "green_area", "name": ""}}, {"type": "Feature", "geometry": {"type": "Point", "coordinates": [106.8280548, -6.1754189]}, "properties": {"kind": "green_area", "name": ""}}, {"type": "Feature", "geometry": {"type": "Point", "coordinates": [106.8330374, -6.1751816]}, "properties": {"kind": "green_area", "name": ""}}, {"type": "Feature", "geometry": {"type": "Point", "coordinates": [106.8307648, -6.1739995]}, "properties": {"kind": "green_area", "name": ""}}, {"type": "Feature", "geometry": {"type": "Point", "coordinates": [106.8304934, -6.1740217]}, "properties": {"kind": "green_area", "name": ""}}, {"type": "Feature", "geometry": {"type": "Point", "coordinates": [106.8274363, -6.1762243]}, "properties": {"kind": "green_area", "name": ""}}, {"type": "Feature", "geometry": {"type": "Point", "coordinates": [106.8274698, -6.1745959]}, "properties": {"kind": "green_area", "name": ""}}, {"type": "Feature", "geometry": {"type": "Point", "coordinates": [106.8279158, -6.1746966]}, "properties": {"kind": "green_area", "name": ""}}, {"type": "Feature", "geometry": {"type": "Point", "coordinates": [106.8278963, -6.1761437]}, "properties": {"kind": "green_area", "name": ""}}, {"type": "Feature", "geometry": {"type": "Point", "coordinates": [106.8279809, -6.1757089]}, "properties": {"kind": "green_area", "name": ""}}, {"type": "Feature", "geometry": {"type": "Point", "coordinates": [106.8279848, -6.1751287]}, "properties": {"kind": "green_area", "name": ""}}, {"type": "Feature", "geometry": {"type": "Point", "coordinates": [106.8272041, -6.174537]}, "properties": {"kind": "green_area", "name": ""}}, {"type": "Feature", "geometry": {"type": "Point", "coordinates": [106.8277248, -6.1751946]}, "properties": {"kind": "green_area", "name": ""}}, {"type": "Feature", "geometry": {"type": "Point", "coordinates": [106.8277175, -6.1756321]}, "properties": {"kind": "green_area", "name": ""}}, {"type": "Feature", "geometry": {"type": "Point", "coordinates": [106.8274073, -6.1748559]}, "properties": {"kind": "green_area", "name": ""}}, {"type": "Feature", "geometry": {"type": "Point", "coordinates": [106.8273724, -6.1759582]}, "properties": {"kind": "green_area", "name": ""}}, {"type": "Feature", "geometry": {"type": "Point", "coordinates": [106.8284048, -6.1724028]}, "properties": {"kind": "green_area", "name": ""}}, {"type": "Feature", "geometry": {"type": "Point", "coordinates": [106.8296431, -6.1742677]}, "properties": {"kind": "green_area", "name": ""}}, {"type": "Feature", "geometry": {"type": "Point", "coordinates": [106.8289152, -6.1733069]}, "properties": {"kind": "green_area", "name": ""}}, {"type": "Feature", "geometry": {"type": "Point", "coordinates": [106.8280031, -6.1735339]}, "properties": {"kind": "green_area", "name": ""}}, {"type": "Feature", "geometry": {"type": "Point", "coordinates": [106.8280951, -6.1735893]}, "properties": {"kind": "green_area", "name": ""}}, {"type": "Feature", "geometry": {"type": "Point", "coordinates": [106.8281341, -6.1732333]}, "properties": {"kind": "green_area", "name": ""}}, {"type": "Feature", "geometry": {"type": "Point", "coordinates": [106.829096, -6.1751366]}, "properties": {"kind": "green_area", "name": ""}}, {"type": "Feature", "geometry": {"type": "Point", "coordinates": [106.8296892, -6.1751437]}, "properties": {"kind": "green_area", "name": ""}}, {"type": "Feature", "geometry": {"type": "Point", "coordinates": [106.8293098, -6.1742757]}, "properties": {"kind": "green_area", "name": ""}}, {"type": "Feature", "geometry": {"type": "Point", "coordinates": [106.8289421, -6.1743027]}, "properties": {"kind": "green_area", "name": ""}}, {"type": "Feature", "geometry": {"type": "Point", "coordinates": [106.8290232, -6.1731617]}, "properties": {"kind": "green_area", "name": ""}}, {"type": "Feature", "geometry": {"type": "Point", "coordinates": [106.8294167, -6.1720527]}, "properties": {"kind": "green_area", "name": ""}}, {"type": "Feature", "geometry": {"type": "Point", "coordinates": [106.8299326, -6.1730935]}, "properties": {"kind": "green_area", "name": ""}}, {"type": "Feature", "geometry": {"type": "Point", "coordinates": [106.8278556, -6.1733118]}, "properties": {"kind": "tree", "name": ""}}, {"type": "Feature", "geometry": {"type": "Point", "coordinates": [106.8276258, -6.1733131]}, "properties": {"kind": "tree", "name": ""}}, {"type": "Feature", "geometry": {"type": "Point", "coordinates": [106.827753, -6.1733131]}, "properties": {"kind": "tree", "name": ""}}, {"type": "Feature", "geometry": {"type": "Point", "coordinates": [106.8276705, -6.1733149]}, "properties": {"kind": "tree", "name": ""}}, {"type": "Feature", "geometry": {"type": "Point", "coordinates": [106.8278147, -6.1733156]}, "properties": {"kind": "tree", "name": ""}}, {"type": "Feature", "geometry": {"type": "Point", "coordinates": [106.8279834, -6.1733193]}, "properties": {"kind": "tree", "name": ""}}, {"type": "Feature", "geometry": {"type": "Point", "coordinates": [106.8279223, -6.17332]}, "properties": {"kind": "tree", "name": ""}}, {"type": "Feature", "geometry": {"type": "Point", "coordinates": [106.8277196, -6.173355]}, "properties": {"kind": "tree", "name": ""}}, {"type": "Feature", "geometry": {"type": "Point", "coordinates": [106.8277725, -6.1733563]}, "properties": {"kind": "tree", "name": ""}}, {"type": "Feature", "geometry": {"type": "Point", "coordinates": [106.8278525, -6.1733563]}, "properties": {"kind": "tree", "name": ""}}, {"type": "Feature", "geometry": {"type": "Point", "coordinates": [106.8276056, -6.1733575]}, "properties": {"kind": "tree", "name": ""}}, {"type": "Feature", "geometry": {"type": "Point", "coordinates": [106.8276604, -6.1733588]}, "properties": {"kind": "tree", "name": ""}}, {"type": "Feature", "geometry": {"type": "Point", "coordinates": [106.8279532, -6.1733594]}, "properties": {"kind": "tree", "name": ""}}, {"type": "Feature", "geometry": {"type": "Point", "coordinates": [106.827899, -6.1733694]}, "properties": {"kind": "tree", "name": ""}}, {"type": "Feature", "geometry": {"type": "Point", "coordinates": [106.8274412, -6.1722014]}, "properties": {"kind": "tree", "name": ""}}, {"type": "Feature", "geometry": {"type": "Point", "coordinates": [106.82744, -6.1722528]}, "properties": {"kind": "tree", "name": ""}}, {"type": "Feature", "geometry": {"type": "Point", "coordinates": [106.8274396, -6.1721586]}, "properties": {"kind": "tree", "name": ""}}, {"type": "Feature", "geometry": {"type": "Point", "coordinates": [106.8274373, -6.1721164]}, "properties": {"kind": "tree", "name": ""}}, {"type": "Feature", "geometry": {"type": "Point", "coordinates": [106.8274409, -6.1720245]}, "properties": {"kind": "tree", "name": ""}}, {"type": "Feature", "geometry": {"type": "Point", "coordinates": [106.8274387, -6.1719734]}, "properties": {"kind": "tree", "name": ""}}, {"type": "Feature", "geometry": {"type": "Point", "coordinates": [106.8274391, -6.1719325]}, "properties": {"kind": "tree", "name": ""}}, {"type": "Feature", "geometry": {"type": "Point", "coordinates": [106.827424, -6.1718135]}, "properties": {"kind": "tree", "name": ""}}, {"type": "Feature", "geometry": {"type": "Point", "coordinates": [106.827343, -6.1717681]}, "properties": {"kind": "tree", "name": ""}}, {"type": "Feature", "geometry": {"type": "Point", "coordinates": [106.8271767, -6.1717409]}, "properties": {"kind": "tree", "name": ""}}, {"type": "Feature", "geometry": {"type": "Point", "coordinates": [106.8273784, -6.1718397]}, "properties": {"kind": "tree", "name": ""}}, {"type": "Feature", "geometry": {"type": "Point", "coordinates": [106.8274287, -6.1724007]}, "properties": {"kind": "tree", "name": ""}}, {"type": "Feature", "geometry": {"type": "Point", "coordinates": [106.8274269, -6.1724483]}, "properties": {"kind": "tree", "name": ""}}, {"type": "Feature", "geometry": {"type": "Point", "coordinates": [106.8274296, -6.1724868]}, "properties": {"kind": "tree", "name": ""}}, {"type": "Feature", "geometry": {"type": "Point", "coordinates": [106.8275252, -6.1723388]}, "properties": {"kind": "tree", "name": ""}}, {"type": "Feature", "geometry": {"type": "Point", "coordinates": [106.8275288, -6.1724303]}, "properties": {"kind": "tree", "name": ""}}, {"type": "Feature", "geometry": {"type": "Point", "coordinates": [106.8275297, -6.1724725]}, "properties": {"kind": "tree", "name": ""}}, {"type": "Feature", "geometry": {"type": "Point", "coordinates": [106.8275261, -6.1725281]}, "properties": {"kind": "tree", "name": ""}}, {"type": "Feature", "geometry": {"type": "Point", "coordinates": [106.8274242, -6.1726591]}, "properties": {"kind": "tree", "name": ""}}, {"type": "Feature", "geometry": {"type": "Point", "coordinates": [106.8274115, -6.1727505]}, "properties": {"kind": "tree", "name": ""}}, {"type": "Feature", "geometry": {"type": "Point", "coordinates": [106.8274314, -6.173039]}, "properties": {"kind": "tree", "name": ""}}, {"type": "Feature", "geometry": {"type": "Point", "coordinates": [106.8274303, -6.1729345]}, "properties": {"kind": "tree", "name": ""}}, {"type": "Feature", "geometry": {"type": "Point", "coordinates": [106.8274217, -6.1729036]}, "properties": {"kind": "tree", "name": ""}}, {"type": "Feature", "geometry": {"type": "Point", "coordinates": [106.8272708, -6.171607]}, "properties": {"kind": "tree", "name": ""}}, {"type": "Feature", "geometry": {"type": "Point", "coordinates": [106.8272113, -6.1716061]}, "properties": {"kind": "tree", "name": ""}}, {"type": "Feature", "geometry": {"type": "Point", "coordinates": [106.8273211, -6.1716083]}, "properties": {"kind": "tree", "name": ""}}, {"type": "Feature", "geometry": {"type": "Point", "coordinates": [106.8274871, -6.1715975]}, "properties": {"kind": "tree", "name": ""}}, {"type": "Feature", "geometry": {"type": "Point", "coordinates": [106.8274564, -6.1715984]}, "properties": {"kind": "tree", "name": ""}}, {"type": "Feature", "geometry": {"type": "Point", "coordinates": [106.8276288, -6.1736348]}, "properties": {"kind": "tree", "name": ""}}, {"type": "Feature", "geometry": {"type": "Point", "coordinates": [106.8272586, -6.1720366]}, "properties": {"kind": "green_area", "name": ""}}, {"type": "Feature", "geometry": {"type": "Point", "coordinates": [106.8271157, -6.1719055]}, "properties": {"kind": "green_area", "name": ""}}, {"type": "Feature", "geometry": {"type": "Point", "coordinates": [106.827424, -6.1719105]}, "properties": {"kind": "green_area", "name": ""}}, {"type": "Feature", "geometry": {"type": "Point", "coordinates": [106.8272676, -6.1717497]}, "properties": {"kind": "green_area", "name": ""}}, {"type": "Feature", "geometry": {"type": "Point", "coordinates": [106.827538, -6.1724758]}, "properties": {"kind": "green_area", "name": ""}}, {"type": "Feature", "geometry": {"type": "Point", "coordinates": [106.8275308, -6.1729066]}, "properties": {"kind": "green_area", "name": ""}}, {"type": "Feature", "geometry": {"type": "Point", "coordinates": [106.8275182, -6.1735244]}, "properties": {"kind": "green_area", "name": ""}}, {"type": "Feature", "geometry": {"type": "Point", "coordinates": [106.8273836, -6.1732177]}, "properties": {"kind": "green_area", "name": ""}}, {"type": "Feature", "geometry": {"type": "Point", "coordinates": [106.7686335, -6.2664738]}, "properties": {"kind": "green_area", "name": ""}}, {"type": "Feature", "geometry": {"type": "Point", "coordinates": [106.7733717, -6.2502312]}, "properties": {"kind": "green_area", "name": "Taman Teletubies"}}, {"type": "Feature", "geometry": {"type": "Point", "coordinates": [106.7746413, -6.248703]}, "properties": {"kind": "green_area", "name": ""}}, {"type": "Feature", "geometry": {"type": "Point", "coordinates": [106.7743665, -6.2482865]}, "properties": {"kind": "green_area", "name": ""}}, {"type": "Feature", "geometry": {"type": "Point", "coordinates": [106.7723173, -6.2498454]}, "properties": {"kind": "green_area", "name": "Taman Puma"}}, {"type": "Feature", "geometry": {"type": "Point", "coordinates": [106.7791582, -6.2539469]}, "properties": {"kind": "green_area", "name": "Taman Komplek Bina Marga Tanah Kusir"}}, {"type": "Feature", "geometry": {"type": "Point", "coordinates": [106.7790299, -6.2491619]}, "properties": {"kind": "green_area", "name": "Keyla Park"}}, {"type": "Feature", "geometry": {"type": "Point", "coordinates": [106.7823357, -6.2441496]}, "properties": {"kind": "tree", "name": ""}}, {"type": "Feature", "geometry": {"type": "Point", "coordinates": [106.7830653, -6.2426635]}, "properties": {"kind": "green_area", "name": ""}}, {"type": "Feature", "geometry": {"type": "Point", "coordinates": [106.7831548, -6.2431285]}, "properties": {"kind": "green_area", "name": ""}}, {"type": "Feature", "geometry": {"type": "Point", "coordinates": [106.789577, -6.2462276]}, "properties": {"kind": "green_area", "name": ""}}, {"type": "Feature", "geometry": {"type": "Point", "coordinates": [106.7857933, -6.2472252]}, "properties": {"kind": "green_area", "name": "Taman Interaktif"}}, {"type": "Feature", "geometry": {"type": "Point", "coordinates": [106.7821277, -6.2626795]}, "properties": {"kind": "green_area", "name": "PIOT Park"}}, {"type": "Feature", "geometry": {"type": "Point", "coordinates": [106.7896731, -6.2536021]}, "properties": {"kind": "green_area", "name": ""}}, {"type": "Feature", "geometry": {"type": "Point", "coordinates": [106.7890782, -6.2557015]}, "properties": {"kind": "green_area", "name": "Taman Radio Dalam"}}, {"type": "Feature", "geometry": {"type": "Point", "coordinates": [106.7879048, -6.2645953]}, "properties": {"kind": "green_area", "name": ""}}, {"type": "Feature", "geometry": {"type": "Point", "coordinates": [106.7877287, -6.2648796]}, "properties": {"kind": "green_area", "name": ""}}, {"type": "Feature", "geometry": {"type": "Point", "coordinates": [106.788344, -6.2734361]}, "properties": {"kind": "green_area", "name": "Pondok Indah Golf Course"}}, {"type": "Feature", "geometry": {"type": "Point", "coordinates": [106.7848638, -6.2670895]}, "properties": {"kind": "green_area", "name": "Pondok Indah Waterpark"}}, {"type": "Feature", "geometry": {"type": "Point", "coordinates": [106.8319602, -6.1248884]}, "properties": {"kind": "tree", "name": ""}}, {"type": "Feature", "geometry": {"type": "Point", "coordinates": [106.8320148, -6.124871]}, "properties": {"kind": "tree", "name": ""}}, {"type": "Feature", "geometry": {"type": "Point", "coordinates": [106.8299158, -6.1245267]}, "properties": {"kind": "tree", "name": ""}}, {"type": "Feature", "geometry": {"type": "Point", "coordinates": [106.8299998, -6.1249138]}, "properties": {"kind": "tree", "name": ""}}, {"type": "Feature", "geometry": {"type": "Point", "coordinates": [106.8299951, -6.1248674]}, "properties": {"kind": "tree", "name": ""}}, {"type": "Feature", "geometry": {"type": "Point", "coordinates": [106.8321935, -6.1250378]}, "properties": {"kind": "tree", "name": ""}}, {"type": "Feature", "geometry": {"type": "Point", "coordinates": [106.8319091, -6.1251038]}, "properties": {"kind": "tree", "name": ""}}, {"type": "Feature", "geometry": {"type": "Point", "coordinates": [106.8319895, -6.1251051]}, "properties": {"kind": "tree", "name": ""}}, {"type": "Feature", "geometry": {"type": "Point", "coordinates": [106.8319426, -6.1249655]}, "properties": {"kind": "tree", "name": ""}}, {"type": "Feature", "geometry": {"type": "Point", "coordinates": [106.8337724, -6.1274844]}, "properties": {"kind": "tree", "name": ""}}, {"type": "Feature", "geometry": {"type": "Point", "coordinates": [106.8336147, -6.1273445]}, "properties": {"kind": "tree", "name": ""}}, {"type": "Feature", "geometry": {"type": "Point", "coordinates": [106.8335242, -6.1272582]}, "properties": {"kind": "tree", "name": ""}}, {"type": "Feature", "geometry": {"type": "Point", "coordinates": [106.833432, -6.1271477]}, "properties": {"kind": "tree", "name": ""}}, {"type": "Feature", "geometry": {"type": "Point", "coordinates": [106.8333657, -6.1270782]}, "properties": {"kind": "tree", "name": ""}}, {"type": "Feature", "geometry": {"type": "Point", "coordinates": [106.8332806, -6.1270435]}, "properties": {"kind": "tree", "name": ""}}, {"type": "Feature", "geometry": {"type": "Point", "coordinates": [106.8333224, -6.1286557]}, "properties": {"kind": "tree", "name": ""}}, {"type": "Feature", "geometry": {"type": "Point", "coordinates": [106.8329032, -6.1270687]}, "properties": {"kind": "tree", "name": ""}}, {"type": "Feature", "geometry": {"type": "Point", "coordinates": [106.8328761, -6.1269341]}, "properties": {"kind": "tree", "name": ""}}, {"type": "Feature", "geometry": {"type": "Point", "coordinates": [106.8330229, -6.1268813]}, "properties": {"kind": "tree", "name": ""}}, {"type": "Feature", "geometry": {"type": "Point", "coordinates": [106.832901, -6.1268712]}, "properties": {"kind": "tree", "name": ""}}, {"type": "Feature", "geometry": {"type": "Point", "coordinates": [106.8329585, -6.1269374]}, "properties": {"kind": "tree", "name": ""}}, {"type": "Feature", "geometry": {"type": "Point", "coordinates": [106.8330319, -6.12697]}, "properties": {"kind": "tree", "name": ""}}, {"type": "Feature", "geometry": {"type": "Point", "coordinates": [106.8330059, -6.1270609]}, "properties": {"kind": "tree", "name": ""}}, {"type": "Feature", "geometry": {"type": "Point", "coordinates": [106.8330262, -6.1271271]}, "properties": {"kind": "tree", "name": ""}}, {"type": "Feature", "geometry": {"type": "Point", "coordinates": [106.833103, -6.1273796]}, "properties": {"kind": "tree", "name": ""}}, {"type": "Feature", "geometry": {"type": "Point", "coordinates": [106.8330669, -6.1271899]}, "properties": {"kind": "tree", "name": ""}}, {"type": "Feature", "geometry": {"type": "Point", "coordinates": [106.8329427, -6.1273044]}, "properties": {"kind": "tree", "name": ""}}, {"type": "Feature", "geometry": {"type": "Point", "coordinates": [106.8330037, -6.1273279]}, "properties": {"kind": "tree", "name": ""}}, {"type": "Feature", "geometry": {"type": "Point", "coordinates": [106.8329585, -6.1274525]}, "properties": {"kind": "tree", "name": ""}}, {"type": "Feature", "geometry": {"type": "Point", "coordinates": [106.833024, -6.1275008]}, "properties": {"kind": "tree", "name": ""}}, {"type": "Feature", "geometry": {"type": "Point", "coordinates": [106.8331222, -6.1275456]}, "properties": {"kind": "tree", "name": ""}}, {"type": "Feature", "geometry": {"type": "Point", "coordinates": [106.8330657, -6.1277948]}, "properties": {"kind": "tree", "name": ""}}, {"type": "Feature", "geometry": {"type": "Point", "coordinates": [106.833138, -6.1276825]}, "properties": {"kind": "tree", "name": ""}}, {"type": "Feature", "geometry": {"type": "Point", "coordinates": [106.8330624, -6.1276388]}, "properties": {"kind": "tree", "name": ""}}, {"type": "Feature", "geometry": {"type": "Point", "coordinates": [106.8331447, -6.127852]}, "properties": {"kind": "tree", "name": ""}}, {"type": "Feature", "geometry": {"type": "Point", "coordinates": [106.8332034, -6.128155]}, "properties": {"kind": "tree", "name": ""}}, {"type": "Feature", "geometry": {"type": "Point", "coordinates": [106.8331967, -6.128082]}, "properties": {"kind": "tree", "name": ""}}, {"type": "Feature", "geometry": {"type": "Point", "coordinates": [106.8331109, -6.1281662]}, "properties": {"kind": "tree", "name": ""}}, {"type": "Feature", "geometry": {"type": "Point", "coordinates": [106.8331346, -6.1282694]}, "properties": {"kind": "tree", "name": ""}}, {"type": "Feature", "geometry": {"type": "Point", "coordinates": [106.8333321, -6.1284333]}, "properties": {"kind": "tree", "name": ""}}, {"type": "Feature", "geometry": {"type": "Point", "coordinates": [106.83327, -6.1283592]}, "properties": {"kind": "tree", "name": ""}}, {"type": "Feature", "geometry": {"type": "Point", "coordinates": [106.8332071, -6.1282949]}, "properties": {"kind": "tree", "name": ""}}, {"type": "Feature", "geometry": {"type": "Point", "coordinates": [106.8331426, -6.1283644]}, "properties": {"kind": "tree", "name": ""}}, {"type": "Feature", "geometry": {"type": "Point", "coordinates": [106.8332179, -6.1285496]}, "properties": {"kind": "tree", "name": ""}}, {"type": "Feature", "geometry": {"type": "Point", "coordinates": [106.8333531, -6.1291152]}, "properties": {"kind": "tree", "name": ""}}, {"type": "Feature", "geometry": {"type": "Point", "coordinates": [106.8332716, -6.1291624]}, "properties": {"kind": "tree", "name": ""}}, {"type": "Feature", "geometry": {"type": "Point", "coordinates": [106.8332223, -6.1291562]}, "properties": {"kind": "tree", "name": ""}}, {"type": "Feature", "geometry": {"type": "Point", "coordinates": [106.8332313, -6.129223]}, "properties": {"kind": "tree", "name": ""}}, {"type": "Feature", "geometry": {"type": "Point", "coordinates": [106.8332851, -6.1292239]}, "properties": {"kind": "tree", "name": ""}}, {"type": "Feature", "geometry": {"type": "Point", "coordinates": [106.8333379, -6.1292221]}, "properties": {"kind": "tree", "name": ""}}, {"type": "Feature", "geometry": {"type": "Point", "coordinates": [106.8335663, -6.1292639]}, "properties": {"kind": "tree", "name": ""}}, {"type": "Feature", "geometry": {"type": "Point", "coordinates": [106.8335072, -6.1292782]}, "properties": {"kind": "tree", "name": ""}}, {"type": "Feature", "geometry": {"type": "Point", "coordinates": [106.8335162, -6.1292114]}, "properties": {"kind": "tree", "name": ""}}, {"type": "Feature", "geometry": {"type": "Point", "coordinates": [106.8335233, -6.1291588]}, "properties": {"kind": "tree", "name": ""}}, {"type": "Feature", "geometry": {"type": "Point", "coordinates": [106.8335332, -6.1289531]}, "properties": {"kind": "tree", "name": ""}}, {"type": "Feature", "geometry": {"type": "Point", "coordinates": [106.8335377, -6.1290101]}, "properties": {"kind": "tree", "name": ""}}, {"type": "Feature", "geometry": {"type": "Point", "coordinates": [106.8335448, -6.1290546]}, "properties": {"kind": "tree", "name": ""}}, {"type": "Feature", "geometry": {"type": "Point", "coordinates": [106.8335941, -6.1291]}, "properties": {"kind": "tree", "name": ""}}, {"type": "Feature", "geometry": {"type": "Point", "coordinates": [106.8336398, -6.12906]}, "properties": {"kind": "tree", "name": ""}}, {"type": "Feature", "geometry": {"type": "Point", "coordinates": [106.8335023, -6.128732]}, "properties": {"kind": "tree", "name": ""}}, {"type": "Feature", "geometry": {"type": "Point", "coordinates": [106.8335763, -6.1287185]}, "properties": {"kind": "tree", "name": ""}}, {"type": "Feature", "geometry": {"type": "Point", "coordinates": [106.833511, -6.1288266]}, "properties": {"kind": "tree", "name": ""}}, {"type": "Feature", "geometry": {"type": "Point", "coordinates": [106.8335663, -6.1288131]}, "properties": {"kind": "tree", "name": ""}}, {"type": "Feature", "geometry": {"type": "Point", "coordinates": [106.8336008, -6.1289902]}, "properties": {"kind": "tree", "name": ""}}, {"type": "Feature", "geometry": {"type": "Point", "coordinates": [106.8335757, -6.1287589]}, "properties": {"kind": "tree", "name": ""}}, {"type": "Feature", "geometry": {"type": "Point", "coordinates": [106.833616, -6.1286333]}, "properties": {"kind": "tree", "name": ""}}, {"type": "Feature", "geometry": {"type": "Point", "coordinates": [106.8336487, -6.1286837]}, "properties": {"kind": "tree", "name": ""}}, {"type": "Feature", "geometry": {"type": "Point", "coordinates": [106.8335364, -6.1287733]}, "properties": {"kind": "tree", "name": ""}}, {"type": "Feature", "geometry": {"type": "Point", "coordinates": [106.833691, -6.1288215]}, "properties": {"kind": "tree", "name": ""}}, {"type": "Feature", "geometry": {"type": "Point", "coordinates": [106.8336696, -6.1287699]}, "properties": {"kind": "tree", "name": ""}}, {"type": "Feature", "geometry": {"type": "Point", "coordinates": [106.8337542, -6.1288474]}, "properties": {"kind": "tree", "name": ""}}, {"type": "Feature", "geometry": {"type": "Point", "coordinates": [106.8336786, -6.1289091]}, "properties": {"kind": "tree", "name": ""}}, {"type": "Feature", "geometry": {"type": "Point", "coordinates": [106.8332849, -6.1277512]}, "properties": {"kind": "tree", "name": ""}}, {"type": "Feature", "geometry": {"type": "Point", "coordinates": [106.8333963, -6.1278632]}, "properties": {"kind": "tree", "name": ""}}, {"type": "Feature", "geometry": {"type": "Point", "coordinates": [106.8334606, -6.1279219]}, "properties": {"kind": "tree", "name": ""}}, {"type": "Feature", "geometry": {"type": "Point", "coordinates": [106.8333212, -6.1280406]}, "properties": {"kind": "tree", "name": ""}}, {"type": "Feature", "geometry": {"type": "Point", "coordinates": [106.8334472, -6.1281393]}, "properties": {"kind": "tree", "name": ""}}, {"type": "Feature", "geometry": {"type": "Point", "coordinates": [106.8337744, -6.1277499]}, "properties": {"kind": "tree", "name": ""}}, {"type": "Feature", "geometry": {"type": "Point", "coordinates": [106.8329081, -6.1267138]}, "properties": {"kind": "tree", "name": ""}}, {"type": "Feature", "geometry": {"type": "Point", "coordinates": [106.8328558, -6.1266858]}, "properties": {"kind": "tree", "name": ""}}, {"type": "Feature", "geometry": {"type": "Point", "coordinates": [106.8328612, -6.1267578]}, "properties": {"kind": "tree", "name": ""}}, {"type": "Feature", "geometry": {"type": "Point", "coordinates": [106.8327626, -6.1266831]}, "properties": {"kind": "tree", "name": ""}}, {"type": "Feature", "geometry": {"type": "Point", "coordinates": [106.8327954, -6.1267145]}, "properties": {"kind": "tree", "name": ""}}, {"type": "Feature", "geometry": {"type": "Point", "coordinates": [106.8327748, -6.1267836]}, "properties": {"kind": "tree", "name": ""}}, {"type": "Feature", "geometry": {"type": "Point", "coordinates": [106.832744, -6.1268281]}, "properties": {"kind": "tree", "name": ""}}, {"type": "Feature", "geometry": {"type": "Point", "coordinates": [106.8326812, -6.1268429]}, "properties": {"kind": "tree", "name": ""}}, {"type": "Feature", "geometry": {"type": "Point", "coordinates": [106.8326748, -6.1267466]}, "properties": {"kind": "tree", "name": ""}}, {"type": "Feature", "geometry": {"type": "Point", "coordinates": [106.832678, -6.1267804]}, "properties": {"kind": "tree", "name": ""}}, {"type": "Feature", "geometry": {"type": "Point", "coordinates": [106.8324842, -6.1265974]}, "properties": {"kind": "tree", "name": ""}}, {"type": "Feature", "geometry": {"type": "Point", "coordinates": [106.8324544, -6.1265952]}, "properties": {"kind": "tree", "name": ""}}, {"type": "Feature", "geometry": {"type": "Point", "coordinates": [106.8325822, -6.1266153]}, "properties": {"kind": "tree", "name": ""}}, {"type": "Feature", "geometry": {"type": "Point", "coordinates": [106.8322923, -6.1253002]}, "properties": {"kind": "tree", "name": ""}}, {"type": "Feature", "geometry": {"type": "Point", "coordinates": [106.8322315, -6.1252447]}, "properties": {"kind": "tree", "name": ""}}, {"type": "Feature", "geometry": {"type": "Point", "coordinates": [106.8321132, -6.1251859]}, "properties": {"kind": "tree", "name": ""}}, {"type": "Feature", "geometry": {"type": "Point", "coordinates": [106.8300477, -6.1251622]}, "properties": {"kind": "tree", "name": ""}}, {"type": "Feature", "geometry": {"type": "Point", "coordinates": [106.8302, -6.1254289]}, "properties": {"kind": "tree", "name": ""}}, {"type": "Feature", "geometry": {"type": "Point", "coordinates": [106.8315933, -6.1246563]}, "properties": {"kind": "tree", "name": ""}}, {"type": "Feature", "geometry": {"type": "Point", "coordinates": [106.8315827, -6.124541]}, "properties": {"kind": "tree", "name": ""}}, {"type": "Feature", "geometry": {"type": "Point", "coordinates": [106.8318041, -6.1247286]}, "properties": {"kind": "tree", "name": ""}}, {"type": "Feature", "geometry": {"type": "Point", "coordinates": [106.8307716, -6.1241695]}, "properties": {"kind": "tree", "name": ""}}, {"type": "Feature", "geometry": {"type": "Point", "coordinates": [106.8307961, -6.1241317]}, "properties": {"kind": "tree", "name": ""}}, {"type": "Feature", "geometry": {"type": "Point", "coordinates": [106.8307167, -6.1240738]}, "properties": {"kind": "tree", "name": ""}}, {"type": "Feature", "geometry": {"type": "Point", "coordinates": [106.8302863, -6.1250577]}, "properties": {"kind": "tree", "name": ""}}, {"type": "Feature", "geometry": {"type": "Point", "coordinates": [106.8304686, -6.1251823]}, "properties": {"kind": "tree", "name": ""}}, {"type": "Feature", "geometry": {"type": "Point", "coordinates": [106.8305437, -6.125067]}, "properties": {"kind": "tree", "name": ""}}, {"type": "Feature", "geometry": {"type": "Point", "coordinates": [106.8305359, -6.1251766]}, "properties": {"kind": "tree", "name": ""}}, {"type": "Feature", "geometry": {"type": "Point", "coordinates": [106.8303945, -6.1251907]}, "properties": {"kind": "tree", "name": ""}}, {"type": "Feature", "geometry": {"type": "Point", "coordinates": [106.8303774, -6.1241976]}, "properties": {"kind": "tree", "name": ""}}, {"type": "Feature", "geometry": {"type": "Point", "coordinates": [106.8304619, -6.1244469]}, "properties": {"kind": "tree", "name": ""}}, {"type": "Feature", "geometry": {"type": "Point", "coordinates": [106.8304393, -6.1245536]}, "properties": {"kind": "tree", "name": ""}}, {"type": "Feature", "geometry": {"type": "Point", "coordinates": [106.8305464, -6.1248817]}, "properties": {"kind": "tree", "name": ""}}, {"type": "Feature", "geometry": {"type": "Point", "coordinates": [106.8306094, -6.124763]}, "properties": {"kind": "tree", "name": ""}}, {"type": "Feature", "geometry": {"type": "Point", "coordinates": [106.8312693, -6.1243096]}, "properties": {"kind": "tree", "name": ""}}, {"type": "Feature", "geometry": {"type": "Point", "coordinates": [106.8314342, -6.1244763]}, "properties": {"kind": "tree", "name": ""}}, {"type": "Feature", "geometry": {"type": "Point", "coordinates": [106.8313819, -6.1241356]}, "properties": {"kind": "tree", "name": ""}}, {"type": "Feature", "geometry": {"type": "Point", "coordinates": [106.8313506, -6.1242764]}, "properties": {"kind": "tree", "name": ""}}, {"type": "Feature", "geometry": {"type": "Point", "coordinates": [106.8313792, -6.1243896]}, "properties": {"kind": "tree", "name": ""}}, {"type": "Feature", "geometry": {"type": "Point", "coordinates": [106.8312934, -6.1244109]}, "properties": {"kind": "tree", "name": ""}}, {"type": "Feature", "geometry": {"type": "Point", "coordinates": [106.8311445, -6.1243376]}, "properties": {"kind": "tree", "name": ""}}, {"type": "Feature", "geometry": {"type": "Point", "coordinates": [106.8309045, -6.1242736]}, "properties": {"kind": "tree", "name": ""}}, {"type": "Feature", "geometry": {"type": "Point", "coordinates": [106.8307918, -6.1245016]}, "properties": {"kind": "tree", "name": ""}}, {"type": "Feature", "geometry": {"type": "Point", "coordinates": [106.8308575, -6.1244109]}, "properties": {"kind": "tree", "name": ""}}, {"type": "Feature", "geometry": {"type": "Point", "coordinates": [106.8309246, -6.1240522]}, "properties": {"kind": "tree", "name": ""}}, {"type": "Feature", "geometry": {"type": "Point", "coordinates": [106.8316391, -6.1250066]}, "properties": {"kind": "tree", "name": ""}}, {"type": "Feature", "geometry": {"type": "Point", "coordinates": [106.8332664, -6.1254371]}, "properties": {"kind": "tree", "name": ""}}, {"type": "Feature", "geometry": {"type": "Point", "coordinates": [106.8323648, -6.1245835]}, "properties": {"kind": "tree", "name": ""}}, {"type": "Feature", "geometry": {"type": "Point", "coordinates": [106.8328536, -6.1252215]}, "properties": {"kind": "tree", "name": ""}}, {"type": "Feature", "geometry": {"type": "Point", "coordinates": [106.8327844, -6.1252776]}, "properties": {"kind": "tree", "name": ""}}, {"type": "Feature", "geometry": {"type": "Point", "coordinates": [106.8326705, -6.1252151]}, "properties": {"kind": "tree", "name": ""}}, {"type": "Feature", "geometry": {"type": "Point", "coordinates": [106.8327684, -6.1252024]}, "properties": {"kind": "tree", "name": ""}}, {"type": "Feature", "geometry": {"type": "Point", "coordinates": [106.8326652, -6.1251125]}, "properties": {"kind": "tree", "name": ""}}, {"type": "Feature", "geometry": {"type": "Point", "coordinates": [106.8325513, -6.1249156]}, "properties": {"kind": "tree", "name": ""}}, {"type": "Feature", "geometry": {"type": "Point", "coordinates": [106.8324566, -6.1249082]}, "properties": {"kind": "tree", "name": ""}}, {"type": "Feature", "geometry": {"type": "Point", "coordinates": [106.8323629, -6.1248722]}, "properties": {"kind": "tree", "name": ""}}, {"type": "Feature", "geometry": {"type": "Point", "coordinates": [106.8323149, -6.1248579]}, "properties": {"kind": "tree", "name": ""}}, {"type": "Feature", "geometry": {"type": "Point", "coordinates": [106.83224, -6.1248669]}, "properties": {"kind": "tree", "name": ""}}, {"type": "Feature", "geometry": {"type": "Point", "coordinates": [106.8328499, -6.1253523]}, "properties": {"kind": "tree", "name": ""}}, {"type": "Feature", "geometry": {"type": "Point", "coordinates": [106.832909, -6.125443]}, "properties": {"kind": "tree", "name": ""}}, {"type": "Feature", "geometry": {"type": "Point", "coordinates": [106.8328077, -6.1250364]}, "properties": {"kind": "tree", "name": ""}}, {"type": "Feature", "geometry": {"type": "Point", "coordinates": [106.8327468, -6.1249768]}, "properties": {"kind": "tree", "name": ""}}, {"type": "Feature", "geometry": {"type": "Point", "coordinates": [106.8329623, -6.1253733]}, "properties": {"kind": "tree", "name": ""}}, {"type": "Feature", "geometry": {"type": "Point", "coordinates": [106.8333466, -6.1264311]}, "properties": {"kind": "tree", "name": ""}}, {"type": "Feature", "geometry": {"type": "Point", "coordinates": [106.8334008, -6.1266762]}, "properties": {"kind": "tree", "name": ""}}, {"type": "Feature", "geometry": {"type": "Point", "coordinates": [106.8332257, -6.1264219]}, "properties": {"kind": "tree", "name": ""}}, {"type": "Feature", "geometry": {"type": "Point", "coordinates": [106.833293, -6.1264591]}, "properties": {"kind": "tree", "name": ""}}, {"type": "Feature", "geometry": {"type": "Point", "coordinates": [106.8332903, -6.1264204]}, "properties": {"kind": "tree", "name": ""}}, {"type": "Feature", "geometry": {"type": "Point", "coordinates": [106.8326446, -6.1254329]}, "properties": {"kind": "tree", "name": ""}}, {"type": "Feature", "geometry": {"type": "Point", "coordinates": [106.8326564, -6.1254892]}, "properties": {"kind": "tree", "name": ""}}, {"type": "Feature", "geometry": {"type": "Point", "coordinates": [106.8327206, -6.1254631]}, "properties": {"kind": "tree", "name": ""}}, {"type": "Feature", "geometry": {"type": "Point", "coordinates": [106.8328398, -6.1257672]}, "properties": {"kind": "tree", "name": ""}}, {"type": "Feature", "geometry": {"type": "Point", "coordinates": [106.8327764, -6.1257101]}, "properties": {"kind": "tree", "name": ""}}, {"type": "Feature", "geometry": {"type": "Point", "coordinates": [106.832799, -6.1258082]}, "properties": {"kind": "tree", "name": ""}}, {"type": "Feature", "geometry": {"type": "Point", "coordinates": [106.8330146, -6.1258428]}, "properties": {"kind": "tree", "name": ""}}, {"type": "Feature", "geometry": {"type": "Point", "coordinates": [106.832829, -6.1258857]}, "properties": {"kind": "tree", "name": ""}}, {"type": "Feature", "geometry": {"type": "Point", "coordinates": [106.832904, -6.1260335]}, "properties": {"kind": "tree", "name": ""}}, {"type": "Feature", "geometry": {"type": "Point", "coordinates": [106.833063, -6.1260951]}, "properties": {"kind": "tree", "name": ""}}, {"type": "Feature", "geometry": {"type": "Point", "coordinates": [106.8331026, -6.1260371]}, "properties": {"kind": "tree", "name": ""}}, {"type": "Feature", "geometry": {"type": "Point", "coordinates": [106.8331441, -6.1259237]}, "properties": {"kind": "tree", "name": ""}}, {"type": "Feature", "geometry": {"type": "Point", "coordinates": [106.833116, -6.1262004]}, "properties": {"kind": "tree", "name": ""}}, {"type": "Feature", "geometry": {"type": "Point", "coordinates": [106.8328518, -6.1262151]}, "properties": {"kind": "tree", "name": ""}}, {"type": "Feature", "geometry": {"type": "Point", "coordinates": [106.8328384, -6.1260911]}, "properties": {"kind": "tree", "name": ""}}, {"type": "Feature", "geometry": {"type": "Point", "coordinates": [106.8328102, -6.1262738]}, "properties": {"kind": "tree", "name": ""}}, {"type": "Feature", "geometry": {"type": "Point", "coordinates": [106.8328263, -6.1264058]}, "properties": {"kind": "tree", "name": ""}}, {"type": "Feature", "geometry": {"type": "Point", "coordinates": [106.8331991, -6.1263351]}, "properties": {"kind": "tree", "name": ""}}, {"type": "Feature", "geometry": {"type": "Point", "coordinates": [106.8331173, -6.1264204]}, "properties": {"kind": "tree", "name": ""}}, {"type": "Feature", "geometry": {"type": "Point", "coordinates": [106.8330355, -6.1264898]}, "properties": {"kind": "tree", "name": ""}}, {"type": "Feature", "geometry": {"type": "Point", "coordinates": [106.8329671, -6.1265725]}, "properties": {"kind": "tree", "name": ""}}, {"type": "Feature", "geometry": {"type": "Point", "coordinates": [106.8330824, -6.1258991]}, "properties": {"kind": "tree", "name": ""}}, {"type": "Feature", "geometry": {"type": "Point", "coordinates": [106.8331361, -6.1257631]}, "properties": {"kind": "tree", "name": ""}}, {"type": "Feature", "geometry": {"type": "Point", "coordinates": [106.833279, -6.1257417]}, "properties": {"kind": "tree", "name": ""}}, {"type": "Feature", "geometry": {"type": "Point", "coordinates": [106.8337516, -6.1269365]}, "properties": {"kind": "tree", "name": ""}}, {"type": "Feature", "geometry": {"type": "Point", "coordinates": [106.8336792, -6.1268738]}, "properties": {"kind": "tree", "name": ""}}, {"type": "Feature", "geometry": {"type": "Point", "coordinates": [106.8338522, -6.1268698]}, "properties": {"kind": "tree", "name": ""}}, {"type": "Feature", "geometry": {"type": "Point", "coordinates": [106.8335103, -6.1257433]}, "properties": {"kind": "tree", "name": ""}}, {"type": "Feature", "geometry": {"type": "Point", "coordinates": [106.8333794, -6.125739]}, "properties": {"kind": "tree", "name": ""}}, {"type": "Feature", "geometry": {"type": "Point", "coordinates": [106.8333028, -6.1257168]}, "properties": {"kind": "tree", "name": ""}}, {"type": "Feature", "geometry": {"type": "Point", "coordinates": [106.8333326, -6.1266545]}, "properties": {"kind": "tree", "name": ""}}, {"type": "Feature", "geometry": {"type": "Point", "coordinates": [106.8333635, -6.1265794]}, "properties": {"kind": "tree", "name": ""}}, {"type": "Feature", "geometry": {"type": "Point", "coordinates": [106.8333996, -6.126627]}, "properties": {"kind": "tree", "name": ""}}, {"type": "Feature", "geometry": {"type": "Point", "coordinates": [106.8336308, -6.126847]}, "properties": {"kind": "tree", "name": ""}}, {"type": "Feature", "geometry": {"type": "Point", "coordinates": [106.8329654, -6.1266153]}, "properties": {"kind": "tree", "name": ""}}, {"type": "Feature", "geometry": {"type": "Point", "coordinates": [106.8332166, -6.1266968]}, "properties": {"kind": "tree", "name": ""}}, {"type": "Feature", "geometry": {"type": "Point", "coordinates": [106.8331165, -6.1266704]}, "properties": {"kind": "tree", "name": ""}}, {"type": "Feature", "geometry": {"type": "Point", "coordinates": [106.8329813, -6.1264111]}, "properties": {"kind": "tree", "name": ""}}, {"type": "Feature", "geometry": {"type": "Point", "coordinates": [106.8329642, -6.1263857]}, "properties": {"kind": "tree", "name": ""}}, {"type": "Feature", "geometry": {"type": "Point", "coordinates": [106.830769, -6.1296286]}, "properties": {"kind": "tree", "name": ""}}, {"type": "Feature", "geometry": {"type": "Point", "coordinates": [106.8306034, -6.1272265]}, "properties": {"kind": "tree", "name": ""}}, {"type": "Feature", "geometry": {"type": "Point", "coordinates": [106.8304881, -6.1272245]}, "properties": {"kind": "tree", "name": ""}}, {"type": "Feature", "geometry": {"type": "Point", "coordinates": [106.8304592, -6.1272319]}, "properties": {"kind": "tree", "name": ""}}, {"type": "Feature", "geometry": {"type": "Point", "coordinates": [106.8304177, -6.1272432]}, "properties": {"kind": "tree", "name": ""}}, {"type": "Feature", "geometry": {"type": "Point", "coordinates": [106.8303902, -6.1272892]}, "properties": {"kind": "tree", "name": ""}}, {"type": "Feature", "geometry": {"type": "Point", "coordinates": [106.8303828, -6.1273339]}, "properties": {"kind": "tree", "name": ""}}, {"type": "Feature", "geometry": {"type": "Point", "coordinates": [106.8317114, -6.1253495]}, "properties": {"kind": "tree", "name": ""}}, {"type": "Feature", "geometry": {"type": "Point", "coordinates": [106.8316178, -6.1253644]}, "properties": {"kind": "tree", "name": ""}}, {"type": "Feature", "geometry": {"type": "Point", "coordinates": [106.8315028, -6.1253749]}, "properties": {"kind": "tree", "name": ""}}, {"type": "Feature", "geometry": {"type": "Point", "coordinates": [106.8305266, -6.1266795]}, "properties": {"kind": "tree", "name": ""}}, {"type": "Feature", "geometry": {"type": "Point", "coordinates": [106.8306102, -6.1266929]}, "properties": {"kind": "tree", "name": ""}}, {"type": "Feature", "geometry": {"type": "Point", "coordinates": [106.8306459, -6.1266905]}, "properties": {"kind": "tree", "name": ""}}, {"type": "Feature", "geometry": {"type": "Point", "coordinates": [106.8314237, -6.12838]}, "properties": {"kind": "tree", "name": ""}}, {"type": "Feature", "geometry": {"type": "Point", "coordinates": [106.8306374, -6.1272832]}, "properties": {"kind": "tree", "name": ""}}, {"type": "Feature", "geometry": {"type": "Point", "coordinates": [106.8306647, -6.1269962]}, "properties": {"kind": "tree", "name": ""}}, {"type": "Feature", "geometry": {"type": "Point", "coordinates": [106.8306647, -6.1270726]}, "properties": {"kind": "tree", "name": ""}}, {"type": "Feature", "geometry": {"type": "Point", "coordinates": [106.8303018, -6.1271155]}, "properties": {"kind": "tree", "name": ""}}, {"type": "Feature", "geometry": {"type": "Point", "coordinates": [106.8303263, -6.1269785]}, "properties": {"kind": "tree", "name": ""}}, {"type": "Feature", "geometry": {"type": "Point", "coordinates": [106.8304193, -6.1270432]}, "properties": {"kind": "tree", "name": ""}}, {"type": "Feature", "geometry": {"type": "Point", "coordinates": [106.8304083, -6.1271197]}, "properties": {"kind": "tree", "name": ""}}, {"type": "Feature", "geometry": {"type": "Point", "coordinates": [106.8303804, -6.1271911]}, "properties": {"kind": "tree", "name": ""}}, {"type": "Feature", "geometry": {"type": "Point", "coordinates": [106.8305469, -6.1270936]}, "properties": {"kind": "tree", "name": ""}}, {"type": "Feature", "geometry": {"type": "Point", "coordinates": [106.8305883, -6.1271432]}, "properties": {"kind": "tree", "name": ""}}, {"type": "Feature", "geometry": {"type": "Point", "coordinates": [106.830655, -6.1271423]}, "properties": {"kind": "tree", "name": ""}}, {"type": "Feature", "geometry": {"type": "Point", "coordinates": [106.8305704, -6.1269604]}, "properties": {"kind": "tree", "name": ""}}, {"type": "Feature", "geometry": {"type": "Point", "coordinates": [106.8318017, -6.1260564]}, "properties": {"kind": "tree", "name": ""}}, {"type": "Feature", "geometry": {"type": "Point", "coordinates": [106.8323341, -6.1257804]}, "properties": {"kind": "tree", "name": ""}}, {"type": "Feature", "geometry": {"type": "Point", "coordinates": [106.8322054, -6.1256324]}, "properties": {"kind": "tree", "name": ""}}, {"type": "Feature", "geometry": {"type": "Point", "coordinates": [106.8322657, -6.1254217]}, "properties": {"kind": "tree", "name": ""}}, {"type": "Feature", "geometry": {"type": "Point", "coordinates": [106.8322898, -6.1255404]}, "properties": {"kind": "tree", "name": ""}}, {"type": "Feature", "geometry": {"type": "Point", "coordinates": [106.8320619, -6.125363]}, "properties": {"kind": "tree", "name": ""}}, {"type": "Feature", "geometry": {"type": "Point", "coordinates": [106.8321423, -6.1254004]}, "properties": {"kind": "tree", "name": ""}}, {"type": "Feature", "geometry": {"type": "Point", "coordinates": [106.8321463, -6.1254924]}, "properties": {"kind": "tree", "name": ""}}, {"type": "Feature", "geometry": {"type": "Point", "coordinates": [106.831357, -6.1253591]}, "properties": {"kind": "tree", "name": ""}}, {"type": "Feature", "geometry": {"type": "Point", "coordinates": [106.8313762, -6.1254194]}, "properties": {"kind": "tree", "name": ""}}, {"type": "Feature", "geometry": {"type": "Point", "coordinates": [106.8320156, -6.1255997]}, "properties": {"kind": "tree", "name": ""}}, {"type": "Feature", "geometry": {"type": "Point", "coordinates": [106.8319814, -6.1256164]}, "properties": {"kind": "tree", "name": ""}}, {"type": "Feature", "geometry": {"type": "Point", "coordinates": [106.8319472, -6.1256451]}, "properties": {"kind": "tree", "name": ""}}, {"type": "Feature", "geometry": {"type": "Point", "coordinates": [106.8318164, -6.1257577]}, "properties": {"kind": "tree", "name": ""}}, {"type": "Feature", "geometry": {"type": "Point", "coordinates": [106.8317306, -6.1257044]}, "properties": {"kind": "tree", "name": ""}}, {"type": "Feature", "geometry": {"type": "Point", "coordinates": [106.8317708, -6.1256904]}, "properties": {"kind": "tree", "name": ""}}, {"type": "Feature", "geometry": {"type": "Point", "coordinates": [106.8317621, -6.1256604]}, "properties": {"kind": "tree", "name": ""}}, {"type": "Feature", "geometry": {"type": "Point", "coordinates": [106.8317876, -6.1257151]}, "properties": {"kind": "tree", "name": ""}}, {"type": "Feature", "geometry": {"type": "Point", "coordinates": [106.8316931, -6.1257204]}, "properties": {"kind": "tree", "name": ""}}, {"type": "Feature", "geometry": {"type": "Point", "coordinates": [106.8316461, -6.1257391]}, "properties": {"kind": "tree", "name": ""}}, {"type": "Feature", "geometry": {"type": "Point", "coordinates": [106.8316481, -6.1257464]}, "properties": {"kind": "tree", "name": ""}}, {"type": "Feature", "geometry": {"type": "Point", "coordinates": [106.8316662, -6.1261244]}, "properties": {"kind": "tree", "name": ""}}, {"type": "Feature", "geometry": {"type": "Point", "coordinates": [106.8315858, -6.1260738]}, "properties": {"kind": "tree", "name": ""}}, {"type": "Feature", "geometry": {"type": "Point", "coordinates": [106.8317963, -6.1261391]}, "properties": {"kind": "tree", "name": ""}}, {"type": "Feature", "geometry": {"type": "Point", "coordinates": [106.8318701, -6.1260444]}, "properties": {"kind": "tree", "name": ""}}, {"type": "Feature", "geometry": {"type": "Point", "coordinates": [106.8320002, -6.1260271]}, "properties": {"kind": "tree", "name": ""}}, {"type": "Feature", "geometry": {"type": "Point", "coordinates": [106.8321168, -6.1260097]}, "properties": {"kind": "tree", "name": ""}}, {"type": "Feature", "geometry": {"type": "Point", "coordinates": [106.8321571, -6.1260938]}, "properties": {"kind": "tree", "name": ""}}, {"type": "Feature", "geometry": {"type": "Point", "coordinates": [106.8321276, -6.1257671]}, "properties": {"kind": "tree", "name": ""}}, {"type": "Feature", "geometry": {"type": "Point", "coordinates": [106.8321893, -6.1257511]}, "properties": {"kind": "tree", "name": ""}}, {"type": "Feature", "geometry": {"type": "Point", "coordinates": [106.832259, -6.1257311]}, "properties": {"kind": "tree", "name": ""}}, {"type": "Feature", "geometry": {"type": "Point", "coordinates": [106.8323569, -6.1259004]}, "properties": {"kind": "tree", "name": ""}}, {"type": "Feature", "geometry": {"type": "Point", "coordinates": [106.8323703, -6.1260524]}, "properties": {"kind": "tree", "name": ""}}, {"type": "Feature", "geometry": {"type": "Point", "coordinates": [106.8322845, -6.1264365]}, "properties": {"kind": "tree", "name": ""}}, {"type": "Feature", "geometry": {"type": "Point", "coordinates": [106.8320686, -6.1264951]}, "properties": {"kind": "tree", "name": ""}}, {"type": "Feature", "geometry": {"type": "Point", "coordinates": [106.8319385, -6.1261738]}, "properties": {"kind": "tree", "name": ""}}, {"type": "Feature", "geometry": {"type": "Point", "coordinates": [106.8314409, -6.1260684]}, "properties": {"kind": "tree", "name": ""}}, {"type": "Feature", "geometry": {"type": "Point", "coordinates": [106.8309286, -6.1266525]}, "properties": {"kind": "tree", "name": ""}}, {"type": "Feature", "geometry": {"type": "Point", "coordinates": [106.8309876, -6.1266351]}, "properties": {"kind": "tree", "name": ""}}, {"type": "Feature", "geometry": {"type": "Point", "coordinates": [106.8308723, -6.1266551]}, "properties": {"kind": "tree", "name": ""}}, {"type": "Feature", "geometry": {"type": "Point", "coordinates": [106.8313792, -6.1263298]}, "properties": {"kind": "tree", "name": ""}}, {"type": "Feature", "geometry": {"type": "Point", "coordinates": [106.8313564, -6.1262311]}, "properties": {"kind": "tree", "name": ""}}, {"type": "Feature", "geometry": {"type": "Point", "coordinates": [106.8313994, -6.1264351]}, "properties": {"kind": "tree", "name": ""}}, {"type": "Feature", "geometry": {"type": "Point", "coordinates": [106.8312907, -6.1263311]}, "properties": {"kind": "tree", "name": ""}}, {"type": "Feature", "geometry": {"type": "Point", "coordinates": [106.8312719, -6.1264591]}, "properties": {"kind": "tree", "name": ""}}, {"type": "Feature", "geometry": {"type": "Point", "coordinates": [106.8311191, -6.1265045]}, "properties": {"kind": "tree", "name": ""}}, {"type": "Feature", "geometry": {"type": "Point", "coordinates": [106.8311311, -6.1264365]}, "properties": {"kind": "tree", "name": ""}}, {"type": "Feature", "geometry": {"type": "Point", "coordinates": [106.8311097, -6.1263591]}, "properties": {"kind": "tree", "name": ""}}, {"type": "Feature", "geometry": {"type": "Point", "coordinates": [106.8310493, -6.1263538]}, "properties": {"kind": "tree", "name": ""}}, {"type": "Feature", "geometry": {"type": "Point", "coordinates": [106.8310279, -6.1262538]}, "properties": {"kind": "tree", "name": ""}}, {"type": "Feature", "geometry": {"type": "Point", "coordinates": [106.8310118, -6.1261298]}, "properties": {"kind": "tree", "name": ""}}, {"type": "Feature", "geometry": {"type": "Point", "coordinates": [106.831402, -6.1261618]}, "properties": {"kind": "tree", "name": ""}}, {"type": "Feature", "geometry": {"type": "Point", "coordinates": [106.8313189, -6.1258711]}, "properties": {"kind": "tree", "name": ""}}, {"type": "Feature", "geometry": {"type": "Point", "coordinates": [106.8312523, -6.1254018]}, "properties": {"kind": "tree", "name": ""}}, {"type": "Feature", "geometry": {"type": "Point", "coordinates": [106.8312041, -6.1253884]}, "properties": {"kind": "tree", "name": ""}}, {"type": "Feature", "geometry": {"type": "Point", "coordinates": [106.8308459, -6.125448]}, "properties": {"kind": "tree", "name": ""}}, {"type": "Feature", "geometry": {"type": "Point", "coordinates": [106.8308045, -6.1254564]}, "properties": {"kind": "tree", "name": ""}}, {"type": "Feature", "geometry": {"type": "Point", "coordinates": [106.8306913, -6.1254589]}, "properties": {"kind": "tree", "name": ""}}, {"type": "Feature", "geometry": {"type": "Point", "coordinates": [106.8303323, -6.1254657]}, "properties": {"kind": "tree", "name": ""}}, {"type": "Feature", "geometry": {"type": "Point", "coordinates": [106.8302976, -6.1255278]}, "properties": {"kind": "tree", "name": ""}}, {"type": "Feature", "geometry": {"type": "Point", "coordinates": [106.8304286, -6.1254951]}, "properties": {"kind": "tree", "name": ""}}, {"type": "Feature", "geometry": {"type": "Point", "coordinates": [106.8303728, -6.1255177]}, "properties": {"kind": "tree", "name": ""}}, {"type": "Feature", "geometry": {"type": "Point", "coordinates": [106.8305367, -6.1254984]}, "properties": {"kind": "tree", "name": ""}}, {"type": "Feature", "geometry": {"type": "Point", "coordinates": [106.830617, -6.1254976]}, "properties": {"kind": "tree", "name": ""}}, {"type": "Feature", "geometry": {"type": "Point", "coordinates": [106.8306761, -6.1255085]}, "properties": {"kind": "tree", "name": ""}}, {"type": "Feature", "geometry": {"type": "Point", "coordinates": [106.8307412, -6.1255186]}, "properties": {"kind": "tree", "name": ""}}, {"type": "Feature", "geometry": {"type": "Point", "coordinates": [106.8303728, -6.1256815]}, "properties": {"kind": "tree", "name": ""}}, {"type": "Feature", "geometry": {"type": "Point", "coordinates": [106.8304151, -6.1257656]}, "properties": {"kind": "tree", "name": ""}}, {"type": "Feature", "geometry": {"type": "Point", "coordinates": [106.8304218, -6.1259184]}, "properties": {"kind": "tree", "name": ""}}, {"type": "Feature", "geometry": {"type": "Point", "coordinates": [106.8319148, -6.1255686]}, "properties": {"kind": "tree", "name": ""}}, {"type": "Feature", "geometry": {"type": "Point", "coordinates": [106.8317955, -6.1254501]}, "properties": {"kind": "tree", "name": ""}}, {"type": "Feature", "geometry": {"type": "Point", "coordinates": [106.831721, -6.1255718]}, "properties": {"kind": "tree", "name": ""}}, {"type": "Feature", "geometry": {"type": "Point", "coordinates": [106.831655, -6.1256194]}, "properties": {"kind": "tree", "name": ""}}, {"type": "Feature", "geometry": {"type": "Point", "coordinates": [106.8315901, -6.1256575]}, "properties": {"kind": "tree", "name": ""}}, {"type": "Feature", "geometry": {"type": "Point", "coordinates": [106.8315475, -6.125685]}, "properties": {"kind": "tree", "name": ""}}, {"type": "Feature", "geometry": {"type": "Point", "coordinates": [106.8314421, -6.1257803]}, "properties": {"kind": "tree", "name": ""}}, {"type": "Feature", "geometry": {"type": "Point", "coordinates": [106.8313251, -6.1260428]}, "properties": {"kind": "tree", "name": ""}}, {"type": "Feature", "geometry": {"type": "Point", "coordinates": [106.8313144, -6.1259719]}, "properties": {"kind": "tree", "name": ""}}, {"type": "Feature", "geometry": {"type": "Point", "coordinates": [106.8313102, -6.1259052]}, "properties": {"kind": "tree", "name": ""}}, {"type": "Feature", "geometry": {"type": "Point", "coordinates": [106.8315801, -6.1265627]}, "properties": {"kind": "tree", "name": ""}}, {"type": "Feature", "geometry": {"type": "Point", "coordinates": [106.8316444, -6.1264688]}, "properties": {"kind": "tree", "name": ""}}, {"type": "Feature", "geometry": {"type": "Point", "coordinates": [106.8316588, -6.1263116]}, "properties": {"kind": "tree", "name": ""}}, {"type": "Feature", "geometry": {"type": "Point", "coordinates": [106.8316918, -6.1263391]}, "properties": {"kind": "tree", "name": ""}}, {"type": "Feature", "geometry": {"type": "Point", "coordinates": [106.8317045, -6.1263957]}, "properties": {"kind": "tree", "name": ""}}, {"type": "Feature", "geometry": {"type": "Point", "coordinates": [106.8317455, -6.1264561]}, "properties": {"kind": "tree", "name": ""}}, {"type": "Feature", "geometry": {"type": "Point", "coordinates": [106.8317789, -6.1265058]}, "properties": {"kind": "tree", "name": ""}}, {"type": "Feature", "geometry": {"type": "Point", "coordinates": [106.8319935, -6.1264898]}, "properties": {"kind": "tree", "name": ""}}, {"type": "Feature", "geometry": {"type": "Point", "coordinates": [106.8321303, -6.1264605]}, "properties": {"kind": "tree", "name": ""}}, {"type": "Feature", "geometry": {"type": "Point", "coordinates": [106.8323542, -6.1264711]}, "properties": {"kind": "tree", "name": ""}}, {"type": "Feature", "geometry": {"type": "Point", "coordinates": [106.832428, -6.1263511]}, "properties": {"kind": "tree", "name": ""}}, {"type": "Feature", "geometry": {"type": "Point", "coordinates": [106.8307815, -6.1296613]}, "properties": {"kind": "tree", "name": ""}}, {"type": "Feature", "geometry": {"type": "Point", "coordinates": [106.8326385, -6.1289793]}, "properties": {"kind": "tree", "name": ""}}, {"type": "Feature", "geometry": {"type": "Point", "coordinates": [106.8325876, -6.1287913]}, "properties": {"kind": "tree", "name": ""}}, {"type": "Feature", "geometry": {"type": "Point", "coordinates": [106.8325339, -6.129002]}, "properties": {"kind": "tree", "name": ""}}, {"type": "Feature", "geometry": {"type": "Point", "coordinates": [106.831919, -6.1288654]}, "properties": {"kind": "tree", "name": ""}}, {"type": "Feature", "geometry": {"type": "Point", "coordinates": [106.8320734, -6.1287426]}, "properties": {"kind": "tree", "name": ""}}, {"type": "Feature", "geometry": {"type": "Point", "coordinates": [106.8320404, -6.1285542]}, "properties": {"kind": "tree", "name": ""}}, {"type": "Feature", "geometry": {"type": "Point", "coordinates": [106.8322107, -6.1286548]}, "properties": {"kind": "tree", "name": ""}}, {"type": "Feature", "geometry": {"type": "Point", "coordinates": [106.8323842, -6.1287744]}, "properties": {"kind": "tree", "name": ""}}, {"type": "Feature", "geometry": {"type": "Point", "coordinates": [106.8323405, -6.128514]}, "properties": {"kind": "tree", "name": ""}}, {"type": "Feature", "geometry": {"type": "Point", "coordinates": [106.832436, -6.1267871]}, "properties": {"kind": "tree", "name": ""}}, {"type": "Feature", "geometry": {"type": "Point", "coordinates": [106.8324508, -6.1269165]}, "properties": {"kind": "tree", "name": ""}}, {"type": "Feature", "geometry": {"type": "Point", "coordinates": [106.8325084, -6.1272298]}, "properties": {"kind": "tree", "name": ""}}, {"type": "Feature", "geometry": {"type": "Point", "coordinates": [106.8325728, -6.1275592]}, "properties": {"kind": "tree", "name": ""}}, {"type": "Feature", "geometry": {"type": "Point", "coordinates": [106.832483, -6.1275565]}, "properties": {"kind": "tree", "name": ""}}, {"type": "Feature", "geometry": {"type": "Point", "coordinates": [106.8314326, -6.1270313]}, "properties": {"kind": "tree", "name": ""}}, {"type": "Feature", "geometry": {"type": "Point", "coordinates": [106.8314464, -6.1271181]}, "properties": {"kind": "tree", "name": ""}}, {"type": "Feature", "geometry": {"type": "Point", "coordinates": [106.8323274, -6.1276446]}, "properties": {"kind": "tree", "name": ""}}, {"type": "Feature", "geometry": {"type": "Point", "coordinates": [106.8322027, -6.1276619]}, "properties": {"kind": "tree", "name": ""}}, {"type": "Feature", "geometry": {"type": "Point", "coordinates": [106.831123, -6.1273078]}, "properties": {"kind": "tree", "name": ""}}, {"type": "Feature", "geometry": {"type": "Point", "coordinates": [106.8311568, -6.1273523]}, "properties": {"kind": "tree", "name": ""}}, {"type": "Feature", "geometry": {"type": "Point", "coordinates": [106.8311205, -6.1273893]}, "properties": {"kind": "tree", "name": ""}}, {"type": "Feature", "geometry": {"type": "Point", "coordinates": [106.8311653, -6.1274372]}, "properties": {"kind": "tree", "name": ""}}, {"type": "Feature", "geometry": {"type": "Point", "coordinates": [106.8311813, -6.1275279]}, "properties": {"kind": "tree", "name": ""}}, {"type": "Feature", "geometry": {"type": "Point", "coordinates": [106.8311475, -6.1275758]}, "properties": {"kind": "tree", "name": ""}}, {"type": "Feature", "geometry": {"type": "Point", "coordinates": [106.8312033, -6.1276094]}, "properties": {"kind": "tree", "name": ""}}, {"type": "Feature", "geometry": {"type": "Point", "coordinates": [106.8313765, -6.1276018]}, "properties": {"kind": "tree", "name": ""}}, {"type": "Feature", "geometry": {"type": "Point", "coordinates": [106.8309727, -6.1275986]}, "properties": {"kind": "tree", "name": ""}}, {"type": "Feature", "geometry": {"type": "Point", "coordinates": [106.8311952, -6.1277023]}, "properties": {"kind": "tree", "name": ""}}, {"type": "Feature", "geometry": {"type": "Point", "coordinates": [106.8319478, -6.1277044]}, "properties": {"kind": "tree", "name": ""}}, {"type": "Feature", "geometry": {"type": "Point", "coordinates": [106.8314017, -6.1277848]}, "properties": {"kind": "tree", "name": ""}}, {"type": "Feature", "geometry": {"type": "Point", "coordinates": [106.8313378, -6.1277076]}, "properties": {"kind": "tree", "name": ""}}, {"type": "Feature", "geometry": {"type": "Point", "coordinates": [106.8314634, -6.1273001]}, "properties": {"kind": "tree", "name": ""}}, {"type": "Feature", "geometry": {"type": "Point", "coordinates": [106.8311271, -6.1270704]}, "properties": {"kind": "tree", "name": ""}}, {"type": "Feature", "geometry": {"type": "Point", "coordinates": [106.831175, -6.1271625]}, "properties": {"kind": "tree", "name": ""}}, {"type": "Feature", "geometry": {"type": "Point", "coordinates": [106.8313038, -6.127135]}, "properties": {"kind": "tree", "name": ""}}, {"type": "Feature", "geometry": {"type": "Point", "coordinates": [106.832266, -6.1269985]}, "properties": {"kind": "tree", "name": ""}}, {"type": "Feature", "geometry": {"type": "Point", "coordinates": [106.8322831, -6.1271466]}, "properties": {"kind": "tree", "name": ""}}, {"type": "Feature", "geometry": {"type": "Point", "coordinates": [106.8324079, -6.1272685]}, "properties": {"kind": "tree", "name": ""}}, {"type": "Feature", "geometry": {"type": "Point", "coordinates": [106.8323649, -6.1269885]}, "properties": {"kind": "tree", "name": ""}}, {"type": "Feature", "geometry": {"type": "Point", "coordinates": [106.8323582, -6.1269252]}, "properties": {"kind": "tree", "name": ""}}, {"type": "Feature", "geometry": {"type": "Point", "coordinates": [106.8323167, -6.1267045]}, "properties": {"kind": "tree", "name": ""}}, {"type": "Feature", "geometry": {"type": "Point", "coordinates": [106.8322425, -6.1267131]}, "properties": {"kind": "tree", "name": ""}}, {"type": "Feature", "geometry": {"type": "Point", "coordinates": [106.8320735, -6.1267375]}, "properties": {"kind": "tree", "name": ""}}, {"type": "Feature", "geometry": {"type": "Point", "coordinates": [106.8283372, -6.12426]}, "properties": {"kind": "green_area", "name": ""}}, {"type": "Feature", "geometry": {"type": "Point", "coordinates": [106.8340969, -6.1267893]}, "properties": {"kind": "green_area", "name": ""}}, {"type": "Feature", "geometry": {"type": "Point", "coordinates": [106.8283591, -6.1254704]}, "properties": {"kind": "green_area", "name": ""}}, {"type": "Feature", "geometry": {"type": "Point", "coordinates": [106.8322777, -6.1246633]}, "properties": {"kind": "green_area", "name": "Kawasan Jakarta"}}, {"type": "Feature", "geometry": {"type": "Point", "coordinates": [106.8306073, -6.1241625]}, "properties": {"kind": "green_area", "name": "Kawasan Amerika"}}, {"type": "Feature", "geometry": {"type": "Point", "coordinates": [106.8311104, -6.1245904]}, "properties": {"kind": "green_area", "name": "Kawasan Ballara"}}, {"type": "Feature", "geometry": {"type": "Point", "coordinates": [106.8326845, -6.1267798]}, "properties": {"kind": "green_area", "name": ""}}, {"type": "Feature", "geometry": {"type": "Point", "coordinates": [106.8331229, -6.1287406]}, "properties": {"kind": "green_area", "name": ""}}, {"type": "Feature", "geometry": {"type": "Point", "coordinates": [106.8328784, -6.128559]}, "properties": {"kind": "green_area", "name": ""}}, {"type": "Feature", "geometry": {"type": "Point", "coordinates": [106.8328089, -6.1281092]}, "properties": {"kind": "green_area", "name": ""}}, {"type": "Feature", "geometry": {"type": "Point", "coordinates": [106.8327156, -6.127421]}, "properties": {"kind": "green_area", "name": ""}}, {"type": "Feature", "geometry": {"type": "Point", "coordinates": [106.832976, -6.1278509]}, "properties": {"kind": "green_area", "name": ""}}, {"type": "Feature", "geometry": {"type": "Point", "coordinates": [106.8301996, -6.1254275]}, "properties": {"kind": "green_area", "name": ""}}, {"type": "Feature", "geometry": {"type": "Point", "coordinates": [106.8312101, -6.1266486]}, "properties": {"kind": "green_area", "name": ""}}, {"type": "Feature", "geometry": {"type": "Point", "coordinates": [106.8326014, -6.1258097]}, "properties": {"kind": "green_area", "name": ""}}, {"type": "Feature", "geometry": {"type": "Point", "coordinates": [106.8326704, -6.126319]}, "properties": {"kind": "green_area", "name": ""}}, {"type": "Feature", "geometry": {"type": "Point", "coordinates": [106.8865948, -6.1702169]}, "properties": {"kind": "green_area", "name": ""}}, {"type": "Feature", "geometry": {"type": "Point", "coordinates": [106.8769404, -6.1697859]}, "properties": {"kind": "green_area", "name": ""}}, {"type": "Feature", "geometry": {"type": "Point", "coordinates": [106.8762359, -6.1694367]}, "properties": {"kind": "green_area", "name": ""}}, {"type": "Feature", "geometry": {"type": "Point", "coordinates": [106.8701896, -6.1655535]}, "properties": {"kind": "tree", "name": ""}}, {"type": "Feature", "geometry": {"type": "Point", "coordinates": [106.8699636, -6.1656728]}, "properties": {"kind": "tree", "name": ""}}, {"type": "Feature", "geometry": {"type": "Point", "coordinates": [106.8687064, -6.1657695]}, "properties": {"kind": "tree", "name": ""}}, {"type": "Feature", "geometry": {"type": "Point", "coordinates": [106.868697, -6.1657335]}, "properties": {"kind": "tree", "name": ""}}, {"type": "Feature", "geometry": {"type": "Point", "coordinates": [106.8688391, -6.1658601]}, "properties": {"kind": "tree", "name": ""}}, {"type": "Feature", "geometry": {"type": "Point", "coordinates": [106.8688566, -6.1658095]}, "properties": {"kind": "tree", "name": ""}}, {"type": "Feature", "geometry": {"type": "Point", "coordinates": [106.8667261, -6.168509]}, "properties": {"kind": "tree", "name": ""}}, {"type": "Feature", "geometry": {"type": "Point", "coordinates": [106.8667354, -6.1689423]}, "properties": {"kind": "tree", "name": ""}}, {"type": "Feature", "geometry": {"type": "Point", "coordinates": [106.8704161, -6.165435]}, "properties": {"kind": "tree", "name": ""}}, {"type": "Feature", "geometry": {"type": "Point", "coordinates": [106.8699796, -6.165629]}, "properties": {"kind": "tree", "name": ""}}, {"type": "Feature", "geometry": {"type": "Point", "coordinates": [106.8702035, -6.1657303]}, "properties": {"kind": "tree", "name": ""}}, {"type": "Feature", "geometry": {"type": "Point", "coordinates": [106.8701928, -6.165649]}, "properties": {"kind": "tree", "name": ""}}, {"type": "Feature", "geometry": {"type": "Point", "coordinates": [106.8704946, -6.1656876]}, "properties": {"kind": "tree", "name": ""}}, {"type": "Feature", "geometry": {"type": "Point", "coordinates": [106.8705174, -6.1657383]}, "properties": {"kind": "tree", "name": ""}}, {"type": "Feature", "geometry": {"type": "Point", "coordinates": [106.8704476, -6.1657476]}, "properties": {"kind": "tree", "name": ""}}, {"type": "Feature", "geometry": {"type": "Point", "coordinates": [106.8705335, -6.1656876]}, "properties": {"kind": "tree", "name": ""}}, {"type": "Feature", "geometry": {"type": "Point", "coordinates": [106.8735583, -6.170193]}, "properties": {"kind": "green_area", "name": ""}}, {"type": "Feature", "geometry": {"type": "Point", "coordinates": [106.8673116, -6.1688061]}, "properties": {"kind": "green_area", "name": ""}}, {"type": "Feature", "geometry": {"type": "Point", "coordinates": [106.8646418, -6.1709599]}, "properties": {"kind": "tree", "name": ""}}, {"type": "Feature", "geometry": {"type": "Point", "coordinates": [106.8636208, -6.1698712]}, "properties": {"kind": "tree", "name": ""}}, {"type": "Feature", "geometry": {"type": "Point", "coordinates": [106.8635775, -6.1699915]}, "properties": {"kind": "tree", "name": ""}}, {"type": "Feature", "geometry": {"type": "Point", "coordinates": [106.8658361, -6.170902]}, "properties": {"kind": "tree", "name": ""}}, {"type": "Feature", "geometry": {"type": "Point", "coordinates": [106.8654655, -6.1709246]}, "properties": {"kind": "tree", "name": ""}}, {"type": "Feature", "geometry": {"type": "Point", "coordinates": [106.8657114, -6.170951]}, "properties": {"kind": "tree", "name": ""}}, {"type": "Feature", "geometry": {"type": "Point", "coordinates": [106.8653563, -6.1709784]}, "properties": {"kind": "tree", "name": ""}}, {"type": "Feature", "geometry": {"type": "Point", "coordinates": [106.8656042, -6.1710077]}, "properties": {"kind": "tree", "name": ""}}, {"type": "Feature", "geometry": {"type": "Point", "coordinates": [106.8652392, -6.1710292]}, "properties": {"kind": "tree", "name": ""}}, {"type": "Feature", "geometry": {"type": "Point", "coordinates": [106.865189, -6.1710507]}, "properties": {"kind": "tree", "name": ""}}, {"type": "Feature", "geometry": {"type": "Point", "coordinates": [106.8651379, -6.1710762]}, "properties": {"kind": "tree", "name": ""}}, {"type": "Feature", "geometry": {"type": "Point", "coordinates": [106.8654832, -6.1710811]}, "properties": {"kind": "tree", "name": ""}}, {"type": "Feature", "geometry": {"type": "Point", "coordinates": [106.8655125, -6.1712014]}, "properties": {"kind": "tree", "name": ""}}, {"type": "Feature", "geometry": {"type": "Point", "coordinates": [106.8655278, -6.1712595]}, "properties": {"kind": "tree", "name": ""}}, {"type": "Feature", "geometry": {"type": "Point", "coordinates": [106.8655501, -6.171366]}, "properties": {"kind": "tree", "name": ""}}, {"type": "Feature", "geometry": {"type": "Point", "coordinates": [106.8655821, -6.1714282]}, "properties": {"kind": "tree", "name": ""}}, {"type": "Feature", "geometry": {"type": "Point", "coordinates": [106.8655835, -6.1714808]}, "properties": {"kind": "tree", "name": ""}}, {"type": "Feature", "geometry": {"type": "Point", "coordinates": [106.8656057, -6.1715112]}, "properties": {"kind": "tree", "name": ""}}, {"type": "Feature", "geometry": {"type": "Point", "coordinates": [106.8656336, -6.171561]}, "properties": {"kind": "tree", "name": ""}}, {"type": "Feature", "geometry": {"type": "Point", "coordinates": [106.8657268, -6.1716136]}, "properties": {"kind": "tree", "name": ""}}, {"type": "Feature", "geometry": {"type": "Point", "coordinates": [106.8656669, -6.1716316]}, "properties": {"kind": "tree", "name": ""}}, {"type": "Feature", "geometry": {"type": "Point", "coordinates": [106.8658715, -6.1719525]}, "properties": {"kind": "tree", "name": ""}}, {"type": "Feature", "geometry": {"type": "Point", "coordinates": [106.8659285, -6.1719995]}, "properties": {"kind": "tree", "name": ""}}, {"type": "Feature", "geometry": {"type": "Point", "coordinates": [106.8671521, -6.1720182]}, "properties": {"kind": "tree", "name": ""}}, {"type": "Feature", "geometry": {"type": "Point", "coordinates": [106.8670596, -6.1720397]}, "properties": {"kind": "tree", "name": ""}}, {"type": "Feature", "geometry": {"type": "Point", "coordinates": [106.8673006, -6.1720456]}, "properties": {"kind": "tree", "name": ""}}, {"type": "Feature", "geometry": {"type": "Point", "coordinates": [106.8671658, -6.1720749]}, "properties": {"kind": "tree", "name": ""}}, {"type": "Feature", "geometry": {"type": "Point", "coordinates": [106.8669838, -6.1720818]}, "properties": {"kind": "tree", "name": ""}}, {"type": "Feature", "geometry": {"type": "Point", "coordinates": [106.8659076, -6.1720853]}, "properties": {"kind": "tree", "name": ""}}, {"type": "Feature", "geometry": {"type": "Point", "coordinates": [106.8673232, -6.1720916]}, "properties": {"kind": "tree", "name": ""}}, {"type": "Feature", "geometry": {"type": "Point", "coordinates": [106.8670566, -6.1720925]}, "properties": {"kind": "tree", "name": ""}}, {"type": "Feature", "geometry": {"type": "Point", "coordinates": [106.8671609, -6.1721238]}, "properties": {"kind": "tree", "name": ""}}, {"type": "Feature", "geometry": {"type": "Point", "coordinates": [106.8670173, -6.1721405]}, "properties": {"kind": "tree", "name": ""}}, {"type": "Feature", "geometry": {"type": "Point", "coordinates": [106.8659716, -6.172142]}, "properties": {"kind": "tree", "name": ""}}, {"type": "Feature", "geometry": {"type": "Point", "coordinates": [106.867219, -6.1721551]}, "properties": {"kind": "tree", "name": ""}}, {"type": "Feature", "geometry": {"type": "Point", "coordinates": [106.867093, -6.1721776]}, "properties": {"kind": "tree", "name": ""}}, {"type": "Feature", "geometry": {"type": "Point", "coordinates": [106.8673036, -6.1723292]}, "properties": {"kind": "tree", "name": ""}}, {"type": "Feature", "geometry": {"type": "Point", "coordinates": [106.8674403, -6.172342]}, "properties": {"kind": "tree", "name": ""}}, {"type": "Feature", "geometry": {"type": "Point", "coordinates": [106.867335, -6.1723928]}, "properties": {"kind": "tree", "name": ""}}, {"type": "Feature", "geometry": {"type": "Point", "coordinates": [106.8674531, -6.1724016]}, "properties": {"kind": "tree", "name": ""}}, {"type": "Feature", "geometry": {"type": "Point", "coordinates": [106.866106, -6.172386]}, "properties": {"kind": "tree", "name": ""}}, {"type": "Feature", "geometry": {"type": "Point", "coordinates": [106.8674649, -6.1724496]}, "properties": {"kind": "tree", "name": ""}}, {"type": "Feature", "geometry": {"type": "Point", "coordinates": [106.8674895, -6.1724926]}, "properties": {"kind": "tree", "name": ""}}, {"type": "Feature", "geometry": {"type": "Point", "coordinates": [106.866126, -6.1724823]}, "properties": {"kind": "tree", "name": ""}}, {"type": "Feature", "geometry": {"type": "Point", "coordinates": [106.8661771, -6.1725861]}, "properties": {"kind": "tree", "name": ""}}, {"type": "Feature", "geometry": {"type": "Point", "coordinates": [106.8671501, -6.1725796]}, "properties": {"kind": "tree", "name": ""}}, {"type": "Feature", "geometry": {"type": "Point", "coordinates": [106.8674147, -6.1725894]}, "properties": {"kind": "tree", "name": ""}}, {"type": "Feature", "geometry": {"type": "Point", "coordinates": [106.8671668, -6.172607]}, "properties": {"kind": "tree", "name": ""}}, {"type": "Feature", "geometry": {"type": "Point", "coordinates": [106.8636541, -6.1698252]}, "properties": {"kind": "tree", "name": ""}}, {"type": "Feature", "geometry": {"type": "Point", "coordinates": [106.8631995, -6.1697785]}, "properties": {"kind": "tree", "name": ""}}, {"type": "Feature", "geometry": {"type": "Point", "coordinates": [106.8633282, -6.1696638]}, "properties": {"kind": "tree", "name": ""}}, {"type": "Feature", "geometry": {"type": "Point", "coordinates": [106.8633282, -6.1696025]}, "properties": {"kind": "tree", "name": ""}}, {"type": "Feature", "geometry": {"type": "Point", "coordinates": [106.8633497, -6.1695652]}, "properties": {"kind": "tree", "name": ""}}, {"type": "Feature", "geometry": {"type": "Point", "coordinates": [106.866651, -6.1685437]}, "properties": {"kind": "tree", "name": ""}}, {"type": "Feature", "geometry": {"type": "Point", "coordinates": [106.866545, -6.168589]}, "properties": {"kind": "tree", "name": ""}}, {"type": "Feature", "geometry": {"type": "Point", "coordinates": [106.8664699, -6.1686157]}, "properties": {"kind": "tree", "name": ""}}, {"type": "Feature", "geometry": {"type": "Point", "coordinates": [106.8664082, -6.1686663]}, "properties": {"kind": "tree", "name": ""}}, {"type": "Feature", "geometry": {"type": "Point", "coordinates": [106.8663143, -6.1686997]}, "properties": {"kind": "tree", "name": ""}}, {"type": "Feature", "geometry": {"type": "Point", "coordinates": [106.8662298, -6.1687423]}, "properties": {"kind": "tree", "name": ""}}, {"type": "Feature", "geometry": {"type": "Point", "coordinates": [106.8661547, -6.1687703]}, "properties": {"kind": "tree", "name": ""}}, {"type": "Feature", "geometry": {"type": "Point", "coordinates": [106.8661051, -6.1687943]}, "properties": {"kind": "tree", "name": ""}}, {"type": "Feature", "geometry": {"type": "Point", "coordinates": [106.8661373, -6.1688343]}, "properties": {"kind": "tree", "name": ""}}, {"type": "Feature", "geometry": {"type": "Point", "coordinates": [106.8662701, -6.1688117]}, "properties": {"kind": "tree", "name": ""}}, {"type": "Feature", "geometry": {"type": "Point", "coordinates": [106.8665048, -6.169037]}, "properties": {"kind": "tree", "name": ""}}, {"type": "Feature", "geometry": {"type": "Point", "coordinates": [106.8664364, -6.1689837]}, "properties": {"kind": "tree", "name": ""}}, {"type": "Feature", "geometry": {"type": "Point", "coordinates": [106.8664484, -6.1690223]}, "properties": {"kind": "tree", "name": ""}}, {"type": "Feature", "geometry": {"type": "Point", "coordinates": [106.8666255, -6.1690143]}, "properties": {"kind": "tree", "name": ""}}, {"type": "Feature", "geometry": {"type": "Point", "coordinates": [106.8665329, -6.168985]}, "properties": {"kind": "tree", "name": ""}}, {"type": "Feature", "geometry": {"type": "Point", "coordinates": [106.8665504, -6.1689423]}, "properties": {"kind": "tree", "name": ""}}, {"type": "Feature", "geometry": {"type": "Point", "coordinates": [106.8665893, -6.168909]}, "properties": {"kind": "tree", "name": ""}}, {"type": "Feature", "geometry": {"type": "Point", "coordinates": [106.8666268, -6.168945]}, "properties": {"kind": "tree", "name": ""}}, {"type": "Feature", "geometry": {"type": "Point", "coordinates": [106.8666697, -6.1688917]}, "properties": {"kind": "tree", "name": ""}}, {"type": "Feature", "geometry": {"type": "Point", "coordinates": [106.8655263, -6.1671493]}, "properties": {"kind": "tree", "name": ""}}, {"type": "Feature", "geometry": {"type": "Point", "coordinates": [106.8654137, -6.1670719]}, "properties": {"kind": "tree", "name": ""}}, {"type": "Feature", "geometry": {"type": "Point", "coordinates": [106.8654445, -6.1671106]}, "properties": {"kind": "tree", "name": ""}}, {"type": "Feature", "geometry": {"type": "Point", "coordinates": [106.8653546, -6.1670653]}, "properties": {"kind": "tree", "name": ""}}, {"type": "Feature", "geometry": {"type": "Point", "coordinates": [106.8653895, -6.1670833]}, "properties": {"kind": "tree", "name": ""}}, {"type": "Feature", "geometry": {"type": "Point", "coordinates": [106.8654988, -6.1671393]}, "properties": {"kind": "tree", "name": ""}}, {"type": "Feature", "geometry": {"type": "Point", "coordinates": [106.8656953, -6.1670553]}, "properties": {"kind": "tree", "name": ""}}, {"type": "Feature", "geometry": {"type": "Point", "coordinates": [106.865759, -6.1669606]}, "properties": {"kind": "tree", "name": ""}}, {"type": "Feature", "geometry": {"type": "Point", "coordinates": [106.8650564, -6.1726163]}, "properties": {"kind": "tree", "name": ""}}, {"type": "Feature", "geometry": {"type": "Point", "coordinates": [106.8653367, -6.1714417]}, "properties": {"kind": "tree", "name": ""}}, {"type": "Feature", "geometry": {"type": "Point", "coordinates": [106.8653568, -6.171431]}, "properties": {"kind": "tree", "name": ""}}, {"type": "Feature", "geometry": {"type": "Point", "coordinates": [106.8637069, -6.1720304]}, "properties": {"kind": "tree", "name": ""}}, {"type": "Feature", "geometry": {"type": "Point", "coordinates": [106.8644271, -6.1716944]}, "properties": {"kind": "tree", "name": ""}}, {"type": "Feature", "geometry": {"type": "Point", "coordinates": [106.8634433, -6.17177]}, "properties": {"kind": "tree", "name": ""}}, {"type": "Feature", "geometry": {"type": "Point", "coordinates": [106.863557, -6.1717113]}, "properties": {"kind": "tree", "name": ""}}, {"type": "Feature", "geometry": {"type": "Point", "coordinates": [106.8636771, -6.1716556]}, "properties": {"kind": "tree", "name": ""}}, {"type": "Feature", "geometry": {"type": "Point", "coordinates": [106.8632956, -6.1718457]}, "properties": {"kind": "tree", "name": ""}}, {"type": "Feature", "geometry": {"type": "Point", "coordinates": [106.8649352, -6.1715419]}, "properties": {"kind": "tree", "name": ""}}, {"type": "Feature", "geometry": {"type": "Point", "coordinates": [106.8638867, -6.1715775]}, "properties": {"kind": "tree", "name": ""}}, {"type": "Feature", "geometry": {"type": "Point", "coordinates": [106.8641468, -6.171832]}, "properties": {"kind": "tree", "name": ""}}, {"type": "Feature", "geometry": {"type": "Point", "coordinates": [106.86504, -6.1714811]}, "properties": {"kind": "tree", "name": ""}}, {"type": "Feature", "geometry": {"type": "Point", "coordinates": [106.8637861, -6.1716076]}, "properties": {"kind": "tree", "name": ""}}, {"type": "Feature", "geometry": {"type": "Point", "coordinates": [106.8647459, -6.1716445]}, "properties": {"kind": "tree", "name": ""}}, {"type": "Feature", "geometry": {"type": "Point", "coordinates": [106.8648543, -6.1715591]}, "properties": {"kind": "tree", "name": ""}}, {"type": "Feature", "geometry": {"type": "Point", "coordinates": [106.8671939, -6.1713596]}, "properties": {"kind": "green_area", "name": ""}}, {"type": "Feature", "geometry": {"type": "Point", "coordinates": [106.8665662, -6.1720593]}, "properties": {"kind": "green_area", "name": ""}}, {"type": "Feature", "geometry": {"type": "Point", "coordinates": [106.8624967, -6.1702662]}, "properties": {"kind": "tree", "name": ""}}, {"type": "Feature", "geometry": {"type": "Point", "coordinates": [106.8625828, -6.1703295]}, "properties": {"kind": "tree", "name": ""}}, {"type": "Feature", "geometry": {"type": "Point", "coordinates": [106.8625809, -6.1704004]}, "properties": {"kind": "tree", "name": ""}}, {"type": "Feature", "geometry": {"type": "Point", "coordinates": [106.8624717, -6.1704483]}, "properties": {"kind": "tree", "name": ""}}, {"type": "Feature", "geometry": {"type": "Point", "coordinates": [106.8624362, -6.1704776]}, "properties": {"kind": "tree", "name": ""}}, {"type": "Feature", "geometry": {"type": "Point", "coordinates": [106.8618991, -6.1704835]}, "properties": {"kind": "tree", "name": ""}}, {"type": "Feature", "geometry": {"type": "Point", "coordinates": [106.8626039, -6.1703541]}, "properties": {"kind": "tree", "name": ""}}, {"type": "Feature", "geometry": {"type": "Point", "coordinates": [106.8623812, -6.1704943]}, "properties": {"kind": "tree", "name": ""}}, {"type": "Feature", "geometry": {"type": "Point", "coordinates": [106.8626015, -6.170473]}, "properties": {"kind": "tree", "name": ""}}, {"type": "Feature", "geometry": {"type": "Point", "coordinates": [106.862533, -6.1704888]}, "properties": {"kind": "tree", "name": ""}}, {"type": "Feature", "geometry": {"type": "Point", "coordinates": [106.8619384, -6.1705246]}, "properties": {"kind": "tree", "name": ""}}, {"type": "Feature", "geometry": {"type": "Point", "coordinates": [106.8618538, -6.1705275]}, "properties": {"kind": "tree", "name": ""}}, {"type": "Feature", "geometry": {"type": "Point", "coordinates": [106.8620112, -6.1705275]}, "properties": {"kind": "tree", "name": ""}}, {"type": "Feature", "geometry": {"type": "Point", "coordinates": [106.8622611, -6.1705598]}, "properties": {"kind": "tree", "name": ""}}, {"type": "Feature", "geometry": {"type": "Point", "coordinates": [106.8619699, -6.1705676]}, "properties": {"kind": "tree", "name": ""}}, {"type": "Feature", "geometry": {"type": "Point", "coordinates": [106.8622208, -6.1705745]}, "properties": {"kind": "tree", "name": ""}}, {"type": "Feature", "geometry": {"type": "Point", "coordinates": [106.8618204, -6.1705803]}, "properties": {"kind": "tree", "name": ""}}, {"type": "Feature", "geometry": {"type": "Point", "coordinates": [106.8624216, -6.1705469]}, "properties": {"kind": "tree", "name": ""}}, {"type": "Feature", "geometry": {"type": "Point", "coordinates": [106.8623413, -6.1704903]}, "properties": {"kind": "tree", "name": ""}}, {"type": "Feature", "geometry": {"type": "Point", "coordinates": [106.8621775, -6.170595]}, "properties": {"kind": "tree", "name": ""}}, {"type": "Feature", "geometry": {"type": "Point", "coordinates": [106.8623524, -6.1705941]}, "properties": {"kind": "tree", "name": ""}}, {"type": "Feature", "geometry": {"type": "Point", "coordinates": [106.8620585, -6.1706107]}, "properties": {"kind": "tree", "name": ""}}, {"type": "Feature", "geometry": {"type": "Point", "coordinates": [106.8617928, -6.1706224]}, "properties": {"kind": "tree", "name": ""}}, {"type": "Feature", "geometry": {"type": "Point", "coordinates": [106.8621244, -6.1706332]}, "properties": {"kind": "tree", "name": ""}}, {"type": "Feature", "geometry": {"type": "Point", "coordinates": [106.8620988, -6.1706449]}, "properties": {"kind": "tree", "name": ""}}, {"type": "Feature", "geometry": {"type": "Point", "coordinates": [106.8617673, -6.1706772]}, "properties": {"kind": "tree", "name": ""}}, {"type": "Feature", "geometry": {"type": "Point", "coordinates": [106.8621696, -6.1706879]}, "properties": {"kind": "tree", "name": ""}}, {"type": "Feature", "geometry": {"type": "Point", "coordinates": [106.8621116, -6.1707065]}, "properties": {"kind": "tree", "name": ""}}, {"type": "Feature", "geometry": {"type": "Point", "coordinates": [106.8618017, -6.1707153]}, "properties": {"kind": "tree", "name": ""}}, {"type": "Feature", "geometry": {"type": "Point", "coordinates": [106.8617968, -6.170729]}, "properties": {"kind": "tree", "name": ""}}, {"type": "Feature", "geometry": {"type": "Point", "coordinates": [106.8620575, -6.1707769]}, "properties": {"kind": "tree", "name": ""}}, {"type": "Feature", "geometry": {"type": "Point", "coordinates": [106.8618105, -6.1707955]}, "properties": {"kind": "tree", "name": ""}}, {"type": "Feature", "geometry": {"type": "Point", "coordinates": [106.8620014, -6.1708356]}, "properties": {"kind": "tree", "name": ""}}, {"type": "Feature", "geometry": {"type": "Point", "coordinates": [106.8618273, -6.1708483]}, "properties": {"kind": "tree", "name": ""}}, {"type": "Feature", "geometry": {"type": "Point", "coordinates": [106.8620732, -6.170862]}, "properties": {"kind": "tree", "name": ""}}, {"type": "Feature", "geometry": {"type": "Point", "coordinates": [106.861967, -6.1708884]}, "properties": {"kind": "tree", "name": ""}}, {"type": "Feature", "geometry": {"type": "Point", "coordinates": [106.8620299, -6.1708924]}, "properties": {"kind": "tree", "name": ""}}, {"type": "Feature", "geometry": {"type": "Point", "coordinates": [106.8619207, -6.1701258]}, "properties": {"kind": "tree", "name": ""}}, {"type": "Feature", "geometry": {"type": "Point", "coordinates": [106.861914, -6.1700805]}, "properties": {"kind": "tree", "name": ""}}, {"type": "Feature", "geometry": {"type": "Point", "coordinates": [106.861745, -6.1701312]}, "properties": {"kind": "tree", "name": ""}}, {"type": "Feature", "geometry": {"type": "Point", "coordinates": [106.8617437, -6.1700952]}, "properties": {"kind": "tree", "name": ""}}, {"type": "Feature", "geometry": {"type": "Point", "coordinates": [106.8616753, -6.1701405]}, "properties": {"kind": "tree", "name": ""}}, {"type": "Feature", "geometry": {"type": "Point", "coordinates": [106.8616216, -6.1701885]}, "properties": {"kind": "tree", "name": ""}}, {"type": "Feature", "geometry": {"type": "Point", "coordinates": [106.8619113, -6.1701618]}, "properties": {"kind": "tree", "name": ""}}, {"type": "Feature", "geometry": {"type": "Point", "coordinates": [106.8618456, -6.1702752]}, "properties": {"kind": "tree", "name": ""}}, {"type": "Feature", "geometry": {"type": "Point", "coordinates": [106.86156, -6.1704112]}, "properties": {"kind": "tree", "name": ""}}, {"type": "Feature", "geometry": {"type": "Point", "coordinates": [106.861745, -6.1705205]}, "properties": {"kind": "tree", "name": ""}}, {"type": "Feature", "geometry": {"type": "Point", "coordinates": [106.8616713, -6.1707218]}, "properties": {"kind": "tree", "name": ""}}, {"type": "Feature", "geometry": {"type": "Point", "coordinates": [106.8616257, -6.1708405]}, "properties": {"kind": "tree", "name": ""}}, {"type": "Feature", "geometry": {"type": "Point", "coordinates": [106.863618, -6.1745717]}, "properties": {"kind": "tree", "name": ""}}, {"type": "Feature", "geometry": {"type": "Point", "coordinates": [106.8636288, -6.1745077]}, "properties": {"kind": "tree", "name": ""}}, {"type": "Feature", "geometry": {"type": "Point", "coordinates": [106.8636878, -6.174345]}, "properties": {"kind": "tree", "name": ""}}, {"type": "Feature", "geometry": {"type": "Point", "coordinates": [106.863669, -6.174409]}, "properties": {"kind": "tree", "name": ""}}, {"type": "Feature", "geometry": {"type": "Point", "coordinates": [106.8636422, -6.1744757]}, "properties": {"kind": "tree", "name": ""}}, {"type": "Feature", "geometry": {"type": "Point", "coordinates": [106.8635832, -6.1746063]}, "properties": {"kind": "tree", "name": ""}}, {"type": "Feature", "geometry": {"type": "Point", "coordinates": [106.8632895, -6.1735463]}, "properties": {"kind": "tree", "name": ""}}, {"type": "Feature", "geometry": {"type": "Point", "coordinates": [106.86269, -6.173577]}, "properties": {"kind": "tree", "name": ""}}, {"type": "Feature", "geometry": {"type": "Point", "coordinates": [106.8627007, -6.1735823]}, "properties": {"kind": "tree", "name": ""}}, {"type": "Feature", "geometry": {"type": "Point", "coordinates": [106.8627302, -6.1736263]}, "properties": {"kind": "tree", "name": ""}}, {"type": "Feature", "geometry": {"type": "Point", "coordinates": [106.8627557, -6.173673]}, "properties": {"kind": "tree", "name": ""}}, {"type": "Feature", "geometry": {"type": "Point", "coordinates": [106.8627584, -6.173705]}, "properties": {"kind": "tree", "name": ""}}, {"type": "Feature", "geometry": {"type": "Point", "coordinates": [106.8627691, -6.1737503]}, "properties": {"kind": "tree", "name": ""}}, {"type": "Feature", "geometry": {"type": "Point", "coordinates": [106.8627959, -6.1737757]}, "properties": {"kind": "tree", "name": ""}}, {"type": "Feature", "geometry": {"type": "Point", "coordinates": [106.8629113, -6.1739317]}, "properties": {"kind": "tree", "name": ""}}, {"type": "Feature", "geometry": {"type": "Point", "coordinates": [106.8629059, -6.1739743]}, "properties": {"kind": "tree", "name": ""}}, {"type": "Feature", "geometry": {"type": "Point", "coordinates": [106.863445, -6.1741557]}, "properties": {"kind": "tree", "name": ""}}, {"type": "Feature", "geometry": {"type": "Point", "coordinates": [106.8634893, -6.1741703]}, "properties": {"kind": "tree", "name": ""}}, {"type": "Feature", "geometry": {"type": "Point", "coordinates": [106.8635778, -6.1741983]}, "properties": {"kind": "tree", "name": ""}}, {"type": "Feature", "geometry": {"type": "Point", "coordinates": [106.8636502, -6.174217]}, "properties": {"kind": "tree", "name": ""}}, {"type": "Feature", "geometry": {"type": "Point", "coordinates": [106.8636931, -6.1742357]}, "properties": {"kind": "tree", "name": ""}}, {"type": "Feature", "geometry": {"type": "Point", "coordinates": [106.8637562, -6.174261]}, "properties": {"kind": "tree", "name": ""}}, {"type": "Feature", "geometry": {"type": "Point", "coordinates": [106.8636784, -6.1741063]}, "properties": {"kind": "tree", "name": ""}}, {"type": "Feature", "geometry": {"type": "Point", "coordinates": [106.8636408, -6.174121]}, "properties": {"kind": "tree", "name": ""}}, {"type": "Feature", "geometry": {"type": "Point", "coordinates": [106.8636355, -6.1741197]}, "properties": {"kind": "tree", "name": ""}}, {"type": "Feature", "geometry": {"type": "Point", "coordinates": [106.8634799, -6.1740797]}, "properties": {"kind": "tree", "name": ""}}, {"type": "Feature", "geometry": {"type": "Point", "coordinates": [106.8630065, -6.173865]}, "properties": {"kind": "tree", "name": ""}}, {"type": "Feature", "geometry": {"type": "Point", "coordinates": [106.8630266, -6.1738263]}, "properties": {"kind": "tree", "name": ""}}, {"type": "Feature", "geometry": {"type": "Point", "coordinates": [106.8631473, -6.173721]}, "properties": {"kind": "tree", "name": ""}}, {"type": "Feature", "geometry": {"type": "Point", "coordinates": [106.8630829, -6.1737503]}, "properties": {"kind": "tree", "name": ""}}, {"type": "Feature", "geometry": {"type": "Point", "coordinates": [106.8630548, -6.1737623]}, "properties": {"kind": "tree", "name": ""}}, {"type": "Feature", "geometry": {"type": "Point", "coordinates": [106.8630132, -6.173793]}, "properties": {"kind": "tree", "name": ""}}, {"type": "Feature", "geometry": {"type": "Point", "coordinates": [106.8618921, -6.1744379]}, "properties": {"kind": "tree", "name": ""}}, {"type": "Feature", "geometry": {"type": "Point", "coordinates": [106.8619256, -6.1744739]}, "properties": {"kind": "tree", "name": ""}}, {"type": "Feature", "geometry": {"type": "Point", "coordinates": [106.8620446, -6.174491]}, "properties": {"kind": "tree", "name": ""}}, {"type": "Feature", "geometry": {"type": "Point", "coordinates": [106.862058, -6.1744403]}, "properties": {"kind": "tree", "name": ""}}, {"type": "Feature", "geometry": {"type": "Point", "coordinates": [106.862126, -6.1743977]}, "properties": {"kind": "tree", "name": ""}}, {"type": "Feature", "geometry": {"type": "Point", "coordinates": [106.8622226, -6.1744163]}, "properties": {"kind": "tree", "name": ""}}, {"type": "Feature", "geometry": {"type": "Point", "coordinates": [106.8623473, -6.174431]}, "properties": {"kind": "tree", "name": ""}}, {"type": "Feature", "geometry": {"type": "Point", "coordinates": [106.8624599, -6.174363]}, "properties": {"kind": "tree", "name": ""}}, {"type": "Feature", "geometry": {"type": "Point", "coordinates": [106.8623942, -6.1743457]}, "properties": {"kind": "tree", "name": ""}}, {"type": "Feature", "geometry": {"type": "Point", "coordinates": [106.8623325, -6.1743257]}, "properties": {"kind": "tree", "name": ""}}, {"type": "Feature", "geometry": {"type": "Point", "coordinates": [106.8621461, -6.174291]}, "properties": {"kind": "tree", "name": ""}}, {"type": "Feature", "geometry": {"type": "Point", "coordinates": [106.8613575, -6.1740883]}, "properties": {"kind": "tree", "name": ""}}, {"type": "Feature", "geometry": {"type": "Point", "coordinates": [106.8613884, -6.1740883]}, "properties": {"kind": "tree", "name": ""}}, {"type": "Feature", "geometry": {"type": "Point", "coordinates": [106.8613508, -6.174075]}, "properties": {"kind": "tree", "name": ""}}, {"type": "Feature", "geometry": {"type": "Point", "coordinates": [106.8612972, -6.1741363]}, "properties": {"kind": "tree", "name": ""}}, {"type": "Feature", "geometry": {"type": "Point", "coordinates": [106.8613374, -6.1741843]}, "properties": {"kind": "tree", "name": ""}}, {"type": "Feature", "geometry": {"type": "Point", "coordinates": [106.861375, -6.174291]}, "properties": {"kind": "tree", "name": ""}}, {"type": "Feature", "geometry": {"type": "Point", "coordinates": [106.8613146, -6.174215]}, "properties": {"kind": "tree", "name": ""}}, {"type": "Feature", "geometry": {"type": "Point", "coordinates": [106.8612717, -6.1741363]}, "properties": {"kind": "tree", "name": ""}}, {"type": "Feature", "geometry": {"type": "Point", "coordinates": [106.8612945, -6.1740857]}, "properties": {"kind": "tree", "name": ""}}, {"type": "Feature", "geometry": {"type": "Point", "coordinates": [106.8613361, -6.1739857]}, "properties": {"kind": "tree", "name": ""}}, {"type": "Feature", "geometry": {"type": "Point", "coordinates": [106.8613723, -6.1739723]}, "properties": {"kind": "tree", "name": ""}}, {"type": "Feature", "geometry": {"type": "Point", "coordinates": [106.8614098, -6.174003]}, "properties": {"kind": "tree", "name": ""}}, {"type": "Feature", "geometry": {"type": "Point", "coordinates": [106.8613683, -6.1740377]}, "properties": {"kind": "tree", "name": ""}}, {"type": "Feature", "geometry": {"type": "Point", "coordinates": [106.8613414, -6.1741137]}, "properties": {"kind": "tree", "name": ""}}, {"type": "Feature", "geometry": {"type": "Point", "coordinates": [106.8613562, -6.174159]}, "properties": {"kind": "tree", "name": ""}}, {"type": "Feature", "geometry": {"type": "Point", "coordinates": [106.8614031, -6.1742443]}, "properties": {"kind": "tree", "name": ""}}, {"type": "Feature", "geometry": {"type": "Point", "coordinates": [106.8614863, -6.1742737]}, "properties": {"kind": "tree", "name": ""}}, {"type": "Feature", "geometry": {"type": "Point", "coordinates": [106.8614836, -6.174255]}, "properties": {"kind": "tree", "name": ""}}, {"type": "Feature", "geometry": {"type": "Point", "coordinates": [106.8614836, -6.1742403]}, "properties": {"kind": "tree", "name": ""}}, {"type": "Feature", "geometry": {"type": "Point", "coordinates": [106.8614487, -6.1742177]}, "properties": {"kind": "tree", "name": ""}}, {"type": "Feature", "geometry": {"type": "Point", "coordinates": [106.861442, -6.174259]}, "properties": {"kind": "tree", "name": ""}}, {"type": "Feature", "geometry": {"type": "Point", "coordinates": [106.8614393, -6.1743057]}, "properties": {"kind": "tree", "name": ""}}, {"type": "Feature", "geometry": {"type": "Point", "coordinates": [106.8614501, -6.174335]}, "properties": {"kind": "tree", "name": ""}}, {"type": "Feature", "geometry": {"type": "Point", "coordinates": [106.861556, -6.1743043]}, "properties": {"kind": "tree", "name": ""}}, {"type": "Feature", "geometry": {"type": "Point", "coordinates": [106.8615587, -6.1742697]}, "properties": {"kind": "tree", "name": ""}}, {"type": "Feature", "geometry": {"type": "Point", "coordinates": [106.8615547, -6.1742403]}, "properties": {"kind": "tree", "name": ""}}, {"type": "Feature", "geometry": {"type": "Point", "coordinates": [106.8615614, -6.1742203]}, "properties": {"kind": "tree", "name": ""}}, {"type": "Feature", "geometry": {"type": "Point", "coordinates": [106.8615922, -6.1741763]}, "properties": {"kind": "tree", "name": ""}}, {"type": "Feature", "geometry": {"type": "Point", "coordinates": [106.8616405, -6.174139]}, "properties": {"kind": "tree", "name": ""}}, {"type": "Feature", "geometry": {"type": "Point", "coordinates": [106.8616807, -6.1740977]}, "properties": {"kind": "tree", "name": ""}}, {"type": "Feature", "geometry": {"type": "Point", "coordinates": [106.8617424, -6.174083]}, "properties": {"kind": "tree", "name": ""}}, {"type": "Feature", "geometry": {"type": "Point", "coordinates": [106.861733, -6.1741137]}, "properties": {"kind": "tree", "name": ""}}, {"type": "Feature", "geometry": {"type": "Point", "coordinates": [106.8616928, -6.1741483]}, "properties": {"kind": "tree", "name": ""}}, {"type": "Feature", "geometry": {"type": "Point", "coordinates": [106.8616445, -6.174215]}, "properties": {"kind": "tree", "name": ""}}, {"type": "Feature", "geometry": {"type": "Point", "coordinates": [106.8616177, -6.1742563]}, "properties": {"kind": "tree", "name": ""}}, {"type": "Feature", "geometry": {"type": "Point", "coordinates": [106.8616915, -6.1743243]}, "properties": {"kind": "tree", "name": ""}}, {"type": "Feature", "geometry": {"type": "Point", "coordinates": [106.8617719, -6.1743257]}, "properties": {"kind": "tree", "name": ""}}, {"type": "Feature", "geometry": {"type": "Point", "coordinates": [106.8618685, -6.1743137]}, "properties": {"kind": "tree", "name": ""}}, {"type": "Feature", "geometry": {"type": "Point", "coordinates": [106.8619087, -6.1742843]}, "properties": {"kind": "tree", "name": ""}}, {"type": "Feature", "geometry": {"type": "Point", "coordinates": [106.8619637, -6.174243]}, "properties": {"kind": "tree", "name": ""}}, {"type": "Feature", "geometry": {"type": "Point", "coordinates": [106.8619919, -6.174207]}, "properties": {"kind": "tree", "name": ""}}, {"type": "Feature", "geometry": {"type": "Point", "coordinates": [106.8619919, -6.1741723]}, "properties": {"kind": "tree", "name": ""}}, {"type": "Feature", "geometry": {"type": "Point", "coordinates": [106.8617719, -6.173787]}, "properties": {"kind": "tree", "name": ""}}, {"type": "Feature", "geometry": {"type": "Point", "coordinates": [106.8617867, -6.1737443]}, "properties": {"kind": "tree", "name": ""}}, {"type": "Feature", "geometry": {"type": "Point", "coordinates": [106.8618041, -6.173691]}, "properties": {"kind": "tree", "name": ""}}, {"type": "Feature", "geometry": {"type": "Point", "coordinates": [106.8618377, -6.1736377]}, "properties": {"kind": "tree", "name": ""}}, {"type": "Feature", "geometry": {"type": "Point", "coordinates": [106.8619034, -6.173587]}, "properties": {"kind": "tree", "name": ""}}, {"type": "Feature", "geometry": {"type": "Point", "coordinates": [106.862016, -6.1735963]}, "properties": {"kind": "tree", "name": ""}}, {"type": "Feature", "geometry": {"type": "Point", "coordinates": [106.862067, -6.1738963]}, "properties": {"kind": "tree", "name": ""}}, {"type": "Feature", "geometry": {"type": "Point", "coordinates": [106.8621099, -6.1738363]}, "properties": {"kind": "tree", "name": ""}}, {"type": "Feature", "geometry": {"type": "Point", "coordinates": [106.8621394, -6.1738017]}, "properties": {"kind": "tree", "name": ""}}, {"type": "Feature", "geometry": {"type": "Point", "coordinates": [106.8621783, -6.1737603]}, "properties": {"kind": "tree", "name": ""}}, {"type": "Feature", "geometry": {"type": "Point", "coordinates": [106.8622078, -6.1737363]}, "properties": {"kind": "tree", "name": ""}}, {"type": "Feature", "geometry": {"type": "Point", "coordinates": [106.862122, -6.175948]}, "properties": {"kind": "tree", "name": ""}}, {"type": "Feature", "geometry": {"type": "Point", "coordinates": [106.8621528, -6.1758533]}, "properties": {"kind": "tree", "name": ""}}, {"type": "Feature", "geometry": {"type": "Point", "coordinates": [106.8621783, -6.1758533]}, "properties": {"kind": "tree", "name": ""}}, {"type": "Feature", "geometry": {"type": "Point", "coordinates": [106.8622105, -6.1758533]}, "properties": {"kind": "tree", "name": ""}}, {"type": "Feature", "geometry": {"type": "Point", "coordinates": [106.8622842, -6.175948]}, "properties": {"kind": "tree", "name": ""}}, {"type": "Feature", "geometry": {"type": "Point", "coordinates": [106.8622749, -6.1758973]}, "properties": {"kind": "tree", "name": ""}}, {"type": "Feature", "geometry": {"type": "Point", "coordinates": [106.8622816, -6.1758413]}, "properties": {"kind": "tree", "name": ""}}, {"type": "Feature", "geometry": {"type": "Point", "coordinates": [106.8621019, -6.175916]}, "properties": {"kind": "tree", "name": ""}}, {"type": "Feature", "geometry": {"type": "Point", "coordinates": [106.8621246, -6.1758547]}, "properties": {"kind": "tree", "name": ""}}, {"type": "Feature", "geometry": {"type": "Point", "coordinates": [106.8621314, -6.1758027]}, "properties": {"kind": "tree", "name": ""}}, {"type": "Feature", "geometry": {"type": "Point", "coordinates": [106.8620898, -6.1755827]}, "properties": {"kind": "tree", "name": ""}}, {"type": "Feature", "geometry": {"type": "Point", "coordinates": [106.8621394, -6.1755893]}, "properties": {"kind": "tree", "name": ""}}, {"type": "Feature", "geometry": {"type": "Point", "coordinates": [106.8622158, -6.1755853]}, "properties": {"kind": "tree", "name": ""}}, {"type": "Feature", "geometry": {"type": "Point", "coordinates": [106.8605331, -6.1735525]}, "properties": {"kind": "tree", "name": ""}}, {"type": "Feature", "geometry": {"type": "Point", "coordinates": [106.8606767, -6.1733495]}, "properties": {"kind": "tree", "name": ""}}, {"type": "Feature", "geometry": {"type": "Point", "coordinates": [106.860899, -6.1732576]}, "properties": {"kind": "tree", "name": ""}}, {"type": "Feature", "geometry": {"type": "Point", "coordinates": [106.861265, -6.1727826]}, "properties": {"kind": "tree", "name": ""}}, {"type": "Feature", "geometry": {"type": "Point", "coordinates": [106.8593532, -6.1735122]}, "properties": {"kind": "tree", "name": ""}}, {"type": "Feature", "geometry": {"type": "Point", "coordinates": [106.8601195, -6.1739975]}, "properties": {"kind": "tree", "name": ""}}, {"type": "Feature", "geometry": {"type": "Point", "coordinates": [106.8600452, -6.1743422]}, "properties": {"kind": "tree", "name": ""}}, {"type": "Feature", "geometry": {"type": "Point", "coordinates": [106.8593863, -6.1737635]}, "properties": {"kind": "tree", "name": ""}}, {"type": "Feature", "geometry": {"type": "Point", "coordinates": [106.8595096, -6.1734583]}, "properties": {"kind": "tree", "name": ""}}, {"type": "Feature", "geometry": {"type": "Point", "coordinates": [106.8591011, -6.1735859]}, "properties": {"kind": "tree", "name": ""}}, {"type": "Feature", "geometry": {"type": "Point", "coordinates": [106.8610361, -6.1729019]}, "properties": {"kind": "tree", "name": ""}}, {"type": "Feature", "geometry": {"type": "Point", "coordinates": [106.8599235, -6.1732802]}, "properties": {"kind": "tree", "name": ""}}, {"type": "Feature", "geometry": {"type": "Point", "coordinates": [106.8605214, -6.1734216]}, "properties": {"kind": "tree", "name": ""}}, {"type": "Feature", "geometry": {"type": "Point", "coordinates": [106.8611723, -6.1728147]}, "properties": {"kind": "tree", "name": ""}}, {"type": "Feature", "geometry": {"type": "Point", "coordinates": [106.8607717, -6.1733067]}, "properties": {"kind": "tree", "name": ""}}, {"type": "Feature", "geometry": {"type": "Point", "coordinates": [106.860231, -6.1739832]}, "properties": {"kind": "tree", "name": ""}}, {"type": "Feature", "geometry": {"type": "Point", "coordinates": [106.8610981, -6.1728863]}, "properties": {"kind": "tree", "name": ""}}, {"type": "Feature", "geometry": {"type": "Point", "coordinates": [106.8592605, -6.1735523]}, "properties": {"kind": "tree", "name": ""}}, {"type": "Feature", "geometry": {"type": "Point", "coordinates": [106.8597564, -6.1733849]}, "properties": {"kind": "tree", "name": ""}}, {"type": "Feature", "geometry": {"type": "Point", "coordinates": [106.8597783, -6.174358]}, "properties": {"kind": "tree", "name": ""}}, {"type": "Feature", "geometry": {"type": "Point", "coordinates": [106.8596547, -6.1743271]}, "properties": {"kind": "tree", "name": ""}}, {"type": "Feature", "geometry": {"type": "Point", "coordinates": [106.8596583, -6.1742572]}, "properties": {"kind": "tree", "name": ""}}, {"type": "Feature", "geometry": {"type": "Point", "coordinates": [106.8592722, -6.1738026]}, "properties": {"kind": "tree", "name": ""}}, {"type": "Feature", "geometry": {"type": "Point", "coordinates": [106.860153, -6.1732463]}, "properties": {"kind": "tree", "name": ""}}, {"type": "Feature", "geometry": {"type": "Point", "coordinates": [106.8599937, -6.1745554]}, "properties": {"kind": "tree", "name": ""}}, {"type": "Feature", "geometry": {"type": "Point", "coordinates": [106.8599914, -6.1744579]}, "properties": {"kind": "tree", "name": ""}}, {"type": "Feature", "geometry": {"type": "Point", "coordinates": [106.8613809, -6.1727332]}, "properties": {"kind": "tree", "name": ""}}, {"type": "Feature", "geometry": {"type": "Point", "coordinates": [106.860995, -6.1732112]}, "properties": {"kind": "tree", "name": ""}}, {"type": "Feature", "geometry": {"type": "Point", "coordinates": [106.8607723, -6.1729218]}, "properties": {"kind": "tree", "name": ""}}, {"type": "Feature", "geometry": {"type": "Point", "coordinates": [106.8610848, -6.1720291]}, "properties": {"kind": "tree", "name": ""}}, {"type": "Feature", "geometry": {"type": "Point", "coordinates": [106.8618935, -6.1727773]}, "properties": {"kind": "tree", "name": ""}}, {"type": "Feature", "geometry": {"type": "Point", "coordinates": [106.8599854, -6.1734268]}, "properties": {"kind": "tree", "name": ""}}, {"type": "Feature", "geometry": {"type": "Point", "coordinates": [106.8596983, -6.1737764]}, "properties": {"kind": "tree", "name": ""}}, {"type": "Feature", "geometry": {"type": "Point", "coordinates": [106.8619107, -6.1731005]}, "properties": {"kind": "tree", "name": ""}}, {"type": "Feature", "geometry": {"type": "Point", "coordinates": [106.8627652, -6.1723625]}, "properties": {"kind": "tree", "name": ""}}, {"type": "Feature", "geometry": {"type": "Point", "coordinates": [106.8622045, -6.1726224]}, "properties": {"kind": "tree", "name": ""}}, {"type": "Feature", "geometry": {"type": "Point", "coordinates": [106.8619137, -6.1729289]}, "properties": {"kind": "tree", "name": ""}}, {"type": "Feature", "geometry": {"type": "Point", "coordinates": [106.8602992, -6.1735745]}, "properties": {"kind": "tree", "name": ""}}, {"type": "Feature", "geometry": {"type": "Point", "coordinates": [106.8627485, -6.1720954]}, "properties": {"kind": "tree", "name": ""}}, {"type": "Feature", "geometry": {"type": "Point", "coordinates": [106.8615579, -6.1718828]}, "properties": {"kind": "tree", "name": ""}}, {"type": "Feature", "geometry": {"type": "Point", "coordinates": [106.8599151, -6.1737715]}, "properties": {"kind": "tree", "name": ""}}, {"type": "Feature", "geometry": {"type": "Point", "coordinates": [106.8614712, -6.1729686]}, "properties": {"kind": "tree", "name": ""}}, {"type": "Feature", "geometry": {"type": "Point", "coordinates": [106.861345, -6.1718185]}, "properties": {"kind": "tree", "name": ""}}, {"type": "Feature", "geometry": {"type": "Point", "coordinates": [106.8610891, -6.1715104]}, "properties": {"kind": "tree", "name": ""}}, {"type": "Feature", "geometry": {"type": "Point", "coordinates": [106.8613032, -6.1724604]}, "properties": {"kind": "tree", "name": ""}}, {"type": "Feature", "geometry": {"type": "Point", "coordinates": [106.8617866, -6.1729742]}, "properties": {"kind": "tree", "name": ""}}, {"type": "Feature", "geometry": {"type": "Point", "coordinates": [106.8612009, -6.1731037]}, "properties": {"kind": "tree", "name": ""}}, {"type": "Feature", "geometry": {"type": "Point", "coordinates": [106.8606496, -6.1730639]}, "properties": {"kind": "tree", "name": ""}}, {"type": "Feature", "geometry": {"type": "Point", "coordinates": [106.8598212, -6.1737118]}, "properties": {"kind": "tree", "name": ""}}, {"type": "Feature", "geometry": {"type": "Point", "coordinates": [106.8620948, -6.1726751]}, "properties": {"kind": "tree", "name": ""}}, {"type": "Feature", "geometry": {"type": "Point", "coordinates": [106.8628662, -6.172315]}, "properties": {"kind": "tree", "name": ""}}, {"type": "Feature", "geometry": {"type": "Point", "coordinates": [106.8620506, -6.1724248]}, "properties": {"kind": "tree", "name": ""}}, {"type": "Feature", "geometry": {"type": "Point", "coordinates": [106.8618992, -6.1725079]}, "properties": {"kind": "tree", "name": ""}}, {"type": "Feature", "geometry": {"type": "Point", "coordinates": [106.8625286, -6.1721983]}, "properties": {"kind": "tree", "name": ""}}, {"type": "Feature", "geometry": {"type": "Point", "coordinates": [106.8614842, -6.172681]}, "properties": {"kind": "tree", "name": ""}}, {"type": "Feature", "geometry": {"type": "Point", "coordinates": [106.861775, -6.1728407]}, "properties": {"kind": "tree", "name": ""}}, {"type": "Feature", "geometry": {"type": "Point", "coordinates": [106.8595964, -6.1738097]}, "properties": {"kind": "tree", "name": ""}}, {"type": "Feature", "geometry": {"type": "Point", "coordinates": [106.8609866, -6.1715253]}, "properties": {"kind": "tree", "name": ""}}, {"type": "Feature", "geometry": {"type": "Point", "coordinates": [106.8629677, -6.1722705]}, "properties": {"kind": "tree", "name": ""}}, {"type": "Feature", "geometry": {"type": "Point", "coordinates": [106.8615679, -6.1728005]}, "properties": {"kind": "tree", "name": ""}}, {"type": "Feature", "geometry": {"type": "Point", "coordinates": [106.8616195, -6.1730619]}, "properties": {"kind": "tree", "name": ""}}, {"type": "Feature", "geometry": {"type": "Point", "coordinates": [106.8602689, -6.1737455]}, "properties": {"kind": "tree", "name": ""}}, {"type": "Feature", "geometry": {"type": "Point", "coordinates": [106.8626641, -6.1721242]}, "properties": {"kind": "tree", "name": ""}}, {"type": "Feature", "geometry": {"type": "Point", "coordinates": [106.8601141, -6.1735772]}, "properties": {"kind": "tree", "name": ""}}, {"type": "Feature", "geometry": {"type": "Point", "coordinates": [106.8628334, -6.1734637]}, "properties": {"kind": "tree", "name": ""}}, {"type": "Feature", "geometry": {"type": "Point", "coordinates": [106.8616063, -6.1729154]}, "properties": {"kind": "tree", "name": ""}}, {"type": "Feature", "geometry": {"type": "Point", "coordinates": [106.8621094, -6.172904]}, "properties": {"kind": "tree", "name": ""}}, {"type": "Feature", "geometry": {"type": "Point", "coordinates": [106.8618299, -6.1731512]}, "properties": {"kind": "tree", "name": ""}}, {"type": "Feature", "geometry": {"type": "Point", "coordinates": [106.8623277, -6.1727813]}, "properties": {"kind": "tree", "name": ""}}, {"type": "Feature", "geometry": {"type": "Point", "coordinates": [106.8629435, -6.1719923]}, "properties": {"kind": "tree", "name": ""}}, {"type": "Feature", "geometry": {"type": "Point", "coordinates": [106.8632597, -6.1721139]}, "properties": {"kind": "tree", "name": ""}}, {"type": "Feature", "geometry": {"type": "Point", "coordinates": [106.8623618, -6.1728838]}, "properties": {"kind": "tree", "name": ""}}, {"type": "Feature", "geometry": {"type": "Point", "coordinates": [106.8625202, -6.1730811]}, "properties": {"kind": "tree", "name": ""}}, {"type": "Feature", "geometry": {"type": "Point", "coordinates": [106.8625904, -6.1731952]}, "properties": {"kind": "tree", "name": ""}}, {"type": "Feature", "geometry": {"type": "Point", "coordinates": [106.8601223, -6.1737254]}, "properties": {"kind": "tree", "name": ""}}, {"type": "Feature", "geometry": {"type": "Point", "coordinates": [106.8631026, -6.1719294]}, "properties": {"kind": "tree", "name": ""}}, {"type": "Feature", "geometry": {"type": "Point", "coordinates": [106.8599082, -6.1736072]}, "properties": {"kind": "tree", "name": ""}}, {"type": "Feature", "geometry": {"type": "Point", "coordinates": [106.8602744, -6.1734847]}, "properties": {"kind": "tree", "name": ""}}, {"type": "Feature", "geometry": {"type": "Point", "coordinates": [106.8605429, -6.1716028]}, "properties": {"kind": "tree", "name": ""}}, {"type": "Feature", "geometry": {"type": "Point", "coordinates": [106.8617498, -6.1731948]}, "properties": {"kind": "tree", "name": ""}}, {"type": "Feature", "geometry": {"type": "Point", "coordinates": [106.8624983, -6.1728921]}, "properties": {"kind": "tree", "name": ""}}, {"type": "Feature", "geometry": {"type": "Point", "coordinates": [106.8620143, -6.1730394]}, "properties": {"kind": "tree", "name": ""}}, {"type": "Feature", "geometry": {"type": "Point", "coordinates": [106.8630896, -6.1722007]}, "properties": {"kind": "tree", "name": ""}}, {"type": "Feature", "geometry": {"type": "Point", "coordinates": [106.8628893, -6.172428]}, "properties": {"kind": "tree", "name": ""}}, {"type": "Feature", "geometry": {"type": "Point", "coordinates": [106.862437, -6.1725317]}, "properties": {"kind": "tree", "name": ""}}, {"type": "Feature", "geometry": {"type": "Point", "coordinates": [106.8628351, -6.1720524]}, "properties": {"kind": "tree", "name": ""}}, {"type": "Feature", "geometry": {"type": "Point", "coordinates": [106.8621321, -6.1730156]}, "properties": {"kind": "tree", "name": ""}}, {"type": "Feature", "geometry": {"type": "Point", "coordinates": [106.8609369, -6.1730733]}, "properties": {"kind": "tree", "name": ""}}, {"type": "Feature", "geometry": {"type": "Point", "coordinates": [106.8606684, -6.1731863]}, "properties": {"kind": "tree", "name": ""}}, {"type": "Feature", "geometry": {"type": "Point", "coordinates": [106.8612214, -6.1737508]}, "properties": {"kind": "tree", "name": ""}}, {"type": "Feature", "geometry": {"type": "Point", "coordinates": [106.8603463, -6.1731295]}, "properties": {"kind": "tree", "name": ""}}, {"type": "Feature", "geometry": {"type": "Point", "coordinates": [106.8602456, -6.173369]}, "properties": {"kind": "tree", "name": ""}}, {"type": "Feature", "geometry": {"type": "Point", "coordinates": [106.8606217, -6.1732119]}, "properties": {"kind": "tree", "name": ""}}, {"type": "Feature", "geometry": {"type": "Point", "coordinates": [106.8609551, -6.1729266]}, "properties": {"kind": "tree", "name": ""}}, {"type": "Feature", "geometry": {"type": "Point", "coordinates": [106.8606037, -6.1750151]}, "properties": {"kind": "tree", "name": ""}}, {"type": "Feature", "geometry": {"type": "Point", "coordinates": [106.86081, -6.1731429]}, "properties": {"kind": "tree", "name": ""}}, {"type": "Feature", "geometry": {"type": "Point", "coordinates": [106.8601864, -6.1708423]}, "properties": {"kind": "tree", "name": ""}}, {"type": "Feature", "geometry": {"type": "Point", "coordinates": [106.8602967, -6.1708864]}, "properties": {"kind": "tree", "name": ""}}, {"type": "Feature", "geometry": {"type": "Point", "coordinates": [106.8602091, -6.1707495]}, "properties": {"kind": "tree", "name": ""}}, {"type": "Feature", "geometry": {"type": "Point", "coordinates": [106.8607037, -6.1742926]}, "properties": {"kind": "tree", "name": ""}}, {"type": "Feature", "geometry": {"type": "Point", "coordinates": [106.861132, -6.1732333]}, "properties": {"kind": "tree", "name": ""}}, {"type": "Feature", "geometry": {"type": "Point", "coordinates": [106.8612248, -6.17369]}, "properties": {"kind": "tree", "name": ""}}, {"type": "Feature", "geometry": {"type": "Point", "coordinates": [106.8605025, -6.175178]}, "properties": {"kind": "tree", "name": ""}}, {"type": "Feature", "geometry": {"type": "Point", "coordinates": [106.8612267, -6.1738789]}, "properties": {"kind": "tree", "name": ""}}, {"type": "Feature", "geometry": {"type": "Point", "coordinates": [106.8612225, -6.1739631]}, "properties": {"kind": "tree", "name": ""}}, {"type": "Feature", "geometry": {"type": "Point", "coordinates": [106.8608084, -6.1729966]}, "properties": {"kind": "tree", "name": ""}}, {"type": "Feature", "geometry": {"type": "Point", "coordinates": [106.8602501, -6.1705504]}, "properties": {"kind": "tree", "name": ""}}, {"type": "Feature", "geometry": {"type": "Point", "coordinates": [106.8602998, -6.1701519]}, "properties": {"kind": "tree", "name": ""}}, {"type": "Feature", "geometry": {"type": "Point", "coordinates": [106.8604347, -6.1701477]}, "properties": {"kind": "tree", "name": ""}}, {"type": "Feature", "geometry": {"type": "Point", "coordinates": [106.8604136, -6.1719409]}, "properties": {"kind": "tree", "name": ""}}, {"type": "Feature", "geometry": {"type": "Point", "coordinates": [106.8600893, -6.1704556]}, "properties": {"kind": "tree", "name": ""}}, {"type": "Feature", "geometry": {"type": "Point", "coordinates": [106.8597758, -6.1700512]}, "properties": {"kind": "tree", "name": ""}}, {"type": "Feature", "geometry": {"type": "Point", "coordinates": [106.8607235, -6.1702562]}, "properties": {"kind": "tree", "name": ""}}, {"type": "Feature", "geometry": {"type": "Point", "coordinates": [106.8608165, -6.1700966]}, "properties": {"kind": "tree", "name": ""}}, {"type": "Feature", "geometry": {"type": "Point", "coordinates": [106.8612569, -6.1705106]}, "properties": {"kind": "tree", "name": ""}}, {"type": "Feature", "geometry": {"type": "Point", "coordinates": [106.8600209, -6.1700576]}, "properties": {"kind": "tree", "name": ""}}, {"type": "Feature", "geometry": {"type": "Point", "coordinates": [106.8605432, -6.1711838]}, "properties": {"kind": "tree", "name": ""}}, {"type": "Feature", "geometry": {"type": "Point", "coordinates": [106.8604159, -6.1718675]}, "properties": {"kind": "tree", "name": ""}}, {"type": "Feature", "geometry": {"type": "Point", "coordinates": [106.8602269, -6.1704021]}, "properties": {"kind": "tree", "name": ""}}, {"type": "Feature", "geometry": {"type": "Point", "coordinates": [106.8607928, -6.1699678]}, "properties": {"kind": "tree", "name": ""}}, {"type": "Feature", "geometry": {"type": "Point", "coordinates": [106.8606917, -6.1705182]}, "properties": {"kind": "tree", "name": ""}}, {"type": "Feature", "geometry": {"type": "Point", "coordinates": [106.8604499, -6.170971]}, "properties": {"kind": "tree", "name": ""}}, {"type": "Feature", "geometry": {"type": "Point", "coordinates": [106.8612307, -6.170662]}, "properties": {"kind": "tree", "name": ""}}, {"type": "Feature", "geometry": {"type": "Point", "coordinates": [106.8602334, -6.1719228]}, "properties": {"kind": "tree", "name": ""}}, {"type": "Feature", "geometry": {"type": "Point", "coordinates": [106.8602433, -6.1718562]}, "properties": {"kind": "tree", "name": ""}}, {"type": "Feature", "geometry": {"type": "Point", "coordinates": [106.8612184, -6.1707491]}, "properties": {"kind": "tree", "name": ""}}, {"type": "Feature", "geometry": {"type": "Point", "coordinates": [106.859784, -6.1699823]}, "properties": {"kind": "tree", "name": ""}}, {"type": "Feature", "geometry": {"type": "Point", "coordinates": [106.8602466, -6.1701711]}, "properties": {"kind": "tree", "name": ""}}, {"type": "Feature", "geometry": {"type": "Point", "coordinates": [106.8591002, -6.1711004]}, "properties": {"kind": "tree", "name": ""}}, {"type": "Feature", "geometry": {"type": "Point", "coordinates": [106.8602053, -6.1720567]}, "properties": {"kind": "tree", "name": ""}}, {"type": "Feature", "geometry": {"type": "Point", "coordinates": [106.860583, -6.1712063]}, "properties": {"kind": "tree", "name": ""}}, {"type": "Feature", "geometry": {"type": "Point", "coordinates": [106.8606798, -6.1701818]}, "properties": {"kind": "tree", "name": ""}}, {"type": "Feature", "geometry": {"type": "Point", "coordinates": [106.8607864, -6.1704874]}, "properties": {"kind": "tree", "name": ""}}, {"type": "Feature", "geometry": {"type": "Point", "coordinates": [106.8605799, -6.1710078]}, "properties": {"kind": "tree", "name": ""}}, {"type": "Feature", "geometry": {"type": "Point", "coordinates": [106.8624107, -6.1740761]}, "properties": {"kind": "tree", "name": ""}}, {"type": "Feature", "geometry": {"type": "Point", "coordinates": [106.8625259, -6.1744431]}, "properties": {"kind": "tree", "name": ""}}, {"type": "Feature", "geometry": {"type": "Point", "coordinates": [106.8626938, -6.1742192]}, "properties": {"kind": "tree", "name": ""}}, {"type": "Feature", "geometry": {"type": "Point", "coordinates": [106.8619552, -6.1750418]}, "properties": {"kind": "tree", "name": ""}}, {"type": "Feature", "geometry": {"type": "Point", "coordinates": [106.8620542, -6.1751964]}, "properties": {"kind": "tree", "name": ""}}, {"type": "Feature", "geometry": {"type": "Point", "coordinates": [106.8628763, -6.1745316]}, "properties": {"kind": "tree", "name": ""}}, {"type": "Feature", "geometry": {"type": "Point", "coordinates": [106.8627618, -6.1741723]}, "properties": {"kind": "tree", "name": ""}}, {"type": "Feature", "geometry": {"type": "Point", "coordinates": [106.8624602, -6.1745047]}, "properties": {"kind": "tree", "name": ""}}, {"type": "Feature", "geometry": {"type": "Point", "coordinates": [106.8620511, -6.1752672]}, "properties": {"kind": "tree", "name": ""}}, {"type": "Feature", "geometry": {"type": "Point", "coordinates": [106.8620712, -6.1753927]}, "properties": {"kind": "tree", "name": ""}}, {"type": "Feature", "geometry": {"type": "Point", "coordinates": [106.863024, -6.1741199]}, "properties": {"kind": "tree", "name": ""}}, {"type": "Feature", "geometry": {"type": "Point", "coordinates": [106.8654412, -6.1746738]}, "properties": {"kind": "green_area", "name": "RPTRA Kampung Benda"}}, {"type": "Feature", "geometry": {"type": "Point", "coordinates": [106.863241, -6.1756518]}, "properties": {"kind": "green_area", "name": ""}}, {"type": "Feature", "geometry": {"type": "Point", "coordinates": [106.8608023, -6.173338]}, "properties": {"kind": "green_area", "name": ""}}, {"type": "Feature", "geometry": {"type": "Point", "coordinates": [106.8573746, -6.1739371]}, "properties": {"kind": "tree", "name": ""}}, {"type": "Feature", "geometry": {"type": "Point", "coordinates": [106.8590973, -6.1738613]}, "properties": {"kind": "tree", "name": ""}}, {"type": "Feature", "geometry": {"type": "Point", "coordinates": [106.8586313, -6.1737059]}, "properties": {"kind": "tree", "name": ""}}, {"type": "Feature", "geometry": {"type": "Point", "coordinates": [106.8589516, -6.1736329]}, "properties": {"kind": "tree", "name": ""}}, {"type": "Feature", "geometry": {"type": "Point", "coordinates": [106.8579531, -6.1741859]}, "properties": {"kind": "tree", "name": ""}}, {"type": "Feature", "geometry": {"type": "Point", "coordinates": [106.8585015, -6.1743762]}, "properties": {"kind": "tree", "name": ""}}, {"type": "Feature", "geometry": {"type": "Point", "coordinates": [106.8579646, -6.1738472]}, "properties": {"kind": "tree", "name": ""}}, {"type": "Feature", "geometry": {"type": "Point", "coordinates": [106.8584854, -6.1737389]}, "properties": {"kind": "tree", "name": ""}}, {"type": "Feature", "geometry": {"type": "Point", "coordinates": [106.8587325, -6.1736801]}, "properties": {"kind": "tree", "name": ""}}, {"type": "Feature", "geometry": {"type": "Point", "coordinates": [106.8583356, -6.1737702]}, "properties": {"kind": "tree", "name": ""}}, {"type": "Feature", "geometry": {"type": "Point", "coordinates": [106.858723, -6.1739699]}, "properties": {"kind": "tree", "name": ""}}, {"type": "Feature", "geometry": {"type": "Point", "coordinates": [106.8585018, -6.1742087]}, "properties": {"kind": "tree", "name": ""}}, {"type": "Feature", "geometry": {"type": "Point", "coordinates": [106.8582015, -6.1737986]}, "properties": {"kind": "tree", "name": ""}}, {"type": "Feature", "geometry": {"type": "Point", "coordinates": [106.859018, -6.1744461]}, "properties": {"kind": "tree", "name": ""}}, {"type": "Feature", "geometry": {"type": "Point", "coordinates": [106.8589454, -6.1739117]}, "properties": {"kind": "tree", "name": ""}}, {"type": "Feature", "geometry": {"type": "Point", "coordinates": [106.8584637, -6.1740344]}, "properties": {"kind": "tree", "name": ""}}, {"type": "Feature", "geometry": {"type": "Point", "coordinates": [106.857081, -6.1742678]}, "properties": {"kind": "tree", "name": ""}}, {"type": "Feature", "geometry": {"type": "Point", "coordinates": [106.8569247, -6.1742745]}, "properties": {"kind": "tree", "name": ""}}, {"type": "Feature", "geometry": {"type": "Point", "coordinates": [106.8566386, -6.1740683]}, "properties": {"kind": "tree", "name": ""}}, {"type": "Feature", "geometry": {"type": "Point", "coordinates": [106.8579858, -6.1737788]}, "properties": {"kind": "tree", "name": ""}}, {"type": "Feature", "geometry": {"type": "Point", "coordinates": [106.858615, -6.1739854]}, "properties": {"kind": "tree", "name": ""}}, {"type": "Feature", "geometry": {"type": "Point", "coordinates": [106.8585901, -6.174185]}, "properties": {"kind": "tree", "name": ""}}, {"type": "Feature", "geometry": {"type": "Point", "coordinates": [106.8588502, -6.1741532]}, "properties": {"kind": "tree", "name": ""}}, {"type": "Feature", "geometry": {"type": "Point", "coordinates": [106.8578758, -6.1741932]}, "properties": {"kind": "tree", "name": ""}}, {"type": "Feature", "geometry": {"type": "Point", "coordinates": [106.8562143, -6.1743853]}, "properties": {"kind": "tree", "name": ""}}, {"type": "Feature", "geometry": {"type": "Point", "coordinates": [106.8575402, -6.1739137]}, "properties": {"kind": "tree", "name": ""}}, {"type": "Feature", "geometry": {"type": "Point", "coordinates": [106.8572064, -6.1742311]}, "properties": {"kind": "tree", "name": ""}}, {"type": "Feature", "geometry": {"type": "Point", "coordinates": [106.8560947, -6.1744006]}, "properties": {"kind": "tree", "name": ""}}, {"type": "Feature", "geometry": {"type": "Point", "coordinates": [106.8567962, -6.1740153]}, "properties": {"kind": "tree", "name": ""}}, {"type": "Feature", "geometry": {"type": "Point", "coordinates": [106.8558947, -6.1744282]}, "properties": {"kind": "tree", "name": ""}}, {"type": "Feature", "geometry": {"type": "Point", "coordinates": [106.8562842, -6.1746358]}, "properties": {"kind": "tree", "name": ""}}, {"type": "Feature", "geometry": {"type": "Point", "coordinates": [106.8570143, -6.1740102]}, "properties": {"kind": "tree", "name": ""}}, {"type": "Feature", "geometry": {"type": "Point", "coordinates": [106.8562425, -6.1741185]}, "properties": {"kind": "tree", "name": ""}}, {"type": "Feature", "geometry": {"type": "Point", "coordinates": [106.8571666, -6.1739498]}, "properties": {"kind": "tree", "name": ""}}, {"type": "Feature", "geometry": {"type": "Point", "coordinates": [106.8560518, -6.1741414]}, "properties": {"kind": "tree", "name": ""}}, {"type": "Feature", "geometry": {"type": "Point", "coordinates": [106.8564323, -6.174346]}, "properties": {"kind": "tree", "name": ""}}, {"type": "Feature", "geometry": {"type": "Point", "coordinates": [106.8564651, -6.1740948]}, "properties": {"kind": "tree", "name": ""}}, {"type": "Feature", "geometry": {"type": "Point", "coordinates": [106.8556162, -6.1744695]}, "properties": {"kind": "tree", "name": ""}}, {"type": "Feature", "geometry": {"type": "Point", "coordinates": [106.8557798, -6.1741789]}, "properties": {"kind": "tree", "name": ""}}, {"type": "Feature", "geometry": {"type": "Point", "coordinates": [106.8556832, -6.1744653]}, "properties": {"kind": "tree", "name": ""}}, {"type": "Feature", "geometry": {"type": "Point", "coordinates": [106.8563639, -6.1741137]}, "properties": {"kind": "tree", "name": ""}}, {"type": "Feature", "geometry": {"type": "Point", "coordinates": [106.8580551, -6.1757018]}, "properties": {"kind": "tree", "name": ""}}, {"type": "Feature", "geometry": {"type": "Point", "coordinates": [106.8576029, -6.1753498]}, "properties": {"kind": "tree", "name": ""}}, {"type": "Feature", "geometry": {"type": "Point", "coordinates": [106.8582521, -6.175455]}, "properties": {"kind": "tree", "name": ""}}, {"type": "Feature", "geometry": {"type": "Point", "coordinates": [106.8583161, -6.1745075]}, "properties": {"kind": "tree", "name": ""}}, {"type": "Feature", "geometry": {"type": "Point", "coordinates": [106.8569072, -6.1741571]}, "properties": {"kind": "tree", "name": ""}}, {"type": "Feature", "geometry": {"type": "Point", "coordinates": [106.85636, -6.174361]}, "properties": {"kind": "tree", "name": ""}}, {"type": "Feature", "geometry": {"type": "Point", "coordinates": [106.856156, -6.1742541]}, "properties": {"kind": "tree", "name": ""}}, {"type": "Feature", "geometry": {"type": "Point", "coordinates": [106.8578371, -6.175131]}, "properties": {"kind": "tree", "name": ""}}, {"type": "Feature", "geometry": {"type": "Point", "coordinates": [106.8564448, -6.1742144]}, "properties": {"kind": "tree", "name": ""}}, {"type": "Feature", "geometry": {"type": "Point", "coordinates": [106.8582086, -6.1745531]}, "properties": {"kind": "tree", "name": ""}}, {"type": "Feature", "geometry": {"type": "Point", "coordinates": [106.8567551, -6.1743068]}, "properties": {"kind": "tree", "name": ""}}, {"type": "Feature", "geometry": {"type": "Point", "coordinates": [106.8559107, -6.1741514]}, "properties": {"kind": "tree", "name": ""}}, {"type": "Feature", "geometry": {"type": "Point", "coordinates": [106.8582085, -6.174163]}, "properties": {"kind": "tree", "name": ""}}, {"type": "Feature", "geometry": {"type": "Point", "coordinates": [106.8582697, -6.1742948]}, "properties": {"kind": "tree", "name": ""}}, {"type": "Feature", "geometry": {"type": "Point", "coordinates": [106.8580925, -6.1758353]}, "properties": {"kind": "tree", "name": ""}}, {"type": "Feature", "geometry": {"type": "Point", "coordinates": [106.8584514, -6.1749144]}, "properties": {"kind": "tree", "name": ""}}, {"type": "Feature", "geometry": {"type": "Point", "coordinates": [106.8580922, -6.1746204]}, "properties": {"kind": "tree", "name": ""}}, {"type": "Feature", "geometry": {"type": "Point", "coordinates": [106.8587748, -6.1746431]}, "properties": {"kind": "tree", "name": ""}}, {"type": "Feature", "geometry": {"type": "Point", "coordinates": [106.8582544, -6.1750896]}, "properties": {"kind": "tree", "name": ""}}, {"type": "Feature", "geometry": {"type": "Point", "coordinates": [106.8568269, -6.1746936]}, "properties": {"kind": "tree", "name": ""}}, {"type": "Feature", "geometry": {"type": "Point", "coordinates": [106.8580833, -6.1741779]}, "properties": {"kind": "tree", "name": ""}}, {"type": "Feature", "geometry": {"type": "Point", "coordinates": [106.8571321, -6.1741254]}, "properties": {"kind": "tree", "name": ""}}, {"type": "Feature", "geometry": {"type": "Point", "coordinates": [106.8565772, -6.1741969]}, "properties": {"kind": "tree", "name": ""}}, {"type": "Feature", "geometry": {"type": "Point", "coordinates": [106.856604, -6.1741936]}, "properties": {"kind": "tree", "name": ""}}, {"type": "Feature", "geometry": {"type": "Point", "coordinates": [106.8565172, -6.1743343]}, "properties": {"kind": "tree", "name": ""}}, {"type": "Feature", "geometry": {"type": "Point", "coordinates": [106.8575312, -6.1755892]}, "properties": {"kind": "tree", "name": ""}}, {"type": "Feature", "geometry": {"type": "Point", "coordinates": [106.8581613, -6.1755085]}, "properties": {"kind": "tree", "name": ""}}, {"type": "Feature", "geometry": {"type": "Point", "coordinates": [106.8577186, -6.175301]}, "properties": {"kind": "tree", "name": ""}}, {"type": "Feature", "geometry": {"type": "Point", "coordinates": [106.8581559, -6.1743771]}, "properties": {"kind": "tree", "name": ""}}, {"type": "Feature", "geometry": {"type": "Point", "coordinates": [106.8569154, -6.17492]}, "properties": {"kind": "tree", "name": ""}}, {"type": "Feature", "geometry": {"type": "Point", "coordinates": [106.8596167, -6.1760504]}, "properties": {"kind": "tree", "name": ""}}, {"type": "Feature", "geometry": {"type": "Point", "coordinates": [106.8598847, -6.1755405]}, "properties": {"kind": "tree", "name": ""}}, {"type": "Feature", "geometry": {"type": "Point", "coordinates": [106.860324, -6.1760934]}, "properties": {"kind": "tree", "name": ""}}, {"type": "Feature", "geometry": {"type": "Point", "coordinates": [106.8588562, -6.1737977]}, "properties": {"kind": "tree", "name": ""}}, {"type": "Feature", "geometry": {"type": "Point", "coordinates": [106.8587046, -6.1738432]}, "properties": {"kind": "tree", "name": ""}}, {"type": "Feature", "geometry": {"type": "Point", "coordinates": [106.8585538, -6.1738751]}, "properties": {"kind": "tree", "name": ""}}, {"type": "Feature", "geometry": {"type": "Point", "coordinates": [106.8602683, -6.1759553]}, "properties": {"kind": "tree", "name": ""}}, {"type": "Feature", "geometry": {"type": "Point", "coordinates": [106.8603001, -6.175548]}, "properties": {"kind": "tree", "name": ""}}, {"type": "Feature", "geometry": {"type": "Point", "coordinates": [106.8600033, -6.1760413]}, "properties": {"kind": "tree", "name": ""}}, {"type": "Feature", "geometry": {"type": "Point", "coordinates": [106.8591659, -6.1706699]}, "properties": {"kind": "tree", "name": ""}}, {"type": "Feature", "geometry": {"type": "Point", "coordinates": [106.858701, -6.1705803]}, "properties": {"kind": "tree", "name": ""}}, {"type": "Feature", "geometry": {"type": "Point", "coordinates": [106.8591773, -6.1705944]}, "properties": {"kind": "tree", "name": ""}}, {"type": "Feature", "geometry": {"type": "Point", "coordinates": [106.8592113, -6.1705437]}, "properties": {"kind": "tree", "name": ""}}, {"type": "Feature", "geometry": {"type": "Point", "coordinates": [106.8583229, -6.1713727]}, "properties": {"kind": "tree", "name": ""}}, {"type": "Feature", "geometry": {"type": "Point", "coordinates": [106.8583921, -6.1706579]}, "properties": {"kind": "tree", "name": ""}}, {"type": "Feature", "geometry": {"type": "Point", "coordinates": [106.8580549, -6.1713099]}, "properties": {"kind": "tree", "name": ""}}, {"type": "Feature", "geometry": {"type": "Point", "coordinates": [106.8579682, -6.1711998]}, "properties": {"kind": "tree", "name": ""}}, {"type": "Feature", "geometry": {"type": "Point", "coordinates": [106.8588333, -6.1712514]}, "properties": {"kind": "tree", "name": ""}}, {"type": "Feature", "geometry": {"type": "Point", "coordinates": [106.8582738, -6.1704778]}, "properties": {"kind": "tree", "name": ""}}, {"type": "Feature", "geometry": {"type": "Point", "coordinates": [106.8582843, -6.1704234]}, "properties": {"kind": "tree", "name": ""}}, {"type": "Feature", "geometry": {"type": "Point", "coordinates": [106.8583052, -6.1710333]}, "properties": {"kind": "tree", "name": ""}}, {"type": "Feature", "geometry": {"type": "Point", "coordinates": [106.8586278, -6.1706571]}, "properties": {"kind": "tree", "name": ""}}, {"type": "Feature", "geometry": {"type": "Point", "coordinates": [106.8587874, -6.1765264]}, "properties": {"kind": "tree", "name": ""}}, {"type": "Feature", "geometry": {"type": "Point", "coordinates": [106.8571731, -6.1761728]}, "properties": {"kind": "tree", "name": ""}}, {"type": "Feature", "geometry": {"type": "Point", "coordinates": [106.8582008, -6.1767968]}, "properties": {"kind": "tree", "name": ""}}, {"type": "Feature", "geometry": {"type": "Point", "coordinates": [106.8590457, -6.1763919]}, "properties": {"kind": "tree", "name": ""}}, {"type": "Feature", "geometry": {"type": "Point", "coordinates": [106.8590662, -6.1763232]}, "properties": {"kind": "tree", "name": ""}}, {"type": "Feature", "geometry": {"type": "Point", "coordinates": [106.8591371, -6.1763603]}, "properties": {"kind": "tree", "name": ""}}, {"type": "Feature", "geometry": {"type": "Point", "coordinates": [106.8556343, -6.1748613]}, "properties": {"kind": "tree", "name": ""}}, {"type": "Feature", "geometry": {"type": "Point", "coordinates": [106.8566061, -6.1755128]}, "properties": {"kind": "tree", "name": ""}}, {"type": "Feature", "geometry": {"type": "Point", "coordinates": [106.8566087, -6.1754281]}, "properties": {"kind": "tree", "name": ""}}, {"type": "Feature", "geometry": {"type": "Point", "coordinates": [106.8565559, -6.1755987]}, "properties": {"kind": "tree", "name": ""}}, {"type": "Feature", "geometry": {"type": "Point", "coordinates": [106.8573533, -6.1706538]}, "properties": {"kind": "tree", "name": ""}}, {"type": "Feature", "geometry": {"type": "Point", "coordinates": [106.8572117, -6.1710063]}, "properties": {"kind": "tree", "name": ""}}, {"type": "Feature", "geometry": {"type": "Point", "coordinates": [106.8574902, -6.1709433]}, "properties": {"kind": "tree", "name": ""}}, {"type": "Feature", "geometry": {"type": "Point", "coordinates": [106.8576439, -6.1768548]}, "properties": {"kind": "green_area", "name": "RTH RW 07"}}, {"type": "Feature", "geometry": {"type": "Point", "coordinates": [106.8574597, -6.1762333]}, "properties": {"kind": "green_area", "name": "RTH RT 03 RW 07"}}, {"type": "Feature", "geometry": {"type": "Point", "coordinates": [106.8583362, -6.1754232]}, "properties": {"kind": "green_area", "name": ""}}, {"type": "Feature", "geometry": {"type": "Point", "coordinates": [106.7950393, -6.1661656]}, "properties": {"kind": "green_area", "name": ""}}, {"type": "Feature", "geometry": {"type": "Point", "coordinates": [106.7971271, -6.1668391]}, "properties": {"kind": "green_area", "name": ""}}, {"type": "Feature", "geometry": {"type": "Point", "coordinates": [106.7978711, -6.1659676]}, "properties": {"kind": "green_area", "name": ""}}, {"type": "Feature", "geometry": {"type": "Point", "coordinates": [106.7903637, -6.1680403]}, "properties": {"kind": "green_area", "name": ""}}, {"type": "Feature", "geometry": {"type": "Point", "coordinates": [106.7893527, -6.1663079]}, "properties": {"kind": "green_area", "name": ""}}, {"type": "Feature", "geometry": {"type": "Point", "coordinates": [106.7922673, -6.1662976]}, "properties": {"kind": "shelter", "name": ""}}, {"type": "Feature", "geometry": {"type": "Point", "coordinates": [106.7730667, -6.161971]}, "properties": {"kind": "tree", "name": ""}}, {"type": "Feature", "geometry": {"type": "Point", "coordinates": [106.7592049, -6.1601875]}, "properties": {"kind": "green_area", "name": "Block X Park"}}, {"type": "Feature", "geometry": {"type": "Point", "coordinates": [106.7451056, -6.1570615]}, "properties": {"kind": "green_area", "name": ""}}, {"type": "Feature", "geometry": {"type": "Point", "coordinates": [106.7353535, -6.1557874]}, "properties": {"kind": "shelter", "name": "Tempat Pengungsian Duta Indah Karya"}}, {"type": "Feature", "geometry": {"type": "Point", "coordinates": [106.7406306, -6.1535]}, "properties": {"kind": "green_area", "name": ""}}, {"type": "Feature", "geometry": {"type": "Point", "coordinates": [106.8268997, -6.1745864]}, "properties": {"kind": "green_area", "name": ""}}, {"type": "Feature", "geometry": {"type": "Point", "coordinates": [106.8269753, -6.1748477]}, "properties": {"kind": "green_area", "name": ""}}, {"type": "Feature", "geometry": {"type": "Point", "coordinates": [106.8269505, -6.1759407]}, "properties": {"kind": "green_area", "name": ""}}, {"type": "Feature", "geometry": {"type": "Point", "coordinates": [106.8269387, -6.1735207]}, "properties": {"kind": "green_area", "name": ""}}, {"type": "Feature", "geometry": {"type": "Point", "coordinates": [106.8270992, -6.1732091]}, "properties": {"kind": "green_area", "name": ""}}, {"type": "Feature", "geometry": {"type": "Point", "coordinates": [106.9755253, -6.1534764]}, "properties": {"kind": "green_area", "name": "Transera Waterpark"}}, {"type": "Feature", "geometry": {"type": "Point", "coordinates": [106.9756284, -6.1538698]}, "properties": {"kind": "green_area", "name": "Transera Waterpark"}}, {"type": "Feature", "geometry": {"type": "Point", "coordinates": [106.9741815, -6.157693]}, "properties": {"kind": "green_area", "name": "Taman Abisvara"}}, {"type": "Feature", "geometry": {"type": "Point", "coordinates": [106.9727327, -6.1563602]}, "properties": {"kind": "green_area", "name": "Kebon Jagung Yoyo"}}, {"type": "Feature", "geometry": {"type": "Point", "coordinates": [106.9725033, -6.1584851]}, "properties": {"kind": "green_area", "name": ""}}, {"type": "Feature", "geometry": {"type": "Point", "coordinates": [106.9731412, -6.1801978]}, "properties": {"kind": "green_area", "name": "Meli Melo 3 Park"}}, {"type": "Feature", "geometry": {"type": "Point", "coordinates": [106.9706844, -6.1819963]}, "properties": {"kind": "green_area", "name": "Waterland"}}, {"type": "Feature", "geometry": {"type": "Point", "coordinates": [106.9762893, -6.1909092]}, "properties": {"kind": "green_area", "name": "Meli Melo 1 Park"}}, {"type": "Feature", "geometry": {"type": "Point", "coordinates": [106.9744347, -6.1903736]}, "properties": {"kind": "green_area", "name": "Meli Melo 2 Park"}}, {"type": "Feature", "geometry": {"type": "Point", "coordinates": [106.9612857, -6.188681]}, "properties": {"kind": "tree", "name": ""}}, {"type": "Feature", "geometry": {"type": "Point", "coordinates": [106.9615287, -6.1882231]}, "properties": {"kind": "tree", "name": ""}}, {"type": "Feature", "geometry": {"type": "Point", "coordinates": [106.9618175, -6.1883031]}, "properties": {"kind": "tree", "name": ""}}, {"type": "Feature", "geometry": {"type": "Point", "coordinates": [106.9617266, -6.1883023]}, "properties": {"kind": "tree", "name": ""}}, {"type": "Feature", "geometry": {"type": "Point", "coordinates": [106.9616904, -6.1882455]}, "properties": {"kind": "tree", "name": ""}}, {"type": "Feature", "geometry": {"type": "Point", "coordinates": [106.9592216, -6.1903939]}, "properties": {"kind": "tree", "name": ""}}, {"type": "Feature", "geometry": {"type": "Point", "coordinates": [106.9593087, -6.1904176]}, "properties": {"kind": "tree", "name": ""}}, {"type": "Feature", "geometry": {"type": "Point", "coordinates": [106.9593154, -6.1903709]}, "properties": {"kind": "tree", "name": ""}}, {"type": "Feature", "geometry": {"type": "Point", "coordinates": [106.9591323, -6.1904635]}, "properties": {"kind": "tree", "name": ""}}, {"type": "Feature", "geometry": {"type": "Point", "coordinates": [106.9589299, -6.1908552]}, "properties": {"kind": "tree", "name": ""}}, {"type": "Feature", "geometry": {"type": "Point", "coordinates": [106.9589373, -6.1909292]}, "properties": {"kind": "tree", "name": ""}}, {"type": "Feature", "geometry": {"type": "Point", "coordinates": [106.9590981, -6.1910573]}, "properties": {"kind": "tree", "name": ""}}, {"type": "Feature", "geometry": {"type": "Point", "coordinates": [106.9589068, -6.1910181]}, "properties": {"kind": "tree", "name": ""}}, {"type": "Feature", "geometry": {"type": "Point", "coordinates": [106.9591554, -6.1902628]}, "properties": {"kind": "tree", "name": ""}}, {"type": "Feature", "geometry": {"type": "Point", "coordinates": [106.9591167, -6.1901221]}, "properties": {"kind": "tree", "name": ""}}, {"type": "Feature", "geometry": {"type": "Point", "coordinates": [106.9592127, -6.190114]}, "properties": {"kind": "tree", "name": ""}}, {"type": "Feature", "geometry": {"type": "Point", "coordinates": [106.9592812, -6.1900592]}, "properties": {"kind": "tree", "name": ""}}, {"type": "Feature", "geometry": {"type": "Point", "coordinates": [106.9594055, -6.190031]}, "properties": {"kind": "tree", "name": ""}}, {"type": "Feature", "geometry": {"type": "Point", "coordinates": [106.9593095, -6.1899859]}, "properties": {"kind": "tree", "name": ""}}, {"type": "Feature", "geometry": {"type": "Point", "coordinates": [106.9604139, -6.1910758]}, "properties": {"kind": "tree", "name": ""}}, {"type": "Feature", "geometry": {"type": "Point", "coordinates": [106.9605441, -6.1909307]}, "properties": {"kind": "tree", "name": ""}}, {"type": "Feature", "geometry": {"type": "Point", "coordinates": [106.9606282, -6.1909795]}, "properties": {"kind": "tree", "name": ""}}, {"type": "Feature", "geometry": {"type": "Point", "coordinates": [106.9606714, -6.1910225]}, "properties": {"kind": "tree", "name": ""}}, {"type": "Feature", "geometry": {"type": "Point", "coordinates": [106.960821, -6.1910499]}, "properties": {"kind": "tree", "name": ""}}, {"type": "Feature", "geometry": {"type": "Point", "coordinates": [106.9608686, -6.1908922]}, "properties": {"kind": "tree", "name": ""}}, {"type": "Feature", "geometry": {"type": "Point", "coordinates": [106.9609668, -6.1908922]}, "properties": {"kind": "tree", "name": ""}}, {"type": "Feature", "geometry": {"type": "Point", "coordinates": [106.9608254, -6.1906974]}, "properties": {"kind": "tree", "name": ""}}, {"type": "Feature", "geometry": {"type": "Point", "coordinates": [106.9606676, -6.1907278]}, "properties": {"kind": "tree", "name": ""}}, {"type": "Feature", "geometry": {"type": "Point", "coordinates": [106.9605047, -6.1907419]}, "properties": {"kind": "tree", "name": ""}}, {"type": "Feature", "geometry": {"type": "Point", "coordinates": [106.9599539, -6.1904375]}, "properties": {"kind": "tree", "name": ""}}, {"type": "Feature", "geometry": {"type": "Point", "coordinates": [106.9586285, -6.1902613]}, "properties": {"kind": "tree", "name": ""}}, {"type": "Feature", "geometry": {"type": "Point", "coordinates": [106.9586813, -6.1902717]}, "properties": {"kind": "tree", "name": ""}}, {"type": "Feature", "geometry": {"type": "Point", "coordinates": [106.9586813, -6.1903517]}, "properties": {"kind": "tree", "name": ""}}, {"type": "Feature", "geometry": {"type": "Point", "coordinates": [106.9586181, -6.1903413]}, "properties": {"kind": "tree", "name": ""}}, {"type": "Feature", "geometry": {"type": "Point", "coordinates": [106.9585757, -6.1902517]}, "properties": {"kind": "tree", "name": ""}}, {"type": "Feature", "geometry": {"type": "Point", "coordinates": [106.9584983, -6.1902517]}, "properties": {"kind": "tree", "name": ""}}, {"type": "Feature", "geometry": {"type": "Point", "coordinates": [106.9584283, -6.190248]}, "properties": {"kind": "tree", "name": ""}}, {"type": "Feature", "geometry": {"type": "Point", "coordinates": [106.9583613, -6.1902406]}, "properties": {"kind": "tree", "name": ""}}, {"type": "Feature", "geometry": {"type": "Point", "coordinates": [106.9582713, -6.190225]}, "properties": {"kind": "tree", "name": ""}}, {"type": "Feature", "geometry": {"type": "Point", "coordinates": [106.9584715, -6.190322]}, "properties": {"kind": "tree", "name": ""}}, {"type": "Feature", "geometry": {"type": "Point", "coordinates": [106.9586865, -6.1904879]}, "properties": {"kind": "tree", "name": ""}}, {"type": "Feature", "geometry": {"type": "Point", "coordinates": [106.9588079, -6.1906293]}, "properties": {"kind": "tree", "name": ""}}, {"type": "Feature", "geometry": {"type": "Point", "coordinates": [106.9587721, -6.1908655]}, "properties": {"kind": "tree", "name": ""}}, {"type": "Feature", "geometry": {"type": "Point", "coordinates": [106.9586404, -6.1907656]}, "properties": {"kind": "tree", "name": ""}}, {"type": "Feature", "geometry": {"type": "Point", "coordinates": [106.9586374, -6.1906967]}, "properties": {"kind": "tree", "name": ""}}, {"type": "Feature", "geometry": {"type": "Point", "coordinates": [106.958688, -6.1906619]}, "properties": {"kind": "tree", "name": ""}}, {"type": "Feature", "geometry": {"type": "Point", "coordinates": [106.9585704, -6.1906863]}, "properties": {"kind": "tree", "name": ""}}, {"type": "Feature", "geometry": {"type": "Point", "coordinates": [106.958569, -6.1907582]}, "properties": {"kind": "tree", "name": ""}}, {"type": "Feature", "geometry": {"type": "Point", "coordinates": [106.9584908, -6.1906812]}, "properties": {"kind": "tree", "name": ""}}, {"type": "Feature", "geometry": {"type": "Point", "coordinates": [106.9583554, -6.1906612]}, "properties": {"kind": "tree", "name": ""}}, {"type": "Feature", "geometry": {"type": "Point", "coordinates": [106.9582996, -6.1907404]}, "properties": {"kind": "tree", "name": ""}}, {"type": "Feature", "geometry": {"type": "Point", "coordinates": [106.9587833, -6.1901569]}, "properties": {"kind": "tree", "name": ""}}, {"type": "Feature", "geometry": {"type": "Point", "coordinates": [106.9590631, -6.1897815]}, "properties": {"kind": "tree", "name": ""}}, {"type": "Feature", "geometry": {"type": "Point", "coordinates": [106.9590527, -6.1898282]}, "properties": {"kind": "tree", "name": ""}}, {"type": "Feature", "geometry": {"type": "Point", "coordinates": [106.9590445, -6.189883]}, "properties": {"kind": "tree", "name": ""}}, {"type": "Feature", "geometry": {"type": "Point", "coordinates": [106.9590333, -6.1899563]}, "properties": {"kind": "tree", "name": ""}}, {"type": "Feature", "geometry": {"type": "Point", "coordinates": [106.9590229, -6.1900222]}, "properties": {"kind": "tree", "name": ""}}, {"type": "Feature", "geometry": {"type": "Point", "coordinates": [106.9590103, -6.1900703]}, "properties": {"kind": "tree", "name": ""}}, {"type": "Feature", "geometry": {"type": "Point", "coordinates": [106.9590162, -6.1901821]}, "properties": {"kind": "tree", "name": ""}}, {"type": "Feature", "geometry": {"type": "Point", "coordinates": [106.958976, -6.1894187]}, "properties": {"kind": "tree", "name": ""}}, {"type": "Feature", "geometry": {"type": "Point", "coordinates": [106.9589753, -6.1894913]}, "properties": {"kind": "tree", "name": ""}}, {"type": "Feature", "geometry": {"type": "Point", "coordinates": [106.9589716, -6.1895438]}, "properties": {"kind": "tree", "name": ""}}, {"type": "Feature", "geometry": {"type": "Point", "coordinates": [106.9589552, -6.1896786]}, "properties": {"kind": "tree", "name": ""}}, {"type": "Feature", "geometry": {"type": "Point", "coordinates": [106.9589284, -6.1898474]}, "properties": {"kind": "tree", "name": ""}}, {"type": "Feature", "geometry": {"type": "Point", "coordinates": [106.9589239, -6.1899303]}, "properties": {"kind": "tree", "name": ""}}, {"type": "Feature", "geometry": {"type": "Point", "coordinates": [106.9588823, -6.190171]}, "properties": {"kind": "tree", "name": ""}}, {"type": "Feature", "geometry": {"type": "Point", "coordinates": [106.9588532, -6.1902798]}, "properties": {"kind": "tree", "name": ""}}, {"type": "Feature", "geometry": {"type": "Point", "coordinates": [106.9586679, -6.1901636]}, "properties": {"kind": "tree", "name": ""}}, {"type": "Feature", "geometry": {"type": "Point", "coordinates": [106.9596961, -6.1895139]}, "properties": {"kind": "tree", "name": ""}}, {"type": "Feature", "geometry": {"type": "Point", "coordinates": [106.959652, -6.189505]}, "properties": {"kind": "tree", "name": ""}}, {"type": "Feature", "geometry": {"type": "Point", "coordinates": [106.9595012, -6.1894482]}, "properties": {"kind": "tree", "name": ""}}, {"type": "Feature", "geometry": {"type": "Point", "coordinates": [106.9593537, -6.1894353]}, "properties": {"kind": "tree", "name": ""}}, {"type": "Feature", "geometry": {"type": "Point", "coordinates": [106.9591507, -6.1893541]}, "properties": {"kind": "tree", "name": ""}}, {"type": "Feature", "geometry": {"type": "Point", "coordinates": [106.9589827, -6.1888488]}, "properties": {"kind": "tree", "name": ""}}, {"type": "Feature", "geometry": {"type": "Point", "coordinates": [106.9589151, -6.1889048]}, "properties": {"kind": "tree", "name": ""}}, {"type": "Feature", "geometry": {"type": "Point", "coordinates": [106.9590325, -6.1890102]}, "properties": {"kind": "tree", "name": ""}}, {"type": "Feature", "geometry": {"type": "Point", "coordinates": [106.9590194, -6.1890832]}, "properties": {"kind": "tree", "name": ""}}, {"type": "Feature", "geometry": {"type": "Point", "coordinates": [106.9596993, -6.1908693]}, "properties": {"kind": "tree", "name": ""}}, {"type": "Feature", "geometry": {"type": "Point", "coordinates": [106.959754, -6.1907093]}, "properties": {"kind": "tree", "name": ""}}, {"type": "Feature", "geometry": {"type": "Point", "coordinates": [106.9597915, -6.1903526]}, "properties": {"kind": "tree", "name": ""}}, {"type": "Feature", "geometry": {"type": "Point", "coordinates": [106.9598828, -6.1903972]}, "properties": {"kind": "tree", "name": ""}}, {"type": "Feature", "geometry": {"type": "Point", "coordinates": [106.9598917, -6.1903088]}, "properties": {"kind": "tree", "name": ""}}, {"type": "Feature", "geometry": {"type": "Point", "coordinates": [106.9598261, -6.1902599]}, "properties": {"kind": "tree", "name": ""}}, {"type": "Feature", "geometry": {"type": "Point", "coordinates": [106.9598175, -6.1900825]}, "properties": {"kind": "tree", "name": ""}}, {"type": "Feature", "geometry": {"type": "Point", "coordinates": [106.95997, -6.1900079]}, "properties": {"kind": "tree", "name": ""}}, {"type": "Feature", "geometry": {"type": "Point", "coordinates": [106.9602741, -6.1901742]}, "properties": {"kind": "tree", "name": ""}}, {"type": "Feature", "geometry": {"type": "Point", "coordinates": [106.9606263, -6.1898059]}, "properties": {"kind": "tree", "name": ""}}, {"type": "Feature", "geometry": {"type": "Point", "coordinates": [106.9607168, -6.1898067]}, "properties": {"kind": "tree", "name": ""}}, {"type": "Feature", "geometry": {"type": "Point", "coordinates": [106.9590113, -6.1891514]}, "properties": {"kind": "tree", "name": ""}}, {"type": "Feature", "geometry": {"type": "Point", "coordinates": [106.9578893, -6.1901052]}, "properties": {"kind": "tree", "name": ""}}, {"type": "Feature", "geometry": {"type": "Point", "coordinates": [106.9578638, -6.1902636]}, "properties": {"kind": "tree", "name": ""}}, {"type": "Feature", "geometry": {"type": "Point", "coordinates": [106.9577925, -6.1901957]}, "properties": {"kind": "tree", "name": ""}}, {"type": "Feature", "geometry": {"type": "Point", "coordinates": [106.9576344, -6.1902314]}, "properties": {"kind": "tree", "name": ""}}, {"type": "Feature", "geometry": {"type": "Point", "coordinates": [106.9574793, -6.1901528]}, "properties": {"kind": "tree", "name": ""}}, {"type": "Feature", "geometry": {"type": "Point", "coordinates": [106.9574092, -6.1901462]}, "properties": {"kind": "tree", "name": ""}}, {"type": "Feature", "geometry": {"type": "Point", "coordinates": [106.959556, -6.1903923]}, "properties": {"kind": "tree", "name": ""}}, {"type": "Feature", "geometry": {"type": "Point", "coordinates": [106.959576, -6.1904914]}, "properties": {"kind": "tree", "name": ""}}, {"type": "Feature", "geometry": {"type": "Point", "coordinates": [106.9596221, -6.1904383]}, "properties": {"kind": "tree", "name": ""}}, {"type": "Feature", "geometry": {"type": "Point", "coordinates": [106.9596956, -6.1904254]}, "properties": {"kind": "tree", "name": ""}}, {"type": "Feature", "geometry": {"type": "Point", "coordinates": [106.9597012, -6.1903523]}, "properties": {"kind": "tree", "name": ""}}, {"type": "Feature", "geometry": {"type": "Point", "coordinates": [106.9597244, -6.1903118]}, "properties": {"kind": "tree", "name": ""}}, {"type": "Feature", "geometry": {"type": "Point", "coordinates": [106.95999, -6.1905333]}, "properties": {"kind": "tree", "name": ""}}, {"type": "Feature", "geometry": {"type": "Point", "coordinates": [106.9600805, -6.1905496]}, "properties": {"kind": "tree", "name": ""}}, {"type": "Feature", "geometry": {"type": "Point", "coordinates": [106.9601449, -6.1905721]}, "properties": {"kind": "tree", "name": ""}}, {"type": "Feature", "geometry": {"type": "Point", "coordinates": [106.9602076, -6.1905851]}, "properties": {"kind": "tree", "name": ""}}, {"type": "Feature", "geometry": {"type": "Point", "coordinates": [106.9602692, -6.1905806]}, "properties": {"kind": "tree", "name": ""}}, {"type": "Feature", "geometry": {"type": "Point", "coordinates": [106.9599896, -6.1903124]}, "properties": {"kind": "tree", "name": ""}}, {"type": "Feature", "geometry": {"type": "Point", "coordinates": [106.9591526, -6.1888679]}, "properties": {"kind": "tree", "name": ""}}, {"type": "Feature", "geometry": {"type": "Point", "coordinates": [106.9612242, -6.1904996]}, "properties": {"kind": "tree", "name": ""}}, {"type": "Feature", "geometry": {"type": "Point", "coordinates": [106.9612209, -6.1904523]}, "properties": {"kind": "tree", "name": ""}}, {"type": "Feature", "geometry": {"type": "Point", "coordinates": [106.9612584, -6.1904125]}, "properties": {"kind": "tree", "name": ""}}, {"type": "Feature", "geometry": {"type": "Point", "coordinates": [106.961305, -6.1904498]}, "properties": {"kind": "tree", "name": ""}}, {"type": "Feature", "geometry": {"type": "Point", "coordinates": [106.9598633, -6.1895999]}, "properties": {"kind": "tree", "name": ""}}, {"type": "Feature", "geometry": {"type": "Point", "coordinates": [106.9599008, -6.1896157]}, "properties": {"kind": "tree", "name": ""}}, {"type": "Feature", "geometry": {"type": "Point", "coordinates": [106.9599566, -6.1896381]}, "properties": {"kind": "tree", "name": ""}}, {"type": "Feature", "geometry": {"type": "Point", "coordinates": [106.9595329, -6.188979]}, "properties": {"kind": "tree", "name": ""}}, {"type": "Feature", "geometry": {"type": "Point", "coordinates": [106.9594383, -6.1889451]}, "properties": {"kind": "tree", "name": ""}}, {"type": "Feature", "geometry": {"type": "Point", "coordinates": [106.9593834, -6.1889263]}, "properties": {"kind": "tree", "name": ""}}, {"type": "Feature", "geometry": {"type": "Point", "coordinates": [106.9592888, -6.1889121]}, "properties": {"kind": "tree", "name": ""}}, {"type": "Feature", "geometry": {"type": "Point", "coordinates": [106.96089, -6.1902564]}, "properties": {"kind": "tree", "name": ""}}, {"type": "Feature", "geometry": {"type": "Point", "coordinates": [106.9590202, -6.1886703]}, "properties": {"kind": "tree", "name": ""}}, {"type": "Feature", "geometry": {"type": "Point", "coordinates": [106.9590391, -6.1886148]}, "properties": {"kind": "tree", "name": ""}}, {"type": "Feature", "geometry": {"type": "Point", "coordinates": [106.9595726, -6.1888002]}, "properties": {"kind": "tree", "name": ""}}, {"type": "Feature", "geometry": {"type": "Point", "coordinates": [106.9595641, -6.1887437]}, "properties": {"kind": "tree", "name": ""}}, {"type": "Feature", "geometry": {"type": "Point", "coordinates": [106.9598479, -6.1888303]}, "properties": {"kind": "tree", "name": ""}}, {"type": "Feature", "geometry": {"type": "Point", "coordinates": [106.9597987, -6.1887719]}, "properties": {"kind": "tree", "name": ""}}, {"type": "Feature", "geometry": {"type": "Point", "coordinates": [106.9591905, -6.1887333]}, "properties": {"kind": "tree", "name": ""}}, {"type": "Feature", "geometry": {"type": "Point", "coordinates": [106.9592529, -6.1886891]}, "properties": {"kind": "tree", "name": ""}}, {"type": "Feature", "geometry": {"type": "Point", "coordinates": [106.9591867, -6.188818]}, "properties": {"kind": "tree", "name": ""}}, {"type": "Feature", "geometry": {"type": "Point", "coordinates": [106.9591035, -6.1883531]}, "properties": {"kind": "tree", "name": ""}}, {"type": "Feature", "geometry": {"type": "Point", "coordinates": [106.9591186, -6.1883051]}, "properties": {"kind": "tree", "name": ""}}, {"type": "Feature", "geometry": {"type": "Point", "coordinates": [106.9585274, -6.1874139]}, "properties": {"kind": "tree", "name": ""}}, {"type": "Feature", "geometry": {"type": "Point", "coordinates": [106.9591356, -6.188212]}, "properties": {"kind": "tree", "name": ""}}, {"type": "Feature", "geometry": {"type": "Point", "coordinates": [106.9591347, -6.1881169]}, "properties": {"kind": "tree", "name": ""}}, {"type": "Feature", "geometry": {"type": "Point", "coordinates": [106.9591403, -6.1880595]}, "properties": {"kind": "tree", "name": ""}}, {"type": "Feature", "geometry": {"type": "Point", "coordinates": [106.9591555, -6.1880134]}, "properties": {"kind": "tree", "name": ""}}, {"type": "Feature", "geometry": {"type": "Point", "coordinates": [106.9591612, -6.1879776]}, "properties": {"kind": "tree", "name": ""}}, {"type": "Feature", "geometry": {"type": "Point", "coordinates": [106.9593579, -6.1880435]}, "properties": {"kind": "tree", "name": ""}}, {"type": "Feature", "geometry": {"type": "Point", "coordinates": [106.9589989, -6.1880068]}, "properties": {"kind": "tree", "name": ""}}, {"type": "Feature", "geometry": {"type": "Point", "coordinates": [106.9588481, -6.1876831]}, "properties": {"kind": "tree", "name": ""}}, {"type": "Feature", "geometry": {"type": "Point", "coordinates": [106.9588216, -6.1874901]}, "properties": {"kind": "tree", "name": ""}}, {"type": "Feature", "geometry": {"type": "Point", "coordinates": [106.9587506, -6.1874675]}, "properties": {"kind": "tree", "name": ""}}, {"type": "Feature", "geometry": {"type": "Point", "coordinates": [106.9586797, -6.1874506]}, "properties": {"kind": "tree", "name": ""}}, {"type": "Feature", "geometry": {"type": "Point", "coordinates": [106.9585804, -6.1874318]}, "properties": {"kind": "tree", "name": ""}}, {"type": "Feature", "geometry": {"type": "Point", "coordinates": [106.9591318, -6.1882562]}, "properties": {"kind": "tree", "name": ""}}, {"type": "Feature", "geometry": {"type": "Point", "coordinates": [106.9583959, -6.1875889]}, "properties": {"kind": "tree", "name": ""}}, {"type": "Feature", "geometry": {"type": "Point", "coordinates": [106.9593971, -6.1887044]}, "properties": {"kind": "tree", "name": ""}}, {"type": "Feature", "geometry": {"type": "Point", "coordinates": [106.9600448, -6.1887901]}, "properties": {"kind": "tree", "name": ""}}, {"type": "Feature", "geometry": {"type": "Point", "coordinates": [106.9602582, -6.1886264]}, "properties": {"kind": "tree", "name": ""}}, {"type": "Feature", "geometry": {"type": "Point", "coordinates": [106.9606935, -6.1884167]}, "properties": {"kind": "tree", "name": ""}}, {"type": "Feature", "geometry": {"type": "Point", "coordinates": [106.9607595, -6.1884491]}, "properties": {"kind": "tree", "name": ""}}, {"type": "Feature", "geometry": {"type": "Point", "coordinates": [106.9607921, -6.1884968]}, "properties": {"kind": "tree", "name": ""}}, {"type": "Feature", "geometry": {"type": "Point", "coordinates": [106.9606927, -6.1885335]}, "properties": {"kind": "tree", "name": ""}}, {"type": "Feature", "geometry": {"type": "Point", "coordinates": [106.9609369, -6.188455]}, "properties": {"kind": "tree", "name": ""}}, {"type": "Feature", "geometry": {"type": "Point", "coordinates": [106.9611289, -6.1886196]}, "properties": {"kind": "tree", "name": ""}}, {"type": "Feature", "geometry": {"type": "Point", "coordinates": [106.9610286, -6.1885718]}, "properties": {"kind": "tree", "name": ""}}, {"type": "Feature", "geometry": {"type": "Point", "coordinates": [106.9597177, -6.187714]}, "properties": {"kind": "tree", "name": ""}}, {"type": "Feature", "geometry": {"type": "Point", "coordinates": [106.9596081, -6.1876798]}, "properties": {"kind": "tree", "name": ""}}, {"type": "Feature", "geometry": {"type": "Point", "coordinates": [106.9594973, -6.1876013]}, "properties": {"kind": "tree", "name": ""}}, {"type": "Feature", "geometry": {"type": "Point", "coordinates": [106.9594333, -6.1876239]}, "properties": {"kind": "tree", "name": ""}}, {"type": "Feature", "geometry": {"type": "Point", "coordinates": [106.9609515, -6.1885505]}, "properties": {"kind": "tree", "name": ""}}, {"type": "Feature", "geometry": {"type": "Point", "coordinates": [106.9612488, -6.1881262]}, "properties": {"kind": "tree", "name": ""}}, {"type": "Feature", "geometry": {"type": "Point", "coordinates": [106.9602254, -6.1891174]}, "properties": {"kind": "tree", "name": ""}}, {"type": "Feature", "geometry": {"type": "Point", "coordinates": [106.9601246, -6.1890047]}, "properties": {"kind": "tree", "name": ""}}, {"type": "Feature", "geometry": {"type": "Point", "coordinates": [106.9597266, -6.1885539]}, "properties": {"kind": "tree", "name": ""}}, {"type": "Feature", "geometry": {"type": "Point", "coordinates": [106.9597729, -6.1884838]}, "properties": {"kind": "tree", "name": ""}}, {"type": "Feature", "geometry": {"type": "Point", "coordinates": [106.9598599, -6.1885071]}, "properties": {"kind": "tree", "name": ""}}, {"type": "Feature", "geometry": {"type": "Point", "coordinates": [106.959618, -6.188049]}, "properties": {"kind": "tree", "name": ""}}, {"type": "Feature", "geometry": {"type": "Point", "coordinates": [106.9596382, -6.1879538]}, "properties": {"kind": "tree", "name": ""}}, {"type": "Feature", "geometry": {"type": "Point", "coordinates": [106.9596254, -6.1878748]}, "properties": {"kind": "tree", "name": ""}}, {"type": "Feature", "geometry": {"type": "Point", "coordinates": [106.9589523, -6.1876133]}, "properties": {"kind": "tree", "name": ""}}, {"type": "Feature", "geometry": {"type": "Point", "coordinates": [106.9591242, -6.1876299]}, "properties": {"kind": "tree", "name": ""}}, {"type": "Feature", "geometry": {"type": "Point", "coordinates": [106.9589925, -6.1877347]}, "properties": {"kind": "tree", "name": ""}}, {"type": "Feature", "geometry": {"type": "Point", "coordinates": [106.9598422, -6.1874644]}, "properties": {"kind": "tree", "name": ""}}, {"type": "Feature", "geometry": {"type": "Point", "coordinates": [106.9597424, -6.1874354]}, "properties": {"kind": "tree", "name": ""}}, {"type": "Feature", "geometry": {"type": "Point", "coordinates": [106.9597618, -6.1875099]}, "properties": {"kind": "tree", "name": ""}}, {"type": "Feature", "geometry": {"type": "Point", "coordinates": [106.9417772, -6.1819258]}, "properties": {"kind": "green_area", "name": "Taman Interaktif"}}, {"type": "Feature", "geometry": {"type": "Point", "coordinates": [106.8363384, -6.1872501]}, "properties": {"kind": "green_area", "name": ""}}, {"type": "Feature", "geometry": {"type": "Point", "coordinates": [106.829574, -6.1963046]}, "properties": {"kind": "green_area", "name": "Taman Menteng"}}, {"type": "Feature", "geometry": {"type": "Point", "coordinates": [106.8326239, -6.1992782]}, "properties": {"kind": "green_area", "name": "Taman Suropati"}}, {"type": "Feature", "geometry": {"type": "Point", "coordinates": [106.8326996, -6.2026065]}, "properties": {"kind": "green_area", "name": "Taman Karawang"}}, {"type": "Feature", "geometry": {"type": "Point", "coordinates": [106.8325131, -6.2001973]}, "properties": {"kind": "green_area", "name": "Taman Patung Diponegoro"}}, {"type": "Feature", "geometry": {"type": "Point", "coordinates": [106.8292853, -6.1965356]}, "properties": {"kind": "tree", "name": ""}}, {"type": "Feature", "geometry": {"type": "Point", "coordinates": [106.8298632, -6.1974665]}, "properties": {"kind": "green_area", "name": "Taman Kodok"}}, {"type": "Feature", "geometry": {"type": "Point", "coordinates": [106.826798, -6.1966044]}, "properties": {"kind": "tree", "name": ""}}, {"type": "Feature", "geometry": {"type": "Point", "coordinates": [106.8267497, -6.196587]}, "properties": {"kind": "tree", "name": ""}}, {"type": "Feature", "geometry": {"type": "Point", "coordinates": [106.8267095, -6.196583]}, "properties": {"kind": "tree", "name": ""}}, {"type": "Feature", "geometry": {"type": "Point", "coordinates": [106.826452, -6.1956644]}, "properties": {"kind": "tree", "name": ""}}, {"type": "Feature", "geometry": {"type": "Point", "coordinates": [106.8264909, -6.1957911]}, "properties": {"kind": "tree", "name": ""}}, {"type": "Feature", "geometry": {"type": "Point", "coordinates": [106.8265499, -6.1957977]}, "properties": {"kind": "tree", "name": ""}}, {"type": "Feature", "geometry": {"type": "Point", "coordinates": [106.8266036, -6.1958017]}, "properties": {"kind": "tree", "name": ""}}, {"type": "Feature", "geometry": {"type": "Point", "coordinates": [106.8266813, -6.1958297]}, "properties": {"kind": "tree", "name": ""}}, {"type": "Feature", "geometry": {"type": "Point", "coordinates": [106.826676, -6.1959231]}, "properties": {"kind": "tree", "name": ""}}, {"type": "Feature", "geometry": {"type": "Point", "coordinates": [106.8272853, -6.1978168]}, "properties": {"kind": "green_area", "name": "Taman Panarukan"}}, {"type": "Feature", "geometry": {"type": "Point", "coordinates": [106.7965076, -6.1332078]}, "properties": {"kind": "shelter", "name": "Balai Warga RW 16"}}, {"type": "Feature", "geometry": {"type": "Point", "coordinates": [106.7879368, -6.1380173]}, "properties": {"kind": "tree", "name": ""}}, {"type": "Feature", "geometry": {"type": "Point", "coordinates": [106.7879865, -6.1383306]}, "properties": {"kind": "tree", "name": ""}}, {"type": "Feature", "geometry": {"type": "Point", "coordinates": [106.7880522, -6.1384507]}, "properties": {"kind": "tree", "name": ""}}, {"type": "Feature", "geometry": {"type": "Point", "coordinates": [106.7881916, -6.13858]}, "properties": {"kind": "tree", "name": ""}}, {"type": "Feature", "geometry": {"type": "Point", "coordinates": [106.7881742, -6.1386587]}, "properties": {"kind": "tree", "name": ""}}, {"type": "Feature", "geometry": {"type": "Point", "coordinates": [106.7883982, -6.138988]}, "properties": {"kind": "tree", "name": ""}}, {"type": "Feature", "geometry": {"type": "Point", "coordinates": [106.7886221, -6.1394694]}, "properties": {"kind": "tree", "name": ""}}, {"type": "Feature", "geometry": {"type": "Point", "coordinates": [106.7887697, -6.1393774]}, "properties": {"kind": "tree", "name": ""}}, {"type": "Feature", "geometry": {"type": "Point", "coordinates": [106.7888367, -6.1396241]}, "properties": {"kind": "tree", "name": ""}}, {"type": "Feature", "geometry": {"type": "Point", "coordinates": [106.7887576, -6.1408508]}, "properties": {"kind": "tree", "name": ""}}, {"type": "Feature", "geometry": {"type": "Point", "coordinates": [106.789062, -6.1406401]}, "properties": {"kind": "tree", "name": ""}}, {"type": "Feature", "geometry": {"type": "Point", "coordinates": [106.7884384, -6.1396041]}, "properties": {"kind": "tree", "name": ""}}, {"type": "Feature", "geometry": {"type": "Point", "coordinates": [106.7881487, -6.1391534]}, "properties": {"kind": "tree", "name": ""}}, {"type": "Feature", "geometry": {"type": "Point", "coordinates": [106.7879596, -6.138804]}, "properties": {"kind": "tree", "name": ""}}, {"type": "Feature", "geometry": {"type": "Point", "coordinates": [106.7876954, -6.138572]}, "properties": {"kind": "tree", "name": ""}}, {"type": "Feature", "geometry": {"type": "Point", "coordinates": [106.7879395, -6.1382453]}, "properties": {"kind": "tree", "name": ""}}, {"type": "Feature", "geometry": {"type": "Point", "coordinates": [106.7877987, -6.138072]}, "properties": {"kind": "tree", "name": ""}}, {"type": "Feature", "geometry": {"type": "Point", "coordinates": [106.7878322, -6.1379866]}, "properties": {"kind": "tree", "name": ""}}, {"type": "Feature", "geometry": {"type": "Point", "coordinates": [106.7877316, -6.1378906]}, "properties": {"kind": "tree", "name": ""}}, {"type": "Feature", "geometry": {"type": "Point", "coordinates": [106.7876592, -6.1377599]}, "properties": {"kind": "tree", "name": ""}}, {"type": "Feature", "geometry": {"type": "Point", "coordinates": [106.7873977, -6.1378133]}, "properties": {"kind": "tree", "name": ""}}, {"type": "Feature", "geometry": {"type": "Point", "coordinates": [106.7872837, -6.1380013]}, "properties": {"kind": "tree", "name": ""}}, {"type": "Feature", "geometry": {"type": "Point", "coordinates": [106.7873843, -6.1379866]}, "properties": {"kind": "tree", "name": ""}}, {"type": "Feature", "geometry": {"type": "Point", "coordinates": [106.7874782, -6.138068]}, "properties": {"kind": "tree", "name": ""}}, {"type": "Feature", "geometry": {"type": "Point", "coordinates": [106.7873789, -6.1381733]}, "properties": {"kind": "tree", "name": ""}}, {"type": "Feature", "geometry": {"type": "Point", "coordinates": [106.7874245, -6.138308]}, "properties": {"kind": "tree", "name": ""}}, {"type": "Feature", "geometry": {"type": "Point", "coordinates": [106.7875506, -6.1382906]}, "properties": {"kind": "tree", "name": ""}}, {"type": "Feature", "geometry": {"type": "Point", "coordinates": [106.787615, -6.1382066]}, "properties": {"kind": "tree", "name": ""}}, {"type": "Feature", "geometry": {"type": "Point", "coordinates": [106.7877142, -6.138284]}, "properties": {"kind": "tree", "name": ""}}, {"type": "Feature", "geometry": {"type": "Point", "coordinates": [106.7876391, -6.13838]}, "properties": {"kind": "tree", "name": ""}}, {"type": "Feature", "geometry": {"type": "Point", "coordinates": [106.7874983, -6.1384093]}, "properties": {"kind": "tree", "name": ""}}, {"type": "Feature", "geometry": {"type": "Point", "coordinates": [106.7875761, -6.1385427]}, "properties": {"kind": "tree", "name": ""}}, {"type": "Feature", "geometry": {"type": "Point", "coordinates": [106.7876512, -6.1386693]}, "properties": {"kind": "tree", "name": ""}}, {"type": "Feature", "geometry": {"type": "Point", "coordinates": [106.7877075, -6.1387907]}, "properties": {"kind": "tree", "name": ""}}, {"type": "Feature", "geometry": {"type": "Point", "coordinates": [106.7878135, -6.1387453]}, "properties": {"kind": "tree", "name": ""}}, {"type": "Feature", "geometry": {"type": "Point", "coordinates": [106.7877491, -6.138908]}, "properties": {"kind": "tree", "name": ""}}, {"type": "Feature", "geometry": {"type": "Point", "coordinates": [106.7878805, -6.1388573]}, "properties": {"kind": "tree", "name": ""}}, {"type": "Feature", "geometry": {"type": "Point", "coordinates": [106.7878067, -6.1390174]}, "properties": {"kind": "tree", "name": ""}}, {"type": "Feature", "geometry": {"type": "Point", "coordinates": [106.7879221, -6.138936]}, "properties": {"kind": "tree", "name": ""}}, {"type": "Feature", "geometry": {"type": "Point", "coordinates": [106.7879288, -6.1391947]}, "properties": {"kind": "tree", "name": ""}}, {"type": "Feature", "geometry": {"type": "Point", "coordinates": [106.7878658, -6.1391427]}, "properties": {"kind": "tree", "name": ""}}, {"type": "Feature", "geometry": {"type": "Point", "coordinates": [106.7880227, -6.1390814]}, "properties": {"kind": "tree", "name": ""}}, {"type": "Feature", "geometry": {"type": "Point", "coordinates": [106.7880374, -6.139212]}, "properties": {"kind": "tree", "name": ""}}, {"type": "Feature", "geometry": {"type": "Point", "coordinates": [106.7883754, -6.1394227]}, "properties": {"kind": "tree", "name": ""}}, {"type": "Feature", "geometry": {"type": "Point", "coordinates": [106.7881353, -6.139408]}, "properties": {"kind": "tree", "name": ""}}, {"type": "Feature", "geometry": {"type": "Point", "coordinates": [106.7880723, -6.1394894]}, "properties": {"kind": "tree", "name": ""}}, {"type": "Feature", "geometry": {"type": "Point", "coordinates": [106.7881916, -6.1395027]}, "properties": {"kind": "tree", "name": ""}}, {"type": "Feature", "geometry": {"type": "Point", "coordinates": [106.7881246, -6.1395921]}, "properties": {"kind": "tree", "name": ""}}, {"type": "Feature", "geometry": {"type": "Point", "coordinates": [106.7881782, -6.1396641]}, "properties": {"kind": "tree", "name": ""}}, {"type": "Feature", "geometry": {"type": "Point", "coordinates": [106.7882748, -6.1396121]}, "properties": {"kind": "tree", "name": ""}}, {"type": "Feature", "geometry": {"type": "Point", "coordinates": [106.7882279, -6.1397947]}, "properties": {"kind": "tree", "name": ""}}, {"type": "Feature", "geometry": {"type": "Point", "coordinates": [106.788366, -6.1397841]}, "properties": {"kind": "tree", "name": ""}}, {"type": "Feature", "geometry": {"type": "Point", "coordinates": [106.7882869, -6.1399054]}, "properties": {"kind": "tree", "name": ""}}, {"type": "Feature", "geometry": {"type": "Point", "coordinates": [106.7884572, -6.1399681]}, "properties": {"kind": "tree", "name": ""}}, {"type": "Feature", "geometry": {"type": "Point", "coordinates": [106.7883512, -6.1400201]}, "properties": {"kind": "tree", "name": ""}}, {"type": "Feature", "geometry": {"type": "Point", "coordinates": [106.7885189, -6.1400814]}, "properties": {"kind": "tree", "name": ""}}, {"type": "Feature", "geometry": {"type": "Point", "coordinates": [106.7883915, -6.1401454]}, "properties": {"kind": "tree", "name": ""}}, {"type": "Feature", "geometry": {"type": "Point", "coordinates": [106.7885886, -6.1402094]}, "properties": {"kind": "tree", "name": ""}}, {"type": "Feature", "geometry": {"type": "Point", "coordinates": [106.7885242, -6.1403148]}, "properties": {"kind": "tree", "name": ""}}, {"type": "Feature", "geometry": {"type": "Point", "coordinates": [106.7886007, -6.1404508]}, "properties": {"kind": "tree", "name": ""}}, {"type": "Feature", "geometry": {"type": "Point", "coordinates": [106.7887348, -6.1404521]}, "properties": {"kind": "tree", "name": ""}}, {"type": "Feature", "geometry": {"type": "Point", "coordinates": [106.7887227, -6.1406095]}, "properties": {"kind": "tree", "name": ""}}, {"type": "Feature", "geometry": {"type": "Point", "coordinates": [106.7887133, -6.1407001]}, "properties": {"kind": "tree", "name": ""}}, {"type": "Feature", "geometry": {"type": "Point", "coordinates": [106.7888059, -6.1407388]}, "properties": {"kind": "tree", "name": ""}}, {"type": "Feature", "geometry": {"type": "Point", "coordinates": [106.7888944, -6.1407388]}, "properties": {"kind": "tree", "name": ""}}, {"type": "Feature", "geometry": {"type": "Point", "coordinates": [106.7889976, -6.1407828]}, "properties": {"kind": "tree", "name": ""}}, {"type": "Feature", "geometry": {"type": "Point", "coordinates": [106.7889239, -6.1408961]}, "properties": {"kind": "tree", "name": ""}}, {"type": "Feature", "geometry": {"type": "Point", "coordinates": [106.7891251, -6.1410095]}, "properties": {"kind": "tree", "name": ""}}, {"type": "Feature", "geometry": {"type": "Point", "coordinates": [106.7890017, -6.1410361]}, "properties": {"kind": "tree", "name": ""}}, {"type": "Feature", "geometry": {"type": "Point", "coordinates": [106.789176, -6.1411241]}, "properties": {"kind": "tree", "name": ""}}, {"type": "Feature", "geometry": {"type": "Point", "coordinates": [106.7890862, -6.1412308]}, "properties": {"kind": "tree", "name": ""}}, {"type": "Feature", "geometry": {"type": "Point", "coordinates": [106.7890446, -6.1411681]}, "properties": {"kind": "tree", "name": ""}}, {"type": "Feature", "geometry": {"type": "Point", "coordinates": [106.7889199, -6.1411041]}, "properties": {"kind": "tree", "name": ""}}, {"type": "Feature", "geometry": {"type": "Point", "coordinates": [106.7889735, -6.1412162]}, "properties": {"kind": "tree", "name": ""}}, {"type": "Feature", "geometry": {"type": "Point", "coordinates": [106.788772, -6.1404128]}, "properties": {"kind": "green_area", "name": "RTH/RPTRA Kalijodo"}}, {"type": "Feature", "geometry": {"type": "Point", "coordinates": [106.7835131, -6.1330676]}, "properties": {"kind": "green_area", "name": "Taman Hutan Kota Penjaringan"}}, {"type": "Feature", "geometry": {"type": "Point", "coordinates": [106.7815564, -6.1475877]}, "properties": {"kind": "green_area", "name": "RPTRA Duta Mas"}}, {"type": "Feature", "geometry": {"type": "Point", "coordinates": [106.7851941, -6.1466264]}, "properties": {"kind": "green_area", "name": ""}}, {"type": "Feature", "geometry": {"type": "Point", "coordinates": [106.7727076, -6.1464974]}, "properties": {"kind": "green_area", "name": ""}}, {"type": "Feature", "geometry": {"type": "Point", "coordinates": [106.7730628, -6.1513371]}, "properties": {"kind": "green_area", "name": "Grawisa Park"}}, {"type": "Feature", "geometry": {"type": "Point", "coordinates": [106.7737533, -6.1548638]}, "properties": {"kind": "green_area", "name": ""}}, {"type": "Feature", "geometry": {"type": "Point", "coordinates": [106.7659682, -6.1558726]}, "properties": {"kind": "green_area", "name": ""}}, {"type": "Feature", "geometry": {"type": "Point", "coordinates": [106.7723752, -6.1591137]}, "properties": {"kind": "green_area", "name": ""}}, {"type": "Feature", "geometry": {"type": "Point", "coordinates": [106.7708819, -6.1647908]}, "properties": {"kind": "green_area", "name": "Taman Gang Buaya"}}, {"type": "Feature", "geometry": {"type": "Point", "coordinates": [106.7614727, -6.1672235]}, "properties": {"kind": "green_area", "name": ""}}, {"type": "Feature", "geometry": {"type": "Point", "coordinates": [106.7662117, -6.1644384]}, "properties": {"kind": "green_area", "name": "RPTRA Kedoya Utara"}}, {"type": "Feature", "geometry": {"type": "Point", "coordinates": [106.7671605, -6.1669428]}, "properties": {"kind": "green_area", "name": "Ratu Kamboja Park"}}, {"type": "Feature", "geometry": {"type": "Point", "coordinates": [106.7603261, -6.163872]}, "properties": {"kind": "green_area", "name": "Taman Warga RW 09"}}, {"type": "Feature", "geometry": {"type": "Point", "coordinates": [106.7267719, -6.1800045]}, "properties": {"kind": "green_area", "name": ""}}, {"type": "Feature", "geometry": {"type": "Point", "coordinates": [106.7301711, -6.1671716]}, "properties": {"kind": "green_area", "name": "Hutan Kota Rawa Buaya"}}, {"type": "Feature", "geometry": {"type": "Point", "coordinates": [106.7326393, -6.1438836]}, "properties": {"kind": "green_area", "name": ""}}, {"type": "Feature", "geometry": {"type": "Point", "coordinates": [106.7283475, -6.1275432]}, "properties": {"kind": "green_area", "name": ""}}, {"type": "Feature", "geometry": {"type": "Point", "coordinates": [106.7309291, -6.123881]}, "properties": {"kind": "green_area", "name": "RPTRA Berseri Cengkareng Timur"}}, {"type": "Feature", "geometry": {"type": "Point", "coordinates": [106.7330415, -6.136743]}, "properties": {"kind": "green_area", "name": ""}}, {"type": "Feature", "geometry": {"type": "Point", "coordinates": [106.7318973, -6.1718864]}, "properties": {"kind": "green_area", "name": ""}}, {"type": "Feature", "geometry": {"type": "Point", "coordinates": [106.7139241, -6.1514861]}, "properties": {"kind": "tree", "name": ""}}, {"type": "Feature", "geometry": {"type": "Point", "coordinates": [106.7139126, -6.1516594]}, "properties": {"kind": "tree", "name": ""}}, {"type": "Feature", "geometry": {"type": "Point", "coordinates": [106.7903931, -6.1772588]}, "properties": {"kind": "green_area", "name": "Tribeca Park"}}, {"type": "Feature", "geometry": {"type": "Point", "coordinates": [106.7926047, -6.1761084]}, "properties": {"kind": "shelter", "name": "Taman Anggrek"}}, {"type": "Feature", "geometry": {"type": "Point", "coordinates": [106.7931413, -6.1757025]}, "properties": {"kind": "shelter", "name": "S. Parman Podomoro City"}}, {"type": "Feature", "geometry": {"type": "Point", "coordinates": [106.7929462, -6.1788393]}, "properties": {"kind": "green_area", "name": ""}}, {"type": "Feature", "geometry": {"type": "Point", "coordinates": [106.853274, -6.2117114]}, "properties": {"kind": "green_area", "name": ""}}, {"type": "Feature", "geometry": {"type": "Point", "coordinates": [106.8533872, -6.20933]}, "properties": {"kind": "green_area", "name": ""}}, {"type": "Feature", "geometry": {"type": "Point", "coordinates": [106.850601, -6.2101123]}, "properties": {"kind": "green_area", "name": "Plaza St. Manggarai"}}, {"type": "Feature", "geometry": {"type": "Point", "coordinates": [106.8511551, -6.2087006]}, "properties": {"kind": "green_area", "name": ""}}, {"type": "Feature", "geometry": {"type": "Point", "coordinates": [106.8469144, -6.2075723]}, "properties": {"kind": "green_area", "name": ""}}, {"type": "Feature", "geometry": {"type": "Point", "coordinates": [106.8471926, -6.2072256]}, "properties": {"kind": "green_area", "name": ""}}, {"type": "Feature", "geometry": {"type": "Point", "coordinates": [106.8429691, -6.2160041]}, "properties": {"kind": "green_area", "name": "Taman Inetraktif Baturaya"}}, {"type": "Feature", "geometry": {"type": "Point", "coordinates": [106.8451763, -6.2191967]}, "properties": {"kind": "green_area", "name": "RPTRA Saharjo Mentas"}}, {"type": "Feature", "geometry": {"type": "Point", "coordinates": [106.8448408, -6.2244903]}, "properties": {"kind": "green_area", "name": "Taman Palbatu"}}, {"type": "Feature", "geometry": {"type": "Point", "coordinates": [106.8448784, -6.2245124]}, "properties": {"kind": "green_area", "name": "Taman Palbatu"}}, {"type": "Feature", "geometry": {"type": "Point", "coordinates": [106.8457842, -6.2377905]}, "properties": {"kind": "green_area", "name": ""}}, {"type": "Feature", "geometry": {"type": "Point", "coordinates": [106.8417989, -6.2394389]}, "properties": {"kind": "green_area", "name": ""}}, {"type": "Feature", "geometry": {"type": "Point", "coordinates": [106.8420894, -6.24467]}, "properties": {"kind": "tree", "name": ""}}, {"type": "Feature", "geometry": {"type": "Point", "coordinates": [106.8421978, -6.244701]}, "properties": {"kind": "tree", "name": ""}}, {"type": "Feature", "geometry": {"type": "Point", "coordinates": [106.8422815, -6.244717]}, "properties": {"kind": "tree", "name": ""}}, {"type": "Feature", "geometry": {"type": "Point", "coordinates": [106.8423491, -6.244733]}, "properties": {"kind": "tree", "name": ""}}, {"type": "Feature", "geometry": {"type": "Point", "coordinates": [106.8425551, -6.244781]}, "properties": {"kind": "tree", "name": ""}}, {"type": "Feature", "geometry": {"type": "Point", "coordinates": [106.8423067, -6.2450721]}, "properties": {"kind": "tree", "name": ""}}, {"type": "Feature", "geometry": {"type": "Point", "coordinates": [106.8423936, -6.2450849]}, "properties": {"kind": "tree", "name": ""}}, {"type": "Feature", "geometry": {"type": "Point", "coordinates": [106.8424998, -6.2451116]}, "properties": {"kind": "tree", "name": ""}}, {"type": "Feature", "geometry": {"type": "Point", "coordinates": [106.8426221, -6.2451425]}, "properties": {"kind": "tree", "name": ""}}, {"type": "Feature", "geometry": {"type": "Point", "coordinates": [106.8414911, -6.2460316]}, "properties": {"kind": "green_area", "name": ""}}, {"type": "Feature", "geometry": {"type": "Point", "coordinates": [106.8402604, -6.2650247]}, "properties": {"kind": "green_area", "name": "Taman Komplek Garuda"}}, {"type": "Feature", "geometry": {"type": "Point", "coordinates": [106.8488769, -6.2775002]}, "properties": {"kind": "tree", "name": "salak"}}, {"type": "Feature", "geometry": {"type": "Point", "coordinates": [106.8489014, -6.2775193]}, "properties": {"kind": "tree", "name": "salak"}}, {"type": "Feature", "geometry": {"type": "Point", "coordinates": [106.8488568, -6.2775219]}, "properties": {"kind": "tree", "name": "salak"}}, {"type": "Feature", "geometry": {"type": "Point", "coordinates": [106.848883, -6.2775384]}, "properties": {"kind": "tree", "name": "salak"}}, {"type": "Feature", "geometry": {"type": "Point", "coordinates": [106.8489119, -6.2775471]}, "properties": {"kind": "tree", "name": "salak"}}, {"type": "Feature", "geometry": {"type": "Point", "coordinates": [106.8488699, -6.277561]}, "properties": {"kind": "tree", "name": "salak"}}, {"type": "Feature", "geometry": {"type": "Point", "coordinates": [106.8488909, -6.2775627]}, "properties": {"kind": "tree", "name": "salak"}}, {"type": "Feature", "geometry": {"type": "Point", "coordinates": [106.8489232, -6.2775679]}, "properties": {"kind": "tree", "name": "salak"}}, {"type": "Feature", "geometry": {"type": "Point", "coordinates": [106.8488857, -6.2775827]}, "properties": {"kind": "tree", "name": "salak"}}, {"type": "Feature", "geometry": {"type": "Point", "coordinates": [106.8489058, -6.2775835]}, "properties": {"kind": "tree", "name": "salak"}}, {"type": "Feature", "geometry": {"type": "Point", "coordinates": [106.8487555, -6.2775966]}, "properties": {"kind": "tree", "name": ""}}, {"type": "Feature", "geometry": {"type": "Point", "coordinates": [106.8487581, -6.2777398]}, "properties": {"kind": "tree", "name": ""}}, {"type": "Feature", "geometry": {"type": "Point", "coordinates": [106.848628, -6.2778223]}, "properties": {"kind": "tree", "name": ""}}, {"type": "Feature", "geometry": {"type": "Point", "coordinates": [106.848752, -6.2778258]}, "properties": {"kind": "tree", "name": ""}}, {"type": "Feature", "geometry": {"type": "Point", "coordinates": [106.8483197, -6.2779135]}, "properties": {"kind": "tree", "name": ""}}, {"type": "Feature", "geometry": {"type": "Point", "coordinates": [106.8492425, -6.2764576]}, "properties": {"kind": "tree", "name": ""}}, {"type": "Feature", "geometry": {"type": "Point", "coordinates": [106.8492894, -6.2764546]}, "properties": {"kind": "tree", "name": ""}}, {"type": "Feature", "geometry": {"type": "Point", "coordinates": [106.8466692, -6.2788441]}, "properties": {"kind": "tree", "name": ""}}, {"type": "Feature", "geometry": {"type": "Point", "coordinates": [106.8466876, -6.278806]}, "properties": {"kind": "tree", "name": ""}}, {"type": "Feature", "geometry": {"type": "Point", "coordinates": [106.8466559, -6.2787878]}, "properties": {"kind": "tree", "name": ""}}, {"type": "Feature", "geometry": {"type": "Point", "coordinates": [106.8467242, -6.2787597]}, "properties": {"kind": "tree", "name": ""}}, {"type": "Feature", "geometry": {"type": "Point", "coordinates": [106.8466526, -6.2788805]}, "properties": {"kind": "tree", "name": ""}}, {"type": "Feature", "geometry": {"type": "Point", "coordinates": [106.8485884, -6.2778098]}, "properties": {"kind": "green_area", "name": ""}}, {"type": "Feature", "geometry": {"type": "Point", "coordinates": [106.8483586, -6.2791735]}, "properties": {"kind": "green_area", "name": ""}}, {"type": "Feature", "geometry": {"type": "Point", "coordinates": [106.8493786, -6.276637]}, "properties": {"kind": "green_area", "name": ""}}, {"type": "Feature", "geometry": {"type": "Point", "coordinates": [106.847511, -6.2781353]}, "properties": {"kind": "green_area", "name": ""}}, {"type": "Feature", "geometry": {"type": "Point", "coordinates": [106.8471254, -6.2794625]}, "properties": {"kind": "green_area", "name": ""}}, {"type": "Feature", "geometry": {"type": "Point", "coordinates": [106.8457193, -6.2800644]}, "properties": {"kind": "green_area", "name": "RPTRA Kemuning"}}, {"type": "Feature", "geometry": {"type": "Point", "coordinates": [106.8481325, -6.2819818]}, "properties": {"kind": "green_area", "name": ""}}, {"type": "Feature", "geometry": {"type": "Point", "coordinates": [106.8485405, -6.2823175]}, "properties": {"kind": "green_area", "name": ""}}, {"type": "Feature", "geometry": {"type": "Point", "coordinates": [106.8475874, -6.2827072]}, "properties": {"kind": "green_area", "name": ""}}, {"type": "Feature", "geometry": {"type": "Point", "coordinates": [106.8477719, -6.2834051]}, "properties": {"kind": "green_area", "name": ""}}, {"type": "Feature", "geometry": {"type": "Point", "coordinates": [106.8484817, -6.2840919]}, "properties": {"kind": "green_area", "name": ""}}, {"type": "Feature", "geometry": {"type": "Point", "coordinates": [106.8474136, -6.2849324]}, "properties": {"kind": "green_area", "name": ""}}, {"type": "Feature", "geometry": {"type": "Point", "coordinates": [106.8472043, -6.286122]}, "properties": {"kind": "green_area", "name": ""}}, {"type": "Feature", "geometry": {"type": "Point", "coordinates": [106.8481298, -6.2831906]}, "properties": {"kind": "green_area", "name": "kebon bambu"}}, {"type": "Feature", "geometry": {"type": "Point", "coordinates": [106.8408901, -6.2825693]}, "properties": {"kind": "green_area", "name": "RPTRA Belimbing"}}, {"type": "Feature", "geometry": {"type": "Point", "coordinates": [106.8428148, -6.2851201]}, "properties": {"kind": "green_area", "name": ""}}, {"type": "Feature", "geometry": {"type": "Point", "coordinates": [106.838283, -6.2960956]}, "properties": {"kind": "green_area", "name": ""}}, {"type": "Feature", "geometry": {"type": "Point", "coordinates": [106.8410141, -6.2882783]}, "properties": {"kind": "green_area", "name": ""}}, {"type": "Feature", "geometry": {"type": "Point", "coordinates": [106.8411167, -6.2899042]}, "properties": {"kind": "green_area", "name": ""}}, {"type": "Feature", "geometry": {"type": "Point", "coordinates": [106.839135, -6.2897402]}, "properties": {"kind": "green_area", "name": ""}}, {"type": "Feature", "geometry": {"type": "Point", "coordinates": [106.8411248, -6.2037658]}, "properties": {"kind": "green_area", "name": "Taman Sukabumi"}}, {"type": "Feature", "geometry": {"type": "Point", "coordinates": [106.8404434, -6.2070592]}, "properties": {"kind": "green_area", "name": ""}}, {"type": "Feature", "geometry": {"type": "Point", "coordinates": [106.837621, -6.2997806]}, "properties": {"kind": "green_area", "name": ""}}, {"type": "Feature", "geometry": {"type": "Point", "coordinates": [106.8391168, -6.3019078]}, "properties": {"kind": "green_area", "name": "Taman Tanjung"}}, {"type": "Feature", "geometry": {"type": "Point", "coordinates": [106.84032, -6.3036257]}, "properties": {"kind": "green_area", "name": "Taman Janggrek"}}, {"type": "Feature", "geometry": {"type": "Point", "coordinates": [106.8388016, -6.3125139]}, "properties": {"kind": "green_area", "name": ""}}, {"type": "Feature", "geometry": {"type": "Point", "coordinates": [106.8442087, -6.3232209]}, "properties": {"kind": "green_area", "name": ""}}, {"type": "Feature", "geometry": {"type": "Point", "coordinates": [106.8406452, -6.3164588]}, "properties": {"kind": "green_area", "name": "Taman Al-Biruni"}}, {"type": "Feature", "geometry": {"type": "Point", "coordinates": [106.8359172, -6.322872]}, "properties": {"kind": "green_area", "name": "RPTRA Taman Lenteng Agung"}}, {"type": "Feature", "geometry": {"type": "Point", "coordinates": [106.8375944, -6.3330798]}, "properties": {"kind": "green_area", "name": ""}}, {"type": "Feature", "geometry": {"type": "Point", "coordinates": [106.8380129, -6.3338579]}, "properties": {"kind": "green_area", "name": ""}}, {"type": "Feature", "geometry": {"type": "Point", "coordinates": [106.8369632, -6.3337542]}, "properties": {"kind": "green_area", "name": ""}}, {"type": "Feature", "geometry": {"type": "Point", "coordinates": [106.8387982, -6.3369218]}, "properties": {"kind": "green_area", "name": ""}}, {"type": "Feature", "geometry": {"type": "Point", "coordinates": [106.8339388, -6.3374986]}, "properties": {"kind": "green_area", "name": ""}}, {"type": "Feature", "geometry": {"type": "Point", "coordinates": [106.8337624, -6.3400125]}, "properties": {"kind": "tree", "name": ""}}, {"type": "Feature", "geometry": {"type": "Point", "coordinates": [106.8337128, -6.3401911]}, "properties": {"kind": "tree", "name": ""}}, {"type": "Feature", "geometry": {"type": "Point", "coordinates": [106.8336752, -6.340411]}, "properties": {"kind": "tree", "name": ""}}, {"type": "Feature", "geometry": {"type": "Point", "coordinates": [106.8336377, -6.3405456]}, "properties": {"kind": "tree", "name": ""}}, {"type": "Feature", "geometry": {"type": "Point", "coordinates": [106.8336122, -6.3407122]}, "properties": {"kind": "tree", "name": ""}}, {"type": "Feature", "geometry": {"type": "Point", "coordinates": [106.8335813, -6.3408215]}, "properties": {"kind": "tree", "name": ""}}, {"type": "Feature", "geometry": {"type": "Point", "coordinates": [106.8335384, -6.3409748]}, "properties": {"kind": "tree", "name": ""}}, {"type": "Feature", "geometry": {"type": "Point", "coordinates": [106.8334821, -6.3411788]}, "properties": {"kind": "tree", "name": ""}}, {"type": "Feature", "geometry": {"type": "Point", "coordinates": [106.8334553, -6.3413374]}, "properties": {"kind": "tree", "name": ""}}, {"type": "Feature", "geometry": {"type": "Point", "coordinates": [106.8334083, -6.3415346]}, "properties": {"kind": "tree", "name": ""}}, {"type": "Feature", "geometry": {"type": "Point", "coordinates": [106.8333533, -6.3417772]}, "properties": {"kind": "tree", "name": ""}}, {"type": "Feature", "geometry": {"type": "Point", "coordinates": [106.8332809, -6.3409108]}, "properties": {"kind": "tree", "name": ""}}, {"type": "Feature", "geometry": {"type": "Point", "coordinates": [106.8326506, -6.3399791]}, "properties": {"kind": "tree", "name": ""}}, {"type": "Feature", "geometry": {"type": "Point", "coordinates": [106.833356, -6.3406003]}, "properties": {"kind": "tree", "name": ""}}, {"type": "Feature", "geometry": {"type": "Point", "coordinates": [106.8333909, -6.3404603]}, "properties": {"kind": "tree", "name": ""}}, {"type": "Feature", "geometry": {"type": "Point", "coordinates": [106.8335317, -6.3401271]}, "properties": {"kind": "tree", "name": ""}}, {"type": "Feature", "geometry": {"type": "Point", "coordinates": [106.8332756, -6.3407496]}, "properties": {"kind": "tree", "name": ""}}, {"type": "Feature", "geometry": {"type": "Point", "coordinates": [106.8330985, -6.3402111]}, "properties": {"kind": "tree", "name": ""}}, {"type": "Feature", "geometry": {"type": "Point", "coordinates": [106.8328853, -6.3401538]}, "properties": {"kind": "tree", "name": ""}}, {"type": "Feature", "geometry": {"type": "Point", "coordinates": [106.8330717, -6.3410028]}, "properties": {"kind": "tree", "name": ""}}, {"type": "Feature", "geometry": {"type": "Point", "coordinates": [106.8327579, -6.3409228]}, "properties": {"kind": "tree", "name": ""}}, {"type": "Feature", "geometry": {"type": "Point", "coordinates": [106.8326774, -6.3408949]}, "properties": {"kind": "tree", "name": ""}}, {"type": "Feature", "geometry": {"type": "Point", "coordinates": [106.8325929, -6.3406043]}, "properties": {"kind": "tree", "name": ""}}, {"type": "Feature", "geometry": {"type": "Point", "coordinates": [106.8324852, -6.3405763]}, "properties": {"kind": "tree", "name": ""}}, {"type": "Feature", "geometry": {"type": "Point", "coordinates": [106.832377, -6.3405483]}, "properties": {"kind": "tree", "name": ""}}, {"type": "Feature", "geometry": {"type": "Point", "coordinates": [106.8324253, -6.3403817]}, "properties": {"kind": "tree", "name": ""}}, {"type": "Feature", "geometry": {"type": "Point", "coordinates": [106.8325316, -6.3404108]}, "properties": {"kind": "tree", "name": ""}}, {"type": "Feature", "geometry": {"type": "Point", "coordinates": [106.8326439, -6.3404417]}, "properties": {"kind": "tree", "name": ""}}, {"type": "Feature", "geometry": {"type": "Point", "coordinates": [106.8331414, -6.3417372]}, "properties": {"kind": "tree", "name": ""}}, {"type": "Feature", "geometry": {"type": "Point", "coordinates": [106.8357835, -6.3437354]}, "properties": {"kind": "green_area", "name": ""}}, {"type": "Feature", "geometry": {"type": "Point", "coordinates": [106.8333144, -6.3419598]}, "properties": {"kind": "tree", "name": ""}}, {"type": "Feature", "geometry": {"type": "Point", "coordinates": [106.8332487, -6.3421065]}, "properties": {"kind": "tree", "name": ""}}, {"type": "Feature", "geometry": {"type": "Point", "coordinates": [106.8330918, -6.3419345]}, "properties": {"kind": "tree", "name": ""}}, {"type": "Feature", "geometry": {"type": "Point", "coordinates": [106.8331093, -6.3418279]}, "properties": {"kind": "tree", "name": ""}}, {"type": "Feature", "geometry": {"type": "Point", "coordinates": [106.8329698, -6.3416999]}, "properties": {"kind": "tree", "name": ""}}, {"type": "Feature", "geometry": {"type": "Point", "coordinates": [106.8329282, -6.3418372]}, "properties": {"kind": "tree", "name": ""}}, {"type": "Feature", "geometry": {"type": "Point", "coordinates": [106.8329054, -6.3419385]}, "properties": {"kind": "tree", "name": ""}}, {"type": "Feature", "geometry": {"type": "Point", "coordinates": [106.8339892, -6.3446071]}, "properties": {"kind": "green_area", "name": ""}}, {"type": "Feature", "geometry": {"type": "Point", "coordinates": [106.8309128, -6.3558148]}, "properties": {"kind": "green_area", "name": ""}}, {"type": "Feature", "geometry": {"type": "Point", "coordinates": [106.8272404, -6.3552035]}, "properties": {"kind": "green_area", "name": "UI Park"}}, {"type": "Feature", "geometry": {"type": "Point", "coordinates": [106.8269509, -6.3543838]}, "properties": {"kind": "green_area", "name": ""}}, {"type": "Feature", "geometry": {"type": "Point", "coordinates": [106.8372322, -6.3529851]}, "properties": {"kind": "green_area", "name": ""}}, {"type": "Feature", "geometry": {"type": "Point", "coordinates": [106.829329, -6.3559578]}, "properties": {"kind": "green_area", "name": ""}}, {"type": "Feature", "geometry": {"type": "Point", "coordinates": [106.8301486, -6.3565547]}, "properties": {"kind": "green_area", "name": ""}}, {"type": "Feature", "geometry": {"type": "Point", "coordinates": [106.8297619, -6.3564866]}, "properties": {"kind": "green_area", "name": ""}}, {"type": "Feature", "geometry": {"type": "Point", "coordinates": [106.8324319, -6.3574186]}, "properties": {"kind": "green_area", "name": ""}}, {"type": "Feature", "geometry": {"type": "Point", "coordinates": [106.8294188, -6.35868]}, "properties": {"kind": "green_area", "name": ""}}, {"type": "Feature", "geometry": {"type": "Point", "coordinates": [106.8324709, -6.3409375]}, "properties": {"kind": "tree", "name": ""}}, {"type": "Feature", "geometry": {"type": "Point", "coordinates": [106.832137, -6.3408642]}, "properties": {"kind": "tree", "name": ""}}, {"type": "Feature", "geometry": {"type": "Point", "coordinates": [106.9061506, -6.1867777]}, "properties": {"kind": "tree", "name": ""}}, {"type": "Feature", "geometry": {"type": "Point", "coordinates": [106.9061269, -6.1865507]}, "properties": {"kind": "tree", "name": ""}}, {"type": "Feature", "geometry": {"type": "Point", "coordinates": [106.9063924, -6.1868673]}, "properties": {"kind": "tree", "name": ""}}, {"type": "Feature", "geometry": {"type": "Point", "coordinates": [106.8999857, -6.195326]}, "properties": {"kind": "green_area", "name": "Berdikari Sentosa"}}, {"type": "Feature", "geometry": {"type": "Point", "coordinates": [106.8925229, -6.1909398]}, "properties": {"kind": "green_area", "name": ""}}, {"type": "Feature", "geometry": {"type": "Point", "coordinates": [106.8953164, -6.1910992]}, "properties": {"kind": "green_area", "name": ""}}, {"type": "Feature", "geometry": {"type": "Point", "coordinates": [106.8974061, -6.1954441]}, "properties": {"kind": "green_area", "name": "Taman Bandeng III"}}, {"type": "Feature", "geometry": {"type": "Point", "coordinates": [106.8934723, -6.1955924]}, "properties": {"kind": "green_area", "name": "Duyung"}}, {"type": "Feature", "geometry": {"type": "Point", "coordinates": [106.8928662, -6.1944471]}, "properties": {"kind": "green_area", "name": "Taman Cakalang"}}, {"type": "Feature", "geometry": {"type": "Point", "coordinates": [106.8941281, -6.1963144]}, "properties": {"kind": "green_area", "name": "Duyung"}}, {"type": "Feature", "geometry": {"type": "Point", "coordinates": [106.8960054, -6.194672]}, "properties": {"kind": "green_area", "name": "Taman Lodan"}}, {"type": "Feature", "geometry": {"type": "Point", "coordinates": [106.8955973, -6.1966921]}, "properties": {"kind": "green_area", "name": "Taman Maskoki"}}, {"type": "Feature", "geometry": {"type": "Point", "coordinates": [106.8695136, -6.1932788]}, "properties": {"kind": "green_area", "name": "Taman Pengayoman"}}, {"type": "Feature", "geometry": {"type": "Point", "coordinates": [106.8686476, -6.192483]}, "properties": {"kind": "green_area", "name": ""}}, {"type": "Feature", "geometry": {"type": "Point", "coordinates": [106.8686736, -6.1942284]}, "properties": {"kind": "green_area", "name": "Taman Simpang UKU"}}, {"type": "Feature", "geometry": {"type": "Point", "coordinates": [106.8675264, -6.1960841]}, "properties": {"kind": "green_area", "name": "RPTRA UTAKARA Beriman"}}, {"type": "Feature", "geometry": {"type": "Point", "coordinates": [106.8606426, -6.1942364]}, "properties": {"kind": "green_area", "name": "Taman Pasar Genjing, Pramuka"}}, {"type": "Feature", "geometry": {"type": "Point", "coordinates": [106.855884, -6.2000341]}, "properties": {"kind": "green_area", "name": ""}}, {"type": "Feature", "geometry": {"type": "Point", "coordinates": [106.8556438, -6.1984306]}, "properties": {"kind": "shelter", "name": "Andy Printing"}}, {"type": "Feature", "geometry": {"type": "Point", "coordinates": [106.8525844, -6.2012034]}, "properties": {"kind": "green_area", "name": ""}}, {"type": "Feature", "geometry": {"type": "Point", "coordinates": [106.8465895, -6.2034746]}, "properties": {"kind": "green_area", "name": "Taman Proklamasi"}}, {"type": "Feature", "geometry": {"type": "Point", "coordinates": [106.8504967, -6.203411]}, "properties": {"kind": "green_area", "name": "RPTRA Amir Hamzah"}}, {"type": "Feature", "geometry": {"type": "Point", "coordinates": [106.8518344, -6.2032433]}, "properties": {"kind": "green_area", "name": ""}}, {"type": "Feature", "geometry": {"type": "Point", "coordinates": [106.8470932, -6.1999038]}, "properties": {"kind": "green_area", "name": ""}}, {"type": "Feature", "geometry": {"type": "Point", "coordinates": [106.8476897, -6.2002614]}, "properties": {"kind": "green_area", "name": "RPTRA Borobudur"}}, {"type": "Feature", "geometry": {"type": "Point", "coordinates": [106.844264, -6.1989311]}, "properties": {"kind": "green_area", "name": "Taman Kimia"}}, {"type": "Feature", "geometry": {"type": "Point", "coordinates": [106.8430274, -6.1983753]}, "properties": {"kind": "green_area", "name": ""}}, {"type": "Feature", "geometry": {"type": "Point", "coordinates": [106.8391244, -6.1998272]}, "properties": {"kind": "green_area", "name": "Taman Semarang"}}, {"type": "Feature", "geometry": {"type": "Point", "coordinates": [106.8465052, -6.1988654]}, "properties": {"kind": "green_area", "name": "Taman Diponegoro"}}, {"type": "Feature", "geometry": {"type": "Point", "coordinates": [106.8460234, -6.1989756]}, "properties": {"kind": "tree", "name": ""}}, {"type": "Feature", "geometry": {"type": "Point", "coordinates": [106.8462159, -6.1988536]}, "properties": {"kind": "tree", "name": ""}}, {"type": "Feature", "geometry": {"type": "Point", "coordinates": [106.8463098, -6.1987676]}, "properties": {"kind": "tree", "name": ""}}, {"type": "Feature", "geometry": {"type": "Point", "coordinates": [106.846524, -6.1985775]}, "properties": {"kind": "green_area", "name": ""}}, {"type": "Feature", "geometry": {"type": "Point", "coordinates": [106.8463969, -6.1955614]}, "properties": {"kind": "green_area", "name": ""}}, {"type": "Feature", "geometry": {"type": "Point", "coordinates": [106.8630753, -6.1890711]}, "properties": {"kind": "green_area", "name": ""}}, {"type": "Feature", "geometry": {"type": "Point", "coordinates": [106.8974715, -6.1967571]}, "properties": {"kind": "green_area", "name": "Taman Bandeng"}}, {"type": "Feature", "geometry": {"type": "Point", "coordinates": [106.9051689, -6.184833]}, "properties": {"kind": "tree", "name": ""}}, {"type": "Feature", "geometry": {"type": "Point", "coordinates": [106.9055728, -6.1857912]}, "properties": {"kind": "tree", "name": ""}}, {"type": "Feature", "geometry": {"type": "Point", "coordinates": [106.9054052, -6.1849607]}, "properties": {"kind": "tree", "name": ""}}, {"type": "Feature", "geometry": {"type": "Point", "coordinates": [106.9052887, -6.1850021]}, "properties": {"kind": "tree", "name": ""}}, {"type": "Feature", "geometry": {"type": "Point", "coordinates": [106.9049501, -6.1852146]}, "properties": {"kind": "tree", "name": ""}}, {"type": "Feature", "geometry": {"type": "Point", "coordinates": [106.9050373, -6.1851829]}, "properties": {"kind": "tree", "name": ""}}, {"type": "Feature", "geometry": {"type": "Point", "coordinates": [106.9050777, -6.1851459]}, "properties": {"kind": "tree", "name": ""}}, {"type": "Feature", "geometry": {"type": "Point", "coordinates": [106.905189, -6.1851563]}, "properties": {"kind": "tree", "name": ""}}, {"type": "Feature", "geometry": {"type": "Point", "coordinates": [106.9052522, -6.1852995]}, "properties": {"kind": "tree", "name": ""}}, {"type": "Feature", "geometry": {"type": "Point", "coordinates": [106.9053889, -6.1848486]}, "properties": {"kind": "tree", "name": ""}}, {"type": "Feature", "geometry": {"type": "Point", "coordinates": [106.9051389, -6.1850559]}, "properties": {"kind": "tree", "name": ""}}, {"type": "Feature", "geometry": {"type": "Point", "coordinates": [106.9053622, -6.1846905]}, "properties": {"kind": "tree", "name": ""}}, {"type": "Feature", "geometry": {"type": "Point", "coordinates": [106.9052958, -6.1846905]}, "properties": {"kind": "tree", "name": ""}}, {"type": "Feature", "geometry": {"type": "Point", "coordinates": [106.904803, -6.1853421]}, "properties": {"kind": "tree", "name": ""}}, {"type": "Feature", "geometry": {"type": "Point", "coordinates": [106.9048312, -6.1853719]}, "properties": {"kind": "tree", "name": ""}}, {"type": "Feature", "geometry": {"type": "Point", "coordinates": [106.904871, -6.1854229]}, "properties": {"kind": "tree", "name": ""}}, {"type": "Feature", "geometry": {"type": "Point", "coordinates": [106.9049062, -6.1854706]}, "properties": {"kind": "tree", "name": ""}}, {"type": "Feature", "geometry": {"type": "Point", "coordinates": [106.9050388, -6.1856794]}, "properties": {"kind": "tree", "name": ""}}, {"type": "Feature", "geometry": {"type": "Point", "coordinates": [106.9050705, -6.1857224]}, "properties": {"kind": "tree", "name": ""}}, {"type": "Feature", "geometry": {"type": "Point", "coordinates": [106.9050976, -6.1857958]}, "properties": {"kind": "tree", "name": ""}}, {"type": "Feature", "geometry": {"type": "Point", "coordinates": [106.9051818, -6.1859105]}, "properties": {"kind": "tree", "name": ""}}, {"type": "Feature", "geometry": {"type": "Point", "coordinates": [106.9048145, -6.1847455]}, "properties": {"kind": "tree", "name": ""}}, {"type": "Feature", "geometry": {"type": "Point", "coordinates": [106.9048036, -6.1847851]}, "properties": {"kind": "tree", "name": ""}}, {"type": "Feature", "geometry": {"type": "Point", "coordinates": [106.9047874, -6.1848482]}, "properties": {"kind": "tree", "name": ""}}, {"type": "Feature", "geometry": {"type": "Point", "coordinates": [106.9047142, -6.1850025]}, "properties": {"kind": "tree", "name": ""}}, {"type": "Feature", "geometry": {"type": "Point", "coordinates": [106.9047252, -6.1852554]}, "properties": {"kind": "tree", "name": ""}}, {"type": "Feature", "geometry": {"type": "Point", "coordinates": [106.9046981, -6.185108]}, "properties": {"kind": "tree", "name": ""}}, {"type": "Feature", "geometry": {"type": "Point", "coordinates": [106.8562072, -6.2064651]}, "properties": {"kind": "green_area", "name": ""}}, {"type": "Feature", "geometry": {"type": "Point", "coordinates": [106.8562649, -6.206848]}, "properties": {"kind": "green_area", "name": ""}}, {"type": "Feature", "geometry": {"type": "Point", "coordinates": [106.8572762, -6.2085557]}, "properties": {"kind": "green_area", "name": ""}}, {"type": "Feature", "geometry": {"type": "Point", "coordinates": [106.860076, -6.2084898]}, "properties": {"kind": "green_area", "name": ""}}, {"type": "Feature", "geometry": {"type": "Point", "coordinates": [106.8564411, -6.2103868]}, "properties": {"kind": "green_area", "name": ""}}, {"type": "Feature", "geometry": {"type": "Point", "coordinates": [106.8564628, -6.2099957]}, "properties": {"kind": "green_area", "name": ""}}, {"type": "Feature", "geometry": {"type": "Point", "coordinates": [106.8589444, -6.2117748]}, "properties": {"kind": "green_area", "name": ""}}, {"type": "Feature", "geometry": {"type": "Point", "coordinates": [106.8560528, -6.2100022]}, "properties": {"kind": "green_area", "name": ""}}, {"type": "Feature", "geometry": {"type": "Point", "coordinates": [106.8352991, -6.2076316]}, "properties": {"kind": "green_area", "name": "Taman Tangkuban Perahu"}}, {"type": "Feature", "geometry": {"type": "Point", "coordinates": [106.8889104, -6.285935]}, "properties": {"kind": "green_area", "name": ""}}, {"type": "Feature", "geometry": {"type": "Point", "coordinates": [106.8878793, -6.2869093]}, "properties": {"kind": "green_area", "name": ""}}, {"type": "Feature", "geometry": {"type": "Point", "coordinates": [106.8882412, -6.2880071]}, "properties": {"kind": "green_area", "name": ""}}, {"type": "Feature", "geometry": {"type": "Point", "coordinates": [106.8869089, -6.2862671]}, "properties": {"kind": "green_area", "name": ""}}, {"type": "Feature", "geometry": {"type": "Point", "coordinates": [106.8895617, -6.2912804]}, "properties": {"kind": "green_area", "name": ""}}, {"type": "Feature", "geometry": {"type": "Point", "coordinates": [106.8883742, -6.2852825]}, "properties": {"kind": "green_area", "name": ""}}, {"type": "Feature", "geometry": {"type": "Point", "coordinates": [106.890608, -6.2877333]}, "properties": {"kind": "green_area", "name": ""}}, {"type": "Feature", "geometry": {"type": "Point", "coordinates": [106.8899158, -6.2873772]}, "properties": {"kind": "green_area", "name": ""}}, {"type": "Feature", "geometry": {"type": "Point", "coordinates": [106.8912788, -6.2862297]}, "properties": {"kind": "green_area", "name": ""}}, {"type": "Feature", "geometry": {"type": "Point", "coordinates": [106.8943423, -6.2869734]}, "properties": {"kind": "green_area", "name": ""}}, {"type": "Feature", "geometry": {"type": "Point", "coordinates": [106.8969665, -6.2859402]}, "properties": {"kind": "green_area", "name": ""}}, {"type": "Feature", "geometry": {"type": "Point", "coordinates": [106.893735, -6.2871978]}, "properties": {"kind": "green_area", "name": "Lapangan Belakang KODIKLAT TNI-AU"}}, {"type": "Feature", "geometry": {"type": "Point", "coordinates": [106.8928054, -6.2872576]}, "properties": {"kind": "green_area", "name": "Lapangan Utama KODIKLAT TNI-AU"}}, {"type": "Feature", "geometry": {"type": "Point", "coordinates": [106.8992056, -6.2816867]}, "properties": {"kind": "green_area", "name": ""}}, {"type": "Feature", "geometry": {"type": "Point", "coordinates": [106.898662, -6.2821378]}, "properties": {"kind": "green_area", "name": ""}}, {"type": "Feature", "geometry": {"type": "Point", "coordinates": [106.9134165, -6.2820189]}, "properties": {"kind": "green_area", "name": "Lapangan Sepakbola Pondok Gede"}}, {"type": "Feature", "geometry": {"type": "Point", "coordinates": [106.9082983, -6.2626397]}, "properties": {"kind": "tree", "name": ""}}, {"type": "Feature", "geometry": {"type": "Point", "coordinates": [106.9077967, -6.2624957]}, "properties": {"kind": "tree", "name": ""}}, {"type": "Feature", "geometry": {"type": "Point", "coordinates": [106.9077672, -6.2623877]}, "properties": {"kind": "tree", "name": ""}}, {"type": "Feature", "geometry": {"type": "Point", "coordinates": [106.9078369, -6.2623518]}, "properties": {"kind": "tree", "name": ""}}, {"type": "Feature", "geometry": {"type": "Point", "coordinates": [106.9079496, -6.2623478]}, "properties": {"kind": "tree", "name": ""}}, {"type": "Feature", "geometry": {"type": "Point", "coordinates": [106.9084914, -6.2624664]}, "properties": {"kind": "tree", "name": ""}}, {"type": "Feature", "geometry": {"type": "Point", "coordinates": [106.9090439, -6.2623891]}, "properties": {"kind": "tree", "name": ""}}, {"type": "Feature", "geometry": {"type": "Point", "coordinates": [106.9091365, -6.2623598]}, "properties": {"kind": "tree", "name": ""}}, {"type": "Feature", "geometry": {"type": "Point", "coordinates": [106.9091217, -6.2624384]}, "properties": {"kind": "tree", "name": ""}}, {"type": "Feature", "geometry": {"type": "Point", "coordinates": [106.9087489, -6.2617585]}, "properties": {"kind": "tree", "name": ""}}, {"type": "Feature", "geometry": {"type": "Point", "coordinates": [106.9090815, -6.2619425]}, "properties": {"kind": "tree", "name": ""}}, {"type": "Feature", "geometry": {"type": "Point", "coordinates": [106.9088575, -6.2619798]}, "properties": {"kind": "tree", "name": ""}}, {"type": "Feature", "geometry": {"type": "Point", "coordinates": [106.9088589, -6.2620811]}, "properties": {"kind": "tree", "name": ""}}, {"type": "Feature", "geometry": {"type": "Point", "coordinates": [106.9096622, -6.2611653]}, "properties": {"kind": "tree", "name": ""}}, {"type": "Feature", "geometry": {"type": "Point", "coordinates": [106.9092974, -6.2608667]}, "properties": {"kind": "tree", "name": ""}}, {"type": "Feature", "geometry": {"type": "Point", "coordinates": [106.9092679, -6.2609587]}, "properties": {"kind": "tree", "name": ""}}, {"type": "Feature", "geometry": {"type": "Point", "coordinates": [106.9093108, -6.261068]}, "properties": {"kind": "tree", "name": ""}}, {"type": "Feature", "geometry": {"type": "Point", "coordinates": [106.9092236, -6.2611013]}, "properties": {"kind": "tree", "name": ""}}, {"type": "Feature", "geometry": {"type": "Point", "coordinates": [106.909225, -6.261164]}, "properties": {"kind": "tree", "name": ""}}, {"type": "Feature", "geometry": {"type": "Point", "coordinates": [106.9086148, -6.2614612]}, "properties": {"kind": "tree", "name": ""}}, {"type": "Feature", "geometry": {"type": "Point", "coordinates": [106.9087288, -6.2613706]}, "properties": {"kind": "tree", "name": ""}}, {"type": "Feature", "geometry": {"type": "Point", "coordinates": [106.9086429, -6.2612973]}, "properties": {"kind": "tree", "name": ""}}, {"type": "Feature", "geometry": {"type": "Point", "coordinates": [106.9086054, -6.2610773]}, "properties": {"kind": "tree", "name": ""}}, {"type": "Feature", "geometry": {"type": "Point", "coordinates": [106.9086926, -6.2609907]}, "properties": {"kind": "tree", "name": ""}}, {"type": "Feature", "geometry": {"type": "Point", "coordinates": [106.9106121, -6.2601653]}, "properties": {"kind": "shelter", "name": "Baraya Jatiwaringin"}}, {"type": "Feature", "geometry": {"type": "Point", "coordinates": [106.9100392, -6.2616333]}, "properties": {"kind": "green_area", "name": "Lapangan Futsal"}}, {"type": "Feature", "geometry": {"type": "Point", "coordinates": [106.9085544, -6.2609907]}, "properties": {"kind": "tree", "name": ""}}, {"type": "Feature", "geometry": {"type": "Point", "coordinates": [106.9086738, -6.2608867]}, "properties": {"kind": "tree", "name": ""}}, {"type": "Feature", "geometry": {"type": "Point", "coordinates": [106.9087435, -6.2608067]}, "properties": {"kind": "tree", "name": ""}}, {"type": "Feature", "geometry": {"type": "Point", "coordinates": [106.9085491, -6.2608373]}, "properties": {"kind": "tree", "name": ""}}, {"type": "Feature", "geometry": {"type": "Point", "coordinates": [106.907152, -6.2625477]}, "properties": {"kind": "green_area", "name": ""}}, {"type": "Feature", "geometry": {"type": "Point", "coordinates": [106.9065806, -6.26146]}, "properties": {"kind": "green_area", "name": ""}}, {"type": "Feature", "geometry": {"type": "Point", "coordinates": [106.9077874, -6.2565951]}, "properties": {"kind": "shelter", "name": "Futsal Cipinang Melayu"}}, {"type": "Feature", "geometry": {"type": "Point", "coordinates": [106.9079469, -6.2571205]}, "properties": {"kind": "shelter", "name": ""}}, {"type": "Feature", "geometry": {"type": "Point", "coordinates": [106.8951172, -6.2223781]}, "properties": {"kind": "green_area", "name": ""}}, {"type": "Feature", "geometry": {"type": "Point", "coordinates": [106.9106601, -6.2911819]}, "properties": {"kind": "green_area", "name": ""}}, {"type": "Feature", "geometry": {"type": "Point", "coordinates": [106.8811366, -6.242316]}, "properties": {"kind": "green_area", "name": ""}}, {"type": "Feature", "geometry": {"type": "Point", "coordinates": [106.8698165, -6.2460722]}, "properties": {"kind": "green_area", "name": ""}}, {"type": "Feature", "geometry": {"type": "Point", "coordinates": [106.8633719, -6.2412267]}, "properties": {"kind": "green_area", "name": "interaktif RW 11"}}, {"type": "Feature", "geometry": {"type": "Point", "coordinates": [106.8621917, -6.2420015]}, "properties": {"kind": "green_area", "name": ""}}, {"type": "Feature", "geometry": {"type": "Point", "coordinates": [106.8604677, -6.2454331]}, "properties": {"kind": "green_area", "name": ""}}, {"type": "Feature", "geometry": {"type": "Point", "coordinates": [106.851237, -6.2405602]}, "properties": {"kind": "green_area", "name": "seno park"}}, {"type": "Feature", "geometry": {"type": "Point", "coordinates": [106.8528121, -6.2402194]}, "properties": {"kind": "green_area", "name": "Tebet Eco Park"}}, {"type": "Feature", "geometry": {"type": "Point", "coordinates": [106.8740116, -6.2411464]}, "properties": {"kind": "green_area", "name": "RPTRA Wangi Cempedak"}}, {"type": "Feature", "geometry": {"type": "Point", "coordinates": [106.8764527, -6.2012965]}, "properties": {"kind": "green_area", "name": ""}}, {"type": "Feature", "geometry": {"type": "Point", "coordinates": [106.8709491, -6.202925]}, "properties": {"kind": "green_area", "name": ""}}, {"type": "Feature", "geometry": {"type": "Point", "coordinates": [106.8600923, -6.227286]}, "properties": {"kind": "green_area", "name": ""}}, {"type": "Feature", "geometry": {"type": "Point", "coordinates": [106.8603357, -6.2288884]}, "properties": {"kind": "green_area", "name": ""}}, {"type": "Feature", "geometry": {"type": "Point", "coordinates": [106.8642426, -6.2201984]}, "properties": {"kind": "green_area", "name": ""}}, {"type": "Feature", "geometry": {"type": "Point", "coordinates": [106.861368, -6.2133938]}, "properties": {"kind": "green_area", "name": ""}}, {"type": "Feature", "geometry": {"type": "Point", "coordinates": [106.8505682, -6.1915992]}, "properties": {"kind": "green_area", "name": ""}}, {"type": "Feature", "geometry": {"type": "Point", "coordinates": [106.8505682, -6.1916035]}, "properties": {"kind": "green_area", "name": ""}}, {"type": "Feature", "geometry": {"type": "Point", "coordinates": [106.843082, -6.1869827]}, "properties": {"kind": "green_area", "name": ""}}, {"type": "Feature", "geometry": {"type": "Point", "coordinates": [106.8536321, -6.2283045]}, "properties": {"kind": "green_area", "name": "Taman Bermain"}}, {"type": "Feature", "geometry": {"type": "Point", "coordinates": [106.8435051, -6.2252834]}, "properties": {"kind": "green_area", "name": "Lapangan Bulu Tangkis"}}, {"type": "Feature", "geometry": {"type": "Point", "coordinates": [106.8402686, -6.2283276]}, "properties": {"kind": "green_area", "name": "RPTRA Flamboyan"}}, {"type": "Feature", "geometry": {"type": "Point", "coordinates": [106.8250419, -6.222946]}, "properties": {"kind": "green_area", "name": ""}}, {"type": "Feature", "geometry": {"type": "Point", "coordinates": [106.8196759, -6.2233187]}, "properties": {"kind": "green_area", "name": ""}}, {"type": "Feature", "geometry": {"type": "Point", "coordinates": [106.8194998, -6.2247617]}, "properties": {"kind": "green_area", "name": ""}}, {"type": "Feature", "geometry": {"type": "Point", "coordinates": [106.8228322, -6.2221991]}, "properties": {"kind": "green_area", "name": ""}}, {"type": "Feature", "geometry": {"type": "Point", "coordinates": [106.817852, -6.2055671]}, "properties": {"kind": "green_area", "name": ""}}, {"type": "Feature", "geometry": {"type": "Point", "coordinates": [106.8179229, -6.2058856]}, "properties": {"kind": "green_area", "name": ""}}, {"type": "Feature", "geometry": {"type": "Point", "coordinates": [106.8141701, -6.2002188]}, "properties": {"kind": "green_area", "name": "RPTRA Bonti"}}, {"type": "Feature", "geometry": {"type": "Point", "coordinates": [106.8139117, -6.1930559]}, "properties": {"kind": "shelter", "name": "Balai RW 12"}}, {"type": "Feature", "geometry": {"type": "Point", "coordinates": [106.8136881, -6.2014762]}, "properties": {"kind": "green_area", "name": ""}}, {"type": "Feature", "geometry": {"type": "Point", "coordinates": [106.8384118, -6.1946579]}, "properties": {"kind": "green_area", "name": "RPTRA Gondangdia"}}, {"type": "Feature", "geometry": {"type": "Point", "coordinates": [106.8387412, -6.190688]}, "properties": {"kind": "tree", "name": ""}}, {"type": "Feature", "geometry": {"type": "Point", "coordinates": [106.8398354, -6.1891852]}, "properties": {"kind": "green_area", "name": "Taman Ismail Marzuki"}}, {"type": "Feature", "geometry": {"type": "Point", "coordinates": [106.8509974, -6.2330776]}, "properties": {"kind": "green_area", "name": "RPTRA Akasia"}}, {"type": "Feature", "geometry": {"type": "Point", "coordinates": [106.8273908, -6.2456331]}, "properties": {"kind": "tree", "name": ""}}, {"type": "Feature", "geometry": {"type": "Point", "coordinates": [106.8273801, -6.2457957]}, "properties": {"kind": "tree", "name": ""}}, {"type": "Feature", "geometry": {"type": "Point", "coordinates": [106.8223585, -6.2432824]}, "properties": {"kind": "green_area", "name": "Pondok Karya Park"}}, {"type": "Feature", "geometry": {"type": "Point", "coordinates": [106.8272808, -6.2489206]}, "properties": {"kind": "tree", "name": ""}}, {"type": "Feature", "geometry": {"type": "Point", "coordinates": [106.8276992, -6.2497311]}, "properties": {"kind": "tree", "name": ""}}, {"type": "Feature", "geometry": {"type": "Point", "coordinates": [106.8292925, -6.2496058]}, "properties": {"kind": "tree", "name": ""}}, {"type": "Feature", "geometry": {"type": "Point", "coordinates": [106.8292147, -6.2500377]}, "properties": {"kind": "tree", "name": ""}}, {"type": "Feature", "geometry": {"type": "Point", "coordinates": [106.8292294, -6.2499684]}, "properties": {"kind": "tree", "name": ""}}, {"type": "Feature", "geometry": {"type": "Point", "coordinates": [106.8293461, -6.2500137]}, "properties": {"kind": "tree", "name": ""}}, {"type": "Feature", "geometry": {"type": "Point", "coordinates": [106.8246009, -6.2515373]}, "properties": {"kind": "green_area", "name": ""}}, {"type": "Feature", "geometry": {"type": "Point", "coordinates": [106.8316782, -6.2581716]}, "properties": {"kind": "green_area", "name": ""}}, {"type": "Feature", "geometry": {"type": "Point", "coordinates": [106.8305575, -6.2613078]}, "properties": {"kind": "green_area", "name": "Taman Komplek PT Pas"}}, {"type": "Feature", "geometry": {"type": "Point", "coordinates": [106.8209811, -6.2724159]}, "properties": {"kind": "green_area", "name": ""}}, {"type": "Feature", "geometry": {"type": "Point", "coordinates": [106.8154701, -6.2828117]}, "properties": {"kind": "green_area", "name": ""}}, {"type": "Feature", "geometry": {"type": "Point", "coordinates": [106.8181256, -6.2871849]}, "properties": {"kind": "green_area", "name": "Champion Futsal"}}, {"type": "Feature", "geometry": {"type": "Point", "coordinates": [106.8168974, -6.293468]}, "properties": {"kind": "green_area", "name": "Lapangan Kosong UNTAR"}}, {"type": "Feature", "geometry": {"type": "Point", "coordinates": [106.8201824, -6.2964263]}, "properties": {"kind": "green_area", "name": "Bumi Perkemahan Ragunan"}}, {"type": "Feature", "geometry": {"type": "Point", "coordinates": [106.811992, -6.3018183]}, "properties": {"kind": "green_area", "name": ""}}, {"type": "Feature", "geometry": {"type": "Point", "coordinates": [106.811987, -6.3011861]}, "properties": {"kind": "green_area", "name": ""}}, {"type": "Feature", "geometry": {"type": "Point", "coordinates": [106.8114075, -6.301694]}, "properties": {"kind": "green_area", "name": ""}}, {"type": "Feature", "geometry": {"type": "Point", "coordinates": [106.8117738, -6.3016989]}, "properties": {"kind": "green_area", "name": ""}}, {"type": "Feature", "geometry": {"type": "Point", "coordinates": [106.8111875, -6.3018438]}, "properties": {"kind": "green_area", "name": ""}}, {"type": "Feature", "geometry": {"type": "Point", "coordinates": [106.8111906, -6.301693]}, "properties": {"kind": "green_area", "name": ""}}, {"type": "Feature", "geometry": {"type": "Point", "coordinates": [106.81085, -6.3018738]}, "properties": {"kind": "green_area", "name": ""}}, {"type": "Feature", "geometry": {"type": "Point", "coordinates": [106.8213861, -6.3114315]}, "properties": {"kind": "green_area", "name": "Kebun Binatang Ragunan"}}, {"type": "Feature", "geometry": {"type": "Point", "coordinates": [106.8122114, -6.3120727]}, "properties": {"kind": "green_area", "name": ""}}, {"type": "Feature", "geometry": {"type": "Point", "coordinates": [106.8196113, -6.3111592]}, "properties": {"kind": "shelter", "name": ""}}, {"type": "Feature", "geometry": {"type": "Point", "coordinates": [106.8196345, -6.3107861]}, "properties": {"kind": "shelter", "name": ""}}, {"type": "Feature", "geometry": {"type": "Point", "coordinates": [106.8198802, -6.3096194]}, "properties": {"kind": "shelter", "name": ""}}, {"type": "Feature", "geometry": {"type": "Point", "coordinates": [106.8196822, -6.3079582]}, "properties": {"kind": "shelter", "name": ""}}, {"type": "Feature", "geometry": {"type": "Point", "coordinates": [106.8247201, -6.3044654]}, "properties": {"kind": "green_area", "name": "Taman Anggrek Ragunan"}}, {"type": "Feature", "geometry": {"type": "Point", "coordinates": [106.8231993, -6.3025297]}, "properties": {"kind": "green_area", "name": ""}}, {"type": "Feature", "geometry": {"type": "Point", "coordinates": [106.8238755, -6.2926567]}, "properties": {"kind": "green_area", "name": ""}}, {"type": "Feature", "geometry": {"type": "Point", "coordinates": [106.8239156, -6.2964551]}, "properties": {"kind": "green_area", "name": ""}}, {"type": "Feature", "geometry": {"type": "Point", "coordinates": [106.8228649, -6.2967229]}, "properties": {"kind": "green_area", "name": ""}}, {"type": "Feature", "geometry": {"type": "Point", "coordinates": [106.8239422, -6.2953742]}, "properties": {"kind": "green_area", "name": ""}}, {"type": "Feature", "geometry": {"type": "Point", "coordinates": [106.8240364, -6.2953245]}, "properties": {"kind": "green_area", "name": ""}}, {"type": "Feature", "geometry": {"type": "Point", "coordinates": [106.8233113, -6.2951578]}, "properties": {"kind": "green_area", "name": ""}}, {"type": "Feature", "geometry": {"type": "Point", "coordinates": [106.8232135, -6.2950382]}, "properties": {"kind": "green_area", "name": ""}}, {"type": "Feature", "geometry": {"type": "Point", "coordinates": [106.8237705, -6.2957175]}, "properties": {"kind": "green_area", "name": ""}}, {"type": "Feature", "geometry": {"type": "Point", "coordinates": [106.8252769, -6.2840045]}, "properties": {"kind": "green_area", "name": "lahan kosong ragunan"}}, {"type": "Feature", "geometry": {"type": "Point", "coordinates": [106.8152572, -6.2260972]}, "properties": {"kind": "green_area", "name": "DJP Park"}}, {"type": "Feature", "geometry": {"type": "Point", "coordinates": [106.8158361, -6.2261461]}, "properties": {"kind": "green_area", "name": "Taman DJP"}}, {"type": "Feature", "geometry": {"type": "Point", "coordinates": [106.8181168, -6.229286]}, "properties": {"kind": "green_area", "name": "LIPI Park"}}, {"type": "Feature", "geometry": {"type": "Point", "coordinates": [106.8170271, -6.22772]}, "properties": {"kind": "green_area", "name": "BKPM Park"}}, {"type": "Feature", "geometry": {"type": "Point", "coordinates": [106.8149475, -6.2259986]}, "properties": {"kind": "green_area", "name": "DJP"}}, {"type": "Feature", "geometry": {"type": "Point", "coordinates": [106.8203929, -6.2336357]}, "properties": {"kind": "green_area", "name": ""}}, {"type": "Feature", "geometry": {"type": "Point", "coordinates": [106.818839, -6.2314765]}, "properties": {"kind": "green_area", "name": "Museum Satria Mandala"}}, {"type": "Feature", "geometry": {"type": "Point", "coordinates": [106.7734636, -6.2930897]}, "properties": {"kind": "green_area", "name": ""}}, {"type": "Feature", "geometry": {"type": "Point", "coordinates": [106.7723919, -6.2929342]}, "properties": {"kind": "green_area", "name": ""}}, {"type": "Feature", "geometry": {"type": "Point", "coordinates": [106.7735983, -6.2842657]}, "properties": {"kind": "green_area", "name": ""}}, {"type": "Feature", "geometry": {"type": "Point", "coordinates": [106.8072249, -6.2543106]}, "properties": {"kind": "green_area", "name": "Taman Prapanca 2"}}, {"type": "Feature", "geometry": {"type": "Point", "coordinates": [106.8074692, -6.2520477]}, "properties": {"kind": "green_area", "name": ""}}, {"type": "Feature", "geometry": {"type": "Point", "coordinates": [106.8078377, -6.2531663]}, "properties": {"kind": "green_area", "name": "Taman Dharmawangsa 8"}}, {"type": "Feature", "geometry": {"type": "Point", "coordinates": [106.8056391, -6.2508183]}, "properties": {"kind": "green_area", "name": "Brawijaya 8"}}, {"type": "Feature", "geometry": {"type": "Point", "coordinates": [106.8060257, -6.2460023]}, "properties": {"kind": "tree", "name": ""}}, {"type": "Feature", "geometry": {"type": "Point", "coordinates": [106.8063247, -6.246365]}, "properties": {"kind": "tree", "name": ""}}, {"type": "Feature", "geometry": {"type": "Point", "coordinates": [106.8068545, -6.2462716]}, "properties": {"kind": "tree", "name": ""}}, {"type": "Feature", "geometry": {"type": "Point", "coordinates": [106.8071039, -6.246041]}, "properties": {"kind": "tree", "name": ""}}, {"type": "Feature", "geometry": {"type": "Point", "coordinates": [106.8069725, -6.245861]}, "properties": {"kind": "tree", "name": ""}}, {"type": "Feature", "geometry": {"type": "Point", "coordinates": [106.8070275, -6.2457797]}, "properties": {"kind": "tree", "name": ""}}, {"type": "Feature", "geometry": {"type": "Point", "coordinates": [106.8070972, -6.2456824]}, "properties": {"kind": "tree", "name": ""}}, {"type": "Feature", "geometry": {"type": "Point", "coordinates": [106.8072729, -6.2458464]}, "properties": {"kind": "tree", "name": ""}}, {"type": "Feature", "geometry": {"type": "Point", "coordinates": [106.8074124, -6.2456584]}, "properties": {"kind": "tree", "name": ""}}, {"type": "Feature", "geometry": {"type": "Point", "coordinates": [106.8076028, -6.2453451]}, "properties": {"kind": "tree", "name": ""}}, {"type": "Feature", "geometry": {"type": "Point", "coordinates": [106.8076538, -6.2452931]}, "properties": {"kind": "tree", "name": ""}}, {"type": "Feature", "geometry": {"type": "Point", "coordinates": [106.8077275, -6.2451984]}, "properties": {"kind": "tree", "name": ""}}, {"type": "Feature", "geometry": {"type": "Point", "coordinates": [106.8072531, -6.2450021]}, "properties": {"kind": "tree", "name": ""}}, {"type": "Feature", "geometry": {"type": "Point", "coordinates": [106.8072249, -6.2450388]}, "properties": {"kind": "tree", "name": ""}}, {"type": "Feature", "geometry": {"type": "Point", "coordinates": [106.8071361, -6.2451498]}, "properties": {"kind": "tree", "name": ""}}, {"type": "Feature", "geometry": {"type": "Point", "coordinates": [106.8070972, -6.2451981]}, "properties": {"kind": "tree", "name": ""}}, {"type": "Feature", "geometry": {"type": "Point", "coordinates": [106.8070596, -6.2452504]}, "properties": {"kind": "tree", "name": ""}}, {"type": "Feature", "geometry": {"type": "Point", "coordinates": [106.8070114, -6.2453051]}, "properties": {"kind": "tree", "name": ""}}, {"type": "Feature", "geometry": {"type": "Point", "coordinates": [106.8069591, -6.2453638]}, "properties": {"kind": "tree", "name": ""}}, {"type": "Feature", "geometry": {"type": "Point", "coordinates": [106.8068598, -6.2454731]}, "properties": {"kind": "tree", "name": ""}}, {"type": "Feature", "geometry": {"type": "Point", "coordinates": [106.8068129, -6.2455144]}, "properties": {"kind": "tree", "name": ""}}, {"type": "Feature", "geometry": {"type": "Point", "coordinates": [106.8067203, -6.2455811]}, "properties": {"kind": "tree", "name": ""}}, {"type": "Feature", "geometry": {"type": "Point", "coordinates": [106.8066493, -6.2456064]}, "properties": {"kind": "tree", "name": ""}}, {"type": "Feature", "geometry": {"type": "Point", "coordinates": [106.8065795, -6.2456197]}, "properties": {"kind": "tree", "name": ""}}, {"type": "Feature", "geometry": {"type": "Point", "coordinates": [106.806495, -6.2456184]}, "properties": {"kind": "tree", "name": ""}}, {"type": "Feature", "geometry": {"type": "Point", "coordinates": [106.8064159, -6.2456091]}, "properties": {"kind": "tree", "name": ""}}, {"type": "Feature", "geometry": {"type": "Point", "coordinates": [106.8063623, -6.2455864]}, "properties": {"kind": "tree", "name": ""}}, {"type": "Feature", "geometry": {"type": "Point", "coordinates": [106.8062992, -6.2455384]}, "properties": {"kind": "tree", "name": ""}}, {"type": "Feature", "geometry": {"type": "Point", "coordinates": [106.8062536, -6.2454757]}, "properties": {"kind": "tree", "name": ""}}, {"type": "Feature", "geometry": {"type": "Point", "coordinates": [106.806204, -6.2454238]}, "properties": {"kind": "tree", "name": ""}}, {"type": "Feature", "geometry": {"type": "Point", "coordinates": [106.8061571, -6.2453638]}, "properties": {"kind": "tree", "name": ""}}, {"type": "Feature", "geometry": {"type": "Point", "coordinates": [106.8061289, -6.2452918]}, "properties": {"kind": "tree", "name": ""}}, {"type": "Feature", "geometry": {"type": "Point", "coordinates": [106.8060954, -6.2452224]}, "properties": {"kind": "tree", "name": ""}}, {"type": "Feature", "geometry": {"type": "Point", "coordinates": [106.8060431, -6.2451185]}, "properties": {"kind": "tree", "name": ""}}, {"type": "Feature", "geometry": {"type": "Point", "coordinates": [106.8060833, -6.2449865]}, "properties": {"kind": "tree", "name": ""}}, {"type": "Feature", "geometry": {"type": "Point", "coordinates": [106.8085912, -6.2488845]}, "properties": {"kind": "green_area", "name": ""}}, {"type": "Feature", "geometry": {"type": "Point", "coordinates": [106.804018, -6.2492292]}, "properties": {"kind": "green_area", "name": "Taman Wijaya 2"}}, {"type": "Feature", "geometry": {"type": "Point", "coordinates": [106.8081355, -6.2495538]}, "properties": {"kind": "green_area", "name": ""}}, {"type": "Feature", "geometry": {"type": "Point", "coordinates": [106.80731, -6.2454831]}, "properties": {"kind": "green_area", "name": "PTIK Park"}}, {"type": "Feature", "geometry": {"type": "Point", "coordinates": [106.8077798, -6.2450825]}, "properties": {"kind": "tree", "name": ""}}, {"type": "Feature", "geometry": {"type": "Point", "coordinates": [106.8078791, -6.2448652]}, "properties": {"kind": "tree", "name": ""}}, {"type": "Feature", "geometry": {"type": "Point", "coordinates": [106.8059264, -6.2443926]}, "properties": {"kind": "tree", "name": ""}}, {"type": "Feature", "geometry": {"type": "Point", "coordinates": [106.8060196, -6.2444012]}, "properties": {"kind": "tree", "name": ""}}, {"type": "Feature", "geometry": {"type": "Point", "coordinates": [106.8064166, -6.2443319]}, "properties": {"kind": "tree", "name": ""}}, {"type": "Feature", "geometry": {"type": "Point", "coordinates": [106.80654, -6.2441766]}, "properties": {"kind": "tree", "name": ""}}, {"type": "Feature", "geometry": {"type": "Point", "coordinates": [106.8063837, -6.2441506]}, "properties": {"kind": "tree", "name": ""}}, {"type": "Feature", "geometry": {"type": "Point", "coordinates": [106.8064441, -6.2441119]}, "properties": {"kind": "tree", "name": ""}}, {"type": "Feature", "geometry": {"type": "Point", "coordinates": [106.8061792, -6.2442552]}, "properties": {"kind": "tree", "name": ""}}, {"type": "Feature", "geometry": {"type": "Point", "coordinates": [106.8061021, -6.2441886]}, "properties": {"kind": "tree", "name": ""}}, {"type": "Feature", "geometry": {"type": "Point", "coordinates": [106.8074647, -6.2445265]}, "properties": {"kind": "tree", "name": ""}}, {"type": "Feature", "geometry": {"type": "Point", "coordinates": [106.8076095, -6.2445025]}, "properties": {"kind": "tree", "name": ""}}, {"type": "Feature", "geometry": {"type": "Point", "coordinates": [106.8077731, -6.2440479]}, "properties": {"kind": "tree", "name": ""}}, {"type": "Feature", "geometry": {"type": "Point", "coordinates": [106.8077584, -6.2441293]}, "properties": {"kind": "tree", "name": ""}}, {"type": "Feature", "geometry": {"type": "Point", "coordinates": [106.8076403, -6.2440413]}, "properties": {"kind": "tree", "name": ""}}, {"type": "Feature", "geometry": {"type": "Point", "coordinates": [106.8074204, -6.2440146]}, "properties": {"kind": "tree", "name": ""}}, {"type": "Feature", "geometry": {"type": "Point", "coordinates": [106.8073386, -6.2440226]}, "properties": {"kind": "tree", "name": ""}}, {"type": "Feature", "geometry": {"type": "Point", "coordinates": [106.8072367, -6.2440186]}, "properties": {"kind": "tree", "name": ""}}, {"type": "Feature", "geometry": {"type": "Point", "coordinates": [106.8069001, -6.2440266]}, "properties": {"kind": "tree", "name": ""}}, {"type": "Feature", "geometry": {"type": "Point", "coordinates": [106.8069483, -6.2440399]}, "properties": {"kind": "tree", "name": ""}}, {"type": "Feature", "geometry": {"type": "Point", "coordinates": [106.8070194, -6.2440253]}, "properties": {"kind": "tree", "name": ""}}, {"type": "Feature", "geometry": {"type": "Point", "coordinates": [106.807116, -6.2440173]}, "properties": {"kind": "tree", "name": ""}}, {"type": "Feature", "geometry": {"type": "Point", "coordinates": [106.8070838, -6.2440599]}, "properties": {"kind": "tree", "name": ""}}, {"type": "Feature", "geometry": {"type": "Point", "coordinates": [106.8072246, -6.2441506]}, "properties": {"kind": "tree", "name": ""}}, {"type": "Feature", "geometry": {"type": "Point", "coordinates": [106.8072554, -6.2442199]}, "properties": {"kind": "tree", "name": ""}}, {"type": "Feature", "geometry": {"type": "Point", "coordinates": [106.8071897, -6.2441999]}, "properties": {"kind": "tree", "name": ""}}, {"type": "Feature", "geometry": {"type": "Point", "coordinates": [106.807124, -6.2441613]}, "properties": {"kind": "tree", "name": ""}}, {"type": "Feature", "geometry": {"type": "Point", "coordinates": [106.807006, -6.2441226]}, "properties": {"kind": "tree", "name": ""}}, {"type": "Feature", "geometry": {"type": "Point", "coordinates": [106.8073332, -6.2449082]}, "properties": {"kind": "tree", "name": ""}}, {"type": "Feature", "geometry": {"type": "Point", "coordinates": [106.8073024, -6.2449458]}, "properties": {"kind": "tree", "name": ""}}, {"type": "Feature", "geometry": {"type": "Point", "coordinates": [106.8084421, -6.244505]}, "properties": {"kind": "green_area", "name": ""}}, {"type": "Feature", "geometry": {"type": "Point", "coordinates": [106.8349528, -6.2142846]}, "properties": {"kind": "green_area", "name": ""}}, {"type": "Feature", "geometry": {"type": "Point", "coordinates": [106.8345536, -6.2140465]}, "properties": {"kind": "green_area", "name": ""}}, {"type": "Feature", "geometry": {"type": "Point", "coordinates": [106.8352801, -6.2144655]}, "properties": {"kind": "green_area", "name": ""}}, {"type": "Feature", "geometry": {"type": "Point", "coordinates": [106.8342529, -6.2138796]}, "properties": {"kind": "green_area", "name": ""}}, {"type": "Feature", "geometry": {"type": "Point", "coordinates": [106.835044, -6.2148052]}, "properties": {"kind": "shelter", "name": "Meditation Pavilion"}}, {"type": "Feature", "geometry": {"type": "Point", "coordinates": [106.8340979, -6.2140313]}, "properties": {"kind": "shelter", "name": ""}}, {"type": "Feature", "geometry": {"type": "Point", "coordinates": [106.8347189, -6.2142579]}, "properties": {"kind": "green_area", "name": ""}}, {"type": "Feature", "geometry": {"type": "Point", "coordinates": [106.8350995, -6.2144824]}, "properties": {"kind": "green_area", "name": ""}}, {"type": "Feature", "geometry": {"type": "Point", "coordinates": [106.8360879, -6.2157117]}, "properties": {"kind": "tree", "name": ""}}, {"type": "Feature", "geometry": {"type": "Point", "coordinates": [106.8361003, -6.2156226]}, "properties": {"kind": "tree", "name": ""}}, {"type": "Feature", "geometry": {"type": "Point", "coordinates": [106.8361406, -6.2154345]}, "properties": {"kind": "tree", "name": ""}}, {"type": "Feature", "geometry": {"type": "Point", "coordinates": [106.8361669, -6.2150655]}, "properties": {"kind": "tree", "name": ""}}, {"type": "Feature", "geometry": {"type": "Point", "coordinates": [106.8363134, -6.2146407]}, "properties": {"kind": "tree", "name": ""}}, {"type": "Feature", "geometry": {"type": "Point", "coordinates": [106.8393494, -6.2829878]}, "properties": {"kind": "green_area", "name": ""}}, {"type": "Feature", "geometry": {"type": "Point", "coordinates": [106.8378239, -6.2871831]}, "properties": {"kind": "green_area", "name": ""}}, {"type": "Feature", "geometry": {"type": "Point", "coordinates": [106.8314319, -6.2893124]}, "properties": {"kind": "green_area", "name": "RPTRA Seruni Saibun"}}, {"type": "Feature", "geometry": {"type": "Point", "coordinates": [106.8147192, -6.2822585]}, "properties": {"kind": "green_area", "name": ""}}, {"type": "Feature", "geometry": {"type": "Point", "coordinates": [106.8113191, -6.2714135]}, "properties": {"kind": "green_area", "name": ""}}, {"type": "Feature", "geometry": {"type": "Point", "coordinates": [106.8074798, -6.2341657]}, "properties": {"kind": "green_area", "name": ""}}, {"type": "Feature", "geometry": {"type": "Point", "coordinates": [106.8077266, -6.2340081]}, "properties": {"kind": "green_area", "name": ""}}, {"type": "Feature", "geometry": {"type": "Point", "coordinates": [106.8095174, -6.2335354]}, "properties": {"kind": "green_area", "name": ""}}, {"type": "Feature", "geometry": {"type": "Point", "coordinates": [106.8097573, -6.2349417]}, "properties": {"kind": "green_area", "name": "Taman Ragatnata"}}, {"type": "Feature", "geometry": {"type": "Point", "coordinates": [106.8072508, -6.2327314]}, "properties": {"kind": "tree", "name": ""}}, {"type": "Feature", "geometry": {"type": "Point", "coordinates": [106.8086857, -6.2317556]}, "properties": {"kind": "green_area", "name": "Taman Balitung"}}, {"type": "Feature", "geometry": {"type": "Point", "coordinates": [106.8101205, -6.2338486]}, "properties": {"kind": "green_area", "name": "Taman Rajasa"}}, {"type": "Feature", "geometry": {"type": "Point", "coordinates": [106.8066699, -6.2325474]}, "properties": {"kind": "green_area", "name": "Taman Daksa"}}, {"type": "Feature", "geometry": {"type": "Point", "coordinates": [106.807529, -6.232723]}, "properties": {"kind": "green_area", "name": ""}}, {"type": "Feature", "geometry": {"type": "Point", "coordinates": [106.8097748, -6.2276972]}, "properties": {"kind": "green_area", "name": "SCBD Park"}}, {"type": "Feature", "geometry": {"type": "Point", "coordinates": [106.8050068, -6.2307159]}, "properties": {"kind": "green_area", "name": "Taman Pulombangkeng"}}, {"type": "Feature", "geometry": {"type": "Point", "coordinates": [106.8114062, -6.231833]}, "properties": {"kind": "green_area", "name": "Taman Mpu Sendok"}}, {"type": "Feature", "geometry": {"type": "Point", "coordinates": [106.8088406, -6.2283263]}, "properties": {"kind": "green_area", "name": ""}}, {"type": "Feature", "geometry": {"type": "Point", "coordinates": [106.8097341, -6.2298439]}, "properties": {"kind": "green_area", "name": ""}}, {"type": "Feature", "geometry": {"type": "Point", "coordinates": [106.8097161, -6.2296371]}, "properties": {"kind": "green_area", "name": ""}}, {"type": "Feature", "geometry": {"type": "Point", "coordinates": [106.8126213, -6.2334893]}, "properties": {"kind": "green_area", "name": "Taman Suryo"}}, {"type": "Feature", "geometry": {"type": "Point", "coordinates": [106.8120154, -6.2342827]}, "properties": {"kind": "green_area", "name": "Taman Cibeber"}}, {"type": "Feature", "geometry": {"type": "Point", "coordinates": [106.8138419, -6.2328447]}, "properties": {"kind": "green_area", "name": "Taman Cemara"}}, {"type": "Feature", "geometry": {"type": "Point", "coordinates": [106.8141907, -6.2343729]}, "properties": {"kind": "green_area", "name": "Taman Suren"}}, {"type": "Feature", "geometry": {"type": "Point", "coordinates": [106.8150831, -6.2331329]}, "properties": {"kind": "green_area", "name": ""}}, {"type": "Feature", "geometry": {"type": "Point", "coordinates": [106.8129289, -6.2354663]}, "properties": {"kind": "green_area", "name": "Taman Ciniru"}}, {"type": "Feature", "geometry": {"type": "Point", "coordinates": [106.8281874, -6.2460223]}, "properties": {"kind": "tree", "name": ""}}, {"type": "Feature", "geometry": {"type": "Point", "coordinates": [106.8287802, -6.2464116]}, "properties": {"kind": "tree", "name": ""}}, {"type": "Feature", "geometry": {"type": "Point", "coordinates": [106.8080869, -6.2441213]}, "properties": {"kind": "tree", "name": ""}}, {"type": "Feature", "geometry": {"type": "Point", "coordinates": [106.8116922, -6.243185]}, "properties": {"kind": "green_area", "name": "Taman Eks Pom Bensin (Wijaya 1)"}}, {"type": "Feature", "geometry": {"type": "Point", "coordinates": [106.8125116, -6.2459633]}, "properties": {"kind": "green_area", "name": ""}}, {"type": "Feature", "geometry": {"type": "Point", "coordinates": [106.8121314, -6.2456873]}, "properties": {"kind": "green_area", "name": ""}}, {"type": "Feature", "geometry": {"type": "Point", "coordinates": [106.8281043, -6.2487846]}, "properties": {"kind": "tree", "name": ""}}, {"type": "Feature", "geometry": {"type": "Point", "coordinates": [106.8814903, -6.3111004]}, "properties": {"kind": "green_area", "name": ""}}, {"type": "Feature", "geometry": {"type": "Point", "coordinates": [106.8782337, -6.3059068]}, "properties": {"kind": "green_area", "name": ""}}, {"type": "Feature", "geometry": {"type": "Point", "coordinates": [106.877302, -6.3075872]}, "properties": {"kind": "green_area", "name": "Taman Humaniora"}}, {"type": "Feature", "geometry": {"type": "Point", "coordinates": [106.8649443, -6.3057525]}, "properties": {"kind": "green_area", "name": "Trikora"}}, {"type": "Feature", "geometry": {"type": "Point", "coordinates": [106.867195, -6.3115042]}, "properties": {"kind": "green_area", "name": ""}}, {"type": "Feature", "geometry": {"type": "Point", "coordinates": [106.866984, -6.3111082]}, "properties": {"kind": "green_area", "name": ""}}, {"type": "Feature", "geometry": {"type": "Point", "coordinates": [106.8655402, -6.3110567]}, "properties": {"kind": "green_area", "name": ""}}, {"type": "Feature", "geometry": {"type": "Point", "coordinates": [106.8647848, -6.3103444]}, "properties": {"kind": "green_area", "name": ""}}, {"type": "Feature", "geometry": {"type": "Point", "coordinates": [106.8677247, -6.3065105]}, "properties": {"kind": "green_area", "name": ""}}, {"type": "Feature", "geometry": {"type": "Point", "coordinates": [106.8660646, -6.3088719]}, "properties": {"kind": "green_area", "name": ""}}, {"type": "Feature", "geometry": {"type": "Point", "coordinates": [106.8613462, -6.3036434]}, "properties": {"kind": "green_area", "name": ""}}, {"type": "Feature", "geometry": {"type": "Point", "coordinates": [106.8621461, -6.3042837]}, "properties": {"kind": "green_area", "name": ""}}, {"type": "Feature", "geometry": {"type": "Point", "coordinates": [106.8569661, -6.3047581]}, "properties": {"kind": "tree", "name": "pohon Sawe"}}, {"type": "Feature", "geometry": {"type": "Point", "coordinates": [106.857074, -6.3047851]}, "properties": {"kind": "tree", "name": "pohon Asam"}}, {"type": "Feature", "geometry": {"type": "Point", "coordinates": [106.8571474, -6.3026903]}, "properties": {"kind": "tree", "name": ""}}, {"type": "Feature", "geometry": {"type": "Point", "coordinates": [106.8572165, -6.302656]}, "properties": {"kind": "tree", "name": ""}}, {"type": "Feature", "geometry": {"type": "Point", "coordinates": [106.8573415, -6.3026671]}, "properties": {"kind": "tree", "name": ""}}, {"type": "Feature", "geometry": {"type": "Point", "coordinates": [106.8574259, -6.302657]}, "properties": {"kind": "tree", "name": ""}}, {"type": "Feature", "geometry": {"type": "Point", "coordinates": [106.8575102, -6.3026388]}, "properties": {"kind": "tree", "name": ""}}, {"type": "Feature", "geometry": {"type": "Point", "coordinates": [106.857312, -6.3025742]}, "properties": {"kind": "tree", "name": ""}}, {"type": "Feature", "geometry": {"type": "Point", "coordinates": [106.857371, -6.3025742]}, "properties": {"kind": "tree", "name": ""}}, {"type": "Feature", "geometry": {"type": "Point", "coordinates": [106.8569482, -6.3025802]}, "properties": {"kind": "tree", "name": ""}}, {"type": "Feature", "geometry": {"type": "Point", "coordinates": [106.8555982, -6.3035203]}, "properties": {"kind": "green_area", "name": ""}}, {"type": "Feature", "geometry": {"type": "Point", "coordinates": [106.8557897, -6.300114]}, "properties": {"kind": "green_area", "name": ""}}, {"type": "Feature", "geometry": {"type": "Point", "coordinates": [106.8573049, -6.3026585]}, "properties": {"kind": "green_area", "name": ""}}, {"type": "Feature", "geometry": {"type": "Point", "coordinates": [106.8546155, -6.3041673]}, "properties": {"kind": "tree", "name": "pohon meninjo"}}, {"type": "Feature", "geometry": {"type": "Point", "coordinates": [106.8525873, -6.2996146]}, "properties": {"kind": "green_area", "name": ""}}, {"type": "Feature", "geometry": {"type": "Point", "coordinates": [106.8539561, -6.2997818]}, "properties": {"kind": "green_area", "name": ""}}, {"type": "Feature", "geometry": {"type": "Point", "coordinates": [106.8542107, -6.3035751]}, "properties": {"kind": "green_area", "name": ""}}, {"type": "Feature", "geometry": {"type": "Point", "coordinates": [106.8511388, -6.3043667]}, "properties": {"kind": "green_area", "name": ""}}, {"type": "Feature", "geometry": {"type": "Point", "coordinates": [106.8539043, -6.3066277]}, "properties": {"kind": "green_area", "name": ""}}, {"type": "Feature", "geometry": {"type": "Point", "coordinates": [106.8508347, -6.3044684]}, "properties": {"kind": "green_area", "name": ""}}, {"type": "Feature", "geometry": {"type": "Point", "coordinates": [106.8519767, -6.3062966]}, "properties": {"kind": "green_area", "name": ""}}, {"type": "Feature", "geometry": {"type": "Point", "coordinates": [106.8474702, -6.3050446]}, "properties": {"kind": "green_area", "name": ""}}, {"type": "Feature", "geometry": {"type": "Point", "coordinates": [106.8452197, -6.3042143]}, "properties": {"kind": "green_area", "name": ""}}, {"type": "Feature", "geometry": {"type": "Point", "coordinates": [106.8361282, -6.3047676]}, "properties": {"kind": "green_area", "name": "RPTRA Baung"}}, {"type": "Feature", "geometry": {"type": "Point", "coordinates": [106.804143, -6.2949149]}, "properties": {"kind": "green_area", "name": "RPTRA Intan"}}, {"type": "Feature", "geometry": {"type": "Point", "coordinates": [106.7863718, -6.2936569]}, "properties": {"kind": "green_area", "name": ""}}, {"type": "Feature", "geometry": {"type": "Point", "coordinates": [106.7863254, -6.2891444]}, "properties": {"kind": "green_area", "name": ""}}, {"type": "Feature", "geometry": {"type": "Point", "coordinates": [106.7851174, -6.2936121]}, "properties": {"kind": "green_area", "name": ""}}, {"type": "Feature", "geometry": {"type": "Point", "coordinates": [106.785161, -6.29519]}, "properties": {"kind": "green_area", "name": ""}}, {"type": "Feature", "geometry": {"type": "Point", "coordinates": [106.7843689, -6.2942232]}, "properties": {"kind": "green_area", "name": ""}}, {"type": "Feature", "geometry": {"type": "Point", "coordinates": [106.7852575, -6.292804]}, "properties": {"kind": "green_area", "name": ""}}, {"type": "Feature", "geometry": {"type": "Point", "coordinates": [106.8685708, -6.3118816]}, "properties": {"kind": "green_area", "name": ""}}, {"type": "Feature", "geometry": {"type": "Point", "coordinates": [106.8699735, -6.3019767]}, "properties": {"kind": "tree", "name": ""}}, {"type": "Feature", "geometry": {"type": "Point", "coordinates": [106.8695953, -6.3025272]}, "properties": {"kind": "tree", "name": ""}}, {"type": "Feature", "geometry": {"type": "Point", "coordinates": [106.8694559, -6.3024632]}, "properties": {"kind": "tree", "name": ""}}, {"type": "Feature", "geometry": {"type": "Point", "coordinates": [106.8693379, -6.3028551]}, "properties": {"kind": "tree", "name": ""}}, {"type": "Feature", "geometry": {"type": "Point", "coordinates": [106.8694398, -6.3032044]}, "properties": {"kind": "tree", "name": ""}}, {"type": "Feature", "geometry": {"type": "Point", "coordinates": [106.8692252, -6.3031844]}, "properties": {"kind": "tree", "name": ""}}, {"type": "Feature", "geometry": {"type": "Point", "coordinates": [106.8699025, -6.3030098]}, "properties": {"kind": "tree", "name": ""}}, {"type": "Feature", "geometry": {"type": "Point", "coordinates": [106.8697737, -6.3028511]}, "properties": {"kind": "tree", "name": ""}}, {"type": "Feature", "geometry": {"type": "Point", "coordinates": [106.8697777, -6.3029538]}, "properties": {"kind": "tree", "name": ""}}, {"type": "Feature", "geometry": {"type": "Point", "coordinates": [106.8694907, -6.3030844]}, "properties": {"kind": "tree", "name": ""}}, {"type": "Feature", "geometry": {"type": "Point", "coordinates": [106.8695645, -6.3029031]}, "properties": {"kind": "tree", "name": ""}}, {"type": "Feature", "geometry": {"type": "Point", "coordinates": [106.8696141, -6.3029831]}, "properties": {"kind": "tree", "name": ""}}, {"type": "Feature", "geometry": {"type": "Point", "coordinates": [106.8693124, -6.3030111]}, "properties": {"kind": "tree", "name": ""}}, {"type": "Feature", "geometry": {"type": "Point", "coordinates": [106.869425, -6.3027232]}, "properties": {"kind": "tree", "name": ""}}, {"type": "Feature", "geometry": {"type": "Point", "coordinates": [106.8694639, -6.3028498]}, "properties": {"kind": "tree", "name": ""}}, {"type": "Feature", "geometry": {"type": "Point", "coordinates": [106.8696369, -6.3027405]}, "properties": {"kind": "tree", "name": ""}}, {"type": "Feature", "geometry": {"type": "Point", "coordinates": [106.8693499, -6.3024966]}, "properties": {"kind": "tree", "name": ""}}, {"type": "Feature", "geometry": {"type": "Point", "coordinates": [106.8695149, -6.3026352]}, "properties": {"kind": "tree", "name": ""}}, {"type": "Feature", "geometry": {"type": "Point", "coordinates": [106.8697482, -6.3025459]}, "properties": {"kind": "tree", "name": ""}}, {"type": "Feature", "geometry": {"type": "Point", "coordinates": [106.8697415, -6.3024406]}, "properties": {"kind": "tree", "name": ""}}, {"type": "Feature", "geometry": {"type": "Point", "coordinates": [106.8695243, -6.3020887]}, "properties": {"kind": "tree", "name": ""}}, {"type": "Feature", "geometry": {"type": "Point", "coordinates": [106.8695658, -6.3023259]}, "properties": {"kind": "tree", "name": ""}}, {"type": "Feature", "geometry": {"type": "Point", "coordinates": [106.8699762, -6.3022233]}, "properties": {"kind": "tree", "name": ""}}, {"type": "Feature", "geometry": {"type": "Point", "coordinates": [106.8698502, -6.3023286]}, "properties": {"kind": "tree", "name": ""}}, {"type": "Feature", "geometry": {"type": "Point", "coordinates": [106.8705837, -6.3023579]}, "properties": {"kind": "tree", "name": ""}}, {"type": "Feature", "geometry": {"type": "Point", "coordinates": [106.870117, -6.3020513]}, "properties": {"kind": "tree", "name": ""}}, {"type": "Feature", "geometry": {"type": "Point", "coordinates": [106.8698354, -6.3020007]}, "properties": {"kind": "tree", "name": ""}}, {"type": "Feature", "geometry": {"type": "Point", "coordinates": [106.8698917, -6.3018101]}, "properties": {"kind": "tree", "name": ""}}, {"type": "Feature", "geometry": {"type": "Point", "coordinates": [106.8698113, -6.3011649]}, "properties": {"kind": "tree", "name": ""}}, {"type": "Feature", "geometry": {"type": "Point", "coordinates": [106.8692641, -6.3011929]}, "properties": {"kind": "tree", "name": ""}}, {"type": "Feature", "geometry": {"type": "Point", "coordinates": [106.8693043, -6.3009996]}, "properties": {"kind": "tree", "name": ""}}, {"type": "Feature", "geometry": {"type": "Point", "coordinates": [106.8693741, -6.3010316]}, "properties": {"kind": "tree", "name": ""}}, {"type": "Feature", "geometry": {"type": "Point", "coordinates": [106.8695953, -6.3011969]}, "properties": {"kind": "tree", "name": ""}}, {"type": "Feature", "geometry": {"type": "Point", "coordinates": [106.8696865, -6.3013809]}, "properties": {"kind": "tree", "name": ""}}, {"type": "Feature", "geometry": {"type": "Point", "coordinates": [106.8711229, -6.300689]}, "properties": {"kind": "tree", "name": ""}}, {"type": "Feature", "geometry": {"type": "Point", "coordinates": [106.8713669, -6.3026925]}, "properties": {"kind": "tree", "name": ""}}, {"type": "Feature", "geometry": {"type": "Point", "coordinates": [106.8662794, -6.3010557]}, "properties": {"kind": "green_area", "name": "RPTRA Gedong Trikora"}}, {"type": "Feature", "geometry": {"type": "Point", "coordinates": [106.871434, -6.300665]}, "properties": {"kind": "tree", "name": ""}}, {"type": "Feature", "geometry": {"type": "Point", "coordinates": [106.8721636, -6.3013542]}, "properties": {"kind": "tree", "name": ""}}, {"type": "Feature", "geometry": {"type": "Point", "coordinates": [106.8722266, -6.3013662]}, "properties": {"kind": "tree", "name": ""}}, {"type": "Feature", "geometry": {"type": "Point", "coordinates": [106.8724278, -6.3009623]}, "properties": {"kind": "tree", "name": ""}}, {"type": "Feature", "geometry": {"type": "Point", "coordinates": [106.8719792, -6.3020653]}, "properties": {"kind": "tree", "name": ""}}, {"type": "Feature", "geometry": {"type": "Point", "coordinates": [106.8719664, -6.3016548]}, "properties": {"kind": "tree", "name": ""}}, {"type": "Feature", "geometry": {"type": "Point", "coordinates": [106.8718068, -6.3017468]}, "properties": {"kind": "tree", "name": ""}}, {"type": "Feature", "geometry": {"type": "Point", "coordinates": [106.8717974, -6.3019007]}, "properties": {"kind": "tree", "name": ""}}, {"type": "Feature", "geometry": {"type": "Point", "coordinates": [106.8718008, -6.3019527]}, "properties": {"kind": "tree", "name": ""}}, {"type": "Feature", "geometry": {"type": "Point", "coordinates": [106.8718605, -6.3019267]}, "properties": {"kind": "tree", "name": ""}}, {"type": "Feature", "geometry": {"type": "Point", "coordinates": [106.8718779, -6.3020713]}, "properties": {"kind": "tree", "name": ""}}, {"type": "Feature", "geometry": {"type": "Point", "coordinates": [106.872525, -6.3016435]}, "properties": {"kind": "tree", "name": ""}}, {"type": "Feature", "geometry": {"type": "Point", "coordinates": [106.8726041, -6.3017634]}, "properties": {"kind": "tree", "name": ""}}, {"type": "Feature", "geometry": {"type": "Point", "coordinates": [106.8724948, -6.3017654]}, "properties": {"kind": "tree", "name": ""}}, {"type": "Feature", "geometry": {"type": "Point", "coordinates": [106.8723325, -6.3017634]}, "properties": {"kind": "tree", "name": ""}}, {"type": "Feature", "geometry": {"type": "Point", "coordinates": [106.8722467, -6.3017921]}, "properties": {"kind": "tree", "name": ""}}, {"type": "Feature", "geometry": {"type": "Point", "coordinates": [106.872289, -6.3016714]}, "properties": {"kind": "tree", "name": ""}}, {"type": "Feature", "geometry": {"type": "Point", "coordinates": [106.8723325, -6.3018434]}, "properties": {"kind": "tree", "name": ""}}, {"type": "Feature", "geometry": {"type": "Point", "coordinates": [106.8723607, -6.3019767]}, "properties": {"kind": "tree", "name": ""}}, {"type": "Feature", "geometry": {"type": "Point", "coordinates": [106.8722735, -6.302038]}, "properties": {"kind": "tree", "name": ""}}, {"type": "Feature", "geometry": {"type": "Point", "coordinates": [106.8717333, -6.3023589]}, "properties": {"kind": "green_area", "name": ""}}, {"type": "Feature", "geometry": {"type": "Point", "coordinates": [106.8737789, -6.2989521]}, "properties": {"kind": "green_area", "name": ""}}, {"type": "Feature", "geometry": {"type": "Point", "coordinates": [106.8715654, -6.2932701]}, "properties": {"kind": "tree", "name": ""}}, {"type": "Feature", "geometry": {"type": "Point", "coordinates": [106.8720328, -6.2931748]}, "properties": {"kind": "tree", "name": ""}}, {"type": "Feature", "geometry": {"type": "Point", "coordinates": [106.8720402, -6.2933035]}, "properties": {"kind": "tree", "name": ""}}, {"type": "Feature", "geometry": {"type": "Point", "coordinates": [106.8719362, -6.2929735]}, "properties": {"kind": "tree", "name": ""}}, {"type": "Feature", "geometry": {"type": "Point", "coordinates": [106.8719396, -6.2930762]}, "properties": {"kind": "tree", "name": ""}}, {"type": "Feature", "geometry": {"type": "Point", "coordinates": [106.8718041, -6.2932068]}, "properties": {"kind": "tree", "name": ""}}, {"type": "Feature", "geometry": {"type": "Point", "coordinates": [106.8718652, -6.2932068]}, "properties": {"kind": "tree", "name": ""}}, {"type": "Feature", "geometry": {"type": "Point", "coordinates": [106.8720187, -6.2934248]}, "properties": {"kind": "tree", "name": ""}}, {"type": "Feature", "geometry": {"type": "Point", "coordinates": [106.8720415, -6.2935487]}, "properties": {"kind": "tree", "name": ""}}, {"type": "Feature", "geometry": {"type": "Point", "coordinates": [106.8719128, -6.2936274]}, "properties": {"kind": "tree", "name": ""}}, {"type": "Feature", "geometry": {"type": "Point", "coordinates": [106.8717921, -6.29366]}, "properties": {"kind": "tree", "name": ""}}, {"type": "Feature", "geometry": {"type": "Point", "coordinates": [106.8716271, -6.2934741]}, "properties": {"kind": "tree", "name": ""}}, {"type": "Feature", "geometry": {"type": "Point", "coordinates": [106.8715614, -6.2934701]}, "properties": {"kind": "tree", "name": ""}}, {"type": "Feature", "geometry": {"type": "Point", "coordinates": [106.8715319, -6.2936247]}, "properties": {"kind": "tree", "name": ""}}, {"type": "Feature", "geometry": {"type": "Point", "coordinates": [106.8714675, -6.2936401]}, "properties": {"kind": "tree", "name": ""}}, {"type": "Feature", "geometry": {"type": "Point", "coordinates": [106.8711993, -6.2936614]}, "properties": {"kind": "tree", "name": ""}}, {"type": "Feature", "geometry": {"type": "Point", "coordinates": [106.8711168, -6.2936407]}, "properties": {"kind": "tree", "name": ""}}, {"type": "Feature", "geometry": {"type": "Point", "coordinates": [106.871147, -6.2933621]}, "properties": {"kind": "tree", "name": ""}}, {"type": "Feature", "geometry": {"type": "Point", "coordinates": [106.8710826, -6.2932708]}, "properties": {"kind": "tree", "name": ""}}, {"type": "Feature", "geometry": {"type": "Point", "coordinates": [106.8710632, -6.2933934]}, "properties": {"kind": "tree", "name": ""}}, {"type": "Feature", "geometry": {"type": "Point", "coordinates": [106.8710934, -6.2934781]}, "properties": {"kind": "tree", "name": ""}}, {"type": "Feature", "geometry": {"type": "Point", "coordinates": [106.8710129, -6.2934554]}, "properties": {"kind": "tree", "name": ""}}, {"type": "Feature", "geometry": {"type": "Point", "coordinates": [106.8712449, -6.2933488]}, "properties": {"kind": "tree", "name": ""}}, {"type": "Feature", "geometry": {"type": "Point", "coordinates": [106.87132, -6.2931382]}, "properties": {"kind": "tree", "name": ""}}, {"type": "Feature", "geometry": {"type": "Point", "coordinates": [106.8711363, -6.2931715]}, "properties": {"kind": "tree", "name": ""}}, {"type": "Feature", "geometry": {"type": "Point", "coordinates": [106.8711061, -6.292553]}, "properties": {"kind": "tree", "name": ""}}, {"type": "Feature", "geometry": {"type": "Point", "coordinates": [106.8709485, -6.292431]}, "properties": {"kind": "tree", "name": ""}}, {"type": "Feature", "geometry": {"type": "Point", "coordinates": [106.8698252, -6.2893629]}, "properties": {"kind": "green_area", "name": ""}}, {"type": "Feature", "geometry": {"type": "Point", "coordinates": [106.8742735, -6.2882836]}, "properties": {"kind": "green_area", "name": "Hutan Kota Dukuh"}}, {"type": "Feature", "geometry": {"type": "Point", "coordinates": [106.8753564, -6.2854988]}, "properties": {"kind": "green_area", "name": ""}}, {"type": "Feature", "geometry": {"type": "Point", "coordinates": [106.8687905, -6.2829735]}, "properties": {"kind": "green_area", "name": "Taman Bulak Rantai"}}, {"type": "Feature", "geometry": {"type": "Point", "coordinates": [106.8720669, -6.2782726]}, "properties": {"kind": "green_area", "name": "RPTRA Mustika Kelurahan Kramatjati"}}, {"type": "Feature", "geometry": {"type": "Point", "coordinates": [106.871268, -6.2779837]}, "properties": {"kind": "green_area", "name": ""}}, {"type": "Feature", "geometry": {"type": "Point", "coordinates": [106.853123, -6.2570411]}, "properties": {"kind": "green_area", "name": ""}}, {"type": "Feature", "geometry": {"type": "Point", "coordinates": [106.8525542, -6.2564042]}, "properties": {"kind": "green_area", "name": ""}}, {"type": "Feature", "geometry": {"type": "Point", "coordinates": [106.8533817, -6.2576436]}, "properties": {"kind": "green_area", "name": ""}}, {"type": "Feature", "geometry": {"type": "Point", "coordinates": [106.8532395, -6.2564079]}, "properties": {"kind": "green_area", "name": ""}}, {"type": "Feature", "geometry": {"type": "Point", "coordinates": [106.8539016, -6.2563976]}, "properties": {"kind": "green_area", "name": ""}}, {"type": "Feature", "geometry": {"type": "Point", "coordinates": [106.8525575, -6.2570244]}, "properties": {"kind": "green_area", "name": ""}}, {"type": "Feature", "geometry": {"type": "Point", "coordinates": [106.852555, -6.2576308]}, "properties": {"kind": "green_area", "name": ""}}, {"type": "Feature", "geometry": {"type": "Point", "coordinates": [106.8535715, -6.2570178]}, "properties": {"kind": "green_area", "name": ""}}, {"type": "Feature", "geometry": {"type": "Point", "coordinates": [106.8550061, -6.2544616]}, "properties": {"kind": "green_area", "name": "Taman Segitiga"}}, {"type": "Feature", "geometry": {"type": "Point", "coordinates": [106.8518797, -6.2564111]}, "properties": {"kind": "green_area", "name": ""}}, {"type": "Feature", "geometry": {"type": "Point", "coordinates": [106.851878, -6.2570304]}, "properties": {"kind": "green_area", "name": ""}}, {"type": "Feature", "geometry": {"type": "Point", "coordinates": [106.851877, -6.2576414]}, "properties": {"kind": "green_area", "name": ""}}, {"type": "Feature", "geometry": {"type": "Point", "coordinates": [106.8302165, -6.2499351]}, "properties": {"kind": "tree", "name": ""}}, {"type": "Feature", "geometry": {"type": "Point", "coordinates": [106.8297699, -6.2489059]}, "properties": {"kind": "tree", "name": ""}}, {"type": "Feature", "geometry": {"type": "Point", "coordinates": [106.8296492, -6.2489659]}, "properties": {"kind": "tree", "name": ""}}, {"type": "Feature", "geometry": {"type": "Point", "coordinates": [106.8298879, -6.2489939]}, "properties": {"kind": "tree", "name": ""}}, {"type": "Feature", "geometry": {"type": "Point", "coordinates": [106.8328692, -6.2504737]}, "properties": {"kind": "tree", "name": ""}}, {"type": "Feature", "geometry": {"type": "Point", "coordinates": [106.8329577, -6.2504484]}, "properties": {"kind": "tree", "name": ""}}, {"type": "Feature", "geometry": {"type": "Point", "coordinates": [106.8330798, -6.2505443]}, "properties": {"kind": "tree", "name": ""}}, {"type": "Feature", "geometry": {"type": "Point", "coordinates": [106.8931341, -6.3716381]}, "properties": {"kind": "green_area", "name": "Taman Rekreasi Wiladatika"}}, {"type": "Feature", "geometry": {"type": "Point", "coordinates": [106.8975219, -6.3677483]}, "properties": {"kind": "green_area", "name": "Lapangan Utama"}}, {"type": "Feature", "geometry": {"type": "Point", "coordinates": [106.899725, -6.3645244]}, "properties": {"kind": "green_area", "name": "Bumi Perkemahan Wiladatika"}}, {"type": "Feature", "geometry": {"type": "Point", "coordinates": [106.8961637, -6.366168]}, "properties": {"kind": "green_area", "name": "Madu Pramuka"}}, {"type": "Feature", "geometry": {"type": "Point", "coordinates": [106.8956102, -6.3638539]}, "properties": {"kind": "green_area", "name": "Taman Lalulintas"}}, {"type": "Feature", "geometry": {"type": "Point", "coordinates": [106.8936025, -6.3653185]}, "properties": {"kind": "green_area", "name": "Wisata Agro Cibubur"}}, {"type": "Feature", "geometry": {"type": "Point", "coordinates": [106.8918418, -6.3684602]}, "properties": {"kind": "green_area", "name": ""}}, {"type": "Feature", "geometry": {"type": "Point", "coordinates": [106.8992015, -6.3681421]}, "properties": {"kind": "green_area", "name": "Lapang Sultan"}}, {"type": "Feature", "geometry": {"type": "Point", "coordinates": [106.8875044, -6.3013094]}, "properties": {"kind": "tree", "name": ""}}, {"type": "Feature", "geometry": {"type": "Point", "coordinates": [106.8869304, -6.3013196]}, "properties": {"kind": "tree", "name": ""}}, {"type": "Feature", "geometry": {"type": "Point", "coordinates": [106.8862559, -6.3012302]}, "properties": {"kind": "tree", "name": ""}}, {"type": "Feature", "geometry": {"type": "Point", "coordinates": [106.8852393, -6.3012689]}, "properties": {"kind": "tree", "name": ""}}, {"type": "Feature", "geometry": {"type": "Point", "coordinates": [106.8946536, -6.3026299]}, "properties": {"kind": "green_area", "name": "Taman Mini Indonesia Indah"}}, {"type": "Feature", "geometry": {"type": "Point", "coordinates": [106.8887941, -6.3030107]}, "properties": {"kind": "green_area", "name": ""}}, {"type": "Feature", "geometry": {"type": "Point", "coordinates": [106.8861157, -6.3008496]}, "properties": {"kind": "tree", "name": ""}}, {"type": "Feature", "geometry": {"type": "Point", "coordinates": [106.8861224, -6.300441]}, "properties": {"kind": "tree", "name": ""}}, {"type": "Feature", "geometry": {"type": "Point", "coordinates": [106.8849778, -6.3002825]}, "properties": {"kind": "tree", "name": ""}}, {"type": "Feature", "geometry": {"type": "Point", "coordinates": [106.8849912, -6.3009503]}, "properties": {"kind": "tree", "name": ""}}, {"type": "Feature", "geometry": {"type": "Point", "coordinates": [106.8848877, -6.2984986]}, "properties": {"kind": "green_area", "name": ""}}, {"type": "Feature", "geometry": {"type": "Point", "coordinates": [106.8844293, -6.2972146]}, "properties": {"kind": "green_area", "name": ""}}, {"type": "Feature", "geometry": {"type": "Point", "coordinates": [106.8852843, -6.2976121]}, "properties": {"kind": "green_area", "name": ""}}, {"type": "Feature", "geometry": {"type": "Point", "coordinates": [106.8834251, -6.2978091]}, "properties": {"kind": "green_area", "name": ""}}, {"type": "Feature", "geometry": {"type": "Point", "coordinates": [106.8807574, -6.2897329]}, "properties": {"kind": "tree", "name": ""}}, {"type": "Feature", "geometry": {"type": "Point", "coordinates": [106.8808117, -6.2899049]}, "properties": {"kind": "tree", "name": ""}}, {"type": "Feature", "geometry": {"type": "Point", "coordinates": [106.8796562, -6.289241]}, "properties": {"kind": "green_area", "name": ""}}, {"type": "Feature", "geometry": {"type": "Point", "coordinates": [106.8901389, -6.3044639]}, "properties": {"kind": "green_area", "name": "Plaza Keong Emas"}}, {"type": "Feature", "geometry": {"type": "Point", "coordinates": [106.8898761, -6.3020641]}, "properties": {"kind": "green_area", "name": ""}}, {"type": "Feature", "geometry": {"type": "Point", "coordinates": [106.8922238, -6.3027538]}, "properties": {"kind": "green_area", "name": "Taman Mini Borobudur"}}, {"type": "Feature", "geometry": {"type": "Point", "coordinates": [106.8989494, -6.3055185]}, "properties": {"kind": "tree", "name": ""}}, {"type": "Feature", "geometry": {"type": "Point", "coordinates": [106.8992244, -6.3052359]}, "properties": {"kind": "tree", "name": ""}}, {"type": "Feature", "geometry": {"type": "Point", "coordinates": [106.897452, -6.3087358]}, "properties": {"kind": "green_area", "name": ""}}, {"type": "Feature", "geometry": {"type": "Point", "coordinates": [106.8971492, -6.3086182]}, "properties": {"kind": "green_area", "name": ""}}, {"type": "Feature", "geometry": {"type": "Point", "coordinates": [106.8969245, -6.3085086]}, "properties": {"kind": "green_area", "name": ""}}, {"type": "Feature", "geometry": {"type": "Point", "coordinates": [106.8994993, -6.3049626]}, "properties": {"kind": "tree", "name": ""}}, {"type": "Feature", "geometry": {"type": "Point", "coordinates": [106.8990695, -6.3120994]}, "properties": {"kind": "green_area", "name": ""}}, {"type": "Feature", "geometry": {"type": "Point", "coordinates": [106.9011688, -6.3117048]}, "properties": {"kind": "green_area", "name": ""}}, {"type": "Feature", "geometry": {"type": "Point", "coordinates": [106.8921558, -6.3105416]}, "properties": {"kind": "green_area", "name": ""}}, {"type": "Feature", "geometry": {"type": "Point", "coordinates": [106.9380672, -6.2390721]}, "properties": {"kind": "green_area", "name": ""}}, {"type": "Feature", "geometry": {"type": "Point", "coordinates": [106.9384562, -6.2401411]}, "properties": {"kind": "green_area", "name": "RPTRA DKI Berseri"}}, {"type": "Feature", "geometry": {"type": "Point", "coordinates": [106.9348763, -6.2472203]}, "properties": {"kind": "green_area", "name": "RPTRA Ikapola"}}, {"type": "Feature", "geometry": {"type": "Point", "coordinates": [106.9217983, -6.2471992]}, "properties": {"kind": "green_area", "name": ""}}, {"type": "Feature", "geometry": {"type": "Point", "coordinates": [106.8961894, -6.2469572]}, "properties": {"kind": "green_area", "name": ""}}, {"type": "Feature", "geometry": {"type": "Point", "coordinates": [106.8891279, -6.2356415]}, "properties": {"kind": "green_area", "name": "tama segitiga cipinang indah"}}, {"type": "Feature", "geometry": {"type": "Point", "coordinates": [106.8935384, -6.2363154]}, "properties": {"kind": "green_area", "name": "Lapangan Umum"}}, {"type": "Feature", "geometry": {"type": "Point", "coordinates": [106.9246875, -6.240696]}, "properties": {"kind": "green_area", "name": "Taman Warga 0506"}}, {"type": "Feature", "geometry": {"type": "Point", "coordinates": [106.7930411, -6.1583239]}, "properties": {"kind": "green_area", "name": ""}}, {"type": "Feature", "geometry": {"type": "Point", "coordinates": [106.7941327, -6.1497797]}, "properties": {"kind": "green_area", "name": "Taman Sayang Anak Latumenten"}}, {"type": "Feature", "geometry": {"type": "Point", "coordinates": [106.7946161, -6.1520095]}, "properties": {"kind": "green_area", "name": "Taman Jayakarta"}}, {"type": "Feature", "geometry": {"type": "Point", "coordinates": [106.7902274, -6.1423029]}, "properties": {"kind": "tree", "name": ""}}, {"type": "Feature", "geometry": {"type": "Point", "coordinates": [106.7903803, -6.1427202]}, "properties": {"kind": "tree", "name": ""}}, {"type": "Feature", "geometry": {"type": "Point", "coordinates": [106.790375, -6.1428856]}, "properties": {"kind": "tree", "name": ""}}, {"type": "Feature", "geometry": {"type": "Point", "coordinates": [106.7903629, -6.1430096]}, "properties": {"kind": "tree", "name": ""}}, {"type": "Feature", "geometry": {"type": "Point", "coordinates": [106.7901631, -6.1419042]}, "properties": {"kind": "tree", "name": ""}}, {"type": "Feature", "geometry": {"type": "Point", "coordinates": [106.7902462, -6.1420002]}, "properties": {"kind": "tree", "name": ""}}, {"type": "Feature", "geometry": {"type": "Point", "coordinates": [106.7902811, -6.1421162]}, "properties": {"kind": "tree", "name": ""}}, {"type": "Feature", "geometry": {"type": "Point", "coordinates": [106.7902958, -6.1422042]}, "properties": {"kind": "tree", "name": ""}}, {"type": "Feature", "geometry": {"type": "Point", "coordinates": [106.7899458, -6.1429269]}, "properties": {"kind": "tree", "name": ""}}, {"type": "Feature", "geometry": {"type": "Point", "coordinates": [106.7900746, -6.1429269]}, "properties": {"kind": "tree", "name": ""}}, {"type": "Feature", "geometry": {"type": "Point", "coordinates": [106.7902288, -6.1429149]}, "properties": {"kind": "tree", "name": ""}}, {"type": "Feature", "geometry": {"type": "Point", "coordinates": [106.7916276, -6.1429282]}, "properties": {"kind": "tree", "name": ""}}, {"type": "Feature", "geometry": {"type": "Point", "coordinates": [106.7911099, -6.1429376]}, "properties": {"kind": "tree", "name": ""}}, {"type": "Feature", "geometry": {"type": "Point", "coordinates": [106.790384, -6.1437633]}, "properties": {"kind": "green_area", "name": "Taman Kali Jodoh Kelurahan Angke"}}, {"type": "Feature", "geometry": {"type": "Point", "coordinates": [106.7918568, -6.2334211]}, "properties": {"kind": "green_area", "name": ""}}, {"type": "Feature", "geometry": {"type": "Point", "coordinates": [106.7911634, -6.2340931]}, "properties": {"kind": "green_area", "name": ""}}, {"type": "Feature", "geometry": {"type": "Point", "coordinates": [106.7861693, -6.2230477]}, "properties": {"kind": "green_area", "name": ""}}, {"type": "Feature", "geometry": {"type": "Point", "coordinates": [106.7872261, -6.2196995]}, "properties": {"kind": "green_area", "name": ""}}, {"type": "Feature", "geometry": {"type": "Point", "coordinates": [106.7934595, -6.2211544]}, "properties": {"kind": "green_area", "name": ""}}, {"type": "Feature", "geometry": {"type": "Point", "coordinates": [106.7953598, -6.2210273]}, "properties": {"kind": "green_area", "name": ""}}, {"type": "Feature", "geometry": {"type": "Point", "coordinates": [106.8105733, -6.2006121]}, "properties": {"kind": "green_area", "name": "Taman RT 001/07"}}, {"type": "Feature", "geometry": {"type": "Point", "coordinates": [106.796717, -6.2188975]}, "properties": {"kind": "green_area", "name": ""}}, {"type": "Feature", "geometry": {"type": "Point", "coordinates": [106.7937171, -6.2281366]}, "properties": {"kind": "green_area", "name": ""}}, {"type": "Feature", "geometry": {"type": "Point", "coordinates": [106.7938027, -6.2271113]}, "properties": {"kind": "green_area", "name": ""}}, {"type": "Feature", "geometry": {"type": "Point", "coordinates": [106.7482804, -6.2184783]}, "properties": {"kind": "green_area", "name": ""}}, {"type": "Feature", "geometry": {"type": "Point", "coordinates": [106.7535084, -6.2187276]}, "properties": {"kind": "green_area", "name": ""}}, {"type": "Feature", "geometry": {"type": "Point", "coordinates": [106.7557242, -6.2179348]}, "properties": {"kind": "green_area", "name": ""}}, {"type": "Feature", "geometry": {"type": "Point", "coordinates": [106.7642709, -6.2157849]}, "properties": {"kind": "green_area", "name": "RTH"}}, {"type": "Feature", "geometry": {"type": "Point", "coordinates": [106.7718489, -6.216758]}, "properties": {"kind": "green_area", "name": ""}}, {"type": "Feature", "geometry": {"type": "Point", "coordinates": [106.7862083, -6.2218809]}, "properties": {"kind": "green_area", "name": ""}}, {"type": "Feature", "geometry": {"type": "Point", "coordinates": [106.7539662, -6.2711051]}, "properties": {"kind": "green_area", "name": ""}}, {"type": "Feature", "geometry": {"type": "Point", "coordinates": [106.7523224, -6.2733883]}, "properties": {"kind": "green_area", "name": ""}}, {"type": "Feature", "geometry": {"type": "Point", "coordinates": [106.754508, -6.2657358]}, "properties": {"kind": "green_area", "name": ""}}, {"type": "Feature", "geometry": {"type": "Point", "coordinates": [106.7576681, -6.2637714]}, "properties": {"kind": "green_area", "name": ""}}, {"type": "Feature", "geometry": {"type": "Point", "coordinates": [106.7556832, -6.2725394]}, "properties": {"kind": "green_area", "name": ""}}, {"type": "Feature", "geometry": {"type": "Point", "coordinates": [106.7540949, -6.2760232]}, "properties": {"kind": "green_area", "name": "Pelikan Park"}}, {"type": "Feature", "geometry": {"type": "Point", "coordinates": [106.7507971, -6.2759916]}, "properties": {"kind": "green_area", "name": "Taman Walet 2"}}, {"type": "Feature", "geometry": {"type": "Point", "coordinates": [106.7709642, -6.1974162]}, "properties": {"kind": "green_area", "name": "Flamboyan park"}}, {"type": "Feature", "geometry": {"type": "Point", "coordinates": [106.7691993, -6.1930836]}, "properties": {"kind": "green_area", "name": "WIR Hub Green Area"}}, {"type": "Feature", "geometry": {"type": "Point", "coordinates": [106.7724517, -6.1914158]}, "properties": {"kind": "green_area", "name": "RPTRA Jeruk Manis"}}, {"type": "Feature", "geometry": {"type": "Point", "coordinates": [106.7803774, -6.2006724]}, "properties": {"kind": "tree", "name": ""}}, {"type": "Feature", "geometry": {"type": "Point", "coordinates": [106.7802394, -6.200961]}, "properties": {"kind": "tree", "name": ""}}, {"type": "Feature", "geometry": {"type": "Point", "coordinates": [106.780181, -6.2009698]}, "properties": {"kind": "tree", "name": ""}}, {"type": "Feature", "geometry": {"type": "Point", "coordinates": [106.7801137, -6.2009768]}, "properties": {"kind": "tree", "name": ""}}, {"type": "Feature", "geometry": {"type": "Point", "coordinates": [106.7800571, -6.2009803]}, "properties": {"kind": "tree", "name": ""}}, {"type": "Feature", "geometry": {"type": "Point", "coordinates": [106.7799916, -6.2009821]}, "properties": {"kind": "tree", "name": ""}}, {"type": "Feature", "geometry": {"type": "Point", "coordinates": [106.7799279, -6.2009909]}, "properties": {"kind": "tree", "name": ""}}, {"type": "Feature", "geometry": {"type": "Point", "coordinates": [106.7798677, -6.2009926]}, "properties": {"kind": "tree", "name": ""}}, {"type": "Feature", "geometry": {"type": "Point", "coordinates": [106.7798005, -6.2009979]}, "properties": {"kind": "tree", "name": ""}}, {"type": "Feature", "geometry": {"type": "Point", "coordinates": [106.7797403, -6.2009961]}, "properties": {"kind": "tree", "name": ""}}, {"type": "Feature", "geometry": {"type": "Point", "coordinates": [106.7796802, -6.2010085]}, "properties": {"kind": "tree", "name": ""}}, {"type": "Feature", "geometry": {"type": "Point", "coordinates": [106.7796182, -6.2010173]}, "properties": {"kind": "tree", "name": ""}}, {"type": "Feature", "geometry": {"type": "Point", "coordinates": [106.7795528, -6.2010173]}, "properties": {"kind": "tree", "name": ""}}, {"type": "Feature", "geometry": {"type": "Point", "coordinates": [106.7794944, -6.2010225]}, "properties": {"kind": "tree", "name": ""}}, {"type": "Feature", "geometry": {"type": "Point", "coordinates": [106.7794271, -6.201019]}, "properties": {"kind": "tree", "name": ""}}, {"type": "Feature", "geometry": {"type": "Point", "coordinates": [106.7793599, -6.2010243]}, "properties": {"kind": "tree", "name": ""}}, {"type": "Feature", "geometry": {"type": "Point", "coordinates": [106.784243, -6.19668]}, "properties": {"kind": "green_area", "name": "Taman Komplek DPR RI"}}, {"type": "Feature", "geometry": {"type": "Point", "coordinates": [106.7824468, -6.1969819]}, "properties": {"kind": "green_area", "name": ""}}, {"type": "Feature", "geometry": {"type": "Point", "coordinates": [106.7831885, -6.1990517]}, "properties": {"kind": "green_area", "name": ""}}, {"type": "Feature", "geometry": {"type": "Point", "coordinates": [106.785584, -6.1858573]}, "properties": {"kind": "green_area", "name": ""}}, {"type": "Feature", "geometry": {"type": "Point", "coordinates": [106.7847735, -6.1854654]}, "properties": {"kind": "green_area", "name": ""}}, {"type": "Feature", "geometry": {"type": "Point", "coordinates": [106.7834895, -6.1880389]}, "properties": {"kind": "green_area", "name": ""}}, {"type": "Feature", "geometry": {"type": "Point", "coordinates": [106.7868434, -6.1854396]}, "properties": {"kind": "green_area", "name": ""}}, {"type": "Feature", "geometry": {"type": "Point", "coordinates": [106.7808986, -6.1789438]}, "properties": {"kind": "green_area", "name": ""}}, {"type": "Feature", "geometry": {"type": "Point", "coordinates": [106.7797334, -6.1799964]}, "properties": {"kind": "green_area", "name": ""}}, {"type": "Feature", "geometry": {"type": "Point", "coordinates": [106.7818107, -6.1752741]}, "properties": {"kind": "green_area", "name": "RPTRA Rambutan"}}, {"type": "Feature", "geometry": {"type": "Point", "coordinates": [106.7816498, -6.1711871]}, "properties": {"kind": "tree", "name": ""}}, {"type": "Feature", "geometry": {"type": "Point", "coordinates": [106.7843149, -6.1751377]}, "properties": {"kind": "green_area", "name": ""}}, {"type": "Feature", "geometry": {"type": "Point", "coordinates": [106.7798744, -6.1717997]}, "properties": {"kind": "green_area", "name": ""}}, {"type": "Feature", "geometry": {"type": "Point", "coordinates": [106.7837418, -6.1703916]}, "properties": {"kind": "green_area", "name": ""}}, {"type": "Feature", "geometry": {"type": "Point", "coordinates": [106.7849293, -6.172651]}, "properties": {"kind": "green_area", "name": ""}}, {"type": "Feature", "geometry": {"type": "Point", "coordinates": [106.7842172, -6.171786]}, "properties": {"kind": "green_area", "name": "RPTRA Taman Apel"}}, {"type": "Feature", "geometry": {"type": "Point", "coordinates": [106.7917023, -6.1707749]}, "properties": {"kind": "green_area", "name": ""}}, {"type": "Feature", "geometry": {"type": "Point", "coordinates": [106.780388, -6.2007727]}, "properties": {"kind": "tree", "name": ""}}, {"type": "Feature", "geometry": {"type": "Point", "coordinates": [106.7801997, -6.2010438]}, "properties": {"kind": "tree", "name": ""}}, {"type": "Feature", "geometry": {"type": "Point", "coordinates": [106.7802658, -6.2010337]}, "properties": {"kind": "tree", "name": ""}}, {"type": "Feature", "geometry": {"type": "Point", "coordinates": [106.7803339, -6.2010296]}, "properties": {"kind": "tree", "name": ""}}, {"type": "Feature", "geometry": {"type": "Point", "coordinates": [106.7802068, -6.2012368]}, "properties": {"kind": "tree", "name": ""}}, {"type": "Feature", "geometry": {"type": "Point", "coordinates": [106.7803319, -6.2012186]}, "properties": {"kind": "tree", "name": ""}}, {"type": "Feature", "geometry": {"type": "Point", "coordinates": [106.7832027, -6.2874801]}, "properties": {"kind": "green_area", "name": ""}}, {"type": "Feature", "geometry": {"type": "Point", "coordinates": [106.7823662, -6.2833179]}, "properties": {"kind": "green_area", "name": "Taman Puspita"}}, {"type": "Feature", "geometry": {"type": "Point", "coordinates": [106.7806975, -6.2683147]}, "properties": {"kind": "green_area", "name": ""}}, {"type": "Feature", "geometry": {"type": "Point", "coordinates": [106.7823982, -6.2677781]}, "properties": {"kind": "green_area", "name": ""}}, {"type": "Feature", "geometry": {"type": "Point", "coordinates": [106.7814827, -6.2668169]}, "properties": {"kind": "green_area", "name": ""}}, {"type": "Feature", "geometry": {"type": "Point", "coordinates": [106.7669412, -6.187452]}, "properties": {"kind": "green_area", "name": ""}}, {"type": "Feature", "geometry": {"type": "Point", "coordinates": [106.7659762, -6.1835862]}, "properties": {"kind": "green_area", "name": ""}}, {"type": "Feature", "geometry": {"type": "Point", "coordinates": [106.7659874, -6.1706624]}, "properties": {"kind": "green_area", "name": "Surya Wijaya Park"}}, {"type": "Feature", "geometry": {"type": "Point", "coordinates": [106.7665798, -6.1733905]}, "properties": {"kind": "green_area", "name": ""}}, {"type": "Feature", "geometry": {"type": "Point", "coordinates": [106.8147802, -6.1769119]}, "properties": {"kind": "green_area", "name": "RPTRA Tanah Abang 3"}}, {"type": "Feature", "geometry": {"type": "Point", "coordinates": [106.8087038, -6.17649]}, "properties": {"kind": "green_area", "name": ""}}, {"type": "Feature", "geometry": {"type": "Point", "coordinates": [106.8047184, -6.1745312]}, "properties": {"kind": "green_area", "name": ""}}, {"type": "Feature", "geometry": {"type": "Point", "coordinates": [106.8045999, -6.174591]}, "properties": {"kind": "green_area", "name": ""}}, {"type": "Feature", "geometry": {"type": "Point", "coordinates": [106.807452, -6.167075]}, "properties": {"kind": "green_area", "name": "RPTRA Kenanga"}}, {"type": "Feature", "geometry": {"type": "Point", "coordinates": [106.8093187, -6.163489]}, "properties": {"kind": "green_area", "name": "RPTRA Melati Duri Pulo"}}, {"type": "Feature", "geometry": {"type": "Point", "coordinates": [106.7918525, -6.2351834]}, "properties": {"kind": "green_area", "name": ""}}, {"type": "Feature", "geometry": {"type": "Point", "coordinates": [106.7917442, -6.2347494]}, "properties": {"kind": "green_area", "name": ""}}, {"type": "Feature", "geometry": {"type": "Point", "coordinates": [106.7927715, -6.2338888]}, "properties": {"kind": "green_area", "name": ""}}, {"type": "Feature", "geometry": {"type": "Point", "coordinates": [106.7924682, -6.2359032]}, "properties": {"kind": "green_area", "name": "Taman Lauser Utara"}}, {"type": "Feature", "geometry": {"type": "Point", "coordinates": [106.7912712, -6.2353697]}, "properties": {"kind": "green_area", "name": ""}}, {"type": "Feature", "geometry": {"type": "Point", "coordinates": [106.7968277, -6.2311451]}, "properties": {"kind": "green_area", "name": ""}}, {"type": "Feature", "geometry": {"type": "Point", "coordinates": [106.7971777, -6.2256612]}, "properties": {"kind": "green_area", "name": ""}}, {"type": "Feature", "geometry": {"type": "Point", "coordinates": [106.7959613, -6.2255611]}, "properties": {"kind": "green_area", "name": ""}}, {"type": "Feature", "geometry": {"type": "Point", "coordinates": [106.7958326, -6.2254251]}, "properties": {"kind": "green_area", "name": ""}}, {"type": "Feature", "geometry": {"type": "Point", "coordinates": [106.7961209, -6.2262251]}, "properties": {"kind": "green_area", "name": ""}}, {"type": "Feature", "geometry": {"type": "Point", "coordinates": [106.797916, -6.2225358]}, "properties": {"kind": "green_area", "name": ""}}, {"type": "Feature", "geometry": {"type": "Point", "coordinates": [106.7954437, -6.2228121]}, "properties": {"kind": "green_area", "name": ""}}, {"type": "Feature", "geometry": {"type": "Point", "coordinates": [106.7964428, -6.2229375]}, "properties": {"kind": "green_area", "name": ""}}, {"type": "Feature", "geometry": {"type": "Point", "coordinates": [106.7960538, -6.2231561]}, "properties": {"kind": "green_area", "name": ""}}, {"type": "Feature", "geometry": {"type": "Point", "coordinates": [106.7964093, -6.2208466]}, "properties": {"kind": "green_area", "name": ""}}, {"type": "Feature", "geometry": {"type": "Point", "coordinates": [106.7970442, -6.2208033]}, "properties": {"kind": "green_area", "name": ""}}, {"type": "Feature", "geometry": {"type": "Point", "coordinates": [106.7974587, -6.2218599]}, "properties": {"kind": "green_area", "name": ""}}, {"type": "Feature", "geometry": {"type": "Point", "coordinates": [106.8012698, -6.2190199]}, "properties": {"kind": "tree", "name": ""}}, {"type": "Feature", "geometry": {"type": "Point", "coordinates": [106.8013778, -6.2192638]}, "properties": {"kind": "tree", "name": ""}}, {"type": "Feature", "geometry": {"type": "Point", "coordinates": [106.7977765, -6.2195508]}, "properties": {"kind": "green_area", "name": ""}}, {"type": "Feature", "geometry": {"type": "Point", "coordinates": [106.7959714, -6.2205474]}, "properties": {"kind": "green_area", "name": ""}}, {"type": "Feature", "geometry": {"type": "Point", "coordinates": [106.8341674, -6.2443899]}, "properties": {"kind": "tree", "name": ""}}, {"type": "Feature", "geometry": {"type": "Point", "coordinates": [106.833989, -6.2423068]}, "properties": {"kind": "tree", "name": ""}}, {"type": "Feature", "geometry": {"type": "Point", "coordinates": [106.8347566, -6.2392673]}, "properties": {"kind": "green_area", "name": "Kolam Renang"}}, {"type": "Feature", "geometry": {"type": "Point", "coordinates": [106.8174621, -6.2320803]}, "properties": {"kind": "green_area", "name": "Dirgantara Park"}}, {"type": "Feature", "geometry": {"type": "Point", "coordinates": [106.8133186, -6.3526127]}, "properties": {"kind": "green_area", "name": ""}}, {"type": "Feature", "geometry": {"type": "Point", "coordinates": [106.8200395, -6.3460039]}, "properties": {"kind": "green_area", "name": ""}}, {"type": "Feature", "geometry": {"type": "Point", "coordinates": [106.8200462, -6.3460084]}, "properties": {"kind": "green_area", "name": "Perkampungan Budaya Betawi"}}, {"type": "Feature", "geometry": {"type": "Point", "coordinates": [106.8197399, -6.343129]}, "properties": {"kind": "green_area", "name": ""}}, {"type": "Feature", "geometry": {"type": "Point", "coordinates": [106.8265829, -6.343048]}, "properties": {"kind": "green_area", "name": ""}}, {"type": "Feature", "geometry": {"type": "Point", "coordinates": [106.8248294, -6.3375668]}, "properties": {"kind": "green_area", "name": ""}}, {"type": "Feature", "geometry": {"type": "Point", "coordinates": [106.8487457, -6.2799495]}, "properties": {"kind": "green_area", "name": ""}}, {"type": "Feature", "geometry": {"type": "Point", "coordinates": [106.8361046, -6.2790203]}, "properties": {"kind": "green_area", "name": "RPTRA Malinjo"}}, {"type": "Feature", "geometry": {"type": "Point", "coordinates": [106.8199725, -6.3420195]}, "properties": {"kind": "green_area", "name": ""}}, {"type": "Feature", "geometry": {"type": "Point", "coordinates": [106.8153036, -6.3404453]}, "properties": {"kind": "green_area", "name": ""}}, {"type": "Feature", "geometry": {"type": "Point", "coordinates": [107.0035129, -6.2238903]}, "properties": {"kind": "green_area", "name": ""}}, {"type": "Feature", "geometry": {"type": "Point", "coordinates": [107.0055665, -6.2239392]}, "properties": {"kind": "green_area", "name": ""}}, {"type": "Feature", "geometry": {"type": "Point", "coordinates": [107.0045846, -6.2268975]}, "properties": {"kind": "green_area", "name": ""}}, {"type": "Feature", "geometry": {"type": "Point", "coordinates": [107.0023771, -6.2242343]}, "properties": {"kind": "green_area", "name": ""}}, {"type": "Feature", "geometry": {"type": "Point", "coordinates": [106.9910204, -6.2413045]}, "properties": {"kind": "green_area", "name": "Al Muhajirin Park"}}, {"type": "Feature", "geometry": {"type": "Point", "coordinates": [106.9927009, -6.2396807]}, "properties": {"kind": "green_area", "name": "Plaza Patriot Candrabhaga"}}, {"type": "Feature", "geometry": {"type": "Point", "coordinates": [106.9956679, -6.2445099]}, "properties": {"kind": "green_area", "name": ""}}, {"type": "Feature", "geometry": {"type": "Point", "coordinates": [106.9940641, -6.2476185]}, "properties": {"kind": "green_area", "name": ""}}, {"type": "Feature", "geometry": {"type": "Point", "coordinates": [106.9958423, -6.2504051]}, "properties": {"kind": "green_area", "name": ""}}, {"type": "Feature", "geometry": {"type": "Point", "coordinates": [106.9963355, -6.2267059]}, "properties": {"kind": "green_area", "name": ""}}, {"type": "Feature", "geometry": {"type": "Point", "coordinates": [106.9955468, -6.2277477]}, "properties": {"kind": "green_area", "name": ""}}, {"type": "Feature", "geometry": {"type": "Point", "coordinates": [107.0251553, -6.248973]}, "properties": {"kind": "green_area", "name": "Taman Makam Pahlawan"}}, {"type": "Feature", "geometry": {"type": "Point", "coordinates": [107.0159139, -6.2494225]}, "properties": {"kind": "green_area", "name": "Taman Cut Mutia"}}, {"type": "Feature", "geometry": {"type": "Point", "coordinates": [107.004325, -6.2608901]}, "properties": {"kind": "green_area", "name": ""}}, {"type": "Feature", "geometry": {"type": "Point", "coordinates": [107.0046277, -6.2613139]}, "properties": {"kind": "green_area", "name": ""}}, {"type": "Feature", "geometry": {"type": "Point", "coordinates": [106.9933554, -6.2622233]}, "properties": {"kind": "green_area", "name": ""}}, {"type": "Feature", "geometry": {"type": "Point", "coordinates": [106.9805805, -6.2486064]}, "properties": {"kind": "green_area", "name": ""}}, {"type": "Feature", "geometry": {"type": "Point", "coordinates": [106.9810894, -6.248418]}, "properties": {"kind": "tree", "name": ""}}, {"type": "Feature", "geometry": {"type": "Point", "coordinates": [106.9760745, -6.2505393]}, "properties": {"kind": "green_area", "name": "Lapangan Pulo Permatasari"}}, {"type": "Feature", "geometry": {"type": "Point", "coordinates": [106.9761424, -6.249687]}, "properties": {"kind": "green_area", "name": "Lapangan Basket"}}, {"type": "Feature", "geometry": {"type": "Point", "coordinates": [106.9765816, -6.2530028]}, "properties": {"kind": "green_area", "name": "Kolam Renang Taman Cikas"}}, {"type": "Feature", "geometry": {"type": "Point", "coordinates": [106.9712202, -6.2477021]}, "properties": {"kind": "tree", "name": ""}}, {"type": "Feature", "geometry": {"type": "Point", "coordinates": [106.9731849, -6.248034]}, "properties": {"kind": "tree", "name": ""}}, {"type": "Feature", "geometry": {"type": "Point", "coordinates": [106.9918926, -6.261553]}, "properties": {"kind": "green_area", "name": ""}}, {"type": "Feature", "geometry": {"type": "Point", "coordinates": [106.9914773, -6.2611637]}, "properties": {"kind": "green_area", "name": ""}}, {"type": "Feature", "geometry": {"type": "Point", "coordinates": [106.9913088, -6.260127]}, "properties": {"kind": "green_area", "name": ""}}, {"type": "Feature", "geometry": {"type": "Point", "coordinates": [106.9912135, -6.2608068]}, "properties": {"kind": "green_area", "name": ""}}, {"type": "Feature", "geometry": {"type": "Point", "coordinates": [106.959051, -6.2961541]}, "properties": {"kind": "tree", "name": ""}}, {"type": "Feature", "geometry": {"type": "Point", "coordinates": [106.9589545, -6.2961828]}, "properties": {"kind": "tree", "name": ""}}, {"type": "Feature", "geometry": {"type": "Point", "coordinates": [106.9590028, -6.2960741]}, "properties": {"kind": "tree", "name": ""}}, {"type": "Feature", "geometry": {"type": "Point", "coordinates": [106.9589917, -6.2961441]}, "properties": {"kind": "green_area", "name": ""}}, {"type": "Feature", "geometry": {"type": "Point", "coordinates": [106.9854493, -6.3258575]}, "properties": {"kind": "green_area", "name": ""}}, {"type": "Feature", "geometry": {"type": "Point", "coordinates": [107.1685317, -6.2942014]}, "properties": {"kind": "green_area", "name": ""}}, {"type": "Feature", "geometry": {"type": "Point", "coordinates": [107.1708835, -6.2911446]}, "properties": {"kind": "green_area", "name": ""}}, {"type": "Feature", "geometry": {"type": "Point", "coordinates": [107.1742038, -6.2917012]}, "properties": {"kind": "green_area", "name": ""}}, {"type": "Feature", "geometry": {"type": "Point", "coordinates": [107.0478366, -6.2803549]}, "properties": {"kind": "green_area", "name": "Celebration Hall Grand Wisata"}}, {"type": "Feature", "geometry": {"type": "Point", "coordinates": [107.0487603, -6.2792185]}, "properties": {"kind": "green_area", "name": ""}}, {"type": "Feature", "geometry": {"type": "Point", "coordinates": [106.8249143, -6.3898339]}, "properties": {"kind": "tree", "name": ""}}, {"type": "Feature", "geometry": {"type": "Point", "coordinates": [106.8249116, -6.3898766]}, "properties": {"kind": "tree", "name": ""}}, {"type": "Feature", "geometry": {"type": "Point", "coordinates": [106.8244127, -6.3898473]}, "properties": {"kind": "tree", "name": ""}}, {"type": "Feature", "geometry": {"type": "Point", "coordinates": [106.8245441, -6.3898339]}, "properties": {"kind": "tree", "name": ""}}, {"type": "Feature", "geometry": {"type": "Point", "coordinates": [106.8245415, -6.3898739]}, "properties": {"kind": "tree", "name": ""}}, {"type": "Feature", "geometry": {"type": "Point", "coordinates": [106.8245468, -6.3899033]}, "properties": {"kind": "tree", "name": ""}}, {"type": "Feature", "geometry": {"type": "Point", "coordinates": [106.8246809, -6.3898153]}, "properties": {"kind": "tree", "name": ""}}, {"type": "Feature", "geometry": {"type": "Point", "coordinates": [106.8246756, -6.3898446]}, "properties": {"kind": "tree", "name": ""}}, {"type": "Feature", "geometry": {"type": "Point", "coordinates": [106.8246782, -6.3898926]}, "properties": {"kind": "tree", "name": ""}}, {"type": "Feature", "geometry": {"type": "Point", "coordinates": [106.8247989, -6.38981]}, "properties": {"kind": "tree", "name": ""}}, {"type": "Feature", "geometry": {"type": "Point", "coordinates": [106.8248043, -6.3898526]}, "properties": {"kind": "tree", "name": ""}}, {"type": "Feature", "geometry": {"type": "Point", "coordinates": [106.824807, -6.3898686]}, "properties": {"kind": "tree", "name": ""}}, {"type": "Feature", "geometry": {"type": "Point", "coordinates": [106.8245146, -6.3899912]}, "properties": {"kind": "tree", "name": ""}}, {"type": "Feature", "geometry": {"type": "Point", "coordinates": [106.8245575, -6.3899939]}, "properties": {"kind": "tree", "name": ""}}, {"type": "Feature", "geometry": {"type": "Point", "coordinates": [106.8246192, -6.3899832]}, "properties": {"kind": "tree", "name": ""}}, {"type": "Feature", "geometry": {"type": "Point", "coordinates": [106.8216641, -6.3937327]}, "properties": {"kind": "green_area", "name": "Lapangan Balai Kota Depok"}}, {"type": "Feature", "geometry": {"type": "Point", "coordinates": [106.8226248, -6.3939393]}, "properties": {"kind": "green_area", "name": "Lapangan Balai Kota Depok"}}, {"type": "Feature", "geometry": {"type": "Point", "coordinates": [106.8230498, -6.3941617]}, "properties": {"kind": "green_area", "name": ""}}, {"type": "Feature", "geometry": {"type": "Point", "coordinates": [106.8214807, -6.3941345]}, "properties": {"kind": "green_area", "name": ""}}, {"type": "Feature", "geometry": {"type": "Point", "coordinates": [106.8331531, -6.3838551]}, "properties": {"kind": "green_area", "name": ""}}, {"type": "Feature", "geometry": {"type": "Point", "coordinates": [106.8323746, -6.383104]}, "properties": {"kind": "green_area", "name": ""}}, {"type": "Feature", "geometry": {"type": "Point", "coordinates": [106.8500066, -6.3757553]}, "properties": {"kind": "green_area", "name": ""}}, {"type": "Feature", "geometry": {"type": "Point", "coordinates": [106.8497232, -6.383306]}, "properties": {"kind": "green_area", "name": "Taman Bermain Jamuju 5"}}, {"type": "Feature", "geometry": {"type": "Point", "coordinates": [106.8623216, -6.3812374]}, "properties": {"kind": "green_area", "name": ""}}, {"type": "Feature", "geometry": {"type": "Point", "coordinates": [106.8060862, -6.6014149]}, "properties": {"kind": "tree", "name": ""}}, {"type": "Feature", "geometry": {"type": "Point", "coordinates": [106.8060275, -6.601371]}, "properties": {"kind": "tree", "name": ""}}, {"type": "Feature", "geometry": {"type": "Point", "coordinates": [106.8059377, -6.6014067]}, "properties": {"kind": "tree", "name": ""}}, {"type": "Feature", "geometry": {"type": "Point", "coordinates": [106.8058254, -6.6014335]}, "properties": {"kind": "tree", "name": ""}}, {"type": "Feature", "geometry": {"type": "Point", "coordinates": [106.806156, -6.601454]}, "properties": {"kind": "tree", "name": ""}}, {"type": "Feature", "geometry": {"type": "Point", "coordinates": [106.805669, -6.6014799]}, "properties": {"kind": "tree", "name": ""}}, {"type": "Feature", "geometry": {"type": "Point", "coordinates": [106.8060949, -6.6014906]}, "properties": {"kind": "tree", "name": ""}}, {"type": "Feature", "geometry": {"type": "Point", "coordinates": [106.8059943, -6.6015245]}, "properties": {"kind": "tree", "name": ""}}, {"type": "Feature", "geometry": {"type": "Point", "coordinates": [106.805882, -6.6015531]}, "properties": {"kind": "tree", "name": ""}}, {"type": "Feature", "geometry": {"type": "Point", "coordinates": [106.8057292, -6.6015906]}, "properties": {"kind": "tree", "name": ""}}, {"type": "Feature", "geometry": {"type": "Point", "coordinates": [106.8056501, -6.6016057]}, "properties": {"kind": "tree", "name": ""}}, {"type": "Feature", "geometry": {"type": "Point", "coordinates": [106.806041, -6.6016415]}, "properties": {"kind": "tree", "name": ""}}, {"type": "Feature", "geometry": {"type": "Point", "coordinates": [106.8056717, -6.6016664]}, "properties": {"kind": "tree", "name": ""}}, {"type": "Feature", "geometry": {"type": "Point", "coordinates": [106.8059242, -6.6016736]}, "properties": {"kind": "tree", "name": ""}}, {"type": "Feature", "geometry": {"type": "Point", "coordinates": [106.8057768, -6.6017236]}, "properties": {"kind": "tree", "name": ""}}, {"type": "Feature", "geometry": {"type": "Point", "coordinates": [106.8057211, -6.6017575]}, "properties": {"kind": "tree", "name": ""}}, {"type": "Feature", "geometry": {"type": "Point", "coordinates": [106.8067339, -6.6024682]}, "properties": {"kind": "tree", "name": ""}}, {"type": "Feature", "geometry": {"type": "Point", "coordinates": [106.8064741, -6.6024983]}, "properties": {"kind": "tree", "name": ""}}, {"type": "Feature", "geometry": {"type": "Point", "coordinates": [106.8064296, -6.6025683]}, "properties": {"kind": "tree", "name": ""}}, {"type": "Feature", "geometry": {"type": "Point", "coordinates": [106.8067984, -6.6026154]}, "properties": {"kind": "tree", "name": ""}}, {"type": "Feature", "geometry": {"type": "Point", "coordinates": [106.8064061, -6.6026264]}, "properties": {"kind": "tree", "name": ""}}, {"type": "Feature", "geometry": {"type": "Point", "coordinates": [106.8063254, -6.6026479]}, "properties": {"kind": "tree", "name": ""}}, {"type": "Feature", "geometry": {"type": "Point", "coordinates": [106.8063915, -6.6026687]}, "properties": {"kind": "tree", "name": ""}}, {"type": "Feature", "geometry": {"type": "Point", "coordinates": [106.8063019, -6.6026952]}, "properties": {"kind": "tree", "name": ""}}, {"type": "Feature", "geometry": {"type": "Point", "coordinates": [106.806335, -6.6027583]}, "properties": {"kind": "tree", "name": ""}}, {"type": "Feature", "geometry": {"type": "Point", "coordinates": [106.8062142, -6.6027691]}, "properties": {"kind": "tree", "name": ""}}, {"type": "Feature", "geometry": {"type": "Point", "coordinates": [106.8061869, -6.6027779]}, "properties": {"kind": "tree", "name": ""}}, {"type": "Feature", "geometry": {"type": "Point", "coordinates": [106.8074961, -6.6026991]}, "properties": {"kind": "tree", "name": ""}}, {"type": "Feature", "geometry": {"type": "Point", "coordinates": [106.799446, -6.5982506]}, "properties": {"kind": "green_area", "name": "Kebun Raya Bogor"}}, {"type": "Feature", "geometry": {"type": "Point", "coordinates": [106.8053955, -6.6004293]}, "properties": {"kind": "green_area", "name": ""}}, {"type": "Feature", "geometry": {"type": "Point", "coordinates": [106.799446, -6.5982506]}, "properties": {"kind": "green_area", "name": ""}}, {"type": "Feature", "geometry": {"type": "Point", "coordinates": [106.8054067, -6.6004519]}, "properties": {"kind": "green_area", "name": "Stasiun Cuaca Pendidikan"}}, {"type": "Feature", "geometry": {"type": "Point", "coordinates": [106.8476696, -6.5666669]}, "properties": {"kind": "tree", "name": ""}}, {"type": "Feature", "geometry": {"type": "Point", "coordinates": [106.847891, -6.5667315]}, "properties": {"kind": "tree", "name": ""}}, {"type": "Feature", "geometry": {"type": "Point", "coordinates": [106.8479994, -6.5667868]}, "properties": {"kind": "tree", "name": ""}}, {"type": "Feature", "geometry": {"type": "Point", "coordinates": [106.8481279, -6.5668084]}, "properties": {"kind": "tree", "name": ""}}, {"type": "Feature", "geometry": {"type": "Point", "coordinates": [106.8482502, -6.5668745]}, "properties": {"kind": "tree", "name": ""}}, {"type": "Feature", "geometry": {"type": "Point", "coordinates": [106.8475444, -6.5667831]}, "properties": {"kind": "tree", "name": ""}}, {"type": "Feature", "geometry": {"type": "Point", "coordinates": [106.8473191, -6.5667933]}, "properties": {"kind": "tree", "name": ""}}, {"type": "Feature", "geometry": {"type": "Point", "coordinates": [106.8471945, -6.5668137]}, "properties": {"kind": "tree", "name": ""}}, {"type": "Feature", "geometry": {"type": "Point", "coordinates": [106.8474529, -6.5668183]}, "properties": {"kind": "tree", "name": ""}}, {"type": "Feature", "geometry": {"type": "Point", "coordinates": [106.8472654, -6.5668512]}, "properties": {"kind": "tree", "name": ""}}, {"type": "Feature", "geometry": {"type": "Point", "coordinates": [106.847374, -6.5668535]}, "properties": {"kind": "tree", "name": ""}}, {"type": "Feature", "geometry": {"type": "Point", "coordinates": [106.8475832, -6.5668569]}, "properties": {"kind": "tree", "name": ""}}, {"type": "Feature", "geometry": {"type": "Point", "coordinates": [106.8470733, -6.5668751]}, "properties": {"kind": "tree", "name": ""}}, {"type": "Feature", "geometry": {"type": "Point", "coordinates": [106.8475055, -6.5668944]}, "properties": {"kind": "tree", "name": ""}}, {"type": "Feature", "geometry": {"type": "Point", "coordinates": [106.8471476, -6.5669023]}, "properties": {"kind": "tree", "name": ""}}, {"type": "Feature", "geometry": {"type": "Point", "coordinates": [106.8476416, -6.566941]}, "properties": {"kind": "tree", "name": ""}}, {"type": "Feature", "geometry": {"type": "Point", "coordinates": [106.8470573, -6.5669694]}, "properties": {"kind": "tree", "name": ""}}, {"type": "Feature", "geometry": {"type": "Point", "coordinates": [106.8469647, -6.566975]}, "properties": {"kind": "tree", "name": ""}}, {"type": "Feature", "geometry": {"type": "Point", "coordinates": [106.8477582, -6.5669796]}, "properties": {"kind": "tree", "name": ""}}, {"type": "Feature", "geometry": {"type": "Point", "coordinates": [106.8478599, -6.5670591]}, "properties": {"kind": "tree", "name": ""}}, {"type": "Feature", "geometry": {"type": "Point", "coordinates": [106.8468812, -6.5670636]}, "properties": {"kind": "tree", "name": ""}}, {"type": "Feature", "geometry": {"type": "Point", "coordinates": [106.846959, -6.5670682]}, "properties": {"kind": "tree", "name": ""}}, {"type": "Feature", "geometry": {"type": "Point", "coordinates": [106.8470344, -6.5670795]}, "properties": {"kind": "tree", "name": ""}}, {"type": "Feature", "geometry": {"type": "Point", "coordinates": [106.8468927, -6.5671829]}, "properties": {"kind": "tree", "name": ""}}, {"type": "Feature", "geometry": {"type": "Point", "coordinates": [106.8477822, -6.5672806]}, "properties": {"kind": "tree", "name": ""}}, {"type": "Feature", "geometry": {"type": "Point", "coordinates": [106.8477216, -6.5672908]}, "properties": {"kind": "tree", "name": ""}}, {"type": "Feature", "geometry": {"type": "Point", "coordinates": [106.8473672, -6.5673442]}, "properties": {"kind": "tree", "name": ""}}, {"type": "Feature", "geometry": {"type": "Point", "coordinates": [106.8474186, -6.567359]}, "properties": {"kind": "tree", "name": ""}}, {"type": "Feature", "geometry": {"type": "Point", "coordinates": [106.8474666, -6.5673658]}, "properties": {"kind": "tree", "name": ""}}, {"type": "Feature", "geometry": {"type": "Point", "coordinates": [106.8475512, -6.5673896]}, "properties": {"kind": "tree", "name": ""}}, {"type": "Feature", "geometry": {"type": "Point", "coordinates": [106.847597, -6.5673998]}, "properties": {"kind": "tree", "name": ""}}, {"type": "Feature", "geometry": {"type": "Point", "coordinates": [106.8476473, -6.5674135]}, "properties": {"kind": "tree", "name": ""}}, {"type": "Feature", "geometry": {"type": "Point", "coordinates": [106.847733, -6.5674282]}, "properties": {"kind": "tree", "name": ""}}, {"type": "Feature", "geometry": {"type": "Point", "coordinates": [106.8443396, -6.5659131]}, "properties": {"kind": "green_area", "name": ""}}, {"type": "Feature", "geometry": {"type": "Point", "coordinates": [106.850408, -6.5673742]}, "properties": {"kind": "green_area", "name": ""}}, {"type": "Feature", "geometry": {"type": "Point", "coordinates": [106.8570897, -6.5323847]}, "properties": {"kind": "green_area", "name": ""}}, {"type": "Feature", "geometry": {"type": "Point", "coordinates": [106.6680597, -6.2986475]}, "properties": {"kind": "green_area", "name": "Taman Kesehatan"}}, {"type": "Feature", "geometry": {"type": "Point", "coordinates": [106.6659301, -6.3003841]}, "properties": {"kind": "green_area", "name": "Lapangan TransCity BSD"}}, {"type": "Feature", "geometry": {"type": "Point", "coordinates": [106.6696106, -6.2993293]}, "properties": {"kind": "green_area", "name": ""}}, {"type": "Feature", "geometry": {"type": "Point", "coordinates": [106.6688883, -6.2928529]}, "properties": {"kind": "tree", "name": ""}}, {"type": "Feature", "geometry": {"type": "Point", "coordinates": [106.6689605, -6.2929256]}, "properties": {"kind": "tree", "name": ""}}, {"type": "Feature", "geometry": {"type": "Point", "coordinates": [106.6686906, -6.2931924]}, "properties": {"kind": "tree", "name": ""}}, {"type": "Feature", "geometry": {"type": "Point", "coordinates": [106.6695491, -6.2920648]}, "properties": {"kind": "green_area", "name": "Ocean Park BSD"}}, {"type": "Feature", "geometry": {"type": "Point", "coordinates": [106.6664254, -6.2929136]}, "properties": {"kind": "green_area", "name": ""}}, {"type": "Feature", "geometry": {"type": "Point", "coordinates": [106.6686948, -6.2931859]}, "properties": {"kind": "green_area", "name": ""}}, {"type": "Feature", "geometry": {"type": "Point", "coordinates": [106.6689308, -6.2928054]}, "properties": {"kind": "green_area", "name": ""}}, {"type": "Feature", "geometry": {"type": "Point", "coordinates": [106.6690077, -6.292873]}, "properties": {"kind": "green_area", "name": ""}}, {"type": "Feature", "geometry": {"type": "Point", "coordinates": [106.6675446, -6.2943959]}, "properties": {"kind": "green_area", "name": ""}}, {"type": "Feature", "geometry": {"type": "Point", "coordinates": [106.6669143, -6.2944137]}, "properties": {"kind": "green_area", "name": ""}}, {"type": "Feature", "geometry": {"type": "Point", "coordinates": [106.6645716, -6.2932189]}, "properties": {"kind": "green_area", "name": ""}}, {"type": "Feature", "geometry": {"type": "Point", "coordinates": [106.6653798, -6.2930798]}, "properties": {"kind": "green_area", "name": ""}}, {"type": "Feature", "geometry": {"type": "Point", "coordinates": [106.664145, -6.2938009]}, "properties": {"kind": "green_area", "name": ""}}, {"type": "Feature", "geometry": {"type": "Point", "coordinates": [106.6653003, -6.289499]}, "properties": {"kind": "green_area", "name": ""}}, {"type": "Feature", "geometry": {"type": "Point", "coordinates": [106.6651191, -6.2881317]}, "properties": {"kind": "green_area", "name": ""}}, {"type": "Feature", "geometry": {"type": "Point", "coordinates": [106.6658628, -6.2880867]}, "properties": {"kind": "green_area", "name": ""}}, {"type": "Feature", "geometry": {"type": "Point", "coordinates": [106.6675797, -6.2902681]}, "properties": {"kind": "green_area", "name": ""}}, {"type": "Feature", "geometry": {"type": "Point", "coordinates": [106.6623692, -6.2902535]}, "properties": {"kind": "green_area", "name": ""}}, {"type": "Feature", "geometry": {"type": "Point", "coordinates": [106.6662021, -6.286591]}, "properties": {"kind": "green_area", "name": ""}}, {"type": "Feature", "geometry": {"type": "Point", "coordinates": [106.666477, -6.2860271]}, "properties": {"kind": "green_area", "name": ""}}, {"type": "Feature", "geometry": {"type": "Point", "coordinates": [106.664108, -6.2826071]}, "properties": {"kind": "green_area", "name": ""}}, {"type": "Feature", "geometry": {"type": "Point", "coordinates": [106.6634358, -6.2774483]}, "properties": {"kind": "green_area", "name": ""}}, {"type": "Feature", "geometry": {"type": "Point", "coordinates": [106.6604841, -6.2788258]}, "properties": {"kind": "green_area", "name": ""}}, {"type": "Feature", "geometry": {"type": "Point", "coordinates": [106.663534, -6.2811661]}, "properties": {"kind": "green_area", "name": ""}}, {"type": "Feature", "geometry": {"type": "Point", "coordinates": [106.6633578, -6.2809472]}, "properties": {"kind": "green_area", "name": ""}}, {"type": "Feature", "geometry": {"type": "Point", "coordinates": [106.6629536, -6.2813888]}, "properties": {"kind": "green_area", "name": ""}}, {"type": "Feature", "geometry": {"type": "Point", "coordinates": [106.6636587, -6.2821492]}, "properties": {"kind": "green_area", "name": ""}}, {"type": "Feature", "geometry": {"type": "Point", "coordinates": [106.6632024, -6.2816731]}, "properties": {"kind": "green_area", "name": ""}}, {"type": "Feature", "geometry": {"type": "Point", "coordinates": [106.659805, -6.2838182]}, "properties": {"kind": "green_area", "name": ""}}, {"type": "Feature", "geometry": {"type": "Point", "coordinates": [106.6595764, -6.2811686]}, "properties": {"kind": "green_area", "name": "Taman Daan Mogot"}}, {"type": "Feature", "geometry": {"type": "Point", "coordinates": [106.6581159, -6.2774696]}, "properties": {"kind": "green_area", "name": ""}}, {"type": "Feature", "geometry": {"type": "Point", "coordinates": [106.6583352, -6.2775916]}, "properties": {"kind": "green_area", "name": ""}}, {"type": "Feature", "geometry": {"type": "Point", "coordinates": [106.6584177, -6.2777362]}, "properties": {"kind": "green_area", "name": ""}}, {"type": "Feature", "geometry": {"type": "Point", "coordinates": [106.6582018, -6.2776122]}, "properties": {"kind": "green_area", "name": ""}}, {"type": "Feature", "geometry": {"type": "Point", "coordinates": [106.6579483, -6.277393]}, "properties": {"kind": "green_area", "name": ""}}, {"type": "Feature", "geometry": {"type": "Point", "coordinates": [106.6581609, -6.2780611]}, "properties": {"kind": "green_area", "name": ""}}, {"type": "Feature", "geometry": {"type": "Point", "coordinates": [106.6579657, -6.2781174]}, "properties": {"kind": "green_area", "name": ""}}, {"type": "Feature", "geometry": {"type": "Point", "coordinates": [106.6564805, -6.277367]}, "properties": {"kind": "green_area", "name": ""}}, {"type": "Feature", "geometry": {"type": "Point", "coordinates": [106.6569209, -6.2718903]}, "properties": {"kind": "green_area", "name": ""}}, {"type": "Feature", "geometry": {"type": "Point", "coordinates": [106.6527119, -6.2737317]}, "properties": {"kind": "green_area", "name": ""}}, {"type": "Feature", "geometry": {"type": "Point", "coordinates": [106.6531069, -6.273787]}, "properties": {"kind": "green_area", "name": ""}}, {"type": "Feature", "geometry": {"type": "Point", "coordinates": [106.6539813, -6.2738143]}, "properties": {"kind": "green_area", "name": ""}}, {"type": "Feature", "geometry": {"type": "Point", "coordinates": [106.6538418, -6.2738183]}, "properties": {"kind": "green_area", "name": ""}}, {"type": "Feature", "geometry": {"type": "Point", "coordinates": [106.6536688, -6.2738617]}, "properties": {"kind": "green_area", "name": ""}}, {"type": "Feature", "geometry": {"type": "Point", "coordinates": [106.6534228, -6.2737849]}, "properties": {"kind": "green_area", "name": ""}}, {"type": "Feature", "geometry": {"type": "Point", "coordinates": [106.6546759, -6.2740176]}, "properties": {"kind": "green_area", "name": ""}}, {"type": "Feature", "geometry": {"type": "Point", "coordinates": [106.6550742, -6.2748561]}, "properties": {"kind": "green_area", "name": ""}}, {"type": "Feature", "geometry": {"type": "Point", "coordinates": [106.6484586, -6.241603]}, "properties": {"kind": "green_area", "name": ""}}, {"type": "Feature", "geometry": {"type": "Point", "coordinates": [106.7660593, -6.1886187]}, "properties": {"kind": "green_area", "name": ""}}, {"type": "Feature", "geometry": {"type": "Point", "coordinates": [106.7644427, -6.1863514]}, "properties": {"kind": "green_area", "name": ""}}, {"type": "Feature", "geometry": {"type": "Point", "coordinates": [106.7503649, -6.339407]}, "properties": {"kind": "tree", "name": ""}}, {"type": "Feature", "geometry": {"type": "Point", "coordinates": [106.7509687, -6.331127]}, "properties": {"kind": "green_area", "name": "Green Zone CRO"}}, {"type": "Feature", "geometry": {"type": "Point", "coordinates": [106.7508372, -6.3308568]}, "properties": {"kind": "green_area", "name": ""}}, {"type": "Feature", "geometry": {"type": "Point", "coordinates": [106.7516765, -6.3325631]}, "properties": {"kind": "green_area", "name": "Taman"}}, {"type": "Feature", "geometry": {"type": "Point", "coordinates": [106.7517552, -6.3327215]}, "properties": {"kind": "green_area", "name": ""}}, {"type": "Feature", "geometry": {"type": "Point", "coordinates": [106.7464811, -6.321813]}, "properties": {"kind": "green_area", "name": ""}}, {"type": "Feature", "geometry": {"type": "Point", "coordinates": [106.7457424, -6.3210912]}, "properties": {"kind": "green_area", "name": ""}}, {"type": "Feature", "geometry": {"type": "Point", "coordinates": [106.7459815, -6.3209883]}, "properties": {"kind": "green_area", "name": ""}}, {"type": "Feature", "geometry": {"type": "Point", "coordinates": [106.7459097, -6.3206909]}, "properties": {"kind": "green_area", "name": ""}}, {"type": "Feature", "geometry": {"type": "Point", "coordinates": [106.7554841, -6.3069738]}, "properties": {"kind": "green_area", "name": ""}}, {"type": "Feature", "geometry": {"type": "Point", "coordinates": [106.7542657, -6.3067416]}, "properties": {"kind": "green_area", "name": ""}}, {"type": "Feature", "geometry": {"type": "Point", "coordinates": [106.7633812, -6.3010363]}, "properties": {"kind": "tree", "name": ""}}, {"type": "Feature", "geometry": {"type": "Point", "coordinates": [106.7632934, -6.300972]}, "properties": {"kind": "tree", "name": ""}}, {"type": "Feature", "geometry": {"type": "Point", "coordinates": [106.7633597, -6.3008725]}, "properties": {"kind": "tree", "name": ""}}, {"type": "Feature", "geometry": {"type": "Point", "coordinates": [106.7636092, -6.3006413]}, "properties": {"kind": "tree", "name": ""}}, {"type": "Feature", "geometry": {"type": "Point", "coordinates": [106.7635307, -6.3006796]}, "properties": {"kind": "tree", "name": ""}}, {"type": "Feature", "geometry": {"type": "Point", "coordinates": [106.763771, -6.3008005]}, "properties": {"kind": "tree", "name": ""}}, {"type": "Feature", "geometry": {"type": "Point", "coordinates": [106.7636955, -6.3008817]}, "properties": {"kind": "tree", "name": ""}}, {"type": "Feature", "geometry": {"type": "Point", "coordinates": [106.7636077, -6.3009506]}, "properties": {"kind": "tree", "name": ""}}, {"type": "Feature", "geometry": {"type": "Point", "coordinates": [106.7635353, -6.3010333]}, "properties": {"kind": "tree", "name": ""}}, {"type": "Feature", "geometry": {"type": "Point", "coordinates": [106.7639682, -6.3006168]}, "properties": {"kind": "tree", "name": ""}}, {"type": "Feature", "geometry": {"type": "Point", "coordinates": [106.7638942, -6.3006459]}, "properties": {"kind": "tree", "name": ""}}, {"type": "Feature", "geometry": {"type": "Point", "coordinates": [106.7638126, -6.3006826]}, "properties": {"kind": "tree", "name": ""}}, {"type": "Feature", "geometry": {"type": "Point", "coordinates": [106.7637417, -6.3007347]}, "properties": {"kind": "tree", "name": ""}}, {"type": "Feature", "geometry": {"type": "Point", "coordinates": [106.7636601, -6.3007975]}, "properties": {"kind": "tree", "name": ""}}, {"type": "Feature", "geometry": {"type": "Point", "coordinates": [106.7636077, -6.3008495]}, "properties": {"kind": "tree", "name": ""}}, {"type": "Feature", "geometry": {"type": "Point", "coordinates": [106.7635353, -6.3009261]}, "properties": {"kind": "tree", "name": ""}}, {"type": "Feature", "geometry": {"type": "Point", "coordinates": [106.7634598, -6.3009215]}, "properties": {"kind": "tree", "name": ""}}, {"type": "Feature", "geometry": {"type": "Point", "coordinates": [106.7635199, -6.3008342]}, "properties": {"kind": "tree", "name": ""}}, {"type": "Feature", "geometry": {"type": "Point", "coordinates": [106.7636123, -6.3007485]}, "properties": {"kind": "tree", "name": ""}}, {"type": "Feature", "geometry": {"type": "Point", "coordinates": [106.7637171, -6.3006734]}, "properties": {"kind": "tree", "name": ""}}, {"type": "Feature", "geometry": {"type": "Point", "coordinates": [106.7637802, -6.3005984]}, "properties": {"kind": "tree", "name": ""}}, {"type": "Feature", "geometry": {"type": "Point", "coordinates": [106.7638403, -6.3005984]}, "properties": {"kind": "tree", "name": ""}}, {"type": "Feature", "geometry": {"type": "Point", "coordinates": [106.7639204, -6.3005555]}, "properties": {"kind": "tree", "name": ""}}, {"type": "Feature", "geometry": {"type": "Point", "coordinates": [106.7635291, -6.3005907]}, "properties": {"kind": "tree", "name": ""}}, {"type": "Feature", "geometry": {"type": "Point", "coordinates": [106.7634706, -6.3007362]}, "properties": {"kind": "tree", "name": ""}}, {"type": "Feature", "geometry": {"type": "Point", "coordinates": [106.763409, -6.3008189]}, "properties": {"kind": "tree", "name": ""}}, {"type": "Feature", "geometry": {"type": "Point", "coordinates": [106.7631948, -6.3009046]}, "properties": {"kind": "tree", "name": ""}}, {"type": "Feature", "geometry": {"type": "Point", "coordinates": [106.7640283, -6.3004269]}, "properties": {"kind": "tree", "name": ""}}, {"type": "Feature", "geometry": {"type": "Point", "coordinates": [106.7640791, -6.3005708]}, "properties": {"kind": "tree", "name": ""}}, {"type": "Feature", "geometry": {"type": "Point", "coordinates": [106.7642116, -6.3005203]}, "properties": {"kind": "tree", "name": ""}}, {"type": "Feature", "geometry": {"type": "Point", "coordinates": [106.7641191, -6.3003871]}, "properties": {"kind": "tree", "name": ""}}, {"type": "Feature", "geometry": {"type": "Point", "coordinates": [106.7642147, -6.300358]}, "properties": {"kind": "tree", "name": ""}}, {"type": "Feature", "geometry": {"type": "Point", "coordinates": [106.7643194, -6.3003136]}, "properties": {"kind": "tree", "name": ""}}, {"type": "Feature", "geometry": {"type": "Point", "coordinates": [106.7644273, -6.3002768]}, "properties": {"kind": "tree", "name": ""}}, {"type": "Feature", "geometry": {"type": "Point", "coordinates": [106.764549, -6.300237]}, "properties": {"kind": "tree", "name": ""}}, {"type": "Feature", "geometry": {"type": "Point", "coordinates": [106.7646722, -6.3002049]}, "properties": {"kind": "tree", "name": ""}}, {"type": "Feature", "geometry": {"type": "Point", "coordinates": [106.7647723, -6.3001743]}, "properties": {"kind": "tree", "name": ""}}, {"type": "Feature", "geometry": {"type": "Point", "coordinates": [106.7648709, -6.3001207]}, "properties": {"kind": "tree", "name": ""}}, {"type": "Feature", "geometry": {"type": "Point", "coordinates": [106.7642809, -6.3005019]}, "properties": {"kind": "tree", "name": ""}}, {"type": "Feature", "geometry": {"type": "Point", "coordinates": [106.7640467, -6.3004973]}, "properties": {"kind": "tree", "name": ""}}, {"type": "Feature", "geometry": {"type": "Point", "coordinates": [106.7641962, -6.3004407]}, "properties": {"kind": "tree", "name": ""}}, {"type": "Feature", "geometry": {"type": "Point", "coordinates": [106.764341, -6.3003963]}, "properties": {"kind": "tree", "name": ""}}, {"type": "Feature", "geometry": {"type": "Point", "coordinates": [106.7644565, -6.300358]}, "properties": {"kind": "tree", "name": ""}}, {"type": "Feature", "geometry": {"type": "Point", "coordinates": [106.7646106, -6.3003013]}, "properties": {"kind": "tree", "name": ""}}, {"type": "Feature", "geometry": {"type": "Point", "coordinates": [106.7647708, -6.3002493]}, "properties": {"kind": "tree", "name": ""}}, {"type": "Feature", "geometry": {"type": "Point", "coordinates": [106.7649048, -6.3001942]}, "properties": {"kind": "tree", "name": ""}}, {"type": "Feature", "geometry": {"type": "Point", "coordinates": [106.7650958, -6.3001253]}, "properties": {"kind": "tree", "name": ""}}, {"type": "Feature", "geometry": {"type": "Point", "coordinates": [106.7644288, -6.3005096]}, "properties": {"kind": "tree", "name": ""}}, {"type": "Feature", "geometry": {"type": "Point", "coordinates": [106.7648494, -6.3003672]}, "properties": {"kind": "tree", "name": ""}}, {"type": "Feature", "geometry": {"type": "Point", "coordinates": [106.7648262, -6.3003044]}, "properties": {"kind": "tree", "name": ""}}, {"type": "Feature", "geometry": {"type": "Point", "coordinates": [106.7644627, -6.3004269]}, "properties": {"kind": "tree", "name": ""}}, {"type": "Feature", "geometry": {"type": "Point", "coordinates": [106.7650019, -6.3002447]}, "properties": {"kind": "tree", "name": ""}}, {"type": "Feature", "geometry": {"type": "Point", "coordinates": [106.7652006, -6.300234]}, "properties": {"kind": "tree", "name": ""}}, {"type": "Feature", "geometry": {"type": "Point", "coordinates": [106.7653885, -6.3000839]}, "properties": {"kind": "tree", "name": ""}}, {"type": "Feature", "geometry": {"type": "Point", "coordinates": [106.7654702, -6.2999538]}, "properties": {"kind": "tree", "name": ""}}, {"type": "Feature", "geometry": {"type": "Point", "coordinates": [106.7638742, -6.3003182]}, "properties": {"kind": "tree", "name": ""}}, {"type": "Feature", "geometry": {"type": "Point", "coordinates": [106.7640375, -6.3002968]}, "properties": {"kind": "tree", "name": ""}}, {"type": "Feature", "geometry": {"type": "Point", "coordinates": [106.7639759, -6.3003779]}, "properties": {"kind": "tree", "name": ""}}, {"type": "Feature", "geometry": {"type": "Point", "coordinates": [106.763298, -6.3008449]}, "properties": {"kind": "tree", "name": ""}}, {"type": "Feature", "geometry": {"type": "Point", "coordinates": [106.7774209, -6.2831403]}, "properties": {"kind": "green_area", "name": ""}}, {"type": "Feature", "geometry": {"type": "Point", "coordinates": [106.7773074, -6.2816379]}, "properties": {"kind": "green_area", "name": ""}}, {"type": "Feature", "geometry": {"type": "Point", "coordinates": [106.7807284, -6.2737617]}, "properties": {"kind": "green_area", "name": ""}}, {"type": "Feature", "geometry": {"type": "Point", "coordinates": [106.7810178, -6.2721914]}, "properties": {"kind": "green_area", "name": ""}}, {"type": "Feature", "geometry": {"type": "Point", "coordinates": [106.6596843, -6.2379501]}, "properties": {"kind": "tree", "name": ""}}, {"type": "Feature", "geometry": {"type": "Point", "coordinates": [106.6616705, -6.2202751]}, "properties": {"kind": "green_area", "name": ""}}, {"type": "Feature", "geometry": {"type": "Point", "coordinates": [106.6639777, -6.2201201]}, "properties": {"kind": "green_area", "name": ""}}, {"type": "Feature", "geometry": {"type": "Point", "coordinates": [106.6643868, -6.2200656]}, "properties": {"kind": "green_area", "name": ""}}, {"type": "Feature", "geometry": {"type": "Point", "coordinates": [106.6642167, -6.2197499]}, "properties": {"kind": "green_area", "name": ""}}, {"type": "Feature", "geometry": {"type": "Point", "coordinates": [106.6641569, -6.2193158]}, "properties": {"kind": "green_area", "name": ""}}, {"type": "Feature", "geometry": {"type": "Point", "coordinates": [106.6643556, -6.2197317]}, "properties": {"kind": "green_area", "name": ""}}, {"type": "Feature", "geometry": {"type": "Point", "coordinates": [106.6642959, -6.2192976]}, "properties": {"kind": "green_area", "name": ""}}, {"type": "Feature", "geometry": {"type": "Point", "coordinates": [106.6644942, -6.2197113]}, "properties": {"kind": "green_area", "name": ""}}, {"type": "Feature", "geometry": {"type": "Point", "coordinates": [106.6644389, -6.2193141]}, "properties": {"kind": "green_area", "name": ""}}, {"type": "Feature", "geometry": {"type": "Point", "coordinates": [106.6533356, -6.2268407]}, "properties": {"kind": "green_area", "name": "Taman Kepik"}}, {"type": "Feature", "geometry": {"type": "Point", "coordinates": [106.6529972, -6.2283602]}, "properties": {"kind": "green_area", "name": ""}}, {"type": "Feature", "geometry": {"type": "Point", "coordinates": [106.6536018, -6.2280625]}, "properties": {"kind": "green_area", "name": ""}}, {"type": "Feature", "geometry": {"type": "Point", "coordinates": [106.6571322, -6.2398312]}, "properties": {"kind": "tree", "name": ""}}, {"type": "Feature", "geometry": {"type": "Point", "coordinates": [106.6571267, -6.2397999]}, "properties": {"kind": "green_area", "name": ""}}, {"type": "Feature", "geometry": {"type": "Point", "coordinates": [106.7135126, -6.151567]}, "properties": {"kind": "tree", "name": ""}}, {"type": "Feature", "geometry": {"type": "Point", "coordinates": [106.7134985, -6.1511368]}, "properties": {"kind": "tree", "name": ""}}, {"type": "Feature", "geometry": {"type": "Point", "coordinates": [106.7139205, -6.1510752]}, "properties": {"kind": "tree", "name": ""}}, {"type": "Feature", "geometry": {"type": "Point", "coordinates": [106.7139198, -6.1510016]}, "properties": {"kind": "shelter", "name": ""}}, {"type": "Feature", "geometry": {"type": "Point", "coordinates": [106.7137235, -6.1512667]}, "properties": {"kind": "shelter", "name": ""}}, {"type": "Feature", "geometry": {"type": "Point", "coordinates": [106.6944242, -6.1443322]}, "properties": {"kind": "green_area", "name": ""}}, {"type": "Feature", "geometry": {"type": "Point", "coordinates": [106.6990833, -6.1399027]}, "properties": {"kind": "green_area", "name": ""}}, {"type": "Feature", "geometry": {"type": "Point", "coordinates": [106.6938175, -6.143409]}, "properties": {"kind": "green_area", "name": "RPTRA Kalideres"}}, {"type": "Feature", "geometry": {"type": "Point", "coordinates": [106.6929317, -6.1441897]}, "properties": {"kind": "green_area", "name": ""}}, {"type": "Feature", "geometry": {"type": "Point", "coordinates": [106.6591345, -6.1361836]}, "properties": {"kind": "green_area", "name": ""}}, {"type": "Feature", "geometry": {"type": "Point", "coordinates": [106.68471, -6.1296866]}, "properties": {"kind": "green_area", "name": ""}}, {"type": "Feature", "geometry": {"type": "Point", "coordinates": [106.6868311, -6.1298925]}, "properties": {"kind": "green_area", "name": ""}}, {"type": "Feature", "geometry": {"type": "Point", "coordinates": [106.6887644, -6.1274066]}, "properties": {"kind": "green_area", "name": ""}}, {"type": "Feature", "geometry": {"type": "Point", "coordinates": [106.6833303, -6.1320442]}, "properties": {"kind": "green_area", "name": ""}}, {"type": "Feature", "geometry": {"type": "Point", "coordinates": [106.6890625, -6.1131494]}, "properties": {"kind": "green_area", "name": ""}}, {"type": "Feature", "geometry": {"type": "Point", "coordinates": [106.6819664, -6.1155806]}, "properties": {"kind": "green_area", "name": ""}}, {"type": "Feature", "geometry": {"type": "Point", "coordinates": [106.6807367, -6.1160692]}, "properties": {"kind": "green_area", "name": ""}}, {"type": "Feature", "geometry": {"type": "Point", "coordinates": [106.6797183, -6.1164804]}, "properties": {"kind": "green_area", "name": ""}}, {"type": "Feature", "geometry": {"type": "Point", "coordinates": [106.6752766, -6.1171051]}, "properties": {"kind": "tree", "name": ""}}, {"type": "Feature", "geometry": {"type": "Point", "coordinates": [106.6753115, -6.1171833]}, "properties": {"kind": "tree", "name": ""}}, {"type": "Feature", "geometry": {"type": "Point", "coordinates": [106.6753348, -6.1172607]}, "properties": {"kind": "tree", "name": ""}}, {"type": "Feature", "geometry": {"type": "Point", "coordinates": [106.6753741, -6.1173318]}, "properties": {"kind": "tree", "name": ""}}, {"type": "Feature", "geometry": {"type": "Point", "coordinates": [106.6754072, -6.1174198]}, "properties": {"kind": "tree", "name": ""}}, {"type": "Feature", "geometry": {"type": "Point", "coordinates": [106.6754483, -6.1175229]}, "properties": {"kind": "tree", "name": ""}}, {"type": "Feature", "geometry": {"type": "Point", "coordinates": [106.675206, -6.1171415]}, "properties": {"kind": "tree", "name": ""}}, {"type": "Feature", "geometry": {"type": "Point", "coordinates": [106.6752409, -6.1172198]}, "properties": {"kind": "tree", "name": ""}}, {"type": "Feature", "geometry": {"type": "Point", "coordinates": [106.6752641, -6.1172971]}, "properties": {"kind": "tree", "name": ""}}, {"type": "Feature", "geometry": {"type": "Point", "coordinates": [106.6753035, -6.1173682]}, "properties": {"kind": "tree", "name": ""}}, {"type": "Feature", "geometry": {"type": "Point", "coordinates": [106.6753366, -6.1174562]}, "properties": {"kind": "tree", "name": ""}}, {"type": "Feature", "geometry": {"type": "Point", "coordinates": [106.6753777, -6.1175594]}, "properties": {"kind": "tree", "name": ""}}, {"type": "Feature", "geometry": {"type": "Point", "coordinates": [106.6751622, -6.1172642]}, "properties": {"kind": "tree", "name": ""}}, {"type": "Feature", "geometry": {"type": "Point", "coordinates": [106.6752248, -6.1174127]}, "properties": {"kind": "tree", "name": ""}}, {"type": "Feature", "geometry": {"type": "Point", "coordinates": [106.6752579, -6.1175007]}, "properties": {"kind": "tree", "name": ""}}, {"type": "Feature", "geometry": {"type": "Point", "coordinates": [106.675299, -6.1176038]}, "properties": {"kind": "tree", "name": ""}}, {"type": "Feature", "geometry": {"type": "Point", "coordinates": [106.6750487, -6.1172287]}, "properties": {"kind": "tree", "name": ""}}, {"type": "Feature", "geometry": {"type": "Point", "coordinates": [106.6750835, -6.1173069]}, "properties": {"kind": "tree", "name": ""}}, {"type": "Feature", "geometry": {"type": "Point", "coordinates": [106.6751068, -6.1173842]}, "properties": {"kind": "tree", "name": ""}}, {"type": "Feature", "geometry": {"type": "Point", "coordinates": [106.6751461, -6.1174553]}, "properties": {"kind": "tree", "name": ""}}, {"type": "Feature", "geometry": {"type": "Point", "coordinates": [106.6751792, -6.1175433]}, "properties": {"kind": "tree", "name": ""}}, {"type": "Feature", "geometry": {"type": "Point", "coordinates": [106.6752203, -6.1176465]}, "properties": {"kind": "tree", "name": ""}}, {"type": "Feature", "geometry": {"type": "Point", "coordinates": [106.6749405, -6.1172393]}, "properties": {"kind": "tree", "name": ""}}, {"type": "Feature", "geometry": {"type": "Point", "coordinates": [106.6749753, -6.1173175]}, "properties": {"kind": "tree", "name": ""}}, {"type": "Feature", "geometry": {"type": "Point", "coordinates": [106.6749986, -6.1173949]}, "properties": {"kind": "tree", "name": ""}}, {"type": "Feature", "geometry": {"type": "Point", "coordinates": [106.6750379, -6.117466]}, "properties": {"kind": "tree", "name": ""}}, {"type": "Feature", "geometry": {"type": "Point", "coordinates": [106.675071, -6.117554]}, "properties": {"kind": "tree", "name": ""}}, {"type": "Feature", "geometry": {"type": "Point", "coordinates": [106.6751121, -6.1176571]}, "properties": {"kind": "tree", "name": ""}}, {"type": "Feature", "geometry": {"type": "Point", "coordinates": [106.6748439, -6.1172509]}, "properties": {"kind": "tree", "name": ""}}, {"type": "Feature", "geometry": {"type": "Point", "coordinates": [106.6748859, -6.1173113]}, "properties": {"kind": "tree", "name": ""}}, {"type": "Feature", "geometry": {"type": "Point", "coordinates": [106.6749458, -6.1175647]}, "properties": {"kind": "tree", "name": ""}}, {"type": "Feature", "geometry": {"type": "Point", "coordinates": [106.6747035, -6.1171513]}, "properties": {"kind": "tree", "name": ""}}, {"type": "Feature", "geometry": {"type": "Point", "coordinates": [106.6751881, -6.1169228]}, "properties": {"kind": "tree", "name": ""}}, {"type": "Feature", "geometry": {"type": "Point", "coordinates": [106.6748788, -6.1177985]}, "properties": {"kind": "tree", "name": ""}}, {"type": "Feature", "geometry": {"type": "Point", "coordinates": [106.6748332, -6.1176847]}, "properties": {"kind": "tree", "name": ""}}, {"type": "Feature", "geometry": {"type": "Point", "coordinates": [106.674801, -6.1175896]}, "properties": {"kind": "tree", "name": ""}}, {"type": "Feature", "geometry": {"type": "Point", "coordinates": [106.6747706, -6.1175282]}, "properties": {"kind": "tree", "name": ""}}, {"type": "Feature", "geometry": {"type": "Point", "coordinates": [106.6747429, -6.1174625]}, "properties": {"kind": "tree", "name": ""}}, {"type": "Feature", "geometry": {"type": "Point", "coordinates": [106.6747232, -6.1173771]}, "properties": {"kind": "tree", "name": ""}}, {"type": "Feature", "geometry": {"type": "Point", "coordinates": [106.674674, -6.1173042]}, "properties": {"kind": "tree", "name": ""}}, {"type": "Feature", "geometry": {"type": "Point", "coordinates": [106.674704, -6.1178607]}, "properties": {"kind": "tree", "name": ""}}, {"type": "Feature", "geometry": {"type": "Point", "coordinates": [106.6747594, -6.1177718]}, "properties": {"kind": "tree", "name": ""}}, {"type": "Feature", "geometry": {"type": "Point", "coordinates": [106.674729, -6.1176651]}, "properties": {"kind": "tree", "name": ""}}, {"type": "Feature", "geometry": {"type": "Point", "coordinates": [106.6747076, -6.117602]}, "properties": {"kind": "tree", "name": ""}}, {"type": "Feature", "geometry": {"type": "Point", "coordinates": [106.6746736, -6.1175176]}, "properties": {"kind": "tree", "name": ""}}, {"type": "Feature", "geometry": {"type": "Point", "coordinates": [106.674645, -6.1174438]}, "properties": {"kind": "tree", "name": ""}}, {"type": "Feature", "geometry": {"type": "Point", "coordinates": [106.6745958, -6.1173709]}, "properties": {"kind": "tree", "name": ""}}, {"type": "Feature", "geometry": {"type": "Point", "coordinates": [106.6746602, -6.117754]}, "properties": {"kind": "tree", "name": ""}}, {"type": "Feature", "geometry": {"type": "Point", "coordinates": [106.674628, -6.1176589]}, "properties": {"kind": "tree", "name": ""}}, {"type": "Feature", "geometry": {"type": "Point", "coordinates": [106.6745976, -6.1175976]}, "properties": {"kind": "tree", "name": ""}}, {"type": "Feature", "geometry": {"type": "Point", "coordinates": [106.6745699, -6.1175318]}, "properties": {"kind": "tree", "name": ""}}, {"type": "Feature", "geometry": {"type": "Point", "coordinates": [106.6745502, -6.1174465]}, "properties": {"kind": "tree", "name": ""}}, {"type": "Feature", "geometry": {"type": "Point", "coordinates": [106.674501, -6.1173736]}, "properties": {"kind": "tree", "name": ""}}, {"type": "Feature", "geometry": {"type": "Point", "coordinates": [106.6746441, -6.1179416]}, "properties": {"kind": "tree", "name": ""}}, {"type": "Feature", "geometry": {"type": "Point", "coordinates": [106.6746056, -6.1178429]}, "properties": {"kind": "tree", "name": ""}}, {"type": "Feature", "geometry": {"type": "Point", "coordinates": [106.6745681, -6.1177558]}, "properties": {"kind": "tree", "name": ""}}, {"type": "Feature", "geometry": {"type": "Point", "coordinates": [106.6745359, -6.1176714]}, "properties": {"kind": "tree", "name": ""}}, {"type": "Feature", "geometry": {"type": "Point", "coordinates": [106.6745082, -6.1176056]}, "properties": {"kind": "tree", "name": ""}}, {"type": "Feature", "geometry": {"type": "Point", "coordinates": [106.6744885, -6.1175202]}, "properties": {"kind": "tree", "name": ""}}, {"type": "Feature", "geometry": {"type": "Point", "coordinates": [106.6744394, -6.1174473]}, "properties": {"kind": "tree", "name": ""}}, {"type": "Feature", "geometry": {"type": "Point", "coordinates": [106.6745297, -6.1179283]}, "properties": {"kind": "tree", "name": ""}}, {"type": "Feature", "geometry": {"type": "Point", "coordinates": [106.6744984, -6.117834]}, "properties": {"kind": "tree", "name": ""}}, {"type": "Feature", "geometry": {"type": "Point", "coordinates": [106.6744706, -6.1177505]}, "properties": {"kind": "tree", "name": ""}}, {"type": "Feature", "geometry": {"type": "Point", "coordinates": [106.674434, -6.117682]}, "properties": {"kind": "tree", "name": ""}}, {"type": "Feature", "geometry": {"type": "Point", "coordinates": [106.6743938, -6.1175922]}, "properties": {"kind": "tree", "name": ""}}, {"type": "Feature", "geometry": {"type": "Point", "coordinates": [106.6743741, -6.1175069]}, "properties": {"kind": "tree", "name": ""}}, {"type": "Feature", "geometry": {"type": "Point", "coordinates": [106.6743249, -6.117434]}, "properties": {"kind": "tree", "name": ""}}, {"type": "Feature", "geometry": {"type": "Point", "coordinates": [106.6742641, -6.1174998]}, "properties": {"kind": "tree", "name": ""}}, {"type": "Feature", "geometry": {"type": "Point", "coordinates": [106.6743133, -6.1175727]}, "properties": {"kind": "tree", "name": ""}}, {"type": "Feature", "geometry": {"type": "Point", "coordinates": [106.674333, -6.117658]}, "properties": {"kind": "tree", "name": ""}}, {"type": "Feature", "geometry": {"type": "Point", "coordinates": [106.6743732, -6.1177478]}, "properties": {"kind": "tree", "name": ""}}, {"type": "Feature", "geometry": {"type": "Point", "coordinates": [106.6744098, -6.1178163]}, "properties": {"kind": "tree", "name": ""}}, {"type": "Feature", "geometry": {"type": "Point", "coordinates": [106.6744376, -6.1178998]}, "properties": {"kind": "tree", "name": ""}}, {"type": "Feature", "geometry": {"type": "Point", "coordinates": [106.6741729, -6.1175007]}, "properties": {"kind": "tree", "name": ""}}, {"type": "Feature", "geometry": {"type": "Point", "coordinates": [106.6742221, -6.1175736]}, "properties": {"kind": "tree", "name": ""}}, {"type": "Feature", "geometry": {"type": "Point", "coordinates": [106.6742418, -6.1176589]}, "properties": {"kind": "tree", "name": ""}}, {"type": "Feature", "geometry": {"type": "Point", "coordinates": [106.674282, -6.1177487]}, "properties": {"kind": "tree", "name": ""}}, {"type": "Feature", "geometry": {"type": "Point", "coordinates": [106.6743187, -6.1178172]}, "properties": {"kind": "tree", "name": ""}}, {"type": "Feature", "geometry": {"type": "Point", "coordinates": [106.6743464, -6.1179007]}, "properties": {"kind": "tree", "name": ""}}, {"type": "Feature", "geometry": {"type": "Point", "coordinates": [106.6743777, -6.117995]}, "properties": {"kind": "tree", "name": ""}}, {"type": "Feature", "geometry": {"type": "Point", "coordinates": [106.6741032, -6.11757]}, "properties": {"kind": "tree", "name": ""}}, {"type": "Feature", "geometry": {"type": "Point", "coordinates": [106.6741524, -6.1176429]}, "properties": {"kind": "tree", "name": ""}}, {"type": "Feature", "geometry": {"type": "Point", "coordinates": [106.674172, -6.1177283]}, "properties": {"kind": "tree", "name": ""}}, {"type": "Feature", "geometry": {"type": "Point", "coordinates": [106.6742006, -6.1177905]}, "properties": {"kind": "tree", "name": ""}}, {"type": "Feature", "geometry": {"type": "Point", "coordinates": [106.6742319, -6.1178812]}, "properties": {"kind": "tree", "name": ""}}, {"type": "Feature", "geometry": {"type": "Point", "coordinates": [106.6742766, -6.1179701]}, "properties": {"kind": "tree", "name": ""}}, {"type": "Feature", "geometry": {"type": "Point", "coordinates": [106.6740352, -6.1176491]}, "properties": {"kind": "tree", "name": ""}}, {"type": "Feature", "geometry": {"type": "Point", "coordinates": [106.6740844, -6.117722]}, "properties": {"kind": "tree", "name": ""}}, {"type": "Feature", "geometry": {"type": "Point", "coordinates": [106.6741041, -6.1178074]}, "properties": {"kind": "tree", "name": ""}}, {"type": "Feature", "geometry": {"type": "Point", "coordinates": [106.6741443, -6.1178972]}, "properties": {"kind": "tree", "name": ""}}, {"type": "Feature", "geometry": {"type": "Point", "coordinates": [106.6741801, -6.1179789]}, "properties": {"kind": "tree", "name": ""}}, {"type": "Feature", "geometry": {"type": "Point", "coordinates": [106.6741962, -6.1180803]}, "properties": {"kind": "tree", "name": ""}}, {"type": "Feature", "geometry": {"type": "Point", "coordinates": [106.6740267, -6.1178714]}, "properties": {"kind": "tree", "name": ""}}, {"type": "Feature", "geometry": {"type": "Point", "coordinates": [106.6740679, -6.1179647]}, "properties": {"kind": "tree", "name": ""}}, {"type": "Feature", "geometry": {"type": "Point", "coordinates": [106.6740956, -6.1180447]}, "properties": {"kind": "tree", "name": ""}}, {"type": "Feature", "geometry": {"type": "Point", "coordinates": [106.6739561, -6.1179754]}, "properties": {"kind": "tree", "name": ""}}, {"type": "Feature", "geometry": {"type": "Point", "coordinates": [106.6740071, -6.118027]}, "properties": {"kind": "tree", "name": ""}}, {"type": "Feature", "geometry": {"type": "Point", "coordinates": [106.67405, -6.1180981]}, "properties": {"kind": "tree", "name": ""}}, {"type": "Feature", "geometry": {"type": "Point", "coordinates": [106.6740008, -6.1181639]}, "properties": {"kind": "tree", "name": ""}}, {"type": "Feature", "geometry": {"type": "Point", "coordinates": [106.6739463, -6.118067]}, "properties": {"kind": "tree", "name": ""}}, {"type": "Feature", "geometry": {"type": "Point", "coordinates": [106.6738908, -6.1180065]}, "properties": {"kind": "tree", "name": ""}}, {"type": "Feature", "geometry": {"type": "Point", "coordinates": [106.6738488, -6.118179]}, "properties": {"kind": "tree", "name": ""}}, {"type": "Feature", "geometry": {"type": "Point", "coordinates": [106.6738247, -6.1180714]}, "properties": {"kind": "tree", "name": ""}}, {"type": "Feature", "geometry": {"type": "Point", "coordinates": [106.673746, -6.1181603]}, "properties": {"kind": "tree", "name": ""}}, {"type": "Feature", "geometry": {"type": "Point", "coordinates": [106.673662, -6.1181585]}, "properties": {"kind": "tree", "name": ""}}, {"type": "Feature", "geometry": {"type": "Point", "coordinates": [106.6737013, -6.1182794]}, "properties": {"kind": "tree", "name": ""}}, {"type": "Feature", "geometry": {"type": "Point", "coordinates": [106.6735377, -6.1183194]}, "properties": {"kind": "tree", "name": ""}}, {"type": "Feature", "geometry": {"type": "Point", "coordinates": [106.6733455, -6.1184243]}, "properties": {"kind": "tree", "name": ""}}, {"type": "Feature", "geometry": {"type": "Point", "coordinates": [106.673358, -6.118355]}, "properties": {"kind": "tree", "name": ""}}, {"type": "Feature", "geometry": {"type": "Point", "coordinates": [106.6734241, -6.1182954]}, "properties": {"kind": "tree", "name": ""}}, {"type": "Feature", "geometry": {"type": "Point", "coordinates": [106.6734438, -6.1181763]}, "properties": {"kind": "tree", "name": ""}}, {"type": "Feature", "geometry": {"type": "Point", "coordinates": [106.6733848, -6.1182323]}, "properties": {"kind": "tree", "name": ""}}, {"type": "Feature", "geometry": {"type": "Point", "coordinates": [106.6733294, -6.1182856]}, "properties": {"kind": "tree", "name": ""}}, {"type": "Feature", "geometry": {"type": "Point", "coordinates": [106.6732498, -6.1183772]}, "properties": {"kind": "tree", "name": ""}}, {"type": "Feature", "geometry": {"type": "Point", "coordinates": [106.6731792, -6.1184519]}, "properties": {"kind": "tree", "name": ""}}, {"type": "Feature", "geometry": {"type": "Point", "coordinates": [106.673088, -6.1184821]}, "properties": {"kind": "tree", "name": ""}}, {"type": "Feature", "geometry": {"type": "Point", "coordinates": [106.6730227, -6.118531]}, "properties": {"kind": "tree", "name": ""}}, {"type": "Feature", "geometry": {"type": "Point", "coordinates": [106.6729816, -6.1185648]}, "properties": {"kind": "tree", "name": ""}}, {"type": "Feature", "geometry": {"type": "Point", "coordinates": [106.6728957, -6.1185977]}, "properties": {"kind": "tree", "name": ""}}, {"type": "Feature", "geometry": {"type": "Point", "coordinates": [106.6728367, -6.1185497]}, "properties": {"kind": "tree", "name": ""}}, {"type": "Feature", "geometry": {"type": "Point", "coordinates": [106.6727974, -6.1186172]}, "properties": {"kind": "tree", "name": ""}}, {"type": "Feature", "geometry": {"type": "Point", "coordinates": [106.6727134, -6.1185897]}, "properties": {"kind": "tree", "name": ""}}, {"type": "Feature", "geometry": {"type": "Point", "coordinates": [106.6729047, -6.1185141]}, "properties": {"kind": "tree", "name": ""}}, {"type": "Feature", "geometry": {"type": "Point", "coordinates": [106.6730835, -6.118403]}, "properties": {"kind": "tree", "name": ""}}, {"type": "Feature", "geometry": {"type": "Point", "coordinates": [106.6730307, -6.1183799]}, "properties": {"kind": "tree", "name": ""}}, {"type": "Feature", "geometry": {"type": "Point", "coordinates": [106.6729521, -6.1183621]}, "properties": {"kind": "tree", "name": ""}}, {"type": "Feature", "geometry": {"type": "Point", "coordinates": [106.6731523, -6.1183514]}, "properties": {"kind": "tree", "name": ""}}, {"type": "Feature", "geometry": {"type": "Point", "coordinates": [106.6735931, -6.1182376]}, "properties": {"kind": "tree", "name": ""}}, {"type": "Feature", "geometry": {"type": "Point", "coordinates": [106.6735028, -6.1182332]}, "properties": {"kind": "tree", "name": ""}}, {"type": "Feature", "geometry": {"type": "Point", "coordinates": [106.673543, -6.1181692]}, "properties": {"kind": "tree", "name": ""}}, {"type": "Feature", "geometry": {"type": "Point", "coordinates": [106.6744798, -6.1172798]}, "properties": {"kind": "tree", "name": ""}}, {"type": "Feature", "geometry": {"type": "Point", "coordinates": [106.6745539, -6.1172437]}, "properties": {"kind": "tree", "name": ""}}, {"type": "Feature", "geometry": {"type": "Point", "coordinates": [106.6725153, -6.1182921]}, "properties": {"kind": "tree", "name": ""}}, {"type": "Feature", "geometry": {"type": "Point", "coordinates": [106.6725564, -6.1184308]}, "properties": {"kind": "tree", "name": ""}}, {"type": "Feature", "geometry": {"type": "Point", "coordinates": [106.6725037, -6.1185135]}, "properties": {"kind": "tree", "name": ""}}, {"type": "Feature", "geometry": {"type": "Point", "coordinates": [106.6730659, -6.121192]}, "properties": {"kind": "tree", "name": ""}}, {"type": "Feature", "geometry": {"type": "Point", "coordinates": [106.6728996, -6.1212387]}, "properties": {"kind": "tree", "name": ""}}, {"type": "Feature", "geometry": {"type": "Point", "coordinates": [106.6724277, -6.1215201]}, "properties": {"kind": "tree", "name": ""}}, {"type": "Feature", "geometry": {"type": "Point", "coordinates": [106.6725545, -6.1214042]}, "properties": {"kind": "tree", "name": ""}}, {"type": "Feature", "geometry": {"type": "Point", "coordinates": [106.6722666, -6.121164]}, "properties": {"kind": "tree", "name": ""}}, {"type": "Feature", "geometry": {"type": "Point", "coordinates": [106.6765165, -6.1198225]}, "properties": {"kind": "tree", "name": ""}}, {"type": "Feature", "geometry": {"type": "Point", "coordinates": [106.676302, -6.1199092]}, "properties": {"kind": "tree", "name": ""}}, {"type": "Feature", "geometry": {"type": "Point", "coordinates": [106.676619, -6.1201763]}, "properties": {"kind": "tree", "name": ""}}, {"type": "Feature", "geometry": {"type": "Point", "coordinates": [106.6752599, -6.1202946]}, "properties": {"kind": "tree", "name": ""}}, {"type": "Feature", "geometry": {"type": "Point", "coordinates": [106.6742282, -6.120879]}, "properties": {"kind": "tree", "name": ""}}, {"type": "Feature", "geometry": {"type": "Point", "coordinates": [106.6751786, -6.1179432]}, "properties": {"kind": "tree", "name": ""}}, {"type": "Feature", "geometry": {"type": "Point", "coordinates": [106.6752901, -6.1178996]}, "properties": {"kind": "tree", "name": ""}}, {"type": "Feature", "geometry": {"type": "Point", "coordinates": [106.675628, -6.1177601]}, "properties": {"kind": "tree", "name": ""}}, {"type": "Feature", "geometry": {"type": "Point", "coordinates": [106.6754776, -6.1178391]}, "properties": {"kind": "tree", "name": ""}}, {"type": "Feature", "geometry": {"type": "Point", "coordinates": [106.6758375, -6.1183078]}, "properties": {"kind": "tree", "name": ""}}, {"type": "Feature", "geometry": {"type": "Point", "coordinates": [106.6756787, -6.1183532]}, "properties": {"kind": "tree", "name": ""}}, {"type": "Feature", "geometry": {"type": "Point", "coordinates": [106.6755266, -6.1184137]}, "properties": {"kind": "tree", "name": ""}}, {"type": "Feature", "geometry": {"type": "Point", "coordinates": [106.6753441, -6.118501]}, "properties": {"kind": "tree", "name": ""}}, {"type": "Feature", "geometry": {"type": "Point", "coordinates": [106.6759913, -6.1190084]}, "properties": {"kind": "tree", "name": ""}}, {"type": "Feature", "geometry": {"type": "Point", "coordinates": [106.6758798, -6.1192016]}, "properties": {"kind": "tree", "name": ""}}, {"type": "Feature", "geometry": {"type": "Point", "coordinates": [106.6759879, -6.119163]}, "properties": {"kind": "tree", "name": ""}}, {"type": "Feature", "geometry": {"type": "Point", "coordinates": [106.6761983, -6.1193696]}, "properties": {"kind": "tree", "name": ""}}, {"type": "Feature", "geometry": {"type": "Point", "coordinates": [106.6762802, -6.119331]}, "properties": {"kind": "tree", "name": ""}}, {"type": "Feature", "geometry": {"type": "Point", "coordinates": [106.6762008, -6.1192066]}, "properties": {"kind": "tree", "name": ""}}, {"type": "Feature", "geometry": {"type": "Point", "coordinates": [106.676069, -6.1192579]}, "properties": {"kind": "tree", "name": ""}}, {"type": "Feature", "geometry": {"type": "Point", "coordinates": [106.675993, -6.1192932]}, "properties": {"kind": "tree", "name": ""}}, {"type": "Feature", "geometry": {"type": "Point", "coordinates": [106.6760783, -6.1194209]}, "properties": {"kind": "tree", "name": ""}}, {"type": "Feature", "geometry": {"type": "Point", "coordinates": [106.6760378, -6.1194477]}, "properties": {"kind": "tree", "name": ""}}, {"type": "Feature", "geometry": {"type": "Point", "coordinates": [106.6758142, -6.1233086]}, "properties": {"kind": "green_area", "name": ""}}, {"type": "Feature", "geometry": {"type": "Point", "coordinates": [106.672994, -6.1238299]}, "properties": {"kind": "green_area", "name": ""}}, {"type": "Feature", "geometry": {"type": "Point", "coordinates": [106.6735932, -6.1239471]}, "properties": {"kind": "green_area", "name": ""}}, {"type": "Feature", "geometry": {"type": "Point", "coordinates": [106.6739489, -6.1244272]}, "properties": {"kind": "green_area", "name": ""}}, {"type": "Feature", "geometry": {"type": "Point", "coordinates": [106.6757867, -6.1211189]}, "properties": {"kind": "green_area", "name": ""}}, {"type": "Feature", "geometry": {"type": "Point", "coordinates": [106.6768163, -6.1230708]}, "properties": {"kind": "green_area", "name": ""}}, {"type": "Feature", "geometry": {"type": "Point", "coordinates": [106.6774055, -6.122905]}, "properties": {"kind": "green_area", "name": ""}}, {"type": "Feature", "geometry": {"type": "Point", "coordinates": [106.6725125, -6.1235759]}, "properties": {"kind": "green_area", "name": ""}}, {"type": "Feature", "geometry": {"type": "Point", "coordinates": [106.6781095, -6.1194014]}, "properties": {"kind": "green_area", "name": ""}}, {"type": "Feature", "geometry": {"type": "Point", "coordinates": [106.6737313, -6.1167468]}, "properties": {"kind": "green_area", "name": ""}}, {"type": "Feature", "geometry": {"type": "Point", "coordinates": [106.6763609, -6.1164531]}, "properties": {"kind": "green_area", "name": ""}}, {"type": "Feature", "geometry": {"type": "Point", "coordinates": [106.6733353, -6.1179073]}, "properties": {"kind": "green_area", "name": ""}}, {"type": "Feature", "geometry": {"type": "Point", "coordinates": [106.6730913, -6.1177766]}, "properties": {"kind": "green_area", "name": ""}}, {"type": "Feature", "geometry": {"type": "Point", "coordinates": [106.6723239, -6.1185038]}, "properties": {"kind": "green_area", "name": ""}}, {"type": "Feature", "geometry": {"type": "Point", "coordinates": [106.6752944, -6.1173809]}, "properties": {"kind": "green_area", "name": ""}}, {"type": "Feature", "geometry": {"type": "Point", "coordinates": [106.6744154, -6.1200596]}, "properties": {"kind": "green_area", "name": ""}}, {"type": "Feature", "geometry": {"type": "Point", "coordinates": [106.6753461, -6.1197248]}, "properties": {"kind": "green_area", "name": ""}}, {"type": "Feature", "geometry": {"type": "Point", "coordinates": [106.6713343, -6.1186382]}, "properties": {"kind": "green_area", "name": ""}}, {"type": "Feature", "geometry": {"type": "Point", "coordinates": [106.6780079, -6.1222185]}, "properties": {"kind": "green_area", "name": ""}}, {"type": "Feature", "geometry": {"type": "Point", "coordinates": [106.6722469, -6.1220846]}, "properties": {"kind": "tree", "name": ""}}, {"type": "Feature", "geometry": {"type": "Point", "coordinates": [106.672443, -6.1218141]}, "properties": {"kind": "tree", "name": ""}}, {"type": "Feature", "geometry": {"type": "Point", "coordinates": [106.6717299, -6.1224525]}, "properties": {"kind": "tree", "name": ""}}, {"type": "Feature", "geometry": {"type": "Point", "coordinates": [106.671833, -6.1223719]}, "properties": {"kind": "tree", "name": ""}}, {"type": "Feature", "geometry": {"type": "Point", "coordinates": [106.6718837, -6.1222375]}, "properties": {"kind": "tree", "name": ""}}, {"type": "Feature", "geometry": {"type": "Point", "coordinates": [106.6720087, -6.122093]}, "properties": {"kind": "tree", "name": ""}}, {"type": "Feature", "geometry": {"type": "Point", "coordinates": [106.6720881, -6.121893]}, "properties": {"kind": "tree", "name": ""}}, {"type": "Feature", "geometry": {"type": "Point", "coordinates": [106.6721996, -6.1217805]}, "properties": {"kind": "tree", "name": ""}}, {"type": "Feature", "geometry": {"type": "Point", "coordinates": [106.6722909, -6.1216158]}, "properties": {"kind": "tree", "name": ""}}, {"type": "Feature", "geometry": {"type": "Point", "coordinates": [106.6721553, -6.1213267]}, "properties": {"kind": "tree", "name": ""}}, {"type": "Feature", "geometry": {"type": "Point", "coordinates": [106.6717811, -6.121744]}, "properties": {"kind": "tree", "name": ""}}, {"type": "Feature", "geometry": {"type": "Point", "coordinates": [106.6692746, -6.1222654]}, "properties": {"kind": "tree", "name": ""}}, {"type": "Feature", "geometry": {"type": "Point", "coordinates": [106.6692089, -6.1222814]}, "properties": {"kind": "tree", "name": ""}}, {"type": "Feature", "geometry": {"type": "Point", "coordinates": [106.6693161, -6.1222134]}, "properties": {"kind": "tree", "name": ""}}, {"type": "Feature", "geometry": {"type": "Point", "coordinates": [106.6690841, -6.1222641]}, "properties": {"kind": "tree", "name": ""}}, {"type": "Feature", "geometry": {"type": "Point", "coordinates": [106.669347, -6.1227015]}, "properties": {"kind": "tree", "name": ""}}, {"type": "Feature", "geometry": {"type": "Point", "coordinates": [106.6699022, -6.1225268]}, "properties": {"kind": "tree", "name": ""}}, {"type": "Feature", "geometry": {"type": "Point", "coordinates": [106.670475, -6.1230762]}, "properties": {"kind": "tree", "name": ""}}, {"type": "Feature", "geometry": {"type": "Point", "coordinates": [106.6715719, -6.1220494]}, "properties": {"kind": "tree", "name": ""}}, {"type": "Feature", "geometry": {"type": "Point", "coordinates": [106.6715129, -6.1221787]}, "properties": {"kind": "tree", "name": ""}}, {"type": "Feature", "geometry": {"type": "Point", "coordinates": [106.6714096, -6.1222961]}, "properties": {"kind": "tree", "name": ""}}, {"type": "Feature", "geometry": {"type": "Point", "coordinates": [106.6689929, -6.1236989]}, "properties": {"kind": "tree", "name": ""}}, {"type": "Feature", "geometry": {"type": "Point", "coordinates": [106.6689554, -6.1242123]}, "properties": {"kind": "tree", "name": ""}}, {"type": "Feature", "geometry": {"type": "Point", "coordinates": [106.6688655, -6.1241843]}, "properties": {"kind": "tree", "name": ""}}, {"type": "Feature", "geometry": {"type": "Point", "coordinates": [106.6709455, -6.123182]}, "properties": {"kind": "tree", "name": ""}}, {"type": "Feature", "geometry": {"type": "Point", "coordinates": [106.6708369, -6.1232455]}, "properties": {"kind": "tree", "name": ""}}, {"type": "Feature", "geometry": {"type": "Point", "coordinates": [106.6678865, -6.1229201]}, "properties": {"kind": "tree", "name": ""}}, {"type": "Feature", "geometry": {"type": "Point", "coordinates": [106.6680662, -6.1226899]}, "properties": {"kind": "tree", "name": ""}}, {"type": "Feature", "geometry": {"type": "Point", "coordinates": [106.6681759, -6.1226158]}, "properties": {"kind": "tree", "name": ""}}, {"type": "Feature", "geometry": {"type": "Point", "coordinates": [106.6695128, -6.1213892]}, "properties": {"kind": "tree", "name": ""}}, {"type": "Feature", "geometry": {"type": "Point", "coordinates": [106.6697023, -6.1211563]}, "properties": {"kind": "tree", "name": ""}}, {"type": "Feature", "geometry": {"type": "Point", "coordinates": [106.6695277, -6.1208949]}, "properties": {"kind": "tree", "name": ""}}, {"type": "Feature", "geometry": {"type": "Point", "coordinates": [106.6696874, -6.1208081]}, "properties": {"kind": "tree", "name": ""}}, {"type": "Feature", "geometry": {"type": "Point", "coordinates": [106.6707015, -6.1203772]}, "properties": {"kind": "tree", "name": ""}}, {"type": "Feature", "geometry": {"type": "Point", "coordinates": [106.6708799, -6.1203079]}, "properties": {"kind": "tree", "name": ""}}, {"type": "Feature", "geometry": {"type": "Point", "coordinates": [106.671018, -6.1202479]}, "properties": {"kind": "tree", "name": ""}}, {"type": "Feature", "geometry": {"type": "Point", "coordinates": [106.6713989, -6.1201012]}, "properties": {"kind": "tree", "name": ""}}, {"type": "Feature", "geometry": {"type": "Point", "coordinates": [106.6653807, -6.1214795]}, "properties": {"kind": "green_area", "name": ""}}, {"type": "Feature", "geometry": {"type": "Point", "coordinates": [106.6657474, -6.122799]}, "properties": {"kind": "green_area", "name": ""}}, {"type": "Feature", "geometry": {"type": "Point", "coordinates": [106.6721576, -6.1265578]}, "properties": {"kind": "green_area", "name": ""}}, {"type": "Feature", "geometry": {"type": "Point", "coordinates": [106.6707764, -6.1254636]}, "properties": {"kind": "green_area", "name": ""}}, {"type": "Feature", "geometry": {"type": "Point", "coordinates": [106.6711964, -6.1269027]}, "properties": {"kind": "green_area", "name": ""}}, {"type": "Feature", "geometry": {"type": "Point", "coordinates": [106.6695031, -6.1264242]}, "properties": {"kind": "green_area", "name": ""}}, {"type": "Feature", "geometry": {"type": "Point", "coordinates": [106.6708758, -6.1214428]}, "properties": {"kind": "green_area", "name": ""}}, {"type": "Feature", "geometry": {"type": "Point", "coordinates": [106.6691317, -6.1234196]}, "properties": {"kind": "green_area", "name": ""}}, {"type": "Feature", "geometry": {"type": "Point", "coordinates": [106.6690152, -6.1240049]}, "properties": {"kind": "green_area", "name": ""}}, {"type": "Feature", "geometry": {"type": "Point", "coordinates": [106.6693744, -6.1191168]}, "properties": {"kind": "green_area", "name": ""}}, {"type": "Feature", "geometry": {"type": "Point", "coordinates": [106.6706778, -6.1190919]}, "properties": {"kind": "green_area", "name": ""}}, {"type": "Feature", "geometry": {"type": "Point", "coordinates": [106.6706445, -6.1191591]}, "properties": {"kind": "green_area", "name": ""}}, {"type": "Feature", "geometry": {"type": "Point", "coordinates": [106.6665088, -6.1234152]}, "properties": {"kind": "tree", "name": ""}}, {"type": "Feature", "geometry": {"type": "Point", "coordinates": [106.6663499, -6.123479]}, "properties": {"kind": "tree", "name": ""}}, {"type": "Feature", "geometry": {"type": "Point", "coordinates": [106.6662418, -6.1235244]}, "properties": {"kind": "tree", "name": ""}}, {"type": "Feature", "geometry": {"type": "Point", "coordinates": [106.6661269, -6.1235714]}, "properties": {"kind": "tree", "name": ""}}, {"type": "Feature", "geometry": {"type": "Point", "coordinates": [106.6659292, -6.1236487]}, "properties": {"kind": "tree", "name": ""}}, {"type": "Feature", "geometry": {"type": "Point", "coordinates": [106.6667922, -6.1233042]}, "properties": {"kind": "tree", "name": ""}}, {"type": "Feature", "geometry": {"type": "Point", "coordinates": [106.6671704, -6.1231588]}, "properties": {"kind": "tree", "name": ""}}, {"type": "Feature", "geometry": {"type": "Point", "coordinates": [106.6673098, -6.1231108]}, "properties": {"kind": "tree", "name": ""}}, {"type": "Feature", "geometry": {"type": "Point", "coordinates": [106.6677256, -6.122892]}, "properties": {"kind": "tree", "name": ""}}, {"type": "Feature", "geometry": {"type": "Point", "coordinates": [106.6666003, -6.1274351]}, "properties": {"kind": "green_area", "name": ""}}, {"type": "Feature", "geometry": {"type": "Point", "coordinates": [106.6672028, -6.126774]}, "properties": {"kind": "green_area", "name": ""}}, {"type": "Feature", "geometry": {"type": "Point", "coordinates": [106.6689144, -6.127725]}, "properties": {"kind": "green_area", "name": ""}}, {"type": "Feature", "geometry": {"type": "Point", "coordinates": [106.6703071, -6.1273263]}, "properties": {"kind": "green_area", "name": ""}}, {"type": "Feature", "geometry": {"type": "Point", "coordinates": [106.6639506, -6.1262645]}, "properties": {"kind": "tree", "name": ""}}, {"type": "Feature", "geometry": {"type": "Point", "coordinates": [106.664344, -6.1245963]}, "properties": {"kind": "tree", "name": ""}}, {"type": "Feature", "geometry": {"type": "Point", "coordinates": [106.6642488, -6.124631]}, "properties": {"kind": "tree", "name": ""}}, {"type": "Feature", "geometry": {"type": "Point", "coordinates": [106.6648583, -6.1251097]}, "properties": {"kind": "tree", "name": ""}}, {"type": "Feature", "geometry": {"type": "Point", "coordinates": [106.6647282, -6.1251497]}, "properties": {"kind": "tree", "name": ""}}, {"type": "Feature", "geometry": {"type": "Point", "coordinates": [106.6646759, -6.1251723]}, "properties": {"kind": "tree", "name": ""}}, {"type": "Feature", "geometry": {"type": "Point", "coordinates": [106.6645163, -6.1247082]}, "properties": {"kind": "tree", "name": ""}}, {"type": "Feature", "geometry": {"type": "Point", "coordinates": [106.6644887, -6.124814]}, "properties": {"kind": "tree", "name": ""}}, {"type": "Feature", "geometry": {"type": "Point", "coordinates": [106.6645259, -6.124922]}, "properties": {"kind": "tree", "name": ""}}, {"type": "Feature", "geometry": {"type": "Point", "coordinates": [106.6648527, -6.1244362]}, "properties": {"kind": "tree", "name": ""}}, {"type": "Feature", "geometry": {"type": "Point", "coordinates": [106.6648793, -6.1245198]}, "properties": {"kind": "tree", "name": ""}}, {"type": "Feature", "geometry": {"type": "Point", "coordinates": [106.6649155, -6.1246161]}, "properties": {"kind": "tree", "name": ""}}, {"type": "Feature", "geometry": {"type": "Point", "coordinates": [106.6649645, -6.1247294]}, "properties": {"kind": "tree", "name": ""}}, {"type": "Feature", "geometry": {"type": "Point", "coordinates": [106.6650177, -6.1248616]}, "properties": {"kind": "tree", "name": ""}}, {"type": "Feature", "geometry": {"type": "Point", "coordinates": [106.6651507, -6.1248214]}, "properties": {"kind": "tree", "name": ""}}, {"type": "Feature", "geometry": {"type": "Point", "coordinates": [106.6652593, -6.1247812]}, "properties": {"kind": "tree", "name": ""}}, {"type": "Feature", "geometry": {"type": "Point", "coordinates": [106.6653689, -6.1247442]}, "properties": {"kind": "tree", "name": ""}}, {"type": "Feature", "geometry": {"type": "Point", "coordinates": [106.6655158, -6.1248362]}, "properties": {"kind": "tree", "name": ""}}, {"type": "Feature", "geometry": {"type": "Point", "coordinates": [106.6647878, -6.124252]}, "properties": {"kind": "tree", "name": ""}}, {"type": "Feature", "geometry": {"type": "Point", "coordinates": [106.6646952, -6.1242817]}, "properties": {"kind": "tree", "name": ""}}, {"type": "Feature", "geometry": {"type": "Point", "coordinates": [106.6645717, -6.1243663]}, "properties": {"kind": "tree", "name": ""}}, {"type": "Feature", "geometry": {"type": "Point", "coordinates": [106.6644269, -6.1244118]}, "properties": {"kind": "tree", "name": ""}}, {"type": "Feature", "geometry": {"type": "Point", "coordinates": [106.6642694, -6.1244732]}, "properties": {"kind": "tree", "name": ""}}, {"type": "Feature", "geometry": {"type": "Point", "coordinates": [106.6641672, -6.1245103]}, "properties": {"kind": "tree", "name": ""}}, {"type": "Feature", "geometry": {"type": "Point", "coordinates": [106.6640097, -6.1245579]}, "properties": {"kind": "tree", "name": ""}}, {"type": "Feature", "geometry": {"type": "Point", "coordinates": [106.6645927, -6.1241846]}, "properties": {"kind": "tree", "name": ""}}, {"type": "Feature", "geometry": {"type": "Point", "coordinates": [106.6645065, -6.1242182]}, "properties": {"kind": "tree", "name": ""}}, {"type": "Feature", "geometry": {"type": "Point", "coordinates": [106.6643916, -6.1242619]}, "properties": {"kind": "tree", "name": ""}}, {"type": "Feature", "geometry": {"type": "Point", "coordinates": [106.6657602, -6.1237041]}, "properties": {"kind": "tree", "name": ""}}, {"type": "Feature", "geometry": {"type": "Point", "coordinates": [106.6656453, -6.1237579]}, "properties": {"kind": "tree", "name": ""}}, {"type": "Feature", "geometry": {"type": "Point", "coordinates": [106.665424, -6.1238537]}, "properties": {"kind": "tree", "name": ""}}, {"type": "Feature", "geometry": {"type": "Point", "coordinates": [106.6649864, -6.1240032]}, "properties": {"kind": "tree", "name": ""}}, {"type": "Feature", "geometry": {"type": "Point", "coordinates": [106.6650709, -6.1239813]}, "properties": {"kind": "tree", "name": ""}}, {"type": "Feature", "geometry": {"type": "Point", "coordinates": [106.6615136, -6.1255524]}, "properties": {"kind": "tree", "name": ""}}, {"type": "Feature", "geometry": {"type": "Point", "coordinates": [106.6624403, -6.125187]}, "properties": {"kind": "tree", "name": ""}}, {"type": "Feature", "geometry": {"type": "Point", "coordinates": [106.6623397, -6.1252417]}, "properties": {"kind": "tree", "name": ""}}, {"type": "Feature", "geometry": {"type": "Point", "coordinates": [106.6621654, -6.125279]}, "properties": {"kind": "tree", "name": ""}}, {"type": "Feature", "geometry": {"type": "Point", "coordinates": [106.6629674, -6.125259]}, "properties": {"kind": "tree", "name": ""}}, {"type": "Feature", "geometry": {"type": "Point", "coordinates": [106.6630162, -6.1256799]}, "properties": {"kind": "tree", "name": ""}}, {"type": "Feature", "geometry": {"type": "Point", "coordinates": [106.6630973, -6.1260394]}, "properties": {"kind": "tree", "name": ""}}, {"type": "Feature", "geometry": {"type": "Point", "coordinates": [106.663322, -6.126115]}, "properties": {"kind": "tree", "name": ""}}, {"type": "Feature", "geometry": {"type": "Point", "coordinates": [106.6632291, -6.1261419]}, "properties": {"kind": "tree", "name": ""}}, {"type": "Feature", "geometry": {"type": "Point", "coordinates": [106.6616628, -6.1253707]}, "properties": {"kind": "tree", "name": ""}}, {"type": "Feature", "geometry": {"type": "Point", "coordinates": [106.6619772, -6.1234959]}, "properties": {"kind": "green_area", "name": ""}}, {"type": "Feature", "geometry": {"type": "Point", "coordinates": [106.6614582, -6.1246071]}, "properties": {"kind": "green_area", "name": ""}}, {"type": "Feature", "geometry": {"type": "Point", "coordinates": [106.660489, -6.1258457]}, "properties": {"kind": "tree", "name": ""}}, {"type": "Feature", "geometry": {"type": "Point", "coordinates": [106.6602838, -6.1259031]}, "properties": {"kind": "tree", "name": ""}}, {"type": "Feature", "geometry": {"type": "Point", "coordinates": [106.6612132, -6.1256884]}, "properties": {"kind": "tree", "name": ""}}, {"type": "Feature", "geometry": {"type": "Point", "coordinates": [106.6602062, -6.1255975]}, "properties": {"kind": "tree", "name": ""}}, {"type": "Feature", "geometry": {"type": "Point", "coordinates": [106.6600491, -6.1256748]}, "properties": {"kind": "tree", "name": ""}}, {"type": "Feature", "geometry": {"type": "Point", "coordinates": [106.6607939, -6.1231109]}, "properties": {"kind": "green_area", "name": ""}}, {"type": "Feature", "geometry": {"type": "Point", "coordinates": [106.6601375, -6.1248859]}, "properties": {"kind": "green_area", "name": ""}}, {"type": "Feature", "geometry": {"type": "Point", "coordinates": [106.6597283, -6.1237756]}, "properties": {"kind": "green_area", "name": ""}}, {"type": "Feature", "geometry": {"type": "Point", "coordinates": [106.6605741, -6.1249539]}, "properties": {"kind": "green_area", "name": ""}}, {"type": "Feature", "geometry": {"type": "Point", "coordinates": [106.6597389, -6.123467]}, "properties": {"kind": "green_area", "name": ""}}, {"type": "Feature", "geometry": {"type": "Point", "coordinates": [106.6593586, -6.1253792]}, "properties": {"kind": "green_area", "name": ""}}, {"type": "Feature", "geometry": {"type": "Point", "coordinates": [106.6552259, -6.1270916]}, "properties": {"kind": "tree", "name": ""}}, {"type": "Feature", "geometry": {"type": "Point", "coordinates": [106.6550341, -6.1270936]}, "properties": {"kind": "tree", "name": ""}}, {"type": "Feature", "geometry": {"type": "Point", "coordinates": [106.6548043, -6.127118]}, "properties": {"kind": "tree", "name": ""}}, {"type": "Feature", "geometry": {"type": "Point", "coordinates": [106.6548888, -6.1270844]}, "properties": {"kind": "tree", "name": ""}}, {"type": "Feature", "geometry": {"type": "Point", "coordinates": [106.6549958, -6.1269645]}, "properties": {"kind": "tree", "name": ""}}, {"type": "Feature", "geometry": {"type": "Point", "coordinates": [106.6549006, -6.1267431]}, "properties": {"kind": "tree", "name": ""}}, {"type": "Feature", "geometry": {"type": "Point", "coordinates": [106.6547652, -6.1266405]}, "properties": {"kind": "tree", "name": ""}}, {"type": "Feature", "geometry": {"type": "Point", "coordinates": [106.6545922, -6.1265845]}, "properties": {"kind": "tree", "name": ""}}, {"type": "Feature", "geometry": {"type": "Point", "coordinates": [106.6543329, -6.1236339]}, "properties": {"kind": "tree", "name": ""}}, {"type": "Feature", "geometry": {"type": "Point", "coordinates": [106.6541876, -6.1236567]}, "properties": {"kind": "tree", "name": ""}}, {"type": "Feature", "geometry": {"type": "Point", "coordinates": [106.6544505, -6.1236789]}, "properties": {"kind": "tree", "name": ""}}, {"type": "Feature", "geometry": {"type": "Point", "coordinates": [106.6540705, -6.1238136]}, "properties": {"kind": "tree", "name": ""}}, {"type": "Feature", "geometry": {"type": "Point", "coordinates": [106.6542991, -6.1233883]}, "properties": {"kind": "tree", "name": ""}}, {"type": "Feature", "geometry": {"type": "Point", "coordinates": [106.6562343, -6.1232613]}, "properties": {"kind": "tree", "name": ""}}, {"type": "Feature", "geometry": {"type": "Point", "coordinates": [106.656102, -6.1233535]}, "properties": {"kind": "tree", "name": ""}}, {"type": "Feature", "geometry": {"type": "Point", "coordinates": [106.6565032, -6.1231365]}, "properties": {"kind": "tree", "name": ""}}, {"type": "Feature", "geometry": {"type": "Point", "coordinates": [106.6563585, -6.1231429]}, "properties": {"kind": "tree", "name": ""}}, {"type": "Feature", "geometry": {"type": "Point", "coordinates": [106.6565874, -6.1232963]}, "properties": {"kind": "tree", "name": ""}}, {"type": "Feature", "geometry": {"type": "Point", "coordinates": [106.6564767, -6.1233344]}, "properties": {"kind": "tree", "name": ""}}, {"type": "Feature", "geometry": {"type": "Point", "coordinates": [106.6566544, -6.1234318]}, "properties": {"kind": "tree", "name": ""}}, {"type": "Feature", "geometry": {"type": "Point", "coordinates": [106.6565405, -6.1234583]}, "properties": {"kind": "tree", "name": ""}}, {"type": "Feature", "geometry": {"type": "Point", "coordinates": [106.6562489, -6.1237419]}, "properties": {"kind": "tree", "name": ""}}, {"type": "Feature", "geometry": {"type": "Point", "coordinates": [106.6564192, -6.1236541]}, "properties": {"kind": "tree", "name": ""}}, {"type": "Feature", "geometry": {"type": "Point", "coordinates": [106.6562116, -6.1235546]}, "properties": {"kind": "tree", "name": ""}}, {"type": "Feature", "geometry": {"type": "Point", "coordinates": [106.6558859, -6.1234551]}, "properties": {"kind": "tree", "name": ""}}, {"type": "Feature", "geometry": {"type": "Point", "coordinates": [106.6570625, -6.1268258]}, "properties": {"kind": "tree", "name": ""}}, {"type": "Feature", "geometry": {"type": "Point", "coordinates": [106.6570759, -6.1269458]}, "properties": {"kind": "tree", "name": ""}}, {"type": "Feature", "geometry": {"type": "Point", "coordinates": [106.6570035, -6.1269645]}, "properties": {"kind": "tree", "name": ""}}, {"type": "Feature", "geometry": {"type": "Point", "coordinates": [106.6569109, -6.1269992]}, "properties": {"kind": "tree", "name": ""}}, {"type": "Feature", "geometry": {"type": "Point", "coordinates": [106.6567755, -6.1270552]}, "properties": {"kind": "tree", "name": ""}}, {"type": "Feature", "geometry": {"type": "Point", "coordinates": [106.6566896, -6.1270672]}, "properties": {"kind": "tree", "name": ""}}, {"type": "Feature", "geometry": {"type": "Point", "coordinates": [106.656412, -6.1270138]}, "properties": {"kind": "tree", "name": ""}}, {"type": "Feature", "geometry": {"type": "Point", "coordinates": [106.6565301, -6.1271498]}, "properties": {"kind": "tree", "name": ""}}, {"type": "Feature", "geometry": {"type": "Point", "coordinates": [106.6567057, -6.1264551]}, "properties": {"kind": "tree", "name": ""}}, {"type": "Feature", "geometry": {"type": "Point", "coordinates": [106.6567151, -6.1258884]}, "properties": {"kind": "tree", "name": ""}}, {"type": "Feature", "geometry": {"type": "Point", "coordinates": [106.6570236, -6.1257711]}, "properties": {"kind": "tree", "name": ""}}, {"type": "Feature", "geometry": {"type": "Point", "coordinates": [106.657147, -6.1257164]}, "properties": {"kind": "tree", "name": ""}}, {"type": "Feature", "geometry": {"type": "Point", "coordinates": [106.6578712, -6.1254604]}, "properties": {"kind": "tree", "name": ""}}, {"type": "Feature", "geometry": {"type": "Point", "coordinates": [106.6576968, -6.1255004]}, "properties": {"kind": "tree", "name": ""}}, {"type": "Feature", "geometry": {"type": "Point", "coordinates": [106.6597272, -6.1254444]}, "properties": {"kind": "tree", "name": ""}}, {"type": "Feature", "geometry": {"type": "Point", "coordinates": [106.6596991, -6.1256217]}, "properties": {"kind": "tree", "name": ""}}, {"type": "Feature", "geometry": {"type": "Point", "coordinates": [106.6596669, -6.1257657]}, "properties": {"kind": "tree", "name": ""}}, {"type": "Feature", "geometry": {"type": "Point", "coordinates": [106.6599244, -6.1260658]}, "properties": {"kind": "tree", "name": ""}}, {"type": "Feature", "geometry": {"type": "Point", "coordinates": [106.6598104, -6.1261418]}, "properties": {"kind": "tree", "name": ""}}, {"type": "Feature", "geometry": {"type": "Point", "coordinates": [106.6596092, -6.1261898]}, "properties": {"kind": "tree", "name": ""}}, {"type": "Feature", "geometry": {"type": "Point", "coordinates": [106.6594443, -6.1262484]}, "properties": {"kind": "tree", "name": ""}}, {"type": "Feature", "geometry": {"type": "Point", "coordinates": [106.6592699, -6.1263231]}, "properties": {"kind": "tree", "name": ""}}, {"type": "Feature", "geometry": {"type": "Point", "coordinates": [106.659164, -6.1263711]}, "properties": {"kind": "tree", "name": ""}}, {"type": "Feature", "geometry": {"type": "Point", "coordinates": [106.6589695, -6.1264458]}, "properties": {"kind": "tree", "name": ""}}, {"type": "Feature", "geometry": {"type": "Point", "coordinates": [106.6588475, -6.1265018]}, "properties": {"kind": "tree", "name": ""}}, {"type": "Feature", "geometry": {"type": "Point", "coordinates": [106.6586933, -6.1265551]}, "properties": {"kind": "tree", "name": ""}}, {"type": "Feature", "geometry": {"type": "Point", "coordinates": [106.6584572, -6.1266511]}, "properties": {"kind": "tree", "name": ""}}, {"type": "Feature", "geometry": {"type": "Point", "coordinates": [106.6583714, -6.1266871]}, "properties": {"kind": "tree", "name": ""}}, {"type": "Feature", "geometry": {"type": "Point", "coordinates": [106.6582829, -6.1267138]}, "properties": {"kind": "tree", "name": ""}}, {"type": "Feature", "geometry": {"type": "Point", "coordinates": [106.6595777, -6.125905]}, "properties": {"kind": "tree", "name": ""}}, {"type": "Feature", "geometry": {"type": "Point", "coordinates": [106.6586822, -6.125989]}, "properties": {"kind": "tree", "name": ""}}, {"type": "Feature", "geometry": {"type": "Point", "coordinates": [106.6591738, -6.1261066]}, "properties": {"kind": "tree", "name": ""}}, {"type": "Feature", "geometry": {"type": "Point", "coordinates": [106.6590184, -6.1261049]}, "properties": {"kind": "tree", "name": ""}}, {"type": "Feature", "geometry": {"type": "Point", "coordinates": [106.6584574, -6.1256513]}, "properties": {"kind": "tree", "name": ""}}, {"type": "Feature", "geometry": {"type": "Point", "coordinates": [106.6585351, -6.1258126]}, "properties": {"kind": "tree", "name": ""}}, {"type": "Feature", "geometry": {"type": "Point", "coordinates": [106.6584948, -6.1262164]}, "properties": {"kind": "tree", "name": ""}}, {"type": "Feature", "geometry": {"type": "Point", "coordinates": [106.6578202, -6.1256831]}, "properties": {"kind": "tree", "name": ""}}, {"type": "Feature", "geometry": {"type": "Point", "coordinates": [106.6578671, -6.1257897]}, "properties": {"kind": "tree", "name": ""}}, {"type": "Feature", "geometry": {"type": "Point", "coordinates": [106.6579221, -6.1259124]}, "properties": {"kind": "tree", "name": ""}}, {"type": "Feature", "geometry": {"type": "Point", "coordinates": [106.6579436, -6.1259617]}, "properties": {"kind": "tree", "name": ""}}, {"type": "Feature", "geometry": {"type": "Point", "coordinates": [106.6579945, -6.1260831]}, "properties": {"kind": "tree", "name": ""}}, {"type": "Feature", "geometry": {"type": "Point", "coordinates": [106.6580737, -6.1263164]}, "properties": {"kind": "tree", "name": ""}}, {"type": "Feature", "geometry": {"type": "Point", "coordinates": [106.6581045, -6.1263791]}, "properties": {"kind": "tree", "name": ""}}, {"type": "Feature", "geometry": {"type": "Point", "coordinates": [106.6570142, -6.1256297]}, "properties": {"kind": "tree", "name": ""}}, {"type": "Feature", "geometry": {"type": "Point", "coordinates": [106.6567326, -6.1257364]}, "properties": {"kind": "tree", "name": ""}}, {"type": "Feature", "geometry": {"type": "Point", "coordinates": [106.6566829, -6.1257631]}, "properties": {"kind": "tree", "name": ""}}, {"type": "Feature", "geometry": {"type": "Point", "coordinates": [106.6561867, -6.1259351]}, "properties": {"kind": "tree", "name": ""}}, {"type": "Feature", "geometry": {"type": "Point", "coordinates": [106.6562296, -6.1259897]}, "properties": {"kind": "tree", "name": ""}}, {"type": "Feature", "geometry": {"type": "Point", "coordinates": [106.6558452, -6.1262603]}, "properties": {"kind": "tree", "name": ""}}, {"type": "Feature", "geometry": {"type": "Point", "coordinates": [106.6558469, -6.126514]}, "properties": {"kind": "tree", "name": ""}}, {"type": "Feature", "geometry": {"type": "Point", "coordinates": [106.6560572, -6.126787]}, "properties": {"kind": "tree", "name": ""}}, {"type": "Feature", "geometry": {"type": "Point", "coordinates": [106.6561324, -6.1268349]}, "properties": {"kind": "tree", "name": ""}}, {"type": "Feature", "geometry": {"type": "Point", "coordinates": [106.6558671, -6.1265946]}, "properties": {"kind": "tree", "name": ""}}, {"type": "Feature", "geometry": {"type": "Point", "coordinates": [106.6560175, -6.1265577]}, "properties": {"kind": "tree", "name": ""}}, {"type": "Feature", "geometry": {"type": "Point", "coordinates": [106.6580563, -6.1242393]}, "properties": {"kind": "tree", "name": ""}}, {"type": "Feature", "geometry": {"type": "Point", "coordinates": [106.657936, -6.1242965]}, "properties": {"kind": "tree", "name": ""}}, {"type": "Feature", "geometry": {"type": "Point", "coordinates": [106.6578466, -6.1243251]}, "properties": {"kind": "tree", "name": ""}}, {"type": "Feature", "geometry": {"type": "Point", "coordinates": [106.6576976, -6.1243981]}, "properties": {"kind": "tree", "name": ""}}, {"type": "Feature", "geometry": {"type": "Point", "coordinates": [106.6574723, -6.12455]}, "properties": {"kind": "tree", "name": ""}}, {"type": "Feature", "geometry": {"type": "Point", "coordinates": [106.6570432, -6.1251087]}, "properties": {"kind": "tree", "name": ""}}, {"type": "Feature", "geometry": {"type": "Point", "coordinates": [106.65754, -6.1251379]}, "properties": {"kind": "tree", "name": ""}}, {"type": "Feature", "geometry": {"type": "Point", "coordinates": [106.6587098, -6.1245124]}, "properties": {"kind": "tree", "name": ""}}, {"type": "Feature", "geometry": {"type": "Point", "coordinates": [106.6589845, -6.1244044]}, "properties": {"kind": "tree", "name": ""}}, {"type": "Feature", "geometry": {"type": "Point", "coordinates": [106.6589185, -6.1244341]}, "properties": {"kind": "tree", "name": ""}}, {"type": "Feature", "geometry": {"type": "Point", "coordinates": [106.6584938, -6.1244066]}, "properties": {"kind": "tree", "name": ""}}, {"type": "Feature", "geometry": {"type": "Point", "coordinates": [106.6585534, -6.1245896]}, "properties": {"kind": "tree", "name": ""}}, {"type": "Feature", "geometry": {"type": "Point", "coordinates": [106.6583043, -6.1240536]}, "properties": {"kind": "tree", "name": ""}}, {"type": "Feature", "geometry": {"type": "Point", "coordinates": [106.6576081, -6.125394]}, "properties": {"kind": "tree", "name": ""}}, {"type": "Feature", "geometry": {"type": "Point", "coordinates": [106.6574299, -6.1254813]}, "properties": {"kind": "tree", "name": ""}}, {"type": "Feature", "geometry": {"type": "Point", "coordinates": [106.6571717, -6.1255887]}, "properties": {"kind": "tree", "name": ""}}, {"type": "Feature", "geometry": {"type": "Point", "coordinates": [106.6580899, -6.1254253]}, "properties": {"kind": "tree", "name": ""}}, {"type": "Feature", "geometry": {"type": "Point", "coordinates": [106.658057, -6.1252599]}, "properties": {"kind": "tree", "name": ""}}, {"type": "Feature", "geometry": {"type": "Point", "coordinates": [106.6579885, -6.1252489]}, "properties": {"kind": "tree", "name": ""}}, {"type": "Feature", "geometry": {"type": "Point", "coordinates": [106.6578897, -6.1252691]}, "properties": {"kind": "tree", "name": ""}}, {"type": "Feature", "geometry": {"type": "Point", "coordinates": [106.6578103, -6.1253027]}, "properties": {"kind": "tree", "name": ""}}, {"type": "Feature", "geometry": {"type": "Point", "coordinates": [106.6577385, -6.1253405]}, "properties": {"kind": "tree", "name": ""}}, {"type": "Feature", "geometry": {"type": "Point", "coordinates": [106.6576819, -6.125364]}, "properties": {"kind": "tree", "name": ""}}, {"type": "Feature", "geometry": {"type": "Point", "coordinates": [106.6575345, -6.1272885]}, "properties": {"kind": "tree", "name": ""}}, {"type": "Feature", "geometry": {"type": "Point", "coordinates": [106.6572395, -6.1272699]}, "properties": {"kind": "tree", "name": ""}}, {"type": "Feature", "geometry": {"type": "Point", "coordinates": [106.6573749, -6.1272392]}, "properties": {"kind": "tree", "name": ""}}, {"type": "Feature", "geometry": {"type": "Point", "coordinates": [106.6573709, -6.1270698]}, "properties": {"kind": "tree", "name": ""}}, {"type": "Feature", "geometry": {"type": "Point", "coordinates": [106.6574889, -6.1270245]}, "properties": {"kind": "tree", "name": ""}}, {"type": "Feature", "geometry": {"type": "Point", "coordinates": [106.6564905, -6.1289204]}, "properties": {"kind": "tree", "name": ""}}, {"type": "Feature", "geometry": {"type": "Point", "coordinates": [106.6564756, -6.1290559]}, "properties": {"kind": "tree", "name": ""}}, {"type": "Feature", "geometry": {"type": "Point", "coordinates": [106.6572915, -6.1282184]}, "properties": {"kind": "tree", "name": ""}}, {"type": "Feature", "geometry": {"type": "Point", "coordinates": [106.6566419, -6.1282545]}, "properties": {"kind": "tree", "name": ""}}, {"type": "Feature", "geometry": {"type": "Point", "coordinates": [106.6569088, -6.1281117]}, "properties": {"kind": "tree", "name": ""}}, {"type": "Feature", "geometry": {"type": "Point", "coordinates": [106.6567737, -6.1284116]}, "properties": {"kind": "tree", "name": ""}}, {"type": "Feature", "geometry": {"type": "Point", "coordinates": [106.6570818, -6.1278887]}, "properties": {"kind": "tree", "name": ""}}, {"type": "Feature", "geometry": {"type": "Point", "coordinates": [106.657224, -6.1284444]}, "properties": {"kind": "tree", "name": ""}}, {"type": "Feature", "geometry": {"type": "Point", "coordinates": [106.6570322, -6.1276039]}, "properties": {"kind": "tree", "name": ""}}, {"type": "Feature", "geometry": {"type": "Point", "coordinates": [106.6560432, -6.1279726]}, "properties": {"kind": "tree", "name": ""}}, {"type": "Feature", "geometry": {"type": "Point", "coordinates": [106.6564107, -6.1277486]}, "properties": {"kind": "tree", "name": ""}}, {"type": "Feature", "geometry": {"type": "Point", "coordinates": [106.655879, -6.1280504]}, "properties": {"kind": "tree", "name": ""}}, {"type": "Feature", "geometry": {"type": "Point", "coordinates": [106.6557607, -6.1281126]}, "properties": {"kind": "tree", "name": ""}}, {"type": "Feature", "geometry": {"type": "Point", "coordinates": [106.6555579, -6.1281478]}, "properties": {"kind": "tree", "name": ""}}, {"type": "Feature", "geometry": {"type": "Point", "coordinates": [106.6553129, -6.1282621]}, "properties": {"kind": "tree", "name": ""}}, {"type": "Feature", "geometry": {"type": "Point", "coordinates": [106.6551592, -6.1283175]}, "properties": {"kind": "tree", "name": ""}}, {"type": "Feature", "geometry": {"type": "Point", "coordinates": [106.6550054, -6.1283629]}, "properties": {"kind": "tree", "name": ""}}, {"type": "Feature", "geometry": {"type": "Point", "coordinates": [106.6548466, -6.1284435]}, "properties": {"kind": "tree", "name": ""}}, {"type": "Feature", "geometry": {"type": "Point", "coordinates": [106.6564319, -6.1280515]}, "properties": {"kind": "tree", "name": ""}}, {"type": "Feature", "geometry": {"type": "Point", "coordinates": [106.6564979, -6.1283458]}, "properties": {"kind": "tree", "name": ""}}, {"type": "Feature", "geometry": {"type": "Point", "coordinates": [106.6564767, -6.1286431]}, "properties": {"kind": "tree", "name": ""}}, {"type": "Feature", "geometry": {"type": "Point", "coordinates": [106.6540391, -6.125358]}, "properties": {"kind": "tree", "name": ""}}, {"type": "Feature", "geometry": {"type": "Point", "coordinates": [106.6545085, -6.1256342]}, "properties": {"kind": "tree", "name": ""}}, {"type": "Feature", "geometry": {"type": "Point", "coordinates": [106.6573963, -6.1249124]}, "properties": {"kind": "tree", "name": ""}}, {"type": "Feature", "geometry": {"type": "Point", "coordinates": [106.6589887, -6.1233471]}, "properties": {"kind": "tree", "name": ""}}, {"type": "Feature", "geometry": {"type": "Point", "coordinates": [106.6590313, -6.1234625]}, "properties": {"kind": "tree", "name": ""}}, {"type": "Feature", "geometry": {"type": "Point", "coordinates": [106.6592037, -6.1239059]}, "properties": {"kind": "tree", "name": ""}}, {"type": "Feature", "geometry": {"type": "Point", "coordinates": [106.6592867, -6.1240876]}, "properties": {"kind": "tree", "name": ""}}, {"type": "Feature", "geometry": {"type": "Point", "coordinates": [106.6584633, -6.1253472]}, "properties": {"kind": "tree", "name": ""}}, {"type": "Feature", "geometry": {"type": "Point", "coordinates": [106.6584853, -6.1252372]}, "properties": {"kind": "tree", "name": ""}}, {"type": "Feature", "geometry": {"type": "Point", "coordinates": [106.6585402, -6.1251263]}, "properties": {"kind": "tree", "name": ""}}, {"type": "Feature", "geometry": {"type": "Point", "coordinates": [106.6595475, -6.1249537]}, "properties": {"kind": "tree", "name": ""}}, {"type": "Feature", "geometry": {"type": "Point", "coordinates": [106.6594094, -6.124879]}, "properties": {"kind": "tree", "name": ""}}, {"type": "Feature", "geometry": {"type": "Point", "coordinates": [106.6592297, -6.1248416]}, "properties": {"kind": "tree", "name": ""}}, {"type": "Feature", "geometry": {"type": "Point", "coordinates": [106.6589735, -6.124879]}, "properties": {"kind": "tree", "name": ""}}, {"type": "Feature", "geometry": {"type": "Point", "coordinates": [106.6569756, -6.1265703]}, "properties": {"kind": "tree", "name": ""}}, {"type": "Feature", "geometry": {"type": "Point", "coordinates": [106.6568429, -6.1267719]}, "properties": {"kind": "tree", "name": ""}}, {"type": "Feature", "geometry": {"type": "Point", "coordinates": [106.6568083, -6.1266425]}, "properties": {"kind": "tree", "name": ""}}, {"type": "Feature", "geometry": {"type": "Point", "coordinates": [106.656075, -6.1260008]}, "properties": {"kind": "tree", "name": ""}}, {"type": "Feature", "geometry": {"type": "Point", "coordinates": [106.6565912, -6.1259016]}, "properties": {"kind": "tree", "name": ""}}, {"type": "Feature", "geometry": {"type": "Point", "coordinates": [106.6592548, -6.1244658]}, "properties": {"kind": "tree", "name": ""}}, {"type": "Feature", "geometry": {"type": "Point", "coordinates": [106.6593709, -6.1244118]}, "properties": {"kind": "tree", "name": ""}}, {"type": "Feature", "geometry": {"type": "Point", "coordinates": [106.6592793, -6.1242616]}, "properties": {"kind": "tree", "name": ""}}, {"type": "Feature", "geometry": {"type": "Point", "coordinates": [106.6554794, -6.1285267]}, "properties": {"kind": "tree", "name": ""}}, {"type": "Feature", "geometry": {"type": "Point", "coordinates": [106.6555605, -6.1285359]}, "properties": {"kind": "tree", "name": ""}}, {"type": "Feature", "geometry": {"type": "Point", "coordinates": [106.6558511, -6.1284393]}, "properties": {"kind": "tree", "name": ""}}, {"type": "Feature", "geometry": {"type": "Point", "coordinates": [106.6559136, -6.1283864]}, "properties": {"kind": "tree", "name": ""}}, {"type": "Feature", "geometry": {"type": "Point", "coordinates": [106.6557886, -6.1284586]}, "properties": {"kind": "tree", "name": ""}}, {"type": "Feature", "geometry": {"type": "Point", "coordinates": [106.655699, -6.1284922]}, "properties": {"kind": "tree", "name": ""}}, {"type": "Feature", "geometry": {"type": "Point", "coordinates": [106.6537077, -6.1253153]}, "properties": {"kind": "tree", "name": ""}}, {"type": "Feature", "geometry": {"type": "Point", "coordinates": [106.6538834, -6.1252615]}, "properties": {"kind": "tree", "name": ""}}, {"type": "Feature", "geometry": {"type": "Point", "coordinates": [106.6538821, -6.1244886]}, "properties": {"kind": "tree", "name": ""}}, {"type": "Feature", "geometry": {"type": "Point", "coordinates": [106.6562223, -6.1280992]}, "properties": {"kind": "tree", "name": ""}}, {"type": "Feature", "geometry": {"type": "Point", "coordinates": [106.6562752, -6.1285293]}, "properties": {"kind": "tree", "name": ""}}, {"type": "Feature", "geometry": {"type": "Point", "coordinates": [106.6562752, -6.1284559]}, "properties": {"kind": "tree", "name": ""}}, {"type": "Feature", "geometry": {"type": "Point", "coordinates": [106.6562276, -6.1286773]}, "properties": {"kind": "tree", "name": ""}}, {"type": "Feature", "geometry": {"type": "Point", "coordinates": [106.656168, -6.1287906]}, "properties": {"kind": "tree", "name": ""}}, {"type": "Feature", "geometry": {"type": "Point", "coordinates": [106.6560466, -6.1290147]}, "properties": {"kind": "tree", "name": ""}}, {"type": "Feature", "geometry": {"type": "Point", "coordinates": [106.6556248, -6.128834]}, "properties": {"kind": "tree", "name": ""}}, {"type": "Feature", "geometry": {"type": "Point", "coordinates": [106.6555484, -6.1288666]}, "properties": {"kind": "tree", "name": ""}}, {"type": "Feature", "geometry": {"type": "Point", "coordinates": [106.6546303, -6.126283]}, "properties": {"kind": "tree", "name": ""}}, {"type": "Feature", "geometry": {"type": "Point", "coordinates": [106.6552208, -6.1256102]}, "properties": {"kind": "green_area", "name": ""}}, {"type": "Feature", "geometry": {"type": "Point", "coordinates": [106.6591569, -6.1285799]}, "properties": {"kind": "green_area", "name": ""}}, {"type": "Feature", "geometry": {"type": "Point", "coordinates": [106.6588664, -6.1284173]}, "properties": {"kind": "green_area", "name": ""}}, {"type": "Feature", "geometry": {"type": "Point", "coordinates": [106.6599061, -6.1267881]}, "properties": {"kind": "green_area", "name": ""}}, {"type": "Feature", "geometry": {"type": "Point", "coordinates": [106.6588502, -6.1270392]}, "properties": {"kind": "green_area", "name": ""}}, {"type": "Feature", "geometry": {"type": "Point", "coordinates": [106.6538727, -6.1248035]}, "properties": {"kind": "green_area", "name": ""}}, {"type": "Feature", "geometry": {"type": "Point", "coordinates": [106.6535911, -6.1244552]}, "properties": {"kind": "green_area", "name": ""}}, {"type": "Feature", "geometry": {"type": "Point", "coordinates": [106.6538014, -6.1248573]}, "properties": {"kind": "green_area", "name": ""}}, {"type": "Feature", "geometry": {"type": "Point", "coordinates": [106.6536942, -6.1251254]}, "properties": {"kind": "green_area", "name": ""}}, {"type": "Feature", "geometry": {"type": "Point", "coordinates": [106.6551513, -6.1244397]}, "properties": {"kind": "green_area", "name": ""}}, {"type": "Feature", "geometry": {"type": "Point", "coordinates": [106.6586218, -6.1284179]}, "properties": {"kind": "green_area", "name": ""}}, {"type": "Feature", "geometry": {"type": "Point", "coordinates": [106.6556881, -6.1239851]}, "properties": {"kind": "green_area", "name": ""}}, {"type": "Feature", "geometry": {"type": "Point", "coordinates": [106.6556985, -6.1238961]}, "properties": {"kind": "green_area", "name": ""}}, {"type": "Feature", "geometry": {"type": "Point", "coordinates": [106.6545757, -6.1233126]}, "properties": {"kind": "green_area", "name": ""}}, {"type": "Feature", "geometry": {"type": "Point", "coordinates": [106.654829, -6.1241042]}, "properties": {"kind": "green_area", "name": ""}}, {"type": "Feature", "geometry": {"type": "Point", "coordinates": [106.6547916, -6.1242438]}, "properties": {"kind": "green_area", "name": ""}}, {"type": "Feature", "geometry": {"type": "Point", "coordinates": [106.6547015, -6.1235644]}, "properties": {"kind": "green_area", "name": ""}}, {"type": "Feature", "geometry": {"type": "Point", "coordinates": [106.6565248, -6.123853]}, "properties": {"kind": "green_area", "name": ""}}, {"type": "Feature", "geometry": {"type": "Point", "coordinates": [106.6558371, -6.1238397]}, "properties": {"kind": "green_area", "name": ""}}, {"type": "Feature", "geometry": {"type": "Point", "coordinates": [106.6577579, -6.1229992]}, "properties": {"kind": "green_area", "name": ""}}, {"type": "Feature", "geometry": {"type": "Point", "coordinates": [106.6579722, -6.1226576]}, "properties": {"kind": "green_area", "name": ""}}, {"type": "Feature", "geometry": {"type": "Point", "coordinates": [106.6553365, -6.1250482]}, "properties": {"kind": "green_area", "name": ""}}, {"type": "Feature", "geometry": {"type": "Point", "coordinates": [106.655796, -6.1257947]}, "properties": {"kind": "green_area", "name": ""}}, {"type": "Feature", "geometry": {"type": "Point", "coordinates": [106.6555276, -6.1259177]}, "properties": {"kind": "green_area", "name": ""}}, {"type": "Feature", "geometry": {"type": "Point", "coordinates": [106.6563863, -6.1255864]}, "properties": {"kind": "green_area", "name": ""}}, {"type": "Feature", "geometry": {"type": "Point", "coordinates": [106.6579657, -6.1249576]}, "properties": {"kind": "green_area", "name": ""}}, {"type": "Feature", "geometry": {"type": "Point", "coordinates": [106.657199, -6.1256224]}, "properties": {"kind": "green_area", "name": ""}}, {"type": "Feature", "geometry": {"type": "Point", "coordinates": [106.6577103, -6.1277809]}, "properties": {"kind": "green_area", "name": ""}}, {"type": "Feature", "geometry": {"type": "Point", "coordinates": [106.6570587, -6.127607]}, "properties": {"kind": "green_area", "name": ""}}, {"type": "Feature", "geometry": {"type": "Point", "coordinates": [106.6552679, -6.1281813]}, "properties": {"kind": "green_area", "name": ""}}, {"type": "Feature", "geometry": {"type": "Point", "coordinates": [106.6538019, -6.1252381]}, "properties": {"kind": "green_area", "name": ""}}, {"type": "Feature", "geometry": {"type": "Point", "coordinates": [106.6564415, -6.1248178]}, "properties": {"kind": "green_area", "name": ""}}, {"type": "Feature", "geometry": {"type": "Point", "coordinates": [106.6596393, -6.1243147]}, "properties": {"kind": "green_area", "name": ""}}, {"type": "Feature", "geometry": {"type": "Point", "coordinates": [106.6593232, -6.1238176]}, "properties": {"kind": "green_area", "name": ""}}, {"type": "Feature", "geometry": {"type": "Point", "coordinates": [106.6597114, -6.1245679]}, "properties": {"kind": "green_area", "name": ""}}, {"type": "Feature", "geometry": {"type": "Point", "coordinates": [106.6586687, -6.1261669]}, "properties": {"kind": "green_area", "name": ""}}, {"type": "Feature", "geometry": {"type": "Point", "coordinates": [106.6582433, -6.1255307]}, "properties": {"kind": "green_area", "name": ""}}, {"type": "Feature", "geometry": {"type": "Point", "coordinates": [106.656866, -6.1266468]}, "properties": {"kind": "green_area", "name": ""}}, {"type": "Feature", "geometry": {"type": "Point", "coordinates": [106.656623, -6.1258864]}, "properties": {"kind": "green_area", "name": ""}}, {"type": "Feature", "geometry": {"type": "Point", "coordinates": [106.6561765, -6.126053]}, "properties": {"kind": "green_area", "name": ""}}, {"type": "Feature", "geometry": {"type": "Point", "coordinates": [106.6578525, -6.1260228]}, "properties": {"kind": "green_area", "name": ""}}, {"type": "Feature", "geometry": {"type": "Point", "coordinates": [106.6530604, -6.1257253]}, "properties": {"kind": "green_area", "name": ""}}, {"type": "Feature", "geometry": {"type": "Point", "coordinates": [106.6556945, -6.1284806]}, "properties": {"kind": "green_area", "name": ""}}, {"type": "Feature", "geometry": {"type": "Point", "coordinates": [106.6558821, -6.1286724]}, "properties": {"kind": "green_area", "name": ""}}, {"type": "Feature", "geometry": {"type": "Point", "coordinates": [106.6506138, -6.1270032]}, "properties": {"kind": "tree", "name": ""}}, {"type": "Feature", "geometry": {"type": "Point", "coordinates": [106.6506734, -6.1270452]}, "properties": {"kind": "tree", "name": ""}}, {"type": "Feature", "geometry": {"type": "Point", "coordinates": [106.6507056, -6.1269492]}, "properties": {"kind": "tree", "name": ""}}, {"type": "Feature", "geometry": {"type": "Point", "coordinates": [106.6508686, -6.1269438]}, "properties": {"kind": "tree", "name": ""}}, {"type": "Feature", "geometry": {"type": "Point", "coordinates": [106.6506922, -6.1271205]}, "properties": {"kind": "tree", "name": ""}}, {"type": "Feature", "geometry": {"type": "Point", "coordinates": [106.6507653, -6.1271005]}, "properties": {"kind": "tree", "name": ""}}, {"type": "Feature", "geometry": {"type": "Point", "coordinates": [106.6508927, -6.1271298]}, "properties": {"kind": "tree", "name": ""}}, {"type": "Feature", "geometry": {"type": "Point", "coordinates": [106.6508049, -6.1271698]}, "properties": {"kind": "tree", "name": ""}}, {"type": "Feature", "geometry": {"type": "Point", "coordinates": [106.6507009, -6.1272045]}, "properties": {"kind": "tree", "name": ""}}, {"type": "Feature", "geometry": {"type": "Point", "coordinates": [106.6516954, -6.1274472]}, "properties": {"kind": "tree", "name": ""}}, {"type": "Feature", "geometry": {"type": "Point", "coordinates": [106.6515787, -6.1274859]}, "properties": {"kind": "tree", "name": ""}}, {"type": "Feature", "geometry": {"type": "Point", "coordinates": [106.6514352, -6.1275612]}, "properties": {"kind": "tree", "name": ""}}, {"type": "Feature", "geometry": {"type": "Point", "coordinates": [106.6513333, -6.1276152]}, "properties": {"kind": "tree", "name": ""}}, {"type": "Feature", "geometry": {"type": "Point", "coordinates": [106.6526724, -6.1273999]}, "properties": {"kind": "tree", "name": ""}}, {"type": "Feature", "geometry": {"type": "Point", "coordinates": [106.6526462, -6.1274972]}, "properties": {"kind": "tree", "name": ""}}, {"type": "Feature", "geometry": {"type": "Point", "coordinates": [106.6525185, -6.1275475]}, "properties": {"kind": "tree", "name": ""}}, {"type": "Feature", "geometry": {"type": "Point", "coordinates": [106.6524443, -6.1275851]}, "properties": {"kind": "tree", "name": ""}}, {"type": "Feature", "geometry": {"type": "Point", "coordinates": [106.6523188, -6.1276329]}, "properties": {"kind": "tree", "name": ""}}, {"type": "Feature", "geometry": {"type": "Point", "coordinates": [106.6520814, -6.1277152]}, "properties": {"kind": "tree", "name": ""}}, {"type": "Feature", "geometry": {"type": "Point", "coordinates": [106.6506606, -6.1289173]}, "properties": {"kind": "tree", "name": ""}}, {"type": "Feature", "geometry": {"type": "Point", "coordinates": [106.6502103, -6.1284823]}, "properties": {"kind": "tree", "name": ""}}, {"type": "Feature", "geometry": {"type": "Point", "coordinates": [106.6496395, -6.1266578]}, "properties": {"kind": "tree", "name": ""}}, {"type": "Feature", "geometry": {"type": "Point", "coordinates": [106.6518912, -6.1277926]}, "properties": {"kind": "tree", "name": ""}}, {"type": "Feature", "geometry": {"type": "Point", "coordinates": [106.6517202, -6.1278706]}, "properties": {"kind": "tree", "name": ""}}, {"type": "Feature", "geometry": {"type": "Point", "coordinates": [106.6515304, -6.1279106]}, "properties": {"kind": "tree", "name": ""}}, {"type": "Feature", "geometry": {"type": "Point", "coordinates": [106.6514593, -6.1278546]}, "properties": {"kind": "tree", "name": ""}}, {"type": "Feature", "geometry": {"type": "Point", "coordinates": [106.6513547, -6.1278979]}, "properties": {"kind": "tree", "name": ""}}, {"type": "Feature", "geometry": {"type": "Point", "coordinates": [106.651234, -6.1279472]}, "properties": {"kind": "tree", "name": ""}}, {"type": "Feature", "geometry": {"type": "Point", "coordinates": [106.6512132, -6.1280873]}, "properties": {"kind": "tree", "name": ""}}, {"type": "Feature", "geometry": {"type": "Point", "coordinates": [106.6505367, -6.1266285]}, "properties": {"kind": "tree", "name": ""}}, {"type": "Feature", "geometry": {"type": "Point", "coordinates": [106.6504817, -6.1266711]}, "properties": {"kind": "tree", "name": ""}}, {"type": "Feature", "geometry": {"type": "Point", "coordinates": [106.650369, -6.1267005]}, "properties": {"kind": "tree", "name": ""}}, {"type": "Feature", "geometry": {"type": "Point", "coordinates": [106.6508612, -6.1267165]}, "properties": {"kind": "tree", "name": ""}}, {"type": "Feature", "geometry": {"type": "Point", "coordinates": [106.6502054, -6.1267658]}, "properties": {"kind": "tree", "name": ""}}, {"type": "Feature", "geometry": {"type": "Point", "coordinates": [106.6499881, -6.1268512]}, "properties": {"kind": "tree", "name": ""}}, {"type": "Feature", "geometry": {"type": "Point", "coordinates": [106.6505945, -6.1276455]}, "properties": {"kind": "tree", "name": ""}}, {"type": "Feature", "geometry": {"type": "Point", "coordinates": [106.6506612, -6.1277312]}, "properties": {"kind": "tree", "name": ""}}, {"type": "Feature", "geometry": {"type": "Point", "coordinates": [106.6531491, -6.1266638]}, "properties": {"kind": "tree", "name": ""}}, {"type": "Feature", "geometry": {"type": "Point", "coordinates": [106.6524776, -6.1263124]}, "properties": {"kind": "tree", "name": ""}}, {"type": "Feature", "geometry": {"type": "Point", "coordinates": [106.6526601, -6.1264661]}, "properties": {"kind": "tree", "name": ""}}, {"type": "Feature", "geometry": {"type": "Point", "coordinates": [106.6527961, -6.1264233]}, "properties": {"kind": "tree", "name": ""}}, {"type": "Feature", "geometry": {"type": "Point", "coordinates": [106.6528739, -6.1263989]}, "properties": {"kind": "tree", "name": ""}}, {"type": "Feature", "geometry": {"type": "Point", "coordinates": [106.652551, -6.129234]}, "properties": {"kind": "tree", "name": ""}}, {"type": "Feature", "geometry": {"type": "Point", "coordinates": [106.6526918, -6.1291753]}, "properties": {"kind": "tree", "name": ""}}, {"type": "Feature", "geometry": {"type": "Point", "coordinates": [106.6530217, -6.1290407]}, "properties": {"kind": "tree", "name": ""}}, {"type": "Feature", "geometry": {"type": "Point", "coordinates": [106.6531478, -6.128994]}, "properties": {"kind": "tree", "name": ""}}, {"type": "Feature", "geometry": {"type": "Point", "coordinates": [106.6533811, -6.1288913]}, "properties": {"kind": "tree", "name": ""}}, {"type": "Feature", "geometry": {"type": "Point", "coordinates": [106.6537513, -6.1288046]}, "properties": {"kind": "tree", "name": ""}}, {"type": "Feature", "geometry": {"type": "Point", "coordinates": [106.6519741, -6.1299587]}, "properties": {"kind": "tree", "name": ""}}, {"type": "Feature", "geometry": {"type": "Point", "coordinates": [106.652716, -6.1254818]}, "properties": {"kind": "tree", "name": ""}}, {"type": "Feature", "geometry": {"type": "Point", "coordinates": [106.6528842, -6.1254628]}, "properties": {"kind": "tree", "name": ""}}, {"type": "Feature", "geometry": {"type": "Point", "coordinates": [106.6521359, -6.1256353]}, "properties": {"kind": "tree", "name": ""}}, {"type": "Feature", "geometry": {"type": "Point", "coordinates": [106.6509863, -6.1257612]}, "properties": {"kind": "tree", "name": ""}}, {"type": "Feature", "geometry": {"type": "Point", "coordinates": [106.6513918, -6.125703]}, "properties": {"kind": "tree", "name": ""}}, {"type": "Feature", "geometry": {"type": "Point", "coordinates": [106.6511119, -6.1258385]}, "properties": {"kind": "tree", "name": ""}}, {"type": "Feature", "geometry": {"type": "Point", "coordinates": [106.6512418, -6.1256999]}, "properties": {"kind": "tree", "name": ""}}, {"type": "Feature", "geometry": {"type": "Point", "coordinates": [106.6509924, -6.1250499]}, "properties": {"kind": "tree", "name": ""}}, {"type": "Feature", "geometry": {"type": "Point", "coordinates": [106.6508927, -6.1249289]}, "properties": {"kind": "tree", "name": ""}}, {"type": "Feature", "geometry": {"type": "Point", "coordinates": [106.6508532, -6.1246108]}, "properties": {"kind": "tree", "name": ""}}, {"type": "Feature", "geometry": {"type": "Point", "coordinates": [106.6507766, -6.1246076]}, "properties": {"kind": "tree", "name": ""}}, {"type": "Feature", "geometry": {"type": "Point", "coordinates": [106.6507117, -6.1246034]}, "properties": {"kind": "tree", "name": ""}}, {"type": "Feature", "geometry": {"type": "Point", "coordinates": [106.6516303, -6.1248405]}, "properties": {"kind": "tree", "name": ""}}, {"type": "Feature", "geometry": {"type": "Point", "coordinates": [106.6535024, -6.1235718]}, "properties": {"kind": "tree", "name": ""}}, {"type": "Feature", "geometry": {"type": "Point", "coordinates": [106.6537117, -6.1236215]}, "properties": {"kind": "tree", "name": ""}}, {"type": "Feature", "geometry": {"type": "Point", "coordinates": [106.6531431, -6.1234555]}, "properties": {"kind": "tree", "name": ""}}, {"type": "Feature", "geometry": {"type": "Point", "coordinates": [106.6533986, -6.1234602]}, "properties": {"kind": "tree", "name": ""}}, {"type": "Feature", "geometry": {"type": "Point", "coordinates": [106.6537754, -6.1238229]}, "properties": {"kind": "tree", "name": ""}}, {"type": "Feature", "geometry": {"type": "Point", "coordinates": [106.6536427, -6.1239016]}, "properties": {"kind": "tree", "name": ""}}, {"type": "Feature", "geometry": {"type": "Point", "coordinates": [106.6534321, -6.1238256]}, "properties": {"kind": "tree", "name": ""}}, {"type": "Feature", "geometry": {"type": "Point", "coordinates": [106.6531833, -6.1238856]}, "properties": {"kind": "tree", "name": ""}}, {"type": "Feature", "geometry": {"type": "Point", "coordinates": [106.6533121, -6.1238242]}, "properties": {"kind": "tree", "name": ""}}, {"type": "Feature", "geometry": {"type": "Point", "coordinates": [106.6532785, -6.1236995]}, "properties": {"kind": "tree", "name": ""}}, {"type": "Feature", "geometry": {"type": "Point", "coordinates": [106.6532236, -6.1237262]}, "properties": {"kind": "tree", "name": ""}}, {"type": "Feature", "geometry": {"type": "Point", "coordinates": [106.6530727, -6.1237896]}, "properties": {"kind": "tree", "name": ""}}, {"type": "Feature", "geometry": {"type": "Point", "coordinates": [106.6530418, -6.1236742]}, "properties": {"kind": "tree", "name": ""}}, {"type": "Feature", "geometry": {"type": "Point", "coordinates": [106.6528507, -6.1236362]}, "properties": {"kind": "tree", "name": ""}}, {"type": "Feature", "geometry": {"type": "Point", "coordinates": [106.6528662, -6.1237896]}, "properties": {"kind": "tree", "name": ""}}, {"type": "Feature", "geometry": {"type": "Point", "coordinates": [106.6523666, -6.1239389]}, "properties": {"kind": "tree", "name": ""}}, {"type": "Feature", "geometry": {"type": "Point", "coordinates": [106.6523579, -6.1242756]}, "properties": {"kind": "tree", "name": ""}}, {"type": "Feature", "geometry": {"type": "Point", "coordinates": [106.6524632, -6.1243563]}, "properties": {"kind": "tree", "name": ""}}, {"type": "Feature", "geometry": {"type": "Point", "coordinates": [106.6525074, -6.1239762]}, "properties": {"kind": "tree", "name": ""}}, {"type": "Feature", "geometry": {"type": "Point", "coordinates": [106.6524538, -6.1241249]}, "properties": {"kind": "tree", "name": ""}}, {"type": "Feature", "geometry": {"type": "Point", "coordinates": [106.65249, -6.1242163]}, "properties": {"kind": "tree", "name": ""}}, {"type": "Feature", "geometry": {"type": "Point", "coordinates": [106.6527542, -6.1240036]}, "properties": {"kind": "tree", "name": ""}}, {"type": "Feature", "geometry": {"type": "Point", "coordinates": [106.6525999, -6.1240602]}, "properties": {"kind": "tree", "name": ""}}, {"type": "Feature", "geometry": {"type": "Point", "coordinates": [106.6526107, -6.1241643]}, "properties": {"kind": "tree", "name": ""}}, {"type": "Feature", "geometry": {"type": "Point", "coordinates": [106.6527575, -6.1240996]}, "properties": {"kind": "tree", "name": ""}}, {"type": "Feature", "geometry": {"type": "Point", "coordinates": [106.6527126, -6.1242516]}, "properties": {"kind": "tree", "name": ""}}, {"type": "Feature", "geometry": {"type": "Point", "coordinates": [106.6528501, -6.1241983]}, "properties": {"kind": "tree", "name": ""}}, {"type": "Feature", "geometry": {"type": "Point", "coordinates": [106.6529996, -6.1241456]}, "properties": {"kind": "tree", "name": ""}}, {"type": "Feature", "geometry": {"type": "Point", "coordinates": [106.6529024, -6.1242936]}, "properties": {"kind": "tree", "name": ""}}, {"type": "Feature", "geometry": {"type": "Point", "coordinates": [106.6527515, -6.1243356]}, "properties": {"kind": "tree", "name": ""}}, {"type": "Feature", "geometry": {"type": "Point", "coordinates": [106.652889, -6.1244489]}, "properties": {"kind": "tree", "name": ""}}, {"type": "Feature", "geometry": {"type": "Point", "coordinates": [106.6528469, -6.1246034]}, "properties": {"kind": "tree", "name": ""}}, {"type": "Feature", "geometry": {"type": "Point", "coordinates": [106.6527543, -6.1244902]}, "properties": {"kind": "tree", "name": ""}}, {"type": "Feature", "geometry": {"type": "Point", "coordinates": [106.6526202, -6.1245526]}, "properties": {"kind": "tree", "name": ""}}, {"type": "Feature", "geometry": {"type": "Point", "coordinates": [106.6525031, -6.1245812]}, "properties": {"kind": "tree", "name": ""}}, {"type": "Feature", "geometry": {"type": "Point", "coordinates": [106.6524542, -6.1247198]}, "properties": {"kind": "tree", "name": ""}}, {"type": "Feature", "geometry": {"type": "Point", "coordinates": [106.6525755, -6.1247209]}, "properties": {"kind": "tree", "name": ""}}, {"type": "Feature", "geometry": {"type": "Point", "coordinates": [106.6515961, -6.1246296]}, "properties": {"kind": "tree", "name": ""}}, {"type": "Feature", "geometry": {"type": "Point", "coordinates": [106.6514969, -6.124691]}, "properties": {"kind": "tree", "name": ""}}, {"type": "Feature", "geometry": {"type": "Point", "coordinates": [106.651399, -6.124691]}, "properties": {"kind": "tree", "name": ""}}, {"type": "Feature", "geometry": {"type": "Point", "coordinates": [106.6513467, -6.124611]}, "properties": {"kind": "tree", "name": ""}}, {"type": "Feature", "geometry": {"type": "Point", "coordinates": [106.6512474, -6.124707]}, "properties": {"kind": "tree", "name": ""}}, {"type": "Feature", "geometry": {"type": "Point", "coordinates": [106.6510235, -6.1245096]}, "properties": {"kind": "tree", "name": ""}}, {"type": "Feature", "geometry": {"type": "Point", "coordinates": [106.6510154, -6.1246056]}, "properties": {"kind": "tree", "name": ""}}, {"type": "Feature", "geometry": {"type": "Point", "coordinates": [106.6544537, -6.1283982]}, "properties": {"kind": "tree", "name": ""}}, {"type": "Feature", "geometry": {"type": "Point", "coordinates": [106.6543811, -6.1287804]}, "properties": {"kind": "tree", "name": ""}}, {"type": "Feature", "geometry": {"type": "Point", "coordinates": [106.6535024, -6.1293398]}, "properties": {"kind": "tree", "name": ""}}, {"type": "Feature", "geometry": {"type": "Point", "coordinates": [106.6530023, -6.1295003]}, "properties": {"kind": "tree", "name": ""}}, {"type": "Feature", "geometry": {"type": "Point", "coordinates": [106.6536781, -6.1298161]}, "properties": {"kind": "tree", "name": ""}}, {"type": "Feature", "geometry": {"type": "Point", "coordinates": [106.6538794, -6.129983]}, "properties": {"kind": "tree", "name": ""}}, {"type": "Feature", "geometry": {"type": "Point", "coordinates": [106.6540476, -6.1304042]}, "properties": {"kind": "tree", "name": ""}}, {"type": "Feature", "geometry": {"type": "Point", "coordinates": [106.6553298, -6.1298169]}, "properties": {"kind": "tree", "name": ""}}, {"type": "Feature", "geometry": {"type": "Point", "coordinates": [106.6552014, -6.1298606]}, "properties": {"kind": "tree", "name": ""}}, {"type": "Feature", "geometry": {"type": "Point", "coordinates": [106.6550603, -6.1299749]}, "properties": {"kind": "tree", "name": ""}}, {"type": "Feature", "geometry": {"type": "Point", "coordinates": [106.6556787, -6.1295893]}, "properties": {"kind": "tree", "name": ""}}, {"type": "Feature", "geometry": {"type": "Point", "coordinates": [106.6546405, -6.1291046]}, "properties": {"kind": "tree", "name": ""}}, {"type": "Feature", "geometry": {"type": "Point", "coordinates": [106.6548821, -6.129075]}, "properties": {"kind": "tree", "name": ""}}, {"type": "Feature", "geometry": {"type": "Point", "coordinates": [106.6545553, -6.1292697]}, "properties": {"kind": "tree", "name": ""}}, {"type": "Feature", "geometry": {"type": "Point", "coordinates": [106.654996, -6.1290242]}, "properties": {"kind": "tree", "name": ""}}, {"type": "Feature", "geometry": {"type": "Point", "coordinates": [106.6550237, -6.1291363]}, "properties": {"kind": "tree", "name": ""}}, {"type": "Feature", "geometry": {"type": "Point", "coordinates": [106.654831, -6.1289003]}, "properties": {"kind": "tree", "name": ""}}, {"type": "Feature", "geometry": {"type": "Point", "coordinates": [106.6559391, -6.1291617]}, "properties": {"kind": "tree", "name": ""}}, {"type": "Feature", "geometry": {"type": "Point", "coordinates": [106.6558508, -6.1292348]}, "properties": {"kind": "tree", "name": ""}}, {"type": "Feature", "geometry": {"type": "Point", "coordinates": [106.6554867, -6.1290548]}, "properties": {"kind": "tree", "name": ""}}, {"type": "Feature", "geometry": {"type": "Point", "coordinates": [106.6553388, -6.1291035]}, "properties": {"kind": "tree", "name": ""}}, {"type": "Feature", "geometry": {"type": "Point", "coordinates": [106.6547418, -6.1284687]}, "properties": {"kind": "tree", "name": ""}}, {"type": "Feature", "geometry": {"type": "Point", "coordinates": [106.6525728, -6.1295613]}, "properties": {"kind": "tree", "name": ""}}, {"type": "Feature", "geometry": {"type": "Point", "coordinates": [106.6525127, -6.1294893]}, "properties": {"kind": "tree", "name": ""}}, {"type": "Feature", "geometry": {"type": "Point", "coordinates": [106.6547655, -6.1300513]}, "properties": {"kind": "tree", "name": ""}}, {"type": "Feature", "geometry": {"type": "Point", "coordinates": [106.6546109, -6.1302874]}, "properties": {"kind": "tree", "name": ""}}, {"type": "Feature", "geometry": {"type": "Point", "coordinates": [106.6523381, -6.1259295]}, "properties": {"kind": "tree", "name": ""}}, {"type": "Feature", "geometry": {"type": "Point", "coordinates": [106.6532152, -6.1274218]}, "properties": {"kind": "tree", "name": ""}}, {"type": "Feature", "geometry": {"type": "Point", "coordinates": [106.6532397, -6.1276152]}, "properties": {"kind": "tree", "name": ""}}, {"type": "Feature", "geometry": {"type": "Point", "coordinates": [106.6532618, -6.1246643]}, "properties": {"kind": "tree", "name": ""}}, {"type": "Feature", "geometry": {"type": "Point", "coordinates": [106.6504844, -6.1256564]}, "properties": {"kind": "tree", "name": ""}}, {"type": "Feature", "geometry": {"type": "Point", "coordinates": [106.6505957, -6.1256604]}, "properties": {"kind": "tree", "name": ""}}, {"type": "Feature", "geometry": {"type": "Point", "coordinates": [106.6507016, -6.1256484]}, "properties": {"kind": "tree", "name": ""}}, {"type": "Feature", "geometry": {"type": "Point", "coordinates": [106.6507003, -6.1253617]}, "properties": {"kind": "tree", "name": ""}}, {"type": "Feature", "geometry": {"type": "Point", "coordinates": [106.653238, -6.125128]}, "properties": {"kind": "tree", "name": ""}}, {"type": "Feature", "geometry": {"type": "Point", "coordinates": [106.653156, -6.1251557]}, "properties": {"kind": "tree", "name": ""}}, {"type": "Feature", "geometry": {"type": "Point", "coordinates": [106.6533748, -6.1249953]}, "properties": {"kind": "tree", "name": ""}}, {"type": "Feature", "geometry": {"type": "Point", "coordinates": [106.6537996, -6.1290919]}, "properties": {"kind": "tree", "name": ""}}, {"type": "Feature", "geometry": {"type": "Point", "coordinates": [106.6539305, -6.1291903]}, "properties": {"kind": "tree", "name": ""}}, {"type": "Feature", "geometry": {"type": "Point", "coordinates": [106.6539827, -6.1293734]}, "properties": {"kind": "tree", "name": ""}}, {"type": "Feature", "geometry": {"type": "Point", "coordinates": [106.6554786, -6.128904]}, "properties": {"kind": "tree", "name": ""}}, {"type": "Feature", "geometry": {"type": "Point", "coordinates": [106.6504683, -6.1258924]}, "properties": {"kind": "tree", "name": ""}}, {"type": "Feature", "geometry": {"type": "Point", "coordinates": [106.6506708, -6.1258284]}, "properties": {"kind": "tree", "name": ""}}, {"type": "Feature", "geometry": {"type": "Point", "coordinates": [106.6507485, -6.1258604]}, "properties": {"kind": "tree", "name": ""}}, {"type": "Feature", "geometry": {"type": "Point", "coordinates": [106.6506453, -6.1259004]}, "properties": {"kind": "tree", "name": ""}}, {"type": "Feature", "geometry": {"type": "Point", "coordinates": [106.6506909, -6.1259831]}, "properties": {"kind": "tree", "name": ""}}, {"type": "Feature", "geometry": {"type": "Point", "coordinates": [106.6505648, -6.1259337]}, "properties": {"kind": "tree", "name": ""}}, {"type": "Feature", "geometry": {"type": "Point", "coordinates": [106.6506265, -6.1259711]}, "properties": {"kind": "tree", "name": ""}}, {"type": "Feature", "geometry": {"type": "Point", "coordinates": [106.6504388, -6.1259724]}, "properties": {"kind": "tree", "name": ""}}, {"type": "Feature", "geometry": {"type": "Point", "coordinates": [106.6505031, -6.1259551]}, "properties": {"kind": "tree", "name": ""}}, {"type": "Feature", "geometry": {"type": "Point", "coordinates": [106.6505836, -6.1260177]}, "properties": {"kind": "tree", "name": ""}}, {"type": "Feature", "geometry": {"type": "Point", "coordinates": [106.6505165, -6.1260658]}, "properties": {"kind": "tree", "name": ""}}, {"type": "Feature", "geometry": {"type": "Point", "coordinates": [106.6504723, -6.1258217]}, "properties": {"kind": "tree", "name": ""}}, {"type": "Feature", "geometry": {"type": "Point", "coordinates": [106.6497803, -6.1256915]}, "properties": {"kind": "green_area", "name": ""}}, {"type": "Feature", "geometry": {"type": "Point", "coordinates": [106.6533567, -6.1241659]}, "properties": {"kind": "green_area", "name": ""}}, {"type": "Feature", "geometry": {"type": "Point", "coordinates": [106.6499703, -6.1272885]}, "properties": {"kind": "green_area", "name": ""}}, {"type": "Feature", "geometry": {"type": "Point", "coordinates": [106.6502008, -6.1288506]}, "properties": {"kind": "green_area", "name": ""}}, {"type": "Feature", "geometry": {"type": "Point", "coordinates": [106.6530833, -6.126455]}, "properties": {"kind": "green_area", "name": ""}}, {"type": "Feature", "geometry": {"type": "Point", "coordinates": [106.652865, -6.1267262]}, "properties": {"kind": "green_area", "name": ""}}, {"type": "Feature", "geometry": {"type": "Point", "coordinates": [106.6522564, -6.1256702]}, "properties": {"kind": "green_area", "name": ""}}, {"type": "Feature", "geometry": {"type": "Point", "coordinates": [106.6513312, -6.1254967]}, "properties": {"kind": "green_area", "name": ""}}, {"type": "Feature", "geometry": {"type": "Point", "coordinates": [106.6524538, -6.1252807]}, "properties": {"kind": "green_area", "name": ""}}, {"type": "Feature", "geometry": {"type": "Point", "coordinates": [106.6524665, -6.1251437]}, "properties": {"kind": "green_area", "name": ""}}, {"type": "Feature", "geometry": {"type": "Point", "coordinates": [106.6520213, -6.1250921]}, "properties": {"kind": "green_area", "name": ""}}, {"type": "Feature", "geometry": {"type": "Point", "coordinates": [106.6513285, -6.1245838]}, "properties": {"kind": "green_area", "name": ""}}, {"type": "Feature", "geometry": {"type": "Point", "coordinates": [106.652553, -6.1295766]}, "properties": {"kind": "green_area", "name": ""}}, {"type": "Feature", "geometry": {"type": "Point", "coordinates": [106.6527016, -6.1297103]}, "properties": {"kind": "green_area", "name": ""}}, {"type": "Feature", "geometry": {"type": "Point", "coordinates": [106.653465, -6.1305103]}, "properties": {"kind": "green_area", "name": ""}}, {"type": "Feature", "geometry": {"type": "Point", "coordinates": [106.6547072, -6.1304642]}, "properties": {"kind": "green_area", "name": ""}}, {"type": "Feature", "geometry": {"type": "Point", "coordinates": [106.654843, -6.1305127]}, "properties": {"kind": "green_area", "name": ""}}, {"type": "Feature", "geometry": {"type": "Point", "coordinates": [106.6547883, -6.1299174]}, "properties": {"kind": "green_area", "name": ""}}, {"type": "Feature", "geometry": {"type": "Point", "coordinates": [106.6543578, -6.1301386]}, "properties": {"kind": "green_area", "name": ""}}, {"type": "Feature", "geometry": {"type": "Point", "coordinates": [106.6518548, -6.1295252]}, "properties": {"kind": "green_area", "name": ""}}, {"type": "Feature", "geometry": {"type": "Point", "coordinates": [106.6531524, -6.1287791]}, "properties": {"kind": "green_area", "name": ""}}, {"type": "Feature", "geometry": {"type": "Point", "coordinates": [106.6525755, -6.1291023]}, "properties": {"kind": "green_area", "name": ""}}, {"type": "Feature", "geometry": {"type": "Point", "coordinates": [106.6532566, -6.1289882]}, "properties": {"kind": "green_area", "name": ""}}, {"type": "Feature", "geometry": {"type": "Point", "coordinates": [106.6532182, -6.1294649]}, "properties": {"kind": "green_area", "name": ""}}, {"type": "Feature", "geometry": {"type": "Point", "coordinates": [106.6534827, -6.1293655]}, "properties": {"kind": "green_area", "name": ""}}, {"type": "Feature", "geometry": {"type": "Point", "coordinates": [106.6548202, -6.1297157]}, "properties": {"kind": "green_area", "name": ""}}, {"type": "Feature", "geometry": {"type": "Point", "coordinates": [106.6561517, -6.1291816]}, "properties": {"kind": "green_area", "name": ""}}, {"type": "Feature", "geometry": {"type": "Point", "coordinates": [106.6521822, -6.1259037]}, "properties": {"kind": "green_area", "name": ""}}, {"type": "Feature", "geometry": {"type": "Point", "coordinates": [106.6531163, -6.1274585]}, "properties": {"kind": "green_area", "name": ""}}, {"type": "Feature", "geometry": {"type": "Point", "coordinates": [106.6507385, -6.1246129]}, "properties": {"kind": "green_area", "name": ""}}, {"type": "Feature", "geometry": {"type": "Point", "coordinates": [106.6532427, -6.1250657]}, "properties": {"kind": "green_area", "name": ""}}, {"type": "Feature", "geometry": {"type": "Point", "coordinates": [106.6545821, -6.1292337]}, "properties": {"kind": "green_area", "name": ""}}, {"type": "Feature", "geometry": {"type": "Point", "coordinates": [106.653194, -6.1281656]}, "properties": {"kind": "green_area", "name": ""}}, {"type": "Feature", "geometry": {"type": "Point", "coordinates": [106.6529951, -6.1280004]}, "properties": {"kind": "green_area", "name": ""}}, {"type": "Feature", "geometry": {"type": "Point", "coordinates": [106.6541845, -6.1234322]}, "properties": {"kind": "tree", "name": ""}}, {"type": "Feature", "geometry": {"type": "Point", "coordinates": [106.6540242, -6.1234955]}, "properties": {"kind": "tree", "name": ""}}, {"type": "Feature", "geometry": {"type": "Point", "coordinates": [106.655491, -6.1218203]}, "properties": {"kind": "green_area", "name": ""}}, {"type": "Feature", "geometry": {"type": "Point", "coordinates": [106.6625731, -6.1206933]}, "properties": {"kind": "tree", "name": ""}}, {"type": "Feature", "geometry": {"type": "Point", "coordinates": [106.6633241, -6.1202759]}, "properties": {"kind": "tree", "name": ""}}, {"type": "Feature", "geometry": {"type": "Point", "coordinates": [106.6632195, -6.1203772]}, "properties": {"kind": "tree", "name": ""}}, {"type": "Feature", "geometry": {"type": "Point", "coordinates": [106.6629875, -6.1204853]}, "properties": {"kind": "tree", "name": ""}}, {"type": "Feature", "geometry": {"type": "Point", "coordinates": [106.662848, -6.1205893]}, "properties": {"kind": "tree", "name": ""}}, {"type": "Feature", "geometry": {"type": "Point", "coordinates": [106.6621493, -6.1208893]}, "properties": {"kind": "tree", "name": ""}}, {"type": "Feature", "geometry": {"type": "Point", "coordinates": [106.6619736, -6.1210546]}, "properties": {"kind": "tree", "name": ""}}, {"type": "Feature", "geometry": {"type": "Point", "coordinates": [106.6617939, -6.121088]}, "properties": {"kind": "tree", "name": ""}}, {"type": "Feature", "geometry": {"type": "Point", "coordinates": [106.6615605, -6.1212253]}, "properties": {"kind": "tree", "name": ""}}, {"type": "Feature", "geometry": {"type": "Point", "coordinates": [106.6602958, -6.1211437]}, "properties": {"kind": "tree", "name": ""}}, {"type": "Feature", "geometry": {"type": "Point", "coordinates": [106.6603414, -6.1212152]}, "properties": {"kind": "tree", "name": ""}}, {"type": "Feature", "geometry": {"type": "Point", "coordinates": [106.6599697, -6.1219342]}, "properties": {"kind": "tree", "name": ""}}, {"type": "Feature", "geometry": {"type": "Point", "coordinates": [106.6600694, -6.1219636]}, "properties": {"kind": "tree", "name": ""}}, {"type": "Feature", "geometry": {"type": "Point", "coordinates": [106.6605018, -6.1215961]}, "properties": {"kind": "tree", "name": ""}}, {"type": "Feature", "geometry": {"type": "Point", "coordinates": [106.660393, -6.1216889]}, "properties": {"kind": "tree", "name": ""}}, {"type": "Feature", "geometry": {"type": "Point", "coordinates": [106.6603068, -6.12172]}, "properties": {"kind": "tree", "name": ""}}, {"type": "Feature", "geometry": {"type": "Point", "coordinates": [106.6601986, -6.1217612]}, "properties": {"kind": "tree", "name": ""}}, {"type": "Feature", "geometry": {"type": "Point", "coordinates": [106.6600964, -6.1217847]}, "properties": {"kind": "tree", "name": ""}}, {"type": "Feature", "geometry": {"type": "Point", "coordinates": [106.6600364, -6.1216402]}, "properties": {"kind": "tree", "name": ""}}, {"type": "Feature", "geometry": {"type": "Point", "coordinates": [106.6599046, -6.121489]}, "properties": {"kind": "tree", "name": ""}}, {"type": "Feature", "geometry": {"type": "Point", "coordinates": [106.6600719, -6.121431]}, "properties": {"kind": "tree", "name": ""}}, {"type": "Feature", "geometry": {"type": "Point", "coordinates": [106.6602713, -6.1213731]}, "properties": {"kind": "tree", "name": ""}}, {"type": "Feature", "geometry": {"type": "Point", "coordinates": [106.6601885, -6.1212437]}, "properties": {"kind": "tree", "name": ""}}, {"type": "Feature", "geometry": {"type": "Point", "coordinates": [106.6600702, -6.1212874]}, "properties": {"kind": "tree", "name": ""}}, {"type": "Feature", "geometry": {"type": "Point", "coordinates": [106.6599342, -6.1213437]}, "properties": {"kind": "tree", "name": ""}}, {"type": "Feature", "geometry": {"type": "Point", "coordinates": [106.6598573, -6.1213714]}, "properties": {"kind": "tree", "name": ""}}, {"type": "Feature", "geometry": {"type": "Point", "coordinates": [106.6598818, -6.1215209]}, "properties": {"kind": "tree", "name": ""}}, {"type": "Feature", "geometry": {"type": "Point", "coordinates": [106.6597688, -6.12108]}, "properties": {"kind": "tree", "name": ""}}, {"type": "Feature", "geometry": {"type": "Point", "coordinates": [106.6600196, -6.1209986]}, "properties": {"kind": "tree", "name": ""}}, {"type": "Feature", "geometry": {"type": "Point", "coordinates": [106.6600397, -6.121124]}, "properties": {"kind": "tree", "name": ""}}, {"type": "Feature", "geometry": {"type": "Point", "coordinates": [106.6599807, -6.1211533]}, "properties": {"kind": "tree", "name": ""}}, {"type": "Feature", "geometry": {"type": "Point", "coordinates": [106.6598184, -6.1212133]}, "properties": {"kind": "tree", "name": ""}}, {"type": "Feature", "geometry": {"type": "Point", "coordinates": [106.6605547, -6.1205373]}, "properties": {"kind": "tree", "name": ""}}, {"type": "Feature", "geometry": {"type": "Point", "coordinates": [106.6605145, -6.1203799]}, "properties": {"kind": "tree", "name": ""}}, {"type": "Feature", "geometry": {"type": "Point", "coordinates": [106.660729, -6.1204399]}, "properties": {"kind": "tree", "name": ""}}, {"type": "Feature", "geometry": {"type": "Point", "coordinates": [106.6613848, -6.1200465]}, "properties": {"kind": "tree", "name": ""}}, {"type": "Feature", "geometry": {"type": "Point", "coordinates": [106.6615002, -6.1200652]}, "properties": {"kind": "tree", "name": ""}}, {"type": "Feature", "geometry": {"type": "Point", "coordinates": [106.6616102, -6.1200812]}, "properties": {"kind": "tree", "name": ""}}, {"type": "Feature", "geometry": {"type": "Point", "coordinates": [106.6616718, -6.1202826]}, "properties": {"kind": "tree", "name": ""}}, {"type": "Feature", "geometry": {"type": "Point", "coordinates": [106.6615243, -6.1203572]}, "properties": {"kind": "tree", "name": ""}}, {"type": "Feature", "geometry": {"type": "Point", "coordinates": [106.6613889, -6.1204372]}, "properties": {"kind": "tree", "name": ""}}, {"type": "Feature", "geometry": {"type": "Point", "coordinates": [106.6611059, -6.1205559]}, "properties": {"kind": "tree", "name": ""}}, {"type": "Feature", "geometry": {"type": "Point", "coordinates": [106.6609745, -6.1205959]}, "properties": {"kind": "tree", "name": ""}}, {"type": "Feature", "geometry": {"type": "Point", "coordinates": [106.6608994, -6.1207479]}, "properties": {"kind": "tree", "name": ""}}, {"type": "Feature", "geometry": {"type": "Point", "coordinates": [106.6608846, -6.1208813]}, "properties": {"kind": "tree", "name": ""}}, {"type": "Feature", "geometry": {"type": "Point", "coordinates": [106.6603656, -6.1207053]}, "properties": {"kind": "tree", "name": ""}}, {"type": "Feature", "geometry": {"type": "Point", "coordinates": [106.6605037, -6.1207053]}, "properties": {"kind": "tree", "name": ""}}, {"type": "Feature", "geometry": {"type": "Point", "coordinates": [106.6605949, -6.1211413]}, "properties": {"kind": "tree", "name": ""}}, {"type": "Feature", "geometry": {"type": "Point", "coordinates": [106.6604783, -6.1210546]}, "properties": {"kind": "tree", "name": ""}}, {"type": "Feature", "geometry": {"type": "Point", "coordinates": [106.6605775, -6.120944]}, "properties": {"kind": "tree", "name": ""}}, {"type": "Feature", "geometry": {"type": "Point", "coordinates": [106.6606714, -6.1212653]}, "properties": {"kind": "tree", "name": ""}}, {"type": "Feature", "geometry": {"type": "Point", "coordinates": [106.6606057, -6.1214013]}, "properties": {"kind": "tree", "name": ""}}, {"type": "Feature", "geometry": {"type": "Point", "coordinates": [106.6607929, -6.1215955]}, "properties": {"kind": "tree", "name": ""}}, {"type": "Feature", "geometry": {"type": "Point", "coordinates": [106.6609377, -6.1215447]}, "properties": {"kind": "tree", "name": ""}}, {"type": "Feature", "geometry": {"type": "Point", "coordinates": [106.6609877, -6.1211572]}, "properties": {"kind": "tree", "name": ""}}, {"type": "Feature", "geometry": {"type": "Point", "coordinates": [106.6636743, -6.1200509]}, "properties": {"kind": "tree", "name": ""}}, {"type": "Feature", "geometry": {"type": "Point", "coordinates": [106.6637157, -6.1201214]}, "properties": {"kind": "tree", "name": ""}}, {"type": "Feature", "geometry": {"type": "Point", "coordinates": [106.6638737, -6.1201844]}, "properties": {"kind": "tree", "name": ""}}, {"type": "Feature", "geometry": {"type": "Point", "coordinates": [106.6640393, -6.1201836]}, "properties": {"kind": "tree", "name": ""}}, {"type": "Feature", "geometry": {"type": "Point", "coordinates": [106.6640976, -6.1201156]}, "properties": {"kind": "tree", "name": ""}}, {"type": "Feature", "geometry": {"type": "Point", "coordinates": [106.6635248, -6.1205818]}, "properties": {"kind": "tree", "name": ""}}, {"type": "Feature", "geometry": {"type": "Point", "coordinates": [106.6636878, -6.1204986]}, "properties": {"kind": "tree", "name": ""}}, {"type": "Feature", "geometry": {"type": "Point", "coordinates": [106.6637732, -6.120465]}, "properties": {"kind": "tree", "name": ""}}, {"type": "Feature", "geometry": {"type": "Point", "coordinates": [106.663905, -6.1204037]}, "properties": {"kind": "tree", "name": ""}}, {"type": "Feature", "geometry": {"type": "Point", "coordinates": [106.6639751, -6.1203625]}, "properties": {"kind": "tree", "name": ""}}, {"type": "Feature", "geometry": {"type": "Point", "coordinates": [106.6636481, -6.1203617]}, "properties": {"kind": "tree", "name": ""}}, {"type": "Feature", "geometry": {"type": "Point", "coordinates": [106.6635214, -6.120428]}, "properties": {"kind": "tree", "name": ""}}, {"type": "Feature", "geometry": {"type": "Point", "coordinates": [106.6604507, -6.1210047]}, "properties": {"kind": "green_area", "name": ""}}, {"type": "Feature", "geometry": {"type": "Point", "coordinates": [106.6606388, -6.1202433]}, "properties": {"kind": "green_area", "name": ""}}, {"type": "Feature", "geometry": {"type": "Point", "coordinates": [106.6624395, -6.1207657]}, "properties": {"kind": "green_area", "name": ""}}, {"type": "Feature", "geometry": {"type": "Point", "coordinates": [106.660501, -6.1216019]}, "properties": {"kind": "green_area", "name": ""}}, {"type": "Feature", "geometry": {"type": "Point", "coordinates": [106.6591749, -6.1209026]}, "properties": {"kind": "green_area", "name": ""}}, {"type": "Feature", "geometry": {"type": "Point", "coordinates": [106.6642652, -6.1202023]}, "properties": {"kind": "green_area", "name": ""}}, {"type": "Feature", "geometry": {"type": "Point", "coordinates": [106.6636067, -6.1204326]}, "properties": {"kind": "green_area", "name": ""}}, {"type": "Feature", "geometry": {"type": "Point", "coordinates": [106.6637424, -6.1204995]}, "properties": {"kind": "green_area", "name": ""}}, {"type": "Feature", "geometry": {"type": "Point", "coordinates": [106.6643402, -6.1207616]}, "properties": {"kind": "green_area", "name": ""}}, {"type": "Feature", "geometry": {"type": "Point", "coordinates": [106.6880067, -6.1220124]}, "properties": {"kind": "green_area", "name": ""}}, {"type": "Feature", "geometry": {"type": "Point", "coordinates": [106.6843702, -6.1238139]}, "properties": {"kind": "tree", "name": ""}}, {"type": "Feature", "geometry": {"type": "Point", "coordinates": [106.6843191, -6.123835]}, "properties": {"kind": "tree", "name": ""}}, {"type": "Feature", "geometry": {"type": "Point", "coordinates": [106.6841327, -6.1233642]}, "properties": {"kind": "tree", "name": ""}}, {"type": "Feature", "geometry": {"type": "Point", "coordinates": [106.684759, -6.1234322]}, "properties": {"kind": "tree", "name": ""}}, {"type": "Feature", "geometry": {"type": "Point", "coordinates": [106.6848662, -6.1234909]}, "properties": {"kind": "tree", "name": ""}}, {"type": "Feature", "geometry": {"type": "Point", "coordinates": [106.6845417, -6.1228375]}, "properties": {"kind": "tree", "name": ""}}, {"type": "Feature", "geometry": {"type": "Point", "coordinates": [106.6846141, -6.1221067]}, "properties": {"kind": "tree", "name": ""}}, {"type": "Feature", "geometry": {"type": "Point", "coordinates": [106.6844988, -6.1221454]}, "properties": {"kind": "tree", "name": ""}}, {"type": "Feature", "geometry": {"type": "Point", "coordinates": [106.6844317, -6.1221654]}, "properties": {"kind": "tree", "name": ""}}, {"type": "Feature", "geometry": {"type": "Point", "coordinates": [106.6843821, -6.1221961]}, "properties": {"kind": "tree", "name": ""}}, {"type": "Feature", "geometry": {"type": "Point", "coordinates": [106.6840683, -6.1223294]}, "properties": {"kind": "tree", "name": ""}}, {"type": "Feature", "geometry": {"type": "Point", "coordinates": [106.6837035, -6.1224521]}, "properties": {"kind": "tree", "name": ""}}, {"type": "Feature", "geometry": {"type": "Point", "coordinates": [106.6836311, -6.1226628]}, "properties": {"kind": "tree", "name": ""}}, {"type": "Feature", "geometry": {"type": "Point", "coordinates": [106.686211, -6.1240478]}, "properties": {"kind": "green_area", "name": ""}}, {"type": "Feature", "geometry": {"type": "Point", "coordinates": [106.7943139, -6.1941487]}, "properties": {"kind": "green_area", "name": "RPTRA Manggis"}}, {"type": "Feature", "geometry": {"type": "Point", "coordinates": [106.7955341, -6.1938544]}, "properties": {"kind": "green_area", "name": "Taman Blok Garuda"}}, {"type": "Feature", "geometry": {"type": "Point", "coordinates": [106.63842, -6.1889495]}, "properties": {"kind": "green_area", "name": "Taman Burung Perak"}}, {"type": "Feature", "geometry": {"type": "Point", "coordinates": [106.6323053, -6.1951082]}, "properties": {"kind": "green_area", "name": "Taman Potret"}}, {"type": "Feature", "geometry": {"type": "Point", "coordinates": [106.6322057, -6.1941633]}, "properties": {"kind": "green_area", "name": "Taman Bambu"}}, {"type": "Feature", "geometry": {"type": "Point", "coordinates": [106.6294615, -6.193189]}, "properties": {"kind": "green_area", "name": ""}}, {"type": "Feature", "geometry": {"type": "Point", "coordinates": [106.6313189, -6.2135685]}, "properties": {"kind": "green_area", "name": ""}}, {"type": "Feature", "geometry": {"type": "Point", "coordinates": [106.8224405, -6.1687688]}, "properties": {"kind": "green_area", "name": ""}}, {"type": "Feature", "geometry": {"type": "Point", "coordinates": [106.8233059, -6.1653505]}, "properties": {"kind": "green_area", "name": ""}}, {"type": "Feature", "geometry": {"type": "Point", "coordinates": [106.823749, -6.1655047]}, "properties": {"kind": "green_area", "name": ""}}, {"type": "Feature", "geometry": {"type": "Point", "coordinates": [106.6948163, -6.0581132]}, "properties": {"kind": "green_area", "name": ""}}, {"type": "Feature", "geometry": {"type": "Point", "coordinates": [106.7099717, -6.0671622]}, "properties": {"kind": "green_area", "name": ""}}]}