{"type":"FeatureCollection","features":[{"type":"Feature","geometry":{"coordinates":[106.9688762,-6.2503985],"type":"Point"},"properties":{"NAMA":"ATM - ALFAMART AKSES GALAXI","TIPE_1":"LAYANAN ATAU JASA","TIPE_2":"ATM","TIPE_3":"ATM AREA","TELEPON":"(021) 14017","ALAMAT":"JL. TAMAN GALAXY RAYA NO.09, RT.07/RW.006A, JAKASAMPURNA, BEKASI BARAT, BEKASI, WEST JAVA 17147","ID_PROV":"32","PROVINSI":"JAWA BARAT","ID_KABKOT":"32.75","KABKOT":"KOTA BEKASI","ID_KEC":"32.75.02","KECAMATAN":"BEKASI BARAT","ID_DESA":"32.75.02.1005","DESA":"JAKASAMPURNA","LONGITUDE":"106.9688762","LATITUDE":"-6.250398499999999","STATUS":"BUKA","TANGGAL PENGUMPULAN":"Q2 2025","TANGGAL UPDATE":"20/06/2025"}},{"type":"Feature","geometry":{"coordinates":[106.91058179999999,-6.2835112],"type":"Point"},"properties":{"NAMA":"ATM - ALFAMART BUKIT KENCANA","TIPE_1":"LAYANAN ATAU JASA","TIPE_2":"ATM","TIPE_3":"ATM AREA","TELEPON":"(021) 14017","ALAMAT":"JL. ANUGERAH NO.90, RT.001/RW.001, JATIMAKMUR, PONDOK GEDE, BEKASI, WEST JAVA 17413","ID_PROV":"32","PROVINSI":"JAWA BARAT","ID_KABKOT":"32.75","KABKOT":"KOTA BEKASI","ID_KEC":"32.75.08","KECAMATAN":"PONDOKGEDE","ID_DESA":"32.75.08.1001","DESA":"JATIWARINGIN","LONGITUDE":"106.91058179999999","LATITUDE":"-6.2835111999999995","STATUS":"BUKA","TANGGAL PENGUMPULAN":"Q2 2025","TANGGAL UPDATE":"20/06/2025"}},{"type":"Feature","geometry":{"coordinates":[106.9501723,-6.2719836],"type":"Point"},"properties":{"NAMA":"ATM - ALFAMART DR. RATNA","TIPE_1":"LAYANAN ATAU JASA","TIPE_2":"ATM","TIPE_3":"ATM AREA","TELEPON":"(021) 14017","ALAMAT":"JL. DR. RATNA NO.59, RT.006/RW.003, JATIKRAMAT, JATIASIH, BEKASI, WEST JAVA 17421","ID_PROV":"32","PROVINSI":"JAWA BARAT","ID_KABKOT":"32.75","KABKOT":"KOTA BEKASI","ID_KEC":"32.75.09","KECAMATAN":"JATIASIH","ID_DESA":"32.75.09.1003","DESA":"JATIKRAMAT","LONGITUDE":"106.95017229999999","LATITUDE":"-6.2719835999999995","STATUS":"BUKA","TANGGAL PENGUMPULAN":"Q2 2025","TANGGAL UPDATE":"20/06/2025"}},{"type":"Feature","geometry":{"coordinates":[107.0191315,-6.2147513],"type":"Point"},"properties":{"NAMA":"ATM - ALFAMART DUTA HARAPAN","TIPE_1":"LAYANAN ATAU JASA","TIPE_2":"ATM","TIPE_3":"ATM AREA","TELEPON":"(021) 14017","ALAMAT":"JL. DANAU DUTA UTARA NO.12C BLOK C, RT.003/RW.011, HARAPAN BARU, KEC. BEKASI UTARA, KOTA BKS, JAWA BARAT 17123","ID_PROV":"32","PROVINSI":"JAWA BARAT","ID_KABKOT":"32.75","KABKOT":"KOTA BEKASI","ID_KEC":"32.75.03","KECAMATAN":"BEKASI UTARA","ID_DESA":"32.75.03.1003","DESA":"HARAPANBARU","LONGITUDE":"107.0191315","LATITUDE":"-6.2147513","STATUS":"BUKA","TANGGAL PENGUMPULAN":"Q2 2025","TANGGAL UPDATE":"20/06/2025"}},{"type":"Feature","geometry":{"coordinates":[106.9106708,-6.2835603],"type":"Point"},"properties":{"NAMA":"ATM - ALFAMART KEMANG SARI","TIPE_1":"LAYANAN ATAU JASA","TIPE_2":"ATM","TIPE_3":"ATM AREA","TELEPON":"(021) 14017","ALAMAT":"JL. RAYA PD. GEDE NO.10, RT.2/RW.001, JATIWARINGIN, PONDOK GEDE, BEKASI, WEST JAVA 17411","ID_PROV":"32","PROVINSI":"JAWA BARAT","ID_KABKOT":"32.75","KABKOT":"KOTA BEKASI","ID_KEC":"32.75.08","KECAMATAN":"PONDOKGEDE","ID_DESA":"32.75.08.1001","DESA":"JATIWARINGIN","LONGITUDE":"106.91067079999999","LATITUDE":"-6.2835602999999995","STATUS":"BUKA","TANGGAL PENGUMPULAN":"Q2 2025","TANGGAL UPDATE":"20/06/2025"}},{"type":"Feature","geometry":{"coordinates":[107.00428,-6.2027791],"type":"Point"},"properties":{"NAMA":"ATM - ALFAMART PERMATA HIJAU","TIPE_1":"LAYANAN ATAU JASA","TIPE_2":"ATM","TIPE_3":"ATM AREA","TELEPON":"(021) 14017","ALAMAT":"JL. MIRAH NO.2 BLOK BR2 NO.11, RT.007/RW.017, CENTRAL KALIABANG, BEKASI UTARA, BEKASI, WEST JAVA 17125","ID_PROV":"32","PROVINSI":"JAWA BARAT","ID_KABKOT":"32.75","KABKOT":"KOTA BEKASI","ID_KEC":"32.75.03","KECAMATAN":"BEKASI UTARA","ID_DESA":"32.75.03.1001","DESA":"KALIABANG TENGAH","LONGITUDE":"107.00428","LATITUDE":"-6.2027791","STATUS":"BUKA","TANGGAL PENGUMPULAN":"Q2 2025","TANGGAL UPDATE":"20/06/2025"}},{"type":"Feature","geometry":{"coordinates":[106.9817626,-6.1822545],"type":"Point"},"properties":{"NAMA":"ATM - ALFAMART RUKO HARAPAN INDAH","TIPE_1":"LAYANAN ATAU JASA","TIPE_2":"ATM","TIPE_3":"ATM AREA","TELEPON":"(021) 14017","ALAMAT":"JL. KOMP. BOULEVARD NO.21, RT.016/RW.017, PEJUANG, MEDAN SATRIA, BEKASI, WEST JAVA 17131","ID_PROV":"32","PROVINSI":"JAWA BARAT","ID_KABKOT":"32.75","KABKOT":"KOTA BEKASI","ID_KEC":"32.75.06","KECAMATAN":"MEDANSATRIA","ID_DESA":"32.75.06.1003","DESA":"PEJUANG","LONGITUDE":"106.9817626","LATITUDE":"-6.1822545","STATUS":"BUKA","TANGGAL PENGUMPULAN":"Q2 2025","TANGGAL UPDATE":"20/06/2025"}},{"type":"Feature","geometry":{"coordinates":[106.9974279,-6.1770327],"type":"Point"},"properties":{"NAMA":"ATM - ALFAMART TAMAN HARAPAN BARU2","TIPE_1":"LAYANAN ATAU JASA","TIPE_2":"ATM","TIPE_3":"ATM AREA","TELEPON":"(021) 14017","ALAMAT":"BLOK JL. TAMAN HARAPAN BARU TIMUR NO.15, RT.004/RW.023, PEJUANG, MEDAN SATRIA, BEKASI, WEST JAVA 17125","ID_PROV":"32","PROVINSI":"JAWA BARAT","ID_KABKOT":"32.75","KABKOT":"KOTA BEKASI","ID_KEC":"32.75.06","KECAMATAN":"MEDANSATRIA","ID_DESA":"32.75.06.1003","DESA":"PEJUANG","LONGITUDE":"106.99742789999999","LATITUDE":"-6.1770327","STATUS":"BUKA","TANGGAL PENGUMPULAN":"Q2 2025","TANGGAL UPDATE":"20/06/2025"}},{"type":"Feature","geometry":{"coordinates":[106.91607,-6.37512],"type":"Point"},"properties":{"NAMA":"ATM - ALFAMART WIBAWA MUKTI","TIPE_1":"LAYANAN ATAU JASA","TIPE_2":"ATM","TIPE_3":"ATM AREA","TELEPON":"(021) 14017","ALAMAT":"JL. ALTERNATIF CIBUBUR NO.25, RT.002/RW.6, JATISAMPURNA, BEKASI, WEST JAVA 17435","ID_PROV":"32","PROVINSI":"JAWA BARAT","ID_KABKOT":"32.75","KABKOT":"KOTA BEKASI","ID_KEC":"32.75.10","KECAMATAN":"JATISAMPURNA","ID_DESA":"32.75.10.1001","DESA":"JATISAMPURNA","LONGITUDE":"106.91606999999999","LATITUDE":"-6.37512","STATUS":"BUKA","TANGGAL PENGUMPULAN":"Q2 2025","TANGGAL UPDATE":"20/06/2025"}},{"type":"Feature","geometry":{"coordinates":[106.9123178,-6.3751433],"type":"Point"},"properties":{"NAMA":"ATM - ALFAMIDI ALTERNATIF CIBUBUR","TIPE_1":"LAYANAN ATAU JASA","TIPE_2":"ATM","TIPE_3":"ATM AREA","TELEPON":"(021) 14017","ALAMAT":"JL. ALTERNATIF CIBUBUR NO.42, RT.002/RW.016, JATISAMPURNA, BEKASI, WEST JAVA 17435","ID_PROV":"32","PROVINSI":"JAWA BARAT","ID_KABKOT":"32.75","KABKOT":"KOTA BEKASI","ID_KEC":"32.75.10","KECAMATAN":"JATISAMPURNA","ID_DESA":"32.75.10.1001","DESA":"JATISAMPURNA","LONGITUDE":"106.9123178","LATITUDE":"-6.3751432999999995","STATUS":"BUKA","TANGGAL PENGUMPULAN":"Q2 2025","TANGGAL UPDATE":"20/06/2025"}},{"type":"Feature","geometry":{"coordinates":[107.0273374,-6.2428904],"type":"Point"},"properties":{"NAMA":"ATM - ALFAMIDI NUSANTARA","TIPE_1":"LAYANAN ATAU JASA","TIPE_2":"ATM","TIPE_3":"ATM AREA","TELEPON":"(021) 14017","ALAMAT":"JL. NUSANTARA RAYA NO.16, RT.008/RW.001, AREN JAYA, BEKASI TIMUR, BEKASI, WEST JAVA 17111","ID_PROV":"32","PROVINSI":"JAWA BARAT","ID_KABKOT":"32.75","KABKOT":"KOTA BEKASI","ID_KEC":"32.75.01","KECAMATAN":"BEKASI TIMUR","ID_DESA":"32.75.01.1004","DESA":"ARENJAYA","LONGITUDE":"107.0273374","LATITUDE":"-6.242890399999999","STATUS":"BUKA","TANGGAL PENGUMPULAN":"Q2 2025","TANGGAL UPDATE":"20/06/2025"}},{"type":"Feature","geometry":{"coordinates":[106.9695939,-6.2961739],"type":"Point"},"properties":{"NAMA":"ATM - ALFAMIDI RUKO SWATANTRA","TIPE_1":"LAYANAN ATAU JASA","TIPE_2":"ATM","TIPE_3":"ATM AREA","TELEPON":"(021) 14017","ALAMAT":"SAMPING DEALER SUZUKI, JL. SWATANTRA V NO.63, RT.002/RW.004, KOTA BARU, JATIASIH, BEKASI, WEST JAVA 17424","ID_PROV":"32","PROVINSI":"JAWA BARAT","ID_KABKOT":"32.75","KABKOT":"KOTA BEKASI","ID_KEC":"32.75.09","KECAMATAN":"JATIASIH","ID_DESA":"32.75.09.1004","DESA":"JATIRASA","LONGITUDE":"106.96959389999999","LATITUDE":"-6.296173899999999","STATUS":"BUKA","TANGGAL PENGUMPULAN":"Q2 2025","TANGGAL UPDATE":"20/06/2025"}},{"type":"Feature","geometry":{"coordinates":[106.9489071,-6.286355],"type":"Point"},"properties":{"NAMA":"ATM - ALFAMIDI SIMPANG 3 RATNA","TIPE_1":"LAYANAN ATAU JASA","TIPE_2":"ATM","TIPE_3":"ATM AREA","TELEPON":"(021) 14017","ALAMAT":"RUKO SIMPANG 3, JL. DR. RATNA, RT.005/RW.017, JATIKRAMAT, JATIASIH, BEKASI, WEST JAVA 17421","ID_PROV":"32","PROVINSI":"JAWA BARAT","ID_KABKOT":"32.75","KABKOT":"KOTA BEKASI","ID_KEC":"32.75.09","KECAMATAN":"JATIASIH","ID_DESA":"32.75.09.1003","DESA":"JATIKRAMAT","LONGITUDE":"106.9489071","LATITUDE":"-6.2863549999999995","STATUS":"BUKA","TANGGAL PENGUMPULAN":"Q2 2025","TANGGAL UPDATE":"20/06/2025"}},{"type":"Feature","geometry":{"coordinates":[106.9906692,-6.246351],"type":"Point"},"properties":{"NAMA":"ATM - BEKASI CYBER PARK","TIPE_1":"LAYANAN ATAU JASA","TIPE_2":"ATM","TIPE_3":"ATM AREA","TELEPON":"(021) 14017","ALAMAT":"JL. KH. NOER ALI NO.6, RT.001/RW.005, KAYURINGIN JAYA, BEKASI SELATAN, BEKASI, WEST JAVA 17144","ID_PROV":"32","PROVINSI":"JAWA BARAT","ID_KABKOT":"32.75","KABKOT":"KOTA BEKASI","ID_KEC":"32.75.04","KECAMATAN":"BEKASI SELATAN","ID_DESA":"32.75.04.1005","DESA":"KAYURINGINJAYA","LONGITUDE":"106.9906692","LATITUDE":"-6.246351","STATUS":"BUKA","TANGGAL PENGUMPULAN":"Q2 2025","TANGGAL UPDATE":"20/06/2025"}},{"type":"Feature","geometry":{"coordinates":[106.9822954,-6.2326021],"type":"Point"},"properties":{"NAMA":"ATM - BRI UNIT KAYURINGIN","TIPE_1":"LAYANAN ATAU JASA","TIPE_2":"ATM","TIPE_3":"ATM AREA","TELEPON":"(021) 14017","ALAMAT":"JL. NANGKA RAYA NO.8, RT.003/RW.017, KAYURINGIN JAYA, BEKASI SELATAN, BEKASI, WEST JAVA 17135","ID_PROV":"32","PROVINSI":"JAWA BARAT","ID_KABKOT":"32.75","KABKOT":"KOTA BEKASI","ID_KEC":"32.75.04","KECAMATAN":"BEKASI SELATAN","ID_DESA":"32.75.04.1005","DESA":"KAYURINGINJAYA","LONGITUDE":"106.9822954","LATITUDE":"-6.232602099999999","STATUS":"BUKA","TANGGAL PENGUMPULAN":"Q2 2025","TANGGAL UPDATE":"20/06/2025"}},{"type":"Feature","geometry":{"coordinates":[106.9991949,-6.2695304],"type":"Point"},"properties":{"NAMA":"ATM - BRI UNIT RAWA LUMBU","TIPE_1":"LAYANAN ATAU JASA","TIPE_2":"ATM","TIPE_3":"ATM AREA","TELEPON":"(021) 14017","ALAMAT":"JL. PRAMUKA NO.113, RT.004/RW.002, SEPANJANG JAYA, RAWA LUMBU, BEKASI, WEST JAVA 17114","ID_PROV":"32","PROVINSI":"JAWA BARAT","ID_KABKOT":"32.75","KABKOT":"KOTA BEKASI","ID_KEC":"32.75.05","KECAMATAN":"RAWALUMBU","ID_DESA":"32.75.05.1003","DESA":"SEPANJANGJAYA","LONGITUDE":"106.99919489999999","LATITUDE":"-6.2695304","STATUS":"BUKA","TANGGAL PENGUMPULAN":"Q2 2025","TANGGAL UPDATE":"20/06/2025"}},{"type":"Feature","geometry":{"coordinates":[106.9905815,-6.18254],"type":"Point"},"properties":{"NAMA":"ATM - CERIA MART PEJUANG","TIPE_1":"LAYANAN ATAU JASA","TIPE_2":"ATM","TIPE_3":"ATM AREA","TELEPON":"(021) 14017","ALAMAT":"JL. RAYA PEJUANG NO.563A, RT.005/RW.012, PEJUANG, MEDAN SATRIA, BEKASI, WEST JAVA 17131","ID_PROV":"32","PROVINSI":"JAWA BARAT","ID_KABKOT":"32.75","KABKOT":"KOTA BEKASI","ID_KEC":"32.75.06","KECAMATAN":"MEDANSATRIA","ID_DESA":"32.75.06.1003","DESA":"PEJUANG","LONGITUDE":"106.99058149999999","LATITUDE":"-6.1825399999999995","STATUS":"BUKA","TANGGAL PENGUMPULAN":"Q2 2025","TANGGAL UPDATE":"20/06/2025"}},{"type":"Feature","geometry":{"coordinates":[106.91058179999999,-6.2835112],"type":"Point"},"properties":{"NAMA":"ATM - DEAND FRIEND CHICKEN JATIRANGON","TIPE_1":"LAYANAN ATAU JASA","TIPE_2":"ATM","TIPE_3":"ATM AREA","TELEPON":"(021) 14017","ALAMAT":"JL. RAYA PD. GEDE, RT.001/RW.001, JATIWARINGIN, PONDOK GEDE, BEKASI, WEST JAVA 17411","ID_PROV":"32","PROVINSI":"JAWA BARAT","ID_KABKOT":"32.75","KABKOT":"KOTA BEKASI","ID_KEC":"32.75.08","KECAMATAN":"PONDOKGEDE","ID_DESA":"32.75.08.1001","DESA":"JATIWARINGIN","LONGITUDE":"106.91058179999999","LATITUDE":"-6.2835111999999995","STATUS":"BUKA","TANGGAL PENGUMPULAN":"Q2 2025","TANGGAL UPDATE":"20/06/2025"}},{"type":"Feature","geometry":{"coordinates":[106.9929264,-6.2495976],"type":"Point"},"properties":{"NAMA":"ATM - GIANT HYPERMART BEKASI","TIPE_1":"LAYANAN ATAU JASA","TIPE_2":"ATM","TIPE_3":"ATM AREA","TELEPON":"(021) 14017","ALAMAT":"JL. A.YANI A NO.1, RT.004/RW.001, MARGA JAYA, BEKASI SELATAN, BEKASI, WEST JAVA 17141","ID_PROV":"32","PROVINSI":"JAWA BARAT","ID_KABKOT":"32.75","KABKOT":"KOTA BEKASI","ID_KEC":"32.75.04","KECAMATAN":"BEKASI SELATAN","ID_DESA":"32.75.04.1002","DESA":"MARGAJAYA","LONGITUDE":"106.9929264","LATITUDE":"-6.2495975999999995","STATUS":"BUKA","TANGGAL PENGUMPULAN":"Q2 2025","TANGGAL UPDATE":"20/06/2025"}},{"type":"Feature","geometry":{"coordinates":[106.983315,-6.2282],"type":"Point"},"properties":{"NAMA":"ATM - GRAND MALL BEKASI","TIPE_1":"LAYANAN ATAU JASA","TIPE_2":"ATM","TIPE_3":"ATM AREA","TELEPON":"(021) 14017","ALAMAT":"RT.001/RW.005, HARAPAN MULYA, MEDAN SATRIA, BEKASI, WEST JAVA 17135","ID_PROV":"32","PROVINSI":"JAWA BARAT","ID_KABKOT":"32.75","KABKOT":"KOTA BEKASI","ID_KEC":"32.75.06","KECAMATAN":"MEDANSATRIA","ID_DESA":"32.75.06.1002","DESA":"HARAPANMULYA","LONGITUDE":"106.98331499999999","LATITUDE":"-6.228199999999999","STATUS":"BUKA","TANGGAL PENGUMPULAN":"Q2 2025","TANGGAL UPDATE":"20/06/2025"}},{"type":"Feature","geometry":{"coordinates":[106.9106708,-6.2835603],"type":"Point"},"properties":{"NAMA":"ATM - IDM RAWABINONG","TIPE_1":"LAYANAN ATAU JASA","TIPE_2":"ATM","TIPE_3":"ATM AREA","TELEPON":"(021) 14017","ALAMAT":"JL. RAYA PD. GEDE NO.10 2, RT.001/RW.001, JATIWARINGIN, KEC. PD. GEDE, KOTA BKS, JAWA BARAT 17411","ID_PROV":"32","PROVINSI":"JAWA BARAT","ID_KABKOT":"32.75","KABKOT":"KOTA BEKASI","ID_KEC":"32.75.08","KECAMATAN":"PONDOKGEDE","ID_DESA":"32.75.08.1001","DESA":"JATIWARINGIN","LONGITUDE":"106.91067079999999","LATITUDE":"-6.2835602999999995","STATUS":"BUKA","TANGGAL PENGUMPULAN":"Q2 2025","TANGGAL UPDATE":"20/06/2025"}},{"type":"Feature","geometry":{"coordinates":[106.9656122,-6.2466478],"type":"Point"},"properties":{"NAMA":"ATM - INDOMARET BUMI BEKASI BARU 2","TIPE_1":"LAYANAN ATAU JASA","TIPE_2":"ATM","TIPE_3":"ATM AREA","TELEPON":"(021) 14017","ALAMAT":"JL. PATRIOT, RT.002/RW.003, JAKASAMPURNA, BEKASI BARAT, BEKASI, WEST JAVA 17145","ID_PROV":"32","PROVINSI":"JAWA BARAT","ID_KABKOT":"32.75","KABKOT":"KOTA BEKASI","ID_KEC":"32.75.02","KECAMATAN":"BEKASI BARAT","ID_DESA":"32.75.02.1005","DESA":"JAKASAMPURNA","LONGITUDE":"106.9656122","LATITUDE":"-6.2466478","STATUS":"BUKA","TANGGAL PENGUMPULAN":"Q2 2025","TANGGAL UPDATE":"20/06/2025"}},{"type":"Feature","geometry":{"coordinates":[107.0017893,-6.3155845],"type":"Point"},"properties":{"NAMA":"ATM - INDOMARET GRAND BEKASI","TIPE_1":"LAYANAN ATAU JASA","TIPE_2":"ATM","TIPE_3":"ATM AREA","TELEPON":"(021) 14017","ALAMAT":"JL. H. DJOLE NO.5, RT.009/RW.019, PADURENAN, MUSTIKA JAYA, BEKASI, WEST JAVA 16340","ID_PROV":"32","PROVINSI":"JAWA BARAT","ID_KABKOT":"32.75","KABKOT":"KOTA BEKASI","ID_KEC":"32.75.11","KECAMATAN":"MUSTIKAJAYA","ID_DESA":"32.75.11.1001","DESA":"PADURENAN","LONGITUDE":"107.0017893","LATITUDE":"-6.3155845","STATUS":"BUKA","TANGGAL PENGUMPULAN":"Q2 2025","TANGGAL UPDATE":"20/06/2025"}},{"type":"Feature","geometry":{"coordinates":[106.9134604,-6.286181],"type":"Point"},"properties":{"NAMA":"ATM - INDOMARET HANKAM RAYA","TIPE_1":"LAYANAN ATAU JASA","TIPE_2":"ATM","TIPE_3":"ATM AREA","TELEPON":"(021) 14017","ALAMAT":"JL. RAYA HANKAM NO.32, RT.002/RW.002, JATIRAHAYU, PONDOK MELATI, BEKASI, WEST JAVA 17431","ID_PROV":"32","PROVINSI":"JAWA BARAT","ID_KABKOT":"32.75","KABKOT":"KOTA BEKASI","ID_KEC":"32.75.12","KECAMATAN":"PONDOKMELATI","ID_DESA":"32.75.12.1001","DESA":"JATIRAHAYU","LONGITUDE":"106.91346039999999","LATITUDE":"-6.286181","STATUS":"BUKA","TANGGAL PENGUMPULAN":"Q2 2025","TANGGAL UPDATE":"20/06/2025"}},{"type":"Feature","geometry":{"coordinates":[106.9815983,-6.1818589],"type":"Point"},"properties":{"NAMA":"ATM - INDOMARET HARAPAN INDAH EX KCP SENTRA NIAGA KALIMALANG","TIPE_1":"LAYANAN ATAU JASA","TIPE_2":"ATM","TIPE_3":"ATM AREA","TELEPON":"(021) 14017","ALAMAT":"RUKO HARAPAN INDAH BLOK.EA, JL. HARAPAN INDAH RAYA, RT.016/RW.017, PEJUANG, MEDAN SATRIA, BEKASI, WEST JAVA 17131","ID_PROV":"32","PROVINSI":"JAWA BARAT","ID_KABKOT":"32.75","KABKOT":"KOTA BEKASI","ID_KEC":"32.75.06","KECAMATAN":"MEDANSATRIA","ID_DESA":"32.75.06.1003","DESA":"PEJUANG","LONGITUDE":"106.9815983","LATITUDE":"-6.1818589","STATUS":"BUKA","TANGGAL PENGUMPULAN":"Q2 2025","TANGGAL UPDATE":"20/06/2025"}},{"type":"Feature","geometry":{"coordinates":[106.9383792,-6.2611708],"type":"Point"},"properties":{"NAMA":"ATM - INDOMARET JATIBENING 2","TIPE_1":"LAYANAN ATAU JASA","TIPE_2":"ATM","TIPE_3":"ATM AREA","TELEPON":"(021) 14017","ALAMAT":"JL. JATI UTAMA RAYA NO.6 BLOK J, RT.009/RW.008, JATIBENING BARU, PONDOK GEDE, BEKASI, WEST JAVA 17412","ID_PROV":"32","PROVINSI":"JAWA BARAT","ID_KABKOT":"32.75","KABKOT":"KOTA BEKASI","ID_KEC":"32.75.08","KECAMATAN":"PONDOKGEDE","ID_DESA":"32.75.08.1006","DESA":"JATIBENING BARU","LONGITUDE":"106.9383792","LATITUDE":"-6.2611707999999995","STATUS":"BUKA","TANGGAL PENGUMPULAN":"Q2 2025","TANGGAL UPDATE":"20/06/2025"}},{"type":"Feature","geometry":{"coordinates":[106.9127833,-6.2749096],"type":"Point"},"properties":{"NAMA":"ATM - INDOMARET JATIWARINGIN","TIPE_1":"LAYANAN ATAU JASA","TIPE_2":"ATM","TIPE_3":"ATM AREA","TELEPON":"(021) 14017","ALAMAT":"JL. RAYA JATIWARINGIN NO.17, RT.003/RW.003, JATIWARINGIN, PONDOK GEDE, BEKASI, WEST JAVA 17411","ID_PROV":"32","PROVINSI":"JAWA BARAT","ID_KABKOT":"32.75","KABKOT":"KOTA BEKASI","ID_KEC":"32.75.08","KECAMATAN":"PONDOKGEDE","ID_DESA":"32.75.08.1001","DESA":"JATIWARINGIN","LONGITUDE":"106.9127833","LATITUDE":"-6.2749096","STATUS":"BUKA","TANGGAL PENGUMPULAN":"Q2 2025","TANGGAL UPDATE":"20/06/2025"}},{"type":"Feature","geometry":{"coordinates":[106.9782642,-6.2736845],"type":"Point"},"properties":{"NAMA":"ATM - INDOMARET PEKAYON","TIPE_1":"LAYANAN ATAU JASA","TIPE_2":"ATM","TIPE_3":"ATM AREA","TELEPON":"(021) 14017","ALAMAT":"JL. RAYA PEKAYON NO.47, RT.001/RW.001, JAKA SETIA, BEKASI SELATAN, BEKASI, WEST JAVA 17148","ID_PROV":"32","PROVINSI":"JAWA BARAT","ID_KABKOT":"32.75","KABKOT":"KOTA BEKASI","ID_KEC":"32.75.04","KECAMATAN":"BEKASI SELATAN","ID_DESA":"32.75.04.1004","DESA":"JAKASETIA","LONGITUDE":"106.9782642","LATITUDE":"-6.2736845","STATUS":"BUKA","TANGGAL PENGUMPULAN":"Q2 2025","TANGGAL UPDATE":"20/06/2025"}},{"type":"Feature","geometry":{"coordinates":[107.01163539999999,-6.2655744],"type":"Point"},"properties":{"NAMA":"ATM - INDOMARET PONDOK HIJAU BKS","TIPE_1":"LAYANAN ATAU JASA","TIPE_2":"ATM","TIPE_3":"ATM AREA","TELEPON":"(021) 14017","ALAMAT":"PERUM, JL. PD. HIJAU PERMAI JL. AKASIA, RT.002/RW.015, PENGASINAN, RAWA LUMBU, BEKASI, WEST JAVA 17115","ID_PROV":"32","PROVINSI":"JAWA BARAT","ID_KABKOT":"32.75","KABKOT":"KOTA BEKASI","ID_KEC":"32.75.05","KECAMATAN":"RAWALUMBU","ID_DESA":"32.75.05.1002","DESA":"PENGASINAN","LONGITUDE":"107.01163539999999","LATITUDE":"-6.265574399999999","STATUS":"BUKA","TANGGAL PENGUMPULAN":"Q2 2025","TANGGAL UPDATE":"20/06/2025"}},{"type":"Feature","geometry":{"coordinates":[107.0296319,-6.199486],"type":"Point"},"properties":{"NAMA":"ATM - JKT 2 KLINIK BATARA SATU MEDIKA","TIPE_1":"LAYANAN ATAU JASA","TIPE_2":"ATM","TIPE_3":"ATM AREA","TELEPON":"(021) 14017","ALAMAT":"JL. RAYA TLK. PUCUNG BAHAGIA NO.7, RT.008/RW.004, TELUK PUCUNG, BEKASI UTARA, BEKASI, WEST JAVA 17610","ID_PROV":"32","PROVINSI":"JAWA BARAT","ID_KABKOT":"32.75","KABKOT":"KOTA BEKASI","ID_KEC":"32.75.03","KECAMATAN":"BEKASI UTARA","ID_DESA":"32.75.03.1004","DESA":"TELUK PUCUNG","LONGITUDE":"107.0296319","LATITUDE":"-6.199485999999999","STATUS":"BUKA","TANGGAL PENGUMPULAN":"Q2 2025","TANGGAL UPDATE":"20/06/2025"}},{"type":"Feature","geometry":{"coordinates":[106.9106336,-6.2836221],"type":"Point"},"properties":{"NAMA":"ATM - KC PONDOK GEDE","TIPE_1":"LAYANAN ATAU JASA","TIPE_2":"ATM","TIPE_3":"ATM AREA","TELEPON":"(021) 14017","ALAMAT":"PLAZA PD. GEDE, BLOK C, RT.001/RW.001, JATIWARINGIN, KEC. PD. GEDE, KOTA BKS, JAWA BARAT 17411","ID_PROV":"32","PROVINSI":"JAWA BARAT","ID_KABKOT":"32.75","KABKOT":"KOTA BEKASI","ID_KEC":"32.75.08","KECAMATAN":"PONDOKGEDE","ID_DESA":"32.75.08.1001","DESA":"JATIWARINGIN","LONGITUDE":"106.9106336","LATITUDE":"-6.2836221","STATUS":"BUKA","TANGGAL PENGUMPULAN":"Q2 2025","TANGGAL UPDATE":"20/06/2025"}},{"type":"Feature","geometry":{"coordinates":[106.9467887,-6.2495413],"type":"Point"},"properties":{"NAMA":"ATM - KCP JATIBENING","TIPE_1":"LAYANAN ATAU JASA","TIPE_2":"ATM","TIPE_3":"ATM AREA","TELEPON":"(021) 14017","ALAMAT":"JL. RAYA KALIMALANG NO.4, RT.004/RW.003, BINTARA JAYA, BEKASI BARAT, BEKASI, WEST JAVA 17136","ID_PROV":"32","PROVINSI":"JAWA BARAT","ID_KABKOT":"32.75","KABKOT":"KOTA BEKASI","ID_KEC":"32.75.02","KECAMATAN":"BEKASI BARAT","ID_DESA":"32.75.02.1004","DESA":"BINTARAJAYA","LONGITUDE":"106.9467887","LATITUDE":"-6.2495413","STATUS":"BUKA","TANGGAL PENGUMPULAN":"Q2 2025","TANGGAL UPDATE":"20/06/2025"}},{"type":"Feature","geometry":{"coordinates":[106.9772017,-6.2107313],"type":"Point"},"properties":{"NAMA":"ATM - KCP RS ANANDA","TIPE_1":"LAYANAN ATAU JASA","TIPE_2":"ATM","TIPE_3":"ATM AREA","TELEPON":"(021) 14017","ALAMAT":"JL. SULTAN AGUNG NO.173, RT.002/RW.001, MEDAN SATRIA, BEKASI, WEST JAVA 17132","ID_PROV":"32","PROVINSI":"JAWA BARAT","ID_KABKOT":"32.75","KABKOT":"KOTA BEKASI","ID_KEC":"32.75.06","KECAMATAN":"MEDANSATRIA","ID_DESA":"32.75.06.1001","DESA":"MEDANSATRIA","LONGITUDE":"106.9772017","LATITUDE":"-6.2107313","STATUS":"BUKA","TANGGAL PENGUMPULAN":"Q2 2025","TANGGAL UPDATE":"20/06/2025"}},{"type":"Feature","geometry":{"coordinates":[106.993555,-6.2494],"type":"Point"},"properties":{"NAMA":"ATM - KK BRI MEGA BEKASI","TIPE_1":"LAYANAN ATAU JASA","TIPE_2":"ATM","TIPE_3":"ATM AREA","TELEPON":"(021) 14017","ALAMAT":"MEGA BEKASI HYPERMALL LT. 1. 216-217, JL. AHMAD YANI NO.1, RT.004/RW.001, MARGA JAYA, BEKASI SELATAN, BEKASI, WEST JAVA 17141","ID_PROV":"32","PROVINSI":"JAWA BARAT","ID_KABKOT":"32.75","KABKOT":"KOTA BEKASI","ID_KEC":"32.75.04","KECAMATAN":"BEKASI SELATAN","ID_DESA":"32.75.04.1002","DESA":"MARGAJAYA","LONGITUDE":"106.993555","LATITUDE":"-6.2494","STATUS":"BUKA","TANGGAL PENGUMPULAN":"Q2 2025","TANGGAL UPDATE":"20/06/2025"}},{"type":"Feature","geometry":{"coordinates":[106.9775833,-6.1834457],"type":"Point"},"properties":{"NAMA":"ATM - KK HARAPAN INDAH","TIPE_1":"LAYANAN ATAU JASA","TIPE_2":"ATM","TIPE_3":"ATM AREA","TELEPON":"(021) 14017","ALAMAT":"JL. KOMP. BOULEVARD NO.21 BLOK C, RT.004/RW.030, PEJUANG, MEDAN SATRIA, BEKASI, WEST JAVA 17131","ID_PROV":"32","PROVINSI":"JAWA BARAT","ID_KABKOT":"32.75","KABKOT":"KOTA BEKASI","ID_KEC":"32.75.06","KECAMATAN":"MEDANSATRIA","ID_DESA":"32.75.06.1003","DESA":"PEJUANG","LONGITUDE":"106.97758329999999","LATITUDE":"-6.1834457","STATUS":"BUKA","TANGGAL PENGUMPULAN":"Q2 2025","TANGGAL UPDATE":"20/06/2025"}},{"type":"Feature","geometry":{"coordinates":[106.9929741,-6.249487],"type":"Point"},"properties":{"NAMA":"ATM - KK MEGA BEKASI","TIPE_1":"LAYANAN ATAU JASA","TIPE_2":"ATM","TIPE_3":"ATM AREA","TELEPON":"(021) 14017","ALAMAT":"JL. AHMAD YANI NO.110, RT.004/RW.001, MARGA JAYA, BEKASI SELATAN, BEKASI, WEST JAVA 17111","ID_PROV":"32","PROVINSI":"JAWA BARAT","ID_KABKOT":"32.75","KABKOT":"KOTA BEKASI","ID_KEC":"32.75.04","KECAMATAN":"BEKASI SELATAN","ID_DESA":"32.75.04.1002","DESA":"MARGAJAYA","LONGITUDE":"106.9929741","LATITUDE":"-6.249486999999999","STATUS":"BUKA","TANGGAL PENGUMPULAN":"Q2 2025","TANGGAL UPDATE":"20/06/2025"}},{"type":"Feature","geometry":{"coordinates":[107.0061731,-6.281261],"type":"Point"},"properties":{"NAMA":"ATM - KK UNIMA","TIPE_1":"LAYANAN ATAU JASA","TIPE_2":"ATM","TIPE_3":"ATM AREA","TELEPON":"(021) 14017","ALAMAT":"RT.002/RW.012, TATAARAN PATAR, RAWA LUMBU, BEKASI, WEST JAVA 17116","ID_PROV":"32","PROVINSI":"JAWA BARAT","ID_KABKOT":"32.75","KABKOT":"KOTA BEKASI","ID_KEC":"32.75.05","KECAMATAN":"RAWALUMBU","ID_DESA":"32.75.05.1001","DESA":"BOJONG RAWALUMBU","LONGITUDE":"107.0061731","LATITUDE":"-6.281261","STATUS":"BUKA","TANGGAL PENGUMPULAN":"Q2 2025","TANGGAL UPDATE":"20/06/2025"}},{"type":"Feature","geometry":{"coordinates":[106.9563721,-6.3044332],"type":"Point"},"properties":{"NAMA":"ATM - KLINIK SAYANG BUNDA","TIPE_1":"LAYANAN ATAU JASA","TIPE_2":"ATM","TIPE_3":"ATM AREA","TELEPON":"(021) 14017","ALAMAT":"JL. WIBAWA MUKTI II NO.81, RT.001/RW.007, JATIASIH, BEKASI, WEST JAVA 17423","ID_PROV":"32","PROVINSI":"JAWA BARAT","ID_KABKOT":"32.75","KABKOT":"KOTA BEKASI","ID_KEC":"32.75.09","KECAMATAN":"JATIASIH","ID_DESA":"32.75.09.1002","DESA":"JATIASIH","LONGITUDE":"106.9563721","LATITUDE":"-6.3044332","STATUS":"BUKA","TANGGAL PENGUMPULAN":"Q2 2025","TANGGAL UPDATE":"20/06/2025"}},{"type":"Feature","geometry":{"coordinates":[106.9453392,-6.2630559],"type":"Point"},"properties":{"NAMA":"ATM - KOHANUDNAS","TIPE_1":"LAYANAN ATAU JASA","TIPE_2":"ATM","TIPE_3":"ATM AREA","TELEPON":"(021) 14017","ALAMAT":"JL. PADANG GOLF RAYA, RT.003/RW.4, JATIBENING, PONDOK GEDE, BEKASI, WEST JAVA 17412","ID_PROV":"32","PROVINSI":"JAWA BARAT","ID_KABKOT":"32.75","KABKOT":"KOTA BEKASI","ID_KEC":"32.75.08","KECAMATAN":"PONDOKGEDE","ID_DESA":"32.75.08.1002","DESA":"JATIBENING","LONGITUDE":"106.94533919999999","LATITUDE":"-6.2630558999999995","STATUS":"BUKA","TANGGAL PENGUMPULAN":"Q2 2025","TANGGAL UPDATE":"20/06/2025"}},{"type":"Feature","geometry":{"coordinates":[106.9587771,-6.2480112],"type":"Point"},"properties":{"NAMA":"ATM - KOMPEK BRI JAKASAMPURNA","TIPE_1":"LAYANAN ATAU JASA","TIPE_2":"ATM","TIPE_3":"ATM AREA","TELEPON":"(021) 14017","ALAMAT":"JL. PERUMAHAN JAKASAMPURNA NO.53, RT.005/RW.002, JAKASAMPURNA, BEKASI BARAT, BEKASI, WEST JAVA 17145","ID_PROV":"32","PROVINSI":"JAWA BARAT","ID_KABKOT":"32.75","KABKOT":"KOTA BEKASI","ID_KEC":"32.75.02","KECAMATAN":"BEKASI BARAT","ID_DESA":"32.75.02.1005","DESA":"JAKASAMPURNA","LONGITUDE":"106.95877709999999","LATITUDE":"-6.2480112","STATUS":"BUKA","TANGGAL PENGUMPULAN":"Q2 2025","TANGGAL UPDATE":"20/06/2025"}},{"type":"Feature","geometry":{"coordinates":[106.9911179,-6.248455],"type":"Point"},"properties":{"NAMA":"ATM - MALL METROPOLITAN","TIPE_1":"LAYANAN ATAU JASA","TIPE_2":"ATM","TIPE_3":"ATM AREA","TELEPON":"(021) 14017","ALAMAT":"JL. KH. NOER ALI NO.45, RT.008/RW.002, PEKAYON JAYA, BEKASI SELATAN, BEKASI, WEST JAVA 17145","ID_PROV":"32","PROVINSI":"JAWA BARAT","ID_KABKOT":"32.75","KABKOT":"KOTA BEKASI","ID_KEC":"32.75.04","KECAMATAN":"BEKASI SELATAN","ID_DESA":"32.75.04.1001","DESA":"PEKAYONJAYA","LONGITUDE":"106.99111789999999","LATITUDE":"-6.248455","STATUS":"BUKA","TANGGAL PENGUMPULAN":"Q2 2025","TANGGAL UPDATE":"20/06/2025"}},{"type":"Feature","geometry":{"coordinates":[106.9646416,-6.294608],"type":"Point"},"properties":{"NAMA":"ATM - NAGA SWALAYAN JATI ASIH","TIPE_1":"LAYANAN ATAU JASA","TIPE_2":"ATM","TIPE_3":"ATM AREA","TELEPON":"(021) 14017","ALAMAT":"JL. RAYA JATIASIH NO.60, RT.005/RW.004, JATIASIH, BEKASI, WEST JAVA 17423","ID_PROV":"32","PROVINSI":"JAWA BARAT","ID_KABKOT":"32.75","KABKOT":"KOTA BEKASI","ID_KEC":"32.75.09","KECAMATAN":"JATIASIH","ID_DESA":"32.75.09.1002","DESA":"JATIASIH","LONGITUDE":"106.9646416","LATITUDE":"-6.294607999999999","STATUS":"BUKA","TANGGAL PENGUMPULAN":"Q2 2025","TANGGAL UPDATE":"20/06/2025"}},{"type":"Feature","geometry":{"coordinates":[106.9869148,-6.2647467],"type":"Point"},"properties":{"NAMA":"ATM - NAGA SWALAYAN PEKAYON","TIPE_1":"LAYANAN ATAU JASA","TIPE_2":"ATM","TIPE_3":"ATM AREA","TELEPON":"(021) 14017","ALAMAT":"JL. SATRIA RAYA NO.16, RT.002/RW.020, PEKAYON JAYA, BEKASI SELATAN, BEKASI, WEST JAVA 17415","ID_PROV":"32","PROVINSI":"JAWA BARAT","ID_KABKOT":"32.75","KABKOT":"KOTA BEKASI","ID_KEC":"32.75.04","KECAMATAN":"BEKASI SELATAN","ID_DESA":"32.75.04.1001","DESA":"PEKAYONJAYA","LONGITUDE":"106.9869148","LATITUDE":"-6.2647467","STATUS":"BUKA","TANGGAL PENGUMPULAN":"Q2 2025","TANGGAL UPDATE":"20/06/2025"}},{"type":"Feature","geometry":{"coordinates":[106.974483,-6.196567],"type":"Point"},"properties":{"NAMA":"ATM - NAGA SWALAYAN PONDOK UNGU","TIPE_1":"LAYANAN ATAU JASA","TIPE_2":"ATM","TIPE_3":"ATM AREA","TELEPON":"(021) 14017","ALAMAT":"JL. SULTAN AGUNG NO.4, RT.NO.31/RW.007, MEDAN SATRIA, BEKASI, WEST JAVA 17132","ID_PROV":"32","PROVINSI":"JAWA BARAT","ID_KABKOT":"32.75","KABKOT":"KOTA BEKASI","ID_KEC":"32.75.06","KECAMATAN":"MEDANSATRIA","ID_DESA":"32.75.06.1001","DESA":"MEDANSATRIA","LONGITUDE":"106.97448299999999","LATITUDE":"-6.196567","STATUS":"BUKA","TANGGAL PENGUMPULAN":"Q2 2025","TANGGAL UPDATE":"20/06/2025"}},{"type":"Feature","geometry":{"coordinates":[106.9994764,-6.2447306],"type":"Point"},"properties":{"NAMA":"ATM - POLRES BEKASI KOTA","TIPE_1":"LAYANAN ATAU JASA","TIPE_2":"ATM","TIPE_3":"ATM AREA","TELEPON":"(021) 14017","ALAMAT":"JL. KH. MASTURO NO.79, RT.001/RW.002, MARGA JAYA, BEKASI SELATAN, BEKASI, WEST JAVA 17141","ID_PROV":"32","PROVINSI":"JAWA BARAT","ID_KABKOT":"32.75","KABKOT":"KOTA BEKASI","ID_KEC":"32.75.04","KECAMATAN":"BEKASI SELATAN","ID_DESA":"32.75.04.1002","DESA":"MARGAJAYA","LONGITUDE":"106.99947639999999","LATITUDE":"-6.2447306","STATUS":"BUKA","TANGGAL PENGUMPULAN":"Q2 2025","TANGGAL UPDATE":"20/06/2025"}},{"type":"Feature","geometry":{"coordinates":[106.9945625,-6.2386548],"type":"Point"},"properties":{"NAMA":"ATM - PT.TASPEN","TIPE_1":"LAYANAN ATAU JASA","TIPE_2":"ATM","TIPE_3":"ATM AREA","TELEPON":"(021) 14017","ALAMAT":"PUTRATAMA SATYA BHAKTI (SGR) PT., JL. KEMAKMURAN NO.37, RT.004/RW.005, MARGA JAYA, BEKASI SELATAN, BEKASI, WEST JAVA 17141","ID_PROV":"32","PROVINSI":"JAWA BARAT","ID_KABKOT":"32.75","KABKOT":"KOTA BEKASI","ID_KEC":"32.75.04","KECAMATAN":"BEKASI SELATAN","ID_DESA":"32.75.04.1002","DESA":"MARGAJAYA","LONGITUDE":"106.9945625","LATITUDE":"-6.2386548","STATUS":"BUKA","TANGGAL PENGUMPULAN":"Q2 2025","TANGGAL UPDATE":"20/06/2025"}},{"type":"Feature","geometry":{"coordinates":[107.0297976,-6.251947],"type":"Point"},"properties":{"NAMA":"ATM - RS. GRAHA JUANDA","TIPE_1":"LAYANAN ATAU JASA","TIPE_2":"ATM","TIPE_3":"ATM AREA","TELEPON":"(021) 14017","ALAMAT":"JL. DIPONEGORO NO.329 BLOK D, RT.001/RW.021, MARGAHAYU, BEKASI TIMUR, BEKASI, WEST JAVA 17113","ID_PROV":"32","PROVINSI":"JAWA BARAT","ID_KABKOT":"32.75","KABKOT":"KOTA BEKASI","ID_KEC":"32.75.01","KECAMATAN":"BEKASI TIMUR","ID_DESA":"32.75.01.1002","DESA":"MARGAHAYU","LONGITUDE":"107.0297976","LATITUDE":"-6.2519469999999995","STATUS":"BUKA","TANGGAL PENGUMPULAN":"Q2 2025","TANGGAL UPDATE":"20/06/2025"}},{"type":"Feature","geometry":{"coordinates":[106.9686672,-6.2959063],"type":"Point"},"properties":{"NAMA":"ATM - SPBU SWATANTRA","TIPE_1":"LAYANAN ATAU JASA","TIPE_2":"ATM","TIPE_3":"ATM AREA","TELEPON":"(021) 14017","ALAMAT":"JL. SWATANTRA V NO.58, RT.009/RW.003, JATIRASA, JATIASIH, BEKASI, WEST JAVA 17424","ID_PROV":"32","PROVINSI":"JAWA BARAT","ID_KABKOT":"32.75","KABKOT":"KOTA BEKASI","ID_KEC":"32.75.09","KECAMATAN":"JATIASIH","ID_DESA":"32.75.09.1004","DESA":"JATIRASA","LONGITUDE":"106.9686672","LATITUDE":"-6.2959062999999995","STATUS":"BUKA","TANGGAL PENGUMPULAN":"Q2 2025","TANGGAL UPDATE":"20/06/2025"}},{"type":"Feature","geometry":{"coordinates":[106.917998,-6.285479],"type":"Point"},"properties":{"NAMA":"ATM - TIP TOP PONDOK GEDE","TIPE_1":"LAYANAN ATAU JASA","TIPE_2":"ATM","TIPE_3":"ATM AREA","TELEPON":"(021) 14017","ALAMAT":"JL. RAYA JATI MAKMUR NO.72, RT.007/RW.003, JATIRAHAYU, PONDOK MELATI, BEKASI, WEST JAVA 39747","ID_PROV":"32","PROVINSI":"JAWA BARAT","ID_KABKOT":"32.75","KABKOT":"KOTA BEKASI","ID_KEC":"32.75.12","KECAMATAN":"PONDOKMELATI","ID_DESA":"32.75.12.1001","DESA":"JATIRAHAYU","LONGITUDE":"106.917998","LATITUDE":"-6.285479","STATUS":"BUKA","TANGGAL PENGUMPULAN":"Q2 2025","TANGGAL UPDATE":"20/06/2025"}},{"type":"Feature","geometry":{"coordinates":[106.98486709999999,-6.2933836],"type":"Point"},"properties":{"NAMA":"ATM - UNIT BRI BANTAR GEBANG","TIPE_1":"LAYANAN ATAU JASA","TIPE_2":"ATM","TIPE_3":"BRI","TELEPON":"(021) 14017","ALAMAT":"JL. CARINGIN, RT.010/RW.002, BOJONG MENTENG, RAWA LUMBU, BEKASI, WEST JAVA 17116","ID_PROV":"32","PROVINSI":"JAWA BARAT","ID_KABKOT":"32.75","KABKOT":"KOTA BEKASI","ID_KEC":"32.75.05","KECAMATAN":"RAWALUMBU","ID_DESA":"32.75.05.1001","DESA":"BOJONG RAWALUMBU","LONGITUDE":"106.98486709999999","LATITUDE":"-6.293383599999999","STATUS":"BUKA","TANGGAL PENGUMPULAN":"Q2 2025","TANGGAL UPDATE":"20/06/2025"}},{"type":"Feature","geometry":{"coordinates":[106.9741827,-6.2668629],"type":"Point"},"properties":{"NAMA":"ATM - UNIT BRI JAKA SETIA","TIPE_1":"LAYANAN ATAU JASA","TIPE_2":"ATM","TIPE_3":"BRI","TELEPON":"(021) 14017","ALAMAT":"NO, JL. PULO RIBUNG NO.2, RT.010/RW.013, PEKAYON JAYA, BEKASI SELATAN, BEKASI, WEST JAVA 17148","ID_PROV":"32","PROVINSI":"JAWA BARAT","ID_KABKOT":"32.75","KABKOT":"KOTA BEKASI","ID_KEC":"32.75.04","KECAMATAN":"BEKASI SELATAN","ID_DESA":"32.75.04.1001","DESA":"PEKAYONJAYA","LONGITUDE":"106.9741827","LATITUDE":"-6.2668629","STATUS":"BUKA","TANGGAL PENGUMPULAN":"Q2 2025","TANGGAL UPDATE":"20/06/2025"}},{"type":"Feature","geometry":{"coordinates":[106.9107779,-6.261092],"type":"Point"},"properties":{"NAMA":"ATM - UNIT BRI JATIWARINGIN","TIPE_1":"LAYANAN ATAU JASA","TIPE_2":"ATM","TIPE_3":"BRI","TELEPON":"(021) 14017","ALAMAT":"JL. RAYA JATIWARINGIN NO.59, RT.007/RW.004, JATICEMPAKA, PONDOK GEDE, BEKASI, WEST JAVA 17411","ID_PROV":"32","PROVINSI":"JAWA BARAT","ID_KABKOT":"32.75","KABKOT":"KOTA BEKASI","ID_KEC":"32.75.08","KECAMATAN":"PONDOKGEDE","ID_DESA":"32.75.08.1007","DESA":"JATICEMPAKA","LONGITUDE":"106.9107779","LATITUDE":"-6.261092","STATUS":"BUKA","TANGGAL PENGUMPULAN":"Q2 2025","TANGGAL UPDATE":"20/06/2025"}},{"type":"Feature","geometry":{"coordinates":[106.9864235,-6.1983561],"type":"Point"},"properties":{"NAMA":"ATM - UNIT BRI PEJUANG","TIPE_1":"LAYANAN ATAU JASA","TIPE_2":"ATM","TIPE_3":"BRI","TELEPON":"(021) 14017","ALAMAT":"JL. PEJUANG NO.30, RT.003/RW.018, HARAPAN JAYA, BEKASI UTARA, BEKASI, WEST JAVA 17124","ID_PROV":"32","PROVINSI":"JAWA BARAT","ID_KABKOT":"32.75","KABKOT":"KOTA BEKASI","ID_KEC":"32.75.03","KECAMATAN":"BEKASI UTARA","ID_DESA":"32.75.03.1006","DESA":"HARAPANJAYA","LONGITUDE":"106.9864235","LATITUDE":"-6.1983561","STATUS":"BUKA","TANGGAL PENGUMPULAN":"Q2 2025","TANGGAL UPDATE":"20/06/2025"}},{"type":"Feature","geometry":{"coordinates":[107.0274545,-6.2827207],"type":"Point"},"properties":{"NAMA":"ATM - UNIT BRI PONDOK TIMUR TAMBUN","TIPE_1":"LAYANAN ATAU JASA","TIPE_2":"ATM","TIPE_3":"BRI","TELEPON":"(021) 14017","ALAMAT":"JL. SAKURA 2 NO.R9, RT.004/RW.031, MUSTIKAJAYA, MUSTIKA JAYA, BEKASI, WEST JAVA 17158","ID_PROV":"32","PROVINSI":"JAWA BARAT","ID_KABKOT":"32.75","KABKOT":"KOTA BEKASI","ID_KEC":"32.75.11","KECAMATAN":"MUSTIKAJAYA","ID_DESA":"32.75.11.1003","DESA":"MUSTIKAJAYA","LONGITUDE":"107.02745449999999","LATITUDE":"-6.2827207","STATUS":"BUKA","TANGGAL PENGUMPULAN":"Q2 2025","TANGGAL UPDATE":"20/06/2025"}},{"type":"Feature","geometry":{"coordinates":[106.9847512,-6.2933713],"type":"Point"},"properties":{"NAMA":"ATM - UNIT NAROGONG","TIPE_1":"LAYANAN ATAU JASA","TIPE_2":"ATM","TIPE_3":"ATM AREA","TELEPON":"(021) 14017","ALAMAT":"JL. CARINGIN, RT.010/RW.002, BOJONG MENTENG, RAWA LUMBU, BEKASI, WEST JAVA 17117","ID_PROV":"32","PROVINSI":"JAWA BARAT","ID_KABKOT":"32.75","KABKOT":"KOTA BEKASI","ID_KEC":"32.75.05","KECAMATAN":"RAWALUMBU","ID_DESA":"32.75.05.1001","DESA":"BOJONG RAWALUMBU","LONGITUDE":"106.98475119999999","LATITUDE":"-6.2933713","STATUS":"BUKA","TANGGAL PENGUMPULAN":"Q2 2025","TANGGAL UPDATE":"20/06/2025"}},{"type":"Feature","geometry":{"coordinates":[106.9775227,-6.2109693],"type":"Point"},"properties":{"NAMA":"ATM - UNIT PENGKOL","TIPE_1":"LAYANAN ATAU JASA","TIPE_2":"ATM","TIPE_3":"ATM AREA","TELEPON":"(021) 14017","ALAMAT":"JL. CEMP., RT.002/RW.001, KRAJAN, MEDAN SATRIA, BEKASI, WEST JAVA 17132","ID_PROV":"32","PROVINSI":"JAWA BARAT","ID_KABKOT":"32.75","KABKOT":"KOTA BEKASI","ID_KEC":"32.75.06","KECAMATAN":"MEDANSATRIA","ID_DESA":"32.75.06.1001","DESA":"MEDANSATRIA","LONGITUDE":"106.9775227","LATITUDE":"-6.2109692999999995","STATUS":"BUKA","TANGGAL PENGUMPULAN":"Q2 2025","TANGGAL UPDATE":"20/06/2025"}},{"type":"Feature","geometry":{"coordinates":[106.91058179999999,-6.2835112],"type":"Point"},"properties":{"NAMA":"ATM - UNIV. ASSYAFIIYAH","TIPE_1":"LAYANAN ATAU JASA","TIPE_2":"ATM","TIPE_3":"ATM AREA","TELEPON":"(021) 14017","ALAMAT":"RUKO PONDOK GEDE PLAZA, JL. RAYA PD. GEDE, RT.001/RW.001, JATIWARINGIN, PONDOK GEDE, BEKASI, WEST JAVA 17411","ID_PROV":"32","PROVINSI":"JAWA BARAT","ID_KABKOT":"32.75","KABKOT":"KOTA BEKASI","ID_KEC":"32.75.08","KECAMATAN":"PONDOKGEDE","ID_DESA":"32.75.08.1001","DESA":"JATIWARINGIN","LONGITUDE":"106.91058179999999","LATITUDE":"-6.2835111999999995","STATUS":"BUKA","TANGGAL PENGUMPULAN":"Q2 2025","TANGGAL UPDATE":"20/06/2025"}},{"type":"Feature","geometry":{"coordinates":[106.9251512,-6.3101517],"type":"Point"},"properties":{"NAMA":"ATM ATMI ALFAMART ALTERNATIF JOR 2","TIPE_1":"LAYANAN ATAU JASA","TIPE_2":"ATM","TIPE_3":"ATMI","TELEPON":"","ALAMAT":"GG. HARUN 3, RT.001/RW.009, JATIWARNA, KEC. PD. MELATI, KOTA BKS, JAWA BARAT 17415","ID_PROV":"32","PROVINSI":"JAWA BARAT","ID_KABKOT":"32.75","KABKOT":"KOTA BEKASI","ID_KEC":"32.75.12","KECAMATAN":"PONDOKMELATI","ID_DESA":"32.75.12.1002","DESA":"JATIWARNA","LONGITUDE":"106.9251512","LATITUDE":"-6.3101517","STATUS":"BUKA","TANGGAL PENGUMPULAN":"Q2 2025","TANGGAL UPDATE":"20/06/2025"}},{"type":"Feature","geometry":{"coordinates":[106.9732243,-6.2748279],"type":"Point"},"properties":{"NAMA":"ATM ATMI FRESHMARKET GRAND GALAXY","TIPE_1":"LAYANAN ATAU JASA","TIPE_2":"ATM","TIPE_3":"ATMI","TELEPON":"(021) 29353277","ALAMAT":"FRESHMARKET GRANDGALAXY CITY, JL. BOULEVARD RAYA, RT.001/RW.002, JAKA SETIA, KEC. BEKASI SEL., KOTA BKS, JAWA BARAT 17147","ID_PROV":"32","PROVINSI":"JAWA BARAT","ID_KABKOT":"32.75","KABKOT":"KOTA BEKASI","ID_KEC":"32.75.04","KECAMATAN":"BEKASI SELATAN","ID_DESA":"32.75.04.1004","DESA":"JAKASETIA","LONGITUDE":"106.9732243","LATITUDE":"-6.2748279","STATUS":"BUKA","TANGGAL PENGUMPULAN":"Q2 2025","TANGGAL UPDATE":"20/06/2025"}},{"type":"Feature","geometry":{"coordinates":[106.9120607,-6.3859454],"type":"Point"},"properties":{"NAMA":"ATM BANK BCA","TIPE_1":"LAYANAN ATAU JASA","TIPE_2":"ATM","TIPE_3":"BCA","TELEPON":"","ALAMAT":"JL. RAYA KALIMANGGIS, RT.001/RW.006, JATIKARYA, KEC. JATISAMPURNA, KOTA BKS, JAWA BARAT 17435","ID_PROV":"32","PROVINSI":"JAWA BARAT","ID_KABKOT":"32.75","KABKOT":"KOTA BEKASI","ID_KEC":"32.75.10","KECAMATAN":"JATISAMPURNA","ID_DESA":"32.75.10.1002","DESA":"JATIKARYA","LONGITUDE":"106.9120607","LATITUDE":"-6.3859454","STATUS":"BUKA","TANGGAL PENGUMPULAN":"Q2 2025","TANGGAL UPDATE":"20/06/2025"}},{"type":"Feature","geometry":{"coordinates":[106.9300785,-6.2822117],"type":"Point"},"properties":{"NAMA":"ATM BANK BCA","TIPE_1":"LAYANAN ATAU JASA","TIPE_2":"ATM","TIPE_3":"BCA","TELEPON":"","ALAMAT":"JL. RAYA JATI MAKMUR, RT.001/RW.011, JATIMAKMUR, KEC. PD. GEDE, KOTA BKS, JAWA BARAT 17414","ID_PROV":"32","PROVINSI":"JAWA BARAT","ID_KABKOT":"32.75","KABKOT":"KOTA BEKASI","ID_KEC":"32.75.08","KECAMATAN":"PONDOKGEDE","ID_DESA":"32.75.08.1003","DESA":"JATIMAKMUR","LONGITUDE":"106.9300785","LATITUDE":"-6.2822116999999995","STATUS":"BUKA","TANGGAL PENGUMPULAN":"Q2 2025","TANGGAL UPDATE":"20/06/2025"}},{"type":"Feature","geometry":{"coordinates":[106.9937566,-6.2380007],"type":"Point"},"properties":{"NAMA":"ATM BANK BCA","TIPE_1":"LAYANAN ATAU JASA","TIPE_2":"ATM","TIPE_3":"BCA","TELEPON":"(021) 0500888","ALAMAT":"JL. AHMAD YANI, RT.006/RW.005, MARGA JAYA, KEC. BEKASI SEL., KOTA BKS, JAWA BARAT 17148","ID_PROV":"32","PROVINSI":"JAWA BARAT","ID_KABKOT":"32.75","KABKOT":"KOTA BEKASI","ID_KEC":"32.75.04","KECAMATAN":"BEKASI SELATAN","ID_DESA":"32.75.04.1002","DESA":"MARGAJAYA","LONGITUDE":"106.9937566","LATITUDE":"-6.2380007","STATUS":"BUKA","TANGGAL PENGUMPULAN":"Q2 2025","TANGGAL UPDATE":"20/06/2025"}},{"type":"Feature","geometry":{"coordinates":[106.9123916,-6.2757197],"type":"Point"},"properties":{"NAMA":"ATM BANK BCA 015Z-RSIA KARUNIA BUNDA","TIPE_1":"LAYANAN ATAU JASA","TIPE_2":"ATM","TIPE_3":"BCA","TELEPON":"(021) 0500888","ALAMAT":"JL. RAYA JATIWARINGIN JL. RAYA PD. GEDE NO.133, RT.002/RW.003, JATIWARINGIN, KEC. PD. GEDE, KOTA BKS, JAWA BARAT 17414","ID_PROV":"32","PROVINSI":"JAWA BARAT","ID_KABKOT":"32.75","KABKOT":"KOTA BEKASI","ID_KEC":"32.75.08","KECAMATAN":"PONDOKGEDE","ID_DESA":"32.75.08.1001","DESA":"JATIWARINGIN","LONGITUDE":"106.91239159999999","LATITUDE":"-6.2757197","STATUS":"BUKA","TANGGAL PENGUMPULAN":"Q2 2025","TANGGAL UPDATE":"20/06/2025"}},{"type":"Feature","geometry":{"coordinates":[106.9564018,-6.3048602],"type":"Point"},"properties":{"NAMA":"ATM BANK BCA 020I-APOTIK K24 JATIASIH","TIPE_1":"LAYANAN ATAU JASA","TIPE_2":"ATM","TIPE_3":"BCA","TELEPON":"(021) 0500888","ALAMAT":"JL. WIBAWA MUKTI II RT 001/07, JATIASIH, RT.002/RW.007, JATIASIH, KEC. JATIASIH, KOTA BKS, JAWA BARAT 17414","ID_PROV":"32","PROVINSI":"JAWA BARAT","ID_KABKOT":"32.75","KABKOT":"KOTA BEKASI","ID_KEC":"32.75.09","KECAMATAN":"JATIASIH","ID_DESA":"32.75.09.1002","DESA":"JATIASIH","LONGITUDE":"106.9564018","LATITUDE":"-6.304860199999999","STATUS":"BUKA","TANGGAL PENGUMPULAN":"Q2 2025","TANGGAL UPDATE":"20/06/2025"}},{"type":"Feature","geometry":{"coordinates":[107.0033295,-6.2037426],"type":"Point"},"properties":{"NAMA":"ATM BANK BCA 021O-SPBU KALIABANG BEKASI","TIPE_1":"LAYANAN ATAU JASA","TIPE_2":"ATM","TIPE_3":"BCA","TELEPON":"(021) 0500888","ALAMAT":"JL. RAYA KALIABANG NANGKA NO.77, RT.001/RW.006, PERWIRA, KEC. BEKASI UTARA, KOTA BKS, JAWA BARAT 17131","ID_PROV":"32","PROVINSI":"JAWA BARAT","ID_KABKOT":"32.75","KABKOT":"KOTA BEKASI","ID_KEC":"32.75.03","KECAMATAN":"BEKASI UTARA","ID_DESA":"32.75.03.1002","DESA":"PERWIRA","LONGITUDE":"107.00332949999999","LATITUDE":"-6.2037426","STATUS":"BUKA","TANGGAL PENGUMPULAN":"Q2 2025","TANGGAL UPDATE":"20/06/2025"}},{"type":"Feature","geometry":{"coordinates":[106.9596612,-6.220516],"type":"Point"},"properties":{"NAMA":"ATM BANK BCA 053B-INDOGROSIR BINTARA","TIPE_1":"LAYANAN ATAU JASA","TIPE_2":"ATM","TIPE_3":"BCA","TELEPON":"(021) 0500888","ALAMAT":"JL. I GUSTI NGURAH RAI, RT.011/RW.012, BINTARA, KEC. BEKASI BAR., KOTA BKS, JAWA BARAT 17134","ID_PROV":"32","PROVINSI":"JAWA BARAT","ID_KABKOT":"32.75","KABKOT":"KOTA BEKASI","ID_KEC":"32.75.02","KECAMATAN":"BEKASI BARAT","ID_DESA":"32.75.02.1001","DESA":"BINTARA","LONGITUDE":"106.9596612","LATITUDE":"-6.220516","STATUS":"BUKA","TANGGAL PENGUMPULAN":"Q2 2025","TANGGAL UPDATE":"20/06/2025"}},{"type":"Feature","geometry":{"coordinates":[106.9373861,-6.3079376],"type":"Point"},"properties":{"NAMA":"ATM BANK BCA 053R-ALFAMART KAMPUNG SAWAH II","TIPE_1":"LAYANAN ATAU JASA","TIPE_2":"ATM","TIPE_3":"BCA","TELEPON":"","ALAMAT":"JL. RAYA KAMPUNG SAWAH, KEL JATI MELATI, KEC PONDOK MELATI, RT.004/RW.003, JATIMELATI, KEC. PD. MELATI, KOTA BKS, JAWA BARAT 17414","ID_PROV":"32","PROVINSI":"JAWA BARAT","ID_KABKOT":"32.75","KABKOT":"KOTA BEKASI","ID_KEC":"32.75.12","KECAMATAN":"PONDOKMELATI","ID_DESA":"32.75.12.1003","DESA":"JATIMELATI","LONGITUDE":"106.9373861","LATITUDE":"-6.3079376","STATUS":"BUKA","TANGGAL PENGUMPULAN":"Q2 2025","TANGGAL UPDATE":"20/06/2025"}},{"type":"Feature","geometry":{"coordinates":[107.0259085,-6.3088679],"type":"Point"},"properties":{"NAMA":"ATM BANK BCA 056D-APOTIK LEGENDA SEHAT","TIPE_1":"LAYANAN ATAU JASA","TIPE_2":"ATM","TIPE_3":"BCA","TELEPON":"(021) 1500888","ALAMAT":"JL. ZAMRUD UTARA NO.100 BLOK U-16, RT.006/RW.010, CIMUNING, KEC. MUSTIKA JAYA, KOTA BKS, JAWA BARAT 17155","ID_PROV":"32","PROVINSI":"JAWA BARAT","ID_KABKOT":"32.75","KABKOT":"KOTA BEKASI","ID_KEC":"32.75.11","KECAMATAN":"MUSTIKAJAYA","ID_DESA":"32.75.11.1002","DESA":"CIMUNING","LONGITUDE":"107.0259085","LATITUDE":"-6.3088679","STATUS":"BUKA","TANGGAL PENGUMPULAN":"Q2 2025","TANGGAL UPDATE":"20/06/2025"}},{"type":"Feature","geometry":{"coordinates":[106.97771619999999,-6.2068941],"type":"Point"},"properties":{"NAMA":"ATM BANK BCA 058L-INDOMARET SULTAN AGUNG BEKASI","TIPE_1":"LAYANAN ATAU JASA","TIPE_2":"ATM","TIPE_3":"BCA","TELEPON":"(021) 0500888","ALAMAT":"JL. RAYA SULTAN AGUNG. KEL MEDAN SATRIA, KEC MEDAN SATRIA, RT.001/RW.003, MEDAN SATRIA, KECAMATAN MEDAN SATRIA, KOTA BKS, JAWA BARAT 17143","ID_PROV":"32","PROVINSI":"JAWA BARAT","ID_KABKOT":"32.75","KABKOT":"KOTA BEKASI","ID_KEC":"32.75.06","KECAMATAN":"MEDANSATRIA","ID_DESA":"32.75.06.1001","DESA":"MEDANSATRIA","LONGITUDE":"106.97771619999999","LATITUDE":"-6.2068940999999995","STATUS":"BUKA","TANGGAL PENGUMPULAN":"Q2 2025","TANGGAL UPDATE":"20/06/2025"}},{"type":"Feature","geometry":{"coordinates":[106.997069,-6.17697],"type":"Point"},"properties":{"NAMA":"ATM BANK BCA 059V-ALFAMART TAMAN HARAPAN BARU II","TIPE_1":"LAYANAN ATAU JASA","TIPE_2":"ATM","TIPE_3":"BCA","TELEPON":"(021) 0500888","ALAMAT":"JL. RAYA BOULEVARD NO. 17 RT 04/23 PAJUANG MEDAN SATRIA, RT.004/RW.023, PEJUANG, KECAMATAN MEDAN SATRIA, KOTA BKS, JAWA BARAT 17131","ID_PROV":"32","PROVINSI":"JAWA BARAT","ID_KABKOT":"32.75","KABKOT":"KOTA BEKASI","ID_KEC":"32.75.06","KECAMATAN":"MEDANSATRIA","ID_DESA":"32.75.06.1003","DESA":"PEJUANG","LONGITUDE":"106.997069","LATITUDE":"-6.17697","STATUS":"BUKA","TANGGAL PENGUMPULAN":"Q2 2025","TANGGAL UPDATE":"20/06/2025"}},{"type":"Feature","geometry":{"coordinates":[106.918793,-6.293229],"type":"Point"},"properties":{"NAMA":"ATM BANK BCA 070D-ALFAMART JATI RAHAYU","TIPE_1":"LAYANAN ATAU JASA","TIPE_2":"ATM","TIPE_3":"BCA","TELEPON":"(021) 1500888","ALAMAT":"JL. RAYA HANKAM, RT.001/RW.007, JATIRAHAYU, KEC. PD. MELATI, KOTA BKS, JAWA BARAT 17414","ID_PROV":"32","PROVINSI":"JAWA BARAT","ID_KABKOT":"32.75","KABKOT":"KOTA BEKASI","ID_KEC":"32.75.12","KECAMATAN":"PONDOKMELATI","ID_DESA":"32.75.12.1001","DESA":"JATIRAHAYU","LONGITUDE":"106.918793","LATITUDE":"-6.293228999999999","STATUS":"BUKA","TANGGAL PENGUMPULAN":"Q2 2025","TANGGAL UPDATE":"20/06/2025"}},{"type":"Feature","geometry":{"coordinates":[106.950201,-6.2258741],"type":"Point"},"properties":{"NAMA":"ATM BANK BCA 082R-INDOMARET BINTARA RAYA","TIPE_1":"LAYANAN ATAU JASA","TIPE_2":"ATM","TIPE_3":"BCA","TELEPON":"(021) 0500888","ALAMAT":"JL. BINTARA IV NO.RT 06/01, RT.006/RW.001, BINTARA, KEC. BEKASI BAR., KOTA BKS, JAWA BARAT 17134","ID_PROV":"32","PROVINSI":"JAWA BARAT","ID_KABKOT":"32.75","KABKOT":"KOTA BEKASI","ID_KEC":"32.75.02","KECAMATAN":"BEKASI BARAT","ID_DESA":"32.75.02.1001","DESA":"BINTARA","LONGITUDE":"106.95020099999999","LATITUDE":"-6.2258740999999995","STATUS":"BUKA","TANGGAL PENGUMPULAN":"Q2 2025","TANGGAL UPDATE":"20/06/2025"}},{"type":"Feature","geometry":{"coordinates":[106.9134466,-6.2861152],"type":"Point"},"properties":{"NAMA":"ATM BANK BCA 082U-INDOMARET HANKAM RAYA","TIPE_1":"LAYANAN ATAU JASA","TIPE_2":"ATM","TIPE_3":"BCA","TELEPON":"(021) 0500888","ALAMAT":"JL. RAYA HANKAM NO.23, RT.002/RW.002, JATIRAHAYU, KEC. PD. MELATI, KOTA BKS, JAWA BARAT 17414","ID_PROV":"32","PROVINSI":"JAWA BARAT","ID_KABKOT":"32.75","KABKOT":"KOTA BEKASI","ID_KEC":"32.75.12","KECAMATAN":"PONDOKMELATI","ID_DESA":"32.75.12.1001","DESA":"JATIRAHAYU","LONGITUDE":"106.9134466","LATITUDE":"-6.286115199999999","STATUS":"BUKA","TANGGAL PENGUMPULAN":"Q2 2025","TANGGAL UPDATE":"20/06/2025"}},{"type":"Feature","geometry":{"coordinates":[106.9255797,-6.2649142],"type":"Point"},"properties":{"NAMA":"ATM BANK BCA 082W-INDOMARET CEMPAKA VILLAS","TIPE_1":"LAYANAN ATAU JASA","TIPE_2":"ATM","TIPE_3":"BCA","TELEPON":"(021) 0500888","ALAMAT":"JL. RAYA MESJID RT 00./02, JATI CEMPAKA, PONDOK GEDE, RT.008/RW.007, JATICEMPAKA, KEC. PD. GEDE, KOTA BKS, JAWA BARAT 17411","ID_PROV":"32","PROVINSI":"JAWA BARAT","ID_KABKOT":"32.75","KABKOT":"KOTA BEKASI","ID_KEC":"32.75.08","KECAMATAN":"PONDOKGEDE","ID_DESA":"32.75.08.1006","DESA":"JATIBENING BARU","LONGITUDE":"106.9255797","LATITUDE":"-6.2649142","STATUS":"BUKA","TANGGAL PENGUMPULAN":"Q2 2025","TANGGAL UPDATE":"20/06/2025"}},{"type":"Feature","geometry":{"coordinates":[106.935746,-6.2750067],"type":"Point"},"properties":{"NAMA":"ATM BANK BCA 092D-SUPERINDO JATI MAKMUR","TIPE_1":"LAYANAN ATAU JASA","TIPE_2":"ATM","TIPE_3":"BCA","TELEPON":"(021) 1500888","ALAMAT":"JL. RAYA KEMANG SURI RT 004 RW 11, KEL JATI MAKMUR, KEC PONDOK GEDE, RT.004/RW.011, JATIMAKMUR, KEC. PD. GEDE, KOTA BKS, JAWA BARAT 17413","ID_PROV":"32","PROVINSI":"JAWA BARAT","ID_KABKOT":"32.75","KABKOT":"KOTA BEKASI","ID_KEC":"32.75.08","KECAMATAN":"PONDOKGEDE","ID_DESA":"32.75.08.1003","DESA":"JATIMAKMUR","LONGITUDE":"106.935746","LATITUDE":"-6.2750067","STATUS":"BUKA","TANGGAL PENGUMPULAN":"Q2 2025","TANGGAL UPDATE":"20/06/2025"}},{"type":"Feature","geometry":{"coordinates":[107.0298716,-6.251899],"type":"Point"},"properties":{"NAMA":"ATM BANK BCA 1015-RS GRAHA JUANDA","TIPE_1":"LAYANAN ATAU JASA","TIPE_2":"ATM","TIPE_3":"BCA","TELEPON":"(021) 0500888","ALAMAT":"JL. INSINYUR H. JUANDA NO.326, RT.001/RW.021, MARGAHAYU, KEC. BEKASI TIM., KOTA BKS, JAWA BARAT 17112","ID_PROV":"32","PROVINSI":"JAWA BARAT","ID_KABKOT":"32.75","KABKOT":"KOTA BEKASI","ID_KEC":"32.75.01","KECAMATAN":"BEKASI TIMUR","ID_DESA":"32.75.01.1002","DESA":"MARGAHAYU","LONGITUDE":"107.02987159999999","LATITUDE":"-6.251899","STATUS":"BUKA","TANGGAL PENGUMPULAN":"Q2 2025","TANGGAL UPDATE":"20/06/2025"}},{"type":"Feature","geometry":{"coordinates":[107.0347365,-6.2857753],"type":"Point"},"properties":{"NAMA":"ATM BANK BCA 1030-SUPERINDO GRAND MART","TIPE_1":"LAYANAN ATAU JASA","TIPE_2":"ATM","TIPE_3":"BCA","TELEPON":"(021) 1500888","ALAMAT":"JL. MUSTIKA JAYA JL. KOTA LEGENDA NO.36, RT.002/RW.012, MUSTIKAJAYA, KEC. MUSTIKA JAYA, KOTA BKS, JAWA BARAT 17158","ID_PROV":"32","PROVINSI":"JAWA BARAT","ID_KABKOT":"32.75","KABKOT":"KOTA BEKASI","ID_KEC":"32.75.11","KECAMATAN":"MUSTIKAJAYA","ID_DESA":"32.75.11.1003","DESA":"MUSTIKAJAYA","LONGITUDE":"107.0347365","LATITUDE":"-6.2857753","STATUS":"BUKA","TANGGAL PENGUMPULAN":"Q2 2025","TANGGAL UPDATE":"20/06/2025"}},{"type":"Feature","geometry":{"coordinates":[106.9566704,-6.227651],"type":"Point"},"properties":{"NAMA":"ATM BANK BCA 1078-GRAND PRIMA BINTARA","TIPE_1":"LAYANAN ATAU JASA","TIPE_2":"ATM","TIPE_3":"BCA","TELEPON":"","ALAMAT":"JALAN BINTARA VIII BLOK F4, RT.005/RW.003, BINTARA, KEC. BEKASI BAR., KOTA BKS, JAWA BARAT 17134","ID_PROV":"32","PROVINSI":"JAWA BARAT","ID_KABKOT":"32.75","KABKOT":"KOTA BEKASI","ID_KEC":"32.75.02","KECAMATAN":"BEKASI BARAT","ID_DESA":"32.75.02.1001","DESA":"BINTARA","LONGITUDE":"106.9566704","LATITUDE":"-6.227651","STATUS":"BUKA","TANGGAL PENGUMPULAN":"Q2 2025","TANGGAL UPDATE":"20/06/2025"}},{"type":"Feature","geometry":{"coordinates":[106.9446442,-6.2649221],"type":"Point"},"properties":{"NAMA":"ATM BANK BCA 1092-ALFAMIDI JATIBENING","TIPE_1":"LAYANAN ATAU JASA","TIPE_2":"ATM","TIPE_3":"BCA","TELEPON":"(021) 0500888","ALAMAT":"JL. RAYA NO.11, RT.006/RW.003, JATIBENING, KEC. PD. GEDE, KOTA BKS, JAWA BARAT 17412","ID_PROV":"32","PROVINSI":"JAWA BARAT","ID_KABKOT":"32.75","KABKOT":"KOTA BEKASI","ID_KEC":"32.75.08","KECAMATAN":"PONDOKGEDE","ID_DESA":"32.75.08.1002","DESA":"JATIBENING","LONGITUDE":"106.9446442","LATITUDE":"-6.2649221","STATUS":"BUKA","TANGGAL PENGUMPULAN":"Q2 2025","TANGGAL UPDATE":"20/06/2025"}},{"type":"Feature","geometry":{"coordinates":[106.98353309999999,-6.2674722],"type":"Point"},"properties":{"NAMA":"ATM BANK BCA 121J-ALFAMART PEKAYON II","TIPE_1":"LAYANAN ATAU JASA","TIPE_2":"ATM","TIPE_3":"BCA","TELEPON":"(021) 1500888","ALAMAT":"JL. RAYA PEKAYON RT. 04 / RW. 02, RT.003/RW.021, PEKAYON JAYA, KEC. BEKASI SEL., KOTA BKS, JAWA BARAT 17148","ID_PROV":"32","PROVINSI":"JAWA BARAT","ID_KABKOT":"32.75","KABKOT":"KOTA BEKASI","ID_KEC":"32.75.04","KECAMATAN":"BEKASI SELATAN","ID_DESA":"32.75.04.1001","DESA":"PEKAYONJAYA","LONGITUDE":"106.98353309999999","LATITUDE":"-6.267472199999999","STATUS":"BUKA","TANGGAL PENGUMPULAN":"Q2 2025","TANGGAL UPDATE":"20/06/2025"}},{"type":"Feature","geometry":{"coordinates":[106.9846814,-6.2930024],"type":"Point"},"properties":{"NAMA":"ATM BANK BCA 121K-ALFAMART NAROGONG RAWALUMBU","TIPE_1":"LAYANAN ATAU JASA","TIPE_2":"ATM","TIPE_3":"BCA","TELEPON":"(021) 0500888","ALAMAT":"JL. RAYA SILIWANGI NAROGONG, BOJONG RAWA, KEC RAWA LUMBU, RT.010/RW.002, BOJONG RAWALUMBU, KEC. RAWALUMBU, KOTA BKS, JAWA BARAT 17116","ID_PROV":"32","PROVINSI":"JAWA BARAT","ID_KABKOT":"32.75","KABKOT":"KOTA BEKASI","ID_KEC":"32.75.05","KECAMATAN":"RAWALUMBU","ID_DESA":"32.75.05.1001","DESA":"BOJONG RAWALUMBU","LONGITUDE":"106.9846814","LATITUDE":"-6.2930024","STATUS":"BUKA","TANGGAL PENGUMPULAN":"Q2 2025","TANGGAL UPDATE":"20/06/2025"}},{"type":"Feature","geometry":{"coordinates":[106.919734,-6.278194],"type":"Point"},"properties":{"NAMA":"ATM BANK BCA 125R-ALFAMART GAMPRIT","TIPE_1":"LAYANAN ATAU JASA","TIPE_2":"ATM","TIPE_3":"BCA","TELEPON":"(021) 0500888","ALAMAT":"JL. GAMPRIT RAYA RT. 04 / 14, KEL JATIWARINGIN, KEC PONDOK GEDE, RT.010/RW.014, JATIWARINGIN, KEC. PD. GEDE, KOTA BKS, JAWA BARAT 17411","ID_PROV":"32","PROVINSI":"JAWA BARAT","ID_KABKOT":"32.75","KABKOT":"KOTA BEKASI","ID_KEC":"32.75.08","KECAMATAN":"PONDOKGEDE","ID_DESA":"32.75.08.1001","DESA":"JATIWARINGIN","LONGITUDE":"106.91973399999999","LATITUDE":"-6.278194","STATUS":"BUKA","TANGGAL PENGUMPULAN":"Q2 2025","TANGGAL UPDATE":"20/06/2025"}},{"type":"Feature","geometry":{"coordinates":[106.9474522,-6.347418],"type":"Point"},"properties":{"NAMA":"ATM BANK BCA 130L-ALFAMART JATISARI PERMAI BEKASI","TIPE_1":"LAYANAN ATAU JASA","TIPE_2":"ATM","TIPE_3":"BCA","TELEPON":"(021) 0500888","ALAMAT":"JL. DIRGANTARA RAYA BLOK AD, NO. 15 RT 01 / 09, KEL JATISARI, KEC JATIASIH, RT.006/RW.004, JATISARI, KEC. JATIASIH, KOTA BKS, JAWA BARAT 17426","ID_PROV":"32","PROVINSI":"JAWA BARAT","ID_KABKOT":"32.75","KABKOT":"KOTA BEKASI","ID_KEC":"32.75.09","KECAMATAN":"JATIASIH","ID_DESA":"32.75.09.1006","DESA":"JATISARI","LONGITUDE":"106.9474522","LATITUDE":"-6.347417999999999","STATUS":"BUKA","TANGGAL PENGUMPULAN":"Q2 2025","TANGGAL UPDATE":"20/06/2025"}},{"type":"Feature","geometry":{"coordinates":[106.913012,-6.2846159],"type":"Point"},"properties":{"NAMA":"ATM BANK BCA 2099-ROBINSON PONDOK GEDE","TIPE_1":"LAYANAN ATAU JASA","TIPE_2":"ATM","TIPE_3":"BCA","TELEPON":"(021) 0500888","ALAMAT":"JL. RAYA PD. GEDE, RT.001/RW.12, JATIWARINGIN, KEC. PD. GEDE, KOTA BKS, JAWA BARAT 17414","ID_PROV":"32","PROVINSI":"JAWA BARAT","ID_KABKOT":"32.75","KABKOT":"KOTA BEKASI","ID_KEC":"32.75.08","KECAMATAN":"PONDOKGEDE","ID_DESA":"32.75.08.1001","DESA":"JATIWARINGIN","LONGITUDE":"106.913012","LATITUDE":"-6.2846158999999995","STATUS":"BUKA","TANGGAL PENGUMPULAN":"Q2 2025","TANGGAL UPDATE":"20/06/2025"}},{"type":"Feature","geometry":{"coordinates":[106.9224294,-6.2684339],"type":"Point"},"properties":{"NAMA":"ATM BANK BCA 3170-ALFAMIDI PONDOK URINGIN","TIPE_1":"LAYANAN ATAU JASA","TIPE_2":"ATM","TIPE_3":"BCA","TELEPON":"(021) 0500888","ALAMAT":"JL. SETIA NO. 02 RT 007/17 KEN JATIWARINGIN, RT.007/RW.012, JATIWARINGIN, KEC. PD. GEDE, KOTA BKS, JAWA BARAT 17112","ID_PROV":"32","PROVINSI":"JAWA BARAT","ID_KABKOT":"32.75","KABKOT":"KOTA BEKASI","ID_KEC":"32.75.08","KECAMATAN":"PONDOKGEDE","ID_DESA":"32.75.08.1001","DESA":"JATIWARINGIN","LONGITUDE":"106.9224294","LATITUDE":"-6.2684339","STATUS":"BUKA","TANGGAL PENGUMPULAN":"Q2 2025","TANGGAL UPDATE":"20/06/2025"}},{"type":"Feature","geometry":{"coordinates":[106.924489,-6.311811],"type":"Point"},"properties":{"NAMA":"ATM BANK BCA 3560-INDOMARET JATIWARNA","TIPE_1":"LAYANAN ATAU JASA","TIPE_2":"ATM","TIPE_3":"BCA","TELEPON":"(021) 0500888","ALAMAT":"JL. RAYA HANKAM NO. 33-34, JATIWARNA, PONDOK GEDE, RT.001/RW.005, JATIMELATI, KEC. PD. MELATI, KOTA BKS, JAWA BARAT 17415","ID_PROV":"32","PROVINSI":"JAWA BARAT","ID_KABKOT":"32.75","KABKOT":"KOTA BEKASI","ID_KEC":"32.75.12","KECAMATAN":"PONDOKMELATI","ID_DESA":"32.75.12.1003","DESA":"JATIMELATI","LONGITUDE":"106.924489","LATITUDE":"-6.311811","STATUS":"BUKA","TANGGAL PENGUMPULAN":"Q2 2025","TANGGAL UPDATE":"20/06/2025"}},{"type":"Feature","geometry":{"coordinates":[106.9886114,-6.1828615],"type":"Point"},"properties":{"NAMA":"ATM BANK BCA 4580-INDOMARET PERMATA HARAPAN BARU","TIPE_1":"LAYANAN ATAU JASA","TIPE_2":"ATM","TIPE_3":"BCA","TELEPON":"","ALAMAT":"JL. RAYA PEJUANG BLOK A NO. 51-52, RT.002/RW.014, PEJUANG, KECAMATAN MEDAN SATRIA, KOTA BKS, JAWA BARAT 17121","ID_PROV":"32","PROVINSI":"JAWA BARAT","ID_KABKOT":"32.75","KABKOT":"KOTA BEKASI","ID_KEC":"32.75.06","KECAMATAN":"MEDANSATRIA","ID_DESA":"32.75.06.1003","DESA":"PEJUANG","LONGITUDE":"106.9886114","LATITUDE":"-6.1828615","STATUS":"BUKA","TANGGAL PENGUMPULAN":"Q2 2025","TANGGAL UPDATE":"20/06/2025"}},{"type":"Feature","geometry":{"coordinates":[107.0316495,-6.2347421],"type":"Point"},"properties":{"NAMA":"ATM BANK BCA 4615-ALFAMART WISMA JAYA","TIPE_1":"LAYANAN ATAU JASA","TIPE_2":"ATM","TIPE_3":"BCA","TELEPON":"(021) 0500888","ALAMAT":"JL. KUSUMA TIM. RAYA NO.20, RT.004/RW.020, AREN JAYA, KEC. BEKASI TIM., KOTA BKS, JAWA BARAT 17111","ID_PROV":"32","PROVINSI":"JAWA BARAT","ID_KABKOT":"32.75","KABKOT":"KOTA BEKASI","ID_KEC":"32.75.01","KECAMATAN":"BEKASI TIMUR","ID_DESA":"32.75.01.1004","DESA":"ARENJAYA","LONGITUDE":"107.0316495","LATITUDE":"-6.2347421","STATUS":"BUKA","TANGGAL PENGUMPULAN":"Q2 2025","TANGGAL UPDATE":"20/06/2025"}},{"type":"Feature","geometry":{"coordinates":[107.0243498,-6.2219128],"type":"Point"},"properties":{"NAMA":"ATM BANK BCA 4716-INDOMARET PERJUANGAN","TIPE_1":"LAYANAN ATAU JASA","TIPE_2":"ATM","TIPE_3":"BCA","TELEPON":"(021) 0500888","ALAMAT":"JL. PERJUANGAN NO. 24 - 29, TELUK PUCUNG, RT.002/RW.031, TLK. PUCUNG, KEC. BEKASI UTARA, KOTA BKS, JAWA BARAT 17121","ID_PROV":"32","PROVINSI":"JAWA BARAT","ID_KABKOT":"32.75","KABKOT":"KOTA BEKASI","ID_KEC":"32.75.03","KECAMATAN":"BEKASI UTARA","ID_DESA":"32.75.03.1004","DESA":"TELUK PUCUNG","LONGITUDE":"107.0243498","LATITUDE":"-6.2219128","STATUS":"BUKA","TANGGAL PENGUMPULAN":"Q2 2025","TANGGAL UPDATE":"20/06/2025"}},{"type":"Feature","geometry":{"coordinates":[106.9905391,-6.182819],"type":"Point"},"properties":{"NAMA":"ATM BANK BCA 4730-ALFAMART PERMATA HARAPAN INDAH","TIPE_1":"LAYANAN ATAU JASA","TIPE_2":"ATM","TIPE_3":"BCA","TELEPON":"(021) 0500888","ALAMAT":"JL. RAYA PEJUANG NO.74-75 BLOK H, RT.004/RW.014, PEJUANG, KECAMATAN MEDAN SATRIA, KOTA BKS, JAWA BARAT 17112","ID_PROV":"32","PROVINSI":"JAWA BARAT","ID_KABKOT":"32.75","KABKOT":"KOTA BEKASI","ID_KEC":"32.75.06","KECAMATAN":"MEDANSATRIA","ID_DESA":"32.75.06.1003","DESA":"PEJUANG","LONGITUDE":"106.99053909999999","LATITUDE":"-6.182818999999999","STATUS":"BUKA","TANGGAL PENGUMPULAN":"Q2 2025","TANGGAL UPDATE":"20/06/2025"}},{"type":"Feature","geometry":{"coordinates":[106.9260003,-6.3830867],"type":"Point"},"properties":{"NAMA":"ATM BANK BCA 5154-MITRA 10 CIBUBUR","TIPE_1":"LAYANAN ATAU JASA","TIPE_2":"ATM","TIPE_3":"BCA","TELEPON":"(021) 1500888","ALAMAT":"JL. ALTERNATIF CIBUBUR NO.KM. 4, RT.005/RW.011, JATIRANGGA, KEC. JATISAMPURNA, KOTA BKS, JAWA BARAT 17431","ID_PROV":"32","PROVINSI":"JAWA BARAT","ID_KABKOT":"32.75","KABKOT":"KOTA BEKASI","ID_KEC":"32.75.10","KECAMATAN":"JATISAMPURNA","ID_DESA":"32.75.10.1002","DESA":"JATIKARYA","LONGITUDE":"106.9260003","LATITUDE":"-6.3830867","STATUS":"BUKA","TANGGAL PENGUMPULAN":"Q2 2025","TANGGAL UPDATE":"20/06/2025"}},{"type":"Feature","geometry":{"coordinates":[106.960305,-6.2279077],"type":"Point"},"properties":{"NAMA":"ATM BANK BCA 5733-INDOMARET GRIYA BINTARA","TIPE_1":"LAYANAN ATAU JASA","TIPE_2":"ATM","TIPE_3":"BCA","TELEPON":"(021) 0500888","ALAMAT":"PERUM, JL. BINTARA VIII NO.36, RT.004/RW.008, BINTARA, KEC. BEKASI BAR., KOTA BKS, JAWA BARAT 17134","ID_PROV":"32","PROVINSI":"JAWA BARAT","ID_KABKOT":"32.75","KABKOT":"KOTA BEKASI","ID_KEC":"32.75.02","KECAMATAN":"BEKASI BARAT","ID_DESA":"32.75.02.1001","DESA":"BINTARA","LONGITUDE":"106.96030499999999","LATITUDE":"-6.227907699999999","STATUS":"BUKA","TANGGAL PENGUMPULAN":"Q2 2025","TANGGAL UPDATE":"20/06/2025"}},{"type":"Feature","geometry":{"coordinates":[106.9802051,-6.1860974],"type":"Point"},"properties":{"NAMA":"ATM BANK BCA 6244-FACTORY OUTLET BOULEVARD HIJAU","TIPE_1":"LAYANAN ATAU JASA","TIPE_2":"ATM","TIPE_3":"BCA","TELEPON":"(021) 0500888","ALAMAT":"JL. BOULEVARD HIJAU BLOK B8, NO. 30-32, TAMAN HARAPAN INDAH, RT.008/RW.030, PEJUANG, KECAMATAN MEDAN SATRIA, KOTA BKS, JAWA BARAT 17132","ID_PROV":"32","PROVINSI":"JAWA BARAT","ID_KABKOT":"32.75","KABKOT":"KOTA BEKASI","ID_KEC":"32.75.06","KECAMATAN":"MEDANSATRIA","ID_DESA":"32.75.06.1003","DESA":"PEJUANG","LONGITUDE":"106.98020509999999","LATITUDE":"-6.1860973999999995","STATUS":"BUKA","TANGGAL PENGUMPULAN":"Q2 2025","TANGGAL UPDATE":"20/06/2025"}},{"type":"Feature","geometry":{"coordinates":[107.01899739999999,-6.2146335],"type":"Point"},"properties":{"NAMA":"ATM BANK BCA 6384-ALFAMART DUTA HARAPAN","TIPE_1":"LAYANAN ATAU JASA","TIPE_2":"ATM","TIPE_3":"BCA","TELEPON":"(021) 0500888","ALAMAT":"JL. DANAU DUTA BARAT RT. 03 RW. 11, HARAPAN BARU, RT.003/RW.011, HARAPAN BARU, KEC. BEKASI UTARA, KOTA BKS, JAWA BARAT 17123","ID_PROV":"32","PROVINSI":"JAWA BARAT","ID_KABKOT":"32.75","KABKOT":"KOTA BEKASI","ID_KEC":"32.75.03","KECAMATAN":"BEKASI UTARA","ID_DESA":"32.75.03.1003","DESA":"HARAPANBARU","LONGITUDE":"107.01899739999999","LATITUDE":"-6.2146335","STATUS":"BUKA","TANGGAL PENGUMPULAN":"Q2 2025","TANGGAL UPDATE":"20/06/2025"}},{"type":"Feature","geometry":{"coordinates":[107.0256525,-6.2948304],"type":"Point"},"properties":{"NAMA":"ATM BANK BCA INDOMARET","TIPE_1":"LAYANAN ATAU JASA","TIPE_2":"ATM","TIPE_3":"BCA","TELEPON":"","ALAMAT":"JL. PERUM TAMAN BUMYAGARA NO.38 BLOK H 3, RT.007/RW.003, MUSTIKAJAYA, MUSTIKA JAYA, BEKASI, WEST JAVA 17158","ID_PROV":"32","PROVINSI":"JAWA BARAT","ID_KABKOT":"32.75","KABKOT":"KOTA BEKASI","ID_KEC":"32.75.11","KECAMATAN":"MUSTIKAJAYA","ID_DESA":"32.75.11.1003","DESA":"MUSTIKAJAYA","LONGITUDE":"107.02565249999999","LATITUDE":"-6.2948303999999995","STATUS":"BUKA","TANGGAL PENGUMPULAN":"Q2 2025","TANGGAL UPDATE":"20/06/2025"}},{"type":"Feature","geometry":{"coordinates":[107.0210524,-6.2579361],"type":"Point"},"properties":{"NAMA":"ATM MAYBANK","TIPE_1":"LAYANAN ATAU JASA","TIPE_2":"ATM","TIPE_3":"MAYBANK","TELEPON":"(021) 78869711","ALAMAT":"JL. HM. JOYO MARTONO, RT.003/RW.021, MARGAHAYU, KEC. BEKASI TIM., KOTA BKS, JAWA BARAT 17113","ID_PROV":"32","PROVINSI":"JAWA BARAT","ID_KABKOT":"32.75","KABKOT":"KOTA BEKASI","ID_KEC":"32.75.01","KECAMATAN":"BEKASI TIMUR","ID_DESA":"32.75.01.1002","DESA":"MARGAHAYU","LONGITUDE":"107.0210524","LATITUDE":"-6.257936099999999","STATUS":"BUKA","TANGGAL PENGUMPULAN":"Q2 2025","TANGGAL UPDATE":"20/06/2025"}},{"type":"Feature","geometry":{"coordinates":[107.0117599,-6.2484551],"type":"Point"},"properties":{"NAMA":"ATM MAYBANK","TIPE_1":"LAYANAN ATAU JASA","TIPE_2":"ATM","TIPE_3":"MAYBANK","TELEPON":"(021) 78869711","ALAMAT":"RT.002/RW.009, MARGAHAYU, KEC. BEKASI TIM., KOTA BKS, JAWA BARAT 17113","ID_PROV":"32","PROVINSI":"JAWA BARAT","ID_KABKOT":"32.75","KABKOT":"KOTA BEKASI","ID_KEC":"32.75.01","KECAMATAN":"BEKASI TIMUR","ID_DESA":"32.75.01.1002","DESA":"MARGAHAYU","LONGITUDE":"107.0117599","LATITUDE":"-6.2484551","STATUS":"BUKA","TANGGAL PENGUMPULAN":"Q2 2025","TANGGAL UPDATE":"20/06/2025"}},{"type":"Feature","geometry":{"coordinates":[106.9132399,-6.2798377],"type":"Point"},"properties":{"NAMA":"ATM BANK BJB","TIPE_1":"LAYANAN ATAU JASA","TIPE_2":"ATM","TIPE_3":"BPD","TELEPON":"","ALAMAT":"BANK BJB, NO. 8-15, JL. RAYA JATIWARINGIN NO.95, RT.003/RW.011, JATIWARINGIN, KEC. PD. GEDE, KOTA BKS, JAWA BARAT 17411","ID_PROV":"32","PROVINSI":"JAWA BARAT","ID_KABKOT":"32.75","KABKOT":"KOTA BEKASI","ID_KEC":"32.75.08","KECAMATAN":"PONDOKGEDE","ID_DESA":"32.75.08.1001","DESA":"JATIWARINGIN","LONGITUDE":"106.9132399","LATITUDE":"-6.2798377","STATUS":"BUKA","TANGGAL PENGUMPULAN":"Q2 2025","TANGGAL UPDATE":"20/06/2025"}},{"type":"Feature","geometry":{"coordinates":[107.0118124,-6.2484767],"type":"Point"},"properties":{"NAMA":"ATM BANK BJB","TIPE_1":"LAYANAN ATAU JASA","TIPE_2":"ATM","TIPE_3":"BPD","TELEPON":"(022) 4234868","ALAMAT":"JL. INSINYUR H. JUANDA NO.126, RT.002/RW.009, MARGAHAYU, KEC. BEKASI TIM., KOTA BKS, JAWA BARAT 17113","ID_PROV":"32","PROVINSI":"JAWA BARAT","ID_KABKOT":"32.75","KABKOT":"KOTA BEKASI","ID_KEC":"32.75.01","KECAMATAN":"BEKASI TIMUR","ID_DESA":"32.75.01.1002","DESA":"MARGAHAYU","LONGITUDE":"107.0118124","LATITUDE":"-6.248476699999999","STATUS":"BUKA","TANGGAL PENGUMPULAN":"Q2 2025","TANGGAL UPDATE":"20/06/2025"}},{"type":"Feature","geometry":{"coordinates":[106.994645,-6.261081],"type":"Point"},"properties":{"NAMA":"ATM BANK BJB","TIPE_1":"LAYANAN ATAU JASA","TIPE_2":"ATM","TIPE_3":"BPD","TELEPON":"(021) 8250303","ALAMAT":"JL. RAYA NAROGONG NO.KM.11 NO.65, RT.001/RW.004, SEPANJANG JAYA, KEC. RAWALUMBU, KOTA BKS, JAWA BARAT 17151","ID_PROV":"32","PROVINSI":"JAWA BARAT","ID_KABKOT":"32.75","KABKOT":"KOTA BEKASI","ID_KEC":"32.75.05","KECAMATAN":"RAWALUMBU","ID_DESA":"32.75.05.1003","DESA":"SEPANJANGJAYA","LONGITUDE":"106.99464499999999","LATITUDE":"-6.261081","STATUS":"BUKA","TANGGAL PENGUMPULAN":"Q2 2025","TANGGAL UPDATE":"20/06/2025"}},{"type":"Feature","geometry":{"coordinates":[106.9929152,-6.2496864],"type":"Point"},"properties":{"NAMA":"ATM BANK BJB","TIPE_1":"LAYANAN ATAU JASA","TIPE_2":"ATM","TIPE_3":"BPD","TELEPON":"","ALAMAT":"MEGA BEKASI, LT. 1, JL. AHMAD YANI, RT.004/RW.001, MARGA JAYA, KEC. BEKASI SEL., KOTA BKS, JAWA BARAT 17148","ID_PROV":"32","PROVINSI":"JAWA BARAT","ID_KABKOT":"32.75","KABKOT":"KOTA BEKASI","ID_KEC":"32.75.04","KECAMATAN":"BEKASI SELATAN","ID_DESA":"32.75.04.1002","DESA":"MARGAJAYA","LONGITUDE":"106.9929152","LATITUDE":"-6.2496864","STATUS":"BUKA","TANGGAL PENGUMPULAN":"Q2 2025","TANGGAL UPDATE":"20/06/2025"}},{"type":"Feature","geometry":{"coordinates":[106.9114921,-6.283429],"type":"Point"},"properties":{"NAMA":"ATM BANK BJB","TIPE_1":"LAYANAN ATAU JASA","TIPE_2":"ATM","TIPE_3":"BPD","TELEPON":"","ALAMAT":"PLAZA PD. GEDE, JL. RAYA PD. GEDE LANTAI DASAR, RT.001/RW.001, JATIWARINGIN, KEC. PD. GEDE, KOTA BKS, JAWA BARAT 17411","ID_PROV":"32","PROVINSI":"JAWA BARAT","ID_KABKOT":"32.75","KABKOT":"KOTA BEKASI","ID_KEC":"32.75.08","KECAMATAN":"PONDOKGEDE","ID_DESA":"32.75.08.1001","DESA":"JATIWARINGIN","LONGITUDE":"106.91149209999999","LATITUDE":"-6.283429","STATUS":"BUKA","TANGGAL PENGUMPULAN":"Q2 2025","TANGGAL UPDATE":"20/06/2025"}},{"type":"Feature","geometry":{"coordinates":[107.0151964,-6.2594034],"type":"Point"},"properties":{"NAMA":"ATM BANK BJB","TIPE_1":"LAYANAN ATAU JASA","TIPE_2":"ATM","TIPE_3":"BPD","TELEPON":"(021) 14049","ALAMAT":"RUKO KALIMAS (1), RUKO KALIMAS BLOK C-21, JL. CHAIRIL ANWAR, MARGAHAYU, BEKASI TIMUR, JL. CHAIRIL ANWAR NO.30 BLOK. C NO. 29, RT.004/RW.012, MARGAHAYU, KEC. BEKASI TIM., KOTA BKS, JAWA BARAT 17113","ID_PROV":"32","PROVINSI":"JAWA BARAT","ID_KABKOT":"32.75","KABKOT":"KOTA BEKASI","ID_KEC":"32.75.01","KECAMATAN":"BEKASI TIMUR","ID_DESA":"32.75.01.1002","DESA":"MARGAHAYU","LONGITUDE":"107.0151964","LATITUDE":"-6.2594034","STATUS":"BUKA","TANGGAL PENGUMPULAN":"Q2 2025","TANGGAL UPDATE":"20/06/2025"}},{"type":"Feature","geometry":{"coordinates":[106.9486508,-6.3201024],"type":"Point"},"properties":{"NAMA":"ATM BANK BJB ALFAMART WIBAWA MUKTI","TIPE_1":"LAYANAN ATAU JASA","TIPE_2":"ATM","TIPE_3":"BPD","TELEPON":"","ALAMAT":"JL. WIBAWA MUKTI II, RT.007/RW.002, JATILUHUR, KEC. JATIASIH, KOTA BKS, JAWA BARAT 17426","ID_PROV":"32","PROVINSI":"JAWA BARAT","ID_KABKOT":"32.75","KABKOT":"KOTA BEKASI","ID_KEC":"32.75.09","KECAMATAN":"JATIASIH","ID_DESA":"32.75.09.1005","DESA":"JATILUHUR","LONGITUDE":"106.9486508","LATITUDE":"-6.3201024","STATUS":"BUKA","TANGGAL PENGUMPULAN":"Q2 2025","TANGGAL UPDATE":"20/06/2025"}},{"type":"Feature","geometry":{"coordinates":[106.9763059,-6.184117],"type":"Point"},"properties":{"NAMA":"ATM BANK BJB CPDP PROV. WIL. KABUPATEN CIAMIS II PANGANDARAN","TIPE_1":"LAYANAN ATAU JASA","TIPE_2":"ATM","TIPE_3":"BPD","TELEPON":"","ALAMAT":"JL. MERDEKA NO.KM.2, MEDAN SATRIA, KEC. PANGANDARAN, PANGANDARAN, JAWA BARAT 46396","ID_PROV":"32","PROVINSI":"JAWA BARAT","ID_KABKOT":"32.75","KABKOT":"KOTA BEKASI","ID_KEC":"32.75.06","KECAMATAN":"MEDANSATRIA","ID_DESA":"32.75.06.1001","DESA":"MEDANSATRIA","LONGITUDE":"106.9763059","LATITUDE":"-6.184117","STATUS":"BUKA","TANGGAL PENGUMPULAN":"Q2 2025","TANGGAL UPDATE":"20/06/2025"}},{"type":"Feature","geometry":{"coordinates":[107.009721,-6.2493283],"type":"Point"},"properties":{"NAMA":"ATM BANK BJB DINAS PENDIDIKAN BEKASI","TIPE_1":"LAYANAN ATAU JASA","TIPE_2":"ATM","TIPE_3":"BPD","TELEPON":"","ALAMAT":"JL. LAP. BEKASI TENGAH NO.2, RT.007/RW.007, MARGAHAYU, KEC. BEKASI TIM., KOTA BKS, JAWA BARAT 17113","ID_PROV":"32","PROVINSI":"JAWA BARAT","ID_KABKOT":"32.75","KABKOT":"KOTA BEKASI","ID_KEC":"32.75.01","KECAMATAN":"BEKASI TIMUR","ID_DESA":"32.75.01.1002","DESA":"MARGAHAYU","LONGITUDE":"107.009721","LATITUDE":"-6.249328299999999","STATUS":"BUKA","TANGGAL PENGUMPULAN":"Q2 2025","TANGGAL UPDATE":"20/06/2025"}},{"type":"Feature","geometry":{"coordinates":[106.99823029999999,-6.2550385],"type":"Point"},"properties":{"NAMA":"ATM BANK BJB INDOMARET GRIYA PERMATA ASRI","TIPE_1":"LAYANAN ATAU JASA","TIPE_2":"ATM","TIPE_3":"BPD","TELEPON":"","ALAMAT":"PERUM GRIYA PERMATA ASRI RT 06/04, KEC. CIPOCOK JAYA, KOTA SERANG, BANTEN","ID_PROV":"32","PROVINSI":"JAWA BARAT","ID_KABKOT":"32.75","KABKOT":"KOTA BEKASI","ID_KEC":"32.75.01","KECAMATAN":"BEKASI TIMUR","ID_DESA":"32.75.01.1002","DESA":"MARGAHAYU","LONGITUDE":"106.99823029999999","LATITUDE":"-6.2550384999999995","STATUS":"BUKA","TANGGAL PENGUMPULAN":"Q2 2025","TANGGAL UPDATE":"20/06/2025"}},{"type":"Feature","geometry":{"coordinates":[106.972844,-6.233901],"type":"Point"},"properties":{"NAMA":"ATM BANK BJB KANTOR CABANG PEMBANTU CIKAMPEK","TIPE_1":"LAYANAN ATAU JASA","TIPE_2":"ATM","TIPE_3":"BPD","TELEPON":"","ALAMAT":"JL. JEND. A. YANI NO. 21, CIKAMPEK, KAB. KARAWANG, RT.001/RW.012, KRANJI, KAB, KABUPATEN KARAWANG, JAWA BARAT 17135","ID_PROV":"32","PROVINSI":"JAWA BARAT","ID_KABKOT":"32.75","KABKOT":"KOTA BEKASI","ID_KEC":"32.75.02","KECAMATAN":"BEKASI BARAT","ID_DESA":"32.75.02.1002","DESA":"KRANJI","LONGITUDE":"106.972844","LATITUDE":"-6.2339009999999995","STATUS":"BUKA","TANGGAL PENGUMPULAN":"Q2 2025","TANGGAL UPDATE":"20/06/2025"}},{"type":"Feature","geometry":{"coordinates":[107.0096169,-6.2470936],"type":"Point"},"properties":{"NAMA":"ATM BANK BJB KANTOR CABANG PEMBANTU LEMAHABANG","TIPE_1":"LAYANAN ATAU JASA","TIPE_2":"ATM","TIPE_3":"BPD","TELEPON":"","ALAMAT":"JL. PRAMUKA DESA, RT.049/RW.13, CIPEUJEUH WETAN, KEC. LEMAHABANG, CIREBON, JAWA BARAT","ID_PROV":"32","PROVINSI":"JAWA BARAT","ID_KABKOT":"32.75","KABKOT":"KOTA BEKASI","ID_KEC":"32.75.01","KECAMATAN":"BEKASI TIMUR","ID_DESA":"32.75.01.1002","DESA":"MARGAHAYU","LONGITUDE":"107.0096169","LATITUDE":"-6.2470935999999995","STATUS":"BUKA","TANGGAL PENGUMPULAN":"Q2 2025","TANGGAL UPDATE":"20/06/2025"}},{"type":"Feature","geometry":{"coordinates":[106.992804,-6.249428],"type":"Point"},"properties":{"NAMA":"ATM BANK BJB KANTOR CABANG PEMBANTU TAMBUN","TIPE_1":"LAYANAN ATAU JASA","TIPE_2":"ATM","TIPE_3":"BPD","TELEPON":"","ALAMAT":"JL. SULTAN HASANUDIN RUKO TAMBUN CITY NO. 263-265 BLOK RB 6-7, RT.004/RW.001, TAMBUN, KEC. TAMBUN SEL., KOTA BKS, JAWA BARAT 17141","ID_PROV":"32","PROVINSI":"JAWA BARAT","ID_KABKOT":"32.75","KABKOT":"KOTA BEKASI","ID_KEC":"32.75.04","KECAMATAN":"BEKASI SELATAN","ID_DESA":"32.75.04.1002","DESA":"MARGAJAYA","LONGITUDE":"106.99280399999999","LATITUDE":"-6.249428","STATUS":"BUKA","TANGGAL PENGUMPULAN":"Q2 2025","TANGGAL UPDATE":"20/06/2025"}},{"type":"Feature","geometry":{"coordinates":[106.996418,-6.177596],"type":"Point"},"properties":{"NAMA":"ATM BANK BJB KANTOR KAS KROYA","TIPE_1":"LAYANAN ATAU JASA","TIPE_2":"ATM","TIPE_3":"BPD","TELEPON":"","ALAMAT":"BLOK PRAPATAN RT 002/001 DESA KROYA KEC.KROYA KAB.INDRAMAYU, RT.006/RW.023, PEJUANG, KAB, KABUPATEN INDRAMAYU, JAWA BARAT 17125","ID_PROV":"32","PROVINSI":"JAWA BARAT","ID_KABKOT":"32.75","KABKOT":"KOTA BEKASI","ID_KEC":"32.75.06","KECAMATAN":"MEDANSATRIA","ID_DESA":"32.75.06.1003","DESA":"PEJUANG","LONGITUDE":"106.99641799999999","LATITUDE":"-6.177595999999999","STATUS":"BUKA","TANGGAL PENGUMPULAN":"Q2 2025","TANGGAL UPDATE":"20/06/2025"}},{"type":"Feature","geometry":{"coordinates":[106.9203707,-6.3572327],"type":"Point"},"properties":{"NAMA":"ATM BANK BJB KEC. JATISAMPURNA","TIPE_1":"LAYANAN ATAU JASA","TIPE_2":"ATM","TIPE_3":"BPD","TELEPON":"","ALAMAT":"JL. RAYA KRANGGAN NO.1, RT.001/RW.009, JATIRADEN, KEC. JATISAMPURNA, KOTA BKS, JAWA BARAT 17433","ID_PROV":"32","PROVINSI":"JAWA BARAT","ID_KABKOT":"32.75","KABKOT":"KOTA BEKASI","ID_KEC":"32.75.10","KECAMATAN":"JATISAMPURNA","ID_DESA":"32.75.10.1005","DESA":"JATIRADEN","LONGITUDE":"106.92037069999999","LATITUDE":"-6.3572327","STATUS":"BUKA","TANGGAL PENGUMPULAN":"Q2 2025","TANGGAL UPDATE":"20/06/2025"}},{"type":"Feature","geometry":{"coordinates":[106.9129918,-6.2761865],"type":"Point"},"properties":{"NAMA":"ATM BANK BJB KEC. PONDOK GEDE","TIPE_1":"LAYANAN ATAU JASA","TIPE_2":"ATM","TIPE_3":"BPD","TELEPON":"","ALAMAT":"JL. RAYA JATIWARINGIN NO.53, RT.002/RW.002, JATIWARINGIN, KEC. PD. GEDE, KOTA BKS, JAWA BARAT 17411","ID_PROV":"32","PROVINSI":"JAWA BARAT","ID_KABKOT":"32.75","KABKOT":"KOTA BEKASI","ID_KEC":"32.75.08","KECAMATAN":"PONDOKGEDE","ID_DESA":"32.75.08.1001","DESA":"JATIWARINGIN","LONGITUDE":"106.9129918","LATITUDE":"-6.2761865","STATUS":"BUKA","TANGGAL PENGUMPULAN":"Q2 2025","TANGGAL UPDATE":"20/06/2025"}},{"type":"Feature","geometry":{"coordinates":[106.932252,-6.299834],"type":"Point"},"properties":{"NAMA":"ATM BANK BJB KEC. PONDOK MELATI","TIPE_1":"LAYANAN ATAU JASA","TIPE_2":"ATM","TIPE_3":"BPD","TELEPON":"","ALAMAT":"JL. BULAK TINGGI RAYA NO.22, RT.002/RW.002, JATIWARNA, KEC. PD. MELATI, KOTA BKS, JAWA BARAT 17415","ID_PROV":"32","PROVINSI":"JAWA BARAT","ID_KABKOT":"32.75","KABKOT":"KOTA BEKASI","ID_KEC":"32.75.12","KECAMATAN":"PONDOKMELATI","ID_DESA":"32.75.12.1002","DESA":"JATIWARNA","LONGITUDE":"106.93225199999999","LATITUDE":"-6.299834","STATUS":"BUKA","TANGGAL PENGUMPULAN":"Q2 2025","TANGGAL UPDATE":"20/06/2025"}},{"type":"Feature","geometry":{"coordinates":[106.9968433,-6.2893771],"type":"Point"},"properties":{"NAMA":"ATM BANK BJB KEC. RAWALUMBU","TIPE_1":"LAYANAN ATAU JASA","TIPE_2":"ATM","TIPE_3":"BPD","TELEPON":"","ALAMAT":"JL. LUMBU TIM. RAYA NO.1, RT.005/RW.032, BOJONG RAWALUMBU, KEC. RAWALUMBU, KOTA BKS, JAWA BARAT 17116","ID_PROV":"32","PROVINSI":"JAWA BARAT","ID_KABKOT":"32.75","KABKOT":"KOTA BEKASI","ID_KEC":"32.75.05","KECAMATAN":"RAWALUMBU","ID_DESA":"32.75.05.1001","DESA":"BOJONG RAWALUMBU","LONGITUDE":"106.9968433","LATITUDE":"-6.289377099999999","STATUS":"BUKA","TANGGAL PENGUMPULAN":"Q2 2025","TANGGAL UPDATE":"20/06/2025"}},{"type":"Feature","geometry":{"coordinates":[106.9650031,-6.2321857],"type":"Point"},"properties":{"NAMA":"ATM BANK BJB KEC.BEKASI BARAT","TIPE_1":"LAYANAN ATAU JASA","TIPE_2":"ATM","TIPE_3":"BPD","TELEPON":"","ALAMAT":"JL. BINTARA NO.4, RT.001/RW.010, BINTARA, KEC. BEKASI BAR., KOTA BKS, JAWA BARAT 17134","ID_PROV":"32","PROVINSI":"JAWA BARAT","ID_KABKOT":"32.75","KABKOT":"KOTA BEKASI","ID_KEC":"32.75.02","KECAMATAN":"BEKASI BARAT","ID_DESA":"32.75.02.1001","DESA":"BINTARA","LONGITUDE":"106.96500309999999","LATITUDE":"-6.2321857","STATUS":"BUKA","TANGGAL PENGUMPULAN":"Q2 2025","TANGGAL UPDATE":"20/06/2025"}},{"type":"Feature","geometry":{"coordinates":[106.9730844,-6.2667323],"type":"Point"},"properties":{"NAMA":"ATM BANK BJB KEC.BEKASI SELATAN","TIPE_1":"LAYANAN ATAU JASA","TIPE_2":"ATM","TIPE_3":"BPD","TELEPON":"","ALAMAT":"JL. PULO RIBUNG NO.1, RT.005/RW.019, PEKAYON JAYA, KEC. BEKASI SEL., KOTA BKS, JAWA BARAT 17148","ID_PROV":"32","PROVINSI":"JAWA BARAT","ID_KABKOT":"32.75","KABKOT":"KOTA BEKASI","ID_KEC":"32.75.04","KECAMATAN":"BEKASI SELATAN","ID_DESA":"32.75.04.1001","DESA":"PEKAYONJAYA","LONGITUDE":"106.97308439999999","LATITUDE":"-6.2667323","STATUS":"BUKA","TANGGAL PENGUMPULAN":"Q2 2025","TANGGAL UPDATE":"20/06/2025"}},{"type":"Feature","geometry":{"coordinates":[106.9905159,-6.2771071],"type":"Point"},"properties":{"NAMA":"ATM BANK BJB KEMANG PRATAMA (BEKASI)","TIPE_1":"LAYANAN ATAU JASA","TIPE_2":"ATM","TIPE_3":"BPD","TELEPON":"","ALAMAT":"GEDUNG LINCSQUARE, JL. PEMUDA SILIWANGI JL. KEMANG PRATAMA RAYA NO.126, RT.002/RW.001, BOJONG RAWALUMBU, KEC. RAWALUMBU, KOTA BKS, JAWA BARAT 17116","ID_PROV":"32","PROVINSI":"JAWA BARAT","ID_KABKOT":"32.75","KABKOT":"KOTA BEKASI","ID_KEC":"32.75.05","KECAMATAN":"RAWALUMBU","ID_DESA":"32.75.05.1001","DESA":"BOJONG RAWALUMBU","LONGITUDE":"106.99051589999999","LATITUDE":"-6.277107099999999","STATUS":"BUKA","TANGGAL PENGUMPULAN":"Q2 2025","TANGGAL UPDATE":"20/06/2025"}},{"type":"Feature","geometry":{"coordinates":[106.9931929,-6.2407491],"type":"Point"},"properties":{"NAMA":"ATM BANK BJB MEGA BEKASI MALL","TIPE_1":"LAYANAN ATAU JASA","TIPE_2":"ATM","TIPE_3":"BPD","TELEPON":"(022) 4234868","ALAMAT":"JL. JEND.A.YANI NO.1, BEKASI SELATAN, JAWA BARAT 17144","ID_PROV":"32","PROVINSI":"JAWA BARAT","ID_KABKOT":"32.75","KABKOT":"KOTA BEKASI","ID_KEC":"32.75.04","KECAMATAN":"BEKASI SELATAN","ID_DESA":"32.75.04.1002","DESA":"MARGAJAYA","LONGITUDE":"106.9931929","LATITUDE":"-6.2407490999999995","STATUS":"BUKA","TANGGAL PENGUMPULAN":"Q2 2025","TANGGAL UPDATE":"20/06/2025"}},{"type":"Feature","geometry":{"coordinates":[107.009655,-6.254615],"type":"Point"},"properties":{"NAMA":"ATM BANK BJB PEMKOT BEKASI","TIPE_1":"LAYANAN ATAU JASA","TIPE_2":"ATM","TIPE_3":"BPD","TELEPON":"(022) 4234868","ALAMAT":"JL. RAYA BEKASI, KOMPLEK PEMERINTAHAN, BEKASI TIMUR, RT.006/RW.009, MARGAHAYU, KEC. BEKASI TIM., KOTA BKS, JAWA BARAT 17113","ID_PROV":"32","PROVINSI":"JAWA BARAT","ID_KABKOT":"32.75","KABKOT":"KOTA BEKASI","ID_KEC":"32.75.01","KECAMATAN":"BEKASI TIMUR","ID_DESA":"32.75.01.1002","DESA":"MARGAHAYU","LONGITUDE":"107.009655","LATITUDE":"-6.254614999999999","STATUS":"BUKA","TANGGAL PENGUMPULAN":"Q2 2025","TANGGAL UPDATE":"20/06/2025"}},{"type":"Feature","geometry":{"coordinates":[107.0008311,-6.2418212],"type":"Point"},"properties":{"NAMA":"ATM BANK BJB RSUD BEKASI","TIPE_1":"LAYANAN ATAU JASA","TIPE_2":"ATM","TIPE_3":"BPD","TELEPON":"(022) 4234868","ALAMAT":"TEMPAT PARKIR, JL. KH. MASTURO NO.55, RT.006/RW.006, MARGA JAYA, KEC. BEKASI SEL., KOTA BKS, JAWA BARAT 17141","ID_PROV":"32","PROVINSI":"JAWA BARAT","ID_KABKOT":"32.75","KABKOT":"KOTA BEKASI","ID_KEC":"32.75.04","KECAMATAN":"BEKASI SELATAN","ID_DESA":"32.75.04.1002","DESA":"MARGAJAYA","LONGITUDE":"107.0008311","LATITUDE":"-6.2418211999999995","STATUS":"BUKA","TANGGAL PENGUMPULAN":"Q2 2025","TANGGAL UPDATE":"20/06/2025"}},{"type":"Feature","geometry":{"coordinates":[106.9541493,-6.2200576],"type":"Point"},"properties":{"NAMA":"ATM BANK BJB YOGYA SUKABUMI","TIPE_1":"LAYANAN ATAU JASA","TIPE_2":"ATM","TIPE_3":"BPD","TELEPON":"","ALAMAT":"JL. R. E. MARTADINATA NO.25, RT.010/RW.016, BINTARA, KEC. BEKASI BAR., KOTA BKS, JAWA BARAT 17134","ID_PROV":"32","PROVINSI":"JAWA BARAT","ID_KABKOT":"32.75","KABKOT":"KOTA BEKASI","ID_KEC":"32.75.02","KECAMATAN":"BEKASI BARAT","ID_DESA":"32.75.02.1001","DESA":"BINTARA","LONGITUDE":"106.9541493","LATITUDE":"-6.2200576","STATUS":"BUKA","TANGGAL PENGUMPULAN":"Q2 2025","TANGGAL UPDATE":"20/06/2025"}},{"type":"Feature","geometry":{"coordinates":[106.9596713,-6.220482],"type":"Point"},"properties":{"NAMA":"ATM BANK BNI","TIPE_1":"LAYANAN ATAU JASA","TIPE_2":"ATM","TIPE_3":"BNI","TELEPON":"","ALAMAT":"JL. BINTARA NIAGA CC2 NO.18, RT.011/RW.012, BINTARA, BEKASI BARAT, BEKASI, WEST JAVA 17134","ID_PROV":"32","PROVINSI":"JAWA BARAT","ID_KABKOT":"32.75","KABKOT":"KOTA BEKASI","ID_KEC":"32.75.02","KECAMATAN":"BEKASI BARAT","ID_DESA":"32.75.02.1001","DESA":"BINTARA","LONGITUDE":"106.9596713","LATITUDE":"-6.220482","STATUS":"BUKA","TANGGAL PENGUMPULAN":"Q2 2025","TANGGAL UPDATE":"20/06/2025"}},{"type":"Feature","geometry":{"coordinates":[106.98189749999999,-6.2335716],"type":"Point"},"properties":{"NAMA":"ATM BANK BNI","TIPE_1":"LAYANAN ATAU JASA","TIPE_2":"ATM","TIPE_3":"BNI","TELEPON":"","ALAMAT":"RT.004/RW.017, KAYURINGIN JAYA, BEKASI SELATAN, BEKASI, WEST JAVA 17144","ID_PROV":"32","PROVINSI":"JAWA BARAT","ID_KABKOT":"32.75","KABKOT":"KOTA BEKASI","ID_KEC":"32.75.04","KECAMATAN":"BEKASI SELATAN","ID_DESA":"32.75.04.1005","DESA":"KAYURINGINJAYA","LONGITUDE":"106.98189749999999","LATITUDE":"-6.233571599999999","STATUS":"BUKA","TANGGAL PENGUMPULAN":"Q2 2025","TANGGAL UPDATE":"20/06/2025"}},{"type":"Feature","geometry":{"coordinates":[106.9296827,-6.382643],"type":"Point"},"properties":{"NAMA":"ATM BANK BNI CABANG CIBUBUR","TIPE_1":"LAYANAN ATAU JASA","TIPE_2":"ATM","TIPE_3":"BNI","TELEPON":"(021) 84592716","ALAMAT":"JL. RUKO CITRA GRAND JL. ALTERNATIF CIBUBUR NO.15, RT.001/RW.011, JATIKARYA, KEC. JATISAMPURNA, KOTA BKS, JAWA BARAT 17435","ID_PROV":"32","PROVINSI":"JAWA BARAT","ID_KABKOT":"32.75","KABKOT":"KOTA BEKASI","ID_KEC":"32.75.10","KECAMATAN":"JATISAMPURNA","ID_DESA":"32.75.10.1002","DESA":"JATIKARYA","LONGITUDE":"106.9296827","LATITUDE":"-6.382643","STATUS":"BUKA","TANGGAL PENGUMPULAN":"Q2 2025","TANGGAL UPDATE":"20/06/2025"}},{"type":"Feature","geometry":{"coordinates":[106.943636,-6.267091],"type":"Point"},"properties":{"NAMA":"ATM BANK BRI","TIPE_1":"LAYANAN ATAU JASA","TIPE_2":"ATM","TIPE_3":"BRI","TELEPON":"","ALAMAT":"JL. CAMAN RAYA NO.40, RT.004/RW.003, JATIBENING, KEC. PD. GEDE, KOTA BKS, JAWA BARAT 17412","ID_PROV":"32","PROVINSI":"JAWA BARAT","ID_KABKOT":"32.75","KABKOT":"KOTA BEKASI","ID_KEC":"32.75.08","KECAMATAN":"PONDOKGEDE","ID_DESA":"32.75.08.1002","DESA":"JATIBENING","LONGITUDE":"106.943636","LATITUDE":"-6.267091","STATUS":"BUKA","TANGGAL PENGUMPULAN":"Q2 2025","TANGGAL UPDATE":"20/06/2025"}},{"type":"Feature","geometry":{"coordinates":[106.9174745,-6.365345],"type":"Point"},"properties":{"NAMA":"ATM BANK BRI","TIPE_1":"LAYANAN ATAU JASA","TIPE_2":"ATM","TIPE_3":"BRI","TELEPON":"","ALAMAT":"JL. KRANGGAN PERMAI RAYA NO.53, RT.002/RW.010, JATISAMPURNA, KEC. JATISAMPURNA, KOTA BKS, JAWA BARAT 17433","ID_PROV":"32","PROVINSI":"JAWA BARAT","ID_KABKOT":"32.75","KABKOT":"KOTA BEKASI","ID_KEC":"32.75.10","KECAMATAN":"JATISAMPURNA","ID_DESA":"32.75.10.1005","DESA":"JATIRADEN","LONGITUDE":"106.9174745","LATITUDE":"-6.365345","STATUS":"BUKA","TANGGAL PENGUMPULAN":"Q2 2025","TANGGAL UPDATE":"20/06/2025"}},{"type":"Feature","geometry":{"coordinates":[106.98020969999999,-6.324664],"type":"Point"},"properties":{"NAMA":"ATM BANK BRI","TIPE_1":"LAYANAN ATAU JASA","TIPE_2":"ATM","TIPE_3":"BRI","TELEPON":"","ALAMAT":"JL. PANGKALAN IB NO.3, RT.003/RW.005, BANTARGEBANG, KEC. BANTAR GEBANG, KOTA BKS, JAWA BARAT 17151","ID_PROV":"32","PROVINSI":"JAWA BARAT","ID_KABKOT":"32.75","KABKOT":"KOTA BEKASI","ID_KEC":"32.75.07","KECAMATAN":"BANTARGEBANG","ID_DESA":"32.75.07.1003","DESA":"BANTARGEBANG","LONGITUDE":"106.98020969999999","LATITUDE":"-6.324663999999999","STATUS":"BUKA","TANGGAL PENGUMPULAN":"Q2 2025","TANGGAL UPDATE":"20/06/2025"}},{"type":"Feature","geometry":{"coordinates":[106.9121699,-6.3859141],"type":"Point"},"properties":{"NAMA":"ATM BANK BRI","TIPE_1":"LAYANAN ATAU JASA","TIPE_2":"ATM","TIPE_3":"BRI","TELEPON":"","ALAMAT":"JL. RAYA KALIMANGGIS, RT.001/RW.006, JATIKARYA, KEC. JATISAMPURNA, KOTA BKS, JAWA BARAT 17435","ID_PROV":"32","PROVINSI":"JAWA BARAT","ID_KABKOT":"32.75","KABKOT":"KOTA BEKASI","ID_KEC":"32.75.10","KECAMATAN":"JATISAMPURNA","ID_DESA":"32.75.10.1002","DESA":"JATIKARYA","LONGITUDE":"106.9121699","LATITUDE":"-6.3859141","STATUS":"BUKA","TANGGAL PENGUMPULAN":"Q2 2025","TANGGAL UPDATE":"20/06/2025"}},{"type":"Feature","geometry":{"coordinates":[106.910567,-6.283494],"type":"Point"},"properties":{"NAMA":"ATM BANK BRI","TIPE_1":"LAYANAN ATAU JASA","TIPE_2":"ATM","TIPE_3":"BRI","TELEPON":"(021) 14017","ALAMAT":"JL. RAYA PD. GEDE NO.10, RT.2/RW.001, KOTA ADM, KEC. PD. GEDE, KOTA BKS, DAERAH KHUSUS IBUKOTA JAKARTA 13810","ID_PROV":"32","PROVINSI":"JAWA BARAT","ID_KABKOT":"32.75","KABKOT":"KOTA BEKASI","ID_KEC":"32.75.08","KECAMATAN":"PONDOKGEDE","ID_DESA":"32.75.08.1001","DESA":"JATIWARINGIN","LONGITUDE":"106.910567","LATITUDE":"-6.283494","STATUS":"BUKA","TANGGAL PENGUMPULAN":"Q2 2025","TANGGAL UPDATE":"20/06/2025"}},{"type":"Feature","geometry":{"coordinates":[106.9929152,-6.2496864],"type":"Point"},"properties":{"NAMA":"ATM BANK BRI","TIPE_1":"LAYANAN ATAU JASA","TIPE_2":"ATM","TIPE_3":"BRI","TELEPON":"","ALAMAT":"MEGA BEKASI HYPERMALL, LT. 1, JL. AHMAD YANI, RT.004/RW.001, MARGA JAYA, KEC. BEKASI SEL., KOTA BKS, JAWA BARAT 17148","ID_PROV":"32","PROVINSI":"JAWA BARAT","ID_KABKOT":"32.75","KABKOT":"KOTA BEKASI","ID_KEC":"32.75.04","KECAMATAN":"BEKASI SELATAN","ID_DESA":"32.75.04.1002","DESA":"MARGAJAYA","LONGITUDE":"106.9929152","LATITUDE":"-6.2496864","STATUS":"BUKA","TANGGAL PENGUMPULAN":"Q2 2025","TANGGAL UPDATE":"20/06/2025"}},{"type":"Feature","geometry":{"coordinates":[106.9241246,-6.3241647],"type":"Point"},"properties":{"NAMA":"ATM BANK BRI","TIPE_1":"LAYANAN ATAU JASA","TIPE_2":"ATM","TIPE_3":"BRI","TELEPON":"","ALAMAT":"JL. RAYA HANKAM, RT.7/RW.004, JATIMURNI, KEC. PD. MELATI, KOTA BKS, JAWA BARAT 17113","ID_PROV":"32","PROVINSI":"JAWA BARAT","ID_KABKOT":"32.75","KABKOT":"KOTA BEKASI","ID_KEC":"32.75.12","KECAMATAN":"PONDOKMELATI","ID_DESA":"32.75.12.1004","DESA":"JATIMURNI","LONGITUDE":"106.9241246","LATITUDE":"-6.3241647","STATUS":"BUKA","TANGGAL PENGUMPULAN":"Q2 2025","TANGGAL UPDATE":"20/06/2025"}},{"type":"Feature","geometry":{"coordinates":[106.9587339,-6.2490342],"type":"Point"},"properties":{"NAMA":"ATM BANK BRI","TIPE_1":"LAYANAN ATAU JASA","TIPE_2":"ATM","TIPE_3":"BRI","TELEPON":"","ALAMAT":"JL. KOMP. BRI, RT.005/RW.002, JAKASAMPURNA, BEKASI BARAT, BEKASI, WEST JAVA 17145","ID_PROV":"32","PROVINSI":"JAWA BARAT","ID_KABKOT":"32.75","KABKOT":"KOTA BEKASI","ID_KEC":"32.75.02","KECAMATAN":"BEKASI BARAT","ID_DESA":"32.75.02.1005","DESA":"JAKASAMPURNA","LONGITUDE":"106.9587339","LATITUDE":"-6.2490342","STATUS":"BUKA","TANGGAL PENGUMPULAN":"Q2 2025","TANGGAL UPDATE":"20/06/2025"}},{"type":"Feature","geometry":{"coordinates":[106.9610264,-6.2277306],"type":"Point"},"properties":{"NAMA":"ATM BANK BRI","TIPE_1":"LAYANAN ATAU JASA","TIPE_2":"ATM","TIPE_3":"BRI","TELEPON":"","ALAMAT":"JL. RAYA PONDOK CIPTA, RT.003/RW.011, BINTARA, KEC. BEKASI BAR., KOTA BKS, JAWA BARAT 17134","ID_PROV":"32","PROVINSI":"JAWA BARAT","ID_KABKOT":"32.75","KABKOT":"KOTA BEKASI","ID_KEC":"32.75.02","KECAMATAN":"BEKASI BARAT","ID_DESA":"32.75.02.1001","DESA":"BINTARA","LONGITUDE":"106.9610264","LATITUDE":"-6.2277306","STATUS":"BUKA","TANGGAL PENGUMPULAN":"Q2 2025","TANGGAL UPDATE":"20/06/2025"}},{"type":"Feature","geometry":{"coordinates":[106.9765207,-6.2017866],"type":"Point"},"properties":{"NAMA":"ATM BANK BRI","TIPE_1":"LAYANAN ATAU JASA","TIPE_2":"ATM","TIPE_3":"BRI","TELEPON":"","ALAMAT":"JL. SULTAN AGUNG, RT.003/RW.007, MEDAN SATRIA, KECAMATAN MEDAN SATRIA, KOTA BKS, JAWA BARAT 17132","ID_PROV":"32","PROVINSI":"JAWA BARAT","ID_KABKOT":"32.75","KABKOT":"KOTA BEKASI","ID_KEC":"32.75.06","KECAMATAN":"MEDANSATRIA","ID_DESA":"32.75.06.1001","DESA":"MEDANSATRIA","LONGITUDE":"106.9765207","LATITUDE":"-6.2017866","STATUS":"BUKA","TANGGAL PENGUMPULAN":"Q2 2025","TANGGAL UPDATE":"20/06/2025"}},{"type":"Feature","geometry":{"coordinates":[106.9714046,-6.192987],"type":"Point"},"properties":{"NAMA":"ATM BANK BRI","TIPE_1":"LAYANAN ATAU JASA","TIPE_2":"ATM","TIPE_3":"BRI","TELEPON":"","ALAMAT":"JL. SULTAN AGUNG, RT.006/RW.007, MEDAN SATRIA, KECAMATAN MEDAN SATRIA, KOTA BKS, JAWA BARAT 17132","ID_PROV":"32","PROVINSI":"JAWA BARAT","ID_KABKOT":"32.75","KABKOT":"KOTA BEKASI","ID_KEC":"32.75.06","KECAMATAN":"MEDANSATRIA","ID_DESA":"32.75.06.1001","DESA":"MEDANSATRIA","LONGITUDE":"106.9714046","LATITUDE":"-6.192987","STATUS":"BUKA","TANGGAL PENGUMPULAN":"Q2 2025","TANGGAL UPDATE":"20/06/2025"}},{"type":"Feature","geometry":{"coordinates":[107.0051883,-6.2427428],"type":"Point"},"properties":{"NAMA":"ATM BANK BRI KANCA BEKASI","TIPE_1":"LAYANAN ATAU JASA","TIPE_2":"ATM","TIPE_3":"BRI","TELEPON":"(021) 57987400","ALAMAT":"JL. INSINYUR H. JUANDA NO.2, RT.001/RW.004, BEKASI JAYA, KEC. BEKASI TIM., KOTA BKS, JAWA BARAT 17112","ID_PROV":"32","PROVINSI":"JAWA BARAT","ID_KABKOT":"32.75","KABKOT":"KOTA BEKASI","ID_KEC":"32.75.01","KECAMATAN":"BEKASI TIMUR","ID_DESA":"32.75.01.1001","DESA":"BEKASIJAYA","LONGITUDE":"107.0051883","LATITUDE":"-6.242742799999999","STATUS":"BUKA","TANGGAL PENGUMPULAN":"Q2 2025","TANGGAL UPDATE":"20/06/2025"}},{"type":"Feature","geometry":{"coordinates":[106.91313129999999,-6.2789141],"type":"Point"},"properties":{"NAMA":"ATM BANK BTN","TIPE_1":"LAYANAN ATAU JASA","TIPE_2":"ATM","TIPE_3":"BTN","TELEPON":"(021) 1500286","ALAMAT":"BANK BTN PONDOK GEDE, JALAN JATIWARINGIN KAV. 14, JATIWARINGIN, PONDOKGEDE, RT.005/RW.003, JATIWARINGIN, KEC. PD. GEDE, KOTA BKS, JAWA BARAT 17411","ID_PROV":"32","PROVINSI":"JAWA BARAT","ID_KABKOT":"32.75","KABKOT":"KOTA BEKASI","ID_KEC":"32.75.08","KECAMATAN":"PONDOKGEDE","ID_DESA":"32.75.08.1001","DESA":"JATIWARINGIN","LONGITUDE":"106.91313129999999","LATITUDE":"-6.2789141","STATUS":"BUKA","TANGGAL PENGUMPULAN":"Q2 2025","TANGGAL UPDATE":"20/06/2025"}},{"type":"Feature","geometry":{"coordinates":[107.0261839,-6.3007891],"type":"Point"},"properties":{"NAMA":"ATM BANK BTN","TIPE_1":"LAYANAN ATAU JASA","TIPE_2":"ATM","TIPE_3":"BTN","TELEPON":"","ALAMAT":"BLOK F1, JL. GRAHA HARAPAN NO.2, RT.009/RW.018, MUSTIKAJAYA, KEC. MUSTIKA JAYA, KOTA BKS, JAWA BARAT 17158","ID_PROV":"32","PROVINSI":"JAWA BARAT","ID_KABKOT":"32.75","KABKOT":"KOTA BEKASI","ID_KEC":"32.75.11","KECAMATAN":"MUSTIKAJAYA","ID_DESA":"32.75.11.1003","DESA":"MUSTIKAJAYA","LONGITUDE":"107.02618389999999","LATITUDE":"-6.300789099999999","STATUS":"BUKA","TANGGAL PENGUMPULAN":"Q2 2025","TANGGAL UPDATE":"20/06/2025"}},{"type":"Feature","geometry":{"coordinates":[106.999024,-6.2800271],"type":"Point"},"properties":{"NAMA":"ATM BANK BTN","TIPE_1":"LAYANAN ATAU JASA","TIPE_2":"ATM","TIPE_3":"BTN","TELEPON":"","ALAMAT":"JL. DASA DARMA NO.16, RT.002/RW.004, BOJONG RAWALUMBU, KEC. RAWALUMBU, KOTA BKS, JAWA BARAT 17115","ID_PROV":"32","PROVINSI":"JAWA BARAT","ID_KABKOT":"32.75","KABKOT":"KOTA BEKASI","ID_KEC":"32.75.05","KECAMATAN":"RAWALUMBU","ID_DESA":"32.75.05.1001","DESA":"BOJONG RAWALUMBU","LONGITUDE":"106.99902399999999","LATITUDE":"-6.2800271","STATUS":"BUKA","TANGGAL PENGUMPULAN":"Q2 2025","TANGGAL UPDATE":"20/06/2025"}},{"type":"Feature","geometry":{"coordinates":[106.9263116,-6.309827],"type":"Point"},"properties":{"NAMA":"ATM BANK BNI","TIPE_1":"LAYANAN ATAU JASA","TIPE_2":"ATM","TIPE_3":"BNI","TELEPON":"","ALAMAT":"JL. TOL LKR. LUAR JKT, RT.001/RW.009, JATIWARNA, KEC. PD. MELATI, KOTA BKS, JAWA BARAT 17415","ID_PROV":"32","PROVINSI":"JAWA BARAT","ID_KABKOT":"32.75","KABKOT":"KOTA BEKASI","ID_KEC":"32.75.12","KECAMATAN":"PONDOKMELATI","ID_DESA":"32.75.12.1002","DESA":"JATIWARNA","LONGITUDE":"106.92631159999999","LATITUDE":"-6.309826999999999","STATUS":"BUKA","TANGGAL PENGUMPULAN":"Q2 2025","TANGGAL UPDATE":"20/06/2025"}},{"type":"Feature","geometry":{"coordinates":[107.011043,-6.2497458],"type":"Point"},"properties":{"NAMA":"ATM BANK BTN","TIPE_1":"LAYANAN ATAU JASA","TIPE_2":"ATM","TIPE_3":"BTN","TELEPON":"","ALAMAT":"NO., JL. LAP. SERBAGUNA NO.33, RT.002/RW.009, MARGAHAYU, KEC. BEKASI TIM., KOTA BKS, JAWA BARAT 17113","ID_PROV":"32","PROVINSI":"JAWA BARAT","ID_KABKOT":"32.75","KABKOT":"KOTA BEKASI","ID_KEC":"32.75.01","KECAMATAN":"BEKASI TIMUR","ID_DESA":"32.75.01.1002","DESA":"MARGAHAYU","LONGITUDE":"107.011043","LATITUDE":"-6.2497457999999995","STATUS":"BUKA","TANGGAL PENGUMPULAN":"Q2 2025","TANGGAL UPDATE":"20/06/2025"}},{"type":"Feature","geometry":{"coordinates":[107.0089972,-6.2653735],"type":"Point"},"properties":{"NAMA":"ATM BANK BTN","TIPE_1":"LAYANAN ATAU JASA","TIPE_2":"ATM","TIPE_3":"BTN","TELEPON":"","ALAMAT":"RUKO NAMIRA, JL. PENGASINAN NO.43, RT.002/RW.001, PENGASINAN, KEC. RAWALUMBU, KOTA BKS, JAWA BARAT 17115","ID_PROV":"32","PROVINSI":"JAWA BARAT","ID_KABKOT":"32.75","KABKOT":"KOTA BEKASI","ID_KEC":"32.75.05","KECAMATAN":"RAWALUMBU","ID_DESA":"32.75.05.1002","DESA":"PENGASINAN","LONGITUDE":"107.0089972","LATITUDE":"-6.2653735","STATUS":"BUKA","TANGGAL PENGUMPULAN":"Q2 2025","TANGGAL UPDATE":"20/06/2025"}},{"type":"Feature","geometry":{"coordinates":[106.9714042,-6.1929861],"type":"Point"},"properties":{"NAMA":"ATM BANK BTN","TIPE_1":"LAYANAN ATAU JASA","TIPE_2":"ATM","TIPE_3":"BTN","TELEPON":"","ALAMAT":"JL. SULTAN AGUNG, RT.006/RW.007, MEDAN SATRIA, KECAMATAN MEDAN SATRIA, KOTA BKS, JAWA BARAT 17132","ID_PROV":"32","PROVINSI":"JAWA BARAT","ID_KABKOT":"32.75","KABKOT":"KOTA BEKASI","ID_KEC":"32.75.06","KECAMATAN":"MEDANSATRIA","ID_DESA":"32.75.06.1001","DESA":"MEDANSATRIA","LONGITUDE":"106.9714042","LATITUDE":"-6.1929861","STATUS":"BUKA","TANGGAL PENGUMPULAN":"Q2 2025","TANGGAL UPDATE":"20/06/2025"}},{"type":"Feature","geometry":{"coordinates":[106.9177822,-6.2853714],"type":"Point"},"properties":{"NAMA":"ATM BANK BTN","TIPE_1":"LAYANAN ATAU JASA","TIPE_2":"ATM","TIPE_3":"BTN","TELEPON":"","ALAMAT":"TIP TOP, JL. RAYA JATI MAKMUR, RT.007/RW.003, JATIRAHAYU, KEC. PD. MELATI, KOTA BKS, JAWA BARAT 17413","ID_PROV":"32","PROVINSI":"JAWA BARAT","ID_KABKOT":"32.75","KABKOT":"KOTA BEKASI","ID_KEC":"32.75.12","KECAMATAN":"PONDOKMELATI","ID_DESA":"32.75.12.1001","DESA":"JATIRAHAYU","LONGITUDE":"106.91778219999999","LATITUDE":"-6.2853714","STATUS":"BUKA","TANGGAL PENGUMPULAN":"Q2 2025","TANGGAL UPDATE":"20/06/2025"}},{"type":"Feature","geometry":{"coordinates":[106.9114528,-6.2647756],"type":"Point"},"properties":{"NAMA":"ATM BANK BUKOPIN","TIPE_1":"LAYANAN ATAU JASA","TIPE_2":"ATM","TIPE_3":"KB BUKOPIN","TELEPON":"","ALAMAT":"JL. RAYA JATIWARINGIN NO.8, RT.004/RW.006, JATICEMPAKA, KEC. PD. GEDE, KOTA BKS, JAWA BARAT 13620","ID_PROV":"32","PROVINSI":"JAWA BARAT","ID_KABKOT":"32.75","KABKOT":"KOTA BEKASI","ID_KEC":"32.75.08","KECAMATAN":"PONDOKGEDE","ID_DESA":"32.75.08.1007","DESA":"JATICEMPAKA","LONGITUDE":"106.91145279999999","LATITUDE":"-6.2647756","STATUS":"BUKA","TANGGAL PENGUMPULAN":"Q2 2025","TANGGAL UPDATE":"20/06/2025"}},{"type":"Feature","geometry":{"coordinates":[107.0035054,-6.2919278],"type":"Point"},"properties":{"NAMA":"ATM BANK CENTRAL ASIA (BCA)","TIPE_1":"LAYANAN ATAU JASA","TIPE_2":"ATM","TIPE_3":"BCA","TELEPON":"","ALAMAT":"INDOMARET MEKARSARI RAYA, JL MEKARSARI RAYA, BEKASI JAYA, 17112, RT.002/RW.002, MUSTIKASARI, KEC. MUSTIKA JAYA, KOTA BKS, JAWA BARAT 17116","ID_PROV":"32","PROVINSI":"JAWA BARAT","ID_KABKOT":"32.75","KABKOT":"KOTA BEKASI","ID_KEC":"32.75.11","KECAMATAN":"MUSTIKAJAYA","ID_DESA":"32.75.11.1004","DESA":"MUSTIKASARI","LONGITUDE":"107.0035054","LATITUDE":"-6.2919278","STATUS":"BUKA","TANGGAL PENGUMPULAN":"Q2 2025","TANGGAL UPDATE":"20/06/2025"}},{"type":"Feature","geometry":{"coordinates":[106.9788581,-6.3378416],"type":"Point"},"properties":{"NAMA":"ATM BANK CENTRAL ASIA (BCA)","TIPE_1":"LAYANAN ATAU JASA","TIPE_2":"ATM","TIPE_3":"BCA","TELEPON":"","ALAMAT":"RS ELISABETH, JL RAYA NAROGONG, NO. 202, KEMANG PRATAMA, RT.004/RW.001, CIKIWUL, KEC. BANTAR GEBANG, KOTA BKS, JAWA BARAT 17152","ID_PROV":"32","PROVINSI":"JAWA BARAT","ID_KABKOT":"32.75","KABKOT":"KOTA BEKASI","ID_KEC":"32.75.07","KECAMATAN":"BANTARGEBANG","ID_DESA":"32.75.07.1004","DESA":"CIKIWUL","LONGITUDE":"106.9788581","LATITUDE":"-6.3378416","STATUS":"BUKA","TANGGAL PENGUMPULAN":"Q2 2025","TANGGAL UPDATE":"20/06/2025"}},{"type":"Feature","geometry":{"coordinates":[106.9969523,-6.2490276],"type":"Point"},"properties":{"NAMA":"ATM BANK CENTRAL ASIA (BCA)","TIPE_1":"LAYANAN ATAU JASA","TIPE_2":"ATM","TIPE_3":"BCA","TELEPON":"","ALAMAT":"SPBU 34-171.40 KALIABANG BEKASI, JL RAYA KALIABANG NANGKA, NO. 77, PERWIRA, RT.004/RW.002, MARGA JAYA, KEC. BEKASI SEL., KOTA BKS, JAWA BARAT 17125","ID_PROV":"32","PROVINSI":"JAWA BARAT","ID_KABKOT":"32.75","KABKOT":"KOTA BEKASI","ID_KEC":"32.75.04","KECAMATAN":"BEKASI SELATAN","ID_DESA":"32.75.04.1002","DESA":"MARGAJAYA","LONGITUDE":"106.99695229999999","LATITUDE":"-6.2490276","STATUS":"BUKA","TANGGAL PENGUMPULAN":"Q2 2025","TANGGAL UPDATE":"20/06/2025"}},{"type":"Feature","geometry":{"coordinates":[106.9149095,-6.3758711],"type":"Point"},"properties":{"NAMA":"ATM BANK CIMB NIAGA","TIPE_1":"LAYANAN ATAU JASA","TIPE_2":"ATM","TIPE_3":"CIMB NIAGA","TELEPON":"","ALAMAT":"PLASA CIBUBUR, JL. RAYA KALIMANGGIS, RT.001/RW.003, JATIKARYA, KEC. JATISAMPURNA, KOTA BKS, JAWA BARAT 17435","ID_PROV":"32","PROVINSI":"JAWA BARAT","ID_KABKOT":"32.75","KABKOT":"KOTA BEKASI","ID_KEC":"32.75.10","KECAMATAN":"JATISAMPURNA","ID_DESA":"32.75.10.1002","DESA":"JATIKARYA","LONGITUDE":"106.9149095","LATITUDE":"-6.3758710999999995","STATUS":"BUKA","TANGGAL PENGUMPULAN":"Q2 2025","TANGGAL UPDATE":"20/06/2025"}},{"type":"Feature","geometry":{"coordinates":[106.9687259,-6.2965135],"type":"Point"},"properties":{"NAMA":"ATM BANK CIMB NIAGA SPBU SWANTARA JATIAAIH","TIPE_1":"LAYANAN ATAU JASA","TIPE_2":"ATM","TIPE_3":"CIMB NIAGA","TELEPON":"(021) 14041","ALAMAT":"JL. SWATANTRA V NO.49, RT.009/RW.003, JATIRASA, KEC. JATIASIH, KOTA BKS, JAWA BARAT 17424","ID_PROV":"32","PROVINSI":"JAWA BARAT","ID_KABKOT":"32.75","KABKOT":"KOTA BEKASI","ID_KEC":"32.75.09","KECAMATAN":"JATIASIH","ID_DESA":"32.75.09.1004","DESA":"JATIRASA","LONGITUDE":"106.9687259","LATITUDE":"-6.2965135","STATUS":"BUKA","TANGGAL PENGUMPULAN":"Q2 2025","TANGGAL UPDATE":"20/06/2025"}},{"type":"Feature","geometry":{"coordinates":[107.001121,-6.238343],"type":"Point"},"properties":{"NAMA":"ATM BANK DANAMON","TIPE_1":"LAYANAN ATAU JASA","TIPE_2":"ATM","TIPE_3":"DANAMON","TELEPON":"","ALAMAT":"JL. INSINYUR H. JUANDA NO.100, RT.006/RW.006, MARGA MULYA, KEC. BEKASI UTARA, KOTA BKS, JAWA BARAT 17141","ID_PROV":"32","PROVINSI":"JAWA BARAT","ID_KABKOT":"32.75","KABKOT":"KOTA BEKASI","ID_KEC":"32.75.04","KECAMATAN":"BEKASI SELATAN","ID_DESA":"32.75.04.1002","DESA":"MARGAJAYA","LONGITUDE":"107.001121","LATITUDE":"-6.2383429999999995","STATUS":"BUKA","TANGGAL PENGUMPULAN":"Q2 2025","TANGGAL UPDATE":"20/06/2025"}},{"type":"Feature","geometry":{"coordinates":[106.9114211,-6.284135],"type":"Point"},"properties":{"NAMA":"ATM BANK DANAMON","TIPE_1":"LAYANAN ATAU JASA","TIPE_2":"ATM","TIPE_3":"DANAMON","TELEPON":"","ALAMAT":"PLAZA PD. GEDE, JL. RAYA PD. GEDE LANTAI BASEMENT, RT.001/RW.001, JATIWARINGIN, KEC. PD. GEDE, KOTA BKS, JAWA BARAT 17411","ID_PROV":"32","PROVINSI":"JAWA BARAT","ID_KABKOT":"32.75","KABKOT":"KOTA BEKASI","ID_KEC":"32.75.08","KECAMATAN":"PONDOKGEDE","ID_DESA":"32.75.08.1001","DESA":"JATIWARINGIN","LONGITUDE":"106.9114211","LATITUDE":"-6.284135","STATUS":"BUKA","TANGGAL PENGUMPULAN":"Q2 2025","TANGGAL UPDATE":"20/06/2025"}},{"type":"Feature","geometry":{"coordinates":[106.91195049999999,-6.2716243],"type":"Point"},"properties":{"NAMA":"ATM BANK DKI","TIPE_1":"LAYANAN ATAU JASA","TIPE_2":"ATM","TIPE_3":"BPD","TELEPON":"","ALAMAT":"BANK DKI, JL. RAYA JATIWARINGIN NO.3 NO.258, RT.009/RW.015, JATIWARINGIN, KEC. PD. GEDE, KOTA BKS, JAWA BARAT 17411","ID_PROV":"32","PROVINSI":"JAWA BARAT","ID_KABKOT":"32.75","KABKOT":"KOTA BEKASI","ID_KEC":"32.75.08","KECAMATAN":"PONDOKGEDE","ID_DESA":"32.75.08.1001","DESA":"JATIWARINGIN","LONGITUDE":"106.91195049999999","LATITUDE":"-6.2716243","STATUS":"BUKA","TANGGAL PENGUMPULAN":"Q2 2025","TANGGAL UPDATE":"20/06/2025"}},{"type":"Feature","geometry":{"coordinates":[106.966255,-6.2330198],"type":"Point"},"properties":{"NAMA":"ATM BANK DKI","TIPE_1":"LAYANAN ATAU JASA","TIPE_2":"ATM","TIPE_3":"BPD","TELEPON":"","ALAMAT":"JL. BINTARA I NO.31, RT.013/RW.010, BINTARA, KEC. BEKASI BAR., KOTA BKS, JAWA BARAT 17134","ID_PROV":"32","PROVINSI":"JAWA BARAT","ID_KABKOT":"32.75","KABKOT":"KOTA BEKASI","ID_KEC":"32.75.02","KECAMATAN":"BEKASI BARAT","ID_DESA":"32.75.02.1001","DESA":"BINTARA","LONGITUDE":"106.96625499999999","LATITUDE":"-6.2330198","STATUS":"BUKA","TANGGAL PENGUMPULAN":"Q2 2025","TANGGAL UPDATE":"20/06/2025"}},{"type":"Feature","geometry":{"coordinates":[106.9208486,-6.3785985],"type":"Point"},"properties":{"NAMA":"ATM BANK DKI","TIPE_1":"LAYANAN ATAU JASA","TIPE_2":"ATM","TIPE_3":"BPD","TELEPON":"","ALAMAT":"PERTOKOAN CIBUBUR TIME SQUARE BLOK B1 NO. 12 A, JL. TRANSYOGI KM. 3, JATI KARYA, JATI SAMPURNA KOTA BKS, 17435, RT.001/RW.010, JATIKARYA, KEC. JATISAMPURNA, KOTA BKS, JAWA BARAT 17435","ID_PROV":"32","PROVINSI":"JAWA BARAT","ID_KABKOT":"32.75","KABKOT":"KOTA BEKASI","ID_KEC":"32.75.10","KECAMATAN":"JATISAMPURNA","ID_DESA":"32.75.10.1002","DESA":"JATIKARYA","LONGITUDE":"106.9208486","LATITUDE":"-6.3785985","STATUS":"BUKA","TANGGAL PENGUMPULAN":"Q2 2025","TANGGAL UPDATE":"20/06/2025"}},{"type":"Feature","geometry":{"coordinates":[106.987182,-6.2753994],"type":"Point"},"properties":{"NAMA":"ATM BANK DKI","TIPE_1":"LAYANAN ATAU JASA","TIPE_2":"ATM","TIPE_3":"BPD","TELEPON":"","ALAMAT":"RT.007/RW.020, BOJONG RAWALUMBU, KEC. RAWALUMBU, KOTA BKS, JAWA BARAT","ID_PROV":"32","PROVINSI":"JAWA BARAT","ID_KABKOT":"32.75","KABKOT":"KOTA BEKASI","ID_KEC":"32.75.05","KECAMATAN":"RAWALUMBU","ID_DESA":"32.75.05.1001","DESA":"BOJONG RAWALUMBU","LONGITUDE":"106.98718199999999","LATITUDE":"-6.2753993999999995","STATUS":"BUKA","TANGGAL PENGUMPULAN":"Q2 2025","TANGGAL UPDATE":"20/06/2025"}},{"type":"Feature","geometry":{"coordinates":[106.9930242,-6.2417422],"type":"Point"},"properties":{"NAMA":"ATM BANK DKI","TIPE_1":"LAYANAN ATAU JASA","TIPE_2":"ATM","TIPE_3":"BPD","TELEPON":"(021) 23545555","ALAMAT":"BANK DKI CABANG BEKASI, JL. AHMAD YANI, RT.005/RW.002, MARGA JAYA, KEC. BEKASI SEL., KOTA BKS, JAWA BARAT 17141","ID_PROV":"32","PROVINSI":"JAWA BARAT","ID_KABKOT":"32.75","KABKOT":"KOTA BEKASI","ID_KEC":"32.75.04","KECAMATAN":"BEKASI SELATAN","ID_DESA":"32.75.04.1002","DESA":"MARGAJAYA","LONGITUDE":"106.9930242","LATITUDE":"-6.2417422","STATUS":"BUKA","TANGGAL PENGUMPULAN":"Q2 2025","TANGGAL UPDATE":"20/06/2025"}},{"type":"Feature","geometry":{"coordinates":[106.9946324,-6.2419789],"type":"Point"},"properties":{"NAMA":"ATM BANK DKI","TIPE_1":"LAYANAN ATAU JASA","TIPE_2":"ATM","TIPE_3":"BPD","TELEPON":"(021) 23545555","ALAMAT":"RUMAH SAKIT IBU DAN ANAK (RSIA) HERMINA, JL. KEMAKMURAN NO.39, RT.004/RW.003, MARGA JAYA, KEC. BEKASI SEL., KOTA BKS, JAWA BARAT 17141","ID_PROV":"32","PROVINSI":"JAWA BARAT","ID_KABKOT":"32.75","KABKOT":"KOTA BEKASI","ID_KEC":"32.75.04","KECAMATAN":"BEKASI SELATAN","ID_DESA":"32.75.04.1002","DESA":"MARGAJAYA","LONGITUDE":"106.9946324","LATITUDE":"-6.241978899999999","STATUS":"BUKA","TANGGAL PENGUMPULAN":"Q2 2025","TANGGAL UPDATE":"20/06/2025"}},{"type":"Feature","geometry":{"coordinates":[106.991122,-6.246662],"type":"Point"},"properties":{"NAMA":"INA PERDANA ATM","TIPE_1":"LAYANAN ATAU JASA","TIPE_2":"ATM","TIPE_3":"INA PERDANA","TELEPON":"(021) 3859050","ALAMAT":"BEKASI CYBER PARK GROUND FLOOR, JL. KYAI HAJI NOER ALIE, NO. 177, RT.001/RW.005, KAYURINGIN JAYA, KEC. BEKASI BAR., KOTA BKS, JAWA BARAT 17134","ID_PROV":"32","PROVINSI":"JAWA BARAT","ID_KABKOT":"32.75","KABKOT":"KOTA BEKASI","ID_KEC":"32.75.04","KECAMATAN":"BEKASI SELATAN","ID_DESA":"32.75.04.1005","DESA":"KAYURINGINJAYA","LONGITUDE":"106.99112199999999","LATITUDE":"-6.246662","STATUS":"BUKA","TANGGAL PENGUMPULAN":"Q2 2025","TANGGAL UPDATE":"20/06/2025"}},{"type":"Feature","geometry":{"coordinates":[106.9237977,-6.3811528],"type":"Point"},"properties":{"NAMA":"ATM MAYBANK","TIPE_1":"LAYANAN ATAU JASA","TIPE_2":"ATM","TIPE_3":"MAYBANK","TELEPON":"(021) 78869711","ALAMAT":"JL. ALTERNATIF CIBUBUR KM.3,8 NO.18, RT.001/RW.010, JATIKARYA, KEC. JATISAMPURNA, KOTA BKS, JAWA BARAT 17435","ID_PROV":"32","PROVINSI":"JAWA BARAT","ID_KABKOT":"32.75","KABKOT":"KOTA BEKASI","ID_KEC":"32.75.10","KECAMATAN":"JATISAMPURNA","ID_DESA":"32.75.10.1002","DESA":"JATIKARYA","LONGITUDE":"106.9237977","LATITUDE":"-6.3811528","STATUS":"BUKA","TANGGAL PENGUMPULAN":"Q2 2025","TANGGAL UPDATE":"20/06/2025"}},{"type":"Feature","geometry":{"coordinates":[107.000974,-6.2380597],"type":"Point"},"properties":{"NAMA":"ATM BANK KB BUKOPIN","TIPE_1":"LAYANAN ATAU JASA","TIPE_2":"ATM","TIPE_3":"KB BUKOPIN","TELEPON":"(021) 14005","ALAMAT":"KOMPLEK RUKO JUANDA ELOK NO. 5, JL. IR. H. JUANDA, BULAK KAPAL, BEKASI TIMUR, RT.006/RW.006, MARGA JAYA, KEC. BEKASI SEL., KOTA BKS, JAWA BARAT 17141","ID_PROV":"32","PROVINSI":"JAWA BARAT","ID_KABKOT":"32.75","KABKOT":"KOTA BEKASI","ID_KEC":"32.75.04","KECAMATAN":"BEKASI SELATAN","ID_DESA":"32.75.04.1002","DESA":"MARGAJAYA","LONGITUDE":"107.000974","LATITUDE":"-6.2380597","STATUS":"BUKA","TANGGAL PENGUMPULAN":"Q2 2025","TANGGAL UPDATE":"20/06/2025"}},{"type":"Feature","geometry":{"coordinates":[106.9162211,-6.3739443],"type":"Point"},"properties":{"NAMA":"ATM BANK MANDIRI","TIPE_1":"LAYANAN ATAU JASA","TIPE_2":"ATM","TIPE_3":"MANDIRI","TELEPON":"","ALAMAT":"BLOK AS5 NO.15, JL. KASUARI RAYA, RT.001/RW.013, JATISAMPURNA, KEC. JATISAMPURNA, KOTA BKS, JAWA BARAT 17433","ID_PROV":"32","PROVINSI":"JAWA BARAT","ID_KABKOT":"32.75","KABKOT":"KOTA BEKASI","ID_KEC":"32.75.10","KECAMATAN":"JATISAMPURNA","ID_DESA":"32.75.10.1001","DESA":"JATISAMPURNA","LONGITUDE":"106.9162211","LATITUDE":"-6.3739443","STATUS":"BUKA","TANGGAL PENGUMPULAN":"Q2 2025","TANGGAL UPDATE":"20/06/2025"}},{"type":"Feature","geometry":{"coordinates":[106.935833,-6.2749051],"type":"Point"},"properties":{"NAMA":"ATM BANK MANDIRI","TIPE_1":"LAYANAN ATAU JASA","TIPE_2":"ATM","TIPE_3":"MANDIRI","TELEPON":"","ALAMAT":"JL. DURIAN RAYA NO.48, RT.004/RW.011, JATIMAKMUR, KEC. PD. GEDE, KOTA BKS, JAWA BARAT 17413","ID_PROV":"32","PROVINSI":"JAWA BARAT","ID_KABKOT":"32.75","KABKOT":"KOTA BEKASI","ID_KEC":"32.75.08","KECAMATAN":"PONDOKGEDE","ID_DESA":"32.75.08.1003","DESA":"JATIMAKMUR","LONGITUDE":"106.93583299999999","LATITUDE":"-6.2749051","STATUS":"BUKA","TANGGAL PENGUMPULAN":"Q2 2025","TANGGAL UPDATE":"20/06/2025"}},{"type":"Feature","geometry":{"coordinates":[106.9305571,-6.259819],"type":"Point"},"properties":{"NAMA":"ATM BANK MANDIRI","TIPE_1":"LAYANAN ATAU JASA","TIPE_2":"ATM","TIPE_3":"MANDIRI","TELEPON":"","ALAMAT":"JL. MARNA PUTRA ATAS NO.66, RT.003/RW.004, JATIBENING BARU, KEC. PD. GEDE, KOTA BKS, JAWA BARAT 17412","ID_PROV":"32","PROVINSI":"JAWA BARAT","ID_KABKOT":"32.75","KABKOT":"KOTA BEKASI","ID_KEC":"32.75.08","KECAMATAN":"PONDOKGEDE","ID_DESA":"32.75.08.1006","DESA":"JATIBENING BARU","LONGITUDE":"106.9305571","LATITUDE":"-6.259818999999999","STATUS":"BUKA","TANGGAL PENGUMPULAN":"Q2 2025","TANGGAL UPDATE":"20/06/2025"}},{"type":"Feature","geometry":{"coordinates":[106.9105214,-6.2617098],"type":"Point"},"properties":{"NAMA":"ATM BANK MANDIRI","TIPE_1":"LAYANAN ATAU JASA","TIPE_2":"ATM","TIPE_3":"MANDIRI","TELEPON":"(021) 14000","ALAMAT":"JL. RAYA JATIWARINGIN NO.363, RT.007/RW.004, JATICEMPAKA, KEC. PD. GEDE, KOTA BKS, JAWA BARAT 17411","ID_PROV":"32","PROVINSI":"JAWA BARAT","ID_KABKOT":"32.75","KABKOT":"KOTA BEKASI","ID_KEC":"32.75.08","KECAMATAN":"PONDOKGEDE","ID_DESA":"32.75.08.1007","DESA":"JATICEMPAKA","LONGITUDE":"106.9105214","LATITUDE":"-6.261709799999999","STATUS":"BUKA","TANGGAL PENGUMPULAN":"Q2 2025","TANGGAL UPDATE":"20/06/2025"}},{"type":"Feature","geometry":{"coordinates":[106.9112673,-6.2857403],"type":"Point"},"properties":{"NAMA":"ATM BANK MANDIRI","TIPE_1":"LAYANAN ATAU JASA","TIPE_2":"ATM","TIPE_3":"MANDIRI","TELEPON":"(021) 8496363","ALAMAT":"JL. RAYA PD. GEDE NO.50, RT.003/RW.001, JATIRAHAYU, PONDOK MELATI, BEKASI, WEST JAVA 17414","ID_PROV":"32","PROVINSI":"JAWA BARAT","ID_KABKOT":"32.75","KABKOT":"KOTA BEKASI","ID_KEC":"32.75.12","KECAMATAN":"PONDOKMELATI","ID_DESA":"32.75.12.1001","DESA":"JATIRAHAYU","LONGITUDE":"106.91126729999999","LATITUDE":"-6.2857403","STATUS":"BUKA","TANGGAL PENGUMPULAN":"Q2 2025","TANGGAL UPDATE":"20/06/2025"}},{"type":"Feature","geometry":{"coordinates":[107.0017099,-6.3155955],"type":"Point"},"properties":{"NAMA":"ATM BANK MANDIRI","TIPE_1":"LAYANAN ATAU JASA","TIPE_2":"ATM","TIPE_3":"MANDIRI","TELEPON":"","ALAMAT":"RT.009/RW.019, PADURENAN, KEC. MUSTIKA JAYA, KOTA BKS, JAWA BARAT 16340","ID_PROV":"32","PROVINSI":"JAWA BARAT","ID_KABKOT":"32.75","KABKOT":"KOTA BEKASI","ID_KEC":"32.75.11","KECAMATAN":"MUSTIKAJAYA","ID_DESA":"32.75.11.1001","DESA":"PADURENAN","LONGITUDE":"107.0017099","LATITUDE":"-6.3155955","STATUS":"BUKA","TANGGAL PENGUMPULAN":"Q2 2025","TANGGAL UPDATE":"20/06/2025"}},{"type":"Feature","geometry":{"coordinates":[106.992924,-6.2495988],"type":"Point"},"properties":{"NAMA":"ATM BANK MANDIRI","TIPE_1":"LAYANAN ATAU JASA","TIPE_2":"ATM","TIPE_3":"MANDIRI","TELEPON":"","ALAMAT":"MEGA BEKASI, JL. AHMAD YANI LT. UG, RT.004/RW.001, MARGA JAYA, BEKASI SELATAN, BEKASI, WEST JAVA 17148","ID_PROV":"32","PROVINSI":"JAWA BARAT","ID_KABKOT":"32.75","KABKOT":"KOTA BEKASI","ID_KEC":"32.75.04","KECAMATAN":"BEKASI SELATAN","ID_DESA":"32.75.04.1002","DESA":"MARGAJAYA","LONGITUDE":"106.992924","LATITUDE":"-6.249598799999999","STATUS":"BUKA","TANGGAL PENGUMPULAN":"Q2 2025","TANGGAL UPDATE":"20/06/2025"}},{"type":"Feature","geometry":{"coordinates":[107.0010655,-6.2615206],"type":"Point"},"properties":{"NAMA":"ATM BANK MANDIRI","TIPE_1":"LAYANAN ATAU JASA","TIPE_2":"ATM","TIPE_3":"MANDIRI","TELEPON":"","ALAMAT":"UNNAMED ROAD, RT.001/RW.002, SEPANJANG JAYA, KEC. RAWALUMBU, KOTA BKS, JAWA BARAT 17114","ID_PROV":"32","PROVINSI":"JAWA BARAT","ID_KABKOT":"32.75","KABKOT":"KOTA BEKASI","ID_KEC":"32.75.05","KECAMATAN":"RAWALUMBU","ID_DESA":"32.75.05.1003","DESA":"SEPANJANGJAYA","LONGITUDE":"107.0010655","LATITUDE":"-6.2615206","STATUS":"BUKA","TANGGAL PENGUMPULAN":"Q2 2025","TANGGAL UPDATE":"20/06/2025"}},{"type":"Feature","geometry":{"coordinates":[106.9821853,-6.2133501],"type":"Point"},"properties":{"NAMA":"ATM BANK MANDIRI","TIPE_1":"LAYANAN ATAU JASA","TIPE_2":"ATM","TIPE_3":"MANDIRI","TELEPON":"","ALAMAT":"JL. CEMARA PERMAI, RT.004/RW.010, HARAPAN JAYA, BEKASI UTARA, BEKASI, WEST JAVA 17124","ID_PROV":"32","PROVINSI":"JAWA BARAT","ID_KABKOT":"32.75","KABKOT":"KOTA BEKASI","ID_KEC":"32.75.03","KECAMATAN":"BEKASI UTARA","ID_DESA":"32.75.03.1006","DESA":"HARAPANJAYA","LONGITUDE":"106.9821853","LATITUDE":"-6.2133500999999995","STATUS":"BUKA","TANGGAL PENGUMPULAN":"Q2 2025","TANGGAL UPDATE":"20/06/2025"}},{"type":"Feature","geometry":{"coordinates":[107.011121,-6.325914],"type":"Point"},"properties":{"NAMA":"ATM BANK MANDIRI","TIPE_1":"LAYANAN ATAU JASA","TIPE_2":"ATM","TIPE_3":"MANDIRI","TELEPON":"","ALAMAT":"RUKO GARNET, JL. BEKASI TIMUR REGENSI 3 NO.MOR 8, RT.004/RW.006, PADURENAN, KEC. MUSTIKA JAYA, KOTA BKS, JAWA BARAT 17156","ID_PROV":"32","PROVINSI":"JAWA BARAT","ID_KABKOT":"32.75","KABKOT":"KOTA BEKASI","ID_KEC":"32.75.11","KECAMATAN":"MUSTIKAJAYA","ID_DESA":"32.75.11.1001","DESA":"PADURENAN","LONGITUDE":"107.01112099999999","LATITUDE":"-6.325914","STATUS":"BUKA","TANGGAL PENGUMPULAN":"Q2 2025","TANGGAL UPDATE":"20/06/2025"}},{"type":"Feature","geometry":{"coordinates":[106.9830387,-6.2816477],"type":"Point"},"properties":{"NAMA":"ATM BANK MANDIRI ALFAMART KEMANG GOLF","TIPE_1":"LAYANAN ATAU JASA","TIPE_2":"ATM","TIPE_3":"MANDIRI","TELEPON":"","ALAMAT":"JL. KEMANG GOLF RAYA, RT.001/RW.036, BOJONG RAWALUMBU, KEC. RAWALUMBU, KOTA BKS, JAWA BARAT 17116","ID_PROV":"32","PROVINSI":"JAWA BARAT","ID_KABKOT":"32.75","KABKOT":"KOTA BEKASI","ID_KEC":"32.75.05","KECAMATAN":"RAWALUMBU","ID_DESA":"32.75.05.1001","DESA":"BOJONG RAWALUMBU","LONGITUDE":"106.9830387","LATITUDE":"-6.2816477","STATUS":"BUKA","TANGGAL PENGUMPULAN":"Q2 2025","TANGGAL UPDATE":"20/06/2025"}},{"type":"Feature","geometry":{"coordinates":[107.0305506,-6.2975786],"type":"Point"},"properties":{"NAMA":"ATM BANK MANDIRI ALFAMIDI","TIPE_1":"LAYANAN ATAU JASA","TIPE_2":"ATM","TIPE_3":"MANDIRI","TELEPON":"","ALAMAT":"RT.001/RW.020, MUSTIKAJAYA, KEC. MUSTIKA JAYA, KOTA BKS, JAWA BARAT 17158","ID_PROV":"32","PROVINSI":"JAWA BARAT","ID_KABKOT":"32.75","KABKOT":"KOTA BEKASI","ID_KEC":"32.75.11","KECAMATAN":"MUSTIKAJAYA","ID_DESA":"32.75.11.1003","DESA":"MUSTIKAJAYA","LONGITUDE":"107.0305506","LATITUDE":"-6.2975786","STATUS":"BUKA","TANGGAL PENGUMPULAN":"Q2 2025","TANGGAL UPDATE":"20/06/2025"}},{"type":"Feature","geometry":{"coordinates":[106.9849148,-6.2493356],"type":"Point"},"properties":{"NAMA":"ATM BANK MANDIRI KCP GRAND METROPOLITAN","TIPE_1":"LAYANAN ATAU JASA","TIPE_2":"ATM","TIPE_3":"MANDIRI","TELEPON":"(021) 29464671","ALAMAT":"GRAND METROPOLITAN MALL, JL. KH. NOER ALI UG, 20, RT.007/RW.003, PEKAYON JAYA, KEC. BEKASI SEL., KOTA BKS, JAWA BARAT 17148","ID_PROV":"32","PROVINSI":"JAWA BARAT","ID_KABKOT":"32.75","KABKOT":"KOTA BEKASI","ID_KEC":"32.75.04","KECAMATAN":"BEKASI SELATAN","ID_DESA":"32.75.04.1001","DESA":"PEKAYONJAYA","LONGITUDE":"106.9849148","LATITUDE":"-6.249335599999999","STATUS":"BUKA","TANGGAL PENGUMPULAN":"Q2 2025","TANGGAL UPDATE":"20/06/2025"}},{"type":"Feature","geometry":{"coordinates":[106.9685889,-6.2963847],"type":"Point"},"properties":{"NAMA":"ATM BANK MANDIRI SPBU SWANTANTRA JATIASIH","TIPE_1":"LAYANAN ATAU JASA","TIPE_2":"ATM","TIPE_3":"MANDIRI","TELEPON":"","ALAMAT":"JL. SWATANTRA V, RT.009/RW.003, JATIRASA, KEC. JATIASIH, KOTA BKS, JAWA BARAT 17424","ID_PROV":"32","PROVINSI":"JAWA BARAT","ID_KABKOT":"32.75","KABKOT":"KOTA BEKASI","ID_KEC":"32.75.09","KECAMATAN":"JATIASIH","ID_DESA":"32.75.09.1004","DESA":"JATIRASA","LONGITUDE":"106.9685889","LATITUDE":"-6.2963847","STATUS":"BUKA","TANGGAL PENGUMPULAN":"Q2 2025","TANGGAL UPDATE":"20/06/2025"}},{"type":"Feature","geometry":{"coordinates":[106.992245,-6.2446933],"type":"Point"},"properties":{"NAMA":"ATM BANK MASPION BEKASI","TIPE_1":"LAYANAN ATAU JASA","TIPE_2":"ATM","TIPE_3":"KBANK","TELEPON":"","ALAMAT":"KCP BANK MANDIRI SENTRA NIAGA KALIMALANG, JL. AHMAD YANI BLOK A4 NO.1, RT.001/RW.005, KAYURINGIN JAYA, KEC. BEKASI SEL., KOTA BKS, JAWA BARAT 17144","ID_PROV":"32","PROVINSI":"JAWA BARAT","ID_KABKOT":"32.75","KABKOT":"KOTA BEKASI","ID_KEC":"32.75.04","KECAMATAN":"BEKASI SELATAN","ID_DESA":"32.75.04.1005","DESA":"KAYURINGINJAYA","LONGITUDE":"106.992245","LATITUDE":"-6.2446933","STATUS":"BUKA","TANGGAL PENGUMPULAN":"Q2 2025","TANGGAL UPDATE":"20/06/2025"}},{"type":"Feature","geometry":{"coordinates":[106.9912962,-6.2467025],"type":"Point"},"properties":{"NAMA":"ATM BANK MEGA","TIPE_1":"LAYANAN ATAU JASA","TIPE_2":"ATM","TIPE_3":"MEGA","TELEPON":"","ALAMAT":"JALAN KH. NOER ALI NO.177, KAYURINGIN JAYA, BEKASI BARAT, RT.001/RW.005, KAYURINGIN JAYA, KEC. BEKASI SEL., KOTA BKS, JAWA BARAT 17144","ID_PROV":"32","PROVINSI":"JAWA BARAT","ID_KABKOT":"32.75","KABKOT":"KOTA BEKASI","ID_KEC":"32.75.04","KECAMATAN":"BEKASI SELATAN","ID_DESA":"32.75.04.1005","DESA":"KAYURINGINJAYA","LONGITUDE":"106.9912962","LATITUDE":"-6.2467025","STATUS":"BUKA","TANGGAL PENGUMPULAN":"Q2 2025","TANGGAL UPDATE":"20/06/2025"}},{"type":"Feature","geometry":{"coordinates":[106.990822,-6.248667],"type":"Point"},"properties":{"NAMA":"ATM BANK MEGA","TIPE_1":"LAYANAN ATAU JASA","TIPE_2":"ATM","TIPE_3":"MEGA","TELEPON":"(021) 1500010","ALAMAT":"JL. KH. NOER ALI NO.3, RT.008/RW.002, PEKAYON JAYA, KEC. BEKASI SEL., KOTA BKS, JAWA BARAT 17148","ID_PROV":"32","PROVINSI":"JAWA BARAT","ID_KABKOT":"32.75","KABKOT":"KOTA BEKASI","ID_KEC":"32.75.04","KECAMATAN":"BEKASI SELATAN","ID_DESA":"32.75.04.1001","DESA":"PEKAYONJAYA","LONGITUDE":"106.990822","LATITUDE":"-6.248666999999999","STATUS":"BUKA","TANGGAL PENGUMPULAN":"Q2 2025","TANGGAL UPDATE":"20/06/2025"}},{"type":"Feature","geometry":{"coordinates":[106.9499637,-6.2494772],"type":"Point"},"properties":{"NAMA":"ATM BANK MEGA","TIPE_1":"LAYANAN ATAU JASA","TIPE_2":"ATM","TIPE_3":"MEGA","TELEPON":"","ALAMAT":"JL. RAYA KALIMALANG NO.6, RT.007/RW.003, BINTARA JAYA, BEKASI BARAT, BEKASI, WEST JAVA 17136","ID_PROV":"32","PROVINSI":"JAWA BARAT","ID_KABKOT":"32.75","KABKOT":"KOTA BEKASI","ID_KEC":"32.75.02","KECAMATAN":"BEKASI BARAT","ID_DESA":"32.75.02.1004","DESA":"BINTARAJAYA","LONGITUDE":"106.9499637","LATITUDE":"-6.249477199999999","STATUS":"BUKA","TANGGAL PENGUMPULAN":"Q2 2025","TANGGAL UPDATE":"20/06/2025"}},{"type":"Feature","geometry":{"coordinates":[106.9113435,-6.2834133],"type":"Point"},"properties":{"NAMA":"ATM BANK MEGA","TIPE_1":"LAYANAN ATAU JASA","TIPE_2":"ATM","TIPE_3":"MEGA","TELEPON":"","ALAMAT":"PLAZA PD. GEDE, JL. RAYA PD. GEDE NO.RAYA LANTAI DASAR, RT.001/RW.001, JATIWARINGIN, KEC. PD. GEDE, KOTA BKS, JAWA BARAT 17411","ID_PROV":"32","PROVINSI":"JAWA BARAT","ID_KABKOT":"32.75","KABKOT":"KOTA BEKASI","ID_KEC":"32.75.08","KECAMATAN":"PONDOKGEDE","ID_DESA":"32.75.08.1001","DESA":"JATIWARINGIN","LONGITUDE":"106.9113435","LATITUDE":"-6.283413299999999","STATUS":"BUKA","TANGGAL PENGUMPULAN":"Q2 2025","TANGGAL UPDATE":"20/06/2025"}},{"type":"Feature","geometry":{"coordinates":[106.9928341,-6.2497165],"type":"Point"},"properties":{"NAMA":"ATM BANK MEGA MEGA HYPERMALL BEKASI","TIPE_1":"LAYANAN ATAU JASA","TIPE_2":"ATM","TIPE_3":"MEGA","TELEPON":"(021) 79175000","ALAMAT":"JL. JEND. AHMAD YANI MEGA BEKASI HYPERMALL ATM CENTER LANTAI 2 NO.146, RT.004/RW.001, MARGA JAYA, BEKASI SELATAN, BEKASI, WEST JAVA 17144","ID_PROV":"32","PROVINSI":"JAWA BARAT","ID_KABKOT":"32.75","KABKOT":"KOTA BEKASI","ID_KEC":"32.75.04","KECAMATAN":"BEKASI SELATAN","ID_DESA":"32.75.04.1002","DESA":"MARGAJAYA","LONGITUDE":"106.9928341","LATITUDE":"-6.2497165","STATUS":"BUKA","TANGGAL PENGUMPULAN":"Q2 2025","TANGGAL UPDATE":"20/06/2025"}},{"type":"Feature","geometry":{"coordinates":[106.9987065,-6.2620822],"type":"Point"},"properties":{"NAMA":"ATM BANK MUAMALAT","TIPE_1":"LAYANAN ATAU JASA","TIPE_2":"ATM","TIPE_3":"MUAMALAT","TELEPON":"","ALAMAT":"JL. BAMBU KUNING NO.8, RT.002/RW.002, SEPANJANG JAYA, KEC. RAWALUMBU, KOTA BKS, JAWA BARAT 17114","ID_PROV":"32","PROVINSI":"JAWA BARAT","ID_KABKOT":"32.75","KABKOT":"KOTA BEKASI","ID_KEC":"32.75.05","KECAMATAN":"RAWALUMBU","ID_DESA":"32.75.05.1003","DESA":"SEPANJANGJAYA","LONGITUDE":"106.9987065","LATITUDE":"-6.2620822","STATUS":"BUKA","TANGGAL PENGUMPULAN":"Q2 2025","TANGGAL UPDATE":"20/06/2025"}},{"type":"Feature","geometry":{"coordinates":[107.0175245,-6.2483383],"type":"Point"},"properties":{"NAMA":"ATM BANK MUAMALAT","TIPE_1":"LAYANAN ATAU JASA","TIPE_2":"ATM","TIPE_3":"MUAMALAT","TELEPON":"","ALAMAT":"JL. INSINYUR H. JUANDA NO.25-28, RT.005/RW.001, MARGAHAYU, BEKASI TIMUR, BEKASI, WEST JAVA 17111","ID_PROV":"32","PROVINSI":"JAWA BARAT","ID_KABKOT":"32.75","KABKOT":"KOTA BEKASI","ID_KEC":"32.75.01","KECAMATAN":"BEKASI TIMUR","ID_DESA":"32.75.01.1003","DESA":"DURENJAYA","LONGITUDE":"107.0175245","LATITUDE":"-6.2483382999999995","STATUS":"BUKA","TANGGAL PENGUMPULAN":"Q2 2025","TANGGAL UPDATE":"20/06/2025"}},{"type":"Feature","geometry":{"coordinates":[106.9162363,-6.3752365],"type":"Point"},"properties":{"NAMA":"ATM BANK MUAMALAT","TIPE_1":"LAYANAN ATAU JASA","TIPE_2":"ATM","TIPE_3":"MUAMALAT","TELEPON":"","ALAMAT":"JL. RAYA KRANGGAN, RT.016/RW.015, JATISAMPURNA, KEC. JATISAMPURNA, KOTA BKS, JAWA BARAT 17433","ID_PROV":"32","PROVINSI":"JAWA BARAT","ID_KABKOT":"32.75","KABKOT":"KOTA BEKASI","ID_KEC":"32.75.10","KECAMATAN":"JATISAMPURNA","ID_DESA":"32.75.10.1001","DESA":"JATISAMPURNA","LONGITUDE":"106.9162363","LATITUDE":"-6.3752365","STATUS":"BUKA","TANGGAL PENGUMPULAN":"Q2 2025","TANGGAL UPDATE":"20/06/2025"}},{"type":"Feature","geometry":{"coordinates":[107.00677789999999,-6.238355],"type":"Point"},"properties":{"NAMA":"ATM BANK MUAMALAT","TIPE_1":"LAYANAN ATAU JASA","TIPE_2":"ATM","TIPE_3":"MUAMALAT","TELEPON":"","ALAMAT":"NO., JL. KIMANGUN SARKORO NO.35, RT.003/RW.006, BEKASI JAYA, KEC. BEKASI TIM., KOTA BKS, JAWA BARAT 17112","ID_PROV":"32","PROVINSI":"JAWA BARAT","ID_KABKOT":"32.75","KABKOT":"KOTA BEKASI","ID_KEC":"32.75.01","KECAMATAN":"BEKASI TIMUR","ID_DESA":"32.75.01.1001","DESA":"BEKASIJAYA","LONGITUDE":"107.00677789999999","LATITUDE":"-6.238354999999999","STATUS":"BUKA","TANGGAL PENGUMPULAN":"Q2 2025","TANGGAL UPDATE":"20/06/2025"}},{"type":"Feature","geometry":{"coordinates":[106.9660727,-6.2332278],"type":"Point"},"properties":{"NAMA":"ATM BANK MUAMALAT CAPEM BINTARA BEKASI","TIPE_1":"LAYANAN ATAU JASA","TIPE_2":"ATM","TIPE_3":"MUAMALAT","TELEPON":"","ALAMAT":"JL. BINTARA, RT.013/RW.010, BINTARA, BEKASI BARAT, BEKASI, WEST JAVA","ID_PROV":"32","PROVINSI":"JAWA BARAT","ID_KABKOT":"32.75","KABKOT":"KOTA BEKASI","ID_KEC":"32.75.02","KECAMATAN":"BEKASI BARAT","ID_DESA":"32.75.02.1001","DESA":"BINTARA","LONGITUDE":"106.9660727","LATITUDE":"-6.2332278","STATUS":"BUKA","TANGGAL PENGUMPULAN":"Q2 2025","TANGGAL UPDATE":"20/06/2025"}},{"type":"Feature","geometry":{"coordinates":[106.91120559999999,-6.2857033],"type":"Point"},"properties":{"NAMA":"ATM BANK MUAMALAT CAPEM PONDOK GEDE","TIPE_1":"LAYANAN ATAU JASA","TIPE_2":"ATM","TIPE_3":"MUAMALAT","TELEPON":"","ALAMAT":"JL. RAYA PD. GEDE NO.50 KAV.9, JATIRAHAYU, PONDOK MELATI, BEKASI, WEST JAVA 17414","ID_PROV":"32","PROVINSI":"JAWA BARAT","ID_KABKOT":"32.75","KABKOT":"KOTA BEKASI","ID_KEC":"32.75.12","KECAMATAN":"PONDOKMELATI","ID_DESA":"32.75.12.1001","DESA":"JATIRAHAYU","LONGITUDE":"106.91120559999999","LATITUDE":"-6.2857033","STATUS":"BUKA","TANGGAL PENGUMPULAN":"Q2 2025","TANGGAL UPDATE":"20/06/2025"}},{"type":"Feature","geometry":{"coordinates":[106.9892244,-6.2763225],"type":"Point"},"properties":{"NAMA":"ATM BANK MUAMALAT KK AL-AZHAR KEMANG PRATAMA BEKASI","TIPE_1":"LAYANAN ATAU JASA","TIPE_2":"ATM","TIPE_3":"MUAMALAT","TELEPON":"","ALAMAT":"KOMPLEK YPI AL AZHAR, JL. KEMANG PRATAMA RAYA, BOJONG RAWALUMBU, RAWA LUMBU, BEKASI, WEST JAVA","ID_PROV":"32","PROVINSI":"JAWA BARAT","ID_KABKOT":"32.75","KABKOT":"KOTA BEKASI","ID_KEC":"32.75.05","KECAMATAN":"RAWALUMBU","ID_DESA":"32.75.05.1001","DESA":"BOJONG RAWALUMBU","LONGITUDE":"106.9892244","LATITUDE":"-6.2763225","STATUS":"BUKA","TANGGAL PENGUMPULAN":"Q2 2025","TANGGAL UPDATE":"20/06/2025"}},{"type":"Feature","geometry":{"coordinates":[106.9774128,-6.1868654],"type":"Point"},"properties":{"NAMA":"ATM BANK OCBC NISP","TIPE_1":"LAYANAN ATAU JASA","TIPE_2":"ATM","TIPE_3":"OCBC NISP","TELEPON":"(021) 88866031","ALAMAT":"BANK OCBC NISP - HARAPAN INDAH, RUKO SENTRA NIAGA 2 BLOK SN NO. 06, JL. HARAPAN INDAH RAYA, MEDAN SATRIA, RT.001/RW.024, PEJUANG, KECAMATAN MEDAN SATRIA, KOTA BKS, JAWA BARAT 17131","ID_PROV":"32","PROVINSI":"JAWA BARAT","ID_KABKOT":"32.75","KABKOT":"KOTA BEKASI","ID_KEC":"32.75.06","KECAMATAN":"MEDANSATRIA","ID_DESA":"32.75.06.1003","DESA":"PEJUANG","LONGITUDE":"106.9774128","LATITUDE":"-6.186865399999999","STATUS":"BUKA","TANGGAL PENGUMPULAN":"Q2 2025","TANGGAL UPDATE":"20/06/2025"}},{"type":"Feature","geometry":{"coordinates":[106.9783569,-6.1948588],"type":"Point"},"properties":{"NAMA":"ATM BANK PERMATA","TIPE_1":"LAYANAN ATAU JASA","TIPE_2":"ATM","TIPE_3":"PERMATA BANK","TELEPON":"(021) 1500111","ALAMAT":"INTI PANTJA PRESS INDONESIA (IPPI, JL. KALI ABANG TENGAH NO.1, RT.003/RW.007, MEDAN SATRIA, KECAMATAN MEDAN SATRIA, KOTA BKS, JAWA BARAT 17131","ID_PROV":"32","PROVINSI":"JAWA BARAT","ID_KABKOT":"32.75","KABKOT":"KOTA BEKASI","ID_KEC":"32.75.06","KECAMATAN":"MEDANSATRIA","ID_DESA":"32.75.06.1001","DESA":"MEDANSATRIA","LONGITUDE":"106.9783569","LATITUDE":"-6.1948587999999996","STATUS":"BUKA","TANGGAL PENGUMPULAN":"Q2 2025","TANGGAL UPDATE":"20/06/2025"}},{"type":"Feature","geometry":{"coordinates":[107.0211592,-6.258485],"type":"Point"},"properties":{"NAMA":"ATM BANK PERMATA BTC BEKASI","TIPE_1":"LAYANAN ATAU JASA","TIPE_2":"ATM","TIPE_3":"PERMATA BANK","TELEPON":"(021) 1500111","ALAMAT":"BKS TRADE CENTER, JALAN MH JOYOMARTONO BASEMENT, RT.003/RW.021, MARGAHAYU, KEC. BEKASI TIM., KOTA BKS, JAWA BARAT 17113","ID_PROV":"32","PROVINSI":"JAWA BARAT","ID_KABKOT":"32.75","KABKOT":"KOTA BEKASI","ID_KEC":"32.75.01","KECAMATAN":"BEKASI TIMUR","ID_DESA":"32.75.01.1002","DESA":"MARGAHAYU","LONGITUDE":"107.0211592","LATITUDE":"-6.258484999999999","STATUS":"BUKA","TANGGAL PENGUMPULAN":"Q2 2025","TANGGAL UPDATE":"20/06/2025"}},{"type":"Feature","geometry":{"coordinates":[106.9919303,-6.2858761],"type":"Point"},"properties":{"NAMA":"ATM BANK PERMATA HERO KMG PTM","TIPE_1":"LAYANAN ATAU JASA","TIPE_2":"ATM","TIPE_3":"PERMATA BANK","TELEPON":"(021) 5237788","ALAMAT":"HERO KEMANG PRATAMAM KOMP. PERUM PRATAMA JL. RAYA PEMUDA SILIWANGI, RT.007/RW.009, BOJONG RAWALUMBU, RAWA LUMBU, BEKASI, WEST JAVA 17116","ID_PROV":"32","PROVINSI":"JAWA BARAT","ID_KABKOT":"32.75","KABKOT":"KOTA BEKASI","ID_KEC":"32.75.05","KECAMATAN":"RAWALUMBU","ID_DESA":"32.75.05.1001","DESA":"BOJONG RAWALUMBU","LONGITUDE":"106.99193029999999","LATITUDE":"-6.285876099999999","STATUS":"BUKA","TANGGAL PENGUMPULAN":"Q2 2025","TANGGAL UPDATE":"20/06/2025"}},{"type":"Feature","geometry":{"coordinates":[106.929511,-6.3826278],"type":"Point"},"properties":{"NAMA":"ATM BANK SYARIAH INDONESIA","TIPE_1":"LAYANAN ATAU JASA","TIPE_2":"ATM","TIPE_3":"BSI","TELEPON":"","ALAMAT":"JL. ALTERNATIF CIBUBUR NO.16, RT.001/RW.13, JATIKARYA, KEC. JATISAMPURNA, KOTA BKS, JAWA BARAT 17435","ID_PROV":"32","PROVINSI":"JAWA BARAT","ID_KABKOT":"32.75","KABKOT":"KOTA BEKASI","ID_KEC":"32.75.10","KECAMATAN":"JATISAMPURNA","ID_DESA":"32.75.10.1002","DESA":"JATIKARYA","LONGITUDE":"106.92951099999999","LATITUDE":"-6.3826278","STATUS":"BUKA","TANGGAL PENGUMPULAN":"Q2 2025","TANGGAL UPDATE":"20/06/2025"}},{"type":"Feature","geometry":{"coordinates":[106.9765538,-6.274632],"type":"Point"},"properties":{"NAMA":"ATM BANK SYARIAH INDONESIA","TIPE_1":"LAYANAN ATAU JASA","TIPE_2":"ATM","TIPE_3":"BSI","TELEPON":"","ALAMAT":"JL. RAYA JATIASIH NO.28, RT.004/RW.001, JAKA SETIA, BEKASI SELATAN, BEKASI, WEST JAVA 17147","ID_PROV":"32","PROVINSI":"JAWA BARAT","ID_KABKOT":"32.75","KABKOT":"KOTA BEKASI","ID_KEC":"32.75.04","KECAMATAN":"BEKASI SELATAN","ID_DESA":"32.75.04.1004","DESA":"JAKASETIA","LONGITUDE":"106.97655379999999","LATITUDE":"-6.2746319999999995","STATUS":"BUKA","TANGGAL PENGUMPULAN":"Q2 2025","TANGGAL UPDATE":"20/06/2025"}},{"type":"Feature","geometry":{"coordinates":[106.9121746,-6.2738436],"type":"Point"},"properties":{"NAMA":"ATM BANK SYARIAH INDONESIA","TIPE_1":"LAYANAN ATAU JASA","TIPE_2":"ATM","TIPE_3":"BSI","TELEPON":"","ALAMAT":"SYARIAH MANDIRI, NO. 110 D, JL. RAYA JATIWARINGIN NO.3, RT.008/RW.015, JATIWARINGIN, KEC. PD. GEDE, KOTA BKS, DAERAH KHUSUS IBUKOTA JAKARTA 17411","ID_PROV":"32","PROVINSI":"JAWA BARAT","ID_KABKOT":"32.75","KABKOT":"KOTA BEKASI","ID_KEC":"32.75.08","KECAMATAN":"PONDOKGEDE","ID_DESA":"32.75.08.1001","DESA":"JATIWARINGIN","LONGITUDE":"106.9121746","LATITUDE":"-6.273843599999999","STATUS":"BUKA","TANGGAL PENGUMPULAN":"Q2 2025","TANGGAL UPDATE":"20/06/2025"}},{"type":"Feature","geometry":{"coordinates":[106.9197758,-6.3778998],"type":"Point"},"properties":{"NAMA":"ATM BANK TABUNGAN NEGARA","TIPE_1":"LAYANAN ATAU JASA","TIPE_2":"ATM","TIPE_3":"BTN","TELEPON":"","ALAMAT":"JL TRANS YOGIE, KM. 3, CIBUBUR, RUKO MADISON CIBUBUR TIME SQUARE BLOK B1 NO. 6-8, 17435, RT.001/RW.010, JATIKARYA, KEC. JATISAMPURNA, KOTA BKS, JAWA BARAT 17435","ID_PROV":"32","PROVINSI":"JAWA BARAT","ID_KABKOT":"32.75","KABKOT":"KOTA BEKASI","ID_KEC":"32.75.10","KECAMATAN":"JATISAMPURNA","ID_DESA":"32.75.10.1002","DESA":"JATIKARYA","LONGITUDE":"106.9197758","LATITUDE":"-6.3778998","STATUS":"BUKA","TANGGAL PENGUMPULAN":"Q2 2025","TANGGAL UPDATE":"20/06/2025"}},{"type":"Feature","geometry":{"coordinates":[107.0229954,-6.3230559],"type":"Point"},"properties":{"NAMA":"ATM BANK TABUNGAN NEGARA","TIPE_1":"LAYANAN ATAU JASA","TIPE_2":"ATM","TIPE_3":"BTN","TELEPON":"","ALAMAT":"JL. RAYA BANTAR GEBANG - SETU NO.8, RT.007/RW.003, CIMUNING, KEC. MUSTIKA JAYA, KOTA BKS, JAWA BARAT 17155","ID_PROV":"32","PROVINSI":"JAWA BARAT","ID_KABKOT":"32.75","KABKOT":"KOTA BEKASI","ID_KEC":"32.75.11","KECAMATAN":"MUSTIKAJAYA","ID_DESA":"32.75.11.1002","DESA":"CIMUNING","LONGITUDE":"107.0229954","LATITUDE":"-6.3230559","STATUS":"BUKA","TANGGAL PENGUMPULAN":"Q2 2025","TANGGAL UPDATE":"20/06/2025"}},{"type":"Feature","geometry":{"coordinates":[106.938172,-6.2869875],"type":"Point"},"properties":{"NAMA":"ATM BANK TABUNGAN NEGARA","TIPE_1":"LAYANAN ATAU JASA","TIPE_2":"ATM","TIPE_3":"BTN","TELEPON":"(021) 84994806","ALAMAT":"RUKO GRAND JATI MAKMUR, JALAN JATI MEKAR NO. 25D, JATIASIH, RT.001/RW.013, JATIMAKMUR, KEC. PD. GEDE, KOTA BKS, JAWA BARAT 17423","ID_PROV":"32","PROVINSI":"JAWA BARAT","ID_KABKOT":"32.75","KABKOT":"KOTA BEKASI","ID_KEC":"32.75.08","KECAMATAN":"PONDOKGEDE","ID_DESA":"32.75.08.1003","DESA":"JATIMAKMUR","LONGITUDE":"106.938172","LATITUDE":"-6.2869874999999995","STATUS":"BUKA","TANGGAL PENGUMPULAN":"Q2 2025","TANGGAL UPDATE":"20/06/2025"}},{"type":"Feature","geometry":{"coordinates":[106.9696505,-6.2103845],"type":"Point"},"properties":{"NAMA":"ATM BANK TABUNGAN NEGARA (PERSERO) TBK","TIPE_1":"LAYANAN ATAU JASA","TIPE_2":"ATM","TIPE_3":"BTN","TELEPON":"(021) 8840070","ALAMAT":"KANTOR CABANG PEMBANTU (KCP) HARAPAN BARU, JL. HARAPAN BARU, KOMPLEK PERTOKOAN HARAPAN BARU BLOK. B-1 NO. 3, 17133, RT.011/RW.005, KOTA BARU, KEC. BEKASI BAR., KOTA BKS, JAWA BARAT 17133","ID_PROV":"32","PROVINSI":"JAWA BARAT","ID_KABKOT":"32.75","KABKOT":"KOTA BEKASI","ID_KEC":"32.75.02","KECAMATAN":"BEKASI BARAT","ID_DESA":"32.75.02.1003","DESA":"KOTABARU","LONGITUDE":"106.9696505","LATITUDE":"-6.2103845","STATUS":"BUKA","TANGGAL PENGUMPULAN":"Q2 2025","TANGGAL UPDATE":"20/06/2025"}},{"type":"Feature","geometry":{"coordinates":[106.9137063,-6.2791261],"type":"Point"},"properties":{"NAMA":"ATM BANK TABUNGAN NEGARA (PERSERO) TBK","TIPE_1":"LAYANAN ATAU JASA","TIPE_2":"ATM","TIPE_3":"BTN","TELEPON":"(021) 84995481","ALAMAT":"KANTOR CABANG PEMBANTU (KCP) PONDOK GEDE, JL. JATIWARINGIN, KAVLING 14, PONDOK GEDE, RT.001/RW.002, JATIWARINGIN, KEC. PD. GEDE, KOTA BKS, JAWA BARAT 17411","ID_PROV":"32","PROVINSI":"JAWA BARAT","ID_KABKOT":"32.75","KABKOT":"KOTA BEKASI","ID_KEC":"32.75.08","KECAMATAN":"PONDOKGEDE","ID_DESA":"32.75.08.1001","DESA":"JATIWARINGIN","LONGITUDE":"106.9137063","LATITUDE":"-6.2791261","STATUS":"BUKA","TANGGAL PENGUMPULAN":"Q2 2025","TANGGAL UPDATE":"20/06/2025"}},{"type":"Feature","geometry":{"coordinates":[107.0046837,-6.2158984],"type":"Point"},"properties":{"NAMA":"ATM BANK TABUNGAN NEGARA (PERSERO) TBK","TIPE_1":"LAYANAN ATAU JASA","TIPE_2":"ATM","TIPE_3":"BTN","TELEPON":"(021) 8824433","ALAMAT":"KANTOR CABANG PEMBANTU (KCP) TAMBUN, JL RAYA HASANUDIN RAYA, NO. 76-B-C, TAMBUN, 17510, RT.005/RW.006, PERWIRA, KEC. BEKASI UTARA, KOTA BKS, JAWA BARAT 17122","ID_PROV":"32","PROVINSI":"JAWA BARAT","ID_KABKOT":"32.75","KABKOT":"KOTA BEKASI","ID_KEC":"32.75.03","KECAMATAN":"BEKASI UTARA","ID_DESA":"32.75.03.1002","DESA":"PERWIRA","LONGITUDE":"107.0046837","LATITUDE":"-6.2158983999999995","STATUS":"BUKA","TANGGAL PENGUMPULAN":"Q2 2025","TANGGAL UPDATE":"20/06/2025"}},{"type":"Feature","geometry":{"coordinates":[106.965459,-6.249137],"type":"Point"},"properties":{"NAMA":"ATM BANK TABUNGAN NEGARA (PERSERO) TBK. PT","TIPE_1":"LAYANAN ATAU JASA","TIPE_2":"ATM","TIPE_3":"BTN","TELEPON":"(021) 88950878","ALAMAT":"KANTOR CABANG PEMBANTU (KCP) DUTA PLAZA, JL KYAI HAJI NOER ALI, KALIMALANG, KOMPLEK PERTOKOAN DUTA PLAZA BLOK B-2 / 18, 17145, RT.002/RW.003, JAKASAMPURNA, KEC. BEKASI BAR., KOTA BKS, JAWA BARAT 17145","ID_PROV":"32","PROVINSI":"JAWA BARAT","ID_KABKOT":"32.75","KABKOT":"KOTA BEKASI","ID_KEC":"32.75.02","KECAMATAN":"BEKASI BARAT","ID_DESA":"32.75.02.1005","DESA":"JAKASAMPURNA","LONGITUDE":"106.965459","LATITUDE":"-6.249136999999999","STATUS":"BUKA","TANGGAL PENGUMPULAN":"Q2 2025","TANGGAL UPDATE":"20/06/2025"}},{"type":"Feature","geometry":{"coordinates":[107.0012975,-6.2721228],"type":"Point"},"properties":{"NAMA":"ATM BANK TABUNGAN NEGARA (PERSERO) TBK. PT","TIPE_1":"LAYANAN ATAU JASA","TIPE_2":"ATM","TIPE_3":"BTN","TELEPON":"(021) 8209409","ALAMAT":"KANTOR CABANG PEMBANTU (KCP, JL. TRI SATYA NO.2, RT.001/RW.007, PENGASINAN, KEC. RAWALUMBU, KOTA BKS, JAWA BARAT 17116","ID_PROV":"32","PROVINSI":"JAWA BARAT","ID_KABKOT":"32.75","KABKOT":"KOTA BEKASI","ID_KEC":"32.75.05","KECAMATAN":"RAWALUMBU","ID_DESA":"32.75.05.1003","DESA":"SEPANJANGJAYA","LONGITUDE":"107.00129749999999","LATITUDE":"-6.2721228","STATUS":"BUKA","TANGGAL PENGUMPULAN":"Q2 2025","TANGGAL UPDATE":"20/06/2025"}},{"type":"Feature","geometry":{"coordinates":[107.0113695,-6.2494605],"type":"Point"},"properties":{"NAMA":"ATM BANK TABUNGAN PENSIUNAN NASIONAL (BTPN)","TIPE_1":"LAYANAN ATAU JASA","TIPE_2":"ATM","TIPE_3":"BTPN","TELEPON":"(021) 30026200","ALAMAT":"JL. LAP. TENGAH SERBAGUNA NO.1, RT.002/RW.009, MARGAHAYU, KEC. BEKASI TIM., KOTA BKS, JAWA BARAT 17121","ID_PROV":"32","PROVINSI":"JAWA BARAT","ID_KABKOT":"32.75","KABKOT":"KOTA BEKASI","ID_KEC":"32.75.01","KECAMATAN":"BEKASI TIMUR","ID_DESA":"32.75.01.1002","DESA":"MARGAHAYU","LONGITUDE":"107.0113695","LATITUDE":"-6.2494605","STATUS":"BUKA","TANGGAL PENGUMPULAN":"Q2 2025","TANGGAL UPDATE":"20/06/2025"}},{"type":"Feature","geometry":{"coordinates":[106.9715987,-6.2487609],"type":"Point"},"properties":{"NAMA":"ATM BATARA","TIPE_1":"LAYANAN ATAU JASA","TIPE_2":"ATM","TIPE_3":"BTN","TELEPON":"","ALAMAT":"PLAZA DUTA PERMAI, JL. KH. NOER ALI, RT.005/RW.006A, JAKASAMPURNA, KEC. BEKASI SEL., KOTA BKS, JAWA BARAT 17145","ID_PROV":"32","PROVINSI":"JAWA BARAT","ID_KABKOT":"32.75","KABKOT":"KOTA BEKASI","ID_KEC":"32.75.02","KECAMATAN":"BEKASI BARAT","ID_DESA":"32.75.02.1005","DESA":"JAKASAMPURNA","LONGITUDE":"106.9715987","LATITUDE":"-6.2487609","STATUS":"BUKA","TANGGAL PENGUMPULAN":"Q2 2025","TANGGAL UPDATE":"20/06/2025"}},{"type":"Feature","geometry":{"coordinates":[106.9983363,-6.2004398],"type":"Point"},"properties":{"NAMA":"ATM BCA","TIPE_1":"LAYANAN ATAU JASA","TIPE_2":"ATM","TIPE_3":"BCA","TELEPON":"","ALAMAT":"ALFAMART KALIABANG TENGAH 14, JL. KALI ABANG TENGAH NO.9, RT.001/RW.002, KALIABANG TENGAH, KEC. BEKASI UTARA, KABUPATEN BEKASI, JAWA BARAT 17125","ID_PROV":"32","PROVINSI":"JAWA BARAT","ID_KABKOT":"32.75","KABKOT":"KOTA BEKASI","ID_KEC":"32.75.03","KECAMATAN":"BEKASI UTARA","ID_DESA":"32.75.03.1001","DESA":"KALIABANG TENGAH","LONGITUDE":"106.99833629999999","LATITUDE":"-6.2004398","STATUS":"BUKA","TANGGAL PENGUMPULAN":"Q2 2025","TANGGAL UPDATE":"20/06/2025"}},{"type":"Feature","geometry":{"coordinates":[106.9197761,-6.2782452],"type":"Point"},"properties":{"NAMA":"ATM BCA","TIPE_1":"LAYANAN ATAU JASA","TIPE_2":"ATM","TIPE_3":"BCA","TELEPON":"","ALAMAT":"ALFAMART, JL. GAMPRIT RAYA NO.RT 010, RT.010/RW.014, JATIMAKMUR, KEC. PD. GEDE, KOTA BKS, JAWA BARAT 17411","ID_PROV":"32","PROVINSI":"JAWA BARAT","ID_KABKOT":"32.75","KABKOT":"KOTA BEKASI","ID_KEC":"32.75.08","KECAMATAN":"PONDOKGEDE","ID_DESA":"32.75.08.1001","DESA":"JATIWARINGIN","LONGITUDE":"106.91977609999999","LATITUDE":"-6.2782452","STATUS":"BUKA","TANGGAL PENGUMPULAN":"Q2 2025","TANGGAL UPDATE":"20/06/2025"}},{"type":"Feature","geometry":{"coordinates":[106.98129929999999,-6.2271823],"type":"Point"},"properties":{"NAMA":"ATM BCA","TIPE_1":"LAYANAN ATAU JASA","TIPE_2":"ATM","TIPE_3":"BCA","TELEPON":"","ALAMAT":"ALFAMART, JL. JEND. SUDIRMAN, RT.001/RW.003, HARAPAN MULYA, KEC. BEKASI BAR., KOTA BKS, JAWA BARAT 17143","ID_PROV":"32","PROVINSI":"JAWA BARAT","ID_KABKOT":"32.75","KABKOT":"KOTA BEKASI","ID_KEC":"32.75.02","KECAMATAN":"BEKASI BARAT","ID_DESA":"32.75.02.1002","DESA":"KRANJI","LONGITUDE":"106.98129929999999","LATITUDE":"-6.2271823","STATUS":"BUKA","TANGGAL PENGUMPULAN":"Q2 2025","TANGGAL UPDATE":"20/06/2025"}},{"type":"Feature","geometry":{"coordinates":[107.0363322,-6.242969],"type":"Point"},"properties":{"NAMA":"ATM BCA","TIPE_1":"LAYANAN ATAU JASA","TIPE_2":"ATM","TIPE_3":"BCA","TELEPON":"","ALAMAT":"ALFAMART, JL. NUSANTARA RAYA, RT.001/RW.010, AREN JAYA, KEC. BEKASI TIM., KABUPATEN BEKASI, JAWA BARAT 17111","ID_PROV":"32","PROVINSI":"JAWA BARAT","ID_KABKOT":"32.75","KABKOT":"KOTA BEKASI","ID_KEC":"32.75.01","KECAMATAN":"BEKASI TIMUR","ID_DESA":"32.75.01.1004","DESA":"ARENJAYA","LONGITUDE":"107.03633219999999","LATITUDE":"-6.2429689999999995","STATUS":"BUKA","TANGGAL PENGUMPULAN":"Q2 2025","TANGGAL UPDATE":"20/06/2025"}},{"type":"Feature","geometry":{"coordinates":[106.99928039999999,-6.2768793],"type":"Point"},"properties":{"NAMA":"ATM BCA","TIPE_1":"LAYANAN ATAU JASA","TIPE_2":"ATM","TIPE_3":"BCA","TELEPON":"","ALAMAT":"ALFAMART, JL. TRI SATYA, RT.002/RW.008, BOJONG RAWALUMBU, KEC. RAWALUMBU, KOTA BKS, JAWA BARAT 17116","ID_PROV":"32","PROVINSI":"JAWA BARAT","ID_KABKOT":"32.75","KABKOT":"KOTA BEKASI","ID_KEC":"32.75.05","KECAMATAN":"RAWALUMBU","ID_DESA":"32.75.05.1001","DESA":"BOJONG RAWALUMBU","LONGITUDE":"106.99928039999999","LATITUDE":"-6.2768793","STATUS":"BUKA","TANGGAL PENGUMPULAN":"Q2 2025","TANGGAL UPDATE":"20/06/2025"}},{"type":"Feature","geometry":{"coordinates":[106.91299,-6.284058],"type":"Point"},"properties":{"NAMA":"ATM BCA","TIPE_1":"LAYANAN ATAU JASA","TIPE_2":"ATM","TIPE_3":"BCA","TELEPON":"","ALAMAT":"ATRIUM PD. GEDE, JL. RAYA JATIWARINGIN NO.1, RT.001/RW.001, JATIWARINGIN, KEC. PD. GEDE, KOTA BKS, JAWA BARAT 17411","ID_PROV":"32","PROVINSI":"JAWA BARAT","ID_KABKOT":"32.75","KABKOT":"KOTA BEKASI","ID_KEC":"32.75.08","KECAMATAN":"PONDOKGEDE","ID_DESA":"32.75.08.1001","DESA":"JATIWARINGIN","LONGITUDE":"106.91299","LATITUDE":"-6.284058","STATUS":"BUKA","TANGGAL PENGUMPULAN":"Q2 2025","TANGGAL UPDATE":"20/06/2025"}},{"type":"Feature","geometry":{"coordinates":[106.9913747,-6.2467154],"type":"Point"},"properties":{"NAMA":"ATM BCA","TIPE_1":"LAYANAN ATAU JASA","TIPE_2":"ATM","TIPE_3":"BCA","TELEPON":"","ALAMAT":"BKS CYBER PARK, JL. KH. NOER ALI NO.177, RT.001/RW.005, KAYURINGIN JAYA, KEC. BEKASI SEL., KOTA BKS, JAWA BARAT 17144","ID_PROV":"32","PROVINSI":"JAWA BARAT","ID_KABKOT":"32.75","KABKOT":"KOTA BEKASI","ID_KEC":"32.75.04","KECAMATAN":"BEKASI SELATAN","ID_DESA":"32.75.04.1005","DESA":"KAYURINGINJAYA","LONGITUDE":"106.9913747","LATITUDE":"-6.246715399999999","STATUS":"BUKA","TANGGAL PENGUMPULAN":"Q2 2025","TANGGAL UPDATE":"20/06/2025"}},{"type":"Feature","geometry":{"coordinates":[107.02100809999999,-6.2584941],"type":"Point"},"properties":{"NAMA":"ATM BCA","TIPE_1":"LAYANAN ATAU JASA","TIPE_2":"ATM","TIPE_3":"BCA","TELEPON":"","ALAMAT":"BKS TRADE CENTER, JL. HM. JOYO MARTONO LT.1, RT.003/RW.021, MARGAHAYU, KEC. BEKASI TIM., KOTA BKS, JAWA BARAT 17113","ID_PROV":"32","PROVINSI":"JAWA BARAT","ID_KABKOT":"32.75","KABKOT":"KOTA BEKASI","ID_KEC":"32.75.01","KECAMATAN":"BEKASI TIMUR","ID_DESA":"32.75.01.1002","DESA":"MARGAHAYU","LONGITUDE":"107.02100809999999","LATITUDE":"-6.2584941","STATUS":"BUKA","TANGGAL PENGUMPULAN":"Q2 2025","TANGGAL UPDATE":"20/06/2025"}},{"type":"Feature","geometry":{"coordinates":[106.98218879999999,-6.2133512],"type":"Point"},"properties":{"NAMA":"ATM BCA","TIPE_1":"LAYANAN ATAU JASA","TIPE_2":"ATM","TIPE_3":"BCA","TELEPON":"","ALAMAT":"BLOK A NO. 1-2, JALAN CEMARA PERMAI NO.10, HARAPAN JAYA, BEKASI UTARA, RT.001/RW.010, HARAPAN JAYA, KEC. BEKASI UTARA, KOTA BKS, JAWA BARAT 17124","ID_PROV":"32","PROVINSI":"JAWA BARAT","ID_KABKOT":"32.75","KABKOT":"KOTA BEKASI","ID_KEC":"32.75.03","KECAMATAN":"BEKASI UTARA","ID_DESA":"32.75.03.1006","DESA":"HARAPANJAYA","LONGITUDE":"106.98218879999999","LATITUDE":"-6.2133512","STATUS":"BUKA","TANGGAL PENGUMPULAN":"Q2 2025","TANGGAL UPDATE":"20/06/2025"}},{"type":"Feature","geometry":{"coordinates":[106.9828673,-6.2623721],"type":"Point"},"properties":{"NAMA":"ATM BCA","TIPE_1":"LAYANAN ATAU JASA","TIPE_2":"ATM","TIPE_3":"BCA","TELEPON":"","ALAMAT":"BLOK DD28, JL. KETAPANG RAYA, RT.007/RW.001, PEKAYON JAYA, BEKASI SELATAN, BEKASI, WEST JAVA 17148","ID_PROV":"32","PROVINSI":"JAWA BARAT","ID_KABKOT":"32.75","KABKOT":"KOTA BEKASI","ID_KEC":"32.75.04","KECAMATAN":"BEKASI SELATAN","ID_DESA":"32.75.04.1001","DESA":"PEKAYONJAYA","LONGITUDE":"106.9828673","LATITUDE":"-6.262372099999999","STATUS":"BUKA","TANGGAL PENGUMPULAN":"Q2 2025","TANGGAL UPDATE":"20/06/2025"}},{"type":"Feature","geometry":{"coordinates":[107.0327072,-6.2429468],"type":"Point"},"properties":{"NAMA":"ATM BCA","TIPE_1":"LAYANAN ATAU JASA","TIPE_2":"ATM","TIPE_3":"BCA","TELEPON":"","ALAMAT":"DI DALAM INDOMARET NUSANTARA RAYA DI, JL. NUSANTARA RAYA KELURAHAN NO.26, RT.009/RW.015, DUREN JAYA, KEC. BEKASI TIM., KOTA BKS, JAWA BARAT 17111","ID_PROV":"32","PROVINSI":"JAWA BARAT","ID_KABKOT":"32.75","KABKOT":"KOTA BEKASI","ID_KEC":"32.75.01","KECAMATAN":"BEKASI TIMUR","ID_DESA":"32.75.01.1004","DESA":"ARENJAYA","LONGITUDE":"107.03270719999999","LATITUDE":"-6.2429467999999995","STATUS":"BUKA","TANGGAL PENGUMPULAN":"Q2 2025","TANGGAL UPDATE":"20/06/2025"}},{"type":"Feature","geometry":{"coordinates":[106.9873386,-6.1993625],"type":"Point"},"properties":{"NAMA":"ATM BCA","TIPE_1":"LAYANAN ATAU JASA","TIPE_2":"ATM","TIPE_3":"BCA","TELEPON":"","ALAMAT":"H NAWAR, BLOK H NAWAR JL. RAYA SEROJA NO.62, RT.004/RW.002, HARAPAN JAYA, KEC. BEKASI UTARA, KOTA BKS, JAWA BARAT 17124","ID_PROV":"32","PROVINSI":"JAWA BARAT","ID_KABKOT":"32.75","KABKOT":"KOTA BEKASI","ID_KEC":"32.75.03","KECAMATAN":"BEKASI UTARA","ID_DESA":"32.75.03.1006","DESA":"HARAPANJAYA","LONGITUDE":"106.9873386","LATITUDE":"-6.199362499999999","STATUS":"BUKA","TANGGAL PENGUMPULAN":"Q2 2025","TANGGAL UPDATE":"20/06/2025"}},{"type":"Feature","geometry":{"coordinates":[106.9815805,-6.1819942],"type":"Point"},"properties":{"NAMA":"ATM BCA","TIPE_1":"LAYANAN ATAU JASA","TIPE_2":"ATM","TIPE_3":"BCA","TELEPON":"","ALAMAT":"INDOMARET HARAPAN INDAH 1, JL. HARAPAN INDAH RAYA BLOK EA, RT.016/RW.017, PEJUANG, KECAMATAN MEDAN SATRIA, KABUPATEN BEKASI, JAWA BARAT 17131","ID_PROV":"32","PROVINSI":"JAWA BARAT","ID_KABKOT":"32.75","KABKOT":"KOTA BEKASI","ID_KEC":"32.75.06","KECAMATAN":"MEDANSATRIA","ID_DESA":"32.75.06.1003","DESA":"PEJUANG","LONGITUDE":"106.98158049999999","LATITUDE":"-6.1819942","STATUS":"BUKA","TANGGAL PENGUMPULAN":"Q2 2025","TANGGAL UPDATE":"20/06/2025"}},{"type":"Feature","geometry":{"coordinates":[106.9470052,-6.3258605],"type":"Point"},"properties":{"NAMA":"ATM BCA","TIPE_1":"LAYANAN ATAU JASA","TIPE_2":"ATM","TIPE_3":"BCA","TELEPON":"(021) 1500888","ALAMAT":"INDOMARET WIBAWA MUKTI 1, JL. WIBAWA MUKTI II, RT.002/RW.011, JATISARI, KEC. JATIASIH, KOTA BKS, JAWA BARAT 17426","ID_PROV":"32","PROVINSI":"JAWA BARAT","ID_KABKOT":"32.75","KABKOT":"KOTA BEKASI","ID_KEC":"32.75.09","KECAMATAN":"JATIASIH","ID_DESA":"32.75.09.1005","DESA":"JATILUHUR","LONGITUDE":"106.94700519999999","LATITUDE":"-6.3258605","STATUS":"BUKA","TANGGAL PENGUMPULAN":"Q2 2025","TANGGAL UPDATE":"20/06/2025"}},{"type":"Feature","geometry":{"coordinates":[106.9122652,-6.2713056],"type":"Point"},"properties":{"NAMA":"ATM BCA","TIPE_1":"LAYANAN ATAU JASA","TIPE_2":"ATM","TIPE_3":"BCA","TELEPON":"(0622) 1500888","ALAMAT":"JALAN JATIWARINGIN RAYA, JATICEMPAKA, PONDOKGEDE, RW.3, JATIWARINGIN, RT.002/RW.006, JATIWARINGIN, KEC. PD. GEDE, KOTA BKS, JAWA BARAT 17411","ID_PROV":"32","PROVINSI":"JAWA BARAT","ID_KABKOT":"32.75","KABKOT":"KOTA BEKASI","ID_KEC":"32.75.08","KECAMATAN":"PONDOKGEDE","ID_DESA":"32.75.08.1001","DESA":"JATIWARINGIN","LONGITUDE":"106.9122652","LATITUDE":"-6.2713056","STATUS":"BUKA","TANGGAL PENGUMPULAN":"Q2 2025","TANGGAL UPDATE":"20/06/2025"}},{"type":"Feature","geometry":{"coordinates":[106.9176779,-6.3926407],"type":"Point"},"properties":{"NAMA":"ATM BCA","TIPE_1":"LAYANAN ATAU JASA","TIPE_2":"ATM","TIPE_3":"BCA","TELEPON":"1 500 888","ALAMAT":"JL ALTERNATIF CIBUBUR RUKO, NUVO BLOK, NO. 16-19, RT.003/RW.009, JATIKARYA, KEC. JATISAMPURNA, KOTA BKS, JAWA BARAT 17435","ID_PROV":"32","PROVINSI":"JAWA BARAT","ID_KABKOT":"32.75","KABKOT":"KOTA BEKASI","ID_KEC":"32.75.10","KECAMATAN":"JATISAMPURNA","ID_DESA":"32.75.10.1002","DESA":"JATIKARYA","LONGITUDE":"106.9176779","LATITUDE":"-6.392640699999999","STATUS":"BUKA","TANGGAL PENGUMPULAN":"Q2 2025","TANGGAL UPDATE":"20/06/2025"}},{"type":"Feature","geometry":{"coordinates":[106.9488726,-6.3201035],"type":"Point"},"properties":{"NAMA":"ATM BCA","TIPE_1":"LAYANAN ATAU JASA","TIPE_2":"ATM","TIPE_3":"BCA","TELEPON":"","ALAMAT":"JL WIBAWA MUKTI II RT 001/07, JATILUHUR, JATIASIH, RT.007/RW.002, JATILUHUR, KEC. JATIASIH, KOTA BKS, JAWA BARAT 17425","ID_PROV":"32","PROVINSI":"JAWA BARAT","ID_KABKOT":"32.75","KABKOT":"KOTA BEKASI","ID_KEC":"32.75.09","KECAMATAN":"JATIASIH","ID_DESA":"32.75.09.1005","DESA":"JATILUHUR","LONGITUDE":"106.9488726","LATITUDE":"-6.3201035","STATUS":"BUKA","TANGGAL PENGUMPULAN":"Q2 2025","TANGGAL UPDATE":"20/06/2025"}},{"type":"Feature","geometry":{"coordinates":[106.9231996,-6.3807007],"type":"Point"},"properties":{"NAMA":"ATM BCA","TIPE_1":"LAYANAN ATAU JASA","TIPE_2":"ATM","TIPE_3":"BCA","TELEPON":"(021) 1500888","ALAMAT":"JL. ALTERNATIF CIBUBUR NO.16A, RT.002/RW.003, JATIKARYA, KEC. JATISAMPURNA, KOTA BKS, JAWA BARAT 17435","ID_PROV":"32","PROVINSI":"JAWA BARAT","ID_KABKOT":"32.75","KABKOT":"KOTA BEKASI","ID_KEC":"32.75.10","KECAMATAN":"JATISAMPURNA","ID_DESA":"32.75.10.1002","DESA":"JATIKARYA","LONGITUDE":"106.92319959999999","LATITUDE":"-6.380700699999999","STATUS":"BUKA","TANGGAL PENGUMPULAN":"Q2 2025","TANGGAL UPDATE":"20/06/2025"}},{"type":"Feature","geometry":{"coordinates":[106.9123315,-6.3750747],"type":"Point"},"properties":{"NAMA":"ATM BCA","TIPE_1":"LAYANAN ATAU JASA","TIPE_2":"ATM","TIPE_3":"BCA","TELEPON":"(021) 500888","ALAMAT":"JL. ALTERNATIF CIBUBUR NO.6D, RT.002/RW.016, JATISAMPURNA, KEC. JATISAMPURNA, KOTA BKS, JAWA BARAT 17435","ID_PROV":"32","PROVINSI":"JAWA BARAT","ID_KABKOT":"32.75","KABKOT":"KOTA BEKASI","ID_KEC":"32.75.10","KECAMATAN":"JATISAMPURNA","ID_DESA":"32.75.10.1001","DESA":"JATISAMPURNA","LONGITUDE":"106.9123315","LATITUDE":"-6.3750747","STATUS":"BUKA","TANGGAL PENGUMPULAN":"Q2 2025","TANGGAL UPDATE":"20/06/2025"}},{"type":"Feature","geometry":{"coordinates":[106.9103569,-6.259013],"type":"Point"},"properties":{"NAMA":"ATM BCA","TIPE_1":"LAYANAN ATAU JASA","TIPE_2":"ATM","TIPE_3":"BCA","TELEPON":"","ALAMAT":"JL. ANUGERAH RAYA NO.1A, RT.006/RW.004, JATICEMPAKA, KEC. PD. GEDE, KOTA BKS, JAWA BARAT 17411","ID_PROV":"32","PROVINSI":"JAWA BARAT","ID_KABKOT":"32.75","KABKOT":"KOTA BEKASI","ID_KEC":"32.75.08","KECAMATAN":"PONDOKGEDE","ID_DESA":"32.75.08.1007","DESA":"JATICEMPAKA","LONGITUDE":"106.9103569","LATITUDE":"-6.2590129999999995","STATUS":"BUKA","TANGGAL PENGUMPULAN":"Q2 2025","TANGGAL UPDATE":"20/06/2025"}},{"type":"Feature","geometry":{"coordinates":[106.9656567,-6.2330354],"type":"Point"},"properties":{"NAMA":"ATM BCA","TIPE_1":"LAYANAN ATAU JASA","TIPE_2":"ATM","TIPE_3":"BCA","TELEPON":"","ALAMAT":"JL. BINTARA IX NO.12, RT.013/RW.010, BINTARA JAYA, KEC. BEKASI BAR., KOTA BKS, JAWA BARAT 17136","ID_PROV":"32","PROVINSI":"JAWA BARAT","ID_KABKOT":"32.75","KABKOT":"KOTA BEKASI","ID_KEC":"32.75.02","KECAMATAN":"BEKASI BARAT","ID_DESA":"32.75.02.1001","DESA":"BINTARA","LONGITUDE":"106.9656567","LATITUDE":"-6.2330353999999994","STATUS":"BUKA","TANGGAL PENGUMPULAN":"Q2 2025","TANGGAL UPDATE":"20/06/2025"}},{"type":"Feature","geometry":{"coordinates":[106.94558029999999,-6.2386483],"type":"Point"},"properties":{"NAMA":"ATM BCA","TIPE_1":"LAYANAN ATAU JASA","TIPE_2":"ATM","TIPE_3":"BCA","TELEPON":"","ALAMAT":"JL. BINTARA JAYA NO.42, RT.006/RW.009, BINTARA, BEKASI BARAT, BEKASI, WEST JAVA 17136","ID_PROV":"32","PROVINSI":"JAWA BARAT","ID_KABKOT":"32.75","KABKOT":"KOTA BEKASI","ID_KEC":"32.75.02","KECAMATAN":"BEKASI BARAT","ID_DESA":"32.75.02.1004","DESA":"BINTARAJAYA","LONGITUDE":"106.94558029999999","LATITUDE":"-6.2386482999999995","STATUS":"BUKA","TANGGAL PENGUMPULAN":"Q2 2025","TANGGAL UPDATE":"20/06/2025"}},{"type":"Feature","geometry":{"coordinates":[106.9458979,-6.2494284],"type":"Point"},"properties":{"NAMA":"ATM BCA","TIPE_1":"LAYANAN ATAU JASA","TIPE_2":"ATM","TIPE_3":"BCA","TELEPON":"(021) 1500888","ALAMAT":"JL. BINTARA JAYA NO.9E, RT.004/RW.003, BINTARA JAYA, KEC. BEKASI BAR., KOTA BKS, JAWA BARAT 17136","ID_PROV":"32","PROVINSI":"JAWA BARAT","ID_KABKOT":"32.75","KABKOT":"KOTA BEKASI","ID_KEC":"32.75.02","KECAMATAN":"BEKASI BARAT","ID_DESA":"32.75.02.1004","DESA":"BINTARAJAYA","LONGITUDE":"106.94589789999999","LATITUDE":"-6.249428399999999","STATUS":"BUKA","TANGGAL PENGUMPULAN":"Q2 2025","TANGGAL UPDATE":"20/06/2025"}},{"type":"Feature","geometry":{"coordinates":[106.978136,-6.2379688],"type":"Point"},"properties":{"NAMA":"ATM BCA","TIPE_1":"LAYANAN ATAU JASA","TIPE_2":"ATM","TIPE_3":"BCA","TELEPON":"","ALAMAT":"JL. CEMP. VI NO.95, RT.004/RW.004, JAKASAMPURNA, KEC. BEKASI BAR., KOTA BKS, JAWA BARAT 17145","ID_PROV":"32","PROVINSI":"JAWA BARAT","ID_KABKOT":"32.75","KABKOT":"KOTA BEKASI","ID_KEC":"32.75.02","KECAMATAN":"BEKASI BARAT","ID_DESA":"32.75.02.1005","DESA":"JAKASAMPURNA","LONGITUDE":"106.97813599999999","LATITUDE":"-6.2379688","STATUS":"BUKA","TANGGAL PENGUMPULAN":"Q2 2025","TANGGAL UPDATE":"20/06/2025"}},{"type":"Feature","geometry":{"coordinates":[107.0025145,-6.2603936],"type":"Point"},"properties":{"NAMA":"ATM BCA","TIPE_1":"LAYANAN ATAU JASA","TIPE_2":"ATM","TIPE_3":"BCA","TELEPON":"","ALAMAT":"JL. CUT MUTIA NO.139, RT.002/RW.001, SEPANJANG JAYA, KEC. RAWALUMBU, KOTA BKS, JAWA BARAT 17114","ID_PROV":"32","PROVINSI":"JAWA BARAT","ID_KABKOT":"32.75","KABKOT":"KOTA BEKASI","ID_KEC":"32.75.05","KECAMATAN":"RAWALUMBU","ID_DESA":"32.75.05.1003","DESA":"SEPANJANGJAYA","LONGITUDE":"107.00251449999999","LATITUDE":"-6.2603936","STATUS":"BUKA","TANGGAL PENGUMPULAN":"Q2 2025","TANGGAL UPDATE":"20/06/2025"}},{"type":"Feature","geometry":{"coordinates":[106.9889295,-6.3123527],"type":"Point"},"properties":{"NAMA":"ATM BCA","TIPE_1":"LAYANAN ATAU JASA","TIPE_2":"ATM","TIPE_3":"BCA","TELEPON":"","ALAMAT":"JL. DANAU TOBA RAYA NO.8 BLOK B, RT.003/RW.003, BANTARGEBANG, BANTAR GEBANG, BEKASI, WEST JAVA 17151","ID_PROV":"32","PROVINSI":"JAWA BARAT","ID_KABKOT":"32.75","KABKOT":"KOTA BEKASI","ID_KEC":"32.75.07","KECAMATAN":"BANTARGEBANG","ID_DESA":"32.75.07.1003","DESA":"BANTARGEBANG","LONGITUDE":"106.9889295","LATITUDE":"-6.3123527","STATUS":"BUKA","TANGGAL PENGUMPULAN":"Q2 2025","TANGGAL UPDATE":"20/06/2025"}},{"type":"Feature","geometry":{"coordinates":[106.9883889,-6.2063675],"type":"Point"},"properties":{"NAMA":"ATM BCA","TIPE_1":"LAYANAN ATAU JASA","TIPE_2":"ATM","TIPE_3":"BCA","TELEPON":"","ALAMAT":"JL. FLAMBOYAN NO.82, RT.001/RW.006, HARAPAN JAYA, KEC. BEKASI UTARA, KOTA BKS, JAWA BARAT 17124","ID_PROV":"32","PROVINSI":"JAWA BARAT","ID_KABKOT":"32.75","KABKOT":"KOTA BEKASI","ID_KEC":"32.75.03","KECAMATAN":"BEKASI UTARA","ID_DESA":"32.75.03.1006","DESA":"HARAPANJAYA","LONGITUDE":"106.98838889999999","LATITUDE":"-6.2063675","STATUS":"BUKA","TANGGAL PENGUMPULAN":"Q2 2025","TANGGAL UPDATE":"20/06/2025"}},{"type":"Feature","geometry":{"coordinates":[106.9846279,-6.2470412],"type":"Point"},"properties":{"NAMA":"ATM BCA","TIPE_1":"LAYANAN ATAU JASA","TIPE_2":"ATM","TIPE_3":"BCA","TELEPON":"","ALAMAT":"JL. GABUS RAYA NO.185, RT.005/RW.007, KAYURINGIN JAYA, BEKASI SELATAN, BEKASI, WEST JAVA 17144","ID_PROV":"32","PROVINSI":"JAWA BARAT","ID_KABKOT":"32.75","KABKOT":"KOTA BEKASI","ID_KEC":"32.75.04","KECAMATAN":"BEKASI SELATAN","ID_DESA":"32.75.04.1005","DESA":"KAYURINGINJAYA","LONGITUDE":"106.98462789999999","LATITUDE":"-6.2470412","STATUS":"BUKA","TANGGAL PENGUMPULAN":"Q2 2025","TANGGAL UPDATE":"20/06/2025"}},{"type":"Feature","geometry":{"coordinates":[106.94431979999999,-6.2649735],"type":"Point"},"properties":{"NAMA":"ATM BCA","TIPE_1":"LAYANAN ATAU JASA","TIPE_2":"ATM","TIPE_3":"BCA","TELEPON":"1 500 888","ALAMAT":"JL. JATI BENING II NO.50, RT.001/RW.003, JATIBENING BARU, KEC. PD. GEDE, KOTA BKS, JAWA BARAT 17412","ID_PROV":"32","PROVINSI":"JAWA BARAT","ID_KABKOT":"32.75","KABKOT":"KOTA BEKASI","ID_KEC":"32.75.08","KECAMATAN":"PONDOKGEDE","ID_DESA":"32.75.08.1006","DESA":"JATIBENING BARU","LONGITUDE":"106.94431979999999","LATITUDE":"-6.2649735","STATUS":"BUKA","TANGGAL PENGUMPULAN":"Q2 2025","TANGGAL UPDATE":"20/06/2025"}},{"type":"Feature","geometry":{"coordinates":[106.9873078,-6.2705963],"type":"Point"},"properties":{"NAMA":"ATM BCA","TIPE_1":"LAYANAN ATAU JASA","TIPE_2":"ATM","TIPE_3":"BCA","TELEPON":"","ALAMAT":"JL. KEMANG PRATAMA RAYA A NO.3, RT.001/RW.011, SEPANJANG JAYA, RAWA LUMBU, BEKASI, WEST JAVA 17114","ID_PROV":"32","PROVINSI":"JAWA BARAT","ID_KABKOT":"32.75","KABKOT":"KOTA BEKASI","ID_KEC":"32.75.05","KECAMATAN":"RAWALUMBU","ID_DESA":"32.75.05.1003","DESA":"SEPANJANGJAYA","LONGITUDE":"106.9873078","LATITUDE":"-6.270596299999999","STATUS":"BUKA","TANGGAL PENGUMPULAN":"Q2 2025","TANGGAL UPDATE":"20/06/2025"}},{"type":"Feature","geometry":{"coordinates":[107.002765,-6.203458],"type":"Point"},"properties":{"NAMA":"ATM BCA","TIPE_1":"LAYANAN ATAU JASA","TIPE_2":"ATM","TIPE_3":"BCA","TELEPON":"","ALAMAT":"JL. KH. MUCHTAR TABRANI NO.8, RT.3/RW.020, PERWIRA, BEKASI UTARA, BEKASI, WEST JAVA 17124","ID_PROV":"32","PROVINSI":"JAWA BARAT","ID_KABKOT":"32.75","KABKOT":"KOTA BEKASI","ID_KEC":"32.75.03","KECAMATAN":"BEKASI UTARA","ID_DESA":"32.75.03.1002","DESA":"PERWIRA","LONGITUDE":"107.002765","LATITUDE":"-6.2034579999999995","STATUS":"BUKA","TANGGAL PENGUMPULAN":"Q2 2025","TANGGAL UPDATE":"20/06/2025"}},{"type":"Feature","geometry":{"coordinates":[106.9596166,-6.2490242],"type":"Point"},"properties":{"NAMA":"ATM BCA","TIPE_1":"LAYANAN ATAU JASA","TIPE_2":"ATM","TIPE_3":"BCA","TELEPON":"(021) 1500888","ALAMAT":"JL. KH. NOER ALI NO.2A, RT.006/RW.002, JAKASAMPURNA, KEC. BEKASI BAR., KOTA BKS, JAWA BARAT 17145","ID_PROV":"32","PROVINSI":"JAWA BARAT","ID_KABKOT":"32.75","KABKOT":"KOTA BEKASI","ID_KEC":"32.75.02","KECAMATAN":"BEKASI BARAT","ID_DESA":"32.75.02.1005","DESA":"JAKASAMPURNA","LONGITUDE":"106.95961659999999","LATITUDE":"-6.2490242","STATUS":"BUKA","TANGGAL PENGUMPULAN":"Q2 2025","TANGGAL UPDATE":"20/06/2025"}},{"type":"Feature","geometry":{"coordinates":[106.986668,-6.253429],"type":"Point"},"properties":{"NAMA":"ATM BCA","TIPE_1":"LAYANAN ATAU JASA","TIPE_2":"ATM","TIPE_3":"BCA","TELEPON":"","ALAMAT":"JL. LASKAR RAYA NO.97, RT.002/RW.024, PEKAYON JAYA, KEC. BEKASI SEL., KOTA BKS, JAWA BARAT 17148","ID_PROV":"32","PROVINSI":"JAWA BARAT","ID_KABKOT":"32.75","KABKOT":"KOTA BEKASI","ID_KEC":"32.75.04","KECAMATAN":"BEKASI SELATAN","ID_DESA":"32.75.04.1001","DESA":"PEKAYONJAYA","LONGITUDE":"106.986668","LATITUDE":"-6.253429","STATUS":"BUKA","TANGGAL PENGUMPULAN":"Q2 2025","TANGGAL UPDATE":"20/06/2025"}},{"type":"Feature","geometry":{"coordinates":[107.018272,-6.2297079],"type":"Point"},"properties":{"NAMA":"ATM BCA","TIPE_1":"LAYANAN ATAU JASA","TIPE_2":"ATM","TIPE_3":"BCA","TELEPON":"","ALAMAT":"JL. MEKAR SARI NO.9, RT.010/RW.003, BEKASI JAYA, BEKASI TIMUR, BEKASI, WEST JAVA 17112","ID_PROV":"32","PROVINSI":"JAWA BARAT","ID_KABKOT":"32.75","KABKOT":"KOTA BEKASI","ID_KEC":"32.75.01","KECAMATAN":"BEKASI TIMUR","ID_DESA":"32.75.01.1001","DESA":"BEKASIJAYA","LONGITUDE":"107.018272","LATITUDE":"-6.229707899999999","STATUS":"BUKA","TANGGAL PENGUMPULAN":"Q2 2025","TANGGAL UPDATE":"20/06/2025"}},{"type":"Feature","geometry":{"coordinates":[107.0114447,-6.2756062],"type":"Point"},"properties":{"NAMA":"ATM BCA","TIPE_1":"LAYANAN ATAU JASA","TIPE_2":"ATM","TIPE_3":"BCA","TELEPON":"","ALAMAT":"JL. NAROGONG JAYA RAYA NO.10 BLOK D77, RT.002/RW.009, PENGASINAN, KEC. RAWALUMBU, KOTA BKS, JAWA BARAT 17115","ID_PROV":"32","PROVINSI":"JAWA BARAT","ID_KABKOT":"32.75","KABKOT":"KOTA BEKASI","ID_KEC":"32.75.05","KECAMATAN":"RAWALUMBU","ID_DESA":"32.75.05.1002","DESA":"PENGASINAN","LONGITUDE":"107.0114447","LATITUDE":"-6.2756061999999995","STATUS":"BUKA","TANGGAL PENGUMPULAN":"Q2 2025","TANGGAL UPDATE":"20/06/2025"}},{"type":"Feature","geometry":{"coordinates":[106.9535047,-6.3332104],"type":"Point"},"properties":{"NAMA":"ATM BCA","TIPE_1":"LAYANAN ATAU JASA","TIPE_2":"ATM","TIPE_3":"BCA","TELEPON":"","ALAMAT":"JL. NURTANIO DS, RT.002/RW.015, JATISARI, KEC. JATIASIH, KOTA BKS, JAWA BARAT 17426","ID_PROV":"32","PROVINSI":"JAWA BARAT","ID_KABKOT":"32.75","KABKOT":"KOTA BEKASI","ID_KEC":"32.75.09","KECAMATAN":"JATIASIH","ID_DESA":"32.75.09.1006","DESA":"JATISARI","LONGITUDE":"106.9535047","LATITUDE":"-6.3332104","STATUS":"BUKA","TANGGAL PENGUMPULAN":"Q2 2025","TANGGAL UPDATE":"20/06/2025"}},{"type":"Feature","geometry":{"coordinates":[106.970614,-6.3014165],"type":"Point"},"properties":{"NAMA":"ATM BCA","TIPE_1":"LAYANAN ATAU JASA","TIPE_2":"ATM","TIPE_3":"BCA","TELEPON":"","ALAMAT":"JL. PONDOK GEDE PERMAI BLOK B9 NO.1, RT.002/RW.010, JATIRASA, KEC. JATIASIH, KOTA BKS, JAWA BARAT 17424","ID_PROV":"32","PROVINSI":"JAWA BARAT","ID_KABKOT":"32.75","KABKOT":"KOTA BEKASI","ID_KEC":"32.75.09","KECAMATAN":"JATIASIH","ID_DESA":"32.75.09.1004","DESA":"JATIRASA","LONGITUDE":"106.970614","LATITUDE":"-6.301416499999999","STATUS":"BUKA","TANGGAL PENGUMPULAN":"Q2 2025","TANGGAL UPDATE":"20/06/2025"}},{"type":"Feature","geometry":{"coordinates":[107.001379,-6.2694231],"type":"Point"},"properties":{"NAMA":"ATM BCA","TIPE_1":"LAYANAN ATAU JASA","TIPE_2":"ATM","TIPE_3":"BCA","TELEPON":"","ALAMAT":"JL. PRAMUKA NO.39, RT.004/RW.002, SEPANJANG JAYA, KEC. RAWALUMBU, KOTA BKS, JAWA BARAT 17114","ID_PROV":"32","PROVINSI":"JAWA BARAT","ID_KABKOT":"32.75","KABKOT":"KOTA BEKASI","ID_KEC":"32.75.05","KECAMATAN":"RAWALUMBU","ID_DESA":"32.75.05.1003","DESA":"SEPANJANGJAYA","LONGITUDE":"107.001379","LATITUDE":"-6.2694231","STATUS":"BUKA","TANGGAL PENGUMPULAN":"Q2 2025","TANGGAL UPDATE":"20/06/2025"}},{"type":"Feature","geometry":{"coordinates":[107.0139932,-6.3190202],"type":"Point"},"properties":{"NAMA":"ATM BCA","TIPE_1":"LAYANAN ATAU JASA","TIPE_2":"ATM","TIPE_3":"BCA","TELEPON":"","ALAMAT":"JL. RAYA BANTAR GEBANG - SETU NO.85, RT.003/RW.006, PADURENAN, KEC. MUSTIKA JAYA, KOTA BKS, JAWA BARAT 16340","ID_PROV":"32","PROVINSI":"JAWA BARAT","ID_KABKOT":"32.75","KABKOT":"KOTA BEKASI","ID_KEC":"32.75.11","KECAMATAN":"MUSTIKAJAYA","ID_DESA":"32.75.11.1001","DESA":"PADURENAN","LONGITUDE":"107.0139932","LATITUDE":"-6.3190202","STATUS":"BUKA","TANGGAL PENGUMPULAN":"Q2 2025","TANGGAL UPDATE":"20/06/2025"}},{"type":"Feature","geometry":{"coordinates":[106.9388911,-6.2950971],"type":"Point"},"properties":{"NAMA":"ATM BCA","TIPE_1":"LAYANAN ATAU JASA","TIPE_2":"ATM","TIPE_3":"BCA","TELEPON":"","ALAMAT":"JL. RAYA KODAU NO.25, RT.004/RW.023, JATIRAHAYU, KEC. PD. MELATI, KOTA BKS, JAWA BARAT 17422","ID_PROV":"32","PROVINSI":"JAWA BARAT","ID_KABKOT":"32.75","KABKOT":"KOTA BEKASI","ID_KEC":"32.75.12","KECAMATAN":"PONDOKMELATI","ID_DESA":"32.75.12.1001","DESA":"JATIRAHAYU","LONGITUDE":"106.93889109999999","LATITUDE":"-6.2950971","STATUS":"BUKA","TANGGAL PENGUMPULAN":"Q2 2025","TANGGAL UPDATE":"20/06/2025"}},{"type":"Feature","geometry":{"coordinates":[106.9179207,-6.3722952],"type":"Point"},"properties":{"NAMA":"ATM BCA","TIPE_1":"LAYANAN ATAU JASA","TIPE_2":"ATM","TIPE_3":"BCA","TELEPON":"","ALAMAT":"JL. RAYA KRANGGAN NO.38, RT.017/RW.015, JATIRADEN, KEC. JATISAMPURNA, KOTA BKS, JAWA BARAT 17433","ID_PROV":"32","PROVINSI":"JAWA BARAT","ID_KABKOT":"32.75","KABKOT":"KOTA BEKASI","ID_KEC":"32.75.10","KECAMATAN":"JATISAMPURNA","ID_DESA":"32.75.10.1001","DESA":"JATISAMPURNA","LONGITUDE":"106.9179207","LATITUDE":"-6.3722952","STATUS":"BUKA","TANGGAL PENGUMPULAN":"Q2 2025","TANGGAL UPDATE":"20/06/2025"}},{"type":"Feature","geometry":{"coordinates":[106.9845914,-6.322078],"type":"Point"},"properties":{"NAMA":"ATM BCA","TIPE_1":"LAYANAN ATAU JASA","TIPE_2":"ATM","TIPE_3":"BCA","TELEPON":"","ALAMAT":"JL. RAYA NAROGONG NO.57 11,7, RT.002/RW.005, BANTARGEBANG, KEC. BANTAR GEBANG, KOTA BKS, JAWA BARAT 17151","ID_PROV":"32","PROVINSI":"JAWA BARAT","ID_KABKOT":"32.75","KABKOT":"KOTA BEKASI","ID_KEC":"32.75.07","KECAMATAN":"BANTARGEBANG","ID_DESA":"32.75.07.1003","DESA":"BANTARGEBANG","LONGITUDE":"106.9845914","LATITUDE":"-6.322077999999999","STATUS":"BUKA","TANGGAL PENGUMPULAN":"Q2 2025","TANGGAL UPDATE":"20/06/2025"}},{"type":"Feature","geometry":{"coordinates":[106.9861783,-6.3234942],"type":"Point"},"properties":{"NAMA":"ATM BCA","TIPE_1":"LAYANAN ATAU JASA","TIPE_2":"ATM","TIPE_3":"BCA","TELEPON":"","ALAMAT":"JL. TIRTA UTAMA NO.8, RT.001/RW.008, BANTARGEBANG, BANTAR GEBANG, BEKASI, WEST JAVA 17151","ID_PROV":"32","PROVINSI":"JAWA BARAT","ID_KABKOT":"32.75","KABKOT":"KOTA BEKASI","ID_KEC":"32.75.07","KECAMATAN":"BANTARGEBANG","ID_DESA":"32.75.07.1003","DESA":"BANTARGEBANG","LONGITUDE":"106.98617829999999","LATITUDE":"-6.3234942","STATUS":"BUKA","TANGGAL PENGUMPULAN":"Q2 2025","TANGGAL UPDATE":"20/06/2025"}},{"type":"Feature","geometry":{"coordinates":[106.9563764,-6.3047097],"type":"Point"},"properties":{"NAMA":"ATM BCA","TIPE_1":"LAYANAN ATAU JASA","TIPE_2":"ATM","TIPE_3":"BCA","TELEPON":"(021) 500888","ALAMAT":"JL. WIBAWA MUKTI II NO.48, RT.002/RW.007, JATIASIH, KEC. JATIASIH, KOTA BKS, JAWA BARAT 17423","ID_PROV":"32","PROVINSI":"JAWA BARAT","ID_KABKOT":"32.75","KABKOT":"KOTA BEKASI","ID_KEC":"32.75.09","KECAMATAN":"JATIASIH","ID_DESA":"32.75.09.1002","DESA":"JATIASIH","LONGITUDE":"106.9563764","LATITUDE":"-6.3047097","STATUS":"BUKA","TANGGAL PENGUMPULAN":"Q2 2025","TANGGAL UPDATE":"20/06/2025"}},{"type":"Feature","geometry":{"coordinates":[106.9194532,-6.36797],"type":"Point"},"properties":{"NAMA":"ATM BCA","TIPE_1":"LAYANAN ATAU JASA","TIPE_2":"ATM","TIPE_3":"BCA","TELEPON":"","ALAMAT":"JL. RAYA KRANGGAN, RT.014/RW.015, JATISAMPURNA, KEC. JATISAMPURNA, KOTA BKS, JAWA BARAT 17433","ID_PROV":"32","PROVINSI":"JAWA BARAT","ID_KABKOT":"32.75","KABKOT":"KOTA BEKASI","ID_KEC":"32.75.10","KECAMATAN":"JATISAMPURNA","ID_DESA":"32.75.10.1001","DESA":"JATISAMPURNA","LONGITUDE":"106.91945319999999","LATITUDE":"-6.36797","STATUS":"BUKA","TANGGAL PENGUMPULAN":"Q2 2025","TANGGAL UPDATE":"20/06/2025"}},{"type":"Feature","geometry":{"coordinates":[107.0292381,-6.1994677],"type":"Point"},"properties":{"NAMA":"ATM BCA","TIPE_1":"LAYANAN ATAU JASA","TIPE_2":"ATM","TIPE_3":"BCA","TELEPON":"","ALAMAT":"KLINIK BATARA, JL. KIYAI H. NOER ALI NO.10, RT.008/RW.004, TLK. PUCUNG, KEC. BEKASI UTARA, KOTA BKS, JAWA BARAT 17612","ID_PROV":"32","PROVINSI":"JAWA BARAT","ID_KABKOT":"32.75","KABKOT":"KOTA BEKASI","ID_KEC":"32.75.03","KECAMATAN":"BEKASI UTARA","ID_DESA":"32.75.03.1004","DESA":"TELUK PUCUNG","LONGITUDE":"107.0292381","LATITUDE":"-6.1994677","STATUS":"BUKA","TANGGAL PENGUMPULAN":"Q2 2025","TANGGAL UPDATE":"20/06/2025"}},{"type":"Feature","geometry":{"coordinates":[107.0108934,-6.3260055],"type":"Point"},"properties":{"NAMA":"ATM BCA","TIPE_1":"LAYANAN ATAU JASA","TIPE_2":"ATM","TIPE_3":"BCA","TELEPON":"","ALAMAT":"RT.004/RW.006, PADURENAN, MUSTIKA JAYA, BEKASI, WEST JAVA 17156","ID_PROV":"32","PROVINSI":"JAWA BARAT","ID_KABKOT":"32.75","KABKOT":"KOTA BEKASI","ID_KEC":"32.75.11","KECAMATAN":"MUSTIKAJAYA","ID_DESA":"32.75.11.1001","DESA":"PADURENAN","LONGITUDE":"107.0108934","LATITUDE":"-6.3260055","STATUS":"BUKA","TANGGAL PENGUMPULAN":"Q2 2025","TANGGAL UPDATE":"20/06/2025"}},{"type":"Feature","geometry":{"coordinates":[107.0178679,-6.321914],"type":"Point"},"properties":{"NAMA":"ATM BCA","TIPE_1":"LAYANAN ATAU JASA","TIPE_2":"ATM","TIPE_3":"BCA","TELEPON":"(021) 1500888","ALAMAT":"ALFAMART BTR, JALAN PERUM BEKASI TIMUR REGENCY, CIMUNING, MUSTIKAJAYA, RT.003/RW.020, CIMUNING, KEC. MUSTIKA JAYA, KOTA BKS, JAWA BARAT 17133","ID_PROV":"32","PROVINSI":"JAWA BARAT","ID_KABKOT":"32.75","KABKOT":"KOTA BEKASI","ID_KEC":"32.75.11","KECAMATAN":"MUSTIKAJAYA","ID_DESA":"32.75.11.1002","DESA":"CIMUNING","LONGITUDE":"107.0178679","LATITUDE":"-6.321914","STATUS":"BUKA","TANGGAL PENGUMPULAN":"Q2 2025","TANGGAL UPDATE":"20/06/2025"}},{"type":"Feature","geometry":{"coordinates":[107.0018559,-6.3154977],"type":"Point"},"properties":{"NAMA":"ATM BCA","TIPE_1":"LAYANAN ATAU JASA","TIPE_2":"ATM","TIPE_3":"BCA","TELEPON":"","ALAMAT":"RT.002/RW.001, PADURENAN, KEC. MUSTIKA JAYA, KOTA BKS, JAWA BARAT 16340","ID_PROV":"32","PROVINSI":"JAWA BARAT","ID_KABKOT":"32.75","KABKOT":"KOTA BEKASI","ID_KEC":"32.75.11","KECAMATAN":"MUSTIKAJAYA","ID_DESA":"32.75.11.1001","DESA":"PADURENAN","LONGITUDE":"107.0018559","LATITUDE":"-6.3154977","STATUS":"BUKA","TANGGAL PENGUMPULAN":"Q2 2025","TANGGAL UPDATE":"20/06/2025"}},{"type":"Feature","geometry":{"coordinates":[107.0093544,-6.3166466],"type":"Point"},"properties":{"NAMA":"ATM BCA","TIPE_1":"LAYANAN ATAU JASA","TIPE_2":"ATM","TIPE_3":"BCA","TELEPON":"","ALAMAT":"JL. H. DJOLE, RT.001/RW.006, BANTARGEBANG, KEC. MUSTIKA JAYA, KABUPATEN BEKASI, JAWA BARAT 16340","ID_PROV":"32","PROVINSI":"JAWA BARAT","ID_KABKOT":"32.75","KABKOT":"KOTA BEKASI","ID_KEC":"32.75.11","KECAMATAN":"MUSTIKAJAYA","ID_DESA":"32.75.11.1001","DESA":"PADURENAN","LONGITUDE":"107.00935439999999","LATITUDE":"-6.3166465999999994","STATUS":"BUKA","TANGGAL PENGUMPULAN":"Q2 2025","TANGGAL UPDATE":"20/06/2025"}},{"type":"Feature","geometry":{"coordinates":[106.9906652,-6.2486986],"type":"Point"},"properties":{"NAMA":"ATM BCA","TIPE_1":"LAYANAN ATAU JASA","TIPE_2":"ATM","TIPE_3":"BCA","TELEPON":"","ALAMAT":"MAL METROPOLITAN, JL. KH. NOER ALI LANTAI DASAR, RT.008/RW.002, PEKAYON JAYA, KEC. BEKASI SEL., KOTA BKS, JAWA BARAT 17148","ID_PROV":"32","PROVINSI":"JAWA BARAT","ID_KABKOT":"32.75","KABKOT":"KOTA BEKASI","ID_KEC":"32.75.04","KECAMATAN":"BEKASI SELATAN","ID_DESA":"32.75.04.1001","DESA":"PEKAYONJAYA","LONGITUDE":"106.9906652","LATITUDE":"-6.2486986","STATUS":"BUKA","TANGGAL PENGUMPULAN":"Q2 2025","TANGGAL UPDATE":"20/06/2025"}},{"type":"Feature","geometry":{"coordinates":[106.9865057,-6.2641814],"type":"Point"},"properties":{"NAMA":"ATM BCA","TIPE_1":"LAYANAN ATAU JASA","TIPE_2":"ATM","TIPE_3":"BCA","TELEPON":"","ALAMAT":"MALL, JL. RAYA PEKAYON NO.29, RT.001/RW.020, PEKAYON JAYA, KEC. BEKASI SEL., KOTA BKS, JAWA BARAT 17148","ID_PROV":"32","PROVINSI":"JAWA BARAT","ID_KABKOT":"32.75","KABKOT":"KOTA BEKASI","ID_KEC":"32.75.04","KECAMATAN":"BEKASI SELATAN","ID_DESA":"32.75.04.1001","DESA":"PEKAYONJAYA","LONGITUDE":"106.9865057","LATITUDE":"-6.2641814","STATUS":"BUKA","TANGGAL PENGUMPULAN":"Q2 2025","TANGGAL UPDATE":"20/06/2025"}},{"type":"Feature","geometry":{"coordinates":[106.9238041,-6.3323775],"type":"Point"},"properties":{"NAMA":"ATM BCA","TIPE_1":"LAYANAN ATAU JASA","TIPE_2":"ATM","TIPE_3":"BCA","TELEPON":"","ALAMAT":"JL. RAYA HANKAM, RT.003/RW.1, JATIRANGGON, KEC. JATISAMPURNA, KOTA BKS, JAWA BARAT 17415","ID_PROV":"32","PROVINSI":"JAWA BARAT","ID_KABKOT":"32.75","KABKOT":"KOTA BEKASI","ID_KEC":"32.75.12","KECAMATAN":"PONDOKMELATI","ID_DESA":"32.75.12.1004","DESA":"JATIMURNI","LONGITUDE":"106.9238041","LATITUDE":"-6.3323775","STATUS":"BUKA","TANGGAL PENGUMPULAN":"Q2 2025","TANGGAL UPDATE":"20/06/2025"}},{"type":"Feature","geometry":{"coordinates":[106.9567715,-6.3030744],"type":"Point"},"properties":{"NAMA":"ATM BCA","TIPE_1":"LAYANAN ATAU JASA","TIPE_2":"ATM","TIPE_3":"BCA","TELEPON":"","ALAMAT":"ALFAMART KOMSEN 2, JL. WIBAWA MUKTI II, RT.005/RW.006, JATIASIH, KEC. JATIASIH, KOTA BKS, JAWA BARAT 17423","ID_PROV":"32","PROVINSI":"JAWA BARAT","ID_KABKOT":"32.75","KABKOT":"KOTA BEKASI","ID_KEC":"32.75.09","KECAMATAN":"JATIASIH","ID_DESA":"32.75.09.1002","DESA":"JATIASIH","LONGITUDE":"106.9567715","LATITUDE":"-6.3030744","STATUS":"BUKA","TANGGAL PENGUMPULAN":"Q2 2025","TANGGAL UPDATE":"20/06/2025"}},{"type":"Feature","geometry":{"coordinates":[106.9919916,-6.286457],"type":"Point"},"properties":{"NAMA":"ATM BCA","TIPE_1":"LAYANAN ATAU JASA","TIPE_2":"ATM","TIPE_3":"BCA","TELEPON":"","ALAMAT":"NO., JL. LUMBU BAR. RAYA NO.22, RT.007/RW.009, BOJONG RAWALUMBU, KEC. RAWALUMBU, KOTA BKS, JAWA BARAT 17116","ID_PROV":"32","PROVINSI":"JAWA BARAT","ID_KABKOT":"32.75","KABKOT":"KOTA BEKASI","ID_KEC":"32.75.05","KECAMATAN":"RAWALUMBU","ID_DESA":"32.75.05.1001","DESA":"BOJONG RAWALUMBU","LONGITUDE":"106.99199159999999","LATITUDE":"-6.2864569999999995","STATUS":"BUKA","TANGGAL PENGUMPULAN":"Q2 2025","TANGGAL UPDATE":"20/06/2025"}},{"type":"Feature","geometry":{"coordinates":[107.031809,-6.2867676],"type":"Point"},"properties":{"NAMA":"ATM BCA","TIPE_1":"LAYANAN ATAU JASA","TIPE_2":"ATM","TIPE_3":"BCA","TELEPON":"","ALAMAT":"JL. MUTIARA GADING TIMUR RAYA, RT.010/RW.029, MUSTIKAJAYA, MUSTIKA JAYA, BEKASI, WEST JAVA 17158","ID_PROV":"32","PROVINSI":"JAWA BARAT","ID_KABKOT":"32.75","KABKOT":"KOTA BEKASI","ID_KEC":"32.75.11","KECAMATAN":"MUSTIKAJAYA","ID_DESA":"32.75.11.1003","DESA":"MUSTIKAJAYA","LONGITUDE":"107.031809","LATITUDE":"-6.2867676","STATUS":"BUKA","TANGGAL PENGUMPULAN":"Q2 2025","TANGGAL UPDATE":"20/06/2025"}},{"type":"Feature","geometry":{"coordinates":[107.0349476,-6.2859204],"type":"Point"},"properties":{"NAMA":"ATM BCA","TIPE_1":"LAYANAN ATAU JASA","TIPE_2":"ATM","TIPE_3":"BCA","TELEPON":"","ALAMAT":"JL. MUSTIKA JAYA, RT.002/RW.012, MUSTIKAJAYA, KEC. MUSTIKA JAYA, KABUPATEN BEKASI, JAWA BARAT 17158","ID_PROV":"32","PROVINSI":"JAWA BARAT","ID_KABKOT":"32.75","KABKOT":"KOTA BEKASI","ID_KEC":"32.75.11","KECAMATAN":"MUSTIKAJAYA","ID_DESA":"32.75.11.1003","DESA":"MUSTIKAJAYA","LONGITUDE":"107.0349476","LATITUDE":"-6.285920399999999","STATUS":"BUKA","TANGGAL PENGUMPULAN":"Q2 2025","TANGGAL UPDATE":"20/06/2025"}},{"type":"Feature","geometry":{"coordinates":[107.0061245,-6.2813464],"type":"Point"},"properties":{"NAMA":"ATM BCA","TIPE_1":"LAYANAN ATAU JASA","TIPE_2":"ATM","TIPE_3":"BCA","TELEPON":"","ALAMAT":"JL. NAROGONG INDAH, RT.002/RW.012, BOJONG RAWALUMBU, KEC. BEKASI TIM., KABUPATEN BEKASI, JAWA BARAT 17115","ID_PROV":"32","PROVINSI":"JAWA BARAT","ID_KABKOT":"32.75","KABKOT":"KOTA BEKASI","ID_KEC":"32.75.05","KECAMATAN":"RAWALUMBU","ID_DESA":"32.75.05.1001","DESA":"BOJONG RAWALUMBU","LONGITUDE":"107.0061245","LATITUDE":"-6.281346399999999","STATUS":"BUKA","TANGGAL PENGUMPULAN":"Q2 2025","TANGGAL UPDATE":"20/06/2025"}},{"type":"Feature","geometry":{"coordinates":[107.0067367,-6.2787625],"type":"Point"},"properties":{"NAMA":"ATM BCA","TIPE_1":"LAYANAN ATAU JASA","TIPE_2":"ATM","TIPE_3":"BCA","TELEPON":"","ALAMAT":"JL. TAMAN NAROGONG INDAH, RT.007/RW.007, PENGASINAN, KEC. BEKASI TIM., KOTA BKS, JAWA BARAT 17115","ID_PROV":"32","PROVINSI":"JAWA BARAT","ID_KABKOT":"32.75","KABKOT":"KOTA BEKASI","ID_KEC":"32.75.05","KECAMATAN":"RAWALUMBU","ID_DESA":"32.75.05.1002","DESA":"PENGASINAN","LONGITUDE":"107.00673669999999","LATITUDE":"-6.2787625","STATUS":"BUKA","TANGGAL PENGUMPULAN":"Q2 2025","TANGGAL UPDATE":"20/06/2025"}},{"type":"Feature","geometry":{"coordinates":[107.0086012,-6.2654479],"type":"Point"},"properties":{"NAMA":"ATM BCA","TIPE_1":"LAYANAN ATAU JASA","TIPE_2":"ATM","TIPE_3":"BCA","TELEPON":"","ALAMAT":"JALAN, RT.002/RW.001, PENGASINAN, KEC. RAWALUMBU, KOTA BKS, JAWA BARAT 17115","ID_PROV":"32","PROVINSI":"JAWA BARAT","ID_KABKOT":"32.75","KABKOT":"KOTA BEKASI","ID_KEC":"32.75.05","KECAMATAN":"RAWALUMBU","ID_DESA":"32.75.05.1002","DESA":"PENGASINAN","LONGITUDE":"107.0086012","LATITUDE":"-6.2654479","STATUS":"BUKA","TANGGAL PENGUMPULAN":"Q2 2025","TANGGAL UPDATE":"20/06/2025"}},{"type":"Feature","geometry":{"coordinates":[107.0168765,-6.2591042],"type":"Point"},"properties":{"NAMA":"ATM BCA","TIPE_1":"LAYANAN ATAU JASA","TIPE_2":"ATM","TIPE_3":"BCA","TELEPON":"(021) 1500888","ALAMAT":"JL. MARGAHAYU BERINGIN, RT.007/RW.017, MARGAHAYU, KEC. BEKASI TIM., KOTA BKS, JAWA BARAT 17113","ID_PROV":"32","PROVINSI":"JAWA BARAT","ID_KABKOT":"32.75","KABKOT":"KOTA BEKASI","ID_KEC":"32.75.01","KECAMATAN":"BEKASI TIMUR","ID_DESA":"32.75.01.1002","DESA":"MARGAHAYU","LONGITUDE":"107.0168765","LATITUDE":"-6.2591041999999995","STATUS":"BUKA","TANGGAL PENGUMPULAN":"Q2 2025","TANGGAL UPDATE":"20/06/2025"}},{"type":"Feature","geometry":{"coordinates":[107.0299108,-6.2518883],"type":"Point"},"properties":{"NAMA":"ATM BCA","TIPE_1":"LAYANAN ATAU JASA","TIPE_2":"ATM","TIPE_3":"BCA","TELEPON":"","ALAMAT":"JL. INSINYUR H. JUANDA, RT.001/RW.021, MARGAHAYU, KEC. BEKASI TIM., KOTA BKS, JAWA BARAT 17111","ID_PROV":"32","PROVINSI":"JAWA BARAT","ID_KABKOT":"32.75","KABKOT":"KOTA BEKASI","ID_KEC":"32.75.01","KECAMATAN":"BEKASI TIMUR","ID_DESA":"32.75.01.1002","DESA":"MARGAHAYU","LONGITUDE":"107.0299108","LATITUDE":"-6.2518883","STATUS":"BUKA","TANGGAL PENGUMPULAN":"Q2 2025","TANGGAL UPDATE":"20/06/2025"}},{"type":"Feature","geometry":{"coordinates":[106.9206155,-6.2959206],"type":"Point"},"properties":{"NAMA":"ATM BCA","TIPE_1":"LAYANAN ATAU JASA","TIPE_2":"ATM","TIPE_3":"BCA","TELEPON":"","ALAMAT":"RT.003/RW.008, JATIRAHAYU, PONDOK MELATI, BEKASI, WEST JAVA 17414","ID_PROV":"32","PROVINSI":"JAWA BARAT","ID_KABKOT":"32.75","KABKOT":"KOTA BEKASI","ID_KEC":"32.75.12","KECAMATAN":"PONDOKMELATI","ID_DESA":"32.75.12.1001","DESA":"JATIRAHAYU","LONGITUDE":"106.9206155","LATITUDE":"-6.2959206","STATUS":"BUKA","TANGGAL PENGUMPULAN":"Q2 2025","TANGGAL UPDATE":"20/06/2025"}},{"type":"Feature","geometry":{"coordinates":[106.9188346,-6.293252],"type":"Point"},"properties":{"NAMA":"ATM BCA","TIPE_1":"LAYANAN ATAU JASA","TIPE_2":"ATM","TIPE_3":"BCA","TELEPON":"","ALAMAT":"JL. RAYA HANKAM, RT.001/RW.007, JATIRAHAYU, KEC. PD. MELATI, KOTA BKS, JAWA BARAT 17414","ID_PROV":"32","PROVINSI":"JAWA BARAT","ID_KABKOT":"32.75","KABKOT":"KOTA BEKASI","ID_KEC":"32.75.12","KECAMATAN":"PONDOKMELATI","ID_DESA":"32.75.12.1001","DESA":"JATIRAHAYU","LONGITUDE":"106.9188346","LATITUDE":"-6.293252","STATUS":"BUKA","TANGGAL PENGUMPULAN":"Q2 2025","TANGGAL UPDATE":"20/06/2025"}},{"type":"Feature","geometry":{"coordinates":[106.9438938,-6.2871022],"type":"Point"},"properties":{"NAMA":"ATM BCA","TIPE_1":"LAYANAN ATAU JASA","TIPE_2":"ATM","TIPE_3":"BCA","TELEPON":"","ALAMAT":"SUPERINDO, JL. RAYA JATIKRAMAT, RT.006/RW.009, JATIKRAMAT, KEC. JATIASIH, KOTA BKS, JAWA BARAT 17421","ID_PROV":"32","PROVINSI":"JAWA BARAT","ID_KABKOT":"32.75","KABKOT":"KOTA BEKASI","ID_KEC":"32.75.09","KECAMATAN":"JATIASIH","ID_DESA":"32.75.09.1003","DESA":"JATIKRAMAT","LONGITUDE":"106.9438938","LATITUDE":"-6.2871022","STATUS":"BUKA","TANGGAL PENGUMPULAN":"Q2 2025","TANGGAL UPDATE":"20/06/2025"}},{"type":"Feature","geometry":{"coordinates":[106.929548,-6.2832167],"type":"Point"},"properties":{"NAMA":"ATM BCA","TIPE_1":"LAYANAN ATAU JASA","TIPE_2":"ATM","TIPE_3":"BCA","TELEPON":"","ALAMAT":"JL. RAYA JATI MAKMUR, RT.007/RW.011, JATIMAKMUR, KEC. PD. GEDE, KOTA BKS, JAWA BARAT 17411","ID_PROV":"32","PROVINSI":"JAWA BARAT","ID_KABKOT":"32.75","KABKOT":"KOTA BEKASI","ID_KEC":"32.75.08","KECAMATAN":"PONDOKGEDE","ID_DESA":"32.75.08.1003","DESA":"JATIMAKMUR","LONGITUDE":"106.929548","LATITUDE":"-6.2832167","STATUS":"BUKA","TANGGAL PENGUMPULAN":"Q2 2025","TANGGAL UPDATE":"20/06/2025"}},{"type":"Feature","geometry":{"coordinates":[106.9507322,-6.2713269],"type":"Point"},"properties":{"NAMA":"ATM BCA","TIPE_1":"LAYANAN ATAU JASA","TIPE_2":"ATM","TIPE_3":"BCA","TELEPON":"","ALAMAT":"JL. DR. RATNA, RT.006/RW.003, JATIBENING, KEC. JATIASIH, KOTA BKS, JAWA BARAT 17421","ID_PROV":"32","PROVINSI":"JAWA BARAT","ID_KABKOT":"32.75","KABKOT":"KOTA BEKASI","ID_KEC":"32.75.09","KECAMATAN":"JATIASIH","ID_DESA":"32.75.09.1003","DESA":"JATIKRAMAT","LONGITUDE":"106.95073219999999","LATITUDE":"-6.2713269","STATUS":"BUKA","TANGGAL PENGUMPULAN":"Q2 2025","TANGGAL UPDATE":"20/06/2025"}},{"type":"Feature","geometry":{"coordinates":[106.970624,-6.2670024],"type":"Point"},"properties":{"NAMA":"ATM BCA","TIPE_1":"LAYANAN ATAU JASA","TIPE_2":"ATM","TIPE_3":"BCA","TELEPON":"","ALAMAT":"INDOMARET, JL. PULO RIBUNG, RT.001/RW.019, JAKA SETIA, KEC. BEKASI SEL., KOTA BKS, JAWA BARAT 17147","ID_PROV":"32","PROVINSI":"JAWA BARAT","ID_KABKOT":"32.75","KABKOT":"KOTA BEKASI","ID_KEC":"32.75.04","KECAMATAN":"BEKASI SELATAN","ID_DESA":"32.75.04.1004","DESA":"JAKASETIA","LONGITUDE":"106.970624","LATITUDE":"-6.2670024","STATUS":"BUKA","TANGGAL PENGUMPULAN":"Q2 2025","TANGGAL UPDATE":"20/06/2025"}},{"type":"Feature","geometry":{"coordinates":[107.02735709999999,-6.2428531],"type":"Point"},"properties":{"NAMA":"ATM BCA","TIPE_1":"LAYANAN ATAU JASA","TIPE_2":"ATM","TIPE_3":"BCA","TELEPON":"","ALAMAT":"JL. NUSANTARA RAYA, RT.001/RW.002, AREN JAYA, KEC. BEKASI TIM., KABUPATEN BEKASI, JAWA BARAT 17111","ID_PROV":"32","PROVINSI":"JAWA BARAT","ID_KABKOT":"32.75","KABKOT":"KOTA BEKASI","ID_KEC":"32.75.01","KECAMATAN":"BEKASI TIMUR","ID_DESA":"32.75.01.1004","DESA":"ARENJAYA","LONGITUDE":"107.02735709999999","LATITUDE":"-6.2428531","STATUS":"BUKA","TANGGAL PENGUMPULAN":"Q2 2025","TANGGAL UPDATE":"20/06/2025"}},{"type":"Feature","geometry":{"coordinates":[107.0034354,-6.2411036],"type":"Point"},"properties":{"NAMA":"ATM BCA","TIPE_1":"LAYANAN ATAU JASA","TIPE_2":"ATM","TIPE_3":"BCA","TELEPON":"","ALAMAT":"JALAN IR. HAJI JUANDA, MARGAHAYU, BEKASI TIMUR, RT.003/RW.001, MARGAHAYU, KEC. BEKASI TIM., KOTA BKS, JAWA BARAT 17113","ID_PROV":"32","PROVINSI":"JAWA BARAT","ID_KABKOT":"32.75","KABKOT":"KOTA BEKASI","ID_KEC":"32.75.01","KECAMATAN":"BEKASI TIMUR","ID_DESA":"32.75.01.1002","DESA":"MARGAHAYU","LONGITUDE":"107.0034354","LATITUDE":"-6.2411036","STATUS":"BUKA","TANGGAL PENGUMPULAN":"Q2 2025","TANGGAL UPDATE":"20/06/2025"}},{"type":"Feature","geometry":{"coordinates":[107.021872,-6.2109025],"type":"Point"},"properties":{"NAMA":"ATM BCA","TIPE_1":"LAYANAN ATAU JASA","TIPE_2":"ATM","TIPE_3":"BCA","TELEPON":"","ALAMAT":"JL. DUTA BOULEVARD BARAT, RT.001/RW.011, HARAPAN BARU, KEC. BEKASI UTARA, KOTA BKS, JAWA BARAT 17123","ID_PROV":"32","PROVINSI":"JAWA BARAT","ID_KABKOT":"32.75","KABKOT":"KOTA BEKASI","ID_KEC":"32.75.03","KECAMATAN":"BEKASI UTARA","ID_DESA":"32.75.03.1003","DESA":"HARAPANBARU","LONGITUDE":"107.021872","LATITUDE":"-6.2109024999999995","STATUS":"BUKA","TANGGAL PENGUMPULAN":"Q2 2025","TANGGAL UPDATE":"20/06/2025"}},{"type":"Feature","geometry":{"coordinates":[106.9607048,-6.2492856],"type":"Point"},"properties":{"NAMA":"ATM BCA","TIPE_1":"LAYANAN ATAU JASA","TIPE_2":"ATM","TIPE_3":"BCA","TELEPON":"","ALAMAT":"JL. RAYA KALIMALANG, RT.007/RW.002, JAKASAMPURNA, KEC. BEKASI BAR., KOTA BKS, JAWA BARAT 17145","ID_PROV":"32","PROVINSI":"JAWA BARAT","ID_KABKOT":"32.75","KABKOT":"KOTA BEKASI","ID_KEC":"32.75.02","KECAMATAN":"BEKASI BARAT","ID_DESA":"32.75.02.1005","DESA":"JAKASAMPURNA","LONGITUDE":"106.9607048","LATITUDE":"-6.249285599999999","STATUS":"BUKA","TANGGAL PENGUMPULAN":"Q2 2025","TANGGAL UPDATE":"20/06/2025"}},{"type":"Feature","geometry":{"coordinates":[106.9690949,-6.2489449],"type":"Point"},"properties":{"NAMA":"ATM BCA","TIPE_1":"LAYANAN ATAU JASA","TIPE_2":"ATM","TIPE_3":"BCA","TELEPON":"","ALAMAT":"KOMP. DUTA PERMAI, PERTOKOAN DUTA PERMAI, JL. KH. NOER ALI, RT.005/RW.006A, JAKASAMPURNA, KEC. BEKASI SEL., KOTA BKS, JAWA BARAT 17145","ID_PROV":"32","PROVINSI":"JAWA BARAT","ID_KABKOT":"32.75","KABKOT":"KOTA BEKASI","ID_KEC":"32.75.02","KECAMATAN":"BEKASI BARAT","ID_DESA":"32.75.02.1005","DESA":"JAKASAMPURNA","LONGITUDE":"106.9690949","LATITUDE":"-6.2489449","STATUS":"BUKA","TANGGAL PENGUMPULAN":"Q2 2025","TANGGAL UPDATE":"20/06/2025"}},{"type":"Feature","geometry":{"coordinates":[106.971644,-6.2489772],"type":"Point"},"properties":{"NAMA":"ATM BCA","TIPE_1":"LAYANAN ATAU JASA","TIPE_2":"ATM","TIPE_3":"BCA","TELEPON":"","ALAMAT":"JL. RAYA KALIMALANG, RT.005/RW.006A, JAKASAMPURNA, KEC. BEKASI BAR., KOTA BKS, JAWA BARAT 17145","ID_PROV":"32","PROVINSI":"JAWA BARAT","ID_KABKOT":"32.75","KABKOT":"KOTA BEKASI","ID_KEC":"32.75.02","KECAMATAN":"BEKASI BARAT","ID_DESA":"32.75.02.1005","DESA":"JAKASAMPURNA","LONGITUDE":"106.971644","LATITUDE":"-6.2489772","STATUS":"BUKA","TANGGAL PENGUMPULAN":"Q2 2025","TANGGAL UPDATE":"20/06/2025"}},{"type":"Feature","geometry":{"coordinates":[106.9998521,-6.2498636],"type":"Point"},"properties":{"NAMA":"ATM BCA","TIPE_1":"LAYANAN ATAU JASA","TIPE_2":"ATM","TIPE_3":"BCA","TELEPON":"","ALAMAT":"JL. RA KARTINI, RT.004/RW.024, MARGAHAYU, KEC. BEKASI TIM., KOTA BKS, JAWA BARAT 17113","ID_PROV":"32","PROVINSI":"JAWA BARAT","ID_KABKOT":"32.75","KABKOT":"KOTA BEKASI","ID_KEC":"32.75.01","KECAMATAN":"BEKASI TIMUR","ID_DESA":"32.75.01.1002","DESA":"MARGAHAYU","LONGITUDE":"106.9998521","LATITUDE":"-6.249863599999999","STATUS":"BUKA","TANGGAL PENGUMPULAN":"Q2 2025","TANGGAL UPDATE":"20/06/2025"}},{"type":"Feature","geometry":{"coordinates":[106.96620809999999,-6.2461693],"type":"Point"},"properties":{"NAMA":"ATM BCA","TIPE_1":"LAYANAN ATAU JASA","TIPE_2":"ATM","TIPE_3":"BCA","TELEPON":"","ALAMAT":"JL. PATRIOT, RT.002/RW.003, JAKASAMPURNA, KEC. BEKASI BAR., KOTA BKS, JAWA BARAT 17145","ID_PROV":"32","PROVINSI":"JAWA BARAT","ID_KABKOT":"32.75","KABKOT":"KOTA BEKASI","ID_KEC":"32.75.02","KECAMATAN":"BEKASI BARAT","ID_DESA":"32.75.02.1005","DESA":"JAKASAMPURNA","LONGITUDE":"106.96620809999999","LATITUDE":"-6.2461693","STATUS":"BUKA","TANGGAL PENGUMPULAN":"Q2 2025","TANGGAL UPDATE":"20/06/2025"}},{"type":"Feature","geometry":{"coordinates":[106.9826695,-6.2427378],"type":"Point"},"properties":{"NAMA":"ATM BCA","TIPE_1":"LAYANAN ATAU JASA","TIPE_2":"ATM","TIPE_3":"BCA","TELEPON":"","ALAMAT":"JL. LETNAN ARSYAD RAYA NO.16, RT.003/RW.001, KAYURINGIN JAYA, KEC. BEKASI SEL., KOTA BKS, JAWA BARAT 17144","ID_PROV":"32","PROVINSI":"JAWA BARAT","ID_KABKOT":"32.75","KABKOT":"KOTA BEKASI","ID_KEC":"32.75.04","KECAMATAN":"BEKASI SELATAN","ID_DESA":"32.75.04.1005","DESA":"KAYURINGINJAYA","LONGITUDE":"106.9826695","LATITUDE":"-6.2427378","STATUS":"BUKA","TANGGAL PENGUMPULAN":"Q2 2025","TANGGAL UPDATE":"20/06/2025"}},{"type":"Feature","geometry":{"coordinates":[106.9608356,-6.2275918],"type":"Point"},"properties":{"NAMA":"ATM BCA","TIPE_1":"LAYANAN ATAU JASA","TIPE_2":"ATM","TIPE_3":"BCA","TELEPON":"","ALAMAT":"JL. PD. CIPTA, RT.004/RW.008, BINTARA, KEC. BEKASI BAR., KOTA BKS, JAWA BARAT 17134","ID_PROV":"32","PROVINSI":"JAWA BARAT","ID_KABKOT":"32.75","KABKOT":"KOTA BEKASI","ID_KEC":"32.75.02","KECAMATAN":"BEKASI BARAT","ID_DESA":"32.75.02.1001","DESA":"BINTARA","LONGITUDE":"106.9608356","LATITUDE":"-6.2275918","STATUS":"BUKA","TANGGAL PENGUMPULAN":"Q2 2025","TANGGAL UPDATE":"20/06/2025"}},{"type":"Feature","geometry":{"coordinates":[106.9957632,-6.2267416],"type":"Point"},"properties":{"NAMA":"ATM BCA","TIPE_1":"LAYANAN ATAU JASA","TIPE_2":"ATM","TIPE_3":"BCA","TELEPON":"","ALAMAT":"RT.001/RW.011, MARGA MULYA, KEC. BEKASI UTARA, KOTA BKS, JAWA BARAT 17142","ID_PROV":"32","PROVINSI":"JAWA BARAT","ID_KABKOT":"32.75","KABKOT":"KOTA BEKASI","ID_KEC":"32.75.06","KECAMATAN":"MEDANSATRIA","ID_DESA":"32.75.06.1002","DESA":"HARAPANMULYA","LONGITUDE":"106.9957632","LATITUDE":"-6.2267415999999995","STATUS":"BUKA","TANGGAL PENGUMPULAN":"Q2 2025","TANGGAL UPDATE":"20/06/2025"}},{"type":"Feature","geometry":{"coordinates":[106.9775667,-6.2068391],"type":"Point"},"properties":{"NAMA":"ATM BCA","TIPE_1":"LAYANAN ATAU JASA","TIPE_2":"ATM","TIPE_3":"BCA","TELEPON":"","ALAMAT":"JL. SULTAN AGUNG, RT.001/RW.003, MEDAN SATRIA, KECAMATAN MEDAN SATRIA, KOTA BKS, JAWA BARAT 17132","ID_PROV":"32","PROVINSI":"JAWA BARAT","ID_KABKOT":"32.75","KABKOT":"KOTA BEKASI","ID_KEC":"32.75.06","KECAMATAN":"MEDANSATRIA","ID_DESA":"32.75.06.1001","DESA":"MEDANSATRIA","LONGITUDE":"106.9775667","LATITUDE":"-6.2068391","STATUS":"BUKA","TANGGAL PENGUMPULAN":"Q2 2025","TANGGAL UPDATE":"20/06/2025"}},{"type":"Feature","geometry":{"coordinates":[106.9186469,-6.375563],"type":"Point"},"properties":{"NAMA":"ATM BCA","TIPE_1":"LAYANAN ATAU JASA","TIPE_2":"ATM","TIPE_3":"BCA","TELEPON":"","ALAMAT":"RS, MITRA KELUARGA CIBUBUR, JL. ALTERNATIF CIBUBUR, RT.002/RW.009, JATISAMPURNA, KEC. JATISAMPURNA, KOTA BKS, JAWA BARAT 17435","ID_PROV":"32","PROVINSI":"JAWA BARAT","ID_KABKOT":"32.75","KABKOT":"KOTA BEKASI","ID_KEC":"32.75.10","KECAMATAN":"JATISAMPURNA","ID_DESA":"32.75.10.1001","DESA":"JATISAMPURNA","LONGITUDE":"106.9186469","LATITUDE":"-6.375563","STATUS":"BUKA","TANGGAL PENGUMPULAN":"Q2 2025","TANGGAL UPDATE":"20/06/2025"}},{"type":"Feature","geometry":{"coordinates":[106.99262859999999,-6.2409612],"type":"Point"},"properties":{"NAMA":"ATM BCA","TIPE_1":"LAYANAN ATAU JASA","TIPE_2":"ATM","TIPE_3":"BCA","TELEPON":"","ALAMAT":"RS. MITRA KELUARGA BEKASI, JALAN JEND A. YANI LANTAI DASAR, RT.002/RW.011, KAYURINGIN JAYA, KEC. BEKASI SEL., KOTA BKS, JAWA BARAT 17144","ID_PROV":"32","PROVINSI":"JAWA BARAT","ID_KABKOT":"32.75","KABKOT":"KOTA BEKASI","ID_KEC":"32.75.04","KECAMATAN":"BEKASI SELATAN","ID_DESA":"32.75.04.1005","DESA":"KAYURINGINJAYA","LONGITUDE":"106.99262859999999","LATITUDE":"-6.2409612","STATUS":"BUKA","TANGGAL PENGUMPULAN":"Q2 2025","TANGGAL UPDATE":"20/06/2025"}},{"type":"Feature","geometry":{"coordinates":[107.0279603,-6.2816843],"type":"Point"},"properties":{"NAMA":"ATM BCA","TIPE_1":"LAYANAN ATAU JASA","TIPE_2":"ATM","TIPE_3":"BCA","TELEPON":"","ALAMAT":"RUKO PALAZZO, JL. SAKURA 2, RT.003/RW.031, MUSTIKAJAYA, KEC. BEKASI TIM., KOTA BKS, JAWA BARAT 17158","ID_PROV":"32","PROVINSI":"JAWA BARAT","ID_KABKOT":"32.75","KABKOT":"KOTA BEKASI","ID_KEC":"32.75.11","KECAMATAN":"MUSTIKAJAYA","ID_DESA":"32.75.11.1003","DESA":"MUSTIKAJAYA","LONGITUDE":"107.02796029999999","LATITUDE":"-6.281684299999999","STATUS":"BUKA","TANGGAL PENGUMPULAN":"Q2 2025","TANGGAL UPDATE":"20/06/2025"}},{"type":"Feature","geometry":{"coordinates":[107.0312417,-6.2845628],"type":"Point"},"properties":{"NAMA":"ATM BCA","TIPE_1":"LAYANAN ATAU JASA","TIPE_2":"ATM","TIPE_3":"BCA","TELEPON":"(021) 1500888","ALAMAT":"RUKO PERUMAHAN MUTIARA GADING TIM., JL. MUTIARA GADING TIMUR NO.2, RT.012/RW.029, MUSTIKAJAYA, KEC. MUSTIKA JAYA, KOTA BKS, JAWA BARAT 17158","ID_PROV":"32","PROVINSI":"JAWA BARAT","ID_KABKOT":"32.75","KABKOT":"KOTA BEKASI","ID_KEC":"32.75.11","KECAMATAN":"MUSTIKAJAYA","ID_DESA":"32.75.11.1003","DESA":"MUSTIKAJAYA","LONGITUDE":"107.0312417","LATITUDE":"-6.2845628","STATUS":"BUKA","TANGGAL PENGUMPULAN":"Q2 2025","TANGGAL UPDATE":"20/06/2025"}},{"type":"Feature","geometry":{"coordinates":[106.9808657,-6.1861071],"type":"Point"},"properties":{"NAMA":"ATM BCA","TIPE_1":"LAYANAN ATAU JASA","TIPE_2":"ATM","TIPE_3":"BCA","TELEPON":"","ALAMAT":"RUKO SENTRA NIAGA, JL. BOULEVARD HIJAU RAYA NO.56, RT.008/RW.030, PEJUANG, KECAMATAN MEDAN SATRIA, KOTA BKS, JAWA BARAT 17131","ID_PROV":"32","PROVINSI":"JAWA BARAT","ID_KABKOT":"32.75","KABKOT":"KOTA BEKASI","ID_KEC":"32.75.06","KECAMATAN":"MEDANSATRIA","ID_DESA":"32.75.06.1003","DESA":"PEJUANG","LONGITUDE":"106.9808657","LATITUDE":"-6.1861071","STATUS":"BUKA","TANGGAL PENGUMPULAN":"Q2 2025","TANGGAL UPDATE":"20/06/2025"}},{"type":"Feature","geometry":{"coordinates":[106.9905794,-6.1893313],"type":"Point"},"properties":{"NAMA":"ATM BCA","TIPE_1":"LAYANAN ATAU JASA","TIPE_2":"ATM","TIPE_3":"BCA","TELEPON":"","ALAMAT":"JL. KALIABANG BUNGUR, RT.004/RW.004, PEJUANG, KECAMATAN MEDAN SATRIA, KOTA BKS, JAWA BARAT 17131","ID_PROV":"32","PROVINSI":"JAWA BARAT","ID_KABKOT":"32.75","KABKOT":"KOTA BEKASI","ID_KEC":"32.75.06","KECAMATAN":"MEDANSATRIA","ID_DESA":"32.75.06.1003","DESA":"PEJUANG","LONGITUDE":"106.9905794","LATITUDE":"-6.1893313","STATUS":"BUKA","TANGGAL PENGUMPULAN":"Q2 2025","TANGGAL UPDATE":"20/06/2025"}},{"type":"Feature","geometry":{"coordinates":[106.9828188,-6.1777725],"type":"Point"},"properties":{"NAMA":"ATM BCA","TIPE_1":"LAYANAN ATAU JASA","TIPE_2":"ATM","TIPE_3":"BCA","TELEPON":"","ALAMAT":"JL. DAHLIA INDAH TIM, RT.003/RW.017, PEJUANG, KECAMATAN MEDAN SATRIA, KOTA BKS, JAWA BARAT 17131","ID_PROV":"32","PROVINSI":"JAWA BARAT","ID_KABKOT":"32.75","KABKOT":"KOTA BEKASI","ID_KEC":"32.75.06","KECAMATAN":"MEDANSATRIA","ID_DESA":"32.75.06.1003","DESA":"PEJUANG","LONGITUDE":"106.98281879999999","LATITUDE":"-6.1777725","STATUS":"BUKA","TANGGAL PENGUMPULAN":"Q2 2025","TANGGAL UPDATE":"20/06/2025"}},{"type":"Feature","geometry":{"coordinates":[107.0029252,-6.1801182],"type":"Point"},"properties":{"NAMA":"ATM BCA (ALFAMIDI)","TIPE_1":"LAYANAN ATAU JASA","TIPE_2":"ATM","TIPE_3":"BCA","TELEPON":"","ALAMAT":"ALFA MIDI, JL. RAYA PD. UNGU PERMAI, RT.010/RW.010, KALIABANG TENGAH, KEC. BEKASI UTARA, KOTA BKS, JAWA BARAT 17125","ID_PROV":"32","PROVINSI":"JAWA BARAT","ID_KABKOT":"32.75","KABKOT":"KOTA BEKASI","ID_KEC":"32.75.03","KECAMATAN":"BEKASI UTARA","ID_DESA":"32.75.03.1001","DESA":"KALIABANG TENGAH","LONGITUDE":"107.00292519999999","LATITUDE":"-6.1801182","STATUS":"BUKA","TANGGAL PENGUMPULAN":"Q2 2025","TANGGAL UPDATE":"20/06/2025"}},{"type":"Feature","geometry":{"coordinates":[106.9725375,-6.270179],"type":"Point"},"properties":{"NAMA":"ATM BCA (GROUND FLOOR)","TIPE_1":"LAYANAN ATAU JASA","TIPE_2":"ATM","TIPE_3":"BCA","TELEPON":"","ALAMAT":"RT.003/RW.017, JAKA SETIA, KEC. BEKASI SEL., KOTA BKS, JAWA BARAT 17148","ID_PROV":"32","PROVINSI":"JAWA BARAT","ID_KABKOT":"32.75","KABKOT":"KOTA BEKASI","ID_KEC":"32.75.04","KECAMATAN":"BEKASI SELATAN","ID_DESA":"32.75.04.1004","DESA":"JAKASETIA","LONGITUDE":"106.9725375","LATITUDE":"-6.270179","STATUS":"BUKA","TANGGAL PENGUMPULAN":"Q2 2025","TANGGAL UPDATE":"20/06/2025"}},{"type":"Feature","geometry":{"coordinates":[107.0002719,-6.261161],"type":"Point"},"properties":{"NAMA":"ATM BCA 471Y","TIPE_1":"LAYANAN ATAU JASA","TIPE_2":"ATM","TIPE_3":"BCA","TELEPON":"","ALAMAT":"RT.002/RW.001, SEPANJANG JAYA, KEC. RAWALUMBU, KOTA BKS, JAWA BARAT 17114","ID_PROV":"32","PROVINSI":"JAWA BARAT","ID_KABKOT":"32.75","KABKOT":"KOTA BEKASI","ID_KEC":"32.75.05","KECAMATAN":"RAWALUMBU","ID_DESA":"32.75.05.1003","DESA":"SEPANJANGJAYA","LONGITUDE":"107.0002719","LATITUDE":"-6.2611609999999995","STATUS":"BUKA","TANGGAL PENGUMPULAN":"Q2 2025","TANGGAL UPDATE":"20/06/2025"}},{"type":"Feature","geometry":{"coordinates":[106.929249,-6.3421511],"type":"Point"},"properties":{"NAMA":"ATM BCA ALFA MIDI","TIPE_1":"LAYANAN ATAU JASA","TIPE_2":"ATM","TIPE_3":"BCA","TELEPON":"","ALAMAT":"JL. RAYA PABUARAN NO.6, RT.004/RW.001, JATIRANGGON, KEC. JATISAMPURNA, KOTA BKS, JAWA BARAT 17432","ID_PROV":"32","PROVINSI":"JAWA BARAT","ID_KABKOT":"32.75","KABKOT":"KOTA BEKASI","ID_KEC":"32.75.10","KECAMATAN":"JATISAMPURNA","ID_DESA":"32.75.10.1003","DESA":"JATIRANGGON","LONGITUDE":"106.929249","LATITUDE":"-6.3421511","STATUS":"BUKA","TANGGAL PENGUMPULAN":"Q2 2025","TANGGAL UPDATE":"20/06/2025"}},{"type":"Feature","geometry":{"coordinates":[106.9295381,-6.3429478],"type":"Point"},"properties":{"NAMA":"ATM BCA ALFAMART","TIPE_1":"LAYANAN ATAU JASA","TIPE_2":"ATM","TIPE_3":"BCA","TELEPON":"(021) 1500888","ALAMAT":"JL. RAYA MESS AL, RT.004/RW.001, JATIRANGGON, KEC. JATISAMPURNA, KOTA BKS, JAWA BARAT 17454","ID_PROV":"32","PROVINSI":"JAWA BARAT","ID_KABKOT":"32.75","KABKOT":"KOTA BEKASI","ID_KEC":"32.75.10","KECAMATAN":"JATISAMPURNA","ID_DESA":"32.75.10.1003","DESA":"JATIRANGGON","LONGITUDE":"106.9295381","LATITUDE":"-6.3429478","STATUS":"BUKA","TANGGAL PENGUMPULAN":"Q2 2025","TANGGAL UPDATE":"20/06/2025"}},{"type":"Feature","geometry":{"coordinates":[106.9773718,-6.347529],"type":"Point"},"properties":{"NAMA":"ATM BCA ALFAMART","TIPE_1":"LAYANAN ATAU JASA","TIPE_2":"ATM","TIPE_3":"BCA","TELEPON":"","ALAMAT":"RT.002/RW.001, CIKETING UDIK, KEC. BANTAR GEBANG, KOTA BKS, JAWA BARAT 17153","ID_PROV":"32","PROVINSI":"JAWA BARAT","ID_KABKOT":"32.75","KABKOT":"KOTA BEKASI","ID_KEC":"32.75.07","KECAMATAN":"BANTARGEBANG","ID_DESA":"32.75.07.1007","DESA":"CIKETINGUDIK","LONGITUDE":"106.9773718","LATITUDE":"-6.347529","STATUS":"BUKA","TANGGAL PENGUMPULAN":"Q2 2025","TANGGAL UPDATE":"20/06/2025"}},{"type":"Feature","geometry":{"coordinates":[107.0324199,-6.243301],"type":"Point"},"properties":{"NAMA":"ATM BCA ALFAMART BUMI SETIA MEKAR","TIPE_1":"LAYANAN ATAU JASA","TIPE_2":"ATM","TIPE_3":"BCA","TELEPON":"","ALAMAT":"JL. NUSANTARA RAYA NO.10, RT.007/RW.011, AREN JAYA, KEC. BEKASI TIM., KOTA BKS, JAWA BARAT 17111","ID_PROV":"32","PROVINSI":"JAWA BARAT","ID_KABKOT":"32.75","KABKOT":"KOTA BEKASI","ID_KEC":"32.75.01","KECAMATAN":"BEKASI TIMUR","ID_DESA":"32.75.01.1004","DESA":"ARENJAYA","LONGITUDE":"107.0324199","LATITUDE":"-6.243301","STATUS":"BUKA","TANGGAL PENGUMPULAN":"Q2 2025","TANGGAL UPDATE":"20/06/2025"}},{"type":"Feature","geometry":{"coordinates":[106.968305,-6.250365],"type":"Point"},"properties":{"NAMA":"ATM BNI KLN TAMAN GALAXY","TIPE_1":"LAYANAN ATAU JASA","TIPE_2":"ATM","TIPE_3":"BNI","TELEPON":"(021) 57899999","ALAMAT":"RT.010/RW.006A, JAKASAMPURNA, KEC. BEKASI BAR., KOTA BKS, JAWA BARAT 17145","ID_PROV":"32","PROVINSI":"JAWA BARAT","ID_KABKOT":"32.75","KABKOT":"KOTA BEKASI","ID_KEC":"32.75.02","KECAMATAN":"BEKASI BARAT","ID_DESA":"32.75.02.1005","DESA":"JAKASAMPURNA","LONGITUDE":"106.968305","LATITUDE":"-6.2503649999999995","STATUS":"BUKA","TANGGAL PENGUMPULAN":"Q2 2025","TANGGAL UPDATE":"20/06/2025"}},{"type":"Feature","geometry":{"coordinates":[106.990986,-6.246944],"type":"Point"},"properties":{"NAMA":"ATM BNI LOTTEMART BEKASI","TIPE_1":"LAYANAN ATAU JASA","TIPE_2":"ATM","TIPE_3":"BNI","TELEPON":"(021) 57899999","ALAMAT":"RT.001/RW.005, MARGA JAYA, KEC. BEKASI SEL., KOTA BKS, JAWA BARAT 17144","ID_PROV":"32","PROVINSI":"JAWA BARAT","ID_KABKOT":"32.75","KABKOT":"KOTA BEKASI","ID_KEC":"32.75.04","KECAMATAN":"BEKASI SELATAN","ID_DESA":"32.75.04.1005","DESA":"KAYURINGINJAYA","LONGITUDE":"106.99098599999999","LATITUDE":"-6.246944","STATUS":"BUKA","TANGGAL PENGUMPULAN":"Q2 2025","TANGGAL UPDATE":"20/06/2025"}},{"type":"Feature","geometry":{"coordinates":[107.0010516,-6.2270338],"type":"Point"},"properties":{"NAMA":"ATM BNI MALL SUMMARECON-2","TIPE_1":"LAYANAN ATAU JASA","TIPE_2":"ATM","TIPE_3":"BNI","TELEPON":"(021) 57899999","ALAMAT":"JALAN BULEVARD AHMAD YANI BLOK M, RT.006/RW.002, MARGA MULYA, KEC. BEKASI UTARA, KOTA BKS, JAWA BARAT 17142","ID_PROV":"32","PROVINSI":"JAWA BARAT","ID_KABKOT":"32.75","KABKOT":"KOTA BEKASI","ID_KEC":"32.75.03","KECAMATAN":"BEKASI UTARA","ID_DESA":"32.75.03.1005","DESA":"MARGAMULYA","LONGITUDE":"107.0010516","LATITUDE":"-6.2270338","STATUS":"BUKA","TANGGAL PENGUMPULAN":"Q2 2025","TANGGAL UPDATE":"20/06/2025"}},{"type":"Feature","geometry":{"coordinates":[106.9867681,-6.2645778],"type":"Point"},"properties":{"NAMA":"ATM BNI NAGA SWALAYAN PEKAYON MINIMARKET","TIPE_1":"LAYANAN ATAU JASA","TIPE_2":"ATM","TIPE_3":"BNI","TELEPON":"(021) 57899999","ALAMAT":"JL. RAYA PEKAYON NO.KEL, RT.001/RW.020, PEKAYON JAYA, KEC. BEKASI SEL., KOTA BKS, JAWA BARAT 17148","ID_PROV":"32","PROVINSI":"JAWA BARAT","ID_KABKOT":"32.75","KABKOT":"KOTA BEKASI","ID_KEC":"32.75.04","KECAMATAN":"BEKASI SELATAN","ID_DESA":"32.75.04.1001","DESA":"PEKAYONJAYA","LONGITUDE":"106.98676809999999","LATITUDE":"-6.2645778","STATUS":"BUKA","TANGGAL PENGUMPULAN":"Q2 2025","TANGGAL UPDATE":"20/06/2025"}},{"type":"Feature","geometry":{"coordinates":[106.9860596,-6.2400817],"type":"Point"},"properties":{"NAMA":"ATM BNI RAYA MART 89 MINIMARKET","TIPE_1":"LAYANAN ATAU JASA","TIPE_2":"ATM","TIPE_3":"BNI","TELEPON":"(021) 57899999","ALAMAT":"JL. PIPIT II NO.KEL, RT.001/RW.024, KAYURINGIN JAYA, KEC. BEKASI SEL., KOTA BKS, JAWA BARAT 17144","ID_PROV":"32","PROVINSI":"JAWA BARAT","ID_KABKOT":"32.75","KABKOT":"KOTA BEKASI","ID_KEC":"32.75.04","KECAMATAN":"BEKASI SELATAN","ID_DESA":"32.75.04.1005","DESA":"KAYURINGINJAYA","LONGITUDE":"106.98605959999999","LATITUDE":"-6.240081699999999","STATUS":"BUKA","TANGGAL PENGUMPULAN":"Q2 2025","TANGGAL UPDATE":"20/06/2025"}},{"type":"Feature","geometry":{"coordinates":[106.9773953,-6.2109518],"type":"Point"},"properties":{"NAMA":"ATM BNI RS ANANDA PD UNGU","TIPE_1":"LAYANAN ATAU JASA","TIPE_2":"ATM","TIPE_3":"BNI","TELEPON":"(021) 57899999","ALAMAT":"RT.002/RW.001, MEDAN SATRIA, KECAMATAN MEDAN SATRIA, KOTA BKS, JAWA BARAT 17133","ID_PROV":"32","PROVINSI":"JAWA BARAT","ID_KABKOT":"32.75","KABKOT":"KOTA BEKASI","ID_KEC":"32.75.06","KECAMATAN":"MEDANSATRIA","ID_DESA":"32.75.06.1001","DESA":"MEDANSATRIA","LONGITUDE":"106.9773953","LATITUDE":"-6.2109518","STATUS":"BUKA","TANGGAL PENGUMPULAN":"Q2 2025","TANGGAL UPDATE":"20/06/2025"}},{"type":"Feature","geometry":{"coordinates":[106.9212396,-6.2964091],"type":"Point"},"properties":{"NAMA":"ATM BNI RS HELSA BEKASI","TIPE_1":"LAYANAN ATAU JASA","TIPE_2":"ATM","TIPE_3":"BNI","TELEPON":"(021) 57899999","ALAMAT":"JL. RAYA HANKAM NO.17, RT.003/RW.008, JATIRAHAYU, KEC. PD. MELATI, KOTA BKS, JAWA BARAT 17414","ID_PROV":"32","PROVINSI":"JAWA BARAT","ID_KABKOT":"32.75","KABKOT":"KOTA BEKASI","ID_KEC":"32.75.12","KECAMATAN":"PONDOKMELATI","ID_DESA":"32.75.12.1001","DESA":"JATIRAHAYU","LONGITUDE":"106.92123959999999","LATITUDE":"-6.2964091","STATUS":"BUKA","TANGGAL PENGUMPULAN":"Q2 2025","TANGGAL UPDATE":"20/06/2025"}},{"type":"Feature","geometry":{"coordinates":[107.0265063,-6.2427669],"type":"Point"},"properties":{"NAMA":"ATM BNI RS. SILOAM SENTOSA","TIPE_1":"LAYANAN ATAU JASA","TIPE_2":"ATM","TIPE_3":"BNI","TELEPON":"","ALAMAT":"RT.006/RW.004, DUREN JAYA, BEKASI TIMUR, BEKASI, WEST JAVA 17111","ID_PROV":"32","PROVINSI":"JAWA BARAT","ID_KABKOT":"32.75","KABKOT":"KOTA BEKASI","ID_KEC":"32.75.01","KECAMATAN":"BEKASI TIMUR","ID_DESA":"32.75.01.1003","DESA":"DURENJAYA","LONGITUDE":"107.0265063","LATITUDE":"-6.2427668999999995","STATUS":"BUKA","TANGGAL PENGUMPULAN":"Q2 2025","TANGGAL UPDATE":"20/06/2025"}},{"type":"Feature","geometry":{"coordinates":[106.9933438,-6.2710718],"type":"Point"},"properties":{"NAMA":"ATM BNI SPBU","TIPE_1":"LAYANAN ATAU JASA","TIPE_2":"ATM","TIPE_3":"BNI","TELEPON":"","ALAMAT":"RT.003/RW.005, SEPANJANG JAYA, KEC. RAWALUMBU, KOTA BKS, JAWA BARAT 17114","ID_PROV":"32","PROVINSI":"JAWA BARAT","ID_KABKOT":"32.75","KABKOT":"KOTA BEKASI","ID_KEC":"32.75.05","KECAMATAN":"RAWALUMBU","ID_DESA":"32.75.05.1003","DESA":"SEPANJANGJAYA","LONGITUDE":"106.99334379999999","LATITUDE":"-6.2710718","STATUS":"BUKA","TANGGAL PENGUMPULAN":"Q2 2025","TANGGAL UPDATE":"20/06/2025"}},{"type":"Feature","geometry":{"coordinates":[106.9648613,-6.2209768],"type":"Point"},"properties":{"NAMA":"ATM BNI SPBU BINTARA","TIPE_1":"LAYANAN ATAU JASA","TIPE_2":"ATM","TIPE_3":"BNI","TELEPON":"(021) 57899999","ALAMAT":"JL. I GUSTI NGURAH RAI NO.KEL, RT.007/RW.004, BINTARA, KEC. BEKASI BAR., KOTA BKS, JAWA BARAT 17134","ID_PROV":"32","PROVINSI":"JAWA BARAT","ID_KABKOT":"32.75","KABKOT":"KOTA BEKASI","ID_KEC":"32.75.02","KECAMATAN":"BEKASI BARAT","ID_DESA":"32.75.02.1001","DESA":"BINTARA","LONGITUDE":"106.9648613","LATITUDE":"-6.2209768","STATUS":"BUKA","TANGGAL PENGUMPULAN":"Q2 2025","TANGGAL UPDATE":"20/06/2025"}},{"type":"Feature","geometry":{"coordinates":[106.98899,-6.206793],"type":"Point"},"properties":{"NAMA":"ATM BNI SPBU JAYAKARTA","TIPE_1":"LAYANAN ATAU JASA","TIPE_2":"ATM","TIPE_3":"BNI","TELEPON":"(021) 57899999","ALAMAT":"RT.003/RW.005, HARAPAN JAYA, KEC. BEKASI UTARA, KOTA BKS, JAWA BARAT 17133","ID_PROV":"32","PROVINSI":"JAWA BARAT","ID_KABKOT":"32.75","KABKOT":"KOTA BEKASI","ID_KEC":"32.75.03","KECAMATAN":"BEKASI UTARA","ID_DESA":"32.75.03.1006","DESA":"HARAPANJAYA","LONGITUDE":"106.98899","LATITUDE":"-6.206792999999999","STATUS":"BUKA","TANGGAL PENGUMPULAN":"Q2 2025","TANGGAL UPDATE":"20/06/2025"}},{"type":"Feature","geometry":{"coordinates":[107.0037409,-6.203569],"type":"Point"},"properties":{"NAMA":"ATM BNI SPBU KALIABANG","TIPE_1":"LAYANAN ATAU JASA","TIPE_2":"ATM","TIPE_3":"BNI","TELEPON":"(021) 57899999","ALAMAT":"RT.001/RW.006, PERWIRA, KEC. BEKASI UTARA, KOTA BKS, JAWA BARAT 17134","ID_PROV":"32","PROVINSI":"JAWA BARAT","ID_KABKOT":"32.75","KABKOT":"KOTA BEKASI","ID_KEC":"32.75.03","KECAMATAN":"BEKASI UTARA","ID_DESA":"32.75.03.1002","DESA":"PERWIRA","LONGITUDE":"107.0037409","LATITUDE":"-6.203569","STATUS":"BUKA","TANGGAL PENGUMPULAN":"Q2 2025","TANGGAL UPDATE":"20/06/2025"}},{"type":"Feature","geometry":{"coordinates":[106.9781384,-6.3379237],"type":"Point"},"properties":{"NAMA":"ATM BNI SPBU PKL 4","TIPE_1":"LAYANAN ATAU JASA","TIPE_2":"ATM","TIPE_3":"BNI","TELEPON":"","ALAMAT":"RT.004/RW.001, CIKIWUL, KEC. BANTAR GEBANG, KOTA BKS, JAWA BARAT 17152","ID_PROV":"32","PROVINSI":"JAWA BARAT","ID_KABKOT":"32.75","KABKOT":"KOTA BEKASI","ID_KEC":"32.75.07","KECAMATAN":"BANTARGEBANG","ID_DESA":"32.75.07.1004","DESA":"CIKIWUL","LONGITUDE":"106.97813839999999","LATITUDE":"-6.337923699999999","STATUS":"BUKA","TANGGAL PENGUMPULAN":"Q2 2025","TANGGAL UPDATE":"20/06/2025"}},{"type":"Feature","geometry":{"coordinates":[106.9994599,-6.2361223],"type":"Point"},"properties":{"NAMA":"ATM BNI STASIUN BEKASI","TIPE_1":"LAYANAN ATAU JASA","TIPE_2":"ATM","TIPE_3":"BNI","TELEPON":"","ALAMAT":"JL. PUSDIKLAT RAYA NO.7, RT.001/RW.001, MARGA MULYA, BEKASI UTARA, BEKASI, WEST JAVA 17142","ID_PROV":"32","PROVINSI":"JAWA BARAT","ID_KABKOT":"32.75","KABKOT":"KOTA BEKASI","ID_KEC":"32.75.03","KECAMATAN":"BEKASI UTARA","ID_DESA":"32.75.03.1005","DESA":"MARGAMULYA","LONGITUDE":"106.99945989999999","LATITUDE":"-6.2361223","STATUS":"BUKA","TANGGAL PENGUMPULAN":"Q2 2025","TANGGAL UPDATE":"20/06/2025"}},{"type":"Feature","geometry":{"coordinates":[107.0234933,-6.2490728],"type":"Point"},"properties":{"NAMA":"ATM BNI SUPERINDO BULAK KAPAL","TIPE_1":"LAYANAN ATAU JASA","TIPE_2":"ATM","TIPE_3":"BNI","TELEPON":"(021) 1500046","ALAMAT":"JL. INSINYUR H. JUANDA NO.211, RT.002/RW.021, MARGAHAYU, KEC. BEKASI TIM., KOTA BKS, JAWA BARAT 17113","ID_PROV":"32","PROVINSI":"JAWA BARAT","ID_KABKOT":"32.75","KABKOT":"KOTA BEKASI","ID_KEC":"32.75.01","KECAMATAN":"BEKASI TIMUR","ID_DESA":"32.75.01.1003","DESA":"DURENJAYA","LONGITUDE":"107.0234933","LATITUDE":"-6.2490727999999995","STATUS":"BUKA","TANGGAL PENGUMPULAN":"Q2 2025","TANGGAL UPDATE":"20/06/2025"}},{"type":"Feature","geometry":{"coordinates":[107.03545779999999,-6.2859162],"type":"Point"},"properties":{"NAMA":"ATM BNI SUPERINDO MUSTIKA JAYA","TIPE_1":"LAYANAN ATAU JASA","TIPE_2":"ATM","TIPE_3":"BNI","TELEPON":"(021) 57899999","ALAMAT":"RT.002/RW.012, MUSTIKAJAYA, KEC. MUSTIKA JAYA, KOTA BKS, JAWA BARAT 17158","ID_PROV":"32","PROVINSI":"JAWA BARAT","ID_KABKOT":"32.75","KABKOT":"KOTA BEKASI","ID_KEC":"32.75.11","KECAMATAN":"MUSTIKAJAYA","ID_DESA":"32.75.11.1003","DESA":"MUSTIKAJAYA","LONGITUDE":"107.03545779999999","LATITUDE":"-6.2859162","STATUS":"BUKA","TANGGAL PENGUMPULAN":"Q2 2025","TANGGAL UPDATE":"20/06/2025"}},{"type":"Feature","geometry":{"coordinates":[107.0044911,-6.2545102],"type":"Point"},"properties":{"NAMA":"ATM BRI","TIPE_1":"LAYANAN ATAU JASA","TIPE_2":"ATM","TIPE_3":"BRI","TELEPON":"","ALAMAT":"ALFAMART, JL. DEWI SARTIKA, RT.005/RW.008, MARGAHAYU, KEC. BEKASI TIM., KOTA BKS, JAWA BARAT 17113","ID_PROV":"32","PROVINSI":"JAWA BARAT","ID_KABKOT":"32.75","KABKOT":"KOTA BEKASI","ID_KEC":"32.75.01","KECAMATAN":"BEKASI TIMUR","ID_DESA":"32.75.01.1002","DESA":"MARGAHAYU","LONGITUDE":"107.0044911","LATITUDE":"-6.2545101999999995","STATUS":"BUKA","TANGGAL PENGUMPULAN":"Q2 2025","TANGGAL UPDATE":"20/06/2025"}},{"type":"Feature","geometry":{"coordinates":[106.9824341,-6.210999],"type":"Point"},"properties":{"NAMA":"ATM BRI","TIPE_1":"LAYANAN ATAU JASA","TIPE_2":"ATM","TIPE_3":"BRI","TELEPON":"","ALAMAT":"HUB_CS24JAM(0831_6304_2424, JL. RW. BAMBU NO.25, RT.005/RW.016, HARAPAN JAYA, KEC. BEKASI UTARA, KOTA BKS, JAWA BARAT 17124","ID_PROV":"32","PROVINSI":"JAWA BARAT","ID_KABKOT":"32.75","KABKOT":"KOTA BEKASI","ID_KEC":"32.75.03","KECAMATAN":"BEKASI UTARA","ID_DESA":"32.75.03.1006","DESA":"HARAPANJAYA","LONGITUDE":"106.98243409999999","LATITUDE":"-6.210999","STATUS":"BUKA","TANGGAL PENGUMPULAN":"Q2 2025","TANGGAL UPDATE":"20/06/2025"}},{"type":"Feature","geometry":{"coordinates":[106.913196,-6.2858169],"type":"Point"},"properties":{"NAMA":"ATM BRI","TIPE_1":"LAYANAN ATAU JASA","TIPE_2":"ATM","TIPE_3":"BRI","TELEPON":"","ALAMAT":"INDOMARET, JL. RAYA HANKAM NO.2 12, RT.002/RW.002, JATIRAHAYU, KEC. BEKASI SEL., KOTA BKS, JAWA BARAT 17414","ID_PROV":"32","PROVINSI":"JAWA BARAT","ID_KABKOT":"32.75","KABKOT":"KOTA BEKASI","ID_KEC":"32.75.12","KECAMATAN":"PONDOKMELATI","ID_DESA":"32.75.12.1001","DESA":"JATIRAHAYU","LONGITUDE":"106.913196","LATITUDE":"-6.2858168999999995","STATUS":"BUKA","TANGGAL PENGUMPULAN":"Q2 2025","TANGGAL UPDATE":"20/06/2025"}},{"type":"Feature","geometry":{"coordinates":[106.9582604,-6.2986159],"type":"Point"},"properties":{"NAMA":"ATM BRI","TIPE_1":"LAYANAN ATAU JASA","TIPE_2":"ATM","TIPE_3":"BRI","TELEPON":"(021) 1500959","ALAMAT":"INDOMARET, JL. WIBAWA MUKTI II, RT.004/RW.006, JATIASIH, KEC. JATIASIH, KOTA BKS, JAWA BARAT 17423","ID_PROV":"32","PROVINSI":"JAWA BARAT","ID_KABKOT":"32.75","KABKOT":"KOTA BEKASI","ID_KEC":"32.75.09","KECAMATAN":"JATIASIH","ID_DESA":"32.75.09.1002","DESA":"JATIASIH","LONGITUDE":"106.9582604","LATITUDE":"-6.2986159","STATUS":"BUKA","TANGGAL PENGUMPULAN":"Q2 2025","TANGGAL UPDATE":"20/06/2025"}},{"type":"Feature","geometry":{"coordinates":[106.9310457,-6.3810332],"type":"Point"},"properties":{"NAMA":"ATM BRI","TIPE_1":"LAYANAN ATAU JASA","TIPE_2":"ATM","TIPE_3":"BRI","TELEPON":"","ALAMAT":"JL. ALTERNATIF CIBUBUR NO.41, RT.003/RW.001, NAGRAK, KEC. GN. PUTRI, KABUPATEN BOGOR, JAWA BARAT 17435","ID_PROV":"32","PROVINSI":"JAWA BARAT","ID_KABKOT":"32.75","KABKOT":"KOTA BEKASI","ID_KEC":"32.75.10","KECAMATAN":"JATISAMPURNA","ID_DESA":"32.75.10.1004","DESA":"JATIRANGGA","LONGITUDE":"106.9310457","LATITUDE":"-6.3810332","STATUS":"BUKA","TANGGAL PENGUMPULAN":"Q2 2025","TANGGAL UPDATE":"20/06/2025"}},{"type":"Feature","geometry":{"coordinates":[106.9118522,-6.3760532],"type":"Point"},"properties":{"NAMA":"ATM BRI","TIPE_1":"LAYANAN ATAU JASA","TIPE_2":"ATM","TIPE_3":"BRI","TELEPON":"","ALAMAT":"JL. ALTERNATIF CIBUBUR NO.43, RT.001/RW.002, JATIKARYA, KEC. JATISAMPURNA, KOTA BKS, JAWA BARAT 17435","ID_PROV":"32","PROVINSI":"JAWA BARAT","ID_KABKOT":"32.75","KABKOT":"KOTA BEKASI","ID_KEC":"32.75.10","KECAMATAN":"JATISAMPURNA","ID_DESA":"32.75.10.1002","DESA":"JATIKARYA","LONGITUDE":"106.9118522","LATITUDE":"-6.376053199999999","STATUS":"BUKA","TANGGAL PENGUMPULAN":"Q2 2025","TANGGAL UPDATE":"20/06/2025"}},{"type":"Feature","geometry":{"coordinates":[106.9475493,-6.2461256],"type":"Point"},"properties":{"NAMA":"ATM BRI","TIPE_1":"LAYANAN ATAU JASA","TIPE_2":"ATM","TIPE_3":"BRI","TELEPON":"","ALAMAT":"JL. BINTARA JAYA NO.20, RT.13/RW.003, BINTARA JAYA, KEC. BEKASI BAR., KOTA BKS, JAWA BARAT 17136","ID_PROV":"32","PROVINSI":"JAWA BARAT","ID_KABKOT":"32.75","KABKOT":"KOTA BEKASI","ID_KEC":"32.75.02","KECAMATAN":"BEKASI BARAT","ID_DESA":"32.75.02.1004","DESA":"BINTARAJAYA","LONGITUDE":"106.94754929999999","LATITUDE":"-6.2461256","STATUS":"BUKA","TANGGAL PENGUMPULAN":"Q2 2025","TANGGAL UPDATE":"20/06/2025"}},{"type":"Feature","geometry":{"coordinates":[106.945712,-6.2492372],"type":"Point"},"properties":{"NAMA":"ATM BRI","TIPE_1":"LAYANAN ATAU JASA","TIPE_2":"ATM","TIPE_3":"BRI","TELEPON":"","ALAMAT":"JL. BINTARA JAYA NO.9E, RT.004/RW.003, BINTARA JAYA, KEC. BEKASI BAR., KOTA BKS, JAWA BARAT 17136","ID_PROV":"32","PROVINSI":"JAWA BARAT","ID_KABKOT":"32.75","KABKOT":"KOTA BEKASI","ID_KEC":"32.75.02","KECAMATAN":"BEKASI BARAT","ID_DESA":"32.75.02.1004","DESA":"BINTARAJAYA","LONGITUDE":"106.945712","LATITUDE":"-6.2492372","STATUS":"BUKA","TANGGAL PENGUMPULAN":"Q2 2025","TANGGAL UPDATE":"20/06/2025"}},{"type":"Feature","geometry":{"coordinates":[106.9702908,-6.2341342],"type":"Point"},"properties":{"NAMA":"ATM BRI","TIPE_1":"LAYANAN ATAU JASA","TIPE_2":"ATM","TIPE_3":"BRI","TELEPON":"","ALAMAT":"JL. BINTARA NO.33B, RT.003/RW.012, KRANJI, KEC. BEKASI BAR., KOTA BKS, JAWA BARAT 17134","ID_PROV":"32","PROVINSI":"JAWA BARAT","ID_KABKOT":"32.75","KABKOT":"KOTA BEKASI","ID_KEC":"32.75.02","KECAMATAN":"BEKASI BARAT","ID_DESA":"32.75.02.1002","DESA":"KRANJI","LONGITUDE":"106.9702908","LATITUDE":"-6.2341342","STATUS":"BUKA","TANGGAL PENGUMPULAN":"Q2 2025","TANGGAL UPDATE":"20/06/2025"}},{"type":"Feature","geometry":{"coordinates":[106.9486347,-6.2389486],"type":"Point"},"properties":{"NAMA":"ATM BRI","TIPE_1":"LAYANAN ATAU JASA","TIPE_2":"ATM","TIPE_3":"BRI","TELEPON":"","ALAMAT":"JL. BINTARA, BINTARA, KEC. BEKASI BAR., KOTA BKS, JAWA BARAT 17136","ID_PROV":"32","PROVINSI":"JAWA BARAT","ID_KABKOT":"32.75","KABKOT":"KOTA BEKASI","ID_KEC":"32.75.02","KECAMATAN":"BEKASI BARAT","ID_DESA":"32.75.02.1004","DESA":"BINTARAJAYA","LONGITUDE":"106.9486347","LATITUDE":"-6.2389486","STATUS":"BUKA","TANGGAL PENGUMPULAN":"Q2 2025","TANGGAL UPDATE":"20/06/2025"}},{"type":"Feature","geometry":{"coordinates":[106.9473781,-6.3477682],"type":"Point"},"properties":{"NAMA":"ATM BRI","TIPE_1":"LAYANAN ATAU JASA","TIPE_2":"ATM","TIPE_3":"BRI","TELEPON":"","ALAMAT":"JL. DIRGANTARA RAYA AC NO.1, RT.001/RW.008, JATISARI, KEC. JATIASIH, KOTA BKS, JAWA BARAT 17426","ID_PROV":"32","PROVINSI":"JAWA BARAT","ID_KABKOT":"32.75","KABKOT":"KOTA BEKASI","ID_KEC":"32.75.09","KECAMATAN":"JATIASIH","ID_DESA":"32.75.09.1006","DESA":"JATISARI","LONGITUDE":"106.9473781","LATITUDE":"-6.3477682","STATUS":"BUKA","TANGGAL PENGUMPULAN":"Q2 2025","TANGGAL UPDATE":"20/06/2025"}},{"type":"Feature","geometry":{"coordinates":[106.976509,-6.1847273],"type":"Point"},"properties":{"NAMA":"ATM BRI","TIPE_1":"LAYANAN ATAU JASA","TIPE_2":"ATM","TIPE_3":"BRI","TELEPON":"","ALAMAT":"JL. HARAPAN INDAH BOULEVARD NO.10-12, RT.004/RW.030, MEDAN SATRIA, KECAMATAN MEDAN SATRIA, KOTA BKS, JAWA BARAT 17132","ID_PROV":"32","PROVINSI":"JAWA BARAT","ID_KABKOT":"32.75","KABKOT":"KOTA BEKASI","ID_KEC":"32.75.06","KECAMATAN":"MEDANSATRIA","ID_DESA":"32.75.06.1001","DESA":"MEDANSATRIA","LONGITUDE":"106.976509","LATITUDE":"-6.1847273","STATUS":"BUKA","TANGGAL PENGUMPULAN":"Q2 2025","TANGGAL UPDATE":"20/06/2025"}},{"type":"Feature","geometry":{"coordinates":[106.9929701,-6.2562529],"type":"Point"},"properties":{"NAMA":"ATM BRI","TIPE_1":"LAYANAN ATAU JASA","TIPE_2":"ATM","TIPE_3":"BRI","TELEPON":"(021) 57987400","ALAMAT":"JL. JEND. AHMAD YANI, SEPANJANG JAYA, 18 SEPANJANG JAYA, 17114 BEKASI, JAWA BARAT, RT.005, RT.005/RW.001, MARGA JAYA, KEC. BEKASI SEL., KOTA BKS, JAWA BARAT 17141","ID_PROV":"32","PROVINSI":"JAWA BARAT","ID_KABKOT":"32.75","KABKOT":"KOTA BEKASI","ID_KEC":"32.75.04","KECAMATAN":"BEKASI SELATAN","ID_DESA":"32.75.04.1002","DESA":"MARGAJAYA","LONGITUDE":"106.9929701","LATITUDE":"-6.2562529","STATUS":"BUKA","TANGGAL PENGUMPULAN":"Q2 2025","TANGGAL UPDATE":"20/06/2025"}},{"type":"Feature","geometry":{"coordinates":[106.994561,-6.2413398],"type":"Point"},"properties":{"NAMA":"ATM BRI","TIPE_1":"LAYANAN ATAU JASA","TIPE_2":"ATM","TIPE_3":"BRI","TELEPON":"","ALAMAT":"JL. KEMAKMURAN, RT.004/RW.003, MARGA JAYA, KEC. BEKASI SEL., KOTA BKS, JAWA BARAT 17141","ID_PROV":"32","PROVINSI":"JAWA BARAT","ID_KABKOT":"32.75","KABKOT":"KOTA BEKASI","ID_KEC":"32.75.04","KECAMATAN":"BEKASI SELATAN","ID_DESA":"32.75.04.1002","DESA":"MARGAJAYA","LONGITUDE":"106.99456099999999","LATITUDE":"-6.2413397999999995","STATUS":"BUKA","TANGGAL PENGUMPULAN":"Q2 2025","TANGGAL UPDATE":"20/06/2025"}},{"type":"Feature","geometry":{"coordinates":[106.9895176,-6.2769753],"type":"Point"},"properties":{"NAMA":"ATM BRI","TIPE_1":"LAYANAN ATAU JASA","TIPE_2":"ATM","TIPE_3":"BRI","TELEPON":"","ALAMAT":"JL. KEMANG JL. PRATAMA 3 NO.AN 8, BOJONG RAWALUMBU, KEC. RAWALUMBU, KOTA BKS, JAWA BARAT 17116","ID_PROV":"32","PROVINSI":"JAWA BARAT","ID_KABKOT":"32.75","KABKOT":"KOTA BEKASI","ID_KEC":"32.75.05","KECAMATAN":"RAWALUMBU","ID_DESA":"32.75.05.1001","DESA":"BOJONG RAWALUMBU","LONGITUDE":"106.9895176","LATITUDE":"-6.2769753","STATUS":"BUKA","TANGGAL PENGUMPULAN":"Q2 2025","TANGGAL UPDATE":"20/06/2025"}},{"type":"Feature","geometry":{"coordinates":[106.936844,-6.2724945],"type":"Point"},"properties":{"NAMA":"ATM BRI","TIPE_1":"LAYANAN ATAU JASA","TIPE_2":"ATM","TIPE_3":"BRI","TELEPON":"","ALAMAT":"JL. KEMANG SARI NO.5, RT.003/RW.007, JATIMAKMUR, KEC. PD. GEDE, KOTA BKS, JAWA BARAT 17421","ID_PROV":"32","PROVINSI":"JAWA BARAT","ID_KABKOT":"32.75","KABKOT":"KOTA BEKASI","ID_KEC":"32.75.08","KECAMATAN":"PONDOKGEDE","ID_DESA":"32.75.08.1006","DESA":"JATIBENING BARU","LONGITUDE":"106.936844","LATITUDE":"-6.2724945","STATUS":"BUKA","TANGGAL PENGUMPULAN":"Q2 2025","TANGGAL UPDATE":"20/06/2025"}},{"type":"Feature","geometry":{"coordinates":[107.00807479999999,-6.2823652],"type":"Point"},"properties":{"NAMA":"ATM BRI","TIPE_1":"LAYANAN ATAU JASA","TIPE_2":"ATM","TIPE_3":"BRI","TELEPON":"(021) 14017","ALAMAT":"JL. NAROGONG SAKTI I BLOK D48 NO.9, RT.006/RW.023, PENGASINAN, RAWA LUMBU, BEKASI, WEST JAVA 17116","ID_PROV":"32","PROVINSI":"JAWA BARAT","ID_KABKOT":"32.75","KABKOT":"KOTA BEKASI","ID_KEC":"32.75.05","KECAMATAN":"RAWALUMBU","ID_DESA":"32.75.05.1002","DESA":"PENGASINAN","LONGITUDE":"107.00807479999999","LATITUDE":"-6.2823652","STATUS":"BUKA","TANGGAL PENGUMPULAN":"Q2 2025","TANGGAL UPDATE":"20/06/2025"}},{"type":"Feature","geometry":{"coordinates":[106.9324733,-6.3043097],"type":"Point"},"properties":{"NAMA":"ATM BRI","TIPE_1":"LAYANAN ATAU JASA","TIPE_2":"ATM","TIPE_3":"BRI","TELEPON":"","ALAMAT":"JL. PASAR KECAPI NO.2, RT.004/RW.001, JATIWARNA, KEC. PD. MELATI, KOTA BKS, JAWA BARAT 17415","ID_PROV":"32","PROVINSI":"JAWA BARAT","ID_KABKOT":"32.75","KABKOT":"KOTA BEKASI","ID_KEC":"32.75.12","KECAMATAN":"PONDOKMELATI","ID_DESA":"32.75.12.1002","DESA":"JATIWARNA","LONGITUDE":"106.9324733","LATITUDE":"-6.3043097","STATUS":"BUKA","TANGGAL PENGUMPULAN":"Q2 2025","TANGGAL UPDATE":"20/06/2025"}},{"type":"Feature","geometry":{"coordinates":[106.9674819,-6.2439999],"type":"Point"},"properties":{"NAMA":"ATM BRI","TIPE_1":"LAYANAN ATAU JASA","TIPE_2":"ATM","TIPE_3":"BRI","TELEPON":"","ALAMAT":"JL. PATRIOT NO.9, RT.005/RW.003, JAKASAMPURNA, KEC. BEKASI BAR., KOTA BKS, JAWA BARAT 17145","ID_PROV":"32","PROVINSI":"JAWA BARAT","ID_KABKOT":"32.75","KABKOT":"KOTA BEKASI","ID_KEC":"32.75.02","KECAMATAN":"BEKASI BARAT","ID_DESA":"32.75.02.1005","DESA":"JAKASAMPURNA","LONGITUDE":"106.9674819","LATITUDE":"-6.2439998999999995","STATUS":"BUKA","TANGGAL PENGUMPULAN":"Q2 2025","TANGGAL UPDATE":"20/06/2025"}},{"type":"Feature","geometry":{"coordinates":[106.9656117,-6.2466489],"type":"Point"},"properties":{"NAMA":"ATM BRI","TIPE_1":"LAYANAN ATAU JASA","TIPE_2":"ATM","TIPE_3":"BRI","TELEPON":"","ALAMAT":"JL. PATRIOT, RT.002/RW.003, JAKASAMPURNA, KEC. BEKASI BAR., KOTA BKS, JAWA BARAT 17145","ID_PROV":"32","PROVINSI":"JAWA BARAT","ID_KABKOT":"32.75","KABKOT":"KOTA BEKASI","ID_KEC":"32.75.02","KECAMATAN":"BEKASI BARAT","ID_DESA":"32.75.02.1005","DESA":"JAKASAMPURNA","LONGITUDE":"106.9656117","LATITUDE":"-6.246648899999999","STATUS":"BUKA","TANGGAL PENGUMPULAN":"Q2 2025","TANGGAL UPDATE":"20/06/2025"}},{"type":"Feature","geometry":{"coordinates":[106.9891232,-6.1829621],"type":"Point"},"properties":{"NAMA":"ATM BRI","TIPE_1":"LAYANAN ATAU JASA","TIPE_2":"ATM","TIPE_3":"BRI","TELEPON":"","ALAMAT":"JL. PERMATA HARAPAN BARU NO.56, RT.002/RW.014, PEJUANG, KECAMATAN MEDAN SATRIA, KOTA BKS, JAWA BARAT 17131","ID_PROV":"32","PROVINSI":"JAWA BARAT","ID_KABKOT":"32.75","KABKOT":"KOTA BEKASI","ID_KEC":"32.75.06","KECAMATAN":"MEDANSATRIA","ID_DESA":"32.75.06.1003","DESA":"PEJUANG","LONGITUDE":"106.9891232","LATITUDE":"-6.1829621","STATUS":"BUKA","TANGGAL PENGUMPULAN":"Q2 2025","TANGGAL UPDATE":"20/06/2025"}},{"type":"Feature","geometry":{"coordinates":[106.9727674,-6.2596028],"type":"Point"},"properties":{"NAMA":"ATM BRI","TIPE_1":"LAYANAN ATAU JASA","TIPE_2":"ATM","TIPE_3":"BRI","TELEPON":"","ALAMAT":"JL. PULO SIRIH UTAMA, RT.009/RW.014, PEKAYON JAYA, KEC. BEKASI SEL., KOTA BKS, JAWA BARAT 17147","ID_PROV":"32","PROVINSI":"JAWA BARAT","ID_KABKOT":"32.75","KABKOT":"KOTA BEKASI","ID_KEC":"32.75.04","KECAMATAN":"BEKASI SELATAN","ID_DESA":"32.75.04.1001","DESA":"PEKAYONJAYA","LONGITUDE":"106.9727674","LATITUDE":"-6.2596028","STATUS":"BUKA","TANGGAL PENGUMPULAN":"Q2 2025","TANGGAL UPDATE":"20/06/2025"}},{"type":"Feature","geometry":{"coordinates":[106.94982429999999,-6.2631304],"type":"Point"},"properties":{"NAMA":"ATM BRI","TIPE_1":"LAYANAN ATAU JASA","TIPE_2":"ATM","TIPE_3":"BRI","TELEPON":"","ALAMAT":"JL. RATNA - JATIBENING NO.70, RT.001/RW.001, JATIBENING, KEC. PD. GEDE, KOTA BKS, JAWA BARAT 17412","ID_PROV":"32","PROVINSI":"JAWA BARAT","ID_KABKOT":"32.75","KABKOT":"KOTA BEKASI","ID_KEC":"32.75.08","KECAMATAN":"PONDOKGEDE","ID_DESA":"32.75.08.1002","DESA":"JATIBENING","LONGITUDE":"106.94982429999999","LATITUDE":"-6.2631304","STATUS":"BUKA","TANGGAL PENGUMPULAN":"Q2 2025","TANGGAL UPDATE":"20/06/2025"}},{"type":"Feature","geometry":{"coordinates":[106.9234189,-6.3352696],"type":"Point"},"properties":{"NAMA":"ATM BRI","TIPE_1":"LAYANAN ATAU JASA","TIPE_2":"ATM","TIPE_3":"BRI","TELEPON":"","ALAMAT":"JL. RAYA HANKAM NO.99, RT.003/RW.1, JATIRANGGON, KEC. JATISAMPURNA, KOTA BKS, JAWA BARAT 17415","ID_PROV":"32","PROVINSI":"JAWA BARAT","ID_KABKOT":"32.75","KABKOT":"KOTA BEKASI","ID_KEC":"32.75.10","KECAMATAN":"JATISAMPURNA","ID_DESA":"32.75.10.1003","DESA":"JATIRANGGON","LONGITUDE":"106.9234189","LATITUDE":"-6.335269599999999","STATUS":"BUKA","TANGGAL PENGUMPULAN":"Q2 2025","TANGGAL UPDATE":"20/06/2025"}},{"type":"Feature","geometry":{"coordinates":[106.9239099,-6.3194707],"type":"Point"},"properties":{"NAMA":"ATM BRI","TIPE_1":"LAYANAN ATAU JASA","TIPE_2":"ATM","TIPE_3":"BRI","TELEPON":"","ALAMAT":"JL. RAYA HANKAM, RT.001/RW.4, JATIMURNI, KEC. BEKASI BAR., KOTA BKS, JAWA BARAT 17415","ID_PROV":"32","PROVINSI":"JAWA BARAT","ID_KABKOT":"32.75","KABKOT":"KOTA BEKASI","ID_KEC":"32.75.12","KECAMATAN":"PONDOKMELATI","ID_DESA":"32.75.12.1004","DESA":"JATIMURNI","LONGITUDE":"106.9239099","LATITUDE":"-6.3194707","STATUS":"BUKA","TANGGAL PENGUMPULAN":"Q2 2025","TANGGAL UPDATE":"20/06/2025"}},{"type":"Feature","geometry":{"coordinates":[106.9375833,-6.2863927],"type":"Point"},"properties":{"NAMA":"ATM BRI","TIPE_1":"LAYANAN ATAU JASA","TIPE_2":"ATM","TIPE_3":"BRI","TELEPON":"(021) 1500017","ALAMAT":"JL. RAYA JATIKRAMAT NO.53F, RT.002/RW.011, JATIMAKMUR, KEC. PD. GEDE, KOTA BKS, JAWA BARAT 17413","ID_PROV":"32","PROVINSI":"JAWA BARAT","ID_KABKOT":"32.75","KABKOT":"KOTA BEKASI","ID_KEC":"32.75.09","KECAMATAN":"JATIASIH","ID_DESA":"32.75.09.1003","DESA":"JATIKRAMAT","LONGITUDE":"106.9375833","LATITUDE":"-6.2863926999999995","STATUS":"BUKA","TANGGAL PENGUMPULAN":"Q2 2025","TANGGAL UPDATE":"20/06/2025"}},{"type":"Feature","geometry":{"coordinates":[106.9362509,-6.3274957],"type":"Point"},"properties":{"NAMA":"ATM BRI","TIPE_1":"LAYANAN ATAU JASA","TIPE_2":"ATM","TIPE_3":"BRI","TELEPON":"","ALAMAT":"JL. RAYA KP. SAWAH NO.88, RT.005/RW.002, JATIMURNI, PONDOK MELATI, BEKASI, WEST JAVA 17431","ID_PROV":"32","PROVINSI":"JAWA BARAT","ID_KABKOT":"32.75","KABKOT":"KOTA BEKASI","ID_KEC":"32.75.12","KECAMATAN":"PONDOKMELATI","ID_DESA":"32.75.12.1004","DESA":"JATIMURNI","LONGITUDE":"106.93625089999999","LATITUDE":"-6.3274957","STATUS":"BUKA","TANGGAL PENGUMPULAN":"Q2 2025","TANGGAL UPDATE":"20/06/2025"}},{"type":"Feature","geometry":{"coordinates":[106.9294829,-6.3405974],"type":"Point"},"properties":{"NAMA":"ATM BRI","TIPE_1":"LAYANAN ATAU JASA","TIPE_2":"ATM","TIPE_3":"BRI","TELEPON":"","ALAMAT":"JL. RAYA PABUARAN NO.16, RT.001/RW.002, JATIRANGGON, JATISAMPURNA, BEKASI, WEST JAVA 17432","ID_PROV":"32","PROVINSI":"JAWA BARAT","ID_KABKOT":"32.75","KABKOT":"KOTA BEKASI","ID_KEC":"32.75.10","KECAMATAN":"JATISAMPURNA","ID_DESA":"32.75.10.1003","DESA":"JATIRANGGON","LONGITUDE":"106.9294829","LATITUDE":"-6.3405974","STATUS":"BUKA","TANGGAL PENGUMPULAN":"Q2 2025","TANGGAL UPDATE":"20/06/2025"}},{"type":"Feature","geometry":{"coordinates":[107.0230046,-6.2221398],"type":"Point"},"properties":{"NAMA":"ATM BRI","TIPE_1":"LAYANAN ATAU JASA","TIPE_2":"ATM","TIPE_3":"BRI","TELEPON":"","ALAMAT":"JL. RAYA PERJUANGAN NO.6, RT.001/RW.031, TLK. PUCUNG, KEC. BEKASI UTARA, KOTA BKS, JAWA BARAT 17121","ID_PROV":"32","PROVINSI":"JAWA BARAT","ID_KABKOT":"32.75","KABKOT":"KOTA BEKASI","ID_KEC":"32.75.03","KECAMATAN":"BEKASI UTARA","ID_DESA":"32.75.03.1004","DESA":"TELUK PUCUNG","LONGITUDE":"107.0230046","LATITUDE":"-6.2221398","STATUS":"BUKA","TANGGAL PENGUMPULAN":"Q2 2025","TANGGAL UPDATE":"20/06/2025"}},{"type":"Feature","geometry":{"coordinates":[106.9249203,-6.3637936],"type":"Point"},"properties":{"NAMA":"ATM BRI","TIPE_1":"LAYANAN ATAU JASA","TIPE_2":"ATM","TIPE_3":"BRI","TELEPON":"","ALAMAT":"JL. RAYA PS. KRANGGAN NO.5, RT.004/RW.004, JATISAMPURNA, KEC. JATISAMPURNA, KOTA BKS, JAWA BARAT 17433","ID_PROV":"32","PROVINSI":"JAWA BARAT","ID_KABKOT":"32.75","KABKOT":"KOTA BEKASI","ID_KEC":"32.75.10","KECAMATAN":"JATISAMPURNA","ID_DESA":"32.75.10.1001","DESA":"JATISAMPURNA","LONGITUDE":"106.9249203","LATITUDE":"-6.363793599999999","STATUS":"BUKA","TANGGAL PENGUMPULAN":"Q2 2025","TANGGAL UPDATE":"20/06/2025"}},{"type":"Feature","geometry":{"coordinates":[106.9257365,-6.3470982],"type":"Point"},"properties":{"NAMA":"ATM BRI","TIPE_1":"LAYANAN ATAU JASA","TIPE_2":"ATM","TIPE_3":"BRI","TELEPON":"","ALAMAT":"JL. RW. DOLAR NO.73, RT.003/RW.007, JATIRADEN, JATISAMPURNA, BEKASI, WEST JAVA 17433","ID_PROV":"32","PROVINSI":"JAWA BARAT","ID_KABKOT":"32.75","KABKOT":"KOTA BEKASI","ID_KEC":"32.75.10","KECAMATAN":"JATISAMPURNA","ID_DESA":"32.75.10.1005","DESA":"JATIRADEN","LONGITUDE":"106.9257365","LATITUDE":"-6.3470982","STATUS":"BUKA","TANGGAL PENGUMPULAN":"Q2 2025","TANGGAL UPDATE":"20/06/2025"}},{"type":"Feature","geometry":{"coordinates":[107.0278681,-6.2815122],"type":"Point"},"properties":{"NAMA":"ATM BRI","TIPE_1":"LAYANAN ATAU JASA","TIPE_2":"ATM","TIPE_3":"BRI","TELEPON":"","ALAMAT":"JL. SAKURA 2 BLOK A.1 NO.11, RT.003/RW.031, MUSTIKAJAYA, MUSTIKA JAYA, BEKASI, WEST JAVA 17158","ID_PROV":"32","PROVINSI":"JAWA BARAT","ID_KABKOT":"32.75","KABKOT":"KOTA BEKASI","ID_KEC":"32.75.11","KECAMATAN":"MUSTIKAJAYA","ID_DESA":"32.75.11.1003","DESA":"MUSTIKAJAYA","LONGITUDE":"107.02786809999999","LATITUDE":"-6.2815122","STATUS":"BUKA","TANGGAL PENGUMPULAN":"Q2 2025","TANGGAL UPDATE":"20/06/2025"}},{"type":"Feature","geometry":{"coordinates":[106.9080244,-6.2631463],"type":"Point"},"properties":{"NAMA":"ATM BRI","TIPE_1":"LAYANAN ATAU JASA","TIPE_2":"ATM","TIPE_3":"BRI","TELEPON":"","ALAMAT":"JL. UNKRIS NO.33, RT.009/RW.005, JATICEMPAKA, KEC. PD. GEDE, KOTA BKS, JAWA BARAT 17411","ID_PROV":"32","PROVINSI":"JAWA BARAT","ID_KABKOT":"32.75","KABKOT":"KOTA BEKASI","ID_KEC":"32.75.08","KECAMATAN":"PONDOKGEDE","ID_DESA":"32.75.08.1007","DESA":"JATICEMPAKA","LONGITUDE":"106.9080244","LATITUDE":"-6.2631463","STATUS":"BUKA","TANGGAL PENGUMPULAN":"Q2 2025","TANGGAL UPDATE":"20/06/2025"}},{"type":"Feature","geometry":{"coordinates":[107.0225748,-6.3101069],"type":"Point"},"properties":{"NAMA":"ATM BRI","TIPE_1":"LAYANAN ATAU JASA","TIPE_2":"ATM","TIPE_3":"BRI","TELEPON":"","ALAMAT":"JL. ZAMRUD UTARA, RT.010/RW.011, PADURENAN, KEC. MUSTIKA JAYA, KABUPATEN BEKASI, JAWA BARAT 16340","ID_PROV":"32","PROVINSI":"JAWA BARAT","ID_KABKOT":"32.75","KABKOT":"KOTA BEKASI","ID_KEC":"32.75.11","KECAMATAN":"MUSTIKAJAYA","ID_DESA":"32.75.11.1001","DESA":"PADURENAN","LONGITUDE":"107.0225748","LATITUDE":"-6.3101069","STATUS":"BUKA","TANGGAL PENGUMPULAN":"Q2 2025","TANGGAL UPDATE":"20/06/2025"}},{"type":"Feature","geometry":{"coordinates":[106.91063,-6.392093],"type":"Point"},"properties":{"NAMA":"ATM BRI","TIPE_1":"LAYANAN ATAU JASA","TIPE_2":"ATM","TIPE_3":"BRI","TELEPON":"","ALAMAT":"JL. RAYA LEUWINANGGUNG, RT.009/RW.014, JATIKARYA, KEC. JATISAMPURNA, KOTA BKS, JAWA BARAT 17435","ID_PROV":"32","PROVINSI":"JAWA BARAT","ID_KABKOT":"32.75","KABKOT":"KOTA BEKASI","ID_KEC":"32.75.10","KECAMATAN":"JATISAMPURNA","ID_DESA":"32.75.10.1002","DESA":"JATIKARYA","LONGITUDE":"106.91063","LATITUDE":"-6.392093","STATUS":"BUKA","TANGGAL PENGUMPULAN":"Q2 2025","TANGGAL UPDATE":"20/06/2025"}},{"type":"Feature","geometry":{"coordinates":[106.918875,-6.3699374],"type":"Point"},"properties":{"NAMA":"ATM BRI","TIPE_1":"LAYANAN ATAU JASA","TIPE_2":"ATM","TIPE_3":"BRI","TELEPON":"","ALAMAT":"RT.003/RW.001, JATISAMPURNA, KEC. JATISAMPURNA, KOTA BKS, JAWA BARAT 17433","ID_PROV":"32","PROVINSI":"JAWA BARAT","ID_KABKOT":"32.75","KABKOT":"KOTA BEKASI","ID_KEC":"32.75.10","KECAMATAN":"JATISAMPURNA","ID_DESA":"32.75.10.1001","DESA":"JATISAMPURNA","LONGITUDE":"106.918875","LATITUDE":"-6.3699373999999995","STATUS":"BUKA","TANGGAL PENGUMPULAN":"Q2 2025","TANGGAL UPDATE":"20/06/2025"}},{"type":"Feature","geometry":{"coordinates":[106.9207351,-6.3624824],"type":"Point"},"properties":{"NAMA":"ATM BRI","TIPE_1":"LAYANAN ATAU JASA","TIPE_2":"ATM","TIPE_3":"BRI","TELEPON":"","ALAMAT":"INDOMARET, JL. RAYA KRANGGAN, RT.001/RW.004, JATISAMPURNA, KEC. JATISAMPURNA, KOTA BKS, JAWA BARAT 17433","ID_PROV":"32","PROVINSI":"JAWA BARAT","ID_KABKOT":"32.75","KABKOT":"KOTA BEKASI","ID_KEC":"32.75.10","KECAMATAN":"JATISAMPURNA","ID_DESA":"32.75.10.1001","DESA":"JATISAMPURNA","LONGITUDE":"106.9207351","LATITUDE":"-6.362482399999999","STATUS":"BUKA","TANGGAL PENGUMPULAN":"Q2 2025","TANGGAL UPDATE":"20/06/2025"}},{"type":"Feature","geometry":{"coordinates":[107.0291706,-6.1993545],"type":"Point"},"properties":{"NAMA":"ATM BRI","TIPE_1":"LAYANAN ATAU JASA","TIPE_2":"ATM","TIPE_3":"BRI","TELEPON":"","ALAMAT":"KLINIK BATARA, JALAN KH. NOER ALI, RT.008/RW.004, TLK. PUCUNG, KEC. BEKASI UTARA, KABUPATEN BEKASI, JAWA BARAT 17612","ID_PROV":"32","PROVINSI":"JAWA BARAT","ID_KABKOT":"32.75","KABKOT":"KOTA BEKASI","ID_KEC":"32.75.03","KECAMATAN":"BEKASI UTARA","ID_DESA":"32.75.03.1004","DESA":"TELUK PUCUNG","LONGITUDE":"107.0291706","LATITUDE":"-6.1993545","STATUS":"BUKA","TANGGAL PENGUMPULAN":"Q2 2025","TANGGAL UPDATE":"20/06/2025"}},{"type":"Feature","geometry":{"coordinates":[106.9509233,-6.2712099],"type":"Point"},"properties":{"NAMA":"ATM BRI","TIPE_1":"LAYANAN ATAU JASA","TIPE_2":"ATM","TIPE_3":"BRI","TELEPON":"","ALAMAT":"KOMP. MINIMARKET KRUI, JL. RATNA - JATIBENING NO.14, RT.001/RW.001, JATIBENING, KEC. PD. GEDE, KOTA BKS, JAWA BARAT 17412","ID_PROV":"32","PROVINSI":"JAWA BARAT","ID_KABKOT":"32.75","KABKOT":"KOTA BEKASI","ID_KEC":"32.75.09","KECAMATAN":"JATIASIH","ID_DESA":"32.75.09.1003","DESA":"JATIKRAMAT","LONGITUDE":"106.9509233","LATITUDE":"-6.2712099","STATUS":"BUKA","TANGGAL PENGUMPULAN":"Q2 2025","TANGGAL UPDATE":"20/06/2025"}},{"type":"Feature","geometry":{"coordinates":[106.9260532,-6.2598722],"type":"Point"},"properties":{"NAMA":"ATM BRI","TIPE_1":"LAYANAN ATAU JASA","TIPE_2":"ATM","TIPE_3":"BRI","TELEPON":"","ALAMAT":"KP. KEMANG NO NO.7, RT.006/RW.002, JATIBENING BARU, KEC. PD. GEDE, KOTA BKS, JAWA BARAT 17411","ID_PROV":"32","PROVINSI":"JAWA BARAT","ID_KABKOT":"32.75","KABKOT":"KOTA BEKASI","ID_KEC":"32.75.08","KECAMATAN":"PONDOKGEDE","ID_DESA":"32.75.08.1007","DESA":"JATICEMPAKA","LONGITUDE":"106.9260532","LATITUDE":"-6.259872199999999","STATUS":"BUKA","TANGGAL PENGUMPULAN":"Q2 2025","TANGGAL UPDATE":"20/06/2025"}},{"type":"Feature","geometry":{"coordinates":[107.0179121,-6.3218873],"type":"Point"},"properties":{"NAMA":"ATM BRI","TIPE_1":"LAYANAN ATAU JASA","TIPE_2":"ATM","TIPE_3":"BRI","TELEPON":"","ALAMAT":"PERUM BEKASI TIMUR REGENCY, JL. RAYA BEKASI TIMUR REGENSI, RT.003/RW.020, CIMUNING, BEKASI TIMUR, KABUPATEN BEKASI, JAWA BARAT 17155","ID_PROV":"32","PROVINSI":"JAWA BARAT","ID_KABKOT":"32.75","KABKOT":"KOTA BEKASI","ID_KEC":"32.75.11","KECAMATAN":"MUSTIKAJAYA","ID_DESA":"32.75.11.1002","DESA":"CIMUNING","LONGITUDE":"107.01791209999999","LATITUDE":"-6.321887299999999","STATUS":"BUKA","TANGGAL PENGUMPULAN":"Q2 2025","TANGGAL UPDATE":"20/06/2025"}},{"type":"Feature","geometry":{"coordinates":[107.0123368,-6.3179188],"type":"Point"},"properties":{"NAMA":"ATM BRI","TIPE_1":"LAYANAN ATAU JASA","TIPE_2":"ATM","TIPE_3":"BRI","TELEPON":"","ALAMAT":"RT.002/RW.006, PADURENAN, KEC. MUSTIKA JAYA, KOTA BKS, JAWA BARAT 16340","ID_PROV":"32","PROVINSI":"JAWA BARAT","ID_KABKOT":"32.75","KABKOT":"KOTA BEKASI","ID_KEC":"32.75.11","KECAMATAN":"MUSTIKAJAYA","ID_DESA":"32.75.11.1001","DESA":"PADURENAN","LONGITUDE":"107.0123368","LATITUDE":"-6.317918799999999","STATUS":"BUKA","TANGGAL PENGUMPULAN":"Q2 2025","TANGGAL UPDATE":"20/06/2025"}},{"type":"Feature","geometry":{"coordinates":[106.990337,-6.2485479],"type":"Point"},"properties":{"NAMA":"ATM BRI","TIPE_1":"LAYANAN ATAU JASA","TIPE_2":"ATM","TIPE_3":"BRI","TELEPON":"","ALAMAT":"MAL METROPOLITAN, JL. KH. NOER ALI LANTAI DASAR, RT.008/RW.002, PEKAYON JAYA, KEC. BEKASI SEL., KOTA BKS, JAWA BARAT 17148","ID_PROV":"32","PROVINSI":"JAWA BARAT","ID_KABKOT":"32.75","KABKOT":"KOTA BEKASI","ID_KEC":"32.75.04","KECAMATAN":"BEKASI SELATAN","ID_DESA":"32.75.04.1001","DESA":"PEKAYONJAYA","LONGITUDE":"106.990337","LATITUDE":"-6.2485479","STATUS":"BUKA","TANGGAL PENGUMPULAN":"Q2 2025","TANGGAL UPDATE":"20/06/2025"}},{"type":"Feature","geometry":{"coordinates":[106.9795582,-6.3415556],"type":"Point"},"properties":{"NAMA":"ATM BRI","TIPE_1":"LAYANAN ATAU JASA","TIPE_2":"ATM","TIPE_3":"BRI","TELEPON":"","ALAMAT":"RT.003/RW.006, CIKIWUL, BANTAR GEBANG, BEKASI, WEST JAVA 17152","ID_PROV":"32","PROVINSI":"JAWA BARAT","ID_KABKOT":"32.75","KABKOT":"KOTA BEKASI","ID_KEC":"32.75.07","KECAMATAN":"BANTARGEBANG","ID_DESA":"32.75.07.1004","DESA":"CIKIWUL","LONGITUDE":"106.9795582","LATITUDE":"-6.3415555999999995","STATUS":"BUKA","TANGGAL PENGUMPULAN":"Q2 2025","TANGGAL UPDATE":"20/06/2025"}},{"type":"Feature","geometry":{"coordinates":[106.95610819999999,-6.3038872],"type":"Point"},"properties":{"NAMA":"ATM BRI","TIPE_1":"LAYANAN ATAU JASA","TIPE_2":"ATM","TIPE_3":"BRI","TELEPON":"","ALAMAT":"JL. WIBAWA MUKTI II, RT.001/RW.009, JATIASIH, KEC. JATIASIH, KOTA BKS, JAWA BARAT 17423","ID_PROV":"32","PROVINSI":"JAWA BARAT","ID_KABKOT":"32.75","KABKOT":"KOTA BEKASI","ID_KEC":"32.75.09","KECAMATAN":"JATIASIH","ID_DESA":"32.75.09.1002","DESA":"JATIASIH","LONGITUDE":"106.95610819999999","LATITUDE":"-6.3038872","STATUS":"BUKA","TANGGAL PENGUMPULAN":"Q2 2025","TANGGAL UPDATE":"20/06/2025"}},{"type":"Feature","geometry":{"coordinates":[106.91175709999999,-6.2706255],"type":"Point"},"properties":{"NAMA":"ATM BRI","TIPE_1":"LAYANAN ATAU JASA","TIPE_2":"ATM","TIPE_3":"BRI","TELEPON":"","ALAMAT":"NO, JL. RAYA JATIWARINGIN NO.04, RT.005/RW.4, JATIWARINGIN, KEC. PD. GEDE, KOTA BKS, JAWA BARAT 17411","ID_PROV":"32","PROVINSI":"JAWA BARAT","ID_KABKOT":"32.75","KABKOT":"KOTA BEKASI","ID_KEC":"32.75.08","KECAMATAN":"PONDOKGEDE","ID_DESA":"32.75.08.1001","DESA":"JATIWARINGIN","LONGITUDE":"106.91175709999999","LATITUDE":"-6.2706254999999995","STATUS":"BUKA","TANGGAL PENGUMPULAN":"Q2 2025","TANGGAL UPDATE":"20/06/2025"}},{"type":"Feature","geometry":{"coordinates":[106.9966257,-6.1763363],"type":"Point"},"properties":{"NAMA":"ATM BRI","TIPE_1":"LAYANAN ATAU JASA","TIPE_2":"ATM","TIPE_3":"BRI","TELEPON":"","ALAMAT":"NO., JL. TAMAN HARAPAN BARU NO.2, RT.008/RW.023, PEJUANG, KECAMATAN MEDAN SATRIA, KOTA BKS, JAWA BARAT 17125","ID_PROV":"32","PROVINSI":"JAWA BARAT","ID_KABKOT":"32.75","KABKOT":"KOTA BEKASI","ID_KEC":"32.75.06","KECAMATAN":"MEDANSATRIA","ID_DESA":"32.75.06.1003","DESA":"PEJUANG","LONGITUDE":"106.9966257","LATITUDE":"-6.1763363","STATUS":"BUKA","TANGGAL PENGUMPULAN":"Q2 2025","TANGGAL UPDATE":"20/06/2025"}},{"type":"Feature","geometry":{"coordinates":[107.0010048,-6.2737073],"type":"Point"},"properties":{"NAMA":"ATM BRI","TIPE_1":"LAYANAN ATAU JASA","TIPE_2":"ATM","TIPE_3":"BRI","TELEPON":"","ALAMAT":"JALAN DESA DHARMA, RT.001/RW.005, PENGASINAN, KEC. RAWALUMBU, KOTA BKS, JAWA BARAT 17115","ID_PROV":"32","PROVINSI":"JAWA BARAT","ID_KABKOT":"32.75","KABKOT":"KOTA BEKASI","ID_KEC":"32.75.05","KECAMATAN":"RAWALUMBU","ID_DESA":"32.75.05.1002","DESA":"PENGASINAN","LONGITUDE":"107.00100479999999","LATITUDE":"-6.2737073","STATUS":"BUKA","TANGGAL PENGUMPULAN":"Q2 2025","TANGGAL UPDATE":"20/06/2025"}},{"type":"Feature","geometry":{"coordinates":[107.0168214,-6.2590703],"type":"Point"},"properties":{"NAMA":"ATM BRI","TIPE_1":"LAYANAN ATAU JASA","TIPE_2":"ATM","TIPE_3":"BRI","TELEPON":"(021) 8818725","ALAMAT":"JALAN MARGAHAYU RAYA, MARGAHAYU, BEKASI TIMUR, RT.007/RW.017, MARGAHAYU, KEC. BEKASI TIM., KOTA BKS, JAWA BARAT 17113","ID_PROV":"32","PROVINSI":"JAWA BARAT","ID_KABKOT":"32.75","KABKOT":"KOTA BEKASI","ID_KEC":"32.75.01","KECAMATAN":"BEKASI TIMUR","ID_DESA":"32.75.01.1002","DESA":"MARGAHAYU","LONGITUDE":"107.0168214","LATITUDE":"-6.259070299999999","STATUS":"BUKA","TANGGAL PENGUMPULAN":"Q2 2025","TANGGAL UPDATE":"20/06/2025"}},{"type":"Feature","geometry":{"coordinates":[107.0008606,-6.2516648],"type":"Point"},"properties":{"NAMA":"ATM BRI","TIPE_1":"LAYANAN ATAU JASA","TIPE_2":"ATM","TIPE_3":"BRI","TELEPON":"","ALAMAT":"MAJOR MUTMUIN HASIBUAN, RT.003/RW.024, MARGAHAYU, KEC. BEKASI TIM., KOTA BKS, JAWA BARAT 17113","ID_PROV":"32","PROVINSI":"JAWA BARAT","ID_KABKOT":"32.75","KABKOT":"KOTA BEKASI","ID_KEC":"32.75.01","KECAMATAN":"BEKASI TIMUR","ID_DESA":"32.75.01.1002","DESA":"MARGAHAYU","LONGITUDE":"107.0008606","LATITUDE":"-6.2516647999999995","STATUS":"BUKA","TANGGAL PENGUMPULAN":"Q2 2025","TANGGAL UPDATE":"20/06/2025"}},{"type":"Feature","geometry":{"coordinates":[107.02968519999999,-6.2517186],"type":"Point"},"properties":{"NAMA":"ATM BRI","TIPE_1":"LAYANAN ATAU JASA","TIPE_2":"ATM","TIPE_3":"BRI","TELEPON":"","ALAMAT":"JL. INSINYUR H. JUANDA, RT.001/RW.021, MARGAHAYU, KEC. BEKASI TIM., KOTA BKS, JAWA BARAT 17111","ID_PROV":"32","PROVINSI":"JAWA BARAT","ID_KABKOT":"32.75","KABKOT":"KOTA BEKASI","ID_KEC":"32.75.01","KECAMATAN":"BEKASI TIMUR","ID_DESA":"32.75.01.1002","DESA":"MARGAHAYU","LONGITUDE":"107.02968519999999","LATITUDE":"-6.251718599999999","STATUS":"BUKA","TANGGAL PENGUMPULAN":"Q2 2025","TANGGAL UPDATE":"20/06/2025"}},{"type":"Feature","geometry":{"coordinates":[106.9117609,-6.2825207],"type":"Point"},"properties":{"NAMA":"ATM BRI","TIPE_1":"LAYANAN ATAU JASA","TIPE_2":"ATM","TIPE_3":"BRI","TELEPON":"","ALAMAT":"PLAZA PD. GEDE, JL. RAYA PD. GEDE LT. 1, RT.001/RW.011, JATIWARINGIN, KEC. PD. GEDE, KOTA BKS, JAWA BARAT 17411","ID_PROV":"32","PROVINSI":"JAWA BARAT","ID_KABKOT":"32.75","KABKOT":"KOTA BEKASI","ID_KEC":"32.75.08","KECAMATAN":"PONDOKGEDE","ID_DESA":"32.75.08.1001","DESA":"JATIWARINGIN","LONGITUDE":"106.91176089999999","LATITUDE":"-6.2825207","STATUS":"BUKA","TANGGAL PENGUMPULAN":"Q2 2025","TANGGAL UPDATE":"20/06/2025"}},{"type":"Feature","geometry":{"coordinates":[106.9485447,-6.2864238],"type":"Point"},"properties":{"NAMA":"ATM BRI","TIPE_1":"LAYANAN ATAU JASA","TIPE_2":"ATM","TIPE_3":"BRI","TELEPON":"","ALAMAT":"JL. DR. RATNA, RT.005/RW.017, JATIKRAMAT, KEC. JATIASIH, KOTA BKS, JAWA BARAT 17421","ID_PROV":"32","PROVINSI":"JAWA BARAT","ID_KABKOT":"32.75","KABKOT":"KOTA BEKASI","ID_KEC":"32.75.09","KECAMATAN":"JATIASIH","ID_DESA":"32.75.09.1003","DESA":"JATIKRAMAT","LONGITUDE":"106.9485447","LATITUDE":"-6.2864238","STATUS":"BUKA","TANGGAL PENGUMPULAN":"Q2 2025","TANGGAL UPDATE":"20/06/2025"}},{"type":"Feature","geometry":{"coordinates":[106.9610741,-6.2930482],"type":"Point"},"properties":{"NAMA":"ATM BRI","TIPE_1":"LAYANAN ATAU JASA","TIPE_2":"ATM","TIPE_3":"BRI","TELEPON":"","ALAMAT":"SPBU, JL. RAYA JATIASIH, RT.003/RW.004, JATIASIH, KEC. BEKASI SEL., KOTA BKS, JAWA BARAT 17418","ID_PROV":"32","PROVINSI":"JAWA BARAT","ID_KABKOT":"32.75","KABKOT":"KOTA BEKASI","ID_KEC":"32.75.09","KECAMATAN":"JATIASIH","ID_DESA":"32.75.09.1002","DESA":"JATIASIH","LONGITUDE":"106.96107409999999","LATITUDE":"-6.293048199999999","STATUS":"BUKA","TANGGAL PENGUMPULAN":"Q2 2025","TANGGAL UPDATE":"20/06/2025"}},{"type":"Feature","geometry":{"coordinates":[106.964926,-6.2942005],"type":"Point"},"properties":{"NAMA":"ATM BRI","TIPE_1":"LAYANAN ATAU JASA","TIPE_2":"ATM","TIPE_3":"BRI","TELEPON":"","ALAMAT":"JALAN JATI ASIH RAYA, RT.005/RW.004, JATIASIH, KEC. JATIASIH, KOTA BKS, JAWA BARAT 17423","ID_PROV":"32","PROVINSI":"JAWA BARAT","ID_KABKOT":"32.75","KABKOT":"KOTA BEKASI","ID_KEC":"32.75.09","KECAMATAN":"JATIASIH","ID_DESA":"32.75.09.1002","DESA":"JATIASIH","LONGITUDE":"106.96492599999999","LATITUDE":"-6.2942005","STATUS":"BUKA","TANGGAL PENGUMPULAN":"Q2 2025","TANGGAL UPDATE":"20/06/2025"}},{"type":"Feature","geometry":{"coordinates":[106.9508449,-6.2717747],"type":"Point"},"properties":{"NAMA":"ATM BRI","TIPE_1":"LAYANAN ATAU JASA","TIPE_2":"ATM","TIPE_3":"BRI","TELEPON":"","ALAMAT":"JL. DR. RATNA, RT.006/RW.003, JATIKRAMAT, KEC. JATIASIH, KOTA BKS, JAWA BARAT 17421","ID_PROV":"32","PROVINSI":"JAWA BARAT","ID_KABKOT":"32.75","KABKOT":"KOTA BEKASI","ID_KEC":"32.75.09","KECAMATAN":"JATIASIH","ID_DESA":"32.75.09.1003","DESA":"JATIKRAMAT","LONGITUDE":"106.95084489999999","LATITUDE":"-6.2717747","STATUS":"BUKA","TANGGAL PENGUMPULAN":"Q2 2025","TANGGAL UPDATE":"20/06/2025"}},{"type":"Feature","geometry":{"coordinates":[107.0016505,-6.2478837],"type":"Point"},"properties":{"NAMA":"ATM BRI","TIPE_1":"LAYANAN ATAU JASA","TIPE_2":"ATM","TIPE_3":"BRI","TELEPON":"","ALAMAT":"JL. RA KARTINI, RT.004/RW.003, MARGAHAYU, KEC. BEKASI TIM., KOTA BKS, JAWA BARAT 17113","ID_PROV":"32","PROVINSI":"JAWA BARAT","ID_KABKOT":"32.75","KABKOT":"KOTA BEKASI","ID_KEC":"32.75.01","KECAMATAN":"BEKASI TIMUR","ID_DESA":"32.75.01.1002","DESA":"MARGAHAYU","LONGITUDE":"107.0016505","LATITUDE":"-6.2478837","STATUS":"BUKA","TANGGAL PENGUMPULAN":"Q2 2025","TANGGAL UPDATE":"20/06/2025"}},{"type":"Feature","geometry":{"coordinates":[107.0412956,-6.2459749],"type":"Point"},"properties":{"NAMA":"ATM BRI","TIPE_1":"LAYANAN ATAU JASA","TIPE_2":"ATM","TIPE_3":"BRI","TELEPON":"","ALAMAT":"JL. SETIA MEKAR, AREN JAYA, KEC. TAMBUN SEL., KABUPATEN BEKASI, JAWA BARAT 17510","ID_PROV":"32","PROVINSI":"JAWA BARAT","ID_KABKOT":"32.75","KABKOT":"KOTA BEKASI","ID_KEC":"32.75.01","KECAMATAN":"BEKASI TIMUR","ID_DESA":"32.75.01.1004","DESA":"ARENJAYA","LONGITUDE":"107.0412956","LATITUDE":"-6.245974899999999","STATUS":"BUKA","TANGGAL PENGUMPULAN":"Q2 2025","TANGGAL UPDATE":"20/06/2025"}},{"type":"Feature","geometry":{"coordinates":[107.0041124,-6.2419375],"type":"Point"},"properties":{"NAMA":"ATM BRI","TIPE_1":"LAYANAN ATAU JASA","TIPE_2":"ATM","TIPE_3":"BRI","TELEPON":"","ALAMAT":"JL. INSINYUR H. JUANDA, RT.003/RW.001, MARGAHAYU, KEC. BEKASI TIM., KOTA BKS, JAWA BARAT 17113","ID_PROV":"32","PROVINSI":"JAWA BARAT","ID_KABKOT":"32.75","KABKOT":"KOTA BEKASI","ID_KEC":"32.75.01","KECAMATAN":"BEKASI TIMUR","ID_DESA":"32.75.01.1002","DESA":"MARGAHAYU","LONGITUDE":"107.0041124","LATITUDE":"-6.2419375","STATUS":"BUKA","TANGGAL PENGUMPULAN":"Q2 2025","TANGGAL UPDATE":"20/06/2025"}},{"type":"Feature","geometry":{"coordinates":[107.0190212,-6.2146062],"type":"Point"},"properties":{"NAMA":"ATM BRI","TIPE_1":"LAYANAN ATAU JASA","TIPE_2":"ATM","TIPE_3":"BRI","TELEPON":"","ALAMAT":"JL. DANAU DUTA UTARA, RT.003/RW.011, HARAPAN BARU, KEC. BEKASI UTARA, KOTA BKS, JAWA BARAT 17123","ID_PROV":"32","PROVINSI":"JAWA BARAT","ID_KABKOT":"32.75","KABKOT":"KOTA BEKASI","ID_KEC":"32.75.03","KECAMATAN":"BEKASI UTARA","ID_DESA":"32.75.03.1003","DESA":"HARAPANBARU","LONGITUDE":"107.0190212","LATITUDE":"-6.2146061999999995","STATUS":"BUKA","TANGGAL PENGUMPULAN":"Q2 2025","TANGGAL UPDATE":"20/06/2025"}},{"type":"Feature","geometry":{"coordinates":[107.0042341,-6.2027213],"type":"Point"},"properties":{"NAMA":"ATM BRI","TIPE_1":"LAYANAN ATAU JASA","TIPE_2":"ATM","TIPE_3":"BRI","TELEPON":"","ALAMAT":"ALFAMART PERMATA HIJAU, JALAN PERUMAHAN PERMATA HIJAU, RT.001/RW.017, KALIABANG TENGAH, KEC. BEKASI UTARA, KABUPATEN BEKASI, JAWA BARAT 17122","ID_PROV":"32","PROVINSI":"JAWA BARAT","ID_KABKOT":"32.75","KABKOT":"KOTA BEKASI","ID_KEC":"32.75.03","KECAMATAN":"BEKASI UTARA","ID_DESA":"32.75.03.1001","DESA":"KALIABANG TENGAH","LONGITUDE":"107.00423409999999","LATITUDE":"-6.202721299999999","STATUS":"BUKA","TANGGAL PENGUMPULAN":"Q2 2025","TANGGAL UPDATE":"20/06/2025"}},{"type":"Feature","geometry":{"coordinates":[106.968162,-6.2490941],"type":"Point"},"properties":{"NAMA":"ATM BRI","TIPE_1":"LAYANAN ATAU JASA","TIPE_2":"ATM","TIPE_3":"BRI","TELEPON":"","ALAMAT":"JL. RAYA KALIMALANG, RT.005/RW.006A, JAKASAMPURNA, KEC. BEKASI BAR., KOTA BKS, JAWA BARAT 17145","ID_PROV":"32","PROVINSI":"JAWA BARAT","ID_KABKOT":"32.75","KABKOT":"KOTA BEKASI","ID_KEC":"32.75.02","KECAMATAN":"BEKASI BARAT","ID_DESA":"32.75.02.1005","DESA":"JAKASAMPURNA","LONGITUDE":"106.96816199999999","LATITUDE":"-6.2490941","STATUS":"BUKA","TANGGAL PENGUMPULAN":"Q2 2025","TANGGAL UPDATE":"20/06/2025"}},{"type":"Feature","geometry":{"coordinates":[106.9836707,-6.2478014],"type":"Point"},"properties":{"NAMA":"ATM BRI","TIPE_1":"LAYANAN ATAU JASA","TIPE_2":"ATM","TIPE_3":"BRI","TELEPON":"","ALAMAT":"JL. KH. NOER ALI, RT.001/RW.009, KAYURINGIN JAYA, KEC. BEKASI SEL., KOTA BKS, JAWA BARAT 17148","ID_PROV":"32","PROVINSI":"JAWA BARAT","ID_KABKOT":"32.75","KABKOT":"KOTA BEKASI","ID_KEC":"32.75.04","KECAMATAN":"BEKASI SELATAN","ID_DESA":"32.75.04.1005","DESA":"KAYURINGINJAYA","LONGITUDE":"106.98367069999999","LATITUDE":"-6.247801399999999","STATUS":"BUKA","TANGGAL PENGUMPULAN":"Q2 2025","TANGGAL UPDATE":"20/06/2025"}},{"type":"Feature","geometry":{"coordinates":[106.9998179,-6.2439308],"type":"Point"},"properties":{"NAMA":"ATM BRI","TIPE_1":"LAYANAN ATAU JASA","TIPE_2":"ATM","TIPE_3":"BRI","TELEPON":"","ALAMAT":"INDOMARET, JL. KH. MASTURO, RT.006/RW.006, MARGA JAYA, KEC. BEKASI SEL., KOTA BKS, JAWA BARAT 17141","ID_PROV":"32","PROVINSI":"JAWA BARAT","ID_KABKOT":"32.75","KABKOT":"KOTA BEKASI","ID_KEC":"32.75.04","KECAMATAN":"BEKASI SELATAN","ID_DESA":"32.75.04.1002","DESA":"MARGAJAYA","LONGITUDE":"106.9998179","LATITUDE":"-6.243930799999999","STATUS":"BUKA","TANGGAL PENGUMPULAN":"Q2 2025","TANGGAL UPDATE":"20/06/2025"}},{"type":"Feature","geometry":{"coordinates":[106.9692274,-6.2414868],"type":"Point"},"properties":{"NAMA":"ATM BRI","TIPE_1":"LAYANAN ATAU JASA","TIPE_2":"ATM","TIPE_3":"BRI","TELEPON":"","ALAMAT":"JL. PATRIOT, RT.003/RW.003, JAKASAMPURNA, KEC. BEKASI BAR., KOTA BKS, JAWA BARAT 17145","ID_PROV":"32","PROVINSI":"JAWA BARAT","ID_KABKOT":"32.75","KABKOT":"KOTA BEKASI","ID_KEC":"32.75.02","KECAMATAN":"BEKASI BARAT","ID_DESA":"32.75.02.1005","DESA":"JAKASAMPURNA","LONGITUDE":"106.9692274","LATITUDE":"-6.2414868","STATUS":"BUKA","TANGGAL PENGUMPULAN":"Q2 2025","TANGGAL UPDATE":"20/06/2025"}},{"type":"Feature","geometry":{"coordinates":[106.9566168,-6.2276517],"type":"Point"},"properties":{"NAMA":"ATM BRI","TIPE_1":"LAYANAN ATAU JASA","TIPE_2":"ATM","TIPE_3":"BRI","TELEPON":"","ALAMAT":"JL. BINTARA VII, RT.005/RW.003, BINTARA, KEC. BEKASI BAR., KOTA BKS, JAWA BARAT 17134","ID_PROV":"32","PROVINSI":"JAWA BARAT","ID_KABKOT":"32.75","KABKOT":"KOTA BEKASI","ID_KEC":"32.75.02","KECAMATAN":"BEKASI BARAT","ID_DESA":"32.75.02.1001","DESA":"BINTARA","LONGITUDE":"106.95661679999999","LATITUDE":"-6.2276517","STATUS":"BUKA","TANGGAL PENGUMPULAN":"Q2 2025","TANGGAL UPDATE":"20/06/2025"}},{"type":"Feature","geometry":{"coordinates":[106.959649,-6.2204972],"type":"Point"},"properties":{"NAMA":"ATM BRI","TIPE_1":"LAYANAN ATAU JASA","TIPE_2":"ATM","TIPE_3":"BRI","TELEPON":"","ALAMAT":"JL. I GUSTI NGURAH RAI, RT.011/RW.012, BINTARA, BEKASI BARAT, BEKASI, WEST JAVA 13210","ID_PROV":"32","PROVINSI":"JAWA BARAT","ID_KABKOT":"32.75","KABKOT":"KOTA BEKASI","ID_KEC":"32.75.02","KECAMATAN":"BEKASI BARAT","ID_DESA":"32.75.02.1001","DESA":"BINTARA","LONGITUDE":"106.959649","LATITUDE":"-6.2204972","STATUS":"BUKA","TANGGAL PENGUMPULAN":"Q2 2025","TANGGAL UPDATE":"20/06/2025"}},{"type":"Feature","geometry":{"coordinates":[106.9645003,-6.221018],"type":"Point"},"properties":{"NAMA":"ATM BRI","TIPE_1":"LAYANAN ATAU JASA","TIPE_2":"ATM","TIPE_3":"BRI","TELEPON":"","ALAMAT":"RT.007/RW.004, BINTARA, KEC. BEKASI BAR., KOTA BKS, JAWA BARAT 17134","ID_PROV":"32","PROVINSI":"JAWA BARAT","ID_KABKOT":"32.75","KABKOT":"KOTA BEKASI","ID_KEC":"32.75.02","KECAMATAN":"BEKASI BARAT","ID_DESA":"32.75.02.1001","DESA":"BINTARA","LONGITUDE":"106.9645003","LATITUDE":"-6.221018","STATUS":"BUKA","TANGGAL PENGUMPULAN":"Q2 2025","TANGGAL UPDATE":"20/06/2025"}},{"type":"Feature","geometry":{"coordinates":[106.9229841,-6.2721271],"type":"Point"},"properties":{"NAMA":"ATM BRI","TIPE_1":"LAYANAN ATAU JASA","TIPE_2":"ATM","TIPE_3":"BRI","TELEPON":"","ALAMAT":"RT.007/RW.014, JATIWARINGIN, PONDOK GEDE, BEKASI, WEST JAVA 17411","ID_PROV":"32","PROVINSI":"JAWA BARAT","ID_KABKOT":"32.75","KABKOT":"KOTA BEKASI","ID_KEC":"32.75.08","KECAMATAN":"PONDOKGEDE","ID_DESA":"32.75.08.1001","DESA":"JATIWARINGIN","LONGITUDE":"106.9229841","LATITUDE":"-6.2721271","STATUS":"BUKA","TANGGAL PENGUMPULAN":"Q2 2025","TANGGAL UPDATE":"20/06/2025"}},{"type":"Feature","geometry":{"coordinates":[107.0321202,-6.2863778],"type":"Point"},"properties":{"NAMA":"ATM BRI","TIPE_1":"LAYANAN ATAU JASA","TIPE_2":"ATM","TIPE_3":"BRI","TELEPON":"","ALAMAT":"RT.010/RW.028, MUSTIKAJAYA, MUSTIKA JAYA, BEKASI, WEST JAVA 17158","ID_PROV":"32","PROVINSI":"JAWA BARAT","ID_KABKOT":"32.75","KABKOT":"KOTA BEKASI","ID_KEC":"32.75.11","KECAMATAN":"MUSTIKAJAYA","ID_DESA":"32.75.11.1003","DESA":"MUSTIKAJAYA","LONGITUDE":"107.0321202","LATITUDE":"-6.2863777999999995","STATUS":"BUKA","TANGGAL PENGUMPULAN":"Q2 2025","TANGGAL UPDATE":"20/06/2025"}},{"type":"Feature","geometry":{"coordinates":[106.91607,-6.37512],"type":"Point"},"properties":{"NAMA":"ATM BRI","TIPE_1":"LAYANAN ATAU JASA","TIPE_2":"ATM","TIPE_3":"BRI","TELEPON":"(021) 14017","ALAMAT":"RUKO KRANGGAN PERMAI BLOK RT NO. 16-17, JALAN ALTERNATIF CIBUBUR KOTA ADM, DKI JAKARTA","ID_PROV":"32","PROVINSI":"JAWA BARAT","ID_KABKOT":"32.75","KABKOT":"KOTA BEKASI","ID_KEC":"32.75.10","KECAMATAN":"JATISAMPURNA","ID_DESA":"32.75.10.1001","DESA":"JATISAMPURNA","LONGITUDE":"106.91606999999999","LATITUDE":"-6.37512","STATUS":"BUKA","TANGGAL PENGUMPULAN":"Q2 2025","TANGGAL UPDATE":"20/06/2025"}},{"type":"Feature","geometry":{"coordinates":[106.9906565,-6.1828335],"type":"Point"},"properties":{"NAMA":"ATM BRI","TIPE_1":"LAYANAN ATAU JASA","TIPE_2":"ATM","TIPE_3":"BRI","TELEPON":"","ALAMAT":"JL. PEJUANG JAYA, RT.004/RW.014, PEJUANG, KECAMATAN MEDAN SATRIA, KABUPATEN BEKASI, JAWA BARAT 17311","ID_PROV":"32","PROVINSI":"JAWA BARAT","ID_KABKOT":"32.75","KABKOT":"KOTA BEKASI","ID_KEC":"32.75.06","KECAMATAN":"MEDANSATRIA","ID_DESA":"32.75.06.1003","DESA":"PEJUANG","LONGITUDE":"106.9906565","LATITUDE":"-6.1828335","STATUS":"BUKA","TANGGAL PENGUMPULAN":"Q2 2025","TANGGAL UPDATE":"20/06/2025"}},{"type":"Feature","geometry":{"coordinates":[106.9815805,-6.1819942],"type":"Point"},"properties":{"NAMA":"ATM BRI","TIPE_1":"LAYANAN ATAU JASA","TIPE_2":"ATM","TIPE_3":"BRI","TELEPON":"","ALAMAT":"ALFAMART MITRA USAHA PT. LESTARI MANDIRI BLOK EA, JL. HARAPAN INDAH RAYA, RT.016/RW.017, PEJUANG, KECAMATAN MEDAN SATRIA, KABUPATEN BEKASI, JAWA BARAT 17131","ID_PROV":"32","PROVINSI":"JAWA BARAT","ID_KABKOT":"32.75","KABKOT":"KOTA BEKASI","ID_KEC":"32.75.06","KECAMATAN":"MEDANSATRIA","ID_DESA":"32.75.06.1003","DESA":"PEJUANG","LONGITUDE":"106.98158049999999","LATITUDE":"-6.1819942","STATUS":"BUKA","TANGGAL PENGUMPULAN":"Q2 2025","TANGGAL UPDATE":"20/06/2025"}},{"type":"Feature","geometry":{"coordinates":[106.9389386,-6.3564781],"type":"Point"},"properties":{"NAMA":"ATM BRI - ALFAMART JATI RANGGA","TIPE_1":"LAYANAN ATAU JASA","TIPE_2":"ATM","TIPE_3":"BRI","TELEPON":"","ALAMAT":"JL. MESS AL KP. RADEN, RT.001/RW.012, JATIRANGGA, KEC. JATISAMPURNA, KOTA BKS, JAWA BARAT 17434","ID_PROV":"32","PROVINSI":"JAWA BARAT","ID_KABKOT":"32.75","KABKOT":"KOTA BEKASI","ID_KEC":"32.75.10","KECAMATAN":"JATISAMPURNA","ID_DESA":"32.75.10.1004","DESA":"JATIRANGGA","LONGITUDE":"106.9389386","LATITUDE":"-6.3564780999999995","STATUS":"BUKA","TANGGAL PENGUMPULAN":"Q2 2025","TANGGAL UPDATE":"20/06/2025"}},{"type":"Feature","geometry":{"coordinates":[106.9162068,-6.3739381],"type":"Point"},"properties":{"NAMA":"ATM BRI - INDOMARET KRANGGAN PERMAI 2","TIPE_1":"LAYANAN ATAU JASA","TIPE_2":"ATM","TIPE_3":"BRI","TELEPON":"(021) 14017","ALAMAT":"BLOK AS5, JL. KASUARI RAYA NO.15, RT.001/RW.013, JATISAMPURNA, KEC. JATISAMPURNA, KOTA BKS, JAWA BARAT 17433","ID_PROV":"32","PROVINSI":"JAWA BARAT","ID_KABKOT":"32.75","KABKOT":"KOTA BEKASI","ID_KEC":"32.75.10","KECAMATAN":"JATISAMPURNA","ID_DESA":"32.75.10.1001","DESA":"JATISAMPURNA","LONGITUDE":"106.9162068","LATITUDE":"-6.373938099999999","STATUS":"BUKA","TANGGAL PENGUMPULAN":"Q2 2025","TANGGAL UPDATE":"20/06/2025"}},{"type":"Feature","geometry":{"coordinates":[106.945821,-6.3340097],"type":"Point"},"properties":{"NAMA":"ATM BRI ALFAMART","TIPE_1":"LAYANAN ATAU JASA","TIPE_2":"ATM","TIPE_3":"BRI","TELEPON":"","ALAMAT":"ALFAMART DI DEKAT JL. WIBAWA MUKTI, JATIASIH, JAWA BARAT, RT.003/RW.005, JATISARI, KEC. JATIASIH, KOTA BKS, JAWA BARAT 17426","ID_PROV":"32","PROVINSI":"JAWA BARAT","ID_KABKOT":"32.75","KABKOT":"KOTA BEKASI","ID_KEC":"32.75.09","KECAMATAN":"JATIASIH","ID_DESA":"32.75.09.1006","DESA":"JATISARI","LONGITUDE":"106.945821","LATITUDE":"-6.334009699999999","STATUS":"BUKA","TANGGAL PENGUMPULAN":"Q2 2025","TANGGAL UPDATE":"20/06/2025"}},{"type":"Feature","geometry":{"coordinates":[106.9564849,-6.2390975],"type":"Point"},"properties":{"NAMA":"ATM BRI ALFAMART BINTARA 9","TIPE_1":"LAYANAN ATAU JASA","TIPE_2":"ATM","TIPE_3":"BRI","TELEPON":"","ALAMAT":"RT.006/RW.002, BINTARA JAYA, KEC. BEKASI BAR., KOTA BKS, JAWA BARAT 17136","ID_PROV":"32","PROVINSI":"JAWA BARAT","ID_KABKOT":"32.75","KABKOT":"KOTA BEKASI","ID_KEC":"32.75.02","KECAMATAN":"BEKASI BARAT","ID_DESA":"32.75.02.1004","DESA":"BINTARAJAYA","LONGITUDE":"106.95648489999999","LATITUDE":"-6.2390975","STATUS":"BUKA","TANGGAL PENGUMPULAN":"Q2 2025","TANGGAL UPDATE":"20/06/2025"}},{"type":"Feature","geometry":{"coordinates":[106.9389513,-6.2983244],"type":"Point"},"properties":{"NAMA":"ATM BRI INDOMARET","TIPE_1":"LAYANAN ATAU JASA","TIPE_2":"ATM","TIPE_3":"BRI","TELEPON":"","ALAMAT":"JL. RAYA KODAU NO.50, RT.003/RW.023, JATIRAHAYU, KEC. JATIASIH, KOTA BKS, JAWA BARAT 17422","ID_PROV":"32","PROVINSI":"JAWA BARAT","ID_KABKOT":"32.75","KABKOT":"KOTA BEKASI","ID_KEC":"32.75.12","KECAMATAN":"PONDOKMELATI","ID_DESA":"32.75.12.1001","DESA":"JATIRAHAYU","LONGITUDE":"106.9389513","LATITUDE":"-6.298324399999999","STATUS":"BUKA","TANGGAL PENGUMPULAN":"Q2 2025","TANGGAL UPDATE":"20/06/2025"}},{"type":"Feature","geometry":{"coordinates":[107.02689009999999,-6.2431644],"type":"Point"},"properties":{"NAMA":"ATM BRI INDOMARET PAHLAWAN","TIPE_1":"LAYANAN ATAU JASA","TIPE_2":"ATM","TIPE_3":"BRI","TELEPON":"","ALAMAT":"JL. PAHLAWAN, RT.008/RW.001, AREN JAYA, KEC. BEKASI TIM., KOTA BKS, JAWA BARAT 17111","ID_PROV":"32","PROVINSI":"JAWA BARAT","ID_KABKOT":"32.75","KABKOT":"KOTA BEKASI","ID_KEC":"32.75.01","KECAMATAN":"BEKASI TIMUR","ID_DESA":"32.75.01.1004","DESA":"ARENJAYA","LONGITUDE":"107.02689009999999","LATITUDE":"-6.2431643999999995","STATUS":"BUKA","TANGGAL PENGUMPULAN":"Q2 2025","TANGGAL UPDATE":"20/06/2025"}},{"type":"Feature","geometry":{"coordinates":[106.99118689999999,-6.2860001],"type":"Point"},"properties":{"NAMA":"ATM BRI INDOMARET PUNGUT","TIPE_1":"LAYANAN ATAU JASA","TIPE_2":"ATM","TIPE_3":"BRI","TELEPON":"","ALAMAT":"INDOMARET PUNGUT, JALAN PUNGUT RAYA, RT.006/RW.002, BOJONG RAWALUMBU, KEC. RAWALUMBU, KOTA BKS, JAWA BARAT 17116","ID_PROV":"32","PROVINSI":"JAWA BARAT","ID_KABKOT":"32.75","KABKOT":"KOTA BEKASI","ID_KEC":"32.75.05","KECAMATAN":"RAWALUMBU","ID_DESA":"32.75.05.1001","DESA":"BOJONG RAWALUMBU","LONGITUDE":"106.99118689999999","LATITUDE":"-6.2860001","STATUS":"BUKA","TANGGAL PENGUMPULAN":"Q2 2025","TANGGAL UPDATE":"20/06/2025"}},{"type":"Feature","geometry":{"coordinates":[106.9488636,-6.3200102],"type":"Point"},"properties":{"NAMA":"ATM BRI INDOMARET WIBAWA MUKTI 1","TIPE_1":"LAYANAN ATAU JASA","TIPE_2":"ATM","TIPE_3":"BRI","TELEPON":"","ALAMAT":"JL. WIBAWA MUKTI II, RT.007/RW.002, JATISARI, KEC. JATIASIH, KOTA BKS, JAWA BARAT 17426","ID_PROV":"32","PROVINSI":"JAWA BARAT","ID_KABKOT":"32.75","KABKOT":"KOTA BEKASI","ID_KEC":"32.75.09","KECAMATAN":"JATIASIH","ID_DESA":"32.75.09.1005","DESA":"JATILUHUR","LONGITUDE":"106.9488636","LATITUDE":"-6.3200102","STATUS":"BUKA","TANGGAL PENGUMPULAN":"Q2 2025","TANGGAL UPDATE":"20/06/2025"}},{"type":"Feature","geometry":{"coordinates":[106.9793686,-6.3358509],"type":"Point"},"properties":{"NAMA":"ATM BRI INDOMART PKL 3","TIPE_1":"LAYANAN ATAU JASA","TIPE_2":"ATM","TIPE_3":"BRI","TELEPON":"","ALAMAT":"JL. RAYA NAROGONG NO.12, RT.003/RW.001, CIKIWUL, KEC. BANTAR GEBANG, KOTA BKS, JAWA BARAT 17152","ID_PROV":"32","PROVINSI":"JAWA BARAT","ID_KABKOT":"32.75","KABKOT":"KOTA BEKASI","ID_KEC":"32.75.07","KECAMATAN":"BANTARGEBANG","ID_DESA":"32.75.07.1004","DESA":"CIKIWUL","LONGITUDE":"106.9793686","LATITUDE":"-6.3358509","STATUS":"BUKA","TANGGAL PENGUMPULAN":"Q2 2025","TANGGAL UPDATE":"20/06/2025"}},{"type":"Feature","geometry":{"coordinates":[106.9101797,-6.2847742],"type":"Point"},"properties":{"NAMA":"ATM BRI KCP PONDOK GEDE","TIPE_1":"LAYANAN ATAU JASA","TIPE_2":"ATM","TIPE_3":"BRI","TELEPON":"(021) 57987400","ALAMAT":"JL. RAYA PD. GEDE NO.3, RT.001/RW.001, JATIRAHAYU, KEC. PD. MELATI, KOTA BKS, JAWA BARAT 17414","ID_PROV":"32","PROVINSI":"JAWA BARAT","ID_KABKOT":"32.75","KABKOT":"KOTA BEKASI","ID_KEC":"32.75.12","KECAMATAN":"PONDOKMELATI","ID_DESA":"32.75.12.1001","DESA":"JATIRAHAYU","LONGITUDE":"106.9101797","LATITUDE":"-6.284774199999999","STATUS":"BUKA","TANGGAL PENGUMPULAN":"Q2 2025","TANGGAL UPDATE":"20/06/2025"}},{"type":"Feature","geometry":{"coordinates":[107.0174369,-6.2601408],"type":"Point"},"properties":{"NAMA":"ATM BRI KCP TAMBUN","TIPE_1":"LAYANAN ATAU JASA","TIPE_2":"ATM","TIPE_3":"BRI","TELEPON":"","ALAMAT":"BANK RAKYAT INDONSIA, RT.004/RW.012, MARGAHAYU, KEC. BEKASI TIM., KOTA BKS, JAWA BARAT 17113","ID_PROV":"32","PROVINSI":"JAWA BARAT","ID_KABKOT":"32.75","KABKOT":"KOTA BEKASI","ID_KEC":"32.75.01","KECAMATAN":"BEKASI TIMUR","ID_DESA":"32.75.01.1002","DESA":"MARGAHAYU","LONGITUDE":"107.01743689999999","LATITUDE":"-6.260140799999999","STATUS":"BUKA","TANGGAL PENGUMPULAN":"Q2 2025","TANGGAL UPDATE":"20/06/2025"}},{"type":"Feature","geometry":{"coordinates":[106.9754776,-6.2155548],"type":"Point"},"properties":{"NAMA":"ATM BCA ALFAMART SULTAN AGUNG","TIPE_1":"LAYANAN ATAU JASA","TIPE_2":"ATM","TIPE_3":"BCA","TELEPON":"","ALAMAT":"JL. SULTAN AGUNG NO.55, RT.001/RW.022, BARU CITY, BEKASI BARAT, BEKASI, WEST JAVA 17132","ID_PROV":"32","PROVINSI":"JAWA BARAT","ID_KABKOT":"32.75","KABKOT":"KOTA BEKASI","ID_KEC":"32.75.02","KECAMATAN":"BEKASI BARAT","ID_DESA":"32.75.02.1003","DESA":"KOTABARU","LONGITUDE":"106.97547759999999","LATITUDE":"-6.2155548","STATUS":"BUKA","TANGGAL PENGUMPULAN":"Q2 2025","TANGGAL UPDATE":"20/06/2025"}},{"type":"Feature","geometry":{"coordinates":[106.96799209999999,-6.2960231],"type":"Point"},"properties":{"NAMA":"ATM BCA ALFAMIDI","TIPE_1":"LAYANAN ATAU JASA","TIPE_2":"ATM","TIPE_3":"BCA","TELEPON":"","ALAMAT":"ALFAMIDI, JL. SWATANTRA V, RT.009/RW.003, JATIRASA, KEC. JATIASIH, KOTA BKS, JAWA BARAT 17424","ID_PROV":"32","PROVINSI":"JAWA BARAT","ID_KABKOT":"32.75","KABKOT":"KOTA BEKASI","ID_KEC":"32.75.09","KECAMATAN":"JATIASIH","ID_DESA":"32.75.09.1004","DESA":"JATIRASA","LONGITUDE":"106.96799209999999","LATITUDE":"-6.296023099999999","STATUS":"BUKA","TANGGAL PENGUMPULAN":"Q2 2025","TANGGAL UPDATE":"20/06/2025"}},{"type":"Feature","geometry":{"coordinates":[107.0072412,-6.2445726],"type":"Point"},"properties":{"NAMA":"ATM BCA ALFAMIDI","TIPE_1":"LAYANAN ATAU JASA","TIPE_2":"ATM","TIPE_3":"BCA","TELEPON":"","ALAMAT":"RT.005/RW.001, BEKASI JAYA, KEC. BEKASI TIM., KOTA BKS, JAWA BARAT 17113","ID_PROV":"32","PROVINSI":"JAWA BARAT","ID_KABKOT":"32.75","KABKOT":"KOTA BEKASI","ID_KEC":"32.75.01","KECAMATAN":"BEKASI TIMUR","ID_DESA":"32.75.01.1001","DESA":"BEKASIJAYA","LONGITUDE":"107.0072412","LATITUDE":"-6.2445726","STATUS":"BUKA","TANGGAL PENGUMPULAN":"Q2 2025","TANGGAL UPDATE":"20/06/2025"}},{"type":"Feature","geometry":{"coordinates":[107.0049831,-6.2385928],"type":"Point"},"properties":{"NAMA":"ATM BCA ALFAMIDI TUGU","TIPE_1":"LAYANAN ATAU JASA","TIPE_2":"ATM","TIPE_3":"BCA","TELEPON":"","ALAMAT":"JL. KH. AGUS SALIM NO.9, RT.001/RW.005, BEKASI JAYA, KEC. BEKASI TIM., KOTA BKS, JAWA BARAT 17112","ID_PROV":"32","PROVINSI":"JAWA BARAT","ID_KABKOT":"32.75","KABKOT":"KOTA BEKASI","ID_KEC":"32.75.01","KECAMATAN":"BEKASI TIMUR","ID_DESA":"32.75.01.1001","DESA":"BEKASIJAYA","LONGITUDE":"107.00498309999999","LATITUDE":"-6.2385928","STATUS":"BUKA","TANGGAL PENGUMPULAN":"Q2 2025","TANGGAL UPDATE":"20/06/2025"}},{"type":"Feature","geometry":{"coordinates":[106.9138588,-6.2778082],"type":"Point"},"properties":{"NAMA":"ATM BCA DAN SETOR TUNAI","TIPE_1":"LAYANAN ATAU JASA","TIPE_2":"ATM","TIPE_3":"BCA","TELEPON":"(021) 1500888","ALAMAT":"JALAN RAYA JATIWARINGIN NO. 5 RT. 008/RW. 005, JATICEMPAKA, PONDOKGEDE, RT.003/RW.002, JATIWARINGIN, KEC. PD. GEDE, KOTA BKS, JAWA BARAT 17411","ID_PROV":"32","PROVINSI":"JAWA BARAT","ID_KABKOT":"32.75","KABKOT":"KOTA BEKASI","ID_KEC":"32.75.08","KECAMATAN":"PONDOKGEDE","ID_DESA":"32.75.08.1001","DESA":"JATIWARINGIN","LONGITUDE":"106.9138588","LATITUDE":"-6.2778082","STATUS":"BUKA","TANGGAL PENGUMPULAN":"Q2 2025","TANGGAL UPDATE":"20/06/2025"}},{"type":"Feature","geometry":{"coordinates":[107.0078686,-6.2452698],"type":"Point"},"properties":{"NAMA":"ATM BCA INDO MARET JUANDA","TIPE_1":"LAYANAN ATAU JASA","TIPE_2":"ATM","TIPE_3":"BCA","TELEPON":"","ALAMAT":"RT.005/RW.001, BEKASI JAYA, KEC. BEKASI TIM., KOTA BKS, JAWA BARAT 17113","ID_PROV":"32","PROVINSI":"JAWA BARAT","ID_KABKOT":"32.75","KABKOT":"KOTA BEKASI","ID_KEC":"32.75.01","KECAMATAN":"BEKASI TIMUR","ID_DESA":"32.75.01.1001","DESA":"BEKASIJAYA","LONGITUDE":"107.0078686","LATITUDE":"-6.2452698","STATUS":"BUKA","TANGGAL PENGUMPULAN":"Q2 2025","TANGGAL UPDATE":"20/06/2025"}},{"type":"Feature","geometry":{"coordinates":[106.96917219999999,-6.2414936],"type":"Point"},"properties":{"NAMA":"ATM BCA INDOMARET","TIPE_1":"LAYANAN ATAU JASA","TIPE_2":"ATM","TIPE_3":"BCA","TELEPON":"","ALAMAT":"JL. PATRIOT NO.112, RT.003/RW.003, JAKASAMPURNA, KEC. BEKASI BAR., KOTA BKS, JAWA BARAT 17145","ID_PROV":"32","PROVINSI":"JAWA BARAT","ID_KABKOT":"32.75","KABKOT":"KOTA BEKASI","ID_KEC":"32.75.02","KECAMATAN":"BEKASI BARAT","ID_DESA":"32.75.02.1005","DESA":"JAKASAMPURNA","LONGITUDE":"106.96917219999999","LATITUDE":"-6.2414936","STATUS":"BUKA","TANGGAL PENGUMPULAN":"Q2 2025","TANGGAL UPDATE":"20/06/2025"}},{"type":"Feature","geometry":{"coordinates":[106.9742309,-6.2047255],"type":"Point"},"properties":{"NAMA":"ATM BCA INDOMARET HAMENGKUBUWONO IX BEKASI","TIPE_1":"LAYANAN ATAU JASA","TIPE_2":"ATM","TIPE_3":"BCA","TELEPON":"","ALAMAT":"JL HAMENGKUBUWONO 9, RT 001 RW 08, MEDAN SATRIA, RT.005/RW.004, MEDAN SATRIA, KECAMATAN MEDAN SATRIA, KOTA BKS, JAWA BARAT 17132","ID_PROV":"32","PROVINSI":"JAWA BARAT","ID_KABKOT":"32.75","KABKOT":"KOTA BEKASI","ID_KEC":"32.75.06","KECAMATAN":"MEDANSATRIA","ID_DESA":"32.75.06.1001","DESA":"MEDANSATRIA","LONGITUDE":"106.9742309","LATITUDE":"-6.2047254999999994","STATUS":"BUKA","TANGGAL PENGUMPULAN":"Q2 2025","TANGGAL UPDATE":"20/06/2025"}},{"type":"Feature","geometry":{"coordinates":[106.9865421,-6.2704569],"type":"Point"},"properties":{"NAMA":"ATM BCA INDOMARET KEMANG RAYA","TIPE_1":"LAYANAN ATAU JASA","TIPE_2":"ATM","TIPE_3":"BCA","TELEPON":"","ALAMAT":"INDOMARET, JL. NIAGA RAYA, RT.001/RW.021, SEPANJANG JAYA, RAWA LUMBU, BEKASI, WEST JAVA 17114","ID_PROV":"32","PROVINSI":"JAWA BARAT","ID_KABKOT":"32.75","KABKOT":"KOTA BEKASI","ID_KEC":"32.75.05","KECAMATAN":"RAWALUMBU","ID_DESA":"32.75.05.1001","DESA":"BOJONG RAWALUMBU","LONGITUDE":"106.9865421","LATITUDE":"-6.2704569","STATUS":"BUKA","TANGGAL PENGUMPULAN":"Q2 2025","TANGGAL UPDATE":"20/06/2025"}},{"type":"Feature","geometry":{"coordinates":[106.9999649,-6.2290739],"type":"Point"},"properties":{"NAMA":"ATM BCA INDOMARET SINPASA","TIPE_1":"LAYANAN ATAU JASA","TIPE_2":"ATM","TIPE_3":"BCA","TELEPON":"","ALAMAT":"RT.003/RW.005, MARGA MULYA, KEC. BEKASI UTARA, KOTA BKS, JAWA BARAT 17142","ID_PROV":"32","PROVINSI":"JAWA BARAT","ID_KABKOT":"32.75","KABKOT":"KOTA BEKASI","ID_KEC":"32.75.03","KECAMATAN":"BEKASI UTARA","ID_DESA":"32.75.03.1005","DESA":"MARGAMULYA","LONGITUDE":"106.9999649","LATITUDE":"-6.2290738999999995","STATUS":"BUKA","TANGGAL PENGUMPULAN":"Q2 2025","TANGGAL UPDATE":"20/06/2025"}},{"type":"Feature","geometry":{"coordinates":[106.9253933,-6.3372051],"type":"Point"},"properties":{"NAMA":"ATM BCA INDOMART","TIPE_1":"LAYANAN ATAU JASA","TIPE_2":"ATM","TIPE_3":"BCA","TELEPON":"","ALAMAT":"JL. RAYA UJUNG ASPAL NO.21, RT.002/RW.002, JATIRANGGON, KEC. JATISAMPURNA, KOTA BKS, JAWA BARAT 17432","ID_PROV":"32","PROVINSI":"JAWA BARAT","ID_KABKOT":"32.75","KABKOT":"KOTA BEKASI","ID_KEC":"32.75.10","KECAMATAN":"JATISAMPURNA","ID_DESA":"32.75.10.1003","DESA":"JATIRANGGON","LONGITUDE":"106.9253933","LATITUDE":"-6.337205099999999","STATUS":"BUKA","TANGGAL PENGUMPULAN":"Q2 2025","TANGGAL UPDATE":"20/06/2025"}},{"type":"Feature","geometry":{"coordinates":[106.9101722,-6.2643237],"type":"Point"},"properties":{"NAMA":"ATM BCA KAMPUS BSI","TIPE_1":"LAYANAN ATAU JASA","TIPE_2":"ATM","TIPE_3":"BCA","TELEPON":"","ALAMAT":"NO., JL. UNKRIS NO.3, RT.009/RW.005, JATICEMPAKA, KEC. PD. GEDE, KOTA BKS, JAWA BARAT 17411","ID_PROV":"32","PROVINSI":"JAWA BARAT","ID_KABKOT":"32.75","KABKOT":"KOTA BEKASI","ID_KEC":"32.75.08","KECAMATAN":"PONDOKGEDE","ID_DESA":"32.75.08.1007","DESA":"JATICEMPAKA","LONGITUDE":"106.91017219999999","LATITUDE":"-6.264323699999999","STATUS":"BUKA","TANGGAL PENGUMPULAN":"Q2 2025","TANGGAL UPDATE":"20/06/2025"}},{"type":"Feature","geometry":{"coordinates":[106.9648683,-6.2944727],"type":"Point"},"properties":{"NAMA":"ATM BCA NAGA SWALAYAN JATIASIH","TIPE_1":"LAYANAN ATAU JASA","TIPE_2":"ATM","TIPE_3":"BCA","TELEPON":"(021) 500888","ALAMAT":"GF NAGA JATIASIH, JL. RAYA JATIASIH, RT.005/RW.004, JATIASIH, BEKASI, WEST JAVA 17423","ID_PROV":"32","PROVINSI":"JAWA BARAT","ID_KABKOT":"32.75","KABKOT":"KOTA BEKASI","ID_KEC":"32.75.09","KECAMATAN":"JATIASIH","ID_DESA":"32.75.09.1002","DESA":"JATIASIH","LONGITUDE":"106.96486829999999","LATITUDE":"-6.2944727","STATUS":"BUKA","TANGGAL PENGUMPULAN":"Q2 2025","TANGGAL UPDATE":"20/06/2025"}},{"type":"Feature","geometry":{"coordinates":[106.911751,-6.28385],"type":"Point"},"properties":{"NAMA":"ATM BCA PLAZA PONDOK GEDE II-1","TIPE_1":"LAYANAN ATAU JASA","TIPE_2":"ATM","TIPE_3":"BCA","TELEPON":"","ALAMAT":"PLAZA PONDOK GEDE II, BLOK A NO. 20 & 21 LANTAI SEMI BASEMENT, JL RAYA PONDOK GEDE, RT.001/RW.001, JATIWARINGIN, BEKASI, KOTA BKS, JAWA BARAT 17411","ID_PROV":"32","PROVINSI":"JAWA BARAT","ID_KABKOT":"32.75","KABKOT":"KOTA BEKASI","ID_KEC":"32.75.08","KECAMATAN":"PONDOKGEDE","ID_DESA":"32.75.08.1001","DESA":"JATIWARINGIN","LONGITUDE":"106.911751","LATITUDE":"-6.28385","STATUS":"BUKA","TANGGAL PENGUMPULAN":"Q2 2025","TANGGAL UPDATE":"20/06/2025"}},{"type":"Feature","geometry":{"coordinates":[106.994593,-6.1818584],"type":"Point"},"properties":{"NAMA":"ATM BCA PLAZA THB","TIPE_1":"LAYANAN ATAU JASA","TIPE_2":"ATM","TIPE_3":"BCA","TELEPON":"","ALAMAT":"RT.007/RW.025, PEJUANG, MEDAN SATRIA, BEKASI, WEST JAVA 17125","ID_PROV":"32","PROVINSI":"JAWA BARAT","ID_KABKOT":"32.75","KABKOT":"KOTA BEKASI","ID_KEC":"32.75.06","KECAMATAN":"MEDANSATRIA","ID_DESA":"32.75.06.1003","DESA":"PEJUANG","LONGITUDE":"106.994593","LATITUDE":"-6.181858399999999","STATUS":"BUKA","TANGGAL PENGUMPULAN":"Q2 2025","TANGGAL UPDATE":"20/06/2025"}},{"type":"Feature","geometry":{"coordinates":[107.012952,-6.2603214],"type":"Point"},"properties":{"NAMA":"ATM BCA RS. MITRA KELUARGA BEKASI TIMUR","TIPE_1":"LAYANAN ATAU JASA","TIPE_2":"ATM","TIPE_3":"BCA","TELEPON":"","ALAMAT":"RS.MITRA KELUARGA, JL. PENGASINAN, RT.004/RW.012, MARGAHAYU, KEC. BEKASI TIM., KOTA BKS, JAWA BARAT 17113","ID_PROV":"32","PROVINSI":"JAWA BARAT","ID_KABKOT":"32.75","KABKOT":"KOTA BEKASI","ID_KEC":"32.75.01","KECAMATAN":"BEKASI TIMUR","ID_DESA":"32.75.01.1002","DESA":"MARGAHAYU","LONGITUDE":"107.012952","LATITUDE":"-6.2603214","STATUS":"BUKA","TANGGAL PENGUMPULAN":"Q2 2025","TANGGAL UPDATE":"20/06/2025"}},{"type":"Feature","geometry":{"coordinates":[106.9836462,-6.2093026],"type":"Point"},"properties":{"NAMA":"ATM BCA SBS","TIPE_1":"LAYANAN ATAU JASA","TIPE_2":"ATM","TIPE_3":"BCA","TELEPON":"","ALAMAT":"JL. ALEXINDO NO.18, RT.008/RW.016, HARAPAN JAYA, KEC. BEKASI UTARA, KOTA BKS, JAWA BARAT 17124","ID_PROV":"32","PROVINSI":"JAWA BARAT","ID_KABKOT":"32.75","KABKOT":"KOTA BEKASI","ID_KEC":"32.75.03","KECAMATAN":"BEKASI UTARA","ID_DESA":"32.75.03.1006","DESA":"HARAPANJAYA","LONGITUDE":"106.9836462","LATITUDE":"-6.2093026","STATUS":"BUKA","TANGGAL PENGUMPULAN":"Q2 2025","TANGGAL UPDATE":"20/06/2025"}},{"type":"Feature","geometry":{"coordinates":[107.0218087,-6.2326481],"type":"Point"},"properties":{"NAMA":"ATM BCA SEKOLAH ANANDA BEKASI","TIPE_1":"LAYANAN ATAU JASA","TIPE_2":"ATM","TIPE_3":"BCA","TELEPON":"","ALAMAT":"RT.005/RW.007, DUREN JAYA, KEC. BEKASI TIM., KOTA BKS, JAWA BARAT 17111","ID_PROV":"32","PROVINSI":"JAWA BARAT","ID_KABKOT":"32.75","KABKOT":"KOTA BEKASI","ID_KEC":"32.75.01","KECAMATAN":"BEKASI TIMUR","ID_DESA":"32.75.01.1003","DESA":"DURENJAYA","LONGITUDE":"107.0218087","LATITUDE":"-6.2326481","STATUS":"BUKA","TANGGAL PENGUMPULAN":"Q2 2025","TANGGAL UPDATE":"20/06/2025"}},{"type":"Feature","geometry":{"coordinates":[106.97945569999999,-6.1865749],"type":"Point"},"properties":{"NAMA":"ATM BCA SETOR TARIK TUNAI","TIPE_1":"LAYANAN ATAU JASA","TIPE_2":"ATM","TIPE_3":"BCA","TELEPON":"","ALAMAT":"RT.008/RW.030, PEJUANG, KECAMATAN MEDAN SATRIA, KOTA BKS, JAWA BARAT 17131","ID_PROV":"32","PROVINSI":"JAWA BARAT","ID_KABKOT":"32.75","KABKOT":"KOTA BEKASI","ID_KEC":"32.75.06","KECAMATAN":"MEDANSATRIA","ID_DESA":"32.75.06.1003","DESA":"PEJUANG","LONGITUDE":"106.97945569999999","LATITUDE":"-6.1865749","STATUS":"BUKA","TANGGAL PENGUMPULAN":"Q2 2025","TANGGAL UPDATE":"20/06/2025"}},{"type":"Feature","geometry":{"coordinates":[107.0008335,-6.261137],"type":"Point"},"properties":{"NAMA":"ATM BCA SETOR TUNAI CUT MUTIA","TIPE_1":"LAYANAN ATAU JASA","TIPE_2":"ATM","TIPE_3":"BCA","TELEPON":"","ALAMAT":"ATM BCA SETOR TUNAI, SPBU, JL. CUT MUTIA NO.77, RT.002/RW.001, SEPANJANG JAYA, KEC. RAWALUMBU, KOTA BKS, JAWA BARAT 17114","ID_PROV":"32","PROVINSI":"JAWA BARAT","ID_KABKOT":"32.75","KABKOT":"KOTA BEKASI","ID_KEC":"32.75.05","KECAMATAN":"RAWALUMBU","ID_DESA":"32.75.05.1003","DESA":"SEPANJANGJAYA","LONGITUDE":"107.0008335","LATITUDE":"-6.261137","STATUS":"BUKA","TANGGAL PENGUMPULAN":"Q2 2025","TANGGAL UPDATE":"20/06/2025"}},{"type":"Feature","geometry":{"coordinates":[106.9822055,-6.2335332],"type":"Point"},"properties":{"NAMA":"ATM BCA SETORAN TUNAI","TIPE_1":"LAYANAN ATAU JASA","TIPE_2":"ATM","TIPE_3":"BCA","TELEPON":"","ALAMAT":"JL. MANGGIS NO.47, RT.004/RW.017, KAYURINGIN JAYA, KEC. BEKASI SEL., KOTA BKS, JAWA BARAT 17144","ID_PROV":"32","PROVINSI":"JAWA BARAT","ID_KABKOT":"32.75","KABKOT":"KOTA BEKASI","ID_KEC":"32.75.04","KECAMATAN":"BEKASI SELATAN","ID_DESA":"32.75.04.1005","DESA":"KAYURINGINJAYA","LONGITUDE":"106.98220549999999","LATITUDE":"-6.2335332","STATUS":"BUKA","TANGGAL PENGUMPULAN":"Q2 2025","TANGGAL UPDATE":"20/06/2025"}},{"type":"Feature","geometry":{"coordinates":[106.9993864,-6.2361067],"type":"Point"},"properties":{"NAMA":"ATM BCA STASIUN BEKASI","TIPE_1":"LAYANAN ATAU JASA","TIPE_2":"ATM","TIPE_3":"BCA","TELEPON":"","ALAMAT":"JALAN PUSDIKLAT RAYA NO.8, MARGA MULYA, BEKASI UTARA, RT.001/RW.001, MARGA MULYA, KEC. BEKASI UTARA, KOTA BKS, JAWA BARAT 17142","ID_PROV":"32","PROVINSI":"JAWA BARAT","ID_KABKOT":"32.75","KABKOT":"KOTA BEKASI","ID_KEC":"32.75.03","KECAMATAN":"BEKASI UTARA","ID_DESA":"32.75.03.1005","DESA":"MARGAMULYA","LONGITUDE":"106.99938639999999","LATITUDE":"-6.2361067","STATUS":"BUKA","TANGGAL PENGUMPULAN":"Q2 2025","TANGGAL UPDATE":"20/06/2025"}},{"type":"Feature","geometry":{"coordinates":[106.9147208,-6.2880722],"type":"Point"},"properties":{"NAMA":"ATM BCA STKIP PANCASILA","TIPE_1":"LAYANAN ATAU JASA","TIPE_2":"ATM","TIPE_3":"BCA","TELEPON":"","ALAMAT":"RT.005/RW.002, JATIRAHAYU, KEC. PD. MELATI, KOTA BKS, JAWA BARAT 17414","ID_PROV":"32","PROVINSI":"JAWA BARAT","ID_KABKOT":"32.75","KABKOT":"KOTA BEKASI","ID_KEC":"32.75.12","KECAMATAN":"PONDOKMELATI","ID_DESA":"32.75.12.1001","DESA":"JATIRAHAYU","LONGITUDE":"106.9147208","LATITUDE":"-6.288072199999999","STATUS":"BUKA","TANGGAL PENGUMPULAN":"Q2 2025","TANGGAL UPDATE":"20/06/2025"}},{"type":"Feature","geometry":{"coordinates":[106.94982429999999,-6.2631304],"type":"Point"},"properties":{"NAMA":"ATM BCA SUPER INDO","TIPE_1":"LAYANAN ATAU JASA","TIPE_2":"ATM","TIPE_3":"BCA","TELEPON":"1 500 888","ALAMAT":"JL. RATNA - JATIBENING NO.70, RT.001/RW.001, JATIBENING, KEC. PD. GEDE, KOTA BKS, JAWA BARAT 17412","ID_PROV":"32","PROVINSI":"JAWA BARAT","ID_KABKOT":"32.75","KABKOT":"KOTA BEKASI","ID_KEC":"32.75.08","KECAMATAN":"PONDOKGEDE","ID_DESA":"32.75.08.1002","DESA":"JATIBENING","LONGITUDE":"106.94982429999999","LATITUDE":"-6.2631304","STATUS":"BUKA","TANGGAL PENGUMPULAN":"Q2 2025","TANGGAL UPDATE":"20/06/2025"}},{"type":"Feature","geometry":{"coordinates":[106.9737231,-6.2204917],"type":"Point"},"properties":{"NAMA":"ATM BCA TARIK TUNAI","TIPE_1":"LAYANAN ATAU JASA","TIPE_2":"ATM","TIPE_3":"BCA","TELEPON":"","ALAMAT":"JL. KALI BARU BARAT, RT.003/RW.001, KOTA BARU, KEC. BEKASI BAR., KOTA BKS, JAWA BARAT 17132","ID_PROV":"32","PROVINSI":"JAWA BARAT","ID_KABKOT":"32.75","KABKOT":"KOTA BEKASI","ID_KEC":"32.75.02","KECAMATAN":"BEKASI BARAT","ID_DESA":"32.75.02.1003","DESA":"KOTABARU","LONGITUDE":"106.9737231","LATITUDE":"-6.220491699999999","STATUS":"BUKA","TANGGAL PENGUMPULAN":"Q2 2025","TANGGAL UPDATE":"20/06/2025"}},{"type":"Feature","geometry":{"coordinates":[106.9731527,-6.2750789],"type":"Point"},"properties":{"NAMA":"ATM BERSAMA","TIPE_1":"LAYANAN ATAU JASA","TIPE_2":"ATM","TIPE_3":"ATM BERSAMA","TELEPON":"","ALAMAT":"JL. BIMA NO.3, RT.001/RW.002, JAKA SETIA, KEC. BEKASI SEL., KOTA BKS, JAWA BARAT 17147","ID_PROV":"32","PROVINSI":"JAWA BARAT","ID_KABKOT":"32.75","KABKOT":"KOTA BEKASI","ID_KEC":"32.75.04","KECAMATAN":"BEKASI SELATAN","ID_DESA":"32.75.04.1004","DESA":"JAKASETIA","LONGITUDE":"106.9731527","LATITUDE":"-6.2750789","STATUS":"BUKA","TANGGAL PENGUMPULAN":"Q2 2025","TANGGAL UPDATE":"20/06/2025"}},{"type":"Feature","geometry":{"coordinates":[106.9175496,-6.2620128],"type":"Point"},"properties":{"NAMA":"ATM BERSAMA","TIPE_1":"LAYANAN ATAU JASA","TIPE_2":"ATM","TIPE_3":"ATM BERSAMA","TELEPON":"","ALAMAT":"JL. WADAS RAYA, RT.006/RW.003, JATICEMPAKA, KEC. PD. GEDE, KOTA BKS, JAWA BARAT 13620","ID_PROV":"32","PROVINSI":"JAWA BARAT","ID_KABKOT":"32.75","KABKOT":"KOTA BEKASI","ID_KEC":"32.75.08","KECAMATAN":"PONDOKGEDE","ID_DESA":"32.75.08.1007","DESA":"JATICEMPAKA","LONGITUDE":"106.9175496","LATITUDE":"-6.2620128","STATUS":"BUKA","TANGGAL PENGUMPULAN":"Q2 2025","TANGGAL UPDATE":"20/06/2025"}},{"type":"Feature","geometry":{"coordinates":[106.983118,-6.2285171],"type":"Point"},"properties":{"NAMA":"ATM BERSAMA","TIPE_1":"LAYANAN ATAU JASA","TIPE_2":"ATM","TIPE_3":"ATM BERSAMA","TELEPON":"","ALAMAT":"GRAND MAL BEKASI, JALAN JENDERAL SUDIRMAN, HARAPAN MULYA, MEDAN SATRIA, RT.001/RW.005, KAYURINGIN JAYA, KEC. BEKASI SEL., KOTA BKS, JAWA BARAT 17142","ID_PROV":"32","PROVINSI":"JAWA BARAT","ID_KABKOT":"32.75","KABKOT":"KOTA BEKASI","ID_KEC":"32.75.06","KECAMATAN":"MEDANSATRIA","ID_DESA":"32.75.06.1002","DESA":"HARAPANMULYA","LONGITUDE":"106.98311799999999","LATITUDE":"-6.2285170999999995","STATUS":"BUKA","TANGGAL PENGUMPULAN":"Q2 2025","TANGGAL UPDATE":"20/06/2025"}},{"type":"Feature","geometry":{"coordinates":[107.0207565,-6.2582583],"type":"Point"},"properties":{"NAMA":"ATM BERSAMA","TIPE_1":"LAYANAN ATAU JASA","TIPE_2":"ATM","TIPE_3":"ATM BERSAMA","TELEPON":"","ALAMAT":"UGF, BEKASI TRADE CENTRE, JL. H. M. DJOYOMARTONO, MARGAHAYU, 90, BEKASI TIMUR, 17113 BEKASI, JAWA BARAT, RT.003/RW.021, MARGAHAYU, BEKASI TIMUR, BEKASI, WEST JAVA 17113","ID_PROV":"32","PROVINSI":"JAWA BARAT","ID_KABKOT":"32.75","KABKOT":"KOTA BEKASI","ID_KEC":"32.75.01","KECAMATAN":"BEKASI TIMUR","ID_DESA":"32.75.01.1002","DESA":"MARGAHAYU","LONGITUDE":"107.02075649999999","LATITUDE":"-6.2582583","STATUS":"BUKA","TANGGAL PENGUMPULAN":"Q2 2025","TANGGAL UPDATE":"20/06/2025"}},{"type":"Feature","geometry":{"coordinates":[107.0103604,-6.3166082],"type":"Point"},"properties":{"NAMA":"ATM BERSAMA PADURENAN","TIPE_1":"LAYANAN ATAU JASA","TIPE_2":"ATM","TIPE_3":"ATM BERSAMA","TELEPON":"","ALAMAT":"JL. RAYA BANTAR GEBANG - SETU NO.18, RT.003/RW.007, PADURENAN, KEC. MUSTIKA JAYA, KOTA BKS, JAWA BARAT 16340","ID_PROV":"32","PROVINSI":"JAWA BARAT","ID_KABKOT":"32.75","KABKOT":"KOTA BEKASI","ID_KEC":"32.75.11","KECAMATAN":"MUSTIKAJAYA","ID_DESA":"32.75.11.1001","DESA":"PADURENAN","LONGITUDE":"107.0103604","LATITUDE":"-6.3166082","STATUS":"BUKA","TANGGAL PENGUMPULAN":"Q2 2025","TANGGAL UPDATE":"20/06/2025"}},{"type":"Feature","geometry":{"coordinates":[107.02158329999999,-6.2587247],"type":"Point"},"properties":{"NAMA":"ATM BNI","TIPE_1":"LAYANAN ATAU JASA","TIPE_2":"ATM","TIPE_3":"BNI","TELEPON":"","ALAMAT":"ATM CENTER, BKS TRADE CENTER, JL. HM. JOYO MARTONO LANTAI BASEMENT, RT.003/RW.021, MARGAHAYU, KEC. BEKASI TIM., KOTA BKS, JAWA BARAT 17113","ID_PROV":"32","PROVINSI":"JAWA BARAT","ID_KABKOT":"32.75","KABKOT":"KOTA BEKASI","ID_KEC":"32.75.01","KECAMATAN":"BEKASI TIMUR","ID_DESA":"32.75.01.1002","DESA":"MARGAHAYU","LONGITUDE":"107.02158329999999","LATITUDE":"-6.2587247","STATUS":"BUKA","TANGGAL PENGUMPULAN":"Q2 2025","TANGGAL UPDATE":"20/06/2025"}},{"type":"Feature","geometry":{"coordinates":[107.00289629999999,-6.286852],"type":"Point"},"properties":{"NAMA":"ATM BNI","TIPE_1":"LAYANAN ATAU JASA","TIPE_2":"ATM","TIPE_3":"BNI","TELEPON":"","ALAMAT":"JL. BOJONG PERMAI III NO.5, RT.001/RW.015, BOJONG RAWALUMBU, RAWA LUMBU, BEKASI, WEST JAVA 17116","ID_PROV":"32","PROVINSI":"JAWA BARAT","ID_KABKOT":"32.75","KABKOT":"KOTA BEKASI","ID_KEC":"32.75.05","KECAMATAN":"RAWALUMBU","ID_DESA":"32.75.05.1001","DESA":"BOJONG RAWALUMBU","LONGITUDE":"107.00289629999999","LATITUDE":"-6.286852","STATUS":"BUKA","TANGGAL PENGUMPULAN":"Q2 2025","TANGGAL UPDATE":"20/06/2025"}},{"type":"Feature","geometry":{"coordinates":[107.0068771,-6.2447281],"type":"Point"},"properties":{"NAMA":"ATM BNI","TIPE_1":"LAYANAN ATAU JASA","TIPE_2":"ATM","TIPE_3":"BNI","TELEPON":"","ALAMAT":"JL. DEWI SARTIKA NO.9, RT.005/RW.005, MARGAHAYU, KEC. BEKASI TIM., KOTA BKS, JAWA BARAT 17113","ID_PROV":"32","PROVINSI":"JAWA BARAT","ID_KABKOT":"32.75","KABKOT":"KOTA BEKASI","ID_KEC":"32.75.01","KECAMATAN":"BEKASI TIMUR","ID_DESA":"32.75.01.1002","DESA":"MARGAHAYU","LONGITUDE":"107.0068771","LATITUDE":"-6.2447281","STATUS":"BUKA","TANGGAL PENGUMPULAN":"Q2 2025","TANGGAL UPDATE":"20/06/2025"}},{"type":"Feature","geometry":{"coordinates":[106.9596773,-6.2205803],"type":"Point"},"properties":{"NAMA":"ATM BNI","TIPE_1":"LAYANAN ATAU JASA","TIPE_2":"ATM","TIPE_3":"BNI","TELEPON":"","ALAMAT":"JL. I GUSTI NGURAH RAI NO.127, RT.011/RW.012, BINTARA, KEC. BEKASI BAR., KOTA BKS, JAWA BARAT 17134","ID_PROV":"32","PROVINSI":"JAWA BARAT","ID_KABKOT":"32.75","KABKOT":"KOTA BEKASI","ID_KEC":"32.75.02","KECAMATAN":"BEKASI BARAT","ID_DESA":"32.75.02.1001","DESA":"BINTARA","LONGITUDE":"106.9596773","LATITUDE":"-6.2205803","STATUS":"BUKA","TANGGAL PENGUMPULAN":"Q2 2025","TANGGAL UPDATE":"20/06/2025"}},{"type":"Feature","geometry":{"coordinates":[107.0172369,-6.206853],"type":"Point"},"properties":{"NAMA":"ATM BNI","TIPE_1":"LAYANAN ATAU JASA","TIPE_2":"ATM","TIPE_3":"BNI","TELEPON":"","ALAMAT":"JL. KALI ABANG TENGAH NO.11, PERWIRA, KEC. BEKASI UTARA, KOTA BKS, JAWA BARAT 17124","ID_PROV":"32","PROVINSI":"JAWA BARAT","ID_KABKOT":"32.75","KABKOT":"KOTA BEKASI","ID_KEC":"32.75.03","KECAMATAN":"BEKASI UTARA","ID_DESA":"32.75.03.1002","DESA":"PERWIRA","LONGITUDE":"107.0172369","LATITUDE":"-6.206853","STATUS":"BUKA","TANGGAL PENGUMPULAN":"Q2 2025","TANGGAL UPDATE":"20/06/2025"}},{"type":"Feature","geometry":{"coordinates":[107.0316357,-6.2911327],"type":"Point"},"properties":{"NAMA":"ATM BNI","TIPE_1":"LAYANAN ATAU JASA","TIPE_2":"ATM","TIPE_3":"BNI","TELEPON":"","ALAMAT":"JL. MUSTIKA JAYA NO.9 3, RT.004/RW.011, MUSTIKAJAYA, KEC. MUSTIKA JAYA, KOTA BKS, JAWA BARAT 17158","ID_PROV":"32","PROVINSI":"JAWA BARAT","ID_KABKOT":"32.75","KABKOT":"KOTA BEKASI","ID_KEC":"32.75.11","KECAMATAN":"MUSTIKAJAYA","ID_DESA":"32.75.11.1003","DESA":"MUSTIKAJAYA","LONGITUDE":"107.0316357","LATITUDE":"-6.2911326999999995","STATUS":"BUKA","TANGGAL PENGUMPULAN":"Q2 2025","TANGGAL UPDATE":"20/06/2025"}},{"type":"Feature","geometry":{"coordinates":[107.0014392,-6.2479661],"type":"Point"},"properties":{"NAMA":"ATM BNI","TIPE_1":"LAYANAN ATAU JASA","TIPE_2":"ATM","TIPE_3":"BNI","TELEPON":"","ALAMAT":"JL. RA KARTINI NO.11D, RT.004/RW.003, MARGAHAYU, KEC. BEKASI TIM., KOTA BKS, JAWA BARAT 17113","ID_PROV":"32","PROVINSI":"JAWA BARAT","ID_KABKOT":"32.75","KABKOT":"KOTA BEKASI","ID_KEC":"32.75.01","KECAMATAN":"BEKASI TIMUR","ID_DESA":"32.75.01.1002","DESA":"MARGAHAYU","LONGITUDE":"107.0014392","LATITUDE":"-6.247966099999999","STATUS":"BUKA","TANGGAL PENGUMPULAN":"Q2 2025","TANGGAL UPDATE":"20/06/2025"}},{"type":"Feature","geometry":{"coordinates":[106.9462182,-6.2494326],"type":"Point"},"properties":{"NAMA":"ATM BNI","TIPE_1":"LAYANAN ATAU JASA","TIPE_2":"ATM","TIPE_3":"BNI","TELEPON":"(021) 1500046","ALAMAT":"JL. RAYA KALIMALANG NO.1, RT.004/RW.003, BINTARA JAYA, BEKASI BARAT, BEKASI, WEST JAVA 17136","ID_PROV":"32","PROVINSI":"JAWA BARAT","ID_KABKOT":"32.75","KABKOT":"KOTA BEKASI","ID_KEC":"32.75.02","KECAMATAN":"BEKASI BARAT","ID_DESA":"32.75.02.1004","DESA":"BINTARAJAYA","LONGITUDE":"106.94621819999999","LATITUDE":"-6.2494326","STATUS":"BUKA","TANGGAL PENGUMPULAN":"Q2 2025","TANGGAL UPDATE":"20/06/2025"}},{"type":"Feature","geometry":{"coordinates":[106.969039,-6.249026],"type":"Point"},"properties":{"NAMA":"ATM BNI","TIPE_1":"LAYANAN ATAU JASA","TIPE_2":"ATM","TIPE_3":"BNI","TELEPON":"(021) 57899999","ALAMAT":"JL. RAYA KALIMALANG, RT.005/RW.006A, JAKASAMPURNA, KEC. BEKASI BAR., KOTA BKS, JAWA BARAT 17145","ID_PROV":"32","PROVINSI":"JAWA BARAT","ID_KABKOT":"32.75","KABKOT":"KOTA BEKASI","ID_KEC":"32.75.02","KECAMATAN":"BEKASI BARAT","ID_DESA":"32.75.02.1005","DESA":"JAKASAMPURNA","LONGITUDE":"106.969039","LATITUDE":"-6.249026","STATUS":"BUKA","TANGGAL PENGUMPULAN":"Q2 2025","TANGGAL UPDATE":"20/06/2025"}},{"type":"Feature","geometry":{"coordinates":[106.9249365,-6.310198],"type":"Point"},"properties":{"NAMA":"ATM BNI","TIPE_1":"LAYANAN ATAU JASA","TIPE_2":"ATM","TIPE_3":"BNI","TELEPON":"","ALAMAT":"JL. TOL LKR. LUAR JKT NO.7, RT.001/RW.2, JATIWARNA, KEC. PD. MELATI, KOTA BKS, JAWA BARAT 17415","ID_PROV":"32","PROVINSI":"JAWA BARAT","ID_KABKOT":"32.75","KABKOT":"KOTA BEKASI","ID_KEC":"32.75.12","KECAMATAN":"PONDOKMELATI","ID_DESA":"32.75.12.1002","DESA":"JATIWARNA","LONGITUDE":"106.9249365","LATITUDE":"-6.310198","STATUS":"BUKA","TANGGAL PENGUMPULAN":"Q2 2025","TANGGAL UPDATE":"20/06/2025"}},{"type":"Feature","geometry":{"coordinates":[106.9195032,-6.3698106],"type":"Point"},"properties":{"NAMA":"ATM BNI","TIPE_1":"LAYANAN ATAU JASA","TIPE_2":"ATM","TIPE_3":"BNI","TELEPON":"","ALAMAT":"RT.003/RW.001, JATISAMPURNA, KEC. JATISAMPURNA, KOTA BKS, JAWA BARAT 17433","ID_PROV":"32","PROVINSI":"JAWA BARAT","ID_KABKOT":"32.75","KABKOT":"KOTA BEKASI","ID_KEC":"32.75.10","KECAMATAN":"JATISAMPURNA","ID_DESA":"32.75.10.1001","DESA":"JATISAMPURNA","LONGITUDE":"106.9195032","LATITUDE":"-6.3698106","STATUS":"BUKA","TANGGAL PENGUMPULAN":"Q2 2025","TANGGAL UPDATE":"20/06/2025"}},{"type":"Feature","geometry":{"coordinates":[107.0262333,-6.3087493],"type":"Point"},"properties":{"NAMA":"ATM BNI","TIPE_1":"LAYANAN ATAU JASA","TIPE_2":"ATM","TIPE_3":"BNI","TELEPON":"","ALAMAT":"JL. ZAMRUD UTARA, RT.006/RW.010, CIMUNING, KEC. MUSTIKA JAYA, KOTA BKS, JAWA BARAT 16340","ID_PROV":"32","PROVINSI":"JAWA BARAT","ID_KABKOT":"32.75","KABKOT":"KOTA BEKASI","ID_KEC":"32.75.11","KECAMATAN":"MUSTIKAJAYA","ID_DESA":"32.75.11.1002","DESA":"CIMUNING","LONGITUDE":"107.0262333","LATITUDE":"-6.3087493","STATUS":"BUKA","TANGGAL PENGUMPULAN":"Q2 2025","TANGGAL UPDATE":"20/06/2025"}},{"type":"Feature","geometry":{"coordinates":[107.0030147,-6.2530182],"type":"Point"},"properties":{"NAMA":"ATM BNI","TIPE_1":"LAYANAN ATAU JASA","TIPE_2":"ATM","TIPE_3":"BNI","TELEPON":"","ALAMAT":"MAJOR MUTMUIN HASIBUAN NO.59, RT.004/RW.004, MARGAHAYU, KEC. BEKASI TIM., KOTA BKS, JAWA BARAT 17113","ID_PROV":"32","PROVINSI":"JAWA BARAT","ID_KABKOT":"32.75","KABKOT":"KOTA BEKASI","ID_KEC":"32.75.01","KECAMATAN":"BEKASI TIMUR","ID_DESA":"32.75.01.1002","DESA":"MARGAHAYU","LONGITUDE":"107.0030147","LATITUDE":"-6.2530182","STATUS":"BUKA","TANGGAL PENGUMPULAN":"Q2 2025","TANGGAL UPDATE":"20/06/2025"}},{"type":"Feature","geometry":{"coordinates":[106.9258004,-6.347119],"type":"Point"},"properties":{"NAMA":"ATM BNI","TIPE_1":"LAYANAN ATAU JASA","TIPE_2":"ATM","TIPE_3":"BNI","TELEPON":"(021) 1500046","ALAMAT":"RUMAH SAKIT JATISAMPURNA, JL. STUDIO ANTV, JATISAMPURNA, RT.003/RW.007, JATIRADEN, KEC. JATISAMPURNA, KOTA BKS, JAWA BARAT 17432","ID_PROV":"32","PROVINSI":"JAWA BARAT","ID_KABKOT":"32.75","KABKOT":"KOTA BEKASI","ID_KEC":"32.75.10","KECAMATAN":"JATISAMPURNA","ID_DESA":"32.75.10.1005","DESA":"JATIRADEN","LONGITUDE":"106.9258004","LATITUDE":"-6.347118999999999","STATUS":"BUKA","TANGGAL PENGUMPULAN":"Q2 2025","TANGGAL UPDATE":"20/06/2025"}},{"type":"Feature","geometry":{"coordinates":[106.9237644,-6.3323507],"type":"Point"},"properties":{"NAMA":"ATM BNI","TIPE_1":"LAYANAN ATAU JASA","TIPE_2":"ATM","TIPE_3":"BNI","TELEPON":"","ALAMAT":"JL. RAYA HANKAM, RT.003/RW.1, JATIMURNI, KEC. PD. MELATI, KOTA BKS, JAWA BARAT 17431","ID_PROV":"32","PROVINSI":"JAWA BARAT","ID_KABKOT":"32.75","KABKOT":"KOTA BEKASI","ID_KEC":"32.75.12","KECAMATAN":"PONDOKMELATI","ID_DESA":"32.75.12.1004","DESA":"JATIMURNI","LONGITUDE":"106.9237644","LATITUDE":"-6.3323507","STATUS":"BUKA","TANGGAL PENGUMPULAN":"Q2 2025","TANGGAL UPDATE":"20/06/2025"}},{"type":"Feature","geometry":{"coordinates":[107.00708189999999,-6.2787575],"type":"Point"},"properties":{"NAMA":"ATM BNI","TIPE_1":"LAYANAN ATAU JASA","TIPE_2":"ATM","TIPE_3":"BNI","TELEPON":"","ALAMAT":"JL. TAMAN NAROGONG INDAH, RT.007/RW.007, PENGASINAN, KEC. RAWALUMBU, KOTA BKS, JAWA BARAT 17116","ID_PROV":"32","PROVINSI":"JAWA BARAT","ID_KABKOT":"32.75","KABKOT":"KOTA BEKASI","ID_KEC":"32.75.05","KECAMATAN":"RAWALUMBU","ID_DESA":"32.75.05.1002","DESA":"PENGASINAN","LONGITUDE":"107.00708189999999","LATITUDE":"-6.278757499999999","STATUS":"BUKA","TANGGAL PENGUMPULAN":"Q2 2025","TANGGAL UPDATE":"20/06/2025"}},{"type":"Feature","geometry":{"coordinates":[106.9151208,-6.376447],"type":"Point"},"properties":{"NAMA":"ATM BNI","TIPE_1":"LAYANAN ATAU JASA","TIPE_2":"ATM","TIPE_3":"BNI","TELEPON":"","ALAMAT":"PLASA CIBUBUR, JL. ALTERNATIF CIBUBUR LT. DASAR, RT.001/RW.003, JATIKARYA, KEC. JATISAMPURNA, KOTA BKS, JAWA BARAT 17435","ID_PROV":"32","PROVINSI":"JAWA BARAT","ID_KABKOT":"32.75","KABKOT":"KOTA BEKASI","ID_KEC":"32.75.10","KECAMATAN":"JATISAMPURNA","ID_DESA":"32.75.10.1002","DESA":"JATIKARYA","LONGITUDE":"106.9151208","LATITUDE":"-6.376447","STATUS":"BUKA","TANGGAL PENGUMPULAN":"Q2 2025","TANGGAL UPDATE":"20/06/2025"}},{"type":"Feature","geometry":{"coordinates":[106.9139206,-6.278917],"type":"Point"},"properties":{"NAMA":"ATM BNI","TIPE_1":"LAYANAN ATAU JASA","TIPE_2":"ATM","TIPE_3":"BNI","TELEPON":"","ALAMAT":"JL. RAYA JATIWARINGIN, RT.001/RW.002, JATIWARINGIN, KEC. PD. GEDE, KOTA JAKARTA TIMUR, DAERAH KHUSUS IBUKOTA JAKARTA 17411","ID_PROV":"32","PROVINSI":"JAWA BARAT","ID_KABKOT":"32.75","KABKOT":"KOTA BEKASI","ID_KEC":"32.75.08","KECAMATAN":"PONDOKGEDE","ID_DESA":"32.75.08.1001","DESA":"JATIWARINGIN","LONGITUDE":"106.9139206","LATITUDE":"-6.278917","STATUS":"BUKA","TANGGAL PENGUMPULAN":"Q2 2025","TANGGAL UPDATE":"20/06/2025"}},{"type":"Feature","geometry":{"coordinates":[106.9114107,-6.2673772],"type":"Point"},"properties":{"NAMA":"ATM BNI","TIPE_1":"LAYANAN ATAU JASA","TIPE_2":"ATM","TIPE_3":"BNI","TELEPON":"","ALAMAT":"BANK BNI, JL. RAYA JATIWARINGIN, RT.007/RW.009, JATICEMPAKA, KEC. PD. GEDE, KOTA BKS, JAWA BARAT 17411","ID_PROV":"32","PROVINSI":"JAWA BARAT","ID_KABKOT":"32.75","KABKOT":"KOTA BEKASI","ID_KEC":"32.75.08","KECAMATAN":"PONDOKGEDE","ID_DESA":"32.75.08.1007","DESA":"JATICEMPAKA","LONGITUDE":"106.91141069999999","LATITUDE":"-6.267377199999999","STATUS":"BUKA","TANGGAL PENGUMPULAN":"Q2 2025","TANGGAL UPDATE":"20/06/2025"}},{"type":"Feature","geometry":{"coordinates":[106.9079528,-6.2631588],"type":"Point"},"properties":{"NAMA":"ATM BNI","TIPE_1":"LAYANAN ATAU JASA","TIPE_2":"ATM","TIPE_3":"BNI","TELEPON":"","ALAMAT":"RT.009/RW.005, JATICEMPAKA, KEC. PD. GEDE, KOTA BKS, JAWA BARAT 13620","ID_PROV":"32","PROVINSI":"JAWA BARAT","ID_KABKOT":"32.75","KABKOT":"KOTA BEKASI","ID_KEC":"32.75.08","KECAMATAN":"PONDOKGEDE","ID_DESA":"32.75.08.1007","DESA":"JATICEMPAKA","LONGITUDE":"106.90795279999999","LATITUDE":"-6.263158799999999","STATUS":"BUKA","TANGGAL PENGUMPULAN":"Q2 2025","TANGGAL UPDATE":"20/06/2025"}},{"type":"Feature","geometry":{"coordinates":[107.0153142,-6.2421159],"type":"Point"},"properties":{"NAMA":"ATM BNI","TIPE_1":"LAYANAN ATAU JASA","TIPE_2":"ATM","TIPE_3":"BNI","TELEPON":"","ALAMAT":"RT.006/RW.002, DUREN JAYA, KEC. BEKASI TIM., KOTA BKS, JAWA BARAT 17111","ID_PROV":"32","PROVINSI":"JAWA BARAT","ID_KABKOT":"32.75","KABKOT":"KOTA BEKASI","ID_KEC":"32.75.01","KECAMATAN":"BEKASI TIMUR","ID_DESA":"32.75.01.1003","DESA":"DURENJAYA","LONGITUDE":"107.01531419999999","LATITUDE":"-6.2421159","STATUS":"BUKA","TANGGAL PENGUMPULAN":"Q2 2025","TANGGAL UPDATE":"20/06/2025"}},{"type":"Feature","geometry":{"coordinates":[107.0243466,-6.222268],"type":"Point"},"properties":{"NAMA":"ATM BNI","TIPE_1":"LAYANAN ATAU JASA","TIPE_2":"ATM","TIPE_3":"BNI","TELEPON":"","ALAMAT":"JL. RAYA PERJUANGAN, RT.001/RW.034, TELUK PUCUNG, BEKASI UTARA, BEKASI, WEST JAVA 17121","ID_PROV":"32","PROVINSI":"JAWA BARAT","ID_KABKOT":"32.75","KABKOT":"KOTA BEKASI","ID_KEC":"32.75.03","KECAMATAN":"BEKASI UTARA","ID_DESA":"32.75.03.1004","DESA":"TELUK PUCUNG","LONGITUDE":"107.0243466","LATITUDE":"-6.222268","STATUS":"BUKA","TANGGAL PENGUMPULAN":"Q2 2025","TANGGAL UPDATE":"20/06/2025"}},{"type":"Feature","geometry":{"coordinates":[106.9924211,-6.2406231],"type":"Point"},"properties":{"NAMA":"ATM BNI","TIPE_1":"LAYANAN ATAU JASA","TIPE_2":"ATM","TIPE_3":"BNI","TELEPON":"","ALAMAT":"RS.MITRA KELUARGA BEKASI BARAT, JL. AHMAD YANI, RT.002/RW.011, KAYURINGIN JAYA, KEC. BEKASI BAR., KOTA BKS, JAWA BARAT 17144","ID_PROV":"32","PROVINSI":"JAWA BARAT","ID_KABKOT":"32.75","KABKOT":"KOTA BEKASI","ID_KEC":"32.75.04","KECAMATAN":"BEKASI SELATAN","ID_DESA":"32.75.04.1005","DESA":"KAYURINGINJAYA","LONGITUDE":"106.9924211","LATITUDE":"-6.2406231","STATUS":"BUKA","TANGGAL PENGUMPULAN":"Q2 2025","TANGGAL UPDATE":"20/06/2025"}},{"type":"Feature","geometry":{"coordinates":[106.9766891,-6.2018057],"type":"Point"},"properties":{"NAMA":"ATM BNI","TIPE_1":"LAYANAN ATAU JASA","TIPE_2":"ATM","TIPE_3":"BNI","TELEPON":"","ALAMAT":"JL. SULTAN AGUNG, RT.003/RW.007, MEDAN SATRIA, KECAMATAN MEDAN SATRIA, KOTA BKS, JAWA BARAT 17132","ID_PROV":"32","PROVINSI":"JAWA BARAT","ID_KABKOT":"32.75","KABKOT":"KOTA BEKASI","ID_KEC":"32.75.06","KECAMATAN":"MEDANSATRIA","ID_DESA":"32.75.06.1001","DESA":"MEDANSATRIA","LONGITUDE":"106.9766891","LATITUDE":"-6.2018056999999995","STATUS":"BUKA","TANGGAL PENGUMPULAN":"Q2 2025","TANGGAL UPDATE":"20/06/2025"}},{"type":"Feature","geometry":{"coordinates":[106.9118484,-6.3762134],"type":"Point"},"properties":{"NAMA":"ATM BNI","TIPE_1":"LAYANAN ATAU JASA","TIPE_2":"ATM","TIPE_3":"BNI","TELEPON":"","ALAMAT":"RS. PERMATA CIBUBUR, JL. ALTERNATIF CIBUBUR NO.6A, RT.001/RW.001, JATIKARYA, KEC. JATISAMPURNA, KOTA BKS, JAWA BARAT 17435","ID_PROV":"32","PROVINSI":"JAWA BARAT","ID_KABKOT":"32.75","KABKOT":"KOTA BEKASI","ID_KEC":"32.75.10","KECAMATAN":"JATISAMPURNA","ID_DESA":"32.75.10.1002","DESA":"JATIKARYA","LONGITUDE":"106.9118484","LATITUDE":"-6.3762134","STATUS":"BUKA","TANGGAL PENGUMPULAN":"Q2 2025","TANGGAL UPDATE":"20/06/2025"}},{"type":"Feature","geometry":{"coordinates":[106.9685876,-6.2964484],"type":"Point"},"properties":{"NAMA":"ATM BNI","TIPE_1":"LAYANAN ATAU JASA","TIPE_2":"ATM","TIPE_3":"BNI","TELEPON":"(021) 1500046","ALAMAT":"RT.009/RW.003, JATIRASA, KEC. JATIASIH, KOTA BKS, JAWA BARAT 17424","ID_PROV":"32","PROVINSI":"JAWA BARAT","ID_KABKOT":"32.75","KABKOT":"KOTA BEKASI","ID_KEC":"32.75.09","KECAMATAN":"JATIASIH","ID_DESA":"32.75.09.1004","DESA":"JATIRASA","LONGITUDE":"106.96858759999999","LATITUDE":"-6.2964484","STATUS":"BUKA","TANGGAL PENGUMPULAN":"Q2 2025","TANGGAL UPDATE":"20/06/2025"}},{"type":"Feature","geometry":{"coordinates":[106.9713984,-6.1930048],"type":"Point"},"properties":{"NAMA":"ATM BNI","TIPE_1":"LAYANAN ATAU JASA","TIPE_2":"ATM","TIPE_3":"BNI","TELEPON":"","ALAMAT":"JL. SULTAN AGUNG, RT.006/RW.007, MEDAN SATRIA, KECAMATAN MEDAN SATRIA, KOTA BKS, JAWA BARAT 17132","ID_PROV":"32","PROVINSI":"JAWA BARAT","ID_KABKOT":"32.75","KABKOT":"KOTA BEKASI","ID_KEC":"32.75.06","KECAMATAN":"MEDANSATRIA","ID_DESA":"32.75.06.1001","DESA":"MEDANSATRIA","LONGITUDE":"106.9713984","LATITUDE":"-6.1930048","STATUS":"BUKA","TANGGAL PENGUMPULAN":"Q2 2025","TANGGAL UPDATE":"20/06/2025"}},{"type":"Feature","geometry":{"coordinates":[106.9813494,-6.1867249],"type":"Point"},"properties":{"NAMA":"ATM BNI","TIPE_1":"LAYANAN ATAU JASA","TIPE_2":"ATM","TIPE_3":"BNI","TELEPON":"","ALAMAT":"JL. BOULEVARD HIJAU RAYA 1A NO.C 2, RT.009/RW.024, PEJUANG, KECAMATAN MEDAN SATRIA, KOTA BKS, JAWA BARAT 17131","ID_PROV":"32","PROVINSI":"JAWA BARAT","ID_KABKOT":"32.75","KABKOT":"KOTA BEKASI","ID_KEC":"32.75.06","KECAMATAN":"MEDANSATRIA","ID_DESA":"32.75.06.1003","DESA":"PEJUANG","LONGITUDE":"106.9813494","LATITUDE":"-6.1867249","STATUS":"BUKA","TANGGAL PENGUMPULAN":"Q2 2025","TANGGAL UPDATE":"20/06/2025"}},{"type":"Feature","geometry":{"coordinates":[106.9239761,-6.2976954],"type":"Point"},"properties":{"NAMA":"ATM BNI - MANDIRI","TIPE_1":"LAYANAN ATAU JASA","TIPE_2":"ATM","TIPE_3":"BNI","TELEPON":"","ALAMAT":"JL. KECAPI RAYA NO.105, RT.001/RW.018, JATIRAHAYU, KEC. PD. MELATI, KOTA BKS, JAWA BARAT 17414","ID_PROV":"32","PROVINSI":"JAWA BARAT","ID_KABKOT":"32.75","KABKOT":"KOTA BEKASI","ID_KEC":"32.75.12","KECAMATAN":"PONDOKMELATI","ID_DESA":"32.75.12.1001","DESA":"JATIRAHAYU","LONGITUDE":"106.92397609999999","LATITUDE":"-6.297695399999999","STATUS":"BUKA","TANGGAL PENGUMPULAN":"Q2 2025","TANGGAL UPDATE":"20/06/2025"}},{"type":"Feature","geometry":{"coordinates":[106.9278375,-6.3108417],"type":"Point"},"properties":{"NAMA":"ATM BNI - PT SSI","TIPE_1":"LAYANAN ATAU JASA","TIPE_2":"ATM","TIPE_3":"BNI","TELEPON":"","ALAMAT":"JL. TOL LKR. LUAR JKT, RT.001/RW.002, JATIWARNA, KEC. PD. MELATI, KOTA BKS, JAWA BARAT 17415","ID_PROV":"32","PROVINSI":"JAWA BARAT","ID_KABKOT":"32.75","KABKOT":"KOTA BEKASI","ID_KEC":"32.75.12","KECAMATAN":"PONDOKMELATI","ID_DESA":"32.75.12.1003","DESA":"JATIMELATI","LONGITUDE":"106.9278375","LATITUDE":"-6.3108417","STATUS":"BUKA","TANGGAL PENGUMPULAN":"Q2 2025","TANGGAL UPDATE":"20/06/2025"}},{"type":"Feature","geometry":{"coordinates":[107.024391,-6.2218192],"type":"Point"},"properties":{"NAMA":"ATM BNI 24 JAM INDOMARET","TIPE_1":"LAYANAN ATAU JASA","TIPE_2":"ATM","TIPE_3":"BNI","TELEPON":"","ALAMAT":"BLOK L-21, JL. GARUDA IV NO.51, RT.005/RW.034, TELUK PUCUNG, BEKASI UTARA, BEKASI, WEST JAVA 17121","ID_PROV":"32","PROVINSI":"JAWA BARAT","ID_KABKOT":"32.75","KABKOT":"KOTA BEKASI","ID_KEC":"32.75.03","KECAMATAN":"BEKASI UTARA","ID_DESA":"32.75.03.1004","DESA":"TELUK PUCUNG","LONGITUDE":"107.024391","LATITUDE":"-6.2218192","STATUS":"BUKA","TANGGAL PENGUMPULAN":"Q2 2025","TANGGAL UPDATE":"20/06/2025"}},{"type":"Feature","geometry":{"coordinates":[107.0012635,-6.2614985],"type":"Point"},"properties":{"NAMA":"ATM BNI 46","TIPE_1":"LAYANAN ATAU JASA","TIPE_2":"ATM","TIPE_3":"BNI","TELEPON":"","ALAMAT":"JL. CUT MUTIA NO.128, RT.001/RW.002, SEPANJANG JAYA, KEC. RAWALUMBU, KOTA BKS, JAWA BARAT 17114","ID_PROV":"32","PROVINSI":"JAWA BARAT","ID_KABKOT":"32.75","KABKOT":"KOTA BEKASI","ID_KEC":"32.75.05","KECAMATAN":"RAWALUMBU","ID_DESA":"32.75.05.1003","DESA":"SEPANJANGJAYA","LONGITUDE":"107.0012635","LATITUDE":"-6.2614985","STATUS":"BUKA","TANGGAL PENGUMPULAN":"Q2 2025","TANGGAL UPDATE":"20/06/2025"}},{"type":"Feature","geometry":{"coordinates":[106.9518612,-6.312782],"type":"Point"},"properties":{"NAMA":"ATM BNI 46","TIPE_1":"LAYANAN ATAU JASA","TIPE_2":"ATM","TIPE_3":"BNI","TELEPON":"","ALAMAT":"JL. WIBAWA MUKTI II JL. DUKUH I NO.12, RT.004/RW.001, JATILUHUR, KEC. JATIASIH, KOTA BKS, JAWA BARAT 17423","ID_PROV":"32","PROVINSI":"JAWA BARAT","ID_KABKOT":"32.75","KABKOT":"KOTA BEKASI","ID_KEC":"32.75.09","KECAMATAN":"JATIASIH","ID_DESA":"32.75.09.1005","DESA":"JATILUHUR","LONGITUDE":"106.9518612","LATITUDE":"-6.3127819999999994","STATUS":"BUKA","TANGGAL PENGUMPULAN":"Q2 2025","TANGGAL UPDATE":"20/06/2025"}},{"type":"Feature","geometry":{"coordinates":[107.0104358,-6.2527944],"type":"Point"},"properties":{"NAMA":"ATM BNI 46","TIPE_1":"LAYANAN ATAU JASA","TIPE_2":"ATM","TIPE_3":"BNI","TELEPON":"","ALAMAT":"PLN UP3 BEKASI, JL. CUT MUTIA NO.44, RT.006/RW.007, MARGAHAYU, KEC. BEKASI TIM., KOTA BKS, JAWA BARAT 17113","ID_PROV":"32","PROVINSI":"JAWA BARAT","ID_KABKOT":"32.75","KABKOT":"KOTA BEKASI","ID_KEC":"32.75.01","KECAMATAN":"BEKASI TIMUR","ID_DESA":"32.75.01.1002","DESA":"MARGAHAYU","LONGITUDE":"107.0104358","LATITUDE":"-6.2527944","STATUS":"BUKA","TANGGAL PENGUMPULAN":"Q2 2025","TANGGAL UPDATE":"20/06/2025"}},{"type":"Feature","geometry":{"coordinates":[106.9611167,-6.2930835],"type":"Point"},"properties":{"NAMA":"ATM BNI 46","TIPE_1":"LAYANAN ATAU JASA","TIPE_2":"ATM","TIPE_3":"BNI","TELEPON":"","ALAMAT":"JL. RAYA JATIASIH, RT.003/RW.004, JATIASIH, KEC. JATIASIH, KOTA BKS, JAWA BARAT 17418","ID_PROV":"32","PROVINSI":"JAWA BARAT","ID_KABKOT":"32.75","KABKOT":"KOTA BEKASI","ID_KEC":"32.75.09","KECAMATAN":"JATIASIH","ID_DESA":"32.75.09.1002","DESA":"JATIASIH","LONGITUDE":"106.96111669999999","LATITUDE":"-6.2930835","STATUS":"BUKA","TANGGAL PENGUMPULAN":"Q2 2025","TANGGAL UPDATE":"20/06/2025"}},{"type":"Feature","geometry":{"coordinates":[106.9945861,-6.1818576],"type":"Point"},"properties":{"NAMA":"ATM BNI AHASS THB (PONDOK UNGU)","TIPE_1":"LAYANAN ATAU JASA","TIPE_2":"ATM","TIPE_3":"BNI","TELEPON":"(021) 57899999","ALAMAT":"JL. TAMAN HARAPAN BARU, RT.007/RW.026, PEJUANG, KEC. BEKASI UTARA, KOTA BKS, JAWA BARAT 17125","ID_PROV":"32","PROVINSI":"JAWA BARAT","ID_KABKOT":"32.75","KABKOT":"KOTA BEKASI","ID_KEC":"32.75.06","KECAMATAN":"MEDANSATRIA","ID_DESA":"32.75.06.1003","DESA":"PEJUANG","LONGITUDE":"106.99458609999999","LATITUDE":"-6.1818576","STATUS":"BUKA","TANGGAL PENGUMPULAN":"Q2 2025","TANGGAL UPDATE":"20/06/2025"}},{"type":"Feature","geometry":{"coordinates":[106.92972909999999,-6.3429928],"type":"Point"},"properties":{"NAMA":"ATM BNI ALFAMART","TIPE_1":"LAYANAN ATAU JASA","TIPE_2":"ATM","TIPE_3":"BNI","TELEPON":"","ALAMAT":"JL. RAYA MESS AL NO.21, RT.004/RW.001, JATIRANGGON, JATISAMPURNA, BEKASI, WEST JAVA 17432","ID_PROV":"32","PROVINSI":"JAWA BARAT","ID_KABKOT":"32.75","KABKOT":"KOTA BEKASI","ID_KEC":"32.75.10","KECAMATAN":"JATISAMPURNA","ID_DESA":"32.75.10.1003","DESA":"JATIRANGGON","LONGITUDE":"106.92972909999999","LATITUDE":"-6.342992799999999","STATUS":"BUKA","TANGGAL PENGUMPULAN":"Q2 2025","TANGGAL UPDATE":"20/06/2025"}},{"type":"Feature","geometry":{"coordinates":[106.9726147,-6.2566659],"type":"Point"},"properties":{"NAMA":"ATM BNI ALFAMART GALAXY 2","TIPE_1":"LAYANAN ATAU JASA","TIPE_2":"ATM","TIPE_3":"BNI","TELEPON":"(021) 57899999","ALAMAT":"RT.007/RW.014, JAKA SETIA, KEC. BEKASI SEL., KOTA BKS, JAWA BARAT 17147","ID_PROV":"32","PROVINSI":"JAWA BARAT","ID_KABKOT":"32.75","KABKOT":"KOTA BEKASI","ID_KEC":"32.75.04","KECAMATAN":"BEKASI SELATAN","ID_DESA":"32.75.04.1004","DESA":"JAKASETIA","LONGITUDE":"106.9726147","LATITUDE":"-6.2566659","STATUS":"BUKA","TANGGAL PENGUMPULAN":"Q2 2025","TANGGAL UPDATE":"20/06/2025"}},{"type":"Feature","geometry":{"coordinates":[107.02737,-6.238709],"type":"Point"},"properties":{"NAMA":"ATM BNI ALFAMART SAKURA REGENCY","TIPE_1":"LAYANAN ATAU JASA","TIPE_2":"ATM","TIPE_3":"BNI","TELEPON":"(021) 57899999","ALAMAT":"JL. RAYA PARPOSTEL, RT.003/RW.002, AREN JAYA, KEC. JATIASIH, KOTA BKS, JAWA BARAT 17425","ID_PROV":"32","PROVINSI":"JAWA BARAT","ID_KABKOT":"32.75","KABKOT":"KOTA BEKASI","ID_KEC":"32.75.01","KECAMATAN":"BEKASI TIMUR","ID_DESA":"32.75.01.1004","DESA":"ARENJAYA","LONGITUDE":"107.02736999999999","LATITUDE":"-6.238709","STATUS":"BUKA","TANGGAL PENGUMPULAN":"Q2 2025","TANGGAL UPDATE":"20/06/2025"}},{"type":"Feature","geometry":{"coordinates":[106.9853936,-6.3115855],"type":"Point"},"properties":{"NAMA":"ATM BNI BANTARGEBANG","TIPE_1":"LAYANAN ATAU JASA","TIPE_2":"ATM","TIPE_3":"BNI","TELEPON":"(021) 57899999","ALAMAT":"JL. SILIWANGI NO.3 RT 03/01 DS, RT.003/RW.001, BANTARGEBANG, BANTAR GEBANG, BEKASI, WEST JAVA 17151","ID_PROV":"32","PROVINSI":"JAWA BARAT","ID_KABKOT":"32.75","KABKOT":"KOTA BEKASI","ID_KEC":"32.75.07","KECAMATAN":"BANTARGEBANG","ID_DESA":"32.75.07.1003","DESA":"BANTARGEBANG","LONGITUDE":"106.9853936","LATITUDE":"-6.3115855","STATUS":"BUKA","TANGGAL PENGUMPULAN":"Q2 2025","TANGGAL UPDATE":"20/06/2025"}},{"type":"Feature","geometry":{"coordinates":[107.009655,-6.254615],"type":"Point"},"properties":{"NAMA":"ATM BNI BEKASI TRADE CENTRE","TIPE_1":"LAYANAN ATAU JASA","TIPE_2":"ATM","TIPE_3":"BNI","TELEPON":"(021) 57899999","ALAMAT":"JALAN HM.JOYOMARTONO, RT.006/RW.009, MARGAHAYU, KEC. BEKASI TIM., KOTA BKS, JAWA BARAT 17113","ID_PROV":"32","PROVINSI":"JAWA BARAT","ID_KABKOT":"32.75","KABKOT":"KOTA BEKASI","ID_KEC":"32.75.01","KECAMATAN":"BEKASI TIMUR","ID_DESA":"32.75.01.1002","DESA":"MARGAHAYU","LONGITUDE":"107.009655","LATITUDE":"-6.254614999999999","STATUS":"BUKA","TANGGAL PENGUMPULAN":"Q2 2025","TANGGAL UPDATE":"20/06/2025"}},{"type":"Feature","geometry":{"coordinates":[106.9850644,-6.2974435],"type":"Point"},"properties":{"NAMA":"ATM MAYBANK","TIPE_1":"LAYANAN ATAU JASA","TIPE_2":"ATM","TIPE_3":"MAYBANK","TELEPON":"","ALAMAT":"JL. SILIWANGI NO.41, RT.004/RW.006, BOJONG MENTENG, KEC. RAWALUMBU, KOTA BKS, JAWA BARAT 17117","ID_PROV":"32","PROVINSI":"JAWA BARAT","ID_KABKOT":"32.75","KABKOT":"KOTA BEKASI","ID_KEC":"32.75.05","KECAMATAN":"RAWALUMBU","ID_DESA":"32.75.05.1004","DESA":"BOJONGMENTENG","LONGITUDE":"106.9850644","LATITUDE":"-6.2974435","STATUS":"BUKA","TANGGAL PENGUMPULAN":"Q2 2025","TANGGAL UPDATE":"20/06/2025"}},{"type":"Feature","geometry":{"coordinates":[107.01144629999999,-6.2480552],"type":"Point"},"properties":{"NAMA":"ATM BNI BOROBUDUR BEKASI","TIPE_1":"LAYANAN ATAU JASA","TIPE_2":"ATM","TIPE_3":"BNI","TELEPON":"(021) 57899999","ALAMAT":"JL. INSINYUR H. JUANDA, RT.002/RW.009, MARGAHAYU, KEC. BEKASI TIM., KOTA BKS, JAWA BARAT 17113","ID_PROV":"32","PROVINSI":"JAWA BARAT","ID_KABKOT":"32.75","KABKOT":"KOTA BEKASI","ID_KEC":"32.75.01","KECAMATAN":"BEKASI TIMUR","ID_DESA":"32.75.01.1002","DESA":"MARGAHAYU","LONGITUDE":"107.01144629999999","LATITUDE":"-6.2480552","STATUS":"BUKA","TANGGAL PENGUMPULAN":"Q2 2025","TANGGAL UPDATE":"20/06/2025"}},{"type":"Feature","geometry":{"coordinates":[107.0262589,-6.3009565],"type":"Point"},"properties":{"NAMA":"ATM BNI BUMYAGARA","TIPE_1":"LAYANAN ATAU JASA","TIPE_2":"ATM","TIPE_3":"BNI","TELEPON":"","ALAMAT":"JL. GRAHA HARAPAN NO.2 BLOK F1, RT.009/RW.018, MUSTIKAJAYA, KEC. MUSTIKA JAYA, KOTA BKS, JAWA BARAT 17158","ID_PROV":"32","PROVINSI":"JAWA BARAT","ID_KABKOT":"32.75","KABKOT":"KOTA BEKASI","ID_KEC":"32.75.11","KECAMATAN":"MUSTIKAJAYA","ID_DESA":"32.75.11.1003","DESA":"MUSTIKAJAYA","LONGITUDE":"107.0262589","LATITUDE":"-6.3009565","STATUS":"BUKA","TANGGAL PENGUMPULAN":"Q2 2025","TANGGAL UPDATE":"20/06/2025"}},{"type":"Feature","geometry":{"coordinates":[107.0077569,-6.2558882],"type":"Point"},"properties":{"NAMA":"ATM BNI CARREFOUR BLU MALL","TIPE_1":"LAYANAN ATAU JASA","TIPE_2":"ATM","TIPE_3":"BNI","TELEPON":"(021) 1500046","ALAMAT":"JL. CHAIRIL ANWAR, RT.004/RW.009, MARGAHAYU, KEC. BEKASI TIM., KOTA BKS, JAWA BARAT 17113","ID_PROV":"32","PROVINSI":"JAWA BARAT","ID_KABKOT":"32.75","KABKOT":"KOTA BEKASI","ID_KEC":"32.75.01","KECAMATAN":"BEKASI TIMUR","ID_DESA":"32.75.01.1002","DESA":"MARGAHAYU","LONGITUDE":"107.00775689999999","LATITUDE":"-6.255888199999999","STATUS":"BUKA","TANGGAL PENGUMPULAN":"Q2 2025","TANGGAL UPDATE":"20/06/2025"}},{"type":"Feature","geometry":{"coordinates":[106.9814843,-6.1817652],"type":"Point"},"properties":{"NAMA":"ATM BNI CARREFOUR HARAPAN INDAH","TIPE_1":"LAYANAN ATAU JASA","TIPE_2":"ATM","TIPE_3":"BNI","TELEPON":"(021) 57899999","ALAMAT":"RT.016/RW.017, PEJUANG, KECAMATAN MEDAN SATRIA, KOTA BKS, JAWA BARAT 17133","ID_PROV":"32","PROVINSI":"JAWA BARAT","ID_KABKOT":"32.75","KABKOT":"KOTA BEKASI","ID_KEC":"32.75.06","KECAMATAN":"MEDANSATRIA","ID_DESA":"32.75.06.1003","DESA":"PEJUANG","LONGITUDE":"106.98148429999999","LATITUDE":"-6.1817652","STATUS":"BUKA","TANGGAL PENGUMPULAN":"Q2 2025","TANGGAL UPDATE":"20/06/2025"}},{"type":"Feature","geometry":{"coordinates":[106.9299671,-6.3108924],"type":"Point"},"properties":{"NAMA":"ATM BNI DIAN MOBIL","TIPE_1":"LAYANAN ATAU JASA","TIPE_2":"ATM","TIPE_3":"BNI","TELEPON":"(021) 57899999","ALAMAT":"RT.003/RW.002, JATIMELATI, KEC. PD. MELATI, KOTA BKS, JAWA BARAT 17415","ID_PROV":"32","PROVINSI":"JAWA BARAT","ID_KABKOT":"32.75","KABKOT":"KOTA BEKASI","ID_KEC":"32.75.12","KECAMATAN":"PONDOKMELATI","ID_DESA":"32.75.12.1003","DESA":"JATIMELATI","LONGITUDE":"106.9299671","LATITUDE":"-6.310892399999999","STATUS":"BUKA","TANGGAL PENGUMPULAN":"Q2 2025","TANGGAL UPDATE":"20/06/2025"}},{"type":"Feature","geometry":{"coordinates":[107.007894,-6.2450797],"type":"Point"},"properties":{"NAMA":"ATM BNI GALLERY ATM BEKASI JUNCTION","TIPE_1":"LAYANAN ATAU JASA","TIPE_2":"ATM","TIPE_3":"BNI","TELEPON":"(021) 57899999","ALAMAT":"RT.005/RW.001, BEKASI JAYA, KEC. BEKASI TIM., KOTA BKS, JAWA BARAT 17112","ID_PROV":"32","PROVINSI":"JAWA BARAT","ID_KABKOT":"32.75","KABKOT":"KOTA BEKASI","ID_KEC":"32.75.01","KECAMATAN":"BEKASI TIMUR","ID_DESA":"32.75.01.1001","DESA":"BEKASIJAYA","LONGITUDE":"107.007894","LATITUDE":"-6.2450797","STATUS":"BUKA","TANGGAL PENGUMPULAN":"Q2 2025","TANGGAL UPDATE":"20/06/2025"}},{"type":"Feature","geometry":{"coordinates":[106.9104591,-6.2845292],"type":"Point"},"properties":{"NAMA":"ATM BNI GALLERY ATM KCP PLZ PONDOK GD","TIPE_1":"LAYANAN ATAU JASA","TIPE_2":"ATM","TIPE_3":"BNI","TELEPON":"(021) 57899999","ALAMAT":"RT.001/RW.12, JATIWARINGIN, KEC. PD. GEDE, KOTA BKS, JAWA BARAT 17411","ID_PROV":"32","PROVINSI":"JAWA BARAT","ID_KABKOT":"32.75","KABKOT":"KOTA BEKASI","ID_KEC":"32.75.08","KECAMATAN":"PONDOKGEDE","ID_DESA":"32.75.08.1001","DESA":"JATIWARINGIN","LONGITUDE":"106.9104591","LATITUDE":"-6.2845292","STATUS":"BUKA","TANGGAL PENGUMPULAN":"Q2 2025","TANGGAL UPDATE":"20/06/2025"}},{"type":"Feature","geometry":{"coordinates":[106.915202,-6.273068],"type":"Point"},"properties":{"NAMA":"ATM BNI GD. GRAHA KRESNA KENCANA","TIPE_1":"LAYANAN ATAU JASA","TIPE_2":"ATM","TIPE_3":"BNI","TELEPON":"(021) 57899999","ALAMAT":"JL. SANGATTA 3, RT.004/RW.006, JATIWARINGIN, KEC. PD. GEDE, KOTA BKS, JAWA BARAT 17411","ID_PROV":"32","PROVINSI":"JAWA BARAT","ID_KABKOT":"32.75","KABKOT":"KOTA BEKASI","ID_KEC":"32.75.08","KECAMATAN":"PONDOKGEDE","ID_DESA":"32.75.08.1001","DESA":"JATIWARINGIN","LONGITUDE":"106.915202","LATITUDE":"-6.273067999999999","STATUS":"BUKA","TANGGAL PENGUMPULAN":"Q2 2025","TANGGAL UPDATE":"20/06/2025"}},{"type":"Feature","geometry":{"coordinates":[107.016846,-6.24888],"type":"Point"},"properties":{"NAMA":"ATM BNI GEDUNG ARSIP PROYEK","TIPE_1":"LAYANAN ATAU JASA","TIPE_2":"ATM","TIPE_3":"BNI","TELEPON":"(021) 57899999","ALAMAT":"RT.001/RW.009, MARGAHAYU, KEC. BEKASI TIM., KOTA BKS, JAWA BARAT 17113","ID_PROV":"32","PROVINSI":"JAWA BARAT","ID_KABKOT":"32.75","KABKOT":"KOTA BEKASI","ID_KEC":"32.75.01","KECAMATAN":"BEKASI TIMUR","ID_DESA":"32.75.01.1003","DESA":"DURENJAYA","LONGITUDE":"107.016846","LATITUDE":"-6.24888","STATUS":"BUKA","TANGGAL PENGUMPULAN":"Q2 2025","TANGGAL UPDATE":"20/06/2025"}},{"type":"Feature","geometry":{"coordinates":[106.9837126,-6.2283051],"type":"Point"},"properties":{"NAMA":"ATM BNI GRAND MALL","TIPE_1":"LAYANAN ATAU JASA","TIPE_2":"ATM","TIPE_3":"BNI","TELEPON":"(021) 57899999","ALAMAT":"JL. JEND. SUDIRMAN NO.19A, RT.001/RW.005, KRANJI, KEC. BEKASI BAR., KOTA BKS, JAWA BARAT 17135","ID_PROV":"32","PROVINSI":"JAWA BARAT","ID_KABKOT":"32.75","KABKOT":"KOTA BEKASI","ID_KEC":"32.75.06","KECAMATAN":"MEDANSATRIA","ID_DESA":"32.75.06.1002","DESA":"HARAPANMULYA","LONGITUDE":"106.98371259999999","LATITUDE":"-6.2283051","STATUS":"BUKA","TANGGAL PENGUMPULAN":"Q2 2025","TANGGAL UPDATE":"20/06/2025"}},{"type":"Feature","geometry":{"coordinates":[106.9249262,-6.3101437],"type":"Point"},"properties":{"NAMA":"ATM BNI INDOMARET JATIWARNA","TIPE_1":"LAYANAN ATAU JASA","TIPE_2":"ATM","TIPE_3":"BNI","TELEPON":"(021) 57899999","ALAMAT":"RT.001/RW.009, JATIMELATI, KEC. PD. MELATI, KOTA BKS, JAWA BARAT 17415","ID_PROV":"32","PROVINSI":"JAWA BARAT","ID_KABKOT":"32.75","KABKOT":"KOTA BEKASI","ID_KEC":"32.75.12","KECAMATAN":"PONDOKMELATI","ID_DESA":"32.75.12.1002","DESA":"JATIWARNA","LONGITUDE":"106.9249262","LATITUDE":"-6.310143699999999","STATUS":"BUKA","TANGGAL PENGUMPULAN":"Q2 2025","TANGGAL UPDATE":"20/06/2025"}},{"type":"Feature","geometry":{"coordinates":[106.9342157,-6.3614873],"type":"Point"},"properties":{"NAMA":"ATM BNI INDOMARET LURAH NAMAT","TIPE_1":"LAYANAN ATAU JASA","TIPE_2":"ATM","TIPE_3":"BNI","TELEPON":"","ALAMAT":"JL. KRANGGAN, RT.002/RW.009, JATIRANGGA, KEC. JATISAMPURNA, KOTA BKS, JAWA BARAT 17434","ID_PROV":"32","PROVINSI":"JAWA BARAT","ID_KABKOT":"32.75","KABKOT":"KOTA BEKASI","ID_KEC":"32.75.10","KECAMATAN":"JATISAMPURNA","ID_DESA":"32.75.10.1004","DESA":"JATIRANGGA","LONGITUDE":"106.9342157","LATITUDE":"-6.361487299999999","STATUS":"BUKA","TANGGAL PENGUMPULAN":"Q2 2025","TANGGAL UPDATE":"20/06/2025"}},{"type":"Feature","geometry":{"coordinates":[106.93292179999999,-6.328731],"type":"Point"},"properties":{"NAMA":"ATM BNI INDOMARET PURI GADING (F0D)","TIPE_1":"LAYANAN ATAU JASA","TIPE_2":"ATM","TIPE_3":"BNI","TELEPON":"(021) 57899999","ALAMAT":"RT.007/RW.003, JATIMURNI, KEC. PD. MELATI, KOTA BKS, JAWA BARAT 17431","ID_PROV":"32","PROVINSI":"JAWA BARAT","ID_KABKOT":"32.75","KABKOT":"KOTA BEKASI","ID_KEC":"32.75.12","KECAMATAN":"PONDOKMELATI","ID_DESA":"32.75.12.1004","DESA":"JATIMURNI","LONGITUDE":"106.93292179999999","LATITUDE":"-6.328730999999999","STATUS":"BUKA","TANGGAL PENGUMPULAN":"Q2 2025","TANGGAL UPDATE":"20/06/2025"}},{"type":"Feature","geometry":{"coordinates":[106.92237569999999,-6.3465476],"type":"Point"},"properties":{"NAMA":"ATM BNI KAMPUS MERCUBUANA KRANGGAN.","TIPE_1":"LAYANAN ATAU JASA","TIPE_2":"ATM","TIPE_3":"BNI","TELEPON":"","ALAMAT":"JL. RAYA KRANGGAN, RT.006/RW.008, JATIRADEN, KEC. JATISAMPURNA, KOTA BKS, JAWA BARAT 17432","ID_PROV":"32","PROVINSI":"JAWA BARAT","ID_KABKOT":"32.75","KABKOT":"KOTA BEKASI","ID_KEC":"32.75.10","KECAMATAN":"JATISAMPURNA","ID_DESA":"32.75.10.1005","DESA":"JATIRADEN","LONGITUDE":"106.92237569999999","LATITUDE":"-6.3465476","STATUS":"BUKA","TANGGAL PENGUMPULAN":"Q2 2025","TANGGAL UPDATE":"20/06/2025"}},{"type":"Feature","geometry":{"coordinates":[107.0147237,-6.2507647],"type":"Point"},"properties":{"NAMA":"ATM BNI KCP SUMMARECON CASHLESS","TIPE_1":"LAYANAN ATAU JASA","TIPE_2":"ATM","TIPE_3":"BNI","TELEPON":"(021) 57899999","ALAMAT":"RT.001/RW.011, MARGAHAYU, KEC. BEKASI TIM., KOTA BKS, JAWA BARAT 17148","ID_PROV":"32","PROVINSI":"JAWA BARAT","ID_KABKOT":"32.75","KABKOT":"KOTA BEKASI","ID_KEC":"32.75.01","KECAMATAN":"BEKASI TIMUR","ID_DESA":"32.75.01.1002","DESA":"MARGAHAYU","LONGITUDE":"107.01472369999999","LATITUDE":"-6.2507646999999995","STATUS":"BUKA","TANGGAL PENGUMPULAN":"Q2 2025","TANGGAL UPDATE":"20/06/2025"}},{"type":"Feature","geometry":{"coordinates":[106.9934796,-6.2395667],"type":"Point"},"properties":{"NAMA":"ATM BNI KCU BEKASI-NON TUNAI / S1HBKSK042","TIPE_1":"LAYANAN ATAU JASA","TIPE_2":"ATM","TIPE_3":"BNI","TELEPON":"(021) 57899999","ALAMAT":"RT.004/RW.005, MARGA JAYA, KEC. BEKASI SEL., KOTA BKS, JAWA BARAT 17141","ID_PROV":"32","PROVINSI":"JAWA BARAT","ID_KABKOT":"32.75","KABKOT":"KOTA BEKASI","ID_KEC":"32.75.04","KECAMATAN":"BEKASI SELATAN","ID_DESA":"32.75.04.1002","DESA":"MARGAJAYA","LONGITUDE":"106.9934796","LATITUDE":"-6.2395667","STATUS":"BUKA","TANGGAL PENGUMPULAN":"Q2 2025","TANGGAL UPDATE":"20/06/2025"}},{"type":"Feature","geometry":{"coordinates":[106.98899,-6.206793],"type":"Point"},"properties":{"NAMA":"ATM BNI KK GRAND GALAXY","TIPE_1":"LAYANAN ATAU JASA","TIPE_2":"ATM","TIPE_3":"BNI","TELEPON":"(021) 57899999","ALAMAT":"RT.003/RW.005, HARAPAN JAYA, KEC. BEKASI UTARA, KOTA BKS, JAWA BARAT 17148","ID_PROV":"32","PROVINSI":"JAWA BARAT","ID_KABKOT":"32.75","KABKOT":"KOTA BEKASI","ID_KEC":"32.75.03","KECAMATAN":"BEKASI UTARA","ID_DESA":"32.75.03.1006","DESA":"HARAPANJAYA","LONGITUDE":"106.98899","LATITUDE":"-6.206792999999999","STATUS":"BUKA","TANGGAL PENGUMPULAN":"Q2 2025","TANGGAL UPDATE":"20/06/2025"}},{"type":"Feature","geometry":{"coordinates":[106.93292179999999,-6.328731],"type":"Point"},"properties":{"NAMA":"ATM BNI KK JATI MURNI","TIPE_1":"LAYANAN ATAU JASA","TIPE_2":"ATM","TIPE_3":"BNI","TELEPON":"(021) 57899999","ALAMAT":"JL. RAYA HANKAM JL. RAYA KRANGGAN NO.3, RT.007/RW.003, JATIMURNI, KEC. PD. MELATI, KOTA BKS, JAWA BARAT 17431","ID_PROV":"32","PROVINSI":"JAWA BARAT","ID_KABKOT":"32.75","KABKOT":"KOTA BEKASI","ID_KEC":"32.75.12","KECAMATAN":"PONDOKMELATI","ID_DESA":"32.75.12.1004","DESA":"JATIMURNI","LONGITUDE":"106.93292179999999","LATITUDE":"-6.328730999999999","STATUS":"BUKA","TANGGAL PENGUMPULAN":"Q2 2025","TANGGAL UPDATE":"20/06/2025"}},{"type":"Feature","geometry":{"coordinates":[107.00339969999999,-6.2217002],"type":"Point"},"properties":{"NAMA":"ATM BNI KLINIK CAHAYA AMALIA","TIPE_1":"LAYANAN ATAU JASA","TIPE_2":"ATM","TIPE_3":"BNI","TELEPON":"(021) 57899999","ALAMAT":"JL. K. H. MUCHTAR TABRANI BLOK PERWIRA NO.47, RT.006/RW.003, 2, MARGA JAYA, KEC. BEKASI UTARA, KOTA BKS, JAWA BARAT 17124","ID_PROV":"32","PROVINSI":"JAWA BARAT","ID_KABKOT":"32.75","KABKOT":"KOTA BEKASI","ID_KEC":"32.75.03","KECAMATAN":"BEKASI UTARA","ID_DESA":"32.75.03.1002","DESA":"PERWIRA","LONGITUDE":"107.00339969999999","LATITUDE":"-6.2217002","STATUS":"BUKA","TANGGAL PENGUMPULAN":"Q2 2025","TANGGAL UPDATE":"20/06/2025"}},{"type":"Feature","geometry":{"coordinates":[107.0249485,-6.2500098],"type":"Point"},"properties":{"NAMA":"ATM BNI KLN BULAK KAPAL","TIPE_1":"LAYANAN ATAU JASA","TIPE_2":"ATM","TIPE_3":"BNI","TELEPON":"(021) 57899999","ALAMAT":"JL. IR. H. JUANDA NO. 2 - 3, BULAK KAPAL, RT.001/RW.021, MARGAHAYU, KEC. BEKASI TIM., KOTA BKS, JAWA BARAT 17111","ID_PROV":"32","PROVINSI":"JAWA BARAT","ID_KABKOT":"32.75","KABKOT":"KOTA BEKASI","ID_KEC":"32.75.01","KECAMATAN":"BEKASI TIMUR","ID_DESA":"32.75.01.1002","DESA":"MARGAHAYU","LONGITUDE":"107.0249485","LATITUDE":"-6.2500098","STATUS":"BUKA","TANGGAL PENGUMPULAN":"Q2 2025","TANGGAL UPDATE":"20/06/2025"}},{"type":"Feature","geometry":{"coordinates":[106.9860396,-6.183959],"type":"Point"},"properties":{"NAMA":"ATM BNI KLN HARAPAN INDAH","TIPE_1":"LAYANAN ATAU JASA","TIPE_2":"ATM","TIPE_3":"BNI","TELEPON":"(021) 57899999","ALAMAT":"RT.004/RW.010, PEJUANG, KECAMATAN MEDAN SATRIA, KOTA BKS, JAWA BARAT 17131","ID_PROV":"32","PROVINSI":"JAWA BARAT","ID_KABKOT":"32.75","KABKOT":"KOTA BEKASI","ID_KEC":"32.75.06","KECAMATAN":"MEDANSATRIA","ID_DESA":"32.75.06.1003","DESA":"PEJUANG","LONGITUDE":"106.9860396","LATITUDE":"-6.183959","STATUS":"BUKA","TANGGAL PENGUMPULAN":"Q2 2025","TANGGAL UPDATE":"20/06/2025"}},{"type":"Feature","geometry":{"coordinates":[107.020831,-6.248229],"type":"Point"},"properties":{"NAMA":"ATM BNI KLN JUANDA 1","TIPE_1":"LAYANAN ATAU JASA","TIPE_2":"ATM","TIPE_3":"BNI","TELEPON":"(021) 1500046","ALAMAT":"JL. INSINYUR H. JUANDA NO.104 C, RT.004/RW.010, MARGAHAYU, KEC. BEKASI TIM., KOTA BKS, JAWA BARAT 17113","ID_PROV":"32","PROVINSI":"JAWA BARAT","ID_KABKOT":"32.75","KABKOT":"KOTA BEKASI","ID_KEC":"32.75.01","KECAMATAN":"BEKASI TIMUR","ID_DESA":"32.75.01.1002","DESA":"MARGAHAYU","LONGITUDE":"107.020831","LATITUDE":"-6.248228999999999","STATUS":"BUKA","TANGGAL PENGUMPULAN":"Q2 2025","TANGGAL UPDATE":"20/06/2025"}},{"type":"Feature","geometry":{"coordinates":[106.92597,-6.2598248],"type":"Point"},"properties":{"NAMA":"ATM BNI KLN KEMANG 2","TIPE_1":"LAYANAN ATAU JASA","TIPE_2":"ATM","TIPE_3":"BNI","TELEPON":"","ALAMAT":"JL. KEMANG RAYA NO.47 A, RT.006/RW.002, JATIBENING BARU, KEC. PD. GEDE, KOTA BKS, JAWA BARAT 12730","ID_PROV":"32","PROVINSI":"JAWA BARAT","ID_KABKOT":"32.75","KABKOT":"KOTA BEKASI","ID_KEC":"32.75.08","KECAMATAN":"PONDOKGEDE","ID_DESA":"32.75.08.1007","DESA":"JATICEMPAKA","LONGITUDE":"106.92596999999999","LATITUDE":"-6.2598248","STATUS":"BUKA","TANGGAL PENGUMPULAN":"Q2 2025","TANGGAL UPDATE":"20/06/2025"}},{"type":"Feature","geometry":{"coordinates":[106.9877792,-6.2758986],"type":"Point"},"properties":{"NAMA":"ATM BNI KLN KEMANG PRATAMA","TIPE_1":"LAYANAN ATAU JASA","TIPE_2":"ATM","TIPE_3":"BNI","TELEPON":"(021) 57899999","ALAMAT":"JALAN KEMANG PRATAMA RAYA BLOK MM NO. 21 D-E, RT.007/RW.020, SEPANJANG JAYA, KEC. RAWALUMBU, KOTA BKS, JAWA BARAT 17116","ID_PROV":"32","PROVINSI":"JAWA BARAT","ID_KABKOT":"32.75","KABKOT":"KOTA BEKASI","ID_KEC":"32.75.05","KECAMATAN":"RAWALUMBU","ID_DESA":"32.75.05.1001","DESA":"BOJONG RAWALUMBU","LONGITUDE":"106.98777919999999","LATITUDE":"-6.2758986","STATUS":"BUKA","TANGGAL PENGUMPULAN":"Q2 2025","TANGGAL UPDATE":"20/06/2025"}},{"type":"Feature","geometry":{"coordinates":[106.9904041,-6.2776342],"type":"Point"},"properties":{"NAMA":"ATM BNI KLN KEMANG PRATAMA","TIPE_1":"LAYANAN ATAU JASA","TIPE_2":"ATM","TIPE_3":"BNI","TELEPON":"(021) 57899999","ALAMAT":"RT.004/RW.001, BOJONG RAWALUMBU, KEC. RAWALUMBU, KOTA BKS, JAWA BARAT 17116","ID_PROV":"32","PROVINSI":"JAWA BARAT","ID_KABKOT":"32.75","KABKOT":"KOTA BEKASI","ID_KEC":"32.75.05","KECAMATAN":"RAWALUMBU","ID_DESA":"32.75.05.1001","DESA":"BOJONG RAWALUMBU","LONGITUDE":"106.99040409999999","LATITUDE":"-6.2776342","STATUS":"BUKA","TANGGAL PENGUMPULAN":"Q2 2025","TANGGAL UPDATE":"20/06/2025"}},{"type":"Feature","geometry":{"coordinates":[106.9130104,-6.2845842],"type":"Point"},"properties":{"NAMA":"ATM BNI KLN PLAZA PONDOK GEDE","TIPE_1":"LAYANAN ATAU JASA","TIPE_2":"ATM","TIPE_3":"BNI","TELEPON":"(021) 57899999","ALAMAT":"PLAZA PONDOK GEDE LT.DASAR BLOK A NO.5 - 7, RT.001/RW.12, JATIWARINGIN, KEC. PD. GEDE, KOTA BKS, JAWA BARAT 17411","ID_PROV":"32","PROVINSI":"JAWA BARAT","ID_KABKOT":"32.75","KABKOT":"KOTA BEKASI","ID_KEC":"32.75.08","KECAMATAN":"PONDOKGEDE","ID_DESA":"32.75.08.1001","DESA":"JATIWARINGIN","LONGITUDE":"106.91301039999999","LATITUDE":"-6.284584199999999","STATUS":"BUKA","TANGGAL PENGUMPULAN":"Q2 2025","TANGGAL UPDATE":"20/06/2025"}},{"type":"Feature","geometry":{"coordinates":[106.9688245,-6.2538278],"type":"Point"},"properties":{"NAMA":"ATM BNI KLN TAMAN GALAXY","TIPE_1":"LAYANAN ATAU JASA","TIPE_2":"ATM","TIPE_3":"BNI","TELEPON":"(021) 57899999","ALAMAT":"JL. GALAXY NO.7A, RT.001/RW.011, JAKA SETIA, KEC. BEKASI BAR., KOTA BKS, JAWA BARAT 17147","ID_PROV":"32","PROVINSI":"JAWA BARAT","ID_KABKOT":"32.75","KABKOT":"KOTA BEKASI","ID_KEC":"32.75.04","KECAMATAN":"BEKASI SELATAN","ID_DESA":"32.75.04.1004","DESA":"JAKASETIA","LONGITUDE":"106.9688245","LATITUDE":"-6.2538278","STATUS":"BUKA","TANGGAL PENGUMPULAN":"Q2 2025","TANGGAL UPDATE":"20/06/2025"}},{"type":"Feature","geometry":{"coordinates":[106.96832219999999,-6.2504003],"type":"Point"},"properties":{"NAMA":"ATM BNI KLN TAMAN GALAXY","TIPE_1":"LAYANAN ATAU JASA","TIPE_2":"ATM","TIPE_3":"BNI","TELEPON":"(021) 57899999","ALAMAT":"JL. TAMAN GALAXY RAYA NO.7A, RT.010/RW.006A, JAKASAMPURNA, KEC. BEKASI BAR., KOTA BKS, JAWA BARAT 17145","ID_PROV":"32","PROVINSI":"JAWA BARAT","ID_KABKOT":"32.75","KABKOT":"KOTA BEKASI","ID_KEC":"32.75.02","KECAMATAN":"BEKASI BARAT","ID_DESA":"32.75.02.1005","DESA":"JAKASAMPURNA","LONGITUDE":"106.96832219999999","LATITUDE":"-6.2504003","STATUS":"BUKA","TANGGAL PENGUMPULAN":"Q2 2025","TANGGAL UPDATE":"20/06/2025"}},{"type":"Feature","geometry":{"coordinates":[106.9887615,-6.2057718],"type":"Point"},"properties":{"NAMA":"ATM CIMB NIAGA BARATA HARAPAN JAYA","TIPE_1":"LAYANAN ATAU JASA","TIPE_2":"ATM","TIPE_3":"CIMB NIAGA","TELEPON":"(021) 14041","ALAMAT":"PERUM BARATA, JL. FLAMBOYAN JL. H. TABRNI MUKTAR, RT.005/RW.005, HARAPAN JAYA, KEC. BEKASI UTARA, KOTA BKS, JAWA BARAT 17124","ID_PROV":"32","PROVINSI":"JAWA BARAT","ID_KABKOT":"32.75","KABKOT":"KOTA BEKASI","ID_KEC":"32.75.03","KECAMATAN":"BEKASI UTARA","ID_DESA":"32.75.03.1006","DESA":"HARAPANJAYA","LONGITUDE":"106.9887615","LATITUDE":"-6.2057718","STATUS":"BUKA","TANGGAL PENGUMPULAN":"Q2 2025","TANGGAL UPDATE":"20/06/2025"}},{"type":"Feature","geometry":{"coordinates":[106.9566277,-6.2276973],"type":"Point"},"properties":{"NAMA":"ATM CIMB NIAGA BINTARA VII","TIPE_1":"LAYANAN ATAU JASA","TIPE_2":"ATM","TIPE_3":"CIMB NIAGA","TELEPON":"(021) 14041","ALAMAT":"JL. BINTARA VIII, RT.005/RW.003, BINTARA, KEC. BEKASI BAR., KOTA BKS, JAWA BARAT 17134","ID_PROV":"32","PROVINSI":"JAWA BARAT","ID_KABKOT":"32.75","KABKOT":"KOTA BEKASI","ID_KEC":"32.75.02","KECAMATAN":"BEKASI BARAT","ID_DESA":"32.75.02.1001","DESA":"BINTARA","LONGITUDE":"106.9566277","LATITUDE":"-6.2276973","STATUS":"BUKA","TANGGAL PENGUMPULAN":"Q2 2025","TANGGAL UPDATE":"20/06/2025"}},{"type":"Feature","geometry":{"coordinates":[106.9763007,-6.2416655],"type":"Point"},"properties":{"NAMA":"ATM CIMB NIAGA CENDANA","TIPE_1":"LAYANAN ATAU JASA","TIPE_2":"ATM","TIPE_3":"CIMB NIAGA","TELEPON":"(021) 14041","ALAMAT":"JL. CENDANA RAYA NO.14, RT.008/RW.006A, JAKASAMPURNA, KEC. BEKASI BAR., KOTA BKS, JAWA BARAT 17145","ID_PROV":"32","PROVINSI":"JAWA BARAT","ID_KABKOT":"32.75","KABKOT":"KOTA BEKASI","ID_KEC":"32.75.02","KECAMATAN":"BEKASI BARAT","ID_DESA":"32.75.02.1005","DESA":"JAKASAMPURNA","LONGITUDE":"106.9763007","LATITUDE":"-6.2416655","STATUS":"BUKA","TANGGAL PENGUMPULAN":"Q2 2025","TANGGAL UPDATE":"20/06/2025"}},{"type":"Feature","geometry":{"coordinates":[107.031918,-6.2432559],"type":"Point"},"properties":{"NAMA":"ATM CIMB NIAGA DISTRO WHY NOT","TIPE_1":"LAYANAN ATAU JASA","TIPE_2":"ATM","TIPE_3":"CIMB NIAGA","TELEPON":"14041","ALAMAT":"JL. NUSANTARA RAYA JL. PERUMNAS 3 BEKASI, RT.007/RW.014, AREN JAYA, BEKASI TIMUR, BEKASI, WEST JAVA 17111","ID_PROV":"32","PROVINSI":"JAWA BARAT","ID_KABKOT":"32.75","KABKOT":"KOTA BEKASI","ID_KEC":"32.75.01","KECAMATAN":"BEKASI TIMUR","ID_DESA":"32.75.01.1004","DESA":"ARENJAYA","LONGITUDE":"107.03191799999999","LATITUDE":"-6.243255899999999","STATUS":"BUKA","TANGGAL PENGUMPULAN":"Q2 2025","TANGGAL UPDATE":"20/06/2025"}},{"type":"Feature","geometry":{"coordinates":[106.9840737,-6.214115],"type":"Point"},"properties":{"NAMA":"ATM CIMB NIAGA HARAPAN JAYA","TIPE_1":"LAYANAN ATAU JASA","TIPE_2":"ATM","TIPE_3":"CIMB NIAGA","TELEPON":"(021) 14041","ALAMAT":"JL. CEMARA PERMAI A NO.77 PERUMAHAN HARAPAN JAYA, JALAN CEMARA PERMAI BLOK A NO.151, HARAPAN JAYA, BEKASI UTARA, RT.002/RW.010, HARAPAN JAYA, KEC. BEKASI UTARA, KOTA BKS, JAWA BARAT 17124","ID_PROV":"32","PROVINSI":"JAWA BARAT","ID_KABKOT":"32.75","KABKOT":"KOTA BEKASI","ID_KEC":"32.75.03","KECAMATAN":"BEKASI UTARA","ID_DESA":"32.75.03.1006","DESA":"HARAPANJAYA","LONGITUDE":"106.9840737","LATITUDE":"-6.214115","STATUS":"BUKA","TANGGAL PENGUMPULAN":"Q2 2025","TANGGAL UPDATE":"20/06/2025"}},{"type":"Feature","geometry":{"coordinates":[107.0292402,-6.199467],"type":"Point"},"properties":{"NAMA":"ATM CIMB NIAGA KLINIK BATARA MEDIKA","TIPE_1":"LAYANAN ATAU JASA","TIPE_2":"ATM","TIPE_3":"CIMB NIAGA","TELEPON":"(021) 14041","ALAMAT":"JL. KIYAI H. NOER ALI NO.10, RT.008/RW.004, TLK. PUCUNG, KEC. BEKASI UTARA, KOTA BKS, JAWA BARAT 17610","ID_PROV":"32","PROVINSI":"JAWA BARAT","ID_KABKOT":"32.75","KABKOT":"KOTA BEKASI","ID_KEC":"32.75.03","KECAMATAN":"BEKASI UTARA","ID_DESA":"32.75.03.1004","DESA":"TELUK PUCUNG","LONGITUDE":"107.02924019999999","LATITUDE":"-6.199466999999999","STATUS":"BUKA","TANGGAL PENGUMPULAN":"Q2 2025","TANGGAL UPDATE":"20/06/2025"}},{"type":"Feature","geometry":{"coordinates":[106.96498539999999,-6.2945018],"type":"Point"},"properties":{"NAMA":"ATM CIMB NIAGA NAGA SWALAYAN JATIASIH","TIPE_1":"LAYANAN ATAU JASA","TIPE_2":"ATM","TIPE_3":"CIMB NIAGA","TELEPON":"","ALAMAT":"NAGA JATIASIH, JL. RAYA JATIASIH, RT.005/RW.004, JATIASIH, KEC. JATIASIH, KOTA BKS, JAWA BARAT 17423","ID_PROV":"32","PROVINSI":"JAWA BARAT","ID_KABKOT":"32.75","KABKOT":"KOTA BEKASI","ID_KEC":"32.75.09","KECAMATAN":"JATIASIH","ID_DESA":"32.75.09.1002","DESA":"JATIASIH","LONGITUDE":"106.96498539999999","LATITUDE":"-6.2945018","STATUS":"BUKA","TANGGAL PENGUMPULAN":"Q2 2025","TANGGAL UPDATE":"20/06/2025"}},{"type":"Feature","geometry":{"coordinates":[107.01548179999999,-6.2217068],"type":"Point"},"properties":{"NAMA":"ATM CIMB NIAGA PERTAMINA 34.17107","TIPE_1":"LAYANAN ATAU JASA","TIPE_2":"ATM","TIPE_3":"CIMB NIAGA","TELEPON":"(021) 14041","ALAMAT":"SPBU, JL. RAYA PERJUANGAN NO.34-17107, RT.001/RW.004, HARAPAN BARU, BEKASI UTARA, BEKASI, WEST JAVA 17123","ID_PROV":"32","PROVINSI":"JAWA BARAT","ID_KABKOT":"32.75","KABKOT":"KOTA BEKASI","ID_KEC":"32.75.03","KECAMATAN":"BEKASI UTARA","ID_DESA":"32.75.03.1003","DESA":"HARAPANBARU","LONGITUDE":"107.01548179999999","LATITUDE":"-6.2217068","STATUS":"BUKA","TANGGAL PENGUMPULAN":"Q2 2025","TANGGAL UPDATE":"20/06/2025"}},{"type":"Feature","geometry":{"coordinates":[106.9875071,-6.2757812],"type":"Point"},"properties":{"NAMA":"ATM CIMB NIAGA.","TIPE_1":"LAYANAN ATAU JASA","TIPE_2":"ATM","TIPE_3":"CIMB NIAGA","TELEPON":"","ALAMAT":"JL. KEMANG PRATAMA RAYA AB NO.11, RT.007/RW.020, BOJONG RAWALUMBU, KEC. RAWALUMBU, KOTA BKS, JAWA BARAT 17116","ID_PROV":"32","PROVINSI":"JAWA BARAT","ID_KABKOT":"32.75","KABKOT":"KOTA BEKASI","ID_KEC":"32.75.05","KECAMATAN":"RAWALUMBU","ID_DESA":"32.75.05.1001","DESA":"BOJONG RAWALUMBU","LONGITUDE":"106.9875071","LATITUDE":"-6.2757812","STATUS":"BUKA","TANGGAL PENGUMPULAN":"Q2 2025","TANGGAL UPDATE":"20/06/2025"}},{"type":"Feature","geometry":{"coordinates":[106.9102443,-6.2601087],"type":"Point"},"properties":{"NAMA":"ATM DANAMON","TIPE_1":"LAYANAN ATAU JASA","TIPE_2":"ATM","TIPE_3":"DANAMON","TELEPON":"(021) 1500090","ALAMAT":"ALFAMART JATIWARINGIN, JL. JATIWARINGIN RAYA, RT 08 / RW 05, JATICEMPAKA, PONDOKGEDE, RT.001/RW.005, JATICEMPAKA, KEC. PD. GEDE, KOTA BKS, JAWA BARAT 13330","ID_PROV":"32","PROVINSI":"JAWA BARAT","ID_KABKOT":"32.75","KABKOT":"KOTA BEKASI","ID_KEC":"32.75.08","KECAMATAN":"PONDOKGEDE","ID_DESA":"32.75.08.1007","DESA":"JATICEMPAKA","LONGITUDE":"106.9102443","LATITUDE":"-6.2601087","STATUS":"BUKA","TANGGAL PENGUMPULAN":"Q2 2025","TANGGAL UPDATE":"20/06/2025"}},{"type":"Feature","geometry":{"coordinates":[107.0214573,-6.2584957],"type":"Point"},"properties":{"NAMA":"ATM DANAMON","TIPE_1":"LAYANAN ATAU JASA","TIPE_2":"ATM","TIPE_3":"DANAMON","TELEPON":"","ALAMAT":"ATM CENTER, BKS TRADE CENTER, JL. HM. JOYO MARTONO LANTAI BASEMENT, RT.003/RW.021, MARGAHAYU, KEC. BEKASI TIM., KOTA BKS, JAWA BARAT 17113","ID_PROV":"32","PROVINSI":"JAWA BARAT","ID_KABKOT":"32.75","KABKOT":"KOTA BEKASI","ID_KEC":"32.75.01","KECAMATAN":"BEKASI TIMUR","ID_DESA":"32.75.01.1002","DESA":"MARGAHAYU","LONGITUDE":"107.0214573","LATITUDE":"-6.2584957","STATUS":"BUKA","TANGGAL PENGUMPULAN":"Q2 2025","TANGGAL UPDATE":"20/06/2025"}},{"type":"Feature","geometry":{"coordinates":[106.9206737,-6.3785214],"type":"Point"},"properties":{"NAMA":"ATM DANAMON","TIPE_1":"LAYANAN ATAU JASA","TIPE_2":"ATM","TIPE_3":"DANAMON","TELEPON":"(0343) 58888","ALAMAT":"CIBUBUR TIME SQUARE, JL. ALTERNATIVE TRANSYOGI KM 3, BLOK 1 NO.10, RT.001/RW.010, JATIKARYA, KEC. JATISAMPURNA, KOTA BKS, JAWA BARAT 17435","ID_PROV":"32","PROVINSI":"JAWA BARAT","ID_KABKOT":"32.75","KABKOT":"KOTA BEKASI","ID_KEC":"32.75.10","KECAMATAN":"JATISAMPURNA","ID_DESA":"32.75.10.1002","DESA":"JATIKARYA","LONGITUDE":"106.9206737","LATITUDE":"-6.3785213999999995","STATUS":"BUKA","TANGGAL PENGUMPULAN":"Q2 2025","TANGGAL UPDATE":"20/06/2025"}},{"type":"Feature","geometry":{"coordinates":[107.00811,-6.25649],"type":"Point"},"properties":{"NAMA":"ATM DANAMON","TIPE_1":"LAYANAN ATAU JASA","TIPE_2":"ATM","TIPE_3":"DANAMON","TELEPON":"(021) 500090","ALAMAT":"FL. GF, BLUE MALL BEKASI, JL. CHAIRIL ANWAR, MARGAHAYU, 17113 BEKASI, INDONESIA, RT.004/RW.009, MARGAHAYU, BEKASI TIMUR, BEKASI, WEST JAVA 17113","ID_PROV":"32","PROVINSI":"JAWA BARAT","ID_KABKOT":"32.75","KABKOT":"KOTA BEKASI","ID_KEC":"32.75.01","KECAMATAN":"BEKASI TIMUR","ID_DESA":"32.75.01.1002","DESA":"MARGAHAYU","LONGITUDE":"107.00811","LATITUDE":"-6.256489999999999","STATUS":"BUKA","TANGGAL PENGUMPULAN":"Q2 2025","TANGGAL UPDATE":"20/06/2025"}},{"type":"Feature","geometry":{"coordinates":[106.9844625,-6.1840006],"type":"Point"},"properties":{"NAMA":"ATM DANAMON BEKASI HARAPAN INDAH","TIPE_1":"LAYANAN ATAU JASA","TIPE_2":"ATM","TIPE_3":"DANAMON","TELEPON":"1 500 090","ALAMAT":"KOMP. RUKO SENTRA NIAGA, JL. BOULEVARD HIJAU RAYA, PEJUANG, KECAMATAN MEDAN SATRIA, KOTA BKS, JAWA BARAT 17132","ID_PROV":"32","PROVINSI":"JAWA BARAT","ID_KABKOT":"32.75","KABKOT":"KOTA BEKASI","ID_KEC":"32.75.06","KECAMATAN":"MEDANSATRIA","ID_DESA":"32.75.06.1003","DESA":"PEJUANG","LONGITUDE":"106.98446249999999","LATITUDE":"-6.1840006","STATUS":"BUKA","TANGGAL PENGUMPULAN":"Q2 2025","TANGGAL UPDATE":"20/06/2025"}},{"type":"Feature","geometry":{"coordinates":[106.97234789999999,-6.1939375],"type":"Point"},"properties":{"NAMA":"ATM DANAMON BEKASI HARAPAN MALL","TIPE_1":"LAYANAN ATAU JASA","TIPE_2":"ATM","TIPE_3":"DANAMON","TELEPON":"(021) 7818867","ALAMAT":"JL. SULTAN AGUNG NO.KM.27, RT.005/RW.004, MEDAN SATRIA, KECAMATAN MEDAN SATRIA, KOTA BKS, JAWA BARAT 17132","ID_PROV":"32","PROVINSI":"JAWA BARAT","ID_KABKOT":"32.75","KABKOT":"KOTA BEKASI","ID_KEC":"32.75.06","KECAMATAN":"MEDANSATRIA","ID_DESA":"32.75.06.1001","DESA":"MEDANSATRIA","LONGITUDE":"106.97234789999999","LATITUDE":"-6.1939375","STATUS":"BUKA","TANGGAL PENGUMPULAN":"Q2 2025","TANGGAL UPDATE":"20/06/2025"}},{"type":"Feature","geometry":{"coordinates":[107.0120298,-6.248365],"type":"Point"},"properties":{"NAMA":"ATM DANAMON BEKASI JUANDA","TIPE_1":"LAYANAN ATAU JASA","TIPE_2":"ATM","TIPE_3":"DANAMON","TELEPON":"1 500 090","ALAMAT":"JL. IR. H. JUANDA NO. 159. KEL. MARGAHAYU, AREN JAYA, KEC. BEKASI TIM., KOTA BKS, JAWA BARAT 17112","ID_PROV":"32","PROVINSI":"JAWA BARAT","ID_KABKOT":"32.75","KABKOT":"KOTA BEKASI","ID_KEC":"32.75.01","KECAMATAN":"BEKASI TIMUR","ID_DESA":"32.75.01.1002","DESA":"MARGAHAYU","LONGITUDE":"107.0120298","LATITUDE":"-6.248365","STATUS":"BUKA","TANGGAL PENGUMPULAN":"Q2 2025","TANGGAL UPDATE":"20/06/2025"}},{"type":"Feature","geometry":{"coordinates":[106.9119708,-6.2842194],"type":"Point"},"properties":{"NAMA":"ATM DANAMON JAKARTA PONDOK GEDE","TIPE_1":"LAYANAN ATAU JASA","TIPE_2":"ATM","TIPE_3":"DANAMON","TELEPON":"1 500 090","ALAMAT":"RUKAN, NO. 1 S/D 2, PLAZA PD. GEDE, JL. RAYA PD. GEDE BLOK D, JATIWARINGIN, KEC. PD. GEDE, KOTA BKS, JAWA BARAT 17411","ID_PROV":"32","PROVINSI":"JAWA BARAT","ID_KABKOT":"32.75","KABKOT":"KOTA BEKASI","ID_KEC":"32.75.08","KECAMATAN":"PONDOKGEDE","ID_DESA":"32.75.08.1001","DESA":"JATIWARINGIN","LONGITUDE":"106.91197079999999","LATITUDE":"-6.2842194","STATUS":"BUKA","TANGGAL PENGUMPULAN":"Q2 2025","TANGGAL UPDATE":"20/06/2025"}},{"type":"Feature","geometry":{"coordinates":[106.970282,-6.248939],"type":"Point"},"properties":{"NAMA":"ATM DKI","TIPE_1":"LAYANAN ATAU JASA","TIPE_2":"ATM","TIPE_3":"BPD","TELEPON":"(021) 23545555","ALAMAT":"UNIVERSITAS GUNADARMA KAMPUS J KALIMALANG, JL. KH. NOER ALI, RT.005/RW.006A, JAKASAMPURNA, KEC. BEKASI SEL., KOTA BKS, JAWA BARAT 17145","ID_PROV":"32","PROVINSI":"JAWA BARAT","ID_KABKOT":"32.75","KABKOT":"KOTA BEKASI","ID_KEC":"32.75.02","KECAMATAN":"BEKASI BARAT","ID_DESA":"32.75.02.1005","DESA":"JAKASAMPURNA","LONGITUDE":"106.970282","LATITUDE":"-6.248939","STATUS":"BUKA","TANGGAL PENGUMPULAN":"Q2 2025","TANGGAL UPDATE":"20/06/2025"}},{"type":"Feature","geometry":{"coordinates":[106.9929438,-6.2445219],"type":"Point"},"properties":{"NAMA":"ATM HANA BANK","TIPE_1":"LAYANAN ATAU JASA","TIPE_2":"ATM","TIPE_3":"HANA BANK","TELEPON":"(021) 88962272","ALAMAT":"KOMPLEK SENTRANIAGA KALIMALANG A.7 NO.3, JL. AHMAD YANI, KAYURINGIN JAYA, BEKASI SELATAN, RT.005/RW.002, MARGA JAYA, KEC. BEKASI SEL., KOTA BKS, JAWA BARAT 17144","ID_PROV":"32","PROVINSI":"JAWA BARAT","ID_KABKOT":"32.75","KABKOT":"KOTA BEKASI","ID_KEC":"32.75.04","KECAMATAN":"BEKASI SELATAN","ID_DESA":"32.75.04.1002","DESA":"MARGAJAYA","LONGITUDE":"106.99294379999999","LATITUDE":"-6.2445219","STATUS":"BUKA","TANGGAL PENGUMPULAN":"Q2 2025","TANGGAL UPDATE":"20/06/2025"}},{"type":"Feature","geometry":{"coordinates":[106.9487665,-6.3097962],"type":"Point"},"properties":{"NAMA":"ATM LINK BRI","TIPE_1":"LAYANAN ATAU JASA","TIPE_2":"ATM","TIPE_3":"ATM LINK","TELEPON":"","ALAMAT":"RT.001/RW.003, JATIMEKAR, KEC. JATIASIH, KOTA BKS, JAWA BARAT 17425","ID_PROV":"32","PROVINSI":"JAWA BARAT","ID_KABKOT":"32.75","KABKOT":"KOTA BEKASI","ID_KEC":"32.75.09","KECAMATAN":"JATIASIH","ID_DESA":"32.75.09.1001","DESA":"JATIMEKAR","LONGITUDE":"106.94876649999999","LATITUDE":"-6.3097962","STATUS":"BUKA","TANGGAL PENGUMPULAN":"Q2 2025","TANGGAL UPDATE":"20/06/2025"}},{"type":"Feature","geometry":{"coordinates":[106.9944428,-6.238888],"type":"Point"},"properties":{"NAMA":"ATM LINK BRI","TIPE_1":"LAYANAN ATAU JASA","TIPE_2":"ATM","TIPE_3":"ATM LINK","TELEPON":"","ALAMAT":"RT.004/RW.005, MARGA JAYA, KEC. BEKASI SEL., KOTA BKS, JAWA BARAT 17141","ID_PROV":"32","PROVINSI":"JAWA BARAT","ID_KABKOT":"32.75","KABKOT":"KOTA BEKASI","ID_KEC":"32.75.04","KECAMATAN":"BEKASI SELATAN","ID_DESA":"32.75.04.1002","DESA":"MARGAJAYA","LONGITUDE":"106.9944428","LATITUDE":"-6.238887999999999","STATUS":"BUKA","TANGGAL PENGUMPULAN":"Q2 2025","TANGGAL UPDATE":"20/06/2025"}},{"type":"Feature","geometry":{"coordinates":[106.92301889999999,-6.2720067],"type":"Point"},"properties":{"NAMA":"ATM MANDIRI","TIPE_1":"LAYANAN ATAU JASA","TIPE_2":"ATM","TIPE_3":"MANDIRI","TELEPON":"(021) 52997777","ALAMAT":"GELANGGANG RENANG KOMPLEK JATIWARIANGIN, JL. SANGATA, NO. 1, BLOK I JATIWARINGIN ASRI, RT.007/RW.014, JATIWARINGIN, KEC. PD. GEDE, KOTA BKS, JAWA BARAT 17411","ID_PROV":"32","PROVINSI":"JAWA BARAT","ID_KABKOT":"32.75","KABKOT":"KOTA BEKASI","ID_KEC":"32.75.08","KECAMATAN":"PONDOKGEDE","ID_DESA":"32.75.08.1001","DESA":"JATIWARINGIN","LONGITUDE":"106.92301889999999","LATITUDE":"-6.2720066999999995","STATUS":"BUKA","TANGGAL PENGUMPULAN":"Q2 2025","TANGGAL UPDATE":"20/06/2025"}},{"type":"Feature","geometry":{"coordinates":[107.0172369,-6.206853],"type":"Point"},"properties":{"NAMA":"ATM MANDIRI","TIPE_1":"LAYANAN ATAU JASA","TIPE_2":"ATM","TIPE_3":"MANDIRI","TELEPON":"","ALAMAT":"HBU, JL. KALI ABANG TENGAH NO.11, PERWIRA, KEC. BEKASI UTARA, KOTA BKS, JAWA BARAT 17124","ID_PROV":"32","PROVINSI":"JAWA BARAT","ID_KABKOT":"32.75","KABKOT":"KOTA BEKASI","ID_KEC":"32.75.03","KECAMATAN":"BEKASI UTARA","ID_DESA":"32.75.03.1002","DESA":"PERWIRA","LONGITUDE":"107.0172369","LATITUDE":"-6.206853","STATUS":"BUKA","TANGGAL PENGUMPULAN":"Q2 2025","TANGGAL UPDATE":"20/06/2025"}},{"type":"Feature","geometry":{"coordinates":[106.9177218,-6.3926311],"type":"Point"},"properties":{"NAMA":"ATM MANDIRI","TIPE_1":"LAYANAN ATAU JASA","TIPE_2":"ATM","TIPE_3":"MANDIRI","TELEPON":"14000","ALAMAT":"JALAN ALTERNATIF CIBUBUR, RUKO NUVO BLOK 16-19, RT.003/RW.009, JATIKARYA, KEC. JATISAMPURNA, KOTA BKS, JAWA BARAT 17435","ID_PROV":"32","PROVINSI":"JAWA BARAT","ID_KABKOT":"32.75","KABKOT":"KOTA BEKASI","ID_KEC":"32.75.10","KECAMATAN":"JATISAMPURNA","ID_DESA":"32.75.10.1002","DESA":"JATIKARYA","LONGITUDE":"106.9177218","LATITUDE":"-6.3926311","STATUS":"BUKA","TANGGAL PENGUMPULAN":"Q2 2025","TANGGAL UPDATE":"20/06/2025"}},{"type":"Feature","geometry":{"coordinates":[106.9257049,-6.3471807],"type":"Point"},"properties":{"NAMA":"ATM MANDIRI","TIPE_1":"LAYANAN ATAU JASA","TIPE_2":"ATM","TIPE_3":"MANDIRI","TELEPON":"","ALAMAT":"JALAN RAWA DOLLAR BLOK RAWA MACAN NO.52, JATIRADEN, JATISAMPURNA, RT.003/RW.007, JATIRADEN, KEC. JATISAMPURNA, KOTA BKS, JAWA BARAT 17433","ID_PROV":"32","PROVINSI":"JAWA BARAT","ID_KABKOT":"32.75","KABKOT":"KOTA BEKASI","ID_KEC":"32.75.10","KECAMATAN":"JATISAMPURNA","ID_DESA":"32.75.10.1005","DESA":"JATIRADEN","LONGITUDE":"106.9257049","LATITUDE":"-6.3471807","STATUS":"BUKA","TANGGAL PENGUMPULAN":"Q2 2025","TANGGAL UPDATE":"20/06/2025"}},{"type":"Feature","geometry":{"coordinates":[106.9837217,-6.247887],"type":"Point"},"properties":{"NAMA":"ATM MANDIRI","TIPE_1":"LAYANAN ATAU JASA","TIPE_2":"ATM","TIPE_3":"MANDIRI","TELEPON":"","ALAMAT":"JL. BANDENG RAYA NO.28, RT.001/RW.009, KAYURINGIN JAYA, BEKASI SELATAN, BEKASI, WEST JAVA 17144","ID_PROV":"32","PROVINSI":"JAWA BARAT","ID_KABKOT":"32.75","KABKOT":"KOTA BEKASI","ID_KEC":"32.75.04","KECAMATAN":"BEKASI SELATAN","ID_DESA":"32.75.04.1005","DESA":"KAYURINGINJAYA","LONGITUDE":"106.98372169999999","LATITUDE":"-6.2478869999999995","STATUS":"BUKA","TANGGAL PENGUMPULAN":"Q2 2025","TANGGAL UPDATE":"20/06/2025"}},{"type":"Feature","geometry":{"coordinates":[106.9458979,-6.2494284],"type":"Point"},"properties":{"NAMA":"ATM MANDIRI","TIPE_1":"LAYANAN ATAU JASA","TIPE_2":"ATM","TIPE_3":"MANDIRI","TELEPON":"","ALAMAT":"JL. BINTARA JAYA NO.9E, RT.004/RW.003, BINTARA JAYA, KEC. BEKASI BAR., KOTA BKS, JAWA BARAT 17136","ID_PROV":"32","PROVINSI":"JAWA BARAT","ID_KABKOT":"32.75","KABKOT":"KOTA BEKASI","ID_KEC":"32.75.02","KECAMATAN":"BEKASI BARAT","ID_DESA":"32.75.02.1004","DESA":"BINTARAJAYA","LONGITUDE":"106.94589789999999","LATITUDE":"-6.249428399999999","STATUS":"BUKA","TANGGAL PENGUMPULAN":"Q2 2025","TANGGAL UPDATE":"20/06/2025"}},{"type":"Feature","geometry":{"coordinates":[106.9588912,-6.2311771],"type":"Point"},"properties":{"NAMA":"ATM MANDIRI","TIPE_1":"LAYANAN ATAU JASA","TIPE_2":"ATM","TIPE_3":"MANDIRI","TELEPON":"","ALAMAT":"JL. BINTARA NO.16, RT.002/RW.005, BINTARA, KEC. BEKASI BAR., KOTA BKS, JAWA BARAT 17134","ID_PROV":"32","PROVINSI":"JAWA BARAT","ID_KABKOT":"32.75","KABKOT":"KOTA BEKASI","ID_KEC":"32.75.02","KECAMATAN":"BEKASI BARAT","ID_DESA":"32.75.02.1001","DESA":"BINTARA","LONGITUDE":"106.9588912","LATITUDE":"-6.2311771","STATUS":"BUKA","TANGGAL PENGUMPULAN":"Q2 2025","TANGGAL UPDATE":"20/06/2025"}},{"type":"Feature","geometry":{"coordinates":[106.926267,-6.3828983],"type":"Point"},"properties":{"NAMA":"ATM MANDIRI","TIPE_1":"LAYANAN ATAU JASA","TIPE_2":"ATM","TIPE_3":"MANDIRI","TELEPON":"","ALAMAT":"JL. BUMUR II BLOK A2 NO.26, RT.001/RW.13, JATIKARYA, KEC. JATISAMPURNA, KOTA BKS, JAWA BARAT 17435","ID_PROV":"32","PROVINSI":"JAWA BARAT","ID_KABKOT":"32.75","KABKOT":"KOTA BEKASI","ID_KEC":"32.75.10","KECAMATAN":"JATISAMPURNA","ID_DESA":"32.75.10.1002","DESA":"JATIKARYA","LONGITUDE":"106.926267","LATITUDE":"-6.3828983","STATUS":"BUKA","TANGGAL PENGUMPULAN":"Q2 2025","TANGGAL UPDATE":"20/06/2025"}},{"type":"Feature","geometry":{"coordinates":[107.0009303,-6.260845],"type":"Point"},"properties":{"NAMA":"ATM MANDIRI","TIPE_1":"LAYANAN ATAU JASA","TIPE_2":"ATM","TIPE_3":"MANDIRI","TELEPON":"","ALAMAT":"JL. CUT MUTIA NO.139, RT.002/RW.001, SEPANJANG JAYA, KEC. RAWALUMBU, KOTA BKS, JAWA BARAT 17114","ID_PROV":"32","PROVINSI":"JAWA BARAT","ID_KABKOT":"32.75","KABKOT":"KOTA BEKASI","ID_KEC":"32.75.05","KECAMATAN":"RAWALUMBU","ID_DESA":"32.75.05.1003","DESA":"SEPANJANGJAYA","LONGITUDE":"107.0009303","LATITUDE":"-6.260845","STATUS":"BUKA","TANGGAL PENGUMPULAN":"Q2 2025","TANGGAL UPDATE":"20/06/2025"}},{"type":"Feature","geometry":{"coordinates":[106.9847604,-6.2469022],"type":"Point"},"properties":{"NAMA":"ATM MANDIRI","TIPE_1":"LAYANAN ATAU JASA","TIPE_2":"ATM","TIPE_3":"MANDIRI","TELEPON":"","ALAMAT":"JL. GABUS RAYA NO.185, RT.002/RW.007, KAYURINGIN JAYA, KEC. BEKASI SEL., KOTA BKS, JAWA BARAT 17144","ID_PROV":"32","PROVINSI":"JAWA BARAT","ID_KABKOT":"32.75","KABKOT":"KOTA BEKASI","ID_KEC":"32.75.04","KECAMATAN":"BEKASI SELATAN","ID_DESA":"32.75.04.1005","DESA":"KAYURINGINJAYA","LONGITUDE":"106.9847604","LATITUDE":"-6.2469022","STATUS":"BUKA","TANGGAL PENGUMPULAN":"Q2 2025","TANGGAL UPDATE":"20/06/2025"}},{"type":"Feature","geometry":{"coordinates":[107.0211599,-6.2583974],"type":"Point"},"properties":{"NAMA":"ATM MANDIRI","TIPE_1":"LAYANAN ATAU JASA","TIPE_2":"ATM","TIPE_3":"MANDIRI","TELEPON":"(021) 14000","ALAMAT":"JL. HM. JOYO MARTONO NO.44A, RT.003/RW.021, MARGAHAYU, KEC. BEKASI TIM., KOTA BKS, JAWA BARAT 17113","ID_PROV":"32","PROVINSI":"JAWA BARAT","ID_KABKOT":"32.75","KABKOT":"KOTA BEKASI","ID_KEC":"32.75.01","KECAMATAN":"BEKASI TIMUR","ID_DESA":"32.75.01.1002","DESA":"MARGAHAYU","LONGITUDE":"107.0211599","LATITUDE":"-6.2583974","STATUS":"BUKA","TANGGAL PENGUMPULAN":"Q2 2025","TANGGAL UPDATE":"20/06/2025"}},{"type":"Feature","geometry":{"coordinates":[107.007758,-6.2449849],"type":"Point"},"properties":{"NAMA":"ATM MANDIRI","TIPE_1":"LAYANAN ATAU JASA","TIPE_2":"ATM","TIPE_3":"MANDIRI","TELEPON":"","ALAMAT":"JL. INSINYUR H. JUANDA NO.115, RT.001/RW.007, MARGAHAYU, KEC. BEKASI TIM., KOTA BKS, JAWA BARAT 17113","ID_PROV":"32","PROVINSI":"JAWA BARAT","ID_KABKOT":"32.75","KABKOT":"KOTA BEKASI","ID_KEC":"32.75.01","KECAMATAN":"BEKASI TIMUR","ID_DESA":"32.75.01.1001","DESA":"BEKASIJAYA","LONGITUDE":"107.007758","LATITUDE":"-6.2449848999999995","STATUS":"BUKA","TANGGAL PENGUMPULAN":"Q2 2025","TANGGAL UPDATE":"20/06/2025"}},{"type":"Feature","geometry":{"coordinates":[106.9985134,-6.276979],"type":"Point"},"properties":{"NAMA":"ATM MANDIRI","TIPE_1":"LAYANAN ATAU JASA","TIPE_2":"ATM","TIPE_3":"MANDIRI","TELEPON":"","ALAMAT":"JL. JAMBORE II NO.16, RT.001/RW.008, BOJONG RAWALUMBU, RAWA LUMBU, BEKASI, WEST JAVA 17116","ID_PROV":"32","PROVINSI":"JAWA BARAT","ID_KABKOT":"32.75","KABKOT":"KOTA BEKASI","ID_KEC":"32.75.05","KECAMATAN":"RAWALUMBU","ID_DESA":"32.75.05.1001","DESA":"BOJONG RAWALUMBU","LONGITUDE":"106.9985134","LATITUDE":"-6.276979","STATUS":"BUKA","TANGGAL PENGUMPULAN":"Q2 2025","TANGGAL UPDATE":"20/06/2025"}},{"type":"Feature","geometry":{"coordinates":[107.0072837,-6.2358577],"type":"Point"},"properties":{"NAMA":"ATM MANDIRI","TIPE_1":"LAYANAN ATAU JASA","TIPE_2":"ATM","TIPE_3":"MANDIRI","TELEPON":"","ALAMAT":"JL. KH. AGUS SALIM NO.108, RT.001/RW.007, BEKASI JAYA, KEC. BEKASI TIM., KOTA BKS, JAWA BARAT 17112","ID_PROV":"32","PROVINSI":"JAWA BARAT","ID_KABKOT":"32.75","KABKOT":"KOTA BEKASI","ID_KEC":"32.75.01","KECAMATAN":"BEKASI TIMUR","ID_DESA":"32.75.01.1001","DESA":"BEKASIJAYA","LONGITUDE":"107.0072837","LATITUDE":"-6.2358576999999995","STATUS":"BUKA","TANGGAL PENGUMPULAN":"Q2 2025","TANGGAL UPDATE":"20/06/2025"}},{"type":"Feature","geometry":{"coordinates":[106.9999651,-6.2440338],"type":"Point"},"properties":{"NAMA":"ATM MANDIRI","TIPE_1":"LAYANAN ATAU JASA","TIPE_2":"ATM","TIPE_3":"MANDIRI","TELEPON":"(021) 52997777","ALAMAT":"JL. KH. MASTURO, RT.006/RW.006, MARGA JAYA, KEC. BEKASI SEL., KOTA BKS, JAWA BARAT 17141","ID_PROV":"32","PROVINSI":"JAWA BARAT","ID_KABKOT":"32.75","KABKOT":"KOTA BEKASI","ID_KEC":"32.75.04","KECAMATAN":"BEKASI SELATAN","ID_DESA":"32.75.04.1002","DESA":"MARGAJAYA","LONGITUDE":"106.9999651","LATITUDE":"-6.2440337999999995","STATUS":"BUKA","TANGGAL PENGUMPULAN":"Q2 2025","TANGGAL UPDATE":"20/06/2025"}},{"type":"Feature","geometry":{"coordinates":[107.00677669999999,-6.2383595],"type":"Point"},"properties":{"NAMA":"ATM MANDIRI","TIPE_1":"LAYANAN ATAU JASA","TIPE_2":"ATM","TIPE_3":"MANDIRI","TELEPON":"","ALAMAT":"JL. KIMANGUN SARKORO NO.35, RT.003/RW.006, BEKASI JAYA, KEC. BEKASI TIM., KOTA BKS, JAWA BARAT 17112","ID_PROV":"32","PROVINSI":"JAWA BARAT","ID_KABKOT":"32.75","KABKOT":"KOTA BEKASI","ID_KEC":"32.75.01","KECAMATAN":"BEKASI TIMUR","ID_DESA":"32.75.01.1001","DESA":"BEKASIJAYA","LONGITUDE":"107.00677669999999","LATITUDE":"-6.2383595","STATUS":"BUKA","TANGGAL PENGUMPULAN":"Q2 2025","TANGGAL UPDATE":"20/06/2025"}},{"type":"Feature","geometry":{"coordinates":[106.9215498,-6.351399],"type":"Point"},"properties":{"NAMA":"ATM MANDIRI","TIPE_1":"LAYANAN ATAU JASA","TIPE_2":"ATM","TIPE_3":"MANDIRI","TELEPON":"","ALAMAT":"JL. KRANGGAN RAYA NO.45, RT.003/RW.008, JATIRADEN, KEC. JATISAMPURNA, KOTA BKS, JAWA BARAT 17433","ID_PROV":"32","PROVINSI":"JAWA BARAT","ID_KABKOT":"32.75","KABKOT":"KOTA BEKASI","ID_KEC":"32.75.10","KECAMATAN":"JATISAMPURNA","ID_DESA":"32.75.10.1005","DESA":"JATIRADEN","LONGITUDE":"106.9215498","LATITUDE":"-6.351399","STATUS":"BUKA","TANGGAL PENGUMPULAN":"Q2 2025","TANGGAL UPDATE":"20/06/2025"}},{"type":"Feature","geometry":{"coordinates":[107.0080677,-6.2823619],"type":"Point"},"properties":{"NAMA":"ATM MANDIRI","TIPE_1":"LAYANAN ATAU JASA","TIPE_2":"ATM","TIPE_3":"MANDIRI","TELEPON":"","ALAMAT":"JL. NAROGONG SAKTI I BLOK D48 NO.9, RT.006/RW.023, PENGASINAN, RAWA LUMBU, BEKASI, WEST JAVA 17116","ID_PROV":"32","PROVINSI":"JAWA BARAT","ID_KABKOT":"32.75","KABKOT":"KOTA BEKASI","ID_KEC":"32.75.05","KECAMATAN":"RAWALUMBU","ID_DESA":"32.75.05.1002","DESA":"PENGASINAN","LONGITUDE":"107.0080677","LATITUDE":"-6.2823619","STATUS":"BUKA","TANGGAL PENGUMPULAN":"Q2 2025","TANGGAL UPDATE":"20/06/2025"}},{"type":"Feature","geometry":{"coordinates":[107.0133486,-6.26401],"type":"Point"},"properties":{"NAMA":"ATM MANDIRI","TIPE_1":"LAYANAN ATAU JASA","TIPE_2":"ATM","TIPE_3":"MANDIRI","TELEPON":"","ALAMAT":"JL. PD. HIJAU PERMAI NO.1 BLOK E1, RT.003/RW.020, PENGASINAN, KEC. RAWALUMBU, KOTA BKS, JAWA BARAT 17115","ID_PROV":"32","PROVINSI":"JAWA BARAT","ID_KABKOT":"32.75","KABKOT":"KOTA BEKASI","ID_KEC":"32.75.05","KECAMATAN":"RAWALUMBU","ID_DESA":"32.75.05.1002","DESA":"PENGASINAN","LONGITUDE":"107.0133486","LATITUDE":"-6.26401","STATUS":"BUKA","TANGGAL PENGUMPULAN":"Q2 2025","TANGGAL UPDATE":"20/06/2025"}},{"type":"Feature","geometry":{"coordinates":[106.9962424,-6.2695001],"type":"Point"},"properties":{"NAMA":"ATM MANDIRI","TIPE_1":"LAYANAN ATAU JASA","TIPE_2":"ATM","TIPE_3":"MANDIRI","TELEPON":"(021) 52997777","ALAMAT":"JL. PRAMUKA BLOK B NO 11, RT.004/RW.003, SEPANJANG JAYA, KEC. RAWALUMBU, KOTA BKS, JAWA BARAT 17114","ID_PROV":"32","PROVINSI":"JAWA BARAT","ID_KABKOT":"32.75","KABKOT":"KOTA BEKASI","ID_KEC":"32.75.05","KECAMATAN":"RAWALUMBU","ID_DESA":"32.75.05.1003","DESA":"SEPANJANGJAYA","LONGITUDE":"106.9962424","LATITUDE":"-6.2695001","STATUS":"BUKA","TANGGAL PENGUMPULAN":"Q2 2025","TANGGAL UPDATE":"20/06/2025"}},{"type":"Feature","geometry":{"coordinates":[107.001246,-6.2695251],"type":"Point"},"properties":{"NAMA":"ATM MANDIRI","TIPE_1":"LAYANAN ATAU JASA","TIPE_2":"ATM","TIPE_3":"MANDIRI","TELEPON":"","ALAMAT":"JL. PRAMUKA NO.39, RT.004/RW.002, SEPANJANG JAYA, KEC. RAWALUMBU, KOTA BKS, JAWA BARAT 17114","ID_PROV":"32","PROVINSI":"JAWA BARAT","ID_KABKOT":"32.75","KABKOT":"KOTA BEKASI","ID_KEC":"32.75.05","KECAMATAN":"RAWALUMBU","ID_DESA":"32.75.05.1003","DESA":"SEPANJANGJAYA","LONGITUDE":"107.001246","LATITUDE":"-6.2695251","STATUS":"BUKA","TANGGAL PENGUMPULAN":"Q2 2025","TANGGAL UPDATE":"20/06/2025"}},{"type":"Feature","geometry":{"coordinates":[106.94982429999999,-6.2631304],"type":"Point"},"properties":{"NAMA":"ATM MANDIRI","TIPE_1":"LAYANAN ATAU JASA","TIPE_2":"ATM","TIPE_3":"MANDIRI","TELEPON":"","ALAMAT":"JL. RATNA - JATIBENING NO.70, RT.001/RW.001, JATIBENING, KEC. PD. GEDE, KOTA BKS, JAWA BARAT 17412","ID_PROV":"32","PROVINSI":"JAWA BARAT","ID_KABKOT":"32.75","KABKOT":"KOTA BEKASI","ID_KEC":"32.75.08","KECAMATAN":"PONDOKGEDE","ID_DESA":"32.75.08.1002","DESA":"JATIBENING","LONGITUDE":"106.94982429999999","LATITUDE":"-6.2631304","STATUS":"BUKA","TANGGAL PENGUMPULAN":"Q2 2025","TANGGAL UPDATE":"20/06/2025"}},{"type":"Feature","geometry":{"coordinates":[106.91676969999999,-6.2902189],"type":"Point"},"properties":{"NAMA":"ATM MANDIRI","TIPE_1":"LAYANAN ATAU JASA","TIPE_2":"ATM","TIPE_3":"MANDIRI","TELEPON":"","ALAMAT":"JL. RAYA HANKAM NO.85, RT.003/RW.009, JATIRAHAYU, PONDOK MELATI, BEKASI, WEST JAVA 17414","ID_PROV":"32","PROVINSI":"JAWA BARAT","ID_KABKOT":"32.75","KABKOT":"KOTA BEKASI","ID_KEC":"32.75.12","KECAMATAN":"PONDOKMELATI","ID_DESA":"32.75.12.1001","DESA":"JATIRAHAYU","LONGITUDE":"106.91676969999999","LATITUDE":"-6.290218899999999","STATUS":"BUKA","TANGGAL PENGUMPULAN":"Q2 2025","TANGGAL UPDATE":"20/06/2025"}},{"type":"Feature","geometry":{"coordinates":[106.973092,-6.2790058],"type":"Point"},"properties":{"NAMA":"ATM MANDIRI","TIPE_1":"LAYANAN ATAU JASA","TIPE_2":"ATM","TIPE_3":"MANDIRI","TELEPON":"1 500 150","ALAMAT":"JL. RAYA JATIASIH NO.55, RT.001/RW.002, JAKA SETIA, KEC. BEKASI SEL., KOTA BKS, JAWA BARAT 17147","ID_PROV":"32","PROVINSI":"JAWA BARAT","ID_KABKOT":"32.75","KABKOT":"KOTA BEKASI","ID_KEC":"32.75.04","KECAMATAN":"BEKASI SELATAN","ID_DESA":"32.75.04.1004","DESA":"JAKASETIA","LONGITUDE":"106.973092","LATITUDE":"-6.279005799999999","STATUS":"BUKA","TANGGAL PENGUMPULAN":"Q2 2025","TANGGAL UPDATE":"20/06/2025"}},{"type":"Feature","geometry":{"coordinates":[106.9526349,-6.2875508],"type":"Point"},"properties":{"NAMA":"ATM MANDIRI","TIPE_1":"LAYANAN ATAU JASA","TIPE_2":"ATM","TIPE_3":"MANDIRI","TELEPON":"","ALAMAT":"JL. RAYA JATIMEKAR NO.36, RT.002/RW.016, JATIMEKAR, KEC. JATIASIH, KOTA BKS, JAWA BARAT 17422","ID_PROV":"32","PROVINSI":"JAWA BARAT","ID_KABKOT":"32.75","KABKOT":"KOTA BEKASI","ID_KEC":"32.75.09","KECAMATAN":"JATIASIH","ID_DESA":"32.75.09.1001","DESA":"JATIMEKAR","LONGITUDE":"106.95263489999999","LATITUDE":"-6.2875508","STATUS":"BUKA","TANGGAL PENGUMPULAN":"Q2 2025","TANGGAL UPDATE":"20/06/2025"}},{"type":"Feature","geometry":{"coordinates":[106.9483307,-6.2495443],"type":"Point"},"properties":{"NAMA":"ATM MANDIRI","TIPE_1":"LAYANAN ATAU JASA","TIPE_2":"ATM","TIPE_3":"MANDIRI","TELEPON":"0815-9584-470","ALAMAT":"JL. RAYA KALIMALANG NO.33E, RT.001/RW.003, BINTARA JAYA, BEKASI BARAT, BEKASI, WEST JAVA 17136","ID_PROV":"32","PROVINSI":"JAWA BARAT","ID_KABKOT":"32.75","KABKOT":"KOTA BEKASI","ID_KEC":"32.75.02","KECAMATAN":"BEKASI BARAT","ID_DESA":"32.75.02.1004","DESA":"BINTARAJAYA","LONGITUDE":"106.9483307","LATITUDE":"-6.249544299999999","STATUS":"BUKA","TANGGAL PENGUMPULAN":"Q2 2025","TANGGAL UPDATE":"20/06/2025"}},{"type":"Feature","geometry":{"coordinates":[106.9305279,-6.3444247],"type":"Point"},"properties":{"NAMA":"ATM MANDIRI","TIPE_1":"LAYANAN ATAU JASA","TIPE_2":"ATM","TIPE_3":"MANDIRI","TELEPON":"","ALAMAT":"JL. RAYA MESS AL NO.18, RT.001/RW.001, JATIRANGGON, JATISAMPURNA, BEKASI, WEST JAVA 17432","ID_PROV":"32","PROVINSI":"JAWA BARAT","ID_KABKOT":"32.75","KABKOT":"KOTA BEKASI","ID_KEC":"32.75.10","KECAMATAN":"JATISAMPURNA","ID_DESA":"32.75.10.1003","DESA":"JATIRANGGON","LONGITUDE":"106.9305279","LATITUDE":"-6.344424699999999","STATUS":"BUKA","TANGGAL PENGUMPULAN":"Q2 2025","TANGGAL UPDATE":"20/06/2025"}},{"type":"Feature","geometry":{"coordinates":[106.9894482,-6.282155],"type":"Point"},"properties":{"NAMA":"ATM MANDIRI","TIPE_1":"LAYANAN ATAU JASA","TIPE_2":"ATM","TIPE_3":"MANDIRI","TELEPON":"","ALAMAT":"JL. RAYA NAROGONG, KM 11 NO. 2 A, BANTAR GEBANG, RT.010/RW.001, BOJONG RAWALUMBU, KEC. RAWALUMBU, KOTA BKS, JAWA BARAT 17151","ID_PROV":"32","PROVINSI":"JAWA BARAT","ID_KABKOT":"32.75","KABKOT":"KOTA BEKASI","ID_KEC":"32.75.05","KECAMATAN":"RAWALUMBU","ID_DESA":"32.75.05.1001","DESA":"BOJONG RAWALUMBU","LONGITUDE":"106.9894482","LATITUDE":"-6.2821549999999995","STATUS":"BUKA","TANGGAL PENGUMPULAN":"Q2 2025","TANGGAL UPDATE":"20/06/2025"}},{"type":"Feature","geometry":{"coordinates":[106.9294801,-6.3405961],"type":"Point"},"properties":{"NAMA":"ATM MANDIRI","TIPE_1":"LAYANAN ATAU JASA","TIPE_2":"ATM","TIPE_3":"MANDIRI","TELEPON":"(021) 60783693","ALAMAT":"JL. RAYA PABUARAN NO.18 4, RT.001/RW.001, JATIRANGGON, KEC. JATISAMPURNA, KOTA BKS, JAWA BARAT 17432","ID_PROV":"32","PROVINSI":"JAWA BARAT","ID_KABKOT":"32.75","KABKOT":"KOTA BEKASI","ID_KEC":"32.75.10","KECAMATAN":"JATISAMPURNA","ID_DESA":"32.75.10.1003","DESA":"JATIRANGGON","LONGITUDE":"106.92948009999999","LATITUDE":"-6.3405961","STATUS":"BUKA","TANGGAL PENGUMPULAN":"Q2 2025","TANGGAL UPDATE":"20/06/2025"}},{"type":"Feature","geometry":{"coordinates":[106.92497859999999,-6.3637436],"type":"Point"},"properties":{"NAMA":"ATM MANDIRI","TIPE_1":"LAYANAN ATAU JASA","TIPE_2":"ATM","TIPE_3":"MANDIRI","TELEPON":"(021) 52997777","ALAMAT":"JL. RAYA PS. KRANGGAN NO.5, RT.004/RW.004, JATISAMPURNA, KEC. JATISAMPURNA, KOTA BKS, JAWA BARAT 17433","ID_PROV":"32","PROVINSI":"JAWA BARAT","ID_KABKOT":"32.75","KABKOT":"KOTA BEKASI","ID_KEC":"32.75.10","KECAMATAN":"JATISAMPURNA","ID_DESA":"32.75.10.1001","DESA":"JATISAMPURNA","LONGITUDE":"106.92497859999999","LATITUDE":"-6.363743599999999","STATUS":"BUKA","TANGGAL PENGUMPULAN":"Q2 2025","TANGGAL UPDATE":"20/06/2025"}},{"type":"Feature","geometry":{"coordinates":[106.99330839999999,-6.2708699],"type":"Point"},"properties":{"NAMA":"ATM MANDIRI","TIPE_1":"LAYANAN ATAU JASA","TIPE_2":"ATM","TIPE_3":"MANDIRI","TELEPON":"","ALAMAT":"JL. RAYA SILIWANGI NO.86, RT.003/RW.005, SEPANJANG JAYA, KEC. RAWALUMBU, KOTA BKS, JAWA BARAT 17114","ID_PROV":"32","PROVINSI":"JAWA BARAT","ID_KABKOT":"32.75","KABKOT":"KOTA BEKASI","ID_KEC":"32.75.05","KECAMATAN":"RAWALUMBU","ID_DESA":"32.75.05.1003","DESA":"SEPANJANGJAYA","LONGITUDE":"106.99330839999999","LATITUDE":"-6.2708699","STATUS":"BUKA","TANGGAL PENGUMPULAN":"Q2 2025","TANGGAL UPDATE":"20/06/2025"}},{"type":"Feature","geometry":{"coordinates":[106.9565915,-6.2279056],"type":"Point"},"properties":{"NAMA":"ATM MANDIRI","TIPE_1":"LAYANAN ATAU JASA","TIPE_2":"ATM","TIPE_3":"MANDIRI","TELEPON":"","ALAMAT":"JL. VII NO.100, BAR., KOTA BKS,, RT.005/RW.003, BINTARA, KEC. BEKASI BAR., KOTA BKS, JAWA BARAT 17134","ID_PROV":"32","PROVINSI":"JAWA BARAT","ID_KABKOT":"32.75","KABKOT":"KOTA BEKASI","ID_KEC":"32.75.02","KECAMATAN":"BEKASI BARAT","ID_DESA":"32.75.02.1001","DESA":"BINTARA","LONGITUDE":"106.9565915","LATITUDE":"-6.2279056","STATUS":"BUKA","TANGGAL PENGUMPULAN":"Q2 2025","TANGGAL UPDATE":"20/06/2025"}},{"type":"Feature","geometry":{"coordinates":[106.9364715,-6.352668],"type":"Point"},"properties":{"NAMA":"ATM MANDIRI","TIPE_1":"LAYANAN ATAU JASA","TIPE_2":"ATM","TIPE_3":"MANDIRI","TELEPON":"","ALAMAT":"RT.002/RW.008, JATIRANGGA, JATISAMPURNA, BEKASI, WEST JAVA 17434","ID_PROV":"32","PROVINSI":"JAWA BARAT","ID_KABKOT":"32.75","KABKOT":"KOTA BEKASI","ID_KEC":"32.75.10","KECAMATAN":"JATISAMPURNA","ID_DESA":"32.75.10.1004","DESA":"JATIRANGGA","LONGITUDE":"106.9364715","LATITUDE":"-6.3526679999999995","STATUS":"BUKA","TANGGAL PENGUMPULAN":"Q2 2025","TANGGAL UPDATE":"20/06/2025"}},{"type":"Feature","geometry":{"coordinates":[106.9513782,-6.2781964],"type":"Point"},"properties":{"NAMA":"ATM MANDIRI","TIPE_1":"LAYANAN ATAU JASA","TIPE_2":"ATM","TIPE_3":"MANDIRI","TELEPON":"(021) 52997777","ALAMAT":"KRUI SUKSES MAKMUR BUILDING, JL. DR. RATNA JL. CIKUNIR RAYA NO.14, RT.005/RW.003, JATIKRAMAT, KEC. JATIASIH, KOTA BKS, JAWA BARAT 17146","ID_PROV":"32","PROVINSI":"JAWA BARAT","ID_KABKOT":"32.75","KABKOT":"KOTA BEKASI","ID_KEC":"32.75.09","KECAMATAN":"JATIASIH","ID_DESA":"32.75.09.1003","DESA":"JATIKRAMAT","LONGITUDE":"106.9513782","LATITUDE":"-6.2781964","STATUS":"BUKA","TANGGAL PENGUMPULAN":"Q2 2025","TANGGAL UPDATE":"20/06/2025"}},{"type":"Feature","geometry":{"coordinates":[107.0277965,-6.3193179],"type":"Point"},"properties":{"NAMA":"ATM MANDIRI","TIPE_1":"LAYANAN ATAU JASA","TIPE_2":"ATM","TIPE_3":"MANDIRI","TELEPON":"","ALAMAT":"RT.003/RW.007, CIMUNING, KEC. MUSTIKA JAYA, KOTA BKS, JAWA BARAT 17155","ID_PROV":"32","PROVINSI":"JAWA BARAT","ID_KABKOT":"32.75","KABKOT":"KOTA BEKASI","ID_KEC":"32.75.11","KECAMATAN":"MUSTIKAJAYA","ID_DESA":"32.75.11.1002","DESA":"CIMUNING","LONGITUDE":"107.0277965","LATITUDE":"-6.3193179","STATUS":"BUKA","TANGGAL PENGUMPULAN":"Q2 2025","TANGGAL UPDATE":"20/06/2025"}},{"type":"Feature","geometry":{"coordinates":[106.9895876,-6.2484876],"type":"Point"},"properties":{"NAMA":"ATM MANDIRI","TIPE_1":"LAYANAN ATAU JASA","TIPE_2":"ATM","TIPE_3":"MANDIRI","TELEPON":"","ALAMAT":"MAL METROPOLITAN, JL. KH. NOER ALI LANTAI DASAR, RT.008/RW.002, PEKAYON JAYA, KEC. BEKASI SEL., KOTA BKS, JAWA BARAT 17148","ID_PROV":"32","PROVINSI":"JAWA BARAT","ID_KABKOT":"32.75","KABKOT":"KOTA BEKASI","ID_KEC":"32.75.04","KECAMATAN":"BEKASI SELATAN","ID_DESA":"32.75.04.1001","DESA":"PEKAYONJAYA","LONGITUDE":"106.9895876","LATITUDE":"-6.2484876","STATUS":"BUKA","TANGGAL PENGUMPULAN":"Q2 2025","TANGGAL UPDATE":"20/06/2025"}},{"type":"Feature","geometry":{"coordinates":[107.0332905,-6.2866425],"type":"Point"},"properties":{"NAMA":"ATM MANDIRI","TIPE_1":"LAYANAN ATAU JASA","TIPE_2":"ATM","TIPE_3":"MANDIRI","TELEPON":"","ALAMAT":"RT.015/RW.029, MUSTIKAJAYA, MUSTIKA JAYA, BEKASI, WEST JAVA 17158","ID_PROV":"32","PROVINSI":"JAWA BARAT","ID_KABKOT":"32.75","KABKOT":"KOTA BEKASI","ID_KEC":"32.75.11","KECAMATAN":"MUSTIKAJAYA","ID_DESA":"32.75.11.1003","DESA":"MUSTIKAJAYA","LONGITUDE":"107.03329049999999","LATITUDE":"-6.2866425","STATUS":"BUKA","TANGGAL PENGUMPULAN":"Q2 2025","TANGGAL UPDATE":"20/06/2025"}},{"type":"Feature","geometry":{"coordinates":[106.9220138,-6.297593],"type":"Point"},"properties":{"NAMA":"ATM MANDIRI","TIPE_1":"LAYANAN ATAU JASA","TIPE_2":"ATM","TIPE_3":"MANDIRI","TELEPON":"","ALAMAT":"RT.003/RW.008, JATIRAHAYU, PONDOK MELATI, BEKASI, WEST JAVA 17414","ID_PROV":"32","PROVINSI":"JAWA BARAT","ID_KABKOT":"32.75","KABKOT":"KOTA BEKASI","ID_KEC":"32.75.12","KECAMATAN":"PONDOKMELATI","ID_DESA":"32.75.12.1001","DESA":"JATIRAHAYU","LONGITUDE":"106.9220138","LATITUDE":"-6.297593","STATUS":"BUKA","TANGGAL PENGUMPULAN":"Q2 2025","TANGGAL UPDATE":"20/06/2025"}},{"type":"Feature","geometry":{"coordinates":[106.9356759,-6.2855265],"type":"Point"},"properties":{"NAMA":"ATM MANDIRI","TIPE_1":"LAYANAN ATAU JASA","TIPE_2":"ATM","TIPE_3":"MANDIRI","TELEPON":"6214000","ALAMAT":"JL. RAYA JATI MAKMUR, RT.002/RW.020, JATIMAKMUR, KEC. PD. GEDE, KOTA BKS, JAWA BARAT 17413","ID_PROV":"32","PROVINSI":"JAWA BARAT","ID_KABKOT":"32.75","KABKOT":"KOTA BEKASI","ID_KEC":"32.75.08","KECAMATAN":"PONDOKGEDE","ID_DESA":"32.75.08.1003","DESA":"JATIMAKMUR","LONGITUDE":"106.93567589999999","LATITUDE":"-6.2855265","STATUS":"BUKA","TANGGAL PENGUMPULAN":"Q2 2025","TANGGAL UPDATE":"20/06/2025"}},{"type":"Feature","geometry":{"coordinates":[106.9363373,-6.2737635],"type":"Point"},"properties":{"NAMA":"ATM MANDIRI","TIPE_1":"LAYANAN ATAU JASA","TIPE_2":"ATM","TIPE_3":"MANDIRI","TELEPON":"","ALAMAT":"JL. JATI MAKMUR, RT.004/RW.011, JATIMAKMUR, KEC. PD. GEDE, KOTA BKS, JAWA BARAT 17413","ID_PROV":"32","PROVINSI":"JAWA BARAT","ID_KABKOT":"32.75","KABKOT":"KOTA BEKASI","ID_KEC":"32.75.09","KECAMATAN":"JATIASIH","ID_DESA":"32.75.09.1003","DESA":"JATIKRAMAT","LONGITUDE":"106.93633729999999","LATITUDE":"-6.273763499999999","STATUS":"BUKA","TANGGAL PENGUMPULAN":"Q2 2025","TANGGAL UPDATE":"20/06/2025"}},{"type":"Feature","geometry":{"coordinates":[106.9116945,-6.2704887],"type":"Point"},"properties":{"NAMA":"ATM MANDIRI","TIPE_1":"LAYANAN ATAU JASA","TIPE_2":"ATM","TIPE_3":"MANDIRI","TELEPON":"","ALAMAT":"RT.005/RW.015, JATIWARINGIN, KEC. PD. GEDE, KOTA BKS, JAWA BARAT 17411","ID_PROV":"32","PROVINSI":"JAWA BARAT","ID_KABKOT":"32.75","KABKOT":"KOTA BEKASI","ID_KEC":"32.75.08","KECAMATAN":"PONDOKGEDE","ID_DESA":"32.75.08.1001","DESA":"JATIWARINGIN","LONGITUDE":"106.9116945","LATITUDE":"-6.2704887","STATUS":"BUKA","TANGGAL PENGUMPULAN":"Q2 2025","TANGGAL UPDATE":"20/06/2025"}},{"type":"Feature","geometry":{"coordinates":[106.9100317,-6.2588294],"type":"Point"},"properties":{"NAMA":"ATM MANDIRI","TIPE_1":"LAYANAN ATAU JASA","TIPE_2":"ATM","TIPE_3":"MANDIRI","TELEPON":"","ALAMAT":"ALFAMIDI, JL. RAYA JATIWARINGIN, RT.001/RW.005, JATICEMPAKA, KEC. PD. GEDE, KOTA BKS, JAWA BARAT 17411","ID_PROV":"32","PROVINSI":"JAWA BARAT","ID_KABKOT":"32.75","KABKOT":"KOTA BEKASI","ID_KEC":"32.75.08","KECAMATAN":"PONDOKGEDE","ID_DESA":"32.75.08.1007","DESA":"JATICEMPAKA","LONGITUDE":"106.91003169999999","LATITUDE":"-6.2588294","STATUS":"BUKA","TANGGAL PENGUMPULAN":"Q2 2025","TANGGAL UPDATE":"20/06/2025"}},{"type":"Feature","geometry":{"coordinates":[106.9850034,-6.2922674],"type":"Point"},"properties":{"NAMA":"ATM MANDIRI","TIPE_1":"LAYANAN ATAU JASA","TIPE_2":"ATM","TIPE_3":"MANDIRI","TELEPON":"","ALAMAT":"RT.010/RW.002, BOJONG MENTENG, KEC. RAWALUMBU, KOTA BKS, JAWA BARAT 17117","ID_PROV":"32","PROVINSI":"JAWA BARAT","ID_KABKOT":"32.75","KABKOT":"KOTA BEKASI","ID_KEC":"32.75.05","KECAMATAN":"RAWALUMBU","ID_DESA":"32.75.05.1001","DESA":"BOJONG RAWALUMBU","LONGITUDE":"106.9850034","LATITUDE":"-6.2922674","STATUS":"BUKA","TANGGAL PENGUMPULAN":"Q2 2025","TANGGAL UPDATE":"20/06/2025"}},{"type":"Feature","geometry":{"coordinates":[106.9508649,-6.271207],"type":"Point"},"properties":{"NAMA":"ATM MANDIRI","TIPE_1":"LAYANAN ATAU JASA","TIPE_2":"ATM","TIPE_3":"MANDIRI","TELEPON":"","ALAMAT":"JL. DR. RATNA, RT.006/RW.003, JATIBENING, KEC. JATIASIH, KOTA BKS, JAWA BARAT 17421","ID_PROV":"32","PROVINSI":"JAWA BARAT","ID_KABKOT":"32.75","KABKOT":"KOTA BEKASI","ID_KEC":"32.75.09","KECAMATAN":"JATIASIH","ID_DESA":"32.75.09.1003","DESA":"JATIKRAMAT","LONGITUDE":"106.9508649","LATITUDE":"-6.2712069999999995","STATUS":"BUKA","TANGGAL PENGUMPULAN":"Q2 2025","TANGGAL UPDATE":"20/06/2025"}},{"type":"Feature","geometry":{"coordinates":[106.9793168,-6.2522761],"type":"Point"},"properties":{"NAMA":"ATM MANDIRI","TIPE_1":"LAYANAN ATAU JASA","TIPE_2":"ATM","TIPE_3":"MANDIRI","TELEPON":"","ALAMAT":"LAGOON AVENUE MALL, RT.006/RW.003, PEKAYON JAYA, KEC. BEKASI SEL., KOTA BKS, JAWA BARAT 17148","ID_PROV":"32","PROVINSI":"JAWA BARAT","ID_KABKOT":"32.75","KABKOT":"KOTA BEKASI","ID_KEC":"32.75.04","KECAMATAN":"BEKASI SELATAN","ID_DESA":"32.75.04.1001","DESA":"PEKAYONJAYA","LONGITUDE":"106.97931679999999","LATITUDE":"-6.2522761","STATUS":"BUKA","TANGGAL PENGUMPULAN":"Q2 2025","TANGGAL UPDATE":"20/06/2025"}},{"type":"Feature","geometry":{"coordinates":[107.015309,-6.2421133],"type":"Point"},"properties":{"NAMA":"ATM MANDIRI","TIPE_1":"LAYANAN ATAU JASA","TIPE_2":"ATM","TIPE_3":"MANDIRI","TELEPON":"","ALAMAT":"RT.006/RW.002, DUREN JAYA, KEC. BEKASI TIM., KOTA BKS, JAWA BARAT 17111","ID_PROV":"32","PROVINSI":"JAWA BARAT","ID_KABKOT":"32.75","KABKOT":"KOTA BEKASI","ID_KEC":"32.75.01","KECAMATAN":"BEKASI TIMUR","ID_DESA":"32.75.01.1003","DESA":"DURENJAYA","LONGITUDE":"107.015309","LATITUDE":"-6.2421133","STATUS":"BUKA","TANGGAL PENGUMPULAN":"Q2 2025","TANGGAL UPDATE":"20/06/2025"}},{"type":"Feature","geometry":{"coordinates":[107.0236913,-6.2220372],"type":"Point"},"properties":{"NAMA":"ATM MANDIRI","TIPE_1":"LAYANAN ATAU JASA","TIPE_2":"ATM","TIPE_3":"MANDIRI","TELEPON":"(021) 52997777","ALAMAT":"GIANT WISMA ASRI, JL. PERJUANGAN, JL. RAYA PERJUANGAN, RT.002/RW.031, TLK. PUCUNG, KEC. BEKASI UTARA, KOTA BKS, JAWA BARAT 17121","ID_PROV":"32","PROVINSI":"JAWA BARAT","ID_KABKOT":"32.75","KABKOT":"KOTA BEKASI","ID_KEC":"32.75.03","KECAMATAN":"BEKASI UTARA","ID_DESA":"32.75.03.1004","DESA":"TELUK PUCUNG","LONGITUDE":"107.0236913","LATITUDE":"-6.2220372","STATUS":"BUKA","TANGGAL PENGUMPULAN":"Q2 2025","TANGGAL UPDATE":"20/06/2025"}},{"type":"Feature","geometry":{"coordinates":[106.9456353,-6.2364676],"type":"Point"},"properties":{"NAMA":"ATM MANDIRI","TIPE_1":"LAYANAN ATAU JASA","TIPE_2":"ATM","TIPE_3":"MANDIRI","TELEPON":"","ALAMAT":"JL. BINTARA JAYA, RT.008/RW.010, BINTARA JAYA, BEKASI BARAT, BEKASI, WEST JAVA 13450","ID_PROV":"32","PROVINSI":"JAWA BARAT","ID_KABKOT":"32.75","KABKOT":"KOTA BEKASI","ID_KEC":"32.75.02","KECAMATAN":"BEKASI BARAT","ID_DESA":"32.75.02.1004","DESA":"BINTARAJAYA","LONGITUDE":"106.94563529999999","LATITUDE":"-6.2364676","STATUS":"BUKA","TANGGAL PENGUMPULAN":"Q2 2025","TANGGAL UPDATE":"20/06/2025"}},{"type":"Feature","geometry":{"coordinates":[106.95960919999999,-6.2490652],"type":"Point"},"properties":{"NAMA":"ATM MANDIRI","TIPE_1":"LAYANAN ATAU JASA","TIPE_2":"ATM","TIPE_3":"MANDIRI","TELEPON":"","ALAMAT":"JL. INSPEKSI KALIMALANG, RT.006/RW.002, JAKASAMPURNA, KEC. BEKASI BAR., KOTA BKS, JAWA BARAT 17145","ID_PROV":"32","PROVINSI":"JAWA BARAT","ID_KABKOT":"32.75","KABKOT":"KOTA BEKASI","ID_KEC":"32.75.02","KECAMATAN":"BEKASI BARAT","ID_DESA":"32.75.02.1005","DESA":"JAKASAMPURNA","LONGITUDE":"106.95960919999999","LATITUDE":"-6.2490651999999995","STATUS":"BUKA","TANGGAL PENGUMPULAN":"Q2 2025","TANGGAL UPDATE":"20/06/2025"}},{"type":"Feature","geometry":{"coordinates":[106.9697703,-6.248984],"type":"Point"},"properties":{"NAMA":"ATM MANDIRI","TIPE_1":"LAYANAN ATAU JASA","TIPE_2":"ATM","TIPE_3":"MANDIRI","TELEPON":"","ALAMAT":"JL. RAYA KALIMALANG, RT.005/RW.006A, JAKASAMPURNA, KEC. BEKASI BAR., KOTA BKS, JAWA BARAT 17145","ID_PROV":"32","PROVINSI":"JAWA BARAT","ID_KABKOT":"32.75","KABKOT":"KOTA BEKASI","ID_KEC":"32.75.02","KECAMATAN":"BEKASI BARAT","ID_DESA":"32.75.02.1005","DESA":"JAKASAMPURNA","LONGITUDE":"106.9697703","LATITUDE":"-6.248984","STATUS":"BUKA","TANGGAL PENGUMPULAN":"Q2 2025","TANGGAL UPDATE":"20/06/2025"}},{"type":"Feature","geometry":{"coordinates":[106.9693576,-6.2395418],"type":"Point"},"properties":{"NAMA":"ATM MANDIRI","TIPE_1":"LAYANAN ATAU JASA","TIPE_2":"ATM","TIPE_3":"MANDIRI","TELEPON":"","ALAMAT":"RT.004/RW.018, JAKASAMPURNA, KEC. BEKASI BAR., KOTA BKS, JAWA BARAT 17145","ID_PROV":"32","PROVINSI":"JAWA BARAT","ID_KABKOT":"32.75","KABKOT":"KOTA BEKASI","ID_KEC":"32.75.02","KECAMATAN":"BEKASI BARAT","ID_DESA":"32.75.02.1005","DESA":"JAKASAMPURNA","LONGITUDE":"106.9693576","LATITUDE":"-6.2395418","STATUS":"BUKA","TANGGAL PENGUMPULAN":"Q2 2025","TANGGAL UPDATE":"20/06/2025"}},{"type":"Feature","geometry":{"coordinates":[107.0010676,-6.1801728],"type":"Point"},"properties":{"NAMA":"ATM MANDIRI","TIPE_1":"LAYANAN ATAU JASA","TIPE_2":"ATM","TIPE_3":"MANDIRI","TELEPON":"(021) 88877139","ALAMAT":"JL. RAYA PD. UNGU PERMAI, RT.011/RW.010, KALIABANG TENGAH, KEC. BEKASI UTARA, KOTA BKS, JAWA BARAT 17125","ID_PROV":"32","PROVINSI":"JAWA BARAT","ID_KABKOT":"32.75","KABKOT":"KOTA BEKASI","ID_KEC":"32.75.03","KECAMATAN":"BEKASI UTARA","ID_DESA":"32.75.03.1001","DESA":"KALIABANG TENGAH","LONGITUDE":"107.0010676","LATITUDE":"-6.180172799999999","STATUS":"BUKA","TANGGAL PENGUMPULAN":"Q2 2025","TANGGAL UPDATE":"20/06/2025"}},{"type":"Feature","geometry":{"coordinates":[106.9669151,-6.2022955],"type":"Point"},"properties":{"NAMA":"ATM MANDIRI","TIPE_1":"LAYANAN ATAU JASA","TIPE_2":"ATM","TIPE_3":"MANDIRI","TELEPON":"","ALAMAT":"RT.006/RW.007, MEDAN SATRIA, KECAMATAN MEDAN SATRIA, KOTA BKS, JAWA BARAT 17132","ID_PROV":"32","PROVINSI":"JAWA BARAT","ID_KABKOT":"32.75","KABKOT":"KOTA BEKASI","ID_KEC":"32.75.06","KECAMATAN":"MEDANSATRIA","ID_DESA":"32.75.06.1001","DESA":"MEDANSATRIA","LONGITUDE":"106.9669151","LATITUDE":"-6.2022955","STATUS":"BUKA","TANGGAL PENGUMPULAN":"Q2 2025","TANGGAL UPDATE":"20/06/2025"}},{"type":"Feature","geometry":{"coordinates":[107.0089972,-6.2653735],"type":"Point"},"properties":{"NAMA":"ATM MANDIRI","TIPE_1":"LAYANAN ATAU JASA","TIPE_2":"ATM","TIPE_3":"MANDIRI","TELEPON":"","ALAMAT":"RUKO NAMIRA, JL. PENGASINAN NO.43, RT.002/RW.001, PENGASINAN, KEC. RAWALUMBU, KOTA BKS, JAWA BARAT 17115","ID_PROV":"32","PROVINSI":"JAWA BARAT","ID_KABKOT":"32.75","KABKOT":"KOTA BEKASI","ID_KEC":"32.75.05","KECAMATAN":"RAWALUMBU","ID_DESA":"32.75.05.1002","DESA":"PENGASINAN","LONGITUDE":"107.0089972","LATITUDE":"-6.2653735","STATUS":"BUKA","TANGGAL PENGUMPULAN":"Q2 2025","TANGGAL UPDATE":"20/06/2025"}},{"type":"Feature","geometry":{"coordinates":[106.9897979,-6.1983283],"type":"Point"},"properties":{"NAMA":"ATM MANDIRI","TIPE_1":"LAYANAN ATAU JASA","TIPE_2":"ATM","TIPE_3":"MANDIRI","TELEPON":"","ALAMAT":"JL. PEJUANG, RT.003/RW.002, HARAPAN JAYA, KEC. BEKASI UTARA, KOTA BKS, JAWA BARAT 17124","ID_PROV":"32","PROVINSI":"JAWA BARAT","ID_KABKOT":"32.75","KABKOT":"KOTA BEKASI","ID_KEC":"32.75.03","KECAMATAN":"BEKASI UTARA","ID_DESA":"32.75.03.1006","DESA":"HARAPANJAYA","LONGITUDE":"106.9897979","LATITUDE":"-6.1983283","STATUS":"BUKA","TANGGAL PENGUMPULAN":"Q2 2025","TANGGAL UPDATE":"20/06/2025"}},{"type":"Feature","geometry":{"coordinates":[106.9746393,-6.1970263],"type":"Point"},"properties":{"NAMA":"ATM MANDIRI","TIPE_1":"LAYANAN ATAU JASA","TIPE_2":"ATM","TIPE_3":"MANDIRI","TELEPON":"","ALAMAT":"JL. SULTAN AGUNG, RT.007/RW.007, MEDAN SATRIA, KECAMATAN MEDAN SATRIA, KOTA BKS, JAWA BARAT 17132","ID_PROV":"32","PROVINSI":"JAWA BARAT","ID_KABKOT":"32.75","KABKOT":"KOTA BEKASI","ID_KEC":"32.75.06","KECAMATAN":"MEDANSATRIA","ID_DESA":"32.75.06.1001","DESA":"MEDANSATRIA","LONGITUDE":"106.97463929999999","LATITUDE":"-6.1970263","STATUS":"BUKA","TANGGAL PENGUMPULAN":"Q2 2025","TANGGAL UPDATE":"20/06/2025"}},{"type":"Feature","geometry":{"coordinates":[106.9714092,-6.1929915],"type":"Point"},"properties":{"NAMA":"ATM MANDIRI","TIPE_1":"LAYANAN ATAU JASA","TIPE_2":"ATM","TIPE_3":"MANDIRI","TELEPON":"","ALAMAT":"JL. SULTAN AGUNG, RT.006/RW.007, MEDAN SATRIA, KECAMATAN MEDAN SATRIA, KOTA BKS, JAWA BARAT 17132","ID_PROV":"32","PROVINSI":"JAWA BARAT","ID_KABKOT":"32.75","KABKOT":"KOTA BEKASI","ID_KEC":"32.75.06","KECAMATAN":"MEDANSATRIA","ID_DESA":"32.75.06.1001","DESA":"MEDANSATRIA","LONGITUDE":"106.9714092","LATITUDE":"-6.1929915","STATUS":"BUKA","TANGGAL PENGUMPULAN":"Q2 2025","TANGGAL UPDATE":"20/06/2025"}},{"type":"Feature","geometry":{"coordinates":[106.978281,-6.1859332],"type":"Point"},"properties":{"NAMA":"ATM MANDIRI","TIPE_1":"LAYANAN ATAU JASA","TIPE_2":"ATM","TIPE_3":"MANDIRI","TELEPON":"(021) 52997777","ALAMAT":"KANTOR CABANG PEMBANTU HARAPAN INDAH, JL. BOULEVARD HIJAU, KOMPLEK PERUMAHAN HARAPAN INDAH, RT.004/RW.030, PEJUANG, KECAMATAN MEDAN SATRIA, KOTA BKS, JAWA BARAT 17131","ID_PROV":"32","PROVINSI":"JAWA BARAT","ID_KABKOT":"32.75","KABKOT":"KOTA BEKASI","ID_KEC":"32.75.06","KECAMATAN":"MEDANSATRIA","ID_DESA":"32.75.06.1003","DESA":"PEJUANG","LONGITUDE":"106.978281","LATITUDE":"-6.1859332","STATUS":"BUKA","TANGGAL PENGUMPULAN":"Q2 2025","TANGGAL UPDATE":"20/06/2025"}},{"type":"Feature","geometry":{"coordinates":[107.0066096,-6.1892861],"type":"Point"},"properties":{"NAMA":"ATM MANDIRI","TIPE_1":"LAYANAN ATAU JASA","TIPE_2":"ATM","TIPE_3":"MANDIRI","TELEPON":"","ALAMAT":"SPBU 34.171.48, JL. UJUNG HARAPAN, RT.005/RW.028, KALIABANG TENGAH, KEC. BEKASI UTARA, KABUPATEN BEKASI, JAWA BARAT 17125","ID_PROV":"32","PROVINSI":"JAWA BARAT","ID_KABKOT":"32.75","KABKOT":"KOTA BEKASI","ID_KEC":"32.75.03","KECAMATAN":"BEKASI UTARA","ID_DESA":"32.75.03.1001","DESA":"KALIABANG TENGAH","LONGITUDE":"107.00660959999999","LATITUDE":"-6.1892860999999995","STATUS":"BUKA","TANGGAL PENGUMPULAN":"Q2 2025","TANGGAL UPDATE":"20/06/2025"}},{"type":"Feature","geometry":{"coordinates":[107.00300019999999,-6.203612],"type":"Point"},"properties":{"NAMA":"ATM MANDIRI","TIPE_1":"LAYANAN ATAU JASA","TIPE_2":"ATM","TIPE_3":"MANDIRI","TELEPON":"(021) 52997777","ALAMAT":"SPBU KALIABANG TENGAH, JL. FAJAR NIAGA NO. 63 - 65, JAKASAMPURNA, BEKASI BARAT, RT.001/RW.006, PERWIRA, KEC. BEKASI UTARA, KOTA BKS, JAWA BARAT 17125","ID_PROV":"32","PROVINSI":"JAWA BARAT","ID_KABKOT":"32.75","KABKOT":"KOTA BEKASI","ID_KEC":"32.75.03","KECAMATAN":"BEKASI UTARA","ID_DESA":"32.75.03.1002","DESA":"PERWIRA","LONGITUDE":"107.00300019999999","LATITUDE":"-6.203612","STATUS":"BUKA","TANGGAL PENGUMPULAN":"Q2 2025","TANGGAL UPDATE":"20/06/2025"}},{"type":"Feature","geometry":{"coordinates":[106.9812035,-6.2121988],"type":"Point"},"properties":{"NAMA":"ATM MANDIRI","TIPE_1":"LAYANAN ATAU JASA","TIPE_2":"ATM","TIPE_3":"MANDIRI","TELEPON":"(021) 52997777","ALAMAT":"SUNRISE BUMI TEKSTIL BUILDING, JALAN RAYA BEKASI KM. 28, HARAPAN JAYA, BEKASI UTARA, RT.003/RW.016, HARAPAN JAYA, KEC. BEKASI UTARA, KOTA BKS, JAWA BARAT 13950","ID_PROV":"32","PROVINSI":"JAWA BARAT","ID_KABKOT":"32.75","KABKOT":"KOTA BEKASI","ID_KEC":"32.75.03","KECAMATAN":"BEKASI UTARA","ID_DESA":"32.75.03.1006","DESA":"HARAPANJAYA","LONGITUDE":"106.98120349999999","LATITUDE":"-6.2121987999999995","STATUS":"BUKA","TANGGAL PENGUMPULAN":"Q2 2025","TANGGAL UPDATE":"20/06/2025"}},{"type":"Feature","geometry":{"coordinates":[106.9874341,-6.3142363],"type":"Point"},"properties":{"NAMA":"ATM MANDIRI","TIPE_1":"LAYANAN ATAU JASA","TIPE_2":"ATM","TIPE_3":"MANDIRI","TELEPON":"","ALAMAT":"TOKO ELEKTRONIK PASIFIK INDAH, RT.003/RW.009, BANTARGEBANG, KEC. BANTAR GEBANG, KOTA BKS, JAWA BARAT 17151","ID_PROV":"32","PROVINSI":"JAWA BARAT","ID_KABKOT":"32.75","KABKOT":"KOTA BEKASI","ID_KEC":"32.75.07","KECAMATAN":"BANTARGEBANG","ID_DESA":"32.75.07.1003","DESA":"BANTARGEBANG","LONGITUDE":"106.9874341","LATITUDE":"-6.3142363","STATUS":"BUKA","TANGGAL PENGUMPULAN":"Q2 2025","TANGGAL UPDATE":"20/06/2025"}},{"type":"Feature","geometry":{"coordinates":[106.9920429,-6.2756596],"type":"Point"},"properties":{"NAMA":"ATM MANDIRI","TIPE_1":"LAYANAN ATAU JASA","TIPE_2":"ATM","TIPE_3":"MANDIRI","TELEPON":"(021) 52997777","ALAMAT":"WIKA REALTY PT BUILDING, JL. RAYA NAROGONG NO.KM 26, RT.002/RW.001, BOJONG RAWALUMBU, KEC. RAWALUMBU, KOTA BKS, JAWA BARAT 17151","ID_PROV":"32","PROVINSI":"JAWA BARAT","ID_KABKOT":"32.75","KABKOT":"KOTA BEKASI","ID_KEC":"32.75.05","KECAMATAN":"RAWALUMBU","ID_DESA":"32.75.05.1001","DESA":"BOJONG RAWALUMBU","LONGITUDE":"106.9920429","LATITUDE":"-6.2756596","STATUS":"BUKA","TANGGAL PENGUMPULAN":"Q2 2025","TANGGAL UPDATE":"20/06/2025"}},{"type":"Feature","geometry":{"coordinates":[107.0258977,-6.3088269],"type":"Point"},"properties":{"NAMA":"ATM MANDIRI APOTIK LEGENDA SEHAT","TIPE_1":"LAYANAN ATAU JASA","TIPE_2":"ATM","TIPE_3":"MANDIRI","TELEPON":"","ALAMAT":"JL. ZAMRUD UTARA, RT.006/RW.010, CIMUNING, KEC. MUSTIKA JAYA, KABUPATEN BEKASI, JAWA BARAT 16340","ID_PROV":"32","PROVINSI":"JAWA BARAT","ID_KABKOT":"32.75","KABKOT":"KOTA BEKASI","ID_KEC":"32.75.11","KECAMATAN":"MUSTIKAJAYA","ID_DESA":"32.75.11.1002","DESA":"CIMUNING","LONGITUDE":"107.0258977","LATITUDE":"-6.3088269","STATUS":"BUKA","TANGGAL PENGUMPULAN":"Q2 2025","TANGGAL UPDATE":"20/06/2025"}},{"type":"Feature","geometry":{"coordinates":[106.9139001,-6.2782588],"type":"Point"},"properties":{"NAMA":"ATM MANDIRI GIANT PONDOK GEDE","TIPE_1":"LAYANAN ATAU JASA","TIPE_2":"ATM","TIPE_3":"MANDIRI","TELEPON":"","ALAMAT":"JL. SWADAYA II NO.60, RT.003/RW.002, JATIWARINGIN, KEC. PD. GEDE, KOTA BKS, JAWA BARAT 17411","ID_PROV":"32","PROVINSI":"JAWA BARAT","ID_KABKOT":"32.75","KABKOT":"KOTA BEKASI","ID_KEC":"32.75.08","KECAMATAN":"PONDOKGEDE","ID_DESA":"32.75.08.1001","DESA":"JATIWARINGIN","LONGITUDE":"106.91390009999999","LATITUDE":"-6.2782588","STATUS":"BUKA","TANGGAL PENGUMPULAN":"Q2 2025","TANGGAL UPDATE":"20/06/2025"}},{"type":"Feature","geometry":{"coordinates":[106.98657689999999,-6.2704036],"type":"Point"},"properties":{"NAMA":"ATM MANDIRI INDOMARET KEMANG RAYA","TIPE_1":"LAYANAN ATAU JASA","TIPE_2":"ATM","TIPE_3":"MANDIRI","TELEPON":"","ALAMAT":"JL. KEMANG PRATAMA RAYA, BOJONG RAWALUMBU, RAWA LUMBU, BEKASI, WEST JAVA 17116","ID_PROV":"32","PROVINSI":"JAWA BARAT","ID_KABKOT":"32.75","KABKOT":"KOTA BEKASI","ID_KEC":"32.75.05","KECAMATAN":"RAWALUMBU","ID_DESA":"32.75.05.1001","DESA":"BOJONG RAWALUMBU","LONGITUDE":"106.98657689999999","LATITUDE":"-6.2704036","STATUS":"BUKA","TANGGAL PENGUMPULAN":"Q2 2025","TANGGAL UPDATE":"20/06/2025"}},{"type":"Feature","geometry":{"coordinates":[106.9999689,-6.2290725],"type":"Point"},"properties":{"NAMA":"ATM MANDIRI INDOMARET SINPASA","TIPE_1":"LAYANAN ATAU JASA","TIPE_2":"ATM","TIPE_3":"MANDIRI","TELEPON":"","ALAMAT":"RT.003/RW.005, MARGA MULYA, KEC. BEKASI UTARA, KOTA BKS, JAWA BARAT 17142","ID_PROV":"32","PROVINSI":"JAWA BARAT","ID_KABKOT":"32.75","KABKOT":"KOTA BEKASI","ID_KEC":"32.75.03","KECAMATAN":"BEKASI UTARA","ID_DESA":"32.75.03.1005","DESA":"MARGAMULYA","LONGITUDE":"106.9999689","LATITUDE":"-6.2290725","STATUS":"BUKA","TANGGAL PENGUMPULAN":"Q2 2025","TANGGAL UPDATE":"20/06/2025"}},{"type":"Feature","geometry":{"coordinates":[107.0032607,-6.2148492],"type":"Point"},"properties":{"NAMA":"ATM MANDIRI INDOMART","TIPE_1":"LAYANAN ATAU JASA","TIPE_2":"ATM","TIPE_3":"MANDIRI","TELEPON":"","ALAMAT":"JL. K. H. MUCHTAR TABRANI NO.76, RT.003/RW.003, PERWIRA, BEKASI UTARA, BEKASI, WEST JAVA 17124","ID_PROV":"32","PROVINSI":"JAWA BARAT","ID_KABKOT":"32.75","KABKOT":"KOTA BEKASI","ID_KEC":"32.75.03","KECAMATAN":"BEKASI UTARA","ID_DESA":"32.75.03.1002","DESA":"PERWIRA","LONGITUDE":"107.0032607","LATITUDE":"-6.2148492","STATUS":"BUKA","TANGGAL PENGUMPULAN":"Q2 2025","TANGGAL UPDATE":"20/06/2025"}},{"type":"Feature","geometry":{"coordinates":[106.9130128,-6.2785737],"type":"Point"},"properties":{"NAMA":"ATM MANDIRI KCP JAKARTA JATIWARINGIN","TIPE_1":"LAYANAN ATAU JASA","TIPE_2":"ATM","TIPE_3":"MANDIRI","TELEPON":"(021) 14000","ALAMAT":"JALAN JATIWARINGIN RAYA, RT. 08 / RW. 05, CIPINANG MELAYU, MAKASAR, RT.005/RW.003, JATIWARINGIN, KEC. PD. GEDE, KOTA JAKARTA TIMUR, DAERAH KHUSUS IBUKOTA JAKARTA 17411","ID_PROV":"32","PROVINSI":"JAWA BARAT","ID_KABKOT":"32.75","KABKOT":"KOTA BEKASI","ID_KEC":"32.75.08","KECAMATAN":"PONDOKGEDE","ID_DESA":"32.75.08.1001","DESA":"JATIWARINGIN","LONGITUDE":"106.91301279999999","LATITUDE":"-6.2785737","STATUS":"BUKA","TANGGAL PENGUMPULAN":"Q2 2025","TANGGAL UPDATE":"20/06/2025"}},{"type":"Feature","geometry":{"coordinates":[106.97977069999999,-6.2254729],"type":"Point"},"properties":{"NAMA":"ATM MANDIRI NAGA KRANJI","TIPE_1":"LAYANAN ATAU JASA","TIPE_2":"ATM","TIPE_3":"MANDIRI","TELEPON":"","ALAMAT":"RT.002/RW.003, KRANJI, KEC. BEKASI BAR., KOTA BKS, JAWA BARAT 17135","ID_PROV":"32","PROVINSI":"JAWA BARAT","ID_KABKOT":"32.75","KABKOT":"KOTA BEKASI","ID_KEC":"32.75.02","KECAMATAN":"BEKASI BARAT","ID_DESA":"32.75.02.1002","DESA":"KRANJI","LONGITUDE":"106.97977069999999","LATITUDE":"-6.2254729","STATUS":"BUKA","TANGGAL PENGUMPULAN":"Q2 2025","TANGGAL UPDATE":"20/06/2025"}},{"type":"Feature","geometry":{"coordinates":[107.0126805,-6.2603231],"type":"Point"},"properties":{"NAMA":"ATM MANDIRI RS. MITRA KELUARGA BEKASI TIMUR","TIPE_1":"LAYANAN ATAU JASA","TIPE_2":"ATM","TIPE_3":"MANDIRI","TELEPON":"","ALAMAT":"RS.MITRA KELUARGA, JL. PENGASINAN, RT.004/RW.012, MARGAHAYU, KEC. BEKASI TIM., KABUPATEN BEKASI, JAWA BARAT 17113","ID_PROV":"32","PROVINSI":"JAWA BARAT","ID_KABKOT":"32.75","KABKOT":"KOTA BEKASI","ID_KEC":"32.75.01","KECAMATAN":"BEKASI TIMUR","ID_DESA":"32.75.01.1002","DESA":"MARGAHAYU","LONGITUDE":"107.0126805","LATITUDE":"-6.2603231","STATUS":"BUKA","TANGGAL PENGUMPULAN":"Q2 2025","TANGGAL UPDATE":"20/06/2025"}},{"type":"Feature","geometry":{"coordinates":[106.9860281,-6.2266971],"type":"Point"},"properties":{"NAMA":"ATM MANDIRI SPBU 34 17137","TIPE_1":"LAYANAN ATAU JASA","TIPE_2":"ATM","TIPE_3":"MANDIRI","TELEPON":"","ALAMAT":"JL. PANGERAN JAYAKARTA NO.55, RT.006/RW.001, HARAPAN MULYA, KECAMATAN MEDAN SATRIA, KOTA BKS, JAWA BARAT 17143","ID_PROV":"32","PROVINSI":"JAWA BARAT","ID_KABKOT":"32.75","KABKOT":"KOTA BEKASI","ID_KEC":"32.75.06","KECAMATAN":"MEDANSATRIA","ID_DESA":"32.75.06.1002","DESA":"HARAPANMULYA","LONGITUDE":"106.9860281","LATITUDE":"-6.2266971","STATUS":"BUKA","TANGGAL PENGUMPULAN":"Q2 2025","TANGGAL UPDATE":"20/06/2025"}},{"type":"Feature","geometry":{"coordinates":[106.9779103,-6.3385559],"type":"Point"},"properties":{"NAMA":"ATM MANDIRI SPBU PANGKALAN 4","TIPE_1":"LAYANAN ATAU JASA","TIPE_2":"ATM","TIPE_3":"MANDIRI","TELEPON":"","ALAMAT":"JL. PANGKALAN 4 NO.4, RT.004/RW.001, CIKIWUL, BANTAR GEBANG, BEKASI, WEST JAVA 17152","ID_PROV":"32","PROVINSI":"JAWA BARAT","ID_KABKOT":"32.75","KABKOT":"KOTA BEKASI","ID_KEC":"32.75.07","KECAMATAN":"BANTARGEBANG","ID_DESA":"32.75.07.1004","DESA":"CIKIWUL","LONGITUDE":"106.97791029999999","LATITUDE":"-6.338555899999999","STATUS":"BUKA","TANGGAL PENGUMPULAN":"Q2 2025","TANGGAL UPDATE":"20/06/2025"}},{"type":"Feature","geometry":{"coordinates":[106.98147069999999,-6.3290186],"type":"Point"},"properties":{"NAMA":"ATM MANDIRI SPBU PERTAMINA","TIPE_1":"LAYANAN ATAU JASA","TIPE_2":"ATM","TIPE_3":"MANDIRI","TELEPON":"","ALAMAT":"RT.003/RW.008, BANTARGEBANG, KEC. BANTAR GEBANG, KOTA BKS, JAWA BARAT 17151","ID_PROV":"32","PROVINSI":"JAWA BARAT","ID_KABKOT":"32.75","KABKOT":"KOTA BEKASI","ID_KEC":"32.75.07","KECAMATAN":"BANTARGEBANG","ID_DESA":"32.75.07.1003","DESA":"BANTARGEBANG","LONGITUDE":"106.98147069999999","LATITUDE":"-6.3290185999999995","STATUS":"BUKA","TANGGAL PENGUMPULAN":"Q2 2025","TANGGAL UPDATE":"20/06/2025"}},{"type":"Feature","geometry":{"coordinates":[106.9721112,-6.2486669],"type":"Point"},"properties":{"NAMA":"ATM MANDIRI SYARIAH","TIPE_1":"LAYANAN ATAU JASA","TIPE_2":"ATM","TIPE_3":"MANDIRI","TELEPON":"","ALAMAT":"JL. KH. NOER ALI, RT.005/RW.006A, JAKASAMPURNA, KEC. BEKASI SEL., KOTA BKS, JAWA BARAT 17148","ID_PROV":"32","PROVINSI":"JAWA BARAT","ID_KABKOT":"32.75","KABKOT":"KOTA BEKASI","ID_KEC":"32.75.02","KECAMATAN":"BEKASI BARAT","ID_DESA":"32.75.02.1005","DESA":"JAKASAMPURNA","LONGITUDE":"106.9721112","LATITUDE":"-6.2486669","STATUS":"BUKA","TANGGAL PENGUMPULAN":"Q2 2025","TANGGAL UPDATE":"20/06/2025"}},{"type":"Feature","geometry":{"coordinates":[106.9925085,-6.2433873],"type":"Point"},"properties":{"NAMA":"ATM MANDIRI SYARIAH","TIPE_1":"LAYANAN ATAU JASA","TIPE_2":"ATM","TIPE_3":"MANDIRI","TELEPON":"","ALAMAT":"RUKO SENTRA NIAGA KALIMALANG, JL. AHMAD YANI BLOK A5 NO.5-7, RT.006/RW.011, KAYURINGIN JAYA, KEC. BEKASI SEL., KOTA BKS, JAWA BARAT 17144","ID_PROV":"32","PROVINSI":"JAWA BARAT","ID_KABKOT":"32.75","KABKOT":"KOTA BEKASI","ID_KEC":"32.75.04","KECAMATAN":"BEKASI SELATAN","ID_DESA":"32.75.04.1005","DESA":"KAYURINGINJAYA","LONGITUDE":"106.9925085","LATITUDE":"-6.243387299999999","STATUS":"BUKA","TANGGAL PENGUMPULAN":"Q2 2025","TANGGAL UPDATE":"20/06/2025"}},{"type":"Feature","geometry":{"coordinates":[106.9910769,-6.2510928],"type":"Point"},"properties":{"NAMA":"ATM MAYBANK","TIPE_1":"LAYANAN ATAU JASA","TIPE_2":"ATM","TIPE_3":"MAYBANK","TELEPON":"(021) 78869811","ALAMAT":"JL. AHMAD YANI NO.1, RT.004/RW.001, MARGA JAYA, BEKASI BARAT, BEKASI, WEST JAVA 17144","ID_PROV":"32","PROVINSI":"JAWA BARAT","ID_KABKOT":"32.75","KABKOT":"KOTA BEKASI","ID_KEC":"32.75.04","KECAMATAN":"BEKASI SELATAN","ID_DESA":"32.75.04.1001","DESA":"PEKAYONJAYA","LONGITUDE":"106.9910769","LATITUDE":"-6.2510927999999994","STATUS":"BUKA","TANGGAL PENGUMPULAN":"Q2 2025","TANGGAL UPDATE":"20/06/2025"}},{"type":"Feature","geometry":{"coordinates":[106.9909589,-6.303265],"type":"Point"},"properties":{"NAMA":"ATM MAYBANK","TIPE_1":"LAYANAN ATAU JASA","TIPE_2":"ATM","TIPE_3":"MAYBANK","TELEPON":"(021) 78869811","ALAMAT":"JL. KEMUNING RAYA NO.RUKO, RT.004/RW.005, BOJONG MENTENG, SQUARE, BEKASI, WEST JAVA 17117","ID_PROV":"32","PROVINSI":"JAWA BARAT","ID_KABKOT":"32.75","KABKOT":"KOTA BEKASI","ID_KEC":"32.75.05","KECAMATAN":"RAWALUMBU","ID_DESA":"32.75.05.1004","DESA":"BOJONGMENTENG","LONGITUDE":"106.9909589","LATITUDE":"-6.303265","STATUS":"BUKA","TANGGAL PENGUMPULAN":"Q2 2025","TANGGAL UPDATE":"20/06/2025"}},{"type":"Feature","geometry":{"coordinates":[106.9907568,-6.2488779],"type":"Point"},"properties":{"NAMA":"ATM MAYBANK","TIPE_1":"LAYANAN ATAU JASA","TIPE_2":"ATM","TIPE_3":"MAYBANK","TELEPON":"(021) 78869811","ALAMAT":"METROPOLITAN MALL, JL. KALIMALANG JEMB. 2 NO.UJUNG, RT.008/RW.002, PEKAYON JAYA, BEKASI SELATAN, BEKASI, WEST JAVA 17144","ID_PROV":"32","PROVINSI":"JAWA BARAT","ID_KABKOT":"32.75","KABKOT":"KOTA BEKASI","ID_KEC":"32.75.04","KECAMATAN":"BEKASI SELATAN","ID_DESA":"32.75.04.1001","DESA":"PEKAYONJAYA","LONGITUDE":"106.9907568","LATITUDE":"-6.2488779","STATUS":"BUKA","TANGGAL PENGUMPULAN":"Q2 2025","TANGGAL UPDATE":"20/06/2025"}},{"type":"Feature","geometry":{"coordinates":[106.97027519999999,-6.3050428],"type":"Point"},"properties":{"NAMA":"ATM BRI MASJID SITIRAHWANI","TIPE_1":"LAYANAN ATAU JASA","TIPE_2":"ATM","TIPE_3":"BRI","TELEPON":"","ALAMAT":"JL. SEKOLAH ISLAM AL - FAJAR, RT.006/RW.002, JATIRASA, KEC. JATIASIH, KOTA BKS, JAWA BARAT 17424","ID_PROV":"32","PROVINSI":"JAWA BARAT","ID_KABKOT":"32.75","KABKOT":"KOTA BEKASI","ID_KEC":"32.75.09","KECAMATAN":"JATIASIH","ID_DESA":"32.75.09.1004","DESA":"JATIRASA","LONGITUDE":"106.97027519999999","LATITUDE":"-6.3050428","STATUS":"BUKA","TANGGAL PENGUMPULAN":"Q2 2025","TANGGAL UPDATE":"20/06/2025"}},{"type":"Feature","geometry":{"coordinates":[106.9867445,-6.2646049],"type":"Point"},"properties":{"NAMA":"ATM BRI NAGA PEKAYON","TIPE_1":"LAYANAN ATAU JASA","TIPE_2":"ATM","TIPE_3":"BRI","TELEPON":"(021) 14017","ALAMAT":"JL. RAYA PEKAYON NO.32, RT.001/RW.020, PEKAYON JAYA, KEC. BEKASI SEL., KOTA BKS, JAWA BARAT 17148","ID_PROV":"32","PROVINSI":"JAWA BARAT","ID_KABKOT":"32.75","KABKOT":"KOTA BEKASI","ID_KEC":"32.75.04","KECAMATAN":"BEKASI SELATAN","ID_DESA":"32.75.04.1001","DESA":"PEKAYONJAYA","LONGITUDE":"106.9867445","LATITUDE":"-6.2646049","STATUS":"BUKA","TANGGAL PENGUMPULAN":"Q2 2025","TANGGAL UPDATE":"20/06/2025"}},{"type":"Feature","geometry":{"coordinates":[106.9884647,-6.2062882],"type":"Point"},"properties":{"NAMA":"ATM BRI PANCASARI","TIPE_1":"LAYANAN ATAU JASA","TIPE_2":"ATM","TIPE_3":"BRI","TELEPON":"","ALAMAT":"JL. FLAMBOYAN NO.17, RT.001/RW.006, HARAPAN JAYA, KEC. BEKASI UTARA, KOTA BKS, JAWA BARAT 17124","ID_PROV":"32","PROVINSI":"JAWA BARAT","ID_KABKOT":"32.75","KABKOT":"KOTA BEKASI","ID_KEC":"32.75.03","KECAMATAN":"BEKASI UTARA","ID_DESA":"32.75.03.1006","DESA":"HARAPANJAYA","LONGITUDE":"106.9884647","LATITUDE":"-6.2062881999999995","STATUS":"BUKA","TANGGAL PENGUMPULAN":"Q2 2025","TANGGAL UPDATE":"20/06/2025"}},{"type":"Feature","geometry":{"coordinates":[107.01110159999999,-6.2328318],"type":"Point"},"properties":{"NAMA":"ATM BRI RS MEKAR SARI","TIPE_1":"LAYANAN ATAU JASA","TIPE_2":"ATM","TIPE_3":"BRI","TELEPON":"","ALAMAT":"JL. MEKAR SARI, RT.001/RW.010, BEKASI JAYA, KEC. BEKASI TIM., KOTA BKS, JAWA BARAT 17112","ID_PROV":"32","PROVINSI":"JAWA BARAT","ID_KABKOT":"32.75","KABKOT":"KOTA BEKASI","ID_KEC":"32.75.01","KECAMATAN":"BEKASI TIMUR","ID_DESA":"32.75.01.1001","DESA":"BEKASIJAYA","LONGITUDE":"107.01110159999999","LATITUDE":"-6.2328318","STATUS":"BUKA","TANGGAL PENGUMPULAN":"Q2 2025","TANGGAL UPDATE":"20/06/2025"}},{"type":"Feature","geometry":{"coordinates":[106.9995366,-6.242036],"type":"Point"},"properties":{"NAMA":"ATM BRI RSUD BEKASI","TIPE_1":"LAYANAN ATAU JASA","TIPE_2":"ATM","TIPE_3":"BRI","TELEPON":"","ALAMAT":"RT.006/RW.006, MARGA JAYA, KEC. BEKASI SEL., KOTA BKS, JAWA BARAT 17141","ID_PROV":"32","PROVINSI":"JAWA BARAT","ID_KABKOT":"32.75","KABKOT":"KOTA BEKASI","ID_KEC":"32.75.04","KECAMATAN":"BEKASI SELATAN","ID_DESA":"32.75.04.1002","DESA":"MARGAJAYA","LONGITUDE":"106.9995366","LATITUDE":"-6.242036","STATUS":"BUKA","TANGGAL PENGUMPULAN":"Q2 2025","TANGGAL UPDATE":"20/06/2025"}},{"type":"Feature","geometry":{"coordinates":[107.0059216,-6.2048812],"type":"Point"},"properties":{"NAMA":"ATM BRI RUKO PANORAMA","TIPE_1":"LAYANAN ATAU JASA","TIPE_2":"ATM","TIPE_3":"BRI","TELEPON":"","ALAMAT":"PERUMAHAN DI DEKAT ALINDA KENCANA, RT.006/RW.024, BAHAGIA, KEC. BABELAN, KOTA BKS, JAWA BARAT 17124","ID_PROV":"32","PROVINSI":"JAWA BARAT","ID_KABKOT":"32.75","KABKOT":"KOTA BEKASI","ID_KEC":"32.75.03","KECAMATAN":"BEKASI UTARA","ID_DESA":"32.75.03.1002","DESA":"PERWIRA","LONGITUDE":"107.0059216","LATITUDE":"-6.2048812","STATUS":"BUKA","TANGGAL PENGUMPULAN":"Q2 2025","TANGGAL UPDATE":"20/06/2025"}},{"type":"Feature","geometry":{"coordinates":[107.0029465,-6.2901019],"type":"Point"},"properties":{"NAMA":"ATM BRI SDIT AT TAQWA NAROGONG","TIPE_1":"LAYANAN ATAU JASA","TIPE_2":"ATM","TIPE_3":"BRI","TELEPON":"","ALAMAT":"JL. BOJONG UTAMA RAYA, RT.003/RW.016, MUSTIKASARI, KEC. RAWALUMBU, BEKASI KOTA, JAWA BARAT 16117","ID_PROV":"32","PROVINSI":"JAWA BARAT","ID_KABKOT":"32.75","KABKOT":"KOTA BEKASI","ID_KEC":"32.75.05","KECAMATAN":"RAWALUMBU","ID_DESA":"32.75.05.1001","DESA":"BOJONG RAWALUMBU","LONGITUDE":"107.0029465","LATITUDE":"-6.2901019","STATUS":"BUKA","TANGGAL PENGUMPULAN":"Q2 2025","TANGGAL UPDATE":"20/06/2025"}},{"type":"Feature","geometry":{"coordinates":[106.9699455,-6.3052675],"type":"Point"},"properties":{"NAMA":"ATM BRI SEKOLAH AL FAJAR","TIPE_1":"LAYANAN ATAU JASA","TIPE_2":"ATM","TIPE_3":"BRI","TELEPON":"1 500 017","ALAMAT":"JL. VILA NUSA INDAH RAYA NO.D1, RW.3, JATIRASA, JATIASIH, BEKASI, DKI JAKARTA 45496","ID_PROV":"32","PROVINSI":"JAWA BARAT","ID_KABKOT":"32.75","KABKOT":"KOTA BEKASI","ID_KEC":"32.75.09","KECAMATAN":"JATIASIH","ID_DESA":"32.75.09.1004","DESA":"JATIRASA","LONGITUDE":"106.9699455","LATITUDE":"-6.305267499999999","STATUS":"BUKA","TANGGAL PENGUMPULAN":"Q2 2025","TANGGAL UPDATE":"20/06/2025"}},{"type":"Feature","geometry":{"coordinates":[106.9117299,-6.2703571],"type":"Point"},"properties":{"NAMA":"ATM BRI SYARIAH","TIPE_1":"LAYANAN ATAU JASA","TIPE_2":"ATM","TIPE_3":"BSI","TELEPON":"","ALAMAT":"JL. RAYA JATIWARINGIN NO.89, RT.005/RW.015, JATIWARINGIN, KEC. PD. GEDE, KOTA BKS, JAWA BARAT 17411","ID_PROV":"32","PROVINSI":"JAWA BARAT","ID_KABKOT":"32.75","KABKOT":"KOTA BEKASI","ID_KEC":"32.75.08","KECAMATAN":"PONDOKGEDE","ID_DESA":"32.75.08.1001","DESA":"JATIWARINGIN","LONGITUDE":"106.9117299","LATITUDE":"-6.2703571","STATUS":"BUKA","TANGGAL PENGUMPULAN":"Q2 2025","TANGGAL UPDATE":"20/06/2025"}},{"type":"Feature","geometry":{"coordinates":[106.9892946,-6.276863],"type":"Point"},"properties":{"NAMA":"ATM BSI","TIPE_1":"LAYANAN ATAU JASA","TIPE_2":"ATM","TIPE_3":"BSI","TELEPON":"(021) 82432974","ALAMAT":"BSM KANTOR CABANG PEMBANTU (KCP) BEKASI KEMANG PRATAMA, JL. RAYA KEMANG, PRATAMA, BLOK AN NO. 1B, SEPANJANG JAYA, RT.004/RW.001, BOJONG RAWALUMBU, KEC. RAWALUMBU, KOTA BKS, JAWA BARAT 17116","ID_PROV":"32","PROVINSI":"JAWA BARAT","ID_KABKOT":"32.75","KABKOT":"KOTA BEKASI","ID_KEC":"32.75.05","KECAMATAN":"RAWALUMBU","ID_DESA":"32.75.05.1001","DESA":"BOJONG RAWALUMBU","LONGITUDE":"106.9892946","LATITUDE":"-6.276863","STATUS":"BUKA","TANGGAL PENGUMPULAN":"Q2 2025","TANGGAL UPDATE":"20/06/2025"}},{"type":"Feature","geometry":{"coordinates":[106.98943639999999,-6.2485246],"type":"Point"},"properties":{"NAMA":"ATM BTN","TIPE_1":"LAYANAN ATAU JASA","TIPE_2":"ATM","TIPE_3":"BTN","TELEPON":"","ALAMAT":"BANK BTN LT.2, JL. AHMAD YANI, RT.008/RW.002, PEKAYON JAYA, KEC. BEKASI SEL., KOTA BKS, JAWA BARAT 17148","ID_PROV":"32","PROVINSI":"JAWA BARAT","ID_KABKOT":"32.75","KABKOT":"KOTA BEKASI","ID_KEC":"32.75.04","KECAMATAN":"BEKASI SELATAN","ID_DESA":"32.75.04.1001","DESA":"PEKAYONJAYA","LONGITUDE":"106.98943639999999","LATITUDE":"-6.2485246","STATUS":"BUKA","TANGGAL PENGUMPULAN":"Q2 2025","TANGGAL UPDATE":"20/06/2025"}},{"type":"Feature","geometry":{"coordinates":[106.9914139,-6.2465985],"type":"Point"},"properties":{"NAMA":"ATM BTN","TIPE_1":"LAYANAN ATAU JASA","TIPE_2":"ATM","TIPE_3":"BTN","TELEPON":"","ALAMAT":"BEKASI CYBER PARK, JL. KH. NOER ALI NO.177, RT.001/RW.005, KAYURINGIN JAYA, KEC. BEKASI BAR., KOTA BKS, JAWA BARAT 17144","ID_PROV":"32","PROVINSI":"JAWA BARAT","ID_KABKOT":"32.75","KABKOT":"KOTA BEKASI","ID_KEC":"32.75.04","KECAMATAN":"BEKASI SELATAN","ID_DESA":"32.75.04.1005","DESA":"KAYURINGINJAYA","LONGITUDE":"106.9914139","LATITUDE":"-6.246598499999999","STATUS":"BUKA","TANGGAL PENGUMPULAN":"Q2 2025","TANGGAL UPDATE":"20/06/2025"}},{"type":"Feature","geometry":{"coordinates":[107.0172369,-6.206853],"type":"Point"},"properties":{"NAMA":"ATM BTN","TIPE_1":"LAYANAN ATAU JASA","TIPE_2":"ATM","TIPE_3":"BTN","TELEPON":"","ALAMAT":"JL. KALI ABANG TENGAH NO.11, PERWIRA, KEC. BEKASI UTARA, KOTA BKS, JAWA BARAT 17124","ID_PROV":"32","PROVINSI":"JAWA BARAT","ID_KABKOT":"32.75","KABKOT":"KOTA BEKASI","ID_KEC":"32.75.03","KECAMATAN":"BEKASI UTARA","ID_DESA":"32.75.03.1002","DESA":"PERWIRA","LONGITUDE":"107.0172369","LATITUDE":"-6.206853","STATUS":"BUKA","TANGGAL PENGUMPULAN":"Q2 2025","TANGGAL UPDATE":"20/06/2025"}},{"type":"Feature","geometry":{"coordinates":[106.9853829,-6.24812],"type":"Point"},"properties":{"NAMA":"ATM BTN","TIPE_1":"LAYANAN ATAU JASA","TIPE_2":"ATM","TIPE_3":"BTN","TELEPON":"","ALAMAT":"JL. KH. NOER ALI NO.44, RT.004/RW.007, KAYURINGIN JAYA, KEC. BEKASI SEL., KOTA BKS, JAWA BARAT 17144","ID_PROV":"32","PROVINSI":"JAWA BARAT","ID_KABKOT":"32.75","KABKOT":"KOTA BEKASI","ID_KEC":"32.75.04","KECAMATAN":"BEKASI SELATAN","ID_DESA":"32.75.04.1005","DESA":"KAYURINGINJAYA","LONGITUDE":"106.98538289999999","LATITUDE":"-6.24812","STATUS":"BUKA","TANGGAL PENGUMPULAN":"Q2 2025","TANGGAL UPDATE":"20/06/2025"}},{"type":"Feature","geometry":{"coordinates":[107.0067776,-6.2383561],"type":"Point"},"properties":{"NAMA":"ATM BTN","TIPE_1":"LAYANAN ATAU JASA","TIPE_2":"ATM","TIPE_3":"BTN","TELEPON":"","ALAMAT":"JL. KIMANGUN SARKORO NO.35, RT.003/RW.006, BEKASI JAYA, KEC. BEKASI TIM., KOTA BKS, JAWA BARAT 17112","ID_PROV":"32","PROVINSI":"JAWA BARAT","ID_KABKOT":"32.75","KABKOT":"KOTA BEKASI","ID_KEC":"32.75.01","KECAMATAN":"BEKASI TIMUR","ID_DESA":"32.75.01.1001","DESA":"BEKASIJAYA","LONGITUDE":"107.00677759999999","LATITUDE":"-6.2383561","STATUS":"BUKA","TANGGAL PENGUMPULAN":"Q2 2025","TANGGAL UPDATE":"20/06/2025"}},{"type":"Feature","geometry":{"coordinates":[106.9150403,-6.3764517],"type":"Point"},"properties":{"NAMA":"ATM BTN","TIPE_1":"LAYANAN ATAU JASA","TIPE_2":"ATM","TIPE_3":"BTN","TELEPON":"","ALAMAT":"PLAZA CIBUBUR, LT. DASAR, JL. ALTERNATIF CIBUBUR, RT.001/RW.003, JATIKARYA, KEC. JATISAMPURNA, KOTA BKS, JAWA BARAT 17435","ID_PROV":"32","PROVINSI":"JAWA BARAT","ID_KABKOT":"32.75","KABKOT":"KOTA BEKASI","ID_KEC":"32.75.10","KECAMATAN":"JATISAMPURNA","ID_DESA":"32.75.10.1002","DESA":"JATIKARYA","LONGITUDE":"106.9150403","LATITUDE":"-6.3764517","STATUS":"BUKA","TANGGAL PENGUMPULAN":"Q2 2025","TANGGAL UPDATE":"20/06/2025"}},{"type":"Feature","geometry":{"coordinates":[107.0182272,-6.322601],"type":"Point"},"properties":{"NAMA":"ATM BTN","TIPE_1":"LAYANAN ATAU JASA","TIPE_2":"ATM","TIPE_3":"BTN","TELEPON":"1 500 286","ALAMAT":"PERUM BEKASI TIMUR REGENCY, JL. RAYA BEKASI TIMUR REGENSI, RT.011/RW.020, CIMUNING, KEC. MUSTIKA JAYA, KABUPATEN BEKASI, JAWA BARAT 17155","ID_PROV":"32","PROVINSI":"JAWA BARAT","ID_KABKOT":"32.75","KABKOT":"KOTA BEKASI","ID_KEC":"32.75.11","KECAMATAN":"MUSTIKAJAYA","ID_DESA":"32.75.11.1002","DESA":"CIMUNING","LONGITUDE":"107.0182272","LATITUDE":"-6.322601","STATUS":"BUKA","TANGGAL PENGUMPULAN":"Q2 2025","TANGGAL UPDATE":"20/06/2025"}},{"type":"Feature","geometry":{"coordinates":[106.9114267,-6.2831437],"type":"Point"},"properties":{"NAMA":"ATM BTN","TIPE_1":"LAYANAN ATAU JASA","TIPE_2":"ATM","TIPE_3":"BTN","TELEPON":"","ALAMAT":"PLAZA PD. GEDE, JL. RAYA PD. GEDE LT. 1, RT.001/RW.001, JATIWARINGIN, KEC. PD. GEDE, KOTA BKS, JAWA BARAT 17411","ID_PROV":"32","PROVINSI":"JAWA BARAT","ID_KABKOT":"32.75","KABKOT":"KOTA BEKASI","ID_KEC":"32.75.08","KECAMATAN":"PONDOKGEDE","ID_DESA":"32.75.08.1001","DESA":"JATIWARINGIN","LONGITUDE":"106.91142669999999","LATITUDE":"-6.2831437","STATUS":"BUKA","TANGGAL PENGUMPULAN":"Q2 2025","TANGGAL UPDATE":"20/06/2025"}},{"type":"Feature","geometry":{"coordinates":[106.9335261,-6.278256],"type":"Point"},"properties":{"NAMA":"ATM BTN","TIPE_1":"LAYANAN ATAU JASA","TIPE_2":"ATM","TIPE_3":"BTN","TELEPON":"1 500 286","ALAMAT":"JL. RAYA JATI MAKMUR, RT.002/RW.011, JATIMAKMUR, KEC. PD. GEDE, KOTA BKS, JAWA BARAT 17413","ID_PROV":"32","PROVINSI":"JAWA BARAT","ID_KABKOT":"32.75","KABKOT":"KOTA BEKASI","ID_KEC":"32.75.08","KECAMATAN":"PONDOKGEDE","ID_DESA":"32.75.08.1003","DESA":"JATIMAKMUR","LONGITUDE":"106.9335261","LATITUDE":"-6.278256","STATUS":"BUKA","TANGGAL PENGUMPULAN":"Q2 2025","TANGGAL UPDATE":"20/06/2025"}},{"type":"Feature","geometry":{"coordinates":[106.9566043,-6.2276934],"type":"Point"},"properties":{"NAMA":"ATM BTN","TIPE_1":"LAYANAN ATAU JASA","TIPE_2":"ATM","TIPE_3":"BTN","TELEPON":"","ALAMAT":"JL. BINTARA VIII, RT.005/RW.003, BINTARA, KEC. BEKASI BAR., KOTA BKS, JAWA BARAT 17134","ID_PROV":"32","PROVINSI":"JAWA BARAT","ID_KABKOT":"32.75","KABKOT":"KOTA BEKASI","ID_KEC":"32.75.02","KECAMATAN":"BEKASI BARAT","ID_DESA":"32.75.02.1001","DESA":"BINTARA","LONGITUDE":"106.9566043","LATITUDE":"-6.2276934","STATUS":"BUKA","TANGGAL PENGUMPULAN":"Q2 2025","TANGGAL UPDATE":"20/06/2025"}},{"type":"Feature","geometry":{"coordinates":[107.0311551,-6.2187063],"type":"Point"},"properties":{"NAMA":"ATM BTN","TIPE_1":"LAYANAN ATAU JASA","TIPE_2":"ATM","TIPE_3":"BTN","TELEPON":"(021) 88875158","ALAMAT":"RUKO TAMAN WISMA ASRI BLOK. M NO. 7, JL. RAYA PERJUANGAN TELUK PUCUNG, RT.002/RW.001, TLK. PUCUNG, KEC. BEKASI UTARA, KOTA BKS, JAWA BARAT 17121","ID_PROV":"32","PROVINSI":"JAWA BARAT","ID_KABKOT":"32.75","KABKOT":"KOTA BEKASI","ID_KEC":"32.75.03","KECAMATAN":"BEKASI UTARA","ID_DESA":"32.75.03.1004","DESA":"TELUK PUCUNG","LONGITUDE":"107.03115509999999","LATITUDE":"-6.2187063","STATUS":"BUKA","TANGGAL PENGUMPULAN":"Q2 2025","TANGGAL UPDATE":"20/06/2025"}},{"type":"Feature","geometry":{"coordinates":[106.9193538,-6.369642],"type":"Point"},"properties":{"NAMA":"ATM BTN","TIPE_1":"LAYANAN ATAU JASA","TIPE_2":"ATM","TIPE_3":"BTN","TELEPON":"","ALAMAT":"SPBU, JL. RAYA KRANGGAN RAYA, RT.003/RW.001, JATISAMPURNA, KEC. JATISAMPURNA, KOTA BKS, JAWA BARAT 17433","ID_PROV":"32","PROVINSI":"JAWA BARAT","ID_KABKOT":"32.75","KABKOT":"KOTA BEKASI","ID_KEC":"32.75.10","KECAMATAN":"JATISAMPURNA","ID_DESA":"32.75.10.1001","DESA":"JATISAMPURNA","LONGITUDE":"106.9193538","LATITUDE":"-6.369642","STATUS":"BUKA","TANGGAL PENGUMPULAN":"Q2 2025","TANGGAL UPDATE":"20/06/2025"}},{"type":"Feature","geometry":{"coordinates":[107.00904159999999,-6.2647583],"type":"Point"},"properties":{"NAMA":"ATM BTN - SPBU PENGASINAN","TIPE_1":"LAYANAN ATAU JASA","TIPE_2":"ATM","TIPE_3":"BTN","TELEPON":"","ALAMAT":"JL. PENGASINAN NO.21, RT.002/RW.001, PENGASINAN, RAWA LUMBU, BEKASI, WEST JAVA 17115","ID_PROV":"32","PROVINSI":"JAWA BARAT","ID_KABKOT":"32.75","KABKOT":"KOTA BEKASI","ID_KEC":"32.75.05","KECAMATAN":"RAWALUMBU","ID_DESA":"32.75.05.1002","DESA":"PENGASINAN","LONGITUDE":"107.00904159999999","LATITUDE":"-6.2647583","STATUS":"BUKA","TANGGAL PENGUMPULAN":"Q2 2025","TANGGAL UPDATE":"20/06/2025"}},{"type":"Feature","geometry":{"coordinates":[106.9917195,-6.244145],"type":"Point"},"properties":{"NAMA":"ATM BTN KK AHMAD YANI","TIPE_1":"LAYANAN ATAU JASA","TIPE_2":"ATM","TIPE_3":"BTN","TELEPON":"(021) 26533555","ALAMAT":"RT.001/RW.005, KAYURINGIN JAYA, KEC. BEKASI SEL., KOTA BKS, JAWA BARAT 17144","ID_PROV":"32","PROVINSI":"JAWA BARAT","ID_KABKOT":"32.75","KABKOT":"KOTA BEKASI","ID_KEC":"32.75.04","KECAMATAN":"BEKASI SELATAN","ID_DESA":"32.75.04.1005","DESA":"KAYURINGINJAYA","LONGITUDE":"106.9917195","LATITUDE":"-6.244145","STATUS":"BUKA","TANGGAL PENGUMPULAN":"Q2 2025","TANGGAL UPDATE":"20/06/2025"}},{"type":"Feature","geometry":{"coordinates":[106.92001959999999,-6.2862782],"type":"Point"},"properties":{"NAMA":"ATM BTN KPRK PONDOK GEDE","TIPE_1":"LAYANAN ATAU JASA","TIPE_2":"ATM","TIPE_3":"BTN","TELEPON":"(021) 26533555","ALAMAT":"JL. RAYA JATI MAKMUR NO.12 6, RT.003/RW.8, JATIMAKMUR, KEC. PD. GEDE, KOTA BKS, JAWA BARAT 17413","ID_PROV":"32","PROVINSI":"JAWA BARAT","ID_KABKOT":"32.75","KABKOT":"KOTA BEKASI","ID_KEC":"32.75.08","KECAMATAN":"PONDOKGEDE","ID_DESA":"32.75.08.1003","DESA":"JATIMAKMUR","LONGITUDE":"106.92001959999999","LATITUDE":"-6.2862782","STATUS":"BUKA","TANGGAL PENGUMPULAN":"Q2 2025","TANGGAL UPDATE":"20/06/2025"}},{"type":"Feature","geometry":{"coordinates":[106.9924324,-6.2441425],"type":"Point"},"properties":{"NAMA":"ATM BUKOPIN","TIPE_1":"LAYANAN ATAU JASA","TIPE_2":"ATM","TIPE_3":"KB BUKOPIN","TELEPON":"","ALAMAT":"RUKO SENTRA NIAGA KALIMALANG, BANK BUKOPIN, JL. AHMAD YANI, RT.001/RW.005, KAYURINGIN JAYA, KEC. BEKASI BAR., KOTA BKS, JAWA BARAT 17144","ID_PROV":"32","PROVINSI":"JAWA BARAT","ID_KABKOT":"32.75","KABKOT":"KOTA BEKASI","ID_KEC":"32.75.04","KECAMATAN":"BEKASI SELATAN","ID_DESA":"32.75.04.1005","DESA":"KAYURINGINJAYA","LONGITUDE":"106.9924324","LATITUDE":"-6.2441425","STATUS":"BUKA","TANGGAL PENGUMPULAN":"Q2 2025","TANGGAL UPDATE":"20/06/2025"}},{"type":"Feature","geometry":{"coordinates":[106.9924239,-6.2406114],"type":"Point"},"properties":{"NAMA":"ATM BUKOPIN","TIPE_1":"LAYANAN ATAU JASA","TIPE_2":"ATM","TIPE_3":"KB BUKOPIN","TELEPON":"","ALAMAT":"RS. MITRA KELUARGA BEKASI, JALAN JEND A. YANI LANTAI DASAR, RT.002/RW.011, KAYURINGIN JAYA, KEC. BEKASI SEL., KOTA BKS, JAWA BARAT 17144","ID_PROV":"32","PROVINSI":"JAWA BARAT","ID_KABKOT":"32.75","KABKOT":"KOTA BEKASI","ID_KEC":"32.75.04","KECAMATAN":"BEKASI SELATAN","ID_DESA":"32.75.04.1005","DESA":"KAYURINGINJAYA","LONGITUDE":"106.99242389999999","LATITUDE":"-6.2406114","STATUS":"BUKA","TANGGAL PENGUMPULAN":"Q2 2025","TANGGAL UPDATE":"20/06/2025"}},{"type":"Feature","geometry":{"coordinates":[106.9103748,-6.2841154],"type":"Point"},"properties":{"NAMA":"ATM BUKOPIN","TIPE_1":"LAYANAN ATAU JASA","TIPE_2":"ATM","TIPE_3":"KB BUKOPIN","TELEPON":"","ALAMAT":"RUKO PONDOK GEDE PLAZA, JL. RAYA PD. GEDE, RT.001/RW.001, JATIWARINGIN, KEC. PD. GEDE, KOTA BKS, JAWA BARAT 17411","ID_PROV":"32","PROVINSI":"JAWA BARAT","ID_KABKOT":"32.75","KABKOT":"KOTA BEKASI","ID_KEC":"32.75.08","KECAMATAN":"PONDOKGEDE","ID_DESA":"32.75.08.1001","DESA":"JATIWARINGIN","LONGITUDE":"106.9103748","LATITUDE":"-6.2841154","STATUS":"BUKA","TANGGAL PENGUMPULAN":"Q2 2025","TANGGAL UPDATE":"20/06/2025"}},{"type":"Feature","geometry":{"coordinates":[106.930979,-6.381169],"type":"Point"},"properties":{"NAMA":"ATM CENTER","TIPE_1":"LAYANAN ATAU JASA","TIPE_2":"ATM","TIPE_3":"ATM AREA","TELEPON":"(021) 94981827","ALAMAT":"GF, GIANT CIBUBUR, JL. ALTERNATIF CIBUBUR- CILEUNGSI KM. 4, JATI RANGGA, JATISAMPURNA, 17435 BEKASI, JAWA BARAT, RT.001/RW.007, NAGRAK, GUNUNG PUTRI, BOGOR REGENCY, WEST JAVA 17435","ID_PROV":"32","PROVINSI":"JAWA BARAT","ID_KABKOT":"32.75","KABKOT":"KOTA BEKASI","ID_KEC":"32.75.10","KECAMATAN":"JATISAMPURNA","ID_DESA":"32.75.10.1004","DESA":"JATIRANGGA","LONGITUDE":"106.930979","LATITUDE":"-6.381169","STATUS":"BUKA","TANGGAL PENGUMPULAN":"Q2 2025","TANGGAL UPDATE":"20/06/2025"}},{"type":"Feature","geometry":{"coordinates":[106.9180475,-6.2855027],"type":"Point"},"properties":{"NAMA":"ATM CENTER","TIPE_1":"LAYANAN ATAU JASA","TIPE_2":"ATM","TIPE_3":"ATM AREA","TELEPON":"(021) 84979078","ALAMAT":"GF, TIP TOP PONDOK GEDE, JL. JATIMAKMUR, JATIMAKMUR, 30, PONDOK GEDE, 17413 BEKASI, JAWA BARAT, RT.007/RW.003, JATIRAHAYU, PONDOK MELATI, BEKASI, WEST JAVA 17413","ID_PROV":"32","PROVINSI":"JAWA BARAT","ID_KABKOT":"32.75","KABKOT":"KOTA BEKASI","ID_KEC":"32.75.12","KECAMATAN":"PONDOKMELATI","ID_DESA":"32.75.12.1001","DESA":"JATIRAHAYU","LONGITUDE":"106.9180475","LATITUDE":"-6.285502699999999","STATUS":"BUKA","TANGGAL PENGUMPULAN":"Q2 2025","TANGGAL UPDATE":"20/06/2025"}},{"type":"Feature","geometry":{"coordinates":[106.961629,-6.2635794],"type":"Point"},"properties":{"NAMA":"ATM CENTER","TIPE_1":"LAYANAN ATAU JASA","TIPE_2":"ATM","TIPE_3":"ATM AREA","TELEPON":"","ALAMAT":"GG. AR. RAHMAN NO.65, RT.002/RW.015, JAKA MULYA, KEC. BEKASI SEL., KOTA BKS, JAWA BARAT 17146","ID_PROV":"32","PROVINSI":"JAWA BARAT","ID_KABKOT":"32.75","KABKOT":"KOTA BEKASI","ID_KEC":"32.75.04","KECAMATAN":"BEKASI SELATAN","ID_DESA":"32.75.04.1003","DESA":"JAKAMULYA","LONGITUDE":"106.961629","LATITUDE":"-6.263579399999999","STATUS":"BUKA","TANGGAL PENGUMPULAN":"Q2 2025","TANGGAL UPDATE":"20/06/2025"}},{"type":"Feature","geometry":{"coordinates":[107.02902669999999,-6.2001877],"type":"Point"},"properties":{"NAMA":"ATM CENTER","TIPE_1":"LAYANAN ATAU JASA","TIPE_2":"ATM","TIPE_3":"ATM AREA","TELEPON":"(021) 0500016","ALAMAT":"JL. KH. NOER ALI NO.77, RT.008/RW.004, TLK. PUCUNG, KEC. BEKASI UTARA, KOTA BKS, JAWA BARAT 17144","ID_PROV":"32","PROVINSI":"JAWA BARAT","ID_KABKOT":"32.75","KABKOT":"KOTA BEKASI","ID_KEC":"32.75.03","KECAMATAN":"BEKASI UTARA","ID_DESA":"32.75.03.1004","DESA":"TELUK PUCUNG","LONGITUDE":"107.02902669999999","LATITUDE":"-6.2001877","STATUS":"BUKA","TANGGAL PENGUMPULAN":"Q2 2025","TANGGAL UPDATE":"20/06/2025"}},{"type":"Feature","geometry":{"coordinates":[106.9932012,-6.2786962],"type":"Point"},"properties":{"NAMA":"ATM CENTER","TIPE_1":"LAYANAN ATAU JASA","TIPE_2":"ATM","TIPE_3":"ATM AREA","TELEPON":"0852-1514-3124","ALAMAT":"JL. MASJID BOJONG NO.35, RT.007/RW.001, BOJONG RAWALUMBU, KEC. RAWALUMBU, KOTA BKS, JAWA BARAT 17116","ID_PROV":"32","PROVINSI":"JAWA BARAT","ID_KABKOT":"32.75","KABKOT":"KOTA BEKASI","ID_KEC":"32.75.05","KECAMATAN":"RAWALUMBU","ID_DESA":"32.75.05.1001","DESA":"BOJONG RAWALUMBU","LONGITUDE":"106.9932012","LATITUDE":"-6.2786962","STATUS":"BUKA","TANGGAL PENGUMPULAN":"Q2 2025","TANGGAL UPDATE":"20/06/2025"}},{"type":"Feature","geometry":{"coordinates":[106.91070339999999,-6.2837302],"type":"Point"},"properties":{"NAMA":"ATM CENTER","TIPE_1":"LAYANAN ATAU JASA","TIPE_2":"ATM","TIPE_3":"ATM AREA","TELEPON":"(021) 84938007","ALAMAT":"LGF, PLAZA PONDOK GEDE 2, JL. RAYA PONDOK GEDE, JATIWARINGIN, PONDOK GEDE, 17411 BEKASI, JAWA BARAT, RT.001/RW.001, JATIWARINGIN, PONDOK GEDE, BEKASI, WEST JAVA 17411","ID_PROV":"32","PROVINSI":"JAWA BARAT","ID_KABKOT":"32.75","KABKOT":"KOTA BEKASI","ID_KEC":"32.75.08","KECAMATAN":"PONDOKGEDE","ID_DESA":"32.75.08.1001","DESA":"JATIWARINGIN","LONGITUDE":"106.91070339999999","LATITUDE":"-6.2837302","STATUS":"BUKA","TANGGAL PENGUMPULAN":"Q2 2025","TANGGAL UPDATE":"20/06/2025"}},{"type":"Feature","geometry":{"coordinates":[106.9509608,-6.2712015],"type":"Point"},"properties":{"NAMA":"ATM CENTER","TIPE_1":"LAYANAN ATAU JASA","TIPE_2":"ATM","TIPE_3":"ATM AREA","TELEPON":"","ALAMAT":"JL. RATNA - JATIBENING, RT.001/RW.001, JATIBENING, PONDOK GEDE, BEKASI, WEST JAVA","ID_PROV":"32","PROVINSI":"JAWA BARAT","ID_KABKOT":"32.75","KABKOT":"KOTA BEKASI","ID_KEC":"32.75.09","KECAMATAN":"JATIASIH","ID_DESA":"32.75.09.1003","DESA":"JATIKRAMAT","LONGITUDE":"106.95096079999999","LATITUDE":"-6.2712015","STATUS":"BUKA","TANGGAL PENGUMPULAN":"Q2 2025","TANGGAL UPDATE":"20/06/2025"}},{"type":"Feature","geometry":{"coordinates":[106.9906833,-6.248573],"type":"Point"},"properties":{"NAMA":"ATM CENTER","TIPE_1":"LAYANAN ATAU JASA","TIPE_2":"ATM","TIPE_3":"ATM AREA","TELEPON":"","ALAMAT":"RT.008/RW.002, PEKAYON JAYA, BEKASI SELATAN, BEKASI, WEST JAVA 17148","ID_PROV":"32","PROVINSI":"JAWA BARAT","ID_KABKOT":"32.75","KABKOT":"KOTA BEKASI","ID_KEC":"32.75.04","KECAMATAN":"BEKASI SELATAN","ID_DESA":"32.75.04.1001","DESA":"PEKAYONJAYA","LONGITUDE":"106.9906833","LATITUDE":"-6.2485729999999995","STATUS":"BUKA","TANGGAL PENGUMPULAN":"Q2 2025","TANGGAL UPDATE":"20/06/2025"}},{"type":"Feature","geometry":{"coordinates":[106.9567349,-6.2277548],"type":"Point"},"properties":{"NAMA":"ATM CENTER BINTARA VIII","TIPE_1":"LAYANAN ATAU JASA","TIPE_2":"ATM","TIPE_3":"ATM AREA","TELEPON":"","ALAMAT":"JL. BINTARA VIII, RT.005/RW.003, BINTARA, KEC. BEKASI BAR., KOTA BKS, JAWA BARAT 17134","ID_PROV":"32","PROVINSI":"JAWA BARAT","ID_KABKOT":"32.75","KABKOT":"KOTA BEKASI","ID_KEC":"32.75.02","KECAMATAN":"BEKASI BARAT","ID_DESA":"32.75.02.1001","DESA":"BINTARA","LONGITUDE":"106.9567349","LATITUDE":"-6.2277548","STATUS":"BUKA","TANGGAL PENGUMPULAN":"Q2 2025","TANGGAL UPDATE":"20/06/2025"}},{"type":"Feature","geometry":{"coordinates":[107.0261815,-6.3007785],"type":"Point"},"properties":{"NAMA":"ATM CENTER BUMYAGARA","TIPE_1":"LAYANAN ATAU JASA","TIPE_2":"ATM","TIPE_3":"ATM AREA","TELEPON":"","ALAMAT":"JL. PERUM TAMAN BUMYAGARA NO.1A BLOK F2, RT.001/RW.022, MUSTIKAJAYA, KEC. BEKASI TIM., KOTA BKS, JAWA BARAT 17158","ID_PROV":"32","PROVINSI":"JAWA BARAT","ID_KABKOT":"32.75","KABKOT":"KOTA BEKASI","ID_KEC":"32.75.11","KECAMATAN":"MUSTIKAJAYA","ID_DESA":"32.75.11.1003","DESA":"MUSTIKAJAYA","LONGITUDE":"107.02618149999999","LATITUDE":"-6.3007785","STATUS":"BUKA","TANGGAL PENGUMPULAN":"Q2 2025","TANGGAL UPDATE":"20/06/2025"}},{"type":"Feature","geometry":{"coordinates":[106.9911893,-6.2779208],"type":"Point"},"properties":{"NAMA":"ATM CENTER LINC SQUARE","TIPE_1":"LAYANAN ATAU JASA","TIPE_2":"ATM","TIPE_3":"ATM AREA","TELEPON":"","ALAMAT":"JL. KEMANG PRATAMA RAYA NO.34, RT.004/RW.001, BOJONG RAWALUMBU, KEC. RAWALUMBU, KOTA BKS, JAWA BARAT 17116","ID_PROV":"32","PROVINSI":"JAWA BARAT","ID_KABKOT":"32.75","KABKOT":"KOTA BEKASI","ID_KEC":"32.75.05","KECAMATAN":"RAWALUMBU","ID_DESA":"32.75.05.1001","DESA":"BOJONG RAWALUMBU","LONGITUDE":"106.9911893","LATITUDE":"-6.2779207999999995","STATUS":"BUKA","TANGGAL PENGUMPULAN":"Q2 2025","TANGGAL UPDATE":"20/06/2025"}},{"type":"Feature","geometry":{"coordinates":[106.9868139,-6.2747671],"type":"Point"},"properties":{"NAMA":"ATM CENTER MANDIRI","TIPE_1":"LAYANAN ATAU JASA","TIPE_2":"ATM","TIPE_3":"ATM AREA","TELEPON":"","ALAMAT":"HBU_, BLOK MOHAMMAD M JL. KEMANG PRATAMA RAYA NO.1, RT.007/RW.020, BOJONG RAWALUMBU, KEC. RAWALUMBU, KOTA BKS, JAWA BARAT 17116","ID_PROV":"32","PROVINSI":"JAWA BARAT","ID_KABKOT":"32.75","KABKOT":"KOTA BEKASI","ID_KEC":"32.75.05","KECAMATAN":"RAWALUMBU","ID_DESA":"32.75.05.1001","DESA":"BOJONG RAWALUMBU","LONGITUDE":"106.9868139","LATITUDE":"-6.2747671","STATUS":"BUKA","TANGGAL PENGUMPULAN":"Q2 2025","TANGGAL UPDATE":"20/06/2025"}},{"type":"Feature","geometry":{"coordinates":[106.9669086,-6.2022944],"type":"Point"},"properties":{"NAMA":"ATM CENTER PERGUDANGAN WIDYA SAKTI KUSUMA","TIPE_1":"LAYANAN ATAU JASA","TIPE_2":"ATM","TIPE_3":"ATM AREA","TELEPON":"","ALAMAT":"JL. HARAPAN BARU RAYA, RT.006/RW.007, MEDAN SATRIA, KECAMATAN MEDAN SATRIA, KOTA BKS, JAWA BARAT 17132","ID_PROV":"32","PROVINSI":"JAWA BARAT","ID_KABKOT":"32.75","KABKOT":"KOTA BEKASI","ID_KEC":"32.75.06","KECAMATAN":"MEDANSATRIA","ID_DESA":"32.75.06.1001","DESA":"MEDANSATRIA","LONGITUDE":"106.9669086","LATITUDE":"-6.2022943999999995","STATUS":"BUKA","TANGGAL PENGUMPULAN":"Q2 2025","TANGGAL UPDATE":"20/06/2025"}},{"type":"Feature","geometry":{"coordinates":[106.9175251,-6.2918455],"type":"Point"},"properties":{"NAMA":"ATM CENTER POS INDONESIA","TIPE_1":"LAYANAN ATAU JASA","TIPE_2":"ATM","TIPE_3":"ATM AREA","TELEPON":"","ALAMAT":"GG. HARUN 3, RT.002/RW.006, JATIRAHAYU, KEC. PD. MELATI, KOTA BKS, JAWA BARAT 17414","ID_PROV":"32","PROVINSI":"JAWA BARAT","ID_KABKOT":"32.75","KABKOT":"KOTA BEKASI","ID_KEC":"32.75.12","KECAMATAN":"PONDOKMELATI","ID_DESA":"32.75.12.1001","DESA":"JATIRAHAYU","LONGITUDE":"106.91752509999999","LATITUDE":"-6.2918455","STATUS":"BUKA","TANGGAL PENGUMPULAN":"Q2 2025","TANGGAL UPDATE":"20/06/2025"}},{"type":"Feature","geometry":{"coordinates":[106.9248626,-6.3102914],"type":"Point"},"properties":{"NAMA":"ATM CIMB","TIPE_1":"LAYANAN ATAU JASA","TIPE_2":"ATM","TIPE_3":"CIMB NIAGA","TELEPON":"0812-9782-7026","ALAMAT":"JL. TOL LKR. LUAR JKT NO.7, RT.001/RW.009, JATIWARNA, KEC. PD. MELATI, KOTA BKS, JAWA BARAT 17415","ID_PROV":"32","PROVINSI":"JAWA BARAT","ID_KABKOT":"32.75","KABKOT":"KOTA BEKASI","ID_KEC":"32.75.12","KECAMATAN":"PONDOKMELATI","ID_DESA":"32.75.12.1002","DESA":"JATIWARNA","LONGITUDE":"106.9248626","LATITUDE":"-6.3102914","STATUS":"BUKA","TANGGAL PENGUMPULAN":"Q2 2025","TANGGAL UPDATE":"20/06/2025"}},{"type":"Feature","geometry":{"coordinates":[106.9994012,-6.2361623],"type":"Point"},"properties":{"NAMA":"ATM CIMB NIAGA","TIPE_1":"LAYANAN ATAU JASA","TIPE_2":"ATM","TIPE_3":"CIMB NIAGA","TELEPON":"(021) 14041","ALAMAT":"BEKASI RAILWAY STATION, JL. INSINYUR H. JUANDA, RT.001/RW.001, MARGA MULYA, BEKASI UTARA, BEKASI, WEST JAVA 17142","ID_PROV":"32","PROVINSI":"JAWA BARAT","ID_KABKOT":"32.75","KABKOT":"KOTA BEKASI","ID_KEC":"32.75.03","KECAMATAN":"BEKASI UTARA","ID_DESA":"32.75.03.1005","DESA":"MARGAMULYA","LONGITUDE":"106.9994012","LATITUDE":"-6.2361623","STATUS":"BUKA","TANGGAL PENGUMPULAN":"Q2 2025","TANGGAL UPDATE":"20/06/2025"}},{"type":"Feature","geometry":{"coordinates":[106.9475849,-6.2461293],"type":"Point"},"properties":{"NAMA":"ATM CIMB NIAGA","TIPE_1":"LAYANAN ATAU JASA","TIPE_2":"ATM","TIPE_3":"CIMB NIAGA","TELEPON":"","ALAMAT":"JL. BINTARA JAYA NO.20, RT.13/RW.003, BINTARA JAYA, KEC. BEKASI BAR., KOTA BKS, JAWA BARAT 17136","ID_PROV":"32","PROVINSI":"JAWA BARAT","ID_KABKOT":"32.75","KABKOT":"KOTA BEKASI","ID_KEC":"32.75.02","KECAMATAN":"BEKASI BARAT","ID_DESA":"32.75.02.1004","DESA":"BINTARAJAYA","LONGITUDE":"106.9475849","LATITUDE":"-6.2461293","STATUS":"BUKA","TANGGAL PENGUMPULAN":"Q2 2025","TANGGAL UPDATE":"20/06/2025"}},{"type":"Feature","geometry":{"coordinates":[106.9610914,-6.2927648],"type":"Point"},"properties":{"NAMA":"ATM CIMB NIAGA","TIPE_1":"LAYANAN ATAU JASA","TIPE_2":"ATM","TIPE_3":"CIMB NIAGA","TELEPON":"(021) 14041","ALAMAT":"JL. JATIASIH NO. 1 SPBU 34-17413, RT.003/RW.004, JATIRASA, BEKASI, WEST JAVA 17424","ID_PROV":"32","PROVINSI":"JAWA BARAT","ID_KABKOT":"32.75","KABKOT":"KOTA BEKASI","ID_KEC":"32.75.09","KECAMATAN":"JATIASIH","ID_DESA":"32.75.09.1002","DESA":"JATIASIH","LONGITUDE":"106.9610914","LATITUDE":"-6.2927648","STATUS":"BUKA","TANGGAL PENGUMPULAN":"Q2 2025","TANGGAL UPDATE":"20/06/2025"}},{"type":"Feature","geometry":{"coordinates":[107.0172369,-6.206853],"type":"Point"},"properties":{"NAMA":"ATM CIMB NIAGA","TIPE_1":"LAYANAN ATAU JASA","TIPE_2":"ATM","TIPE_3":"CIMB NIAGA","TELEPON":"","ALAMAT":"JL. KALI ABANG TENGAH NO.11, PERWIRA, KEC. BEKASI UTARA, KOTA BKS, JAWA BARAT 17124","ID_PROV":"32","PROVINSI":"JAWA BARAT","ID_KABKOT":"32.75","KABKOT":"KOTA BEKASI","ID_KEC":"32.75.03","KECAMATAN":"BEKASI UTARA","ID_DESA":"32.75.03.1002","DESA":"PERWIRA","LONGITUDE":"107.0172369","LATITUDE":"-6.206853","STATUS":"BUKA","TANGGAL PENGUMPULAN":"Q2 2025","TANGGAL UPDATE":"20/06/2025"}},{"type":"Feature","geometry":{"coordinates":[107.0277726,-6.3194209],"type":"Point"},"properties":{"NAMA":"ATM CIMB NIAGA","TIPE_1":"LAYANAN ATAU JASA","TIPE_2":"ATM","TIPE_3":"CIMB NIAGA","TELEPON":"","ALAMAT":"JL. RAYA BANTAR GEBANG - SETU NO.7/22, RT.003/RW.007, CIMUNING, MUSTIKA JAYA, BEKASI, WEST JAVA 17155","ID_PROV":"32","PROVINSI":"JAWA BARAT","ID_KABKOT":"32.75","KABKOT":"KOTA BEKASI","ID_KEC":"32.75.11","KECAMATAN":"MUSTIKAJAYA","ID_DESA":"32.75.11.1002","DESA":"CIMUNING","LONGITUDE":"107.02777259999999","LATITUDE":"-6.3194209","STATUS":"BUKA","TANGGAL PENGUMPULAN":"Q2 2025","TANGGAL UPDATE":"20/06/2025"}},{"type":"Feature","geometry":{"coordinates":[106.9822957,-6.2345655],"type":"Point"},"properties":{"NAMA":"ATM CIMB NIAGA","TIPE_1":"LAYANAN ATAU JASA","TIPE_2":"ATM","TIPE_3":"CIMB NIAGA","TELEPON":"(021) 14041","ALAMAT":"JL. TENGGIRI 12, RT.008/RW.004, KAYURINGIN JAYA, KEC. BEKASI SEL., KOTA BKS, JAWA BARAT 17144","ID_PROV":"32","PROVINSI":"JAWA BARAT","ID_KABKOT":"32.75","KABKOT":"KOTA BEKASI","ID_KEC":"32.75.04","KECAMATAN":"BEKASI SELATAN","ID_DESA":"32.75.04.1005","DESA":"KAYURINGINJAYA","LONGITUDE":"106.9822957","LATITUDE":"-6.2345654999999995","STATUS":"BUKA","TANGGAL PENGUMPULAN":"Q2 2025","TANGGAL UPDATE":"20/06/2025"}},{"type":"Feature","geometry":{"coordinates":[106.9147639,-6.3751705],"type":"Point"},"properties":{"NAMA":"ATM CIMB NIAGA","TIPE_1":"LAYANAN ATAU JASA","TIPE_2":"ATM","TIPE_3":"CIMB NIAGA","TELEPON":"","ALAMAT":"RT.002/RW.016, JATISAMPURNA, BEKASI, WEST JAVA 17435","ID_PROV":"32","PROVINSI":"JAWA BARAT","ID_KABKOT":"32.75","KABKOT":"KOTA BEKASI","ID_KEC":"32.75.10","KECAMATAN":"JATISAMPURNA","ID_DESA":"32.75.10.1001","DESA":"JATISAMPURNA","LONGITUDE":"106.9147639","LATITUDE":"-6.375170499999999","STATUS":"BUKA","TANGGAL PENGUMPULAN":"Q2 2025","TANGGAL UPDATE":"20/06/2025"}},{"type":"Feature","geometry":{"coordinates":[106.9241283,-6.3115086],"type":"Point"},"properties":{"NAMA":"ATM CIMB NIAGA","TIPE_1":"LAYANAN ATAU JASA","TIPE_2":"ATM","TIPE_3":"CIMB NIAGA","TELEPON":"","ALAMAT":"RT.001/RW.005, JATIMELATI, PONDOK MELATI, BEKASI, WEST JAVA 17415","ID_PROV":"32","PROVINSI":"JAWA BARAT","ID_KABKOT":"32.75","KABKOT":"KOTA BEKASI","ID_KEC":"32.75.12","KECAMATAN":"PONDOKMELATI","ID_DESA":"32.75.12.1003","DESA":"JATIMELATI","LONGITUDE":"106.92412829999999","LATITUDE":"-6.3115086","STATUS":"BUKA","TANGGAL PENGUMPULAN":"Q2 2025","TANGGAL UPDATE":"20/06/2025"}},{"type":"Feature","geometry":{"coordinates":[106.9225097,-6.2684506],"type":"Point"},"properties":{"NAMA":"ATM CIMB NIAGA","TIPE_1":"LAYANAN ATAU JASA","TIPE_2":"ATM","TIPE_3":"CIMB NIAGA","TELEPON":"","ALAMAT":"NO., JL. SETIA NO.25, RT.007/RW.012, JATIWARINGIN, KEC. PD. GEDE, KOTA BKS, JAWA BARAT 17411","ID_PROV":"32","PROVINSI":"JAWA BARAT","ID_KABKOT":"32.75","KABKOT":"KOTA BEKASI","ID_KEC":"32.75.08","KECAMATAN":"PONDOKGEDE","ID_DESA":"32.75.08.1001","DESA":"JATIWARINGIN","LONGITUDE":"106.92250969999999","LATITUDE":"-6.2684505999999995","STATUS":"BUKA","TANGGAL PENGUMPULAN":"Q2 2025","TANGGAL UPDATE":"20/06/2025"}},{"type":"Feature","geometry":{"coordinates":[106.9941317,-6.2578909],"type":"Point"},"properties":{"NAMA":"ATM CIMB NIAGA","TIPE_1":"LAYANAN ATAU JASA","TIPE_2":"ATM","TIPE_3":"CIMB NIAGA","TELEPON":"","ALAMAT":"RT.005/RW.001, SEPANJANG JAYA, KEC. RAWALUMBU, KOTA BKS, JAWA BARAT 17114","ID_PROV":"32","PROVINSI":"JAWA BARAT","ID_KABKOT":"32.75","KABKOT":"KOTA BEKASI","ID_KEC":"32.75.05","KECAMATAN":"RAWALUMBU","ID_DESA":"32.75.05.1003","DESA":"SEPANJANGJAYA","LONGITUDE":"106.9941317","LATITUDE":"-6.2578909","STATUS":"BUKA","TANGGAL PENGUMPULAN":"Q2 2025","TANGGAL UPDATE":"20/06/2025"}},{"type":"Feature","geometry":{"coordinates":[107.039878,-6.2448877],"type":"Point"},"properties":{"NAMA":"ATM CIMB NIAGA","TIPE_1":"LAYANAN ATAU JASA","TIPE_2":"ATM","TIPE_3":"CIMB NIAGA","TELEPON":"","ALAMAT":"JL. NUSANTARA RAYA, RT.004/RW.009, AREN JAYA, BEKASI TIMUR, BEKASI, WEST JAVA 17111","ID_PROV":"32","PROVINSI":"JAWA BARAT","ID_KABKOT":"32.75","KABKOT":"KOTA BEKASI","ID_KEC":"32.75.01","KECAMATAN":"BEKASI TIMUR","ID_DESA":"32.75.01.1004","DESA":"ARENJAYA","LONGITUDE":"107.039878","LATITUDE":"-6.2448877","STATUS":"BUKA","TANGGAL PENGUMPULAN":"Q2 2025","TANGGAL UPDATE":"20/06/2025"}},{"type":"Feature","geometry":{"coordinates":[106.9873323,-6.2002745],"type":"Point"},"properties":{"NAMA":"ATM CIMB NIAGA","TIPE_1":"LAYANAN ATAU JASA","TIPE_2":"ATM","TIPE_3":"CIMB NIAGA","TELEPON":"","ALAMAT":"RT.012/RW.002, HARAPAN JAYA, KEC. BEKASI UTARA, KOTA BKS, JAWA BARAT 17124","ID_PROV":"32","PROVINSI":"JAWA BARAT","ID_KABKOT":"32.75","KABKOT":"KOTA BEKASI","ID_KEC":"32.75.03","KECAMATAN":"BEKASI UTARA","ID_DESA":"32.75.03.1006","DESA":"HARAPANJAYA","LONGITUDE":"106.98733229999999","LATITUDE":"-6.2002745","STATUS":"BUKA","TANGGAL PENGUMPULAN":"Q2 2025","TANGGAL UPDATE":"20/06/2025"}},{"type":"Feature","geometry":{"coordinates":[107.0153137,-6.2421156],"type":"Point"},"properties":{"NAMA":"ATM CIMB NIAGA","TIPE_1":"LAYANAN ATAU JASA","TIPE_2":"ATM","TIPE_3":"CIMB NIAGA","TELEPON":"","ALAMAT":"RT.006/RW.002, DUREN JAYA, KEC. BEKASI TIM., KOTA BKS, JAWA BARAT 17111","ID_PROV":"32","PROVINSI":"JAWA BARAT","ID_KABKOT":"32.75","KABKOT":"KOTA BEKASI","ID_KEC":"32.75.01","KECAMATAN":"BEKASI TIMUR","ID_DESA":"32.75.01.1003","DESA":"DURENJAYA","LONGITUDE":"107.0153137","LATITUDE":"-6.2421156","STATUS":"BUKA","TANGGAL PENGUMPULAN":"Q2 2025","TANGGAL UPDATE":"20/06/2025"}},{"type":"Feature","geometry":{"coordinates":[106.9898552,-6.1984273],"type":"Point"},"properties":{"NAMA":"ATM CIMB NIAGA","TIPE_1":"LAYANAN ATAU JASA","TIPE_2":"ATM","TIPE_3":"CIMB NIAGA","TELEPON":"","ALAMAT":"JL. PEJUANG, RT.003/RW.002, HARAPAN JAYA, KEC. BEKASI UTARA, KABUPATEN BEKASI, JAWA BARAT 17124","ID_PROV":"32","PROVINSI":"JAWA BARAT","ID_KABKOT":"32.75","KABKOT":"KOTA BEKASI","ID_KEC":"32.75.03","KECAMATAN":"BEKASI UTARA","ID_DESA":"32.75.03.1006","DESA":"HARAPANJAYA","LONGITUDE":"106.9898552","LATITUDE":"-6.1984273","STATUS":"BUKA","TANGGAL PENGUMPULAN":"Q2 2025","TANGGAL UPDATE":"20/06/2025"}},{"type":"Feature","geometry":{"coordinates":[106.9714038,-6.1929824],"type":"Point"},"properties":{"NAMA":"ATM CIMB NIAGA","TIPE_1":"LAYANAN ATAU JASA","TIPE_2":"ATM","TIPE_3":"CIMB NIAGA","TELEPON":"","ALAMAT":"JL. SULTAN AGUNG, RT.006/RW.007, MEDAN SATRIA, KECAMATAN MEDAN SATRIA, KOTA BKS, JAWA BARAT 17132","ID_PROV":"32","PROVINSI":"JAWA BARAT","ID_KABKOT":"32.75","KABKOT":"KOTA BEKASI","ID_KEC":"32.75.06","KECAMATAN":"MEDANSATRIA","ID_DESA":"32.75.06.1001","DESA":"MEDANSATRIA","LONGITUDE":"106.97140379999999","LATITUDE":"-6.1929824","STATUS":"BUKA","TANGGAL PENGUMPULAN":"Q2 2025","TANGGAL UPDATE":"20/06/2025"}},{"type":"Feature","geometry":{"coordinates":[106.9428569,-6.2562696],"type":"Point"},"properties":{"NAMA":"ATM CIMB NIAGA","TIPE_1":"LAYANAN ATAU JASA","TIPE_2":"ATM","TIPE_3":"CIMB NIAGA","TELEPON":"","ALAMAT":"SUPERINDO KINCAN, JL. JATI BENING II NO.28, RT.002/RW.002, JATIBENING BARU, KEC. PD. GEDE, KOTA BKS, JAWA BARAT 17412","ID_PROV":"32","PROVINSI":"JAWA BARAT","ID_KABKOT":"32.75","KABKOT":"KOTA BEKASI","ID_KEC":"32.75.08","KECAMATAN":"PONDOKGEDE","ID_DESA":"32.75.08.1006","DESA":"JATIBENING BARU","LONGITUDE":"106.9428569","LATITUDE":"-6.2562695999999995","STATUS":"BUKA","TANGGAL PENGUMPULAN":"Q2 2025","TANGGAL UPDATE":"20/06/2025"}},{"type":"Feature","geometry":{"coordinates":[106.9737009,-6.2671],"type":"Point"},"properties":{"NAMA":"ATM CIMB NIAGA (ALFA MIDI PULO RIBUNG)","TIPE_1":"LAYANAN ATAU JASA","TIPE_2":"ATM","TIPE_3":"CIMB NIAGA","TELEPON":"","ALAMAT":"JL. PULO RIBUNG KP PONCOL BULAK JAKA SETIA, RT.003/RW.017, PEKAYON JAYA, BEKASI SELATAN, BEKASI, WEST JAVA 17148","ID_PROV":"32","PROVINSI":"JAWA BARAT","ID_KABKOT":"32.75","KABKOT":"KOTA BEKASI","ID_KEC":"32.75.04","KECAMATAN":"BEKASI SELATAN","ID_DESA":"32.75.04.1004","DESA":"JAKASETIA","LONGITUDE":"106.9737009","LATITUDE":"-6.2671","STATUS":"BUKA","TANGGAL PENGUMPULAN":"Q2 2025","TANGGAL UPDATE":"20/06/2025"}},{"type":"Feature","geometry":{"coordinates":[107.0203688,-6.2160031],"type":"Point"},"properties":{"NAMA":"ATM CIMB NIAGA (ALFAMIDI DUTA HARAPAN (VC50)","TIPE_1":"LAYANAN ATAU JASA","TIPE_2":"ATM","TIPE_3":"CIMB NIAGA","TELEPON":"(021) 14041","ALAMAT":"PERUM DUTA HARAPAN JL. BOULEVARD BARAT, RT.004/RW.016, HARAPAN BARU, BEKASI UTARA, BEKASI, WEST JAVA 17123","ID_PROV":"32","PROVINSI":"JAWA BARAT","ID_KABKOT":"32.75","KABKOT":"KOTA BEKASI","ID_KEC":"32.75.03","KECAMATAN":"BEKASI UTARA","ID_DESA":"32.75.03.1003","DESA":"HARAPANBARU","LONGITUDE":"107.0203688","LATITUDE":"-6.2160031","STATUS":"BUKA","TANGGAL PENGUMPULAN":"Q2 2025","TANGGAL UPDATE":"20/06/2025"}},{"type":"Feature","geometry":{"coordinates":[107.0032297,-6.2035708],"type":"Point"},"properties":{"NAMA":"ATM CIMB NIAGA (ALFAMIDI KALI ABANG TENGAH)","TIPE_1":"LAYANAN ATAU JASA","TIPE_2":"ATM","TIPE_3":"CIMB NIAGA","TELEPON":"(021) 1236694","ALAMAT":"JL. KALI ABANG TENGAH NO.1, RT.001/RW.006, SETIA ASIH, BEKASI UTARA, BEKASI, WEST JAVA 17125","ID_PROV":"32","PROVINSI":"JAWA BARAT","ID_KABKOT":"32.75","KABKOT":"KOTA BEKASI","ID_KEC":"32.75.03","KECAMATAN":"BEKASI UTARA","ID_DESA":"32.75.03.1002","DESA":"PERWIRA","LONGITUDE":"107.00322969999999","LATITUDE":"-6.2035708","STATUS":"BUKA","TANGGAL PENGUMPULAN":"Q2 2025","TANGGAL UPDATE":"20/06/2025"}},{"type":"Feature","geometry":{"coordinates":[106.984606,-6.294738],"type":"Point"},"properties":{"NAMA":"ATM CIMB NIAGA (APOTEK KIMIA FARMA LIMUS PRATAMA)","TIPE_1":"LAYANAN ATAU JASA","TIPE_2":"ATM","TIPE_3":"CIMB NIAGA","TELEPON":"(021) 14041","ALAMAT":"JL. RAYA NAROGONG (DEPAN LIMUS PRATAMA), WEST JAVA 17310","ID_PROV":"32","PROVINSI":"JAWA BARAT","ID_KABKOT":"32.75","KABKOT":"KOTA BEKASI","ID_KEC":"32.75.05","KECAMATAN":"RAWALUMBU","ID_DESA":"32.75.05.1004","DESA":"BOJONGMENTENG","LONGITUDE":"106.984606","LATITUDE":"-6.294738","STATUS":"BUKA","TANGGAL PENGUMPULAN":"Q2 2025","TANGGAL UPDATE":"20/06/2025"}},{"type":"Feature","geometry":{"coordinates":[107.0068561,-6.2441123],"type":"Point"},"properties":{"NAMA":"ATM CIMB NIAGA (BEKASI JUANDA)","TIPE_1":"LAYANAN ATAU JASA","TIPE_2":"ATM","TIPE_3":"CIMB NIAGA","TELEPON":"(021) 14041","ALAMAT":"JL. INSINYUR H. JUANDA NO.137, RT.001/RW.004, BEKASI JAYA, BEKASI TIMUR, BEKASI, WEST JAVA 17144","ID_PROV":"32","PROVINSI":"JAWA BARAT","ID_KABKOT":"32.75","KABKOT":"KOTA BEKASI","ID_KEC":"32.75.01","KECAMATAN":"BEKASI TIMUR","ID_DESA":"32.75.01.1001","DESA":"BEKASIJAYA","LONGITUDE":"107.0068561","LATITUDE":"-6.244112299999999","STATUS":"BUKA","TANGGAL PENGUMPULAN":"Q2 2025","TANGGAL UPDATE":"20/06/2025"}},{"type":"Feature","geometry":{"coordinates":[106.9283723,-6.3826825],"type":"Point"},"properties":{"NAMA":"ATM CIMB NIAGA (CIBUBUR CITRA GRAND)","TIPE_1":"LAYANAN ATAU JASA","TIPE_2":"ATM","TIPE_3":"CIMB NIAGA","TELEPON":"(021) 14041","ALAMAT":"RUKO CITRA GRAND BLOK R1 NO.6 JL. ALTERNATIF, RT.001/RW.011, JATIKARYA, JATISAMPURNA, BEKASI, WEST JAVA 17435","ID_PROV":"32","PROVINSI":"JAWA BARAT","ID_KABKOT":"32.75","KABKOT":"KOTA BEKASI","ID_KEC":"32.75.10","KECAMATAN":"JATISAMPURNA","ID_DESA":"32.75.10.1002","DESA":"JATIKARYA","LONGITUDE":"106.92837229999999","LATITUDE":"-6.3826825","STATUS":"BUKA","TANGGAL PENGUMPULAN":"Q2 2025","TANGGAL UPDATE":"20/06/2025"}},{"type":"Feature","geometry":{"coordinates":[106.911809,-6.28384],"type":"Point"},"properties":{"NAMA":"ATM CIMB NIAGA (CIMBN.PONDOK GEDE - 2)","TIPE_1":"LAYANAN ATAU JASA","TIPE_2":"ATM","TIPE_3":"CIMB NIAGA","TELEPON":"(021) 14041","ALAMAT":"JL. RAYA PD. GEDE NO.1, RT.001/RW.001, JATIWARINGIN, PONDOK GEDE, BEKASI, WEST JAVA 17411","ID_PROV":"32","PROVINSI":"JAWA BARAT","ID_KABKOT":"32.75","KABKOT":"KOTA BEKASI","ID_KEC":"32.75.08","KECAMATAN":"PONDOKGEDE","ID_DESA":"32.75.08.1001","DESA":"JATIWARINGIN","LONGITUDE":"106.91180899999999","LATITUDE":"-6.28384","STATUS":"BUKA","TANGGAL PENGUMPULAN":"Q2 2025","TANGGAL UPDATE":"20/06/2025"}},{"type":"Feature","geometry":{"coordinates":[106.9950277,-6.2279461],"type":"Point"},"properties":{"NAMA":"ATM CIMB NIAGA (CIMBN.SUMMARECON BEKASI)","TIPE_1":"LAYANAN ATAU JASA","TIPE_2":"ATM","TIPE_3":"CIMB NIAGA","TELEPON":"(021) 14041","ALAMAT":"KOMPLEK GRAHA BULEVAR SUMMARECON BEKASI, BLK. GB NO.B-5, RT.003/RW.011, MARGA MULYA, KEC. BEKASI UTARA, KOTA BKS, JAWA BARAT 17143","ID_PROV":"32","PROVINSI":"JAWA BARAT","ID_KABKOT":"32.75","KABKOT":"KOTA BEKASI","ID_KEC":"32.75.06","KECAMATAN":"MEDANSATRIA","ID_DESA":"32.75.06.1002","DESA":"HARAPANMULYA","LONGITUDE":"106.9950277","LATITUDE":"-6.2279461","STATUS":"BUKA","TANGGAL PENGUMPULAN":"Q2 2025","TANGGAL UPDATE":"20/06/2025"}},{"type":"Feature","geometry":{"coordinates":[106.9834069,-6.2274184],"type":"Point"},"properties":{"NAMA":"ATM CIMB NIAGA (GRAND MALL BEKASI)","TIPE_1":"LAYANAN ATAU JASA","TIPE_2":"ATM","TIPE_3":"CIMB NIAGA","TELEPON":"(021) 14041","ALAMAT":"JL. JEND. SUDIRMAN, RT.001/RW.005, HARAPAN MULYA, BEKASI, KOTA BKS, JAWA BARAT 17144","ID_PROV":"32","PROVINSI":"JAWA BARAT","ID_KABKOT":"32.75","KABKOT":"KOTA BEKASI","ID_KEC":"32.75.06","KECAMATAN":"MEDANSATRIA","ID_DESA":"32.75.06.1002","DESA":"HARAPANMULYA","LONGITUDE":"106.98340689999999","LATITUDE":"-6.2274183999999995","STATUS":"BUKA","TANGGAL PENGUMPULAN":"Q2 2025","TANGGAL UPDATE":"20/06/2025"}},{"type":"Feature","geometry":{"coordinates":[106.94572,-6.26279],"type":"Point"},"properties":{"NAMA":"ATM CIMB NIAGA (INDOMARET CAMAN 17 (TOA8))","TIPE_1":"LAYANAN ATAU JASA","TIPE_2":"ATM","TIPE_3":"CIMB NIAGA","TELEPON":"(021) 14041","ALAMAT":"JL. CAMAN RAYA NO.104, JATIBENING, PONDOK GEDE, BEKASI, WEST JAVA 17412","ID_PROV":"32","PROVINSI":"JAWA BARAT","ID_KABKOT":"32.75","KABKOT":"KOTA BEKASI","ID_KEC":"32.75.08","KECAMATAN":"PONDOKGEDE","ID_DESA":"32.75.08.1002","DESA":"JATIBENING","LONGITUDE":"106.94572","LATITUDE":"-6.26279","STATUS":"BUKA","TANGGAL PENGUMPULAN":"Q2 2025","TANGGAL UPDATE":"20/06/2025"}},{"type":"Feature","geometry":{"coordinates":[106.9821891,-6.3637378],"type":"Point"},"properties":{"NAMA":"ATM CIMB NIAGA (INDOMARET GRIYA LIMUS ASRI (TAKP)","TIPE_1":"LAYANAN ATAU JASA","TIPE_2":"ATM","TIPE_3":"CIMB NIAGA","TELEPON":"(021) 14041","ALAMAT":"JL. GRIYA ALAM SENTOSA, RT.003/RW.007, CIKETING UDIK, BANTAR GEBANG, BOGOR REGENCY, WEST JAVA 16820","ID_PROV":"32","PROVINSI":"JAWA BARAT","ID_KABKOT":"32.75","KABKOT":"KOTA BEKASI","ID_KEC":"32.75.07","KECAMATAN":"BANTARGEBANG","ID_DESA":"32.75.07.1007","DESA":"CIKETINGUDIK","LONGITUDE":"106.9821891","LATITUDE":"-6.3637378","STATUS":"BUKA","TANGGAL PENGUMPULAN":"Q2 2025","TANGGAL UPDATE":"20/06/2025"}},{"type":"Feature","geometry":{"coordinates":[106.9134384,-6.2859939],"type":"Point"},"properties":{"NAMA":"ATM CIMB NIAGA (INDOMARET HANKAM RAYA (TXQ2))","TIPE_1":"LAYANAN ATAU JASA","TIPE_2":"ATM","TIPE_3":"CIMB NIAGA","TELEPON":"(021) 14041","ALAMAT":"JL. RAYA HANKAM NO.32, RT.002/RW.002, JATIRAHAYU, PONDOK MELATI, BEKASI, WEST JAVA 17414","ID_PROV":"32","PROVINSI":"JAWA BARAT","ID_KABKOT":"32.75","KABKOT":"KOTA BEKASI","ID_KEC":"32.75.12","KECAMATAN":"PONDOKMELATI","ID_DESA":"32.75.12.1001","DESA":"JATIRAHAYU","LONGITUDE":"106.91343839999999","LATITUDE":"-6.285993899999999","STATUS":"BUKA","TANGGAL PENGUMPULAN":"Q2 2025","TANGGAL UPDATE":"20/06/2025"}},{"type":"Feature","geometry":{"coordinates":[106.990211,-6.2117671],"type":"Point"},"properties":{"NAMA":"ATM CIMB NIAGA (INDOMARET INTAN RAYA (TAXW)","TIPE_1":"LAYANAN ATAU JASA","TIPE_2":"ATM","TIPE_3":"CIMB NIAGA","TELEPON":"(021) 14041","ALAMAT":"JL. RAYA INTAN, JL. MUTIARA RAYA, RT.004/RW.013, HARAPAN JAYA, BEKASI UTARA, BEKASI, WEST JAVA 17124","ID_PROV":"32","PROVINSI":"JAWA BARAT","ID_KABKOT":"32.75","KABKOT":"KOTA BEKASI","ID_KEC":"32.75.03","KECAMATAN":"BEKASI UTARA","ID_DESA":"32.75.03.1006","DESA":"HARAPANJAYA","LONGITUDE":"106.990211","LATITUDE":"-6.211767099999999","STATUS":"BUKA","TANGGAL PENGUMPULAN":"Q2 2025","TANGGAL UPDATE":"20/06/2025"}},{"type":"Feature","geometry":{"coordinates":[106.9388252,-6.3568964],"type":"Point"},"properties":{"NAMA":"ATM CIMB NIAGA (INDOMARET JATIRANGGA (TZR6))","TIPE_1":"LAYANAN ATAU JASA","TIPE_2":"ATM","TIPE_3":"CIMB NIAGA","TELEPON":"(021) 14041","ALAMAT":"JL. RAYA RUMDIS AL NO.17, JATIRANGGA, JATISAMPURNA, BEKASI, WEST JAVA 17434","ID_PROV":"32","PROVINSI":"JAWA BARAT","ID_KABKOT":"32.75","KABKOT":"KOTA BEKASI","ID_KEC":"32.75.10","KECAMATAN":"JATISAMPURNA","ID_DESA":"32.75.10.1004","DESA":"JATIRANGGA","LONGITUDE":"106.9388252","LATITUDE":"-6.3568964","STATUS":"BUKA","TANGGAL PENGUMPULAN":"Q2 2025","TANGGAL UPDATE":"20/06/2025"}},{"type":"Feature","geometry":{"coordinates":[106.9803746,-6.2226236],"type":"Point"},"properties":{"NAMA":"ATM CIMB NIAGA (INDOMARET KALIBARU TIMUR (TPUK)","TIPE_1":"LAYANAN ATAU JASA","TIPE_2":"ATM","TIPE_3":"CIMB NIAGA","TELEPON":"(021) 14041","ALAMAT":"JL. KALIBARU TIMUR RT.004/007, RT.004/RW.007, KALI BARU, MEDAN SATRIA, BEKASI, WEST JAVA 17133","ID_PROV":"32","PROVINSI":"JAWA BARAT","ID_KABKOT":"32.75","KABKOT":"KOTA BEKASI","ID_KEC":"32.75.06","KECAMATAN":"MEDANSATRIA","ID_DESA":"32.75.06.1004","DESA":"KALIBARU","LONGITUDE":"106.98037459999999","LATITUDE":"-6.2226235999999995","STATUS":"BUKA","TANGGAL PENGUMPULAN":"Q2 2025","TANGGAL UPDATE":"20/06/2025"}},{"type":"Feature","geometry":{"coordinates":[106.9264809,-6.2584549],"type":"Point"},"properties":{"NAMA":"ATM CIMB NIAGA (INDOMARET REST AREA KM 6 B)","TIPE_1":"LAYANAN ATAU JASA","TIPE_2":"ATM","TIPE_3":"CIMB NIAGA","TELEPON":"(021) 14041","ALAMAT":"JL. TOL BEKASI - JAKARTA, JL. RAYA PD. GEDE NO.KM.06, RT.006/RW.002, JATIBENING BARU, KEC. PD. GEDE, KOTA BKS, JAWA BARAT 17412","ID_PROV":"32","PROVINSI":"JAWA BARAT","ID_KABKOT":"32.75","KABKOT":"KOTA BEKASI","ID_KEC":"32.75.08","KECAMATAN":"PONDOKGEDE","ID_DESA":"32.75.08.1007","DESA":"JATICEMPAKA","LONGITUDE":"106.9264809","LATITUDE":"-6.258454899999999","STATUS":"BUKA","TANGGAL PENGUMPULAN":"Q2 2025","TANGGAL UPDATE":"20/06/2025"}},{"type":"Feature","geometry":{"coordinates":[106.9346268,-6.3465012],"type":"Point"},"properties":{"NAMA":"ATM CIMB NIAGA (INDOMARET WAHANA PONDOK GEDE (F664)","TIPE_1":"LAYANAN ATAU JASA","TIPE_2":"ATM","TIPE_3":"CIMB NIAGA","TELEPON":"(021) 14041","ALAMAT":"PERUM WAHANA PONDOK GEDE BLOK.A- NO.1-2 DESA JATI, RT.014/RW.007, JATIRANGGON, JATISAMPURNA, BEKASI, WEST JAVA 17434","ID_PROV":"32","PROVINSI":"JAWA BARAT","ID_KABKOT":"32.75","KABKOT":"KOTA BEKASI","ID_KEC":"32.75.10","KECAMATAN":"JATISAMPURNA","ID_DESA":"32.75.10.1003","DESA":"JATIRANGGON","LONGITUDE":"106.93462679999999","LATITUDE":"-6.3465012","STATUS":"BUKA","TANGGAL PENGUMPULAN":"Q2 2025","TANGGAL UPDATE":"20/06/2025"}},{"type":"Feature","geometry":{"coordinates":[107.0186938,-6.295977],"type":"Point"},"properties":{"NAMA":"ATM CIMB NIAGA (KLINIK PRATAMA UMI RAHMA)","TIPE_1":"LAYANAN ATAU JASA","TIPE_2":"ATM","TIPE_3":"CIMB NIAGA","TELEPON":"(021) 14041","ALAMAT":"JL. DUSUN, JL. RAYA ASEM JAYA, RT.001/RW.006, MUSTIKASARI, KEC. MUSTIKA JAYA, KOTA BKS, JAWA BARAT 17157","ID_PROV":"32","PROVINSI":"JAWA BARAT","ID_KABKOT":"32.75","KABKOT":"KOTA BEKASI","ID_KEC":"32.75.11","KECAMATAN":"MUSTIKAJAYA","ID_DESA":"32.75.11.1003","DESA":"MUSTIKAJAYA","LONGITUDE":"107.0186938","LATITUDE":"-6.295977","STATUS":"BUKA","TANGGAL PENGUMPULAN":"Q2 2025","TANGGAL UPDATE":"20/06/2025"}},{"type":"Feature","geometry":{"coordinates":[106.9206234,-6.2955426],"type":"Point"},"properties":{"NAMA":"ATM CIMB NIAGA (NAGA SWALAYAN HANKAM)","TIPE_1":"LAYANAN ATAU JASA","TIPE_2":"ATM","TIPE_3":"CIMB NIAGA","TELEPON":"(021) 14041","ALAMAT":"PLAZA, JL. MASJID NURUL IHSAN NO.1, RT.002/RW.018, JATIRAHAYU, KEC. PD. GEDE, KOTA BKS, JAWA BARAT 17411","ID_PROV":"32","PROVINSI":"JAWA BARAT","ID_KABKOT":"32.75","KABKOT":"KOTA BEKASI","ID_KEC":"32.75.12","KECAMATAN":"PONDOKMELATI","ID_DESA":"32.75.12.1001","DESA":"JATIRAHAYU","LONGITUDE":"106.9206234","LATITUDE":"-6.2955426","STATUS":"BUKA","TANGGAL PENGUMPULAN":"Q2 2025","TANGGAL UPDATE":"20/06/2025"}},{"type":"Feature","geometry":{"coordinates":[106.979583,-6.225167],"type":"Point"},"properties":{"NAMA":"ATM CIMB NIAGA (NAGA SWALAYAN KRANJI)","TIPE_1":"LAYANAN ATAU JASA","TIPE_2":"ATM","TIPE_3":"CIMB NIAGA","TELEPON":"(021) 14041","ALAMAT":"NAGA SWALAYAN KRANJI, JL. JEND. SUDIRMAN, RT.001/RW.003, KRANJI, BEKASI BARAT, BEKASI, WEST JAVA 17135","ID_PROV":"32","PROVINSI":"JAWA BARAT","ID_KABKOT":"32.75","KABKOT":"KOTA BEKASI","ID_KEC":"32.75.02","KECAMATAN":"BEKASI BARAT","ID_DESA":"32.75.02.1002","DESA":"KRANJI","LONGITUDE":"106.97958299999999","LATITUDE":"-6.225167","STATUS":"BUKA","TANGGAL PENGUMPULAN":"Q2 2025","TANGGAL UPDATE":"20/06/2025"}},{"type":"Feature","geometry":{"coordinates":[106.9742065,-6.1956617],"type":"Point"},"properties":{"NAMA":"ATM CIMB NIAGA (NAGA SWALAYAN PONDOK UNGU)","TIPE_1":"LAYANAN ATAU JASA","TIPE_2":"ATM","TIPE_3":"CIMB NIAGA","TELEPON":"","ALAMAT":"JL. SULTAN AGUNG JL. RAYA PD. UNGU PERMAI NO.KM.27, RT.001/RW.007, MEDAN SATRIA, BEKASI, WEST JAVA 17132","ID_PROV":"32","PROVINSI":"JAWA BARAT","ID_KABKOT":"32.75","KABKOT":"KOTA BEKASI","ID_KEC":"32.75.06","KECAMATAN":"MEDANSATRIA","ID_DESA":"32.75.06.1001","DESA":"MEDANSATRIA","LONGITUDE":"106.9742065","LATITUDE":"-6.1956617","STATUS":"BUKA","TANGGAL PENGUMPULAN":"Q2 2025","TANGGAL UPDATE":"20/06/2025"}},{"type":"Feature","geometry":{"coordinates":[107.01858,-6.2213278],"type":"Point"},"properties":{"NAMA":"ATM CIMB NIAGA (NAGA SWALAYAN WISMA ASRI)","TIPE_1":"LAYANAN ATAU JASA","TIPE_2":"ATM","TIPE_3":"CIMB NIAGA","TELEPON":"(021) 1230176","ALAMAT":"JL. RAYA PERJUANGAN BEKASI (WISMA ASRI), RT.001/RW.008, HARAPAN BARU, BEKASI UTARA, BEKASI, WEST JAVA 17142","ID_PROV":"32","PROVINSI":"JAWA BARAT","ID_KABKOT":"32.75","KABKOT":"KOTA BEKASI","ID_KEC":"32.75.03","KECAMATAN":"BEKASI UTARA","ID_DESA":"32.75.03.1003","DESA":"HARAPANBARU","LONGITUDE":"107.01858","LATITUDE":"-6.2213278","STATUS":"BUKA","TANGGAL PENGUMPULAN":"Q2 2025","TANGGAL UPDATE":"20/06/2025"}},{"type":"Feature","geometry":{"coordinates":[106.987068,-6.273314],"type":"Point"},"properties":{"NAMA":"ATM CIMB NIAGA (PERUMAHAN KEMANG PRATAMA)","TIPE_1":"LAYANAN ATAU JASA","TIPE_2":"ATM","TIPE_3":"CIMB NIAGA","TELEPON":"","ALAMAT":"JL. KEMANG PRATAMA RAYA NO.B9, RT.001/RW.020, BOJONG RAWALUMBU, RAWA LUMBU, BEKASI, WEST JAVA 17116","ID_PROV":"32","PROVINSI":"JAWA BARAT","ID_KABKOT":"32.75","KABKOT":"KOTA BEKASI","ID_KEC":"32.75.05","KECAMATAN":"RAWALUMBU","ID_DESA":"32.75.05.1001","DESA":"BOJONG RAWALUMBU","LONGITUDE":"106.987068","LATITUDE":"-6.273314","STATUS":"BUKA","TANGGAL PENGUMPULAN":"Q2 2025","TANGGAL UPDATE":"20/06/2025"}},{"type":"Feature","geometry":{"coordinates":[106.911809,-6.28384],"type":"Point"},"properties":{"NAMA":"ATM CIMB NIAGA (PONDOK GEDE)","TIPE_1":"LAYANAN ATAU JASA","TIPE_2":"ATM","TIPE_3":"CIMB NIAGA","TELEPON":"(021) 14041","ALAMAT":"JL. RAYA PD. GEDE NO.11, RT.001/RW.001, 2, JATIWARINGIN, BEKASI, WEST JAVA 17411","ID_PROV":"32","PROVINSI":"JAWA BARAT","ID_KABKOT":"32.75","KABKOT":"KOTA BEKASI","ID_KEC":"32.75.08","KECAMATAN":"PONDOKGEDE","ID_DESA":"32.75.08.1001","DESA":"JATIWARINGIN","LONGITUDE":"106.91180899999999","LATITUDE":"-6.28384","STATUS":"BUKA","TANGGAL PENGUMPULAN":"Q2 2025","TANGGAL UPDATE":"20/06/2025"}},{"type":"Feature","geometry":{"coordinates":[107.031313,-6.2918745],"type":"Point"},"properties":{"NAMA":"ATM CIMB NIAGA (RS PERMATA BKS)","TIPE_1":"LAYANAN ATAU JASA","TIPE_2":"ATM","TIPE_3":"CIMB NIAGA","TELEPON":"(021) 14041","ALAMAT":"JALAN BEKASI, RT.004/RW.011, MUSTIKAJAYA, MUSTIKA JAYA, BEKASI, WEST JAVA 17158","ID_PROV":"32","PROVINSI":"JAWA BARAT","ID_KABKOT":"32.75","KABKOT":"KOTA BEKASI","ID_KEC":"32.75.11","KECAMATAN":"MUSTIKAJAYA","ID_DESA":"32.75.11.1003","DESA":"MUSTIKAJAYA","LONGITUDE":"107.031313","LATITUDE":"-6.2918745","STATUS":"BUKA","TANGGAL PENGUMPULAN":"Q2 2025","TANGGAL UPDATE":"20/06/2025"}},{"type":"Feature","geometry":{"coordinates":[106.985148,-6.2921553],"type":"Point"},"properties":{"NAMA":"ATM CIMB NIAGA (SPBU 17113 BOJONG RAWALUMBU)","TIPE_1":"LAYANAN ATAU JASA","TIPE_2":"ATM","TIPE_3":"CIMB NIAGA","TELEPON":"(021) 14041","ALAMAT":"JL. RAYA NAROGONG, RT.010/RW.002, BOJONG RAWALUMBU, RAWA LUMBU, BEKASI, WEST JAVA 17117","ID_PROV":"32","PROVINSI":"JAWA BARAT","ID_KABKOT":"32.75","KABKOT":"KOTA BEKASI","ID_KEC":"32.75.05","KECAMATAN":"RAWALUMBU","ID_DESA":"32.75.05.1001","DESA":"BOJONG RAWALUMBU","LONGITUDE":"106.985148","LATITUDE":"-6.2921553","STATUS":"BUKA","TANGGAL PENGUMPULAN":"Q2 2025","TANGGAL UPDATE":"20/06/2025"}},{"type":"Feature","geometry":{"coordinates":[106.9590331,-6.2594124],"type":"Point"},"properties":{"NAMA":"ATM CIMB NIAGA (SPBU 17143 CIKUNIR","TIPE_1":"LAYANAN ATAU JASA","TIPE_2":"ATM","TIPE_3":"CIMB NIAGA","TELEPON":"(021) 14041","ALAMAT":"JL. CIKUNIR RAYA NO.24, RT.004/RW.001, JAKA MULYA, BEKASI SELATAN, BEKASI, WEST JAVA 17146","ID_PROV":"32","PROVINSI":"JAWA BARAT","ID_KABKOT":"32.75","KABKOT":"KOTA BEKASI","ID_KEC":"32.75.04","KECAMATAN":"BEKASI SELATAN","ID_DESA":"32.75.04.1003","DESA":"JAKAMULYA","LONGITUDE":"106.9590331","LATITUDE":"-6.2594123999999995","STATUS":"BUKA","TANGGAL PENGUMPULAN":"Q2 2025","TANGGAL UPDATE":"20/06/2025"}},{"type":"Feature","geometry":{"coordinates":[106.97743,-6.18562],"type":"Point"},"properties":{"NAMA":"ATM CIMB NIAGA (SPBU 34-17123 HARAPAN INDAH)","TIPE_1":"LAYANAN ATAU JASA","TIPE_2":"ATM","TIPE_3":"CIMB NIAGA","TELEPON":"(021) 14041","ALAMAT":"JL. HARAPAN INDAH BOULEVARD, RT.004/RW.030, PEJUANG, KECAMATAN MEDAN SATRIA, KOTA BKS, JAWA BARAT 17214","ID_PROV":"32","PROVINSI":"JAWA BARAT","ID_KABKOT":"32.75","KABKOT":"KOTA BEKASI","ID_KEC":"32.75.06","KECAMATAN":"MEDANSATRIA","ID_DESA":"32.75.06.1003","DESA":"PEJUANG","LONGITUDE":"106.97743","LATITUDE":"-6.18562","STATUS":"BUKA","TANGGAL PENGUMPULAN":"Q2 2025","TANGGAL UPDATE":"20/06/2025"}},{"type":"Feature","geometry":{"coordinates":[107.0006187,-6.2612123],"type":"Point"},"properties":{"NAMA":"ATM CIMB NIAGA (SPBU 34-17124 CUT MUTIA)","TIPE_1":"LAYANAN ATAU JASA","TIPE_2":"ATM","TIPE_3":"CIMB NIAGA","TELEPON":"(021) 14041","ALAMAT":"JL. CUT MUTIA NO.77, RT.002/RW.001, SEPANJANG JAYA, RAWA LUMBU, BEKASI, WEST JAVA 17114","ID_PROV":"32","PROVINSI":"JAWA BARAT","ID_KABKOT":"32.75","KABKOT":"KOTA BEKASI","ID_KEC":"32.75.05","KECAMATAN":"RAWALUMBU","ID_DESA":"32.75.05.1003","DESA":"SEPANJANGJAYA","LONGITUDE":"107.00061869999999","LATITUDE":"-6.2612122999999995","STATUS":"BUKA","TANGGAL PENGUMPULAN":"Q2 2025","TANGGAL UPDATE":"20/06/2025"}},{"type":"Feature","geometry":{"coordinates":[106.9226488,-6.3806213],"type":"Point"},"properties":{"NAMA":"ATM CIMB NIAGA (SPBU ALTERNATIF CIBUBUR)","TIPE_1":"LAYANAN ATAU JASA","TIPE_2":"ATM","TIPE_3":"CIMB NIAGA","TELEPON":"(0251) 14041","ALAMAT":"JL. ALTERNATIF CIBUBUR, SPBU 34.17404, RT.001/RW.010, JATIKARYA, JATISAMPURNA, BEKASI, WEST JAVA 16967","ID_PROV":"32","PROVINSI":"JAWA BARAT","ID_KABKOT":"32.75","KABKOT":"KOTA BEKASI","ID_KEC":"32.75.10","KECAMATAN":"JATISAMPURNA","ID_DESA":"32.75.10.1002","DESA":"JATIKARYA","LONGITUDE":"106.92264879999999","LATITUDE":"-6.3806213","STATUS":"BUKA","TANGGAL PENGUMPULAN":"Q2 2025","TANGGAL UPDATE":"20/06/2025"}},{"type":"Feature","geometry":{"coordinates":[106.929477,-6.3405947],"type":"Point"},"properties":{"NAMA":"ATM CIMB NIAGA (SPBU JATI RANGGON)","TIPE_1":"LAYANAN ATAU JASA","TIPE_2":"ATM","TIPE_3":"CIMB NIAGA","TELEPON":"(021) 14041","ALAMAT":"JL. PABUARAN, SPBU 34.174.19, RT.001/RW.002, JATIRANGGON, KEC. JATISAMPURNA, KOTA BKS, JAWA BARAT 17432","ID_PROV":"32","PROVINSI":"JAWA BARAT","ID_KABKOT":"32.75","KABKOT":"KOTA BEKASI","ID_KEC":"32.75.10","KECAMATAN":"JATISAMPURNA","ID_DESA":"32.75.10.1003","DESA":"JATIRANGGON","LONGITUDE":"106.92947699999999","LATITUDE":"-6.3405947","STATUS":"BUKA","TANGGAL PENGUMPULAN":"Q2 2025","TANGGAL UPDATE":"20/06/2025"}},{"type":"Feature","geometry":{"coordinates":[106.911787,-6.2702487],"type":"Point"},"properties":{"NAMA":"ATM CIMB NIAGA (SPBU JATIWARINGIN RAYA)","TIPE_1":"LAYANAN ATAU JASA","TIPE_2":"ATM","TIPE_3":"CIMB NIAGA","TELEPON":"(021) 14041","ALAMAT":"JL. JATIWARINGIN RAYA, PONDOK GEDE, SPBU 34-17403, RT.005/RW.3, ID, BEKASI, WEST JAVA 17411","ID_PROV":"32","PROVINSI":"JAWA BARAT","ID_KABKOT":"32.75","KABKOT":"KOTA BEKASI","ID_KEC":"32.75.08","KECAMATAN":"PONDOKGEDE","ID_DESA":"32.75.08.1001","DESA":"JATIWARINGIN","LONGITUDE":"106.91178699999999","LATITUDE":"-6.2702487","STATUS":"BUKA","TANGGAL PENGUMPULAN":"Q2 2025","TANGGAL UPDATE":"20/06/2025"}},{"type":"Feature","geometry":{"coordinates":[107.0030473,-6.2033857],"type":"Point"},"properties":{"NAMA":"ATM CIMB NIAGA (SPBU KALIABANG)","TIPE_1":"LAYANAN ATAU JASA","TIPE_2":"ATM","TIPE_3":"CIMB NIAGA","TELEPON":"(021) 14041","ALAMAT":"JL. KALIABANG TENGAH RT.01/06,BEKASI, SPBU 34.171.40, RT.001/RW.006, PERWIRA, BEKASI UTARA, BEKASI, WEST JAVA 17125","ID_PROV":"32","PROVINSI":"JAWA BARAT","ID_KABKOT":"32.75","KABKOT":"KOTA BEKASI","ID_KEC":"32.75.03","KECAMATAN":"BEKASI UTARA","ID_DESA":"32.75.03.1002","DESA":"PERWIRA","LONGITUDE":"107.00304729999999","LATITUDE":"-6.2033857","STATUS":"BUKA","TANGGAL PENGUMPULAN":"Q2 2025","TANGGAL UPDATE":"20/06/2025"}},{"type":"Feature","geometry":{"coordinates":[106.9368683,-6.3052825],"type":"Point"},"properties":{"NAMA":"ATM CIMB NIAGA (SPBU KODAU)","TIPE_1":"LAYANAN ATAU JASA","TIPE_2":"ATM","TIPE_3":"CIMB NIAGA","TELEPON":"(021) 14041","ALAMAT":"JL. RAYA KODAU, RT.005/RW.003, JATIWARNA, PONDOK MELATI, BEKASI, WEST JAVA 17422","ID_PROV":"32","PROVINSI":"JAWA BARAT","ID_KABKOT":"32.75","KABKOT":"KOTA BEKASI","ID_KEC":"32.75.12","KECAMATAN":"PONDOKMELATI","ID_DESA":"32.75.12.1002","DESA":"JATIWARNA","LONGITUDE":"106.9368683","LATITUDE":"-6.3052825","STATUS":"BUKA","TANGGAL PENGUMPULAN":"Q2 2025","TANGGAL UPDATE":"20/06/2025"}},{"type":"Feature","geometry":{"coordinates":[106.9196492,-6.3694196],"type":"Point"},"properties":{"NAMA":"ATM CIMB NIAGA (SPBU KRANGGAN)","TIPE_1":"LAYANAN ATAU JASA","TIPE_2":"ATM","TIPE_3":"CIMB NIAGA","TELEPON":"(021) 1230351","ALAMAT":"JL. RAYA KRANGGAN, RT.003/RW.001, JATISAMPURNA, BEKASI, WEST JAVA 17433","ID_PROV":"32","PROVINSI":"JAWA BARAT","ID_KABKOT":"32.75","KABKOT":"KOTA BEKASI","ID_KEC":"32.75.10","KECAMATAN":"JATISAMPURNA","ID_DESA":"32.75.10.1001","DESA":"JATISAMPURNA","LONGITUDE":"106.9196492","LATITUDE":"-6.3694196","STATUS":"BUKA","TANGGAL PENGUMPULAN":"Q2 2025","TANGGAL UPDATE":"20/06/2025"}},{"type":"Feature","geometry":{"coordinates":[107.031278,-6.291847],"type":"Point"},"properties":{"NAMA":"ATM CIMB NIAGA (SPBU MUSTIKA JAYA)","TIPE_1":"LAYANAN ATAU JASA","TIPE_2":"ATM","TIPE_3":"CIMB NIAGA","TELEPON":"(021) 14041","ALAMAT":"JL. MUSTIKA JAYA, SPBU 34-17518, RT.004/RW.011, MUSTIKAJAYA, MUSTIKA JAYA, BEKASI, WEST JAVA 17158","ID_PROV":"32","PROVINSI":"JAWA BARAT","ID_KABKOT":"32.75","KABKOT":"KOTA BEKASI","ID_KEC":"32.75.11","KECAMATAN":"MUSTIKAJAYA","ID_DESA":"32.75.11.1003","DESA":"MUSTIKAJAYA","LONGITUDE":"107.031278","LATITUDE":"-6.291847","STATUS":"BUKA","TANGGAL PENGUMPULAN":"Q2 2025","TANGGAL UPDATE":"20/06/2025"}},{"type":"Feature","geometry":{"coordinates":[107.0032423,-6.2923592],"type":"Point"},"properties":{"NAMA":"ATM CIMB NIAGA (SPBU MUSTIKASARI)","TIPE_1":"LAYANAN ATAU JASA","TIPE_2":"ATM","TIPE_3":"CIMB NIAGA","TELEPON":"(021) 14041","ALAMAT":"JL. RAYA MUDTIKASARI, BANTAR GEBANG, BEKASI TIMUR, WEST JAVA 17112","ID_PROV":"32","PROVINSI":"JAWA BARAT","ID_KABKOT":"32.75","KABKOT":"KOTA BEKASI","ID_KEC":"32.75.11","KECAMATAN":"MUSTIKAJAYA","ID_DESA":"32.75.11.1004","DESA":"MUSTIKASARI","LONGITUDE":"107.0032423","LATITUDE":"-6.2923592","STATUS":"BUKA","TANGGAL PENGUMPULAN":"Q2 2025","TANGGAL UPDATE":"20/06/2025"}},{"type":"Feature","geometry":{"coordinates":[106.9680808,-6.287164],"type":"Point"},"properties":{"NAMA":"ATM CIMB NIAGA (SPBU RAYA PEKAYON)","TIPE_1":"LAYANAN ATAU JASA","TIPE_2":"ATM","TIPE_3":"CIMB NIAGA","TELEPON":"(021) 14041","ALAMAT":"JALAN RAYA PEKAYON, SPBU 34-17417, RT.007/RW.005, JATIRASA, BEKASI SELATAN, BEKASI, WEST JAVA 17148","ID_PROV":"32","PROVINSI":"JAWA BARAT","ID_KABKOT":"32.75","KABKOT":"KOTA BEKASI","ID_KEC":"32.75.09","KECAMATAN":"JATIASIH","ID_DESA":"32.75.09.1004","DESA":"JATIRASA","LONGITUDE":"106.9680808","LATITUDE":"-6.287164","STATUS":"BUKA","TANGGAL PENGUMPULAN":"Q2 2025","TANGGAL UPDATE":"20/06/2025"}},{"type":"Feature","geometry":{"coordinates":[107.00676089999999,-6.1893827],"type":"Point"},"properties":{"NAMA":"ATM CIMB NIAGA (SPBU UJUNG HARAPAN)","TIPE_1":"LAYANAN ATAU JASA","TIPE_2":"ATM","TIPE_3":"CIMB NIAGA","TELEPON":"(021) 14041","ALAMAT":"SPBU 34.171.48, JL. SENAM UJUNG, RT.005/RW.028, HARAPAN MULYA, BEKASI, WEST JAVA 17125","ID_PROV":"32","PROVINSI":"JAWA BARAT","ID_KABKOT":"32.75","KABKOT":"KOTA BEKASI","ID_KEC":"32.75.03","KECAMATAN":"BEKASI UTARA","ID_DESA":"32.75.03.1001","DESA":"KALIABANG TENGAH","LONGITUDE":"107.00676089999999","LATITUDE":"-6.1893826999999995","STATUS":"BUKA","TANGGAL PENGUMPULAN":"Q2 2025","TANGGAL UPDATE":"20/06/2025"}},{"type":"Feature","geometry":{"coordinates":[106.9461785,-6.3298209],"type":"Point"},"properties":{"NAMA":"ATM CIMB NIAGA (SPBU WIBAWA MUKTI 2)","TIPE_1":"LAYANAN ATAU JASA","TIPE_2":"ATM","TIPE_3":"CIMB NIAGA","TELEPON":"(021) 14041","ALAMAT":"JL. WIBAWA MUKTI 2 JATI LUHUR JATIASIH, BEKASI INDONESIA 17425, SPBU 34-17418, RT.006/RW.003, JATILUHUR, JATIASIH, BEKASI, WEST JAVA 17425","ID_PROV":"32","PROVINSI":"JAWA BARAT","ID_KABKOT":"32.75","KABKOT":"KOTA BEKASI","ID_KEC":"32.75.09","KECAMATAN":"JATIASIH","ID_DESA":"32.75.09.1005","DESA":"JATILUHUR","LONGITUDE":"106.9461785","LATITUDE":"-6.3298209","STATUS":"BUKA","TANGGAL PENGUMPULAN":"Q2 2025","TANGGAL UPDATE":"20/06/2025"}},{"type":"Feature","geometry":{"coordinates":[107.00697,-6.31582],"type":"Point"},"properties":{"NAMA":"ATM CIMB NIAGA (ZAHRA MOBILINDO)","TIPE_1":"LAYANAN ATAU JASA","TIPE_2":"ATM","TIPE_3":"CIMB NIAGA","TELEPON":"(021) 14041","ALAMAT":"JL. RAYA BANTAR GEBANG - SETU, RT.003/RW.006, KP. CIBITUNG, KEC. MUSTIKA JAYA, KOTA BKS, JAWA BARAT 16340","ID_PROV":"32","PROVINSI":"JAWA BARAT","ID_KABKOT":"32.75","KABKOT":"KOTA BEKASI","ID_KEC":"32.75.11","KECAMATAN":"MUSTIKAJAYA","ID_DESA":"32.75.11.1001","DESA":"PADURENAN","LONGITUDE":"107.00697","LATITUDE":"-6.3158199999999995","STATUS":"BUKA","TANGGAL PENGUMPULAN":"Q2 2025","TANGGAL UPDATE":"20/06/2025"}},{"type":"Feature","geometry":{"coordinates":[106.9157719,-6.3759756],"type":"Point"},"properties":{"NAMA":"ATM MAYBANK","TIPE_1":"LAYANAN ATAU JASA","TIPE_2":"ATM","TIPE_3":"MAYBANK","TELEPON":"(021) 78869811","ALAMAT":"PLAZA CIBUBUR, JL. ALTERNATIF CIBUBUR, RT.001/RW.003, CIBUBUR, JATISAMPURNA, BEKASI, JAKARTA 16968","ID_PROV":"32","PROVINSI":"JAWA BARAT","ID_KABKOT":"32.75","KABKOT":"KOTA BEKASI","ID_KEC":"32.75.10","KECAMATAN":"JATISAMPURNA","ID_DESA":"32.75.10.1002","DESA":"JATIKARYA","LONGITUDE":"106.9157719","LATITUDE":"-6.375975599999999","STATUS":"BUKA","TANGGAL PENGUMPULAN":"Q2 2025","TANGGAL UPDATE":"20/06/2025"}},{"type":"Feature","geometry":{"coordinates":[106.9832878,-6.1866991],"type":"Point"},"properties":{"NAMA":"ATM MAYBANK","TIPE_1":"LAYANAN ATAU JASA","TIPE_2":"ATM","TIPE_3":"MAYBANK","TELEPON":"","ALAMAT":"JL. BOULEVARD HIJAU RAYA, RT.006/RW.030, PEJUANG, KECAMATAN MEDAN SATRIA, KOTA BKS, JAWA BARAT 17131","ID_PROV":"32","PROVINSI":"JAWA BARAT","ID_KABKOT":"32.75","KABKOT":"KOTA BEKASI","ID_KEC":"32.75.06","KECAMATAN":"MEDANSATRIA","ID_DESA":"32.75.06.1003","DESA":"PEJUANG","LONGITUDE":"106.9832878","LATITUDE":"-6.186699099999999","STATUS":"BUKA","TANGGAL PENGUMPULAN":"Q2 2025","TANGGAL UPDATE":"20/06/2025"}},{"type":"Feature","geometry":{"coordinates":[106.99027,-6.253954],"type":"Point"},"properties":{"NAMA":"ATM MAYBANK BEKASI SQUARE","TIPE_1":"LAYANAN ATAU JASA","TIPE_2":"ATM","TIPE_3":"MAYBANK","TELEPON":"(021) 29228888","ALAMAT":"JL. RAYA AHMAD YANI, RT.005/RW.002, PEKAYON JAYA, KEC. BEKASI SEL., KOTA BKS, JAWA BARAT 13420","ID_PROV":"32","PROVINSI":"JAWA BARAT","ID_KABKOT":"32.75","KABKOT":"KOTA BEKASI","ID_KEC":"32.75.04","KECAMATAN":"BEKASI SELATAN","ID_DESA":"32.75.04.1001","DESA":"PEKAYONJAYA","LONGITUDE":"106.99027","LATITUDE":"-6.253953999999999","STATUS":"BUKA","TANGGAL PENGUMPULAN":"Q2 2025","TANGGAL UPDATE":"20/06/2025"}},{"type":"Feature","geometry":{"coordinates":[106.9938704,-6.2593558],"type":"Point"},"properties":{"NAMA":"ATM MAYBANK KCP BEKASI","TIPE_1":"LAYANAN ATAU JASA","TIPE_2":"ATM","TIPE_3":"MAYBANK","TELEPON":"1 500 611","ALAMAT":"RUKO KCC, JL. JEND. ACHMAD YANI NO.8 A NO.1 & A-1, SEPANJANG JAYA, KEC. RAWALUMBU, KOTA BKS, JAWA BARAT 17144","ID_PROV":"32","PROVINSI":"JAWA BARAT","ID_KABKOT":"32.75","KABKOT":"KOTA BEKASI","ID_KEC":"32.75.05","KECAMATAN":"RAWALUMBU","ID_DESA":"32.75.05.1003","DESA":"SEPANJANGJAYA","LONGITUDE":"106.99387039999999","LATITUDE":"-6.2593558","STATUS":"BUKA","TANGGAL PENGUMPULAN":"Q2 2025","TANGGAL UPDATE":"20/06/2025"}},{"type":"Feature","geometry":{"coordinates":[106.91731329999999,-6.3855515],"type":"Point"},"properties":{"NAMA":"ATM MAYBANK KCP CITRA GRAND CIBUBUR","TIPE_1":"LAYANAN ATAU JASA","TIPE_2":"ATM","TIPE_3":"MAYBANK","TELEPON":"1 500 611","ALAMAT":"CITRA GRAN CITYWALK BLOK CW NO 10 DAN 11, KEC. JATISAMPURNA, KOTA BKS, JAWA BARAT 17435","ID_PROV":"32","PROVINSI":"JAWA BARAT","ID_KABKOT":"32.75","KABKOT":"KOTA BEKASI","ID_KEC":"32.75.10","KECAMATAN":"JATISAMPURNA","ID_DESA":"32.75.10.1002","DESA":"JATIKARYA","LONGITUDE":"106.91731329999999","LATITUDE":"-6.3855515","STATUS":"BUKA","TANGGAL PENGUMPULAN":"Q2 2025","TANGGAL UPDATE":"20/06/2025"}},{"type":"Feature","geometry":{"coordinates":[106.9699575,-6.2489929],"type":"Point"},"properties":{"NAMA":"ATM MAYBANK KCP KALIMALANG","TIPE_1":"LAYANAN ATAU JASA","TIPE_2":"ATM","TIPE_3":"MAYBANK","TELEPON":"(021) 29228888","ALAMAT":"JL. KH. NOER ALI JL. PERTOKOAN DUTA PERMAI NO.14-16 B I, RT.005/RW.006A, JAKASAMPURNA, KEC. BEKASI BAR., KOTA BKS, JAWA BARAT 11140","ID_PROV":"32","PROVINSI":"JAWA BARAT","ID_KABKOT":"32.75","KABKOT":"KOTA BEKASI","ID_KEC":"32.75.02","KECAMATAN":"BEKASI BARAT","ID_DESA":"32.75.02.1005","DESA":"JAKASAMPURNA","LONGITUDE":"106.96995749999999","LATITUDE":"-6.248992899999999","STATUS":"BUKA","TANGGAL PENGUMPULAN":"Q2 2025","TANGGAL UPDATE":"20/06/2025"}},{"type":"Feature","geometry":{"coordinates":[106.9901524,-6.2776746],"type":"Point"},"properties":{"NAMA":"ATM MAYBANK KCP KEMANG PRATAMA","TIPE_1":"LAYANAN ATAU JASA","TIPE_2":"ATM","TIPE_3":"MAYBANK","TELEPON":"","ALAMAT":"RUKO KEMANG PRATAMA KAVLING AM NO.07B, RT.004/RW.001, BOJONG RAWALUMBU, RAWA LUMBU, BEKASI, WEST JAVA 17143","ID_PROV":"32","PROVINSI":"JAWA BARAT","ID_KABKOT":"32.75","KABKOT":"KOTA BEKASI","ID_KEC":"32.75.05","KECAMATAN":"RAWALUMBU","ID_DESA":"32.75.05.1001","DESA":"BOJONG RAWALUMBU","LONGITUDE":"106.9901524","LATITUDE":"-6.2776746","STATUS":"BUKA","TANGGAL PENGUMPULAN":"Q2 2025","TANGGAL UPDATE":"20/06/2025"}},{"type":"Feature","geometry":{"coordinates":[106.9130194,-6.2780056],"type":"Point"},"properties":{"NAMA":"ATM MAYBANK KCP PONDOK GEDE","TIPE_1":"LAYANAN ATAU JASA","TIPE_2":"ATM","TIPE_3":"MAYBANK","TELEPON":"1 500 611","ALAMAT":"JL. RAYA JATIWARINGIN NO.93B, JATIWARINGIN, PONDOK GEDE, BEKASI, WEST JAVA 17411","ID_PROV":"32","PROVINSI":"JAWA BARAT","ID_KABKOT":"32.75","KABKOT":"KOTA BEKASI","ID_KEC":"32.75.08","KECAMATAN":"PONDOKGEDE","ID_DESA":"32.75.08.1001","DESA":"JATIWARINGIN","LONGITUDE":"106.9130194","LATITUDE":"-6.278005599999999","STATUS":"BUKA","TANGGAL PENGUMPULAN":"Q2 2025","TANGGAL UPDATE":"20/06/2025"}},{"type":"Feature","geometry":{"coordinates":[107.00593819999999,-6.2390047],"type":"Point"},"properties":{"NAMA":"ATM MAYBANK PT.OHGHISI INDONESIA","TIPE_1":"LAYANAN ATAU JASA","TIPE_2":"ATM","TIPE_3":"MAYBANK","TELEPON":"(021) 29229002","ALAMAT":"JL. RAYA BEKASI NO.KM 28.5, RT.003/RW.005, RAWA PASUNG, BEKASI TIMUR, BEKASI, WEST JAVA 17144","ID_PROV":"32","PROVINSI":"JAWA BARAT","ID_KABKOT":"32.75","KABKOT":"KOTA BEKASI","ID_KEC":"32.75.01","KECAMATAN":"BEKASI TIMUR","ID_DESA":"32.75.01.1001","DESA":"BEKASIJAYA","LONGITUDE":"107.00593819999999","LATITUDE":"-6.2390047","STATUS":"BUKA","TANGGAL PENGUMPULAN":"Q2 2025","TANGGAL UPDATE":"20/06/2025"}},{"type":"Feature","geometry":{"coordinates":[106.9936955,-6.2339232],"type":"Point"},"properties":{"NAMA":"ATM MAYBANK SETOR TARIK KCP BEKASI 3","TIPE_1":"LAYANAN ATAU JASA","TIPE_2":"ATM","TIPE_3":"MAYBANK","TELEPON":"1 500 611","ALAMAT":"RUKO KCC, JEND.A.YANI A.1, DAN A-1 NO.8, KOTA BKS, JAWA BARAT 17144","ID_PROV":"32","PROVINSI":"JAWA BARAT","ID_KABKOT":"32.75","KABKOT":"KOTA BEKASI","ID_KEC":"32.75.04","KECAMATAN":"BEKASI SELATAN","ID_DESA":"32.75.04.1002","DESA":"MARGAJAYA","LONGITUDE":"106.9936955","LATITUDE":"-6.2339231999999996","STATUS":"BUKA","TANGGAL PENGUMPULAN":"Q2 2025","TANGGAL UPDATE":"20/06/2025"}},{"type":"Feature","geometry":{"coordinates":[107.0214727,-6.2585194],"type":"Point"},"properties":{"NAMA":"ATM MEGA","TIPE_1":"LAYANAN ATAU JASA","TIPE_2":"ATM","TIPE_3":"MEGA","TELEPON":"","ALAMAT":"ATM CENTER, BKS TRADE CENTER, JL. HM. JOYO MARTONO LANTAI BASEMENT, RT.003/RW.021, MARGAHAYU, KEC. BEKASI TIM., KOTA BKS, JAWA BARAT 17113","ID_PROV":"32","PROVINSI":"JAWA BARAT","ID_KABKOT":"32.75","KABKOT":"KOTA BEKASI","ID_KEC":"32.75.01","KECAMATAN":"BEKASI TIMUR","ID_DESA":"32.75.01.1002","DESA":"MARGAHAYU","LONGITUDE":"107.02147269999999","LATITUDE":"-6.2585194","STATUS":"BUKA","TANGGAL PENGUMPULAN":"Q2 2025","TANGGAL UPDATE":"20/06/2025"}},{"type":"Feature","geometry":{"coordinates":[106.9910527,-6.2777745],"type":"Point"},"properties":{"NAMA":"ATM MEGA","TIPE_1":"LAYANAN ATAU JASA","TIPE_2":"ATM","TIPE_3":"MEGA","TELEPON":"","ALAMAT":"JL. KEMANG PRATAMA RAYA NO.34, RT.004/RW.001, BOJONG RAWALUMBU, KEC. RAWALUMBU, KOTA BKS, JAWA BARAT 17116","ID_PROV":"32","PROVINSI":"JAWA BARAT","ID_KABKOT":"32.75","KABKOT":"KOTA BEKASI","ID_KEC":"32.75.05","KECAMATAN":"RAWALUMBU","ID_DESA":"32.75.05.1001","DESA":"BOJONG RAWALUMBU","LONGITUDE":"106.9910527","LATITUDE":"-6.2777745","STATUS":"BUKA","TANGGAL PENGUMPULAN":"Q2 2025","TANGGAL UPDATE":"20/06/2025"}},{"type":"Feature","geometry":{"coordinates":[107.0291701,-6.1993628],"type":"Point"},"properties":{"NAMA":"ATM MUAMALAT","TIPE_1":"LAYANAN ATAU JASA","TIPE_2":"ATM","TIPE_3":"MUAMALAT","TELEPON":"","ALAMAT":"KLINIK BATARA, JALAN KH. NOER ALI, RT.008/RW.004, TLK. PUCUNG, KEC. BEKASI UTARA, KABUPATEN BEKASI, JAWA BARAT 17612","ID_PROV":"32","PROVINSI":"JAWA BARAT","ID_KABKOT":"32.75","KABKOT":"KOTA BEKASI","ID_KEC":"32.75.03","KECAMATAN":"BEKASI UTARA","ID_DESA":"32.75.03.1004","DESA":"TELUK PUCUNG","LONGITUDE":"107.0291701","LATITUDE":"-6.199362799999999","STATUS":"BUKA","TANGGAL PENGUMPULAN":"Q2 2025","TANGGAL UPDATE":"20/06/2025"}},{"type":"Feature","geometry":{"coordinates":[107.0084938,-6.2651822],"type":"Point"},"properties":{"NAMA":"ATM MUAMALAT","TIPE_1":"LAYANAN ATAU JASA","TIPE_2":"ATM","TIPE_3":"MUAMALAT","TELEPON":"","ALAMAT":"JALAN, RT.002/RW.001, PENGASINAN, KEC. RAWALUMBU, KOTA BKS, JAWA BARAT 17115","ID_PROV":"32","PROVINSI":"JAWA BARAT","ID_KABKOT":"32.75","KABKOT":"KOTA BEKASI","ID_KEC":"32.75.05","KECAMATAN":"RAWALUMBU","ID_DESA":"32.75.05.1002","DESA":"PENGASINAN","LONGITUDE":"107.0084938","LATITUDE":"-6.2651822","STATUS":"BUKA","TANGGAL PENGUMPULAN":"Q2 2025","TANGGAL UPDATE":"20/06/2025"}},{"type":"Feature","geometry":{"coordinates":[106.9985978,-6.2806092],"type":"Point"},"properties":{"NAMA":"ATM MUAMALAT","TIPE_1":"LAYANAN ATAU JASA","TIPE_2":"ATM","TIPE_3":"MUAMALAT","TELEPON":"","ALAMAT":"JL. DASA DARMA, RT.002/RW.004, BOJONG RAWALUMBU, KEC. RAWALUMBU, KOTA BKS, JAWA BARAT 17115","ID_PROV":"32","PROVINSI":"JAWA BARAT","ID_KABKOT":"32.75","KABKOT":"KOTA BEKASI","ID_KEC":"32.75.05","KECAMATAN":"RAWALUMBU","ID_DESA":"32.75.05.1001","DESA":"BOJONG RAWALUMBU","LONGITUDE":"106.9985978","LATITUDE":"-6.2806092","STATUS":"BUKA","TANGGAL PENGUMPULAN":"Q2 2025","TANGGAL UPDATE":"20/06/2025"}},{"type":"Feature","geometry":{"coordinates":[106.9941209,-6.2578922],"type":"Point"},"properties":{"NAMA":"ATM MUAMALAT","TIPE_1":"LAYANAN ATAU JASA","TIPE_2":"ATM","TIPE_3":"MUAMALAT","TELEPON":"","ALAMAT":"RT.005/RW.001, SEPANJANG JAYA, KEC. RAWALUMBU, KOTA BKS, JAWA BARAT 17114","ID_PROV":"32","PROVINSI":"JAWA BARAT","ID_KABKOT":"32.75","KABKOT":"KOTA BEKASI","ID_KEC":"32.75.05","KECAMATAN":"RAWALUMBU","ID_DESA":"32.75.05.1003","DESA":"SEPANJANGJAYA","LONGITUDE":"106.9941209","LATITUDE":"-6.2578922","STATUS":"BUKA","TANGGAL PENGUMPULAN":"Q2 2025","TANGGAL UPDATE":"20/06/2025"}},{"type":"Feature","geometry":{"coordinates":[106.9719312,-6.248902],"type":"Point"},"properties":{"NAMA":"ATM MUAMALAT","TIPE_1":"LAYANAN ATAU JASA","TIPE_2":"ATM","TIPE_3":"MUAMALAT","TELEPON":"(021) 1500016","ALAMAT":"PLAZA DUTA PERMAI B II, JALAN KYAI HAJI NOER ALIE, JAKASAMPURNA, BEKASI SELATAN, RT.005/RW.006A, JAKASAMPURNA, KEC. BEKASI BAR., KOTA BKS, JAWA BARAT 17145","ID_PROV":"32","PROVINSI":"JAWA BARAT","ID_KABKOT":"32.75","KABKOT":"KOTA BEKASI","ID_KEC":"32.75.02","KECAMATAN":"BEKASI BARAT","ID_DESA":"32.75.02.1005","DESA":"JAKASAMPURNA","LONGITUDE":"106.9719312","LATITUDE":"-6.248901999999999","STATUS":"BUKA","TANGGAL PENGUMPULAN":"Q2 2025","TANGGAL UPDATE":"20/06/2025"}},{"type":"Feature","geometry":{"coordinates":[106.9860384,-6.3013872],"type":"Point"},"properties":{"NAMA":"ATM MUAMALAT ALFAMIDI BUMI BEKASI BARU","TIPE_1":"LAYANAN ATAU JASA","TIPE_2":"ATM","TIPE_3":"MUAMALAT","TELEPON":"(021) 0500016","ALAMAT":"JL. RAYA DR. RATNA, RT.002/RW.007, BOJONG MENTENG, KEC. RAWALUMBU, KOTA BKS, JAWA BARAT 17117","ID_PROV":"32","PROVINSI":"JAWA BARAT","ID_KABKOT":"32.75","KABKOT":"KOTA BEKASI","ID_KEC":"32.75.05","KECAMATAN":"RAWALUMBU","ID_DESA":"32.75.05.1004","DESA":"BOJONGMENTENG","LONGITUDE":"106.9860384","LATITUDE":"-6.3013872","STATUS":"BUKA","TANGGAL PENGUMPULAN":"Q2 2025","TANGGAL UPDATE":"20/06/2025"}},{"type":"Feature","geometry":{"coordinates":[107.0274216,-6.2429184],"type":"Point"},"properties":{"NAMA":"ATM MUAMALAT ALFAMIDI NUSANTARA","TIPE_1":"LAYANAN ATAU JASA","TIPE_2":"ATM","TIPE_3":"MUAMALAT","TELEPON":"(021) 0500016","ALAMAT":"JL. NUSANTARA RAYA DUREN JAYA PERUMNAS III, RT.003/RW.002, AREN JAYA, KEC. BEKASI TIM., KOTA BKS, JAWA BARAT 17111","ID_PROV":"32","PROVINSI":"JAWA BARAT","ID_KABKOT":"32.75","KABKOT":"KOTA BEKASI","ID_KEC":"32.75.01","KECAMATAN":"BEKASI TIMUR","ID_DESA":"32.75.01.1004","DESA":"ARENJAYA","LONGITUDE":"107.0274216","LATITUDE":"-6.2429184","STATUS":"BUKA","TANGGAL PENGUMPULAN":"Q2 2025","TANGGAL UPDATE":"20/06/2025"}},{"type":"Feature","geometry":{"coordinates":[107.0096553,-6.254615],"type":"Point"},"properties":{"NAMA":"ATM MUAMALAT CABANG KALIMAS","TIPE_1":"LAYANAN ATAU JASA","TIPE_2":"ATM","TIPE_3":"MUAMALAT","TELEPON":"(021) 0500016","ALAMAT":"JL. CHAIRIL ANWAR RUKO KALIMAS BLOK C. 29-30, RT.006/RW.009, MARGAHAYU, KEC. BEKASI TIM., KOTA BKS, JAWA BARAT 17113","ID_PROV":"32","PROVINSI":"JAWA BARAT","ID_KABKOT":"32.75","KABKOT":"KOTA BEKASI","ID_KEC":"32.75.01","KECAMATAN":"BEKASI TIMUR","ID_DESA":"32.75.01.1002","DESA":"MARGAHAYU","LONGITUDE":"107.00965529999999","LATITUDE":"-6.254614999999999","STATUS":"BUKA","TANGGAL PENGUMPULAN":"Q2 2025","TANGGAL UPDATE":"20/06/2025"}},{"type":"Feature","geometry":{"coordinates":[107.0109357,-6.2497359],"type":"Point"},"properties":{"NAMA":"ATM MUAMALAT KANTOR POS BEKASI","TIPE_1":"LAYANAN ATAU JASA","TIPE_2":"ATM","TIPE_3":"MUAMALAT","TELEPON":"(021) 0500016","ALAMAT":"JL. LAP. SERBAGUNA NO.7, RT.002/RW.009, MARGAHAYU, KEC. BEKASI TIM., KOTA BKS, JAWA BARAT 17113","ID_PROV":"32","PROVINSI":"JAWA BARAT","ID_KABKOT":"32.75","KABKOT":"KOTA BEKASI","ID_KEC":"32.75.01","KECAMATAN":"BEKASI TIMUR","ID_DESA":"32.75.01.1002","DESA":"MARGAHAYU","LONGITUDE":"107.01093569999999","LATITUDE":"-6.2497359","STATUS":"BUKA","TANGGAL PENGUMPULAN":"Q2 2025","TANGGAL UPDATE":"20/06/2025"}},{"type":"Feature","geometry":{"coordinates":[107.0317779,-6.291518],"type":"Point"},"properties":{"NAMA":"ATM MUAMALAT RS. PERMATA BEKASI","TIPE_1":"LAYANAN ATAU JASA","TIPE_2":"ATM","TIPE_3":"PERMATA BANK","TELEPON":"(021) 0500016","ALAMAT":"JL. LEGENDA RAYA KP CIKETING RT. 1 RW. 11, KEL. MUSTIKA JAYA KEC. MUSTIKA JAYA, RT.004/RW.011, MUSTIKAJAYA, KEC. MUSTIKA JAYA, KOTA BKS, JAWA BARAT 17158","ID_PROV":"32","PROVINSI":"JAWA BARAT","ID_KABKOT":"32.75","KABKOT":"KOTA BEKASI","ID_KEC":"32.75.11","KECAMATAN":"MUSTIKAJAYA","ID_DESA":"32.75.11.1003","DESA":"MUSTIKAJAYA","LONGITUDE":"107.0317779","LATITUDE":"-6.291518","STATUS":"BUKA","TANGGAL PENGUMPULAN":"Q2 2025","TANGGAL UPDATE":"20/06/2025"}},{"type":"Feature","geometry":{"coordinates":[106.9860598,-6.2400814],"type":"Point"},"properties":{"NAMA":"ATM MUAMALAT SPBU A.YANI KAYURINGIN BEKASI","TIPE_1":"LAYANAN ATAU JASA","TIPE_2":"ATM","TIPE_3":"MUAMALAT","TELEPON":"(021) 0500016","ALAMAT":"JL. JEND. SUDIRMAN KM. 31, SPBU A. YANI KAYURINGIN, RT.001/RW.024, KAYURINGIN JAYA, KEC. BEKASI SEL., KOTA BKS, JAWA BARAT 17144","ID_PROV":"32","PROVINSI":"JAWA BARAT","ID_KABKOT":"32.75","KABKOT":"KOTA BEKASI","ID_KEC":"32.75.04","KECAMATAN":"BEKASI SELATAN","ID_DESA":"32.75.04.1005","DESA":"KAYURINGINJAYA","LONGITUDE":"106.98605979999999","LATITUDE":"-6.240081399999999","STATUS":"BUKA","TANGGAL PENGUMPULAN":"Q2 2025","TANGGAL UPDATE":"20/06/2025"}},{"type":"Feature","geometry":{"coordinates":[107.0231026,-6.2488624],"type":"Point"},"properties":{"NAMA":"ATM NIAGA","TIPE_1":"LAYANAN ATAU JASA","TIPE_2":"ATM","TIPE_3":"CIMB NIAGA","TELEPON":"","ALAMAT":"JL. INSINYUR H. JUANDA NO.220, RT.002/RW.021, DUREN JAYA, KEC. BEKASI TIM., KOTA BKS, JAWA BARAT 17111","ID_PROV":"32","PROVINSI":"JAWA BARAT","ID_KABKOT":"32.75","KABKOT":"KOTA BEKASI","ID_KEC":"32.75.01","KECAMATAN":"BEKASI TIMUR","ID_DESA":"32.75.01.1003","DESA":"DURENJAYA","LONGITUDE":"107.0231026","LATITUDE":"-6.2488624","STATUS":"BUKA","TANGGAL PENGUMPULAN":"Q2 2025","TANGGAL UPDATE":"20/06/2025"}},{"type":"Feature","geometry":{"coordinates":[106.9704198,-6.2085979],"type":"Point"},"properties":{"NAMA":"ATM OCBC NISP","TIPE_1":"LAYANAN ATAU JASA","TIPE_2":"ATM","TIPE_3":"OCBC NISP","TELEPON":"(021) 26506477","ALAMAT":"BEKASI RAYA KM. 28. 5, JL. WAHAB AFFAN NO.8, RT.002/RW.002, MEDAN SATRIA, KECAMATAN MEDAN SATRIA, KOTA BKS, JAWA BARAT 17132","ID_PROV":"32","PROVINSI":"JAWA BARAT","ID_KABKOT":"32.75","KABKOT":"KOTA BEKASI","ID_KEC":"32.75.06","KECAMATAN":"MEDANSATRIA","ID_DESA":"32.75.06.1001","DESA":"MEDANSATRIA","LONGITUDE":"106.9704198","LATITUDE":"-6.2085979","STATUS":"BUKA","TANGGAL PENGUMPULAN":"Q2 2025","TANGGAL UPDATE":"20/06/2025"}},{"type":"Feature","geometry":{"coordinates":[107.0298275,-6.2520236],"type":"Point"},"properties":{"NAMA":"ATM OCBC NISP","TIPE_1":"LAYANAN ATAU JASA","TIPE_2":"ATM","TIPE_3":"OCBC NISP","TELEPON":"(021) 1500999","ALAMAT":"JL. H. JUANDA NO. 326, SASAK JARANG, BEKASI TIMUR, RT.001/RW.021, MARGAHAYU, KEC. BEKASI TIM., KOTA BKS, JAWA BARAT 17113","ID_PROV":"32","PROVINSI":"JAWA BARAT","ID_KABKOT":"32.75","KABKOT":"KOTA BEKASI","ID_KEC":"32.75.01","KECAMATAN":"BEKASI TIMUR","ID_DESA":"32.75.01.1002","DESA":"MARGAHAYU","LONGITUDE":"107.0298275","LATITUDE":"-6.252023599999999","STATUS":"BUKA","TANGGAL PENGUMPULAN":"Q2 2025","TANGGAL UPDATE":"20/06/2025"}},{"type":"Feature","geometry":{"coordinates":[106.9944733,-6.2392459],"type":"Point"},"properties":{"NAMA":"ATM OCBC NISP","TIPE_1":"LAYANAN ATAU JASA","TIPE_2":"ATM","TIPE_3":"OCBC NISP","TELEPON":"","ALAMAT":"JL. KEMAKMURAN NO.39, RT.005/RW.005, MARGA JAYA, KEC. BEKASI SEL., KOTA BKS, JAWA BARAT 17141","ID_PROV":"32","PROVINSI":"JAWA BARAT","ID_KABKOT":"32.75","KABKOT":"KOTA BEKASI","ID_KEC":"32.75.04","KECAMATAN":"BEKASI SELATAN","ID_DESA":"32.75.04.1002","DESA":"MARGAJAYA","LONGITUDE":"106.9944733","LATITUDE":"-6.239245899999999","STATUS":"BUKA","TANGGAL PENGUMPULAN":"Q2 2025","TANGGAL UPDATE":"20/06/2025"}},{"type":"Feature","geometry":{"coordinates":[106.9832151,-6.2278236],"type":"Point"},"properties":{"NAMA":"ATM OCBC NISP","TIPE_1":"LAYANAN ATAU JASA","TIPE_2":"ATM","TIPE_3":"OCBC NISP","TELEPON":"(021) 26506300","ALAMAT":"MATAHARI GRAND MALL, JL. JEND. SUDIRMAN, RT.001/RW.005, HARAPAN MULYA, KECAMATAN MEDAN SATRIA, KOTA BKS, JAWA BARAT 17143","ID_PROV":"32","PROVINSI":"JAWA BARAT","ID_KABKOT":"32.75","KABKOT":"KOTA BEKASI","ID_KEC":"32.75.06","KECAMATAN":"MEDANSATRIA","ID_DESA":"32.75.06.1002","DESA":"HARAPANMULYA","LONGITUDE":"106.9832151","LATITUDE":"-6.2278236","STATUS":"BUKA","TANGGAL PENGUMPULAN":"Q2 2025","TANGGAL UPDATE":"20/06/2025"}},{"type":"Feature","geometry":{"coordinates":[106.9928425,-6.2492968],"type":"Point"},"properties":{"NAMA":"ATM OCBC NISP","TIPE_1":"LAYANAN ATAU JASA","TIPE_2":"ATM","TIPE_3":"OCBC NISP","TELEPON":"","ALAMAT":"MEGA BEKASI LANTAI 1, JALAN JEND AHMAD YANI, MARGA JAYA, BEKASI SELATAN, RT.004/RW.001, MARGA JAYA, KEC. BEKASI SEL., KOTA BKS, JAWA BARAT 17148","ID_PROV":"32","PROVINSI":"JAWA BARAT","ID_KABKOT":"32.75","KABKOT":"KOTA BEKASI","ID_KEC":"32.75.04","KECAMATAN":"BEKASI SELATAN","ID_DESA":"32.75.04.1002","DESA":"MARGAJAYA","LONGITUDE":"106.9928425","LATITUDE":"-6.2492968","STATUS":"BUKA","TANGGAL PENGUMPULAN":"Q2 2025","TANGGAL UPDATE":"20/06/2025"}},{"type":"Feature","geometry":{"coordinates":[106.9860598,-6.2400814],"type":"Point"},"properties":{"NAMA":"ATM OCBC NISP BEKASI SQUARE","TIPE_1":"LAYANAN ATAU JASA","TIPE_2":"ATM","TIPE_3":"OCBC NISP","TELEPON":"(021) 26506477","ALAMAT":"JL. AHMAD YANI NO. 1, BEKASI BARAT, MALL BEKASI SQUARE - UG FLOOR NO. 180, RT.001/RW.024, KAYURINGIN JAYA, BEKASI SELATAN, BEKASI, WEST JAVA 17144","ID_PROV":"32","PROVINSI":"JAWA BARAT","ID_KABKOT":"32.75","KABKOT":"KOTA BEKASI","ID_KEC":"32.75.04","KECAMATAN":"BEKASI SELATAN","ID_DESA":"32.75.04.1005","DESA":"KAYURINGINJAYA","LONGITUDE":"106.98605979999999","LATITUDE":"-6.240081399999999","STATUS":"BUKA","TANGGAL PENGUMPULAN":"Q2 2025","TANGGAL UPDATE":"20/06/2025"}},{"type":"Feature","geometry":{"coordinates":[106.9595023,-6.2204842],"type":"Point"},"properties":{"NAMA":"ATM OCBC NISP INDOGROSIR BINTARA","TIPE_1":"LAYANAN ATAU JASA","TIPE_2":"ATM","TIPE_3":"OCBC NISP","TELEPON":"(021) 26506477","ALAMAT":"JL. I GUSTI NGURAH RAI, RT.011/RW.012, BINTARA, KEC. BEKASI BAR., KOTA BKS, JAWA BARAT 17134","ID_PROV":"32","PROVINSI":"JAWA BARAT","ID_KABKOT":"32.75","KABKOT":"KOTA BEKASI","ID_KEC":"32.75.02","KECAMATAN":"BEKASI BARAT","ID_DESA":"32.75.02.1001","DESA":"BINTARA","LONGITUDE":"106.9595023","LATITUDE":"-6.2204842","STATUS":"BUKA","TANGGAL PENGUMPULAN":"Q2 2025","TANGGAL UPDATE":"20/06/2025"}},{"type":"Feature","geometry":{"coordinates":[107.03282139999999,-6.2331709],"type":"Point"},"properties":{"NAMA":"ATM OCBC NISP PLAZA METROPOLITAN TAMBUN","TIPE_1":"LAYANAN ATAU JASA","TIPE_2":"ATM","TIPE_3":"OCBC NISP","TELEPON":"(021) 26506477","ALAMAT":"JL. RAYA IMAM BONJOL NO.1, TAMBUN, KEC. BEKASI TIM., KOTA BKS, JAWA BARAT 17511","ID_PROV":"32","PROVINSI":"JAWA BARAT","ID_KABKOT":"32.75","KABKOT":"KOTA BEKASI","ID_KEC":"32.75.01","KECAMATAN":"BEKASI TIMUR","ID_DESA":"32.75.01.1003","DESA":"DURENJAYA","LONGITUDE":"107.03282139999999","LATITUDE":"-6.233170899999999","STATUS":"BUKA","TANGGAL PENGUMPULAN":"Q2 2025","TANGGAL UPDATE":"20/06/2025"}},{"type":"Feature","geometry":{"coordinates":[106.98604,-6.183959],"type":"Point"},"properties":{"NAMA":"ATM OCBC NISP RS CITRA HARAPAN","TIPE_1":"LAYANAN ATAU JASA","TIPE_2":"ATM","TIPE_3":"OCBC NISP","TELEPON":"(021) 26506477","ALAMAT":"JL. HARAPAN INDAH, MEDAN SATRIA, KAWASAN SENTRA NIAGA NO. 3-5, PEJUANG, RT.004/RW.010, PEJUANG, MEDAN SATRIA, BEKASI, WEST JAVA 17131","ID_PROV":"32","PROVINSI":"JAWA BARAT","ID_KABKOT":"32.75","KABKOT":"KOTA BEKASI","ID_KEC":"32.75.06","KECAMATAN":"MEDANSATRIA","ID_DESA":"32.75.06.1003","DESA":"PEJUANG","LONGITUDE":"106.98603999999999","LATITUDE":"-6.183959","STATUS":"BUKA","TANGGAL PENGUMPULAN":"Q2 2025","TANGGAL UPDATE":"20/06/2025"}},{"type":"Feature","geometry":{"coordinates":[106.9109137,-6.2843112],"type":"Point"},"properties":{"NAMA":"ATM PANIN BANK","TIPE_1":"LAYANAN ATAU JASA","TIPE_2":"ATM","TIPE_3":"PANIN BANK","TELEPON":"(021) 2515555","ALAMAT":"JALAN RAYA PONDOK GEDE, JATIWARINGIN, PONDOK GEDE, RT.001/RW.001, JATIWARINGIN, KEC. PD. GEDE, KOTA BKS, JAWA BARAT 13610","ID_PROV":"32","PROVINSI":"JAWA BARAT","ID_KABKOT":"32.75","KABKOT":"KOTA BEKASI","ID_KEC":"32.75.08","KECAMATAN":"PONDOKGEDE","ID_DESA":"32.75.08.1001","DESA":"JATIWARINGIN","LONGITUDE":"106.9109137","LATITUDE":"-6.284311199999999","STATUS":"BUKA","TANGGAL PENGUMPULAN":"Q2 2025","TANGGAL UPDATE":"20/06/2025"}},{"type":"Feature","geometry":{"coordinates":[106.9912787,-6.2468125],"type":"Point"},"properties":{"NAMA":"ATM PERMATA","TIPE_1":"LAYANAN ATAU JASA","TIPE_2":"ATM","TIPE_3":"PERMATA BANK","TELEPON":"","ALAMAT":"BKS CYBER PARK, JL. KH. NOER ALI NO.177, RT.001/RW.005, KAYURINGIN JAYA, KEC. BEKASI BAR., KOTA BKS, JAWA BARAT 17144","ID_PROV":"32","PROVINSI":"JAWA BARAT","ID_KABKOT":"32.75","KABKOT":"KOTA BEKASI","ID_KEC":"32.75.04","KECAMATAN":"BEKASI SELATAN","ID_DESA":"32.75.04.1005","DESA":"KAYURINGINJAYA","LONGITUDE":"106.9912787","LATITUDE":"-6.2468125","STATUS":"BUKA","TANGGAL PENGUMPULAN":"Q2 2025","TANGGAL UPDATE":"20/06/2025"}},{"type":"Feature","geometry":{"coordinates":[106.9205579,-6.3783943],"type":"Point"},"properties":{"NAMA":"ATM PERMATA BANK","TIPE_1":"LAYANAN ATAU JASA","TIPE_2":"ATM","TIPE_3":"PERMATA BANK","TELEPON":"(021) 1500111","ALAMAT":"RUKO CIBUBUR TIMES SQUARE,, JL. TRANCE YOGI BLOK B 01 NO. 28, JATISAMPURNA, RT.002/RW.008, JATISAMPURNA, KEC. JATISAMPURNA, KOTA BKS, JAWA BARAT 11510","ID_PROV":"32","PROVINSI":"JAWA BARAT","ID_KABKOT":"32.75","KABKOT":"KOTA BEKASI","ID_KEC":"32.75.10","KECAMATAN":"JATISAMPURNA","ID_DESA":"32.75.10.1002","DESA":"JATIKARYA","LONGITUDE":"106.92055789999999","LATITUDE":"-6.3783943","STATUS":"BUKA","TANGGAL PENGUMPULAN":"Q2 2025","TANGGAL UPDATE":"20/06/2025"}},{"type":"Feature","geometry":{"coordinates":[106.9867925,-6.3048846],"type":"Point"},"properties":{"NAMA":"ATM PERMATA BANK 1607","TIPE_1":"LAYANAN ATAU JASA","TIPE_2":"ATM","TIPE_3":"PERMATA BANK","TELEPON":"","ALAMAT":"PT. JEIL, RT.002/RW.007, BOJONG MENTENG, KEC. RAWALUMBU, KOTA BKS, JAWA BARAT 17117","ID_PROV":"32","PROVINSI":"JAWA BARAT","ID_KABKOT":"32.75","KABKOT":"KOTA BEKASI","ID_KEC":"32.75.05","KECAMATAN":"RAWALUMBU","ID_DESA":"32.75.05.1004","DESA":"BOJONGMENTENG","LONGITUDE":"106.98679249999999","LATITUDE":"-6.304884599999999","STATUS":"BUKA","TANGGAL PENGUMPULAN":"Q2 2025","TANGGAL UPDATE":"20/06/2025"}},{"type":"Feature","geometry":{"coordinates":[106.9776585,-6.2099805],"type":"Point"},"properties":{"NAMA":"ATM PT. BANK CENTRAL ASIA, TBK","TIPE_1":"LAYANAN ATAU JASA","TIPE_2":"ATM","TIPE_3":"BCA","TELEPON":"","ALAMAT":"JL. SULTAN AGUNG NO.13 2, RT.003/RW.001, MEDAN SATRIA, KECAMATAN MEDAN SATRIA, KOTA BKS, JAWA BARAT 17132","ID_PROV":"32","PROVINSI":"JAWA BARAT","ID_KABKOT":"32.75","KABKOT":"KOTA BEKASI","ID_KEC":"32.75.06","KECAMATAN":"MEDANSATRIA","ID_DESA":"32.75.06.1001","DESA":"MEDANSATRIA","LONGITUDE":"106.97765849999999","LATITUDE":"-6.2099804999999995","STATUS":"BUKA","TANGGAL PENGUMPULAN":"Q2 2025","TANGGAL UPDATE":"20/06/2025"}},{"type":"Feature","geometry":{"coordinates":[107.0005834,-6.2415556],"type":"Point"},"properties":{"NAMA":"ATM PT. BANK NEGARA INDONESIA, TBK","TIPE_1":"LAYANAN ATAU JASA","TIPE_2":"ATM","TIPE_3":"BNI","TELEPON":"1 500 046","ALAMAT":"TEMPAT PARKIR, SPBU 34.171.31 RAWALUMBU, JL PRAMUKA, RT.006/RW.006, MARGA JAYA, KEC. BEKASI SEL., KOTA BKS, JAWA BARAT 17141","ID_PROV":"32","PROVINSI":"JAWA BARAT","ID_KABKOT":"32.75","KABKOT":"KOTA BEKASI","ID_KEC":"32.75.04","KECAMATAN":"BEKASI SELATAN","ID_DESA":"32.75.04.1002","DESA":"MARGAJAYA","LONGITUDE":"107.0005834","LATITUDE":"-6.2415556","STATUS":"BUKA","TANGGAL PENGUMPULAN":"Q2 2025","TANGGAL UPDATE":"20/06/2025"}},{"type":"Feature","geometry":{"coordinates":[106.9279828,-6.2587816],"type":"Point"},"properties":{"NAMA":"ATM REST AREA KM 6 B","TIPE_1":"LAYANAN ATAU JASA","TIPE_2":"ATM","TIPE_3":"ATM AREA","TELEPON":"","ALAMAT":"RT.008/RW.004, JATIBENING BARU, KEC. PD. GEDE, KOTA BKS, JAWA BARAT 17412","ID_PROV":"32","PROVINSI":"JAWA BARAT","ID_KABKOT":"32.75","KABKOT":"KOTA BEKASI","ID_KEC":"32.75.08","KECAMATAN":"PONDOKGEDE","ID_DESA":"32.75.08.1006","DESA":"JATIBENING BARU","LONGITUDE":"106.9279828","LATITUDE":"-6.2587816","STATUS":"BUKA","TANGGAL PENGUMPULAN":"Q2 2025","TANGGAL UPDATE":"20/06/2025"}},{"type":"Feature","geometry":{"coordinates":[106.9929743,-6.2495082],"type":"Point"},"properties":{"NAMA":"ATM SETOR TUNAI BRI","TIPE_1":"LAYANAN ATAU JASA","TIPE_2":"ATM","TIPE_3":"BRI","TELEPON":"(021) 1500017","ALAMAT":"JL. JEND. AHMAD YANI MEGA HYPERMALL LT. 2, KAYURINGIN JAYA, BEKASI SELATAN, RT.004/RW.001, MARGA JAYA, KEC. BEKASI SEL., KOTA BKS, JAWA BARAT 17144","ID_PROV":"32","PROVINSI":"JAWA BARAT","ID_KABKOT":"32.75","KABKOT":"KOTA BEKASI","ID_KEC":"32.75.04","KECAMATAN":"BEKASI SELATAN","ID_DESA":"32.75.04.1002","DESA":"MARGAJAYA","LONGITUDE":"106.9929743","LATITUDE":"-6.249508199999999","STATUS":"BUKA","TANGGAL PENGUMPULAN":"Q2 2025","TANGGAL UPDATE":"20/06/2025"}},{"type":"Feature","geometry":{"coordinates":[106.9924504,-6.2440764],"type":"Point"},"properties":{"NAMA":"ATM UOB - UOB KCP BEKASI SELATAN","TIPE_1":"LAYANAN ATAU JASA","TIPE_2":"ATM","TIPE_3":"UOB","TELEPON":"","ALAMAT":"JL. ACHMAD YANI KAV. A4 NO. 7 RUKO KALIMALANG COMMERCIAL CENTRE, DESA, RT.001/RW.005, KAYURINGIN JAYA, BEKASI SELATAN, BEKASI, WEST JAVA 17144","ID_PROV":"32","PROVINSI":"JAWA BARAT","ID_KABKOT":"32.75","KABKOT":"KOTA BEKASI","ID_KEC":"32.75.04","KECAMATAN":"BEKASI SELATAN","ID_DESA":"32.75.04.1005","DESA":"KAYURINGINJAYA","LONGITUDE":"106.9924504","LATITUDE":"-6.2440764","STATUS":"BUKA","TANGGAL PENGUMPULAN":"Q2 2025","TANGGAL UPDATE":"20/06/2025"}},{"type":"Feature","geometry":{"coordinates":[106.9207737,-6.3785663],"type":"Point"},"properties":{"NAMA":"ATM UOB - UOB KCP CIBUBUR","TIPE_1":"LAYANAN ATAU JASA","TIPE_2":"ATM","TIPE_3":"UOB","TELEPON":"","ALAMAT":"RUKO CIBUBUR TIMES SQUARE BLOK B-1 NO.11 & 12, JL. ALTERNATIF CIBUBUR NO.KM 3, RT.001/RW.010, JATIKARYA, JATISAMPURNA, BEKASI, WEST JAVA 17435","ID_PROV":"32","PROVINSI":"JAWA BARAT","ID_KABKOT":"32.75","KABKOT":"KOTA BEKASI","ID_KEC":"32.75.10","KECAMATAN":"JATISAMPURNA","ID_DESA":"32.75.10.1002","DESA":"JATIKARYA","LONGITUDE":"106.9207737","LATITUDE":"-6.3785663","STATUS":"BUKA","TANGGAL PENGUMPULAN":"Q2 2025","TANGGAL UPDATE":"20/06/2025"}},{"type":"Feature","geometry":{"coordinates":[107.0083834,-6.273102],"type":"Point"},"properties":{"NAMA":"BANK BJB ATM","TIPE_1":"LAYANAN ATAU JASA","TIPE_2":"ATM","TIPE_3":"BPD","TELEPON":"","ALAMAT":"JALAN NAROGONG INDAH RAYA, RT.004/RW.030, PENGASINAN, KEC. RAWALUMBU, KABUPATEN BEKASI, JAWA BARAT 17116","ID_PROV":"32","PROVINSI":"JAWA BARAT","ID_KABKOT":"32.75","KABKOT":"KOTA BEKASI","ID_KEC":"32.75.05","KECAMATAN":"RAWALUMBU","ID_DESA":"32.75.05.1002","DESA":"PENGASINAN","LONGITUDE":"107.0083834","LATITUDE":"-6.273102","STATUS":"BUKA","TANGGAL PENGUMPULAN":"Q2 2025","TANGGAL UPDATE":"20/06/2025"}},{"type":"Feature","geometry":{"coordinates":[106.9912572,-6.1770701],"type":"Point"},"properties":{"NAMA":"BANK BJB ATM","TIPE_1":"LAYANAN ATAU JASA","TIPE_2":"ATM","TIPE_3":"BPD","TELEPON":"","ALAMAT":"ALFAMART, JL. PERINTIS IX, RT.006/RW.008, PEJUANG, KEC. BEKASI BAR., KOTA BKS, JAWA BARAT 17131","ID_PROV":"32","PROVINSI":"JAWA BARAT","ID_KABKOT":"32.75","KABKOT":"KOTA BEKASI","ID_KEC":"32.75.06","KECAMATAN":"MEDANSATRIA","ID_DESA":"32.75.06.1003","DESA":"PEJUANG","LONGITUDE":"106.99125719999999","LATITUDE":"-6.1770701","STATUS":"BUKA","TANGGAL PENGUMPULAN":"Q2 2025","TANGGAL UPDATE":"20/06/2025"}},{"type":"Feature","geometry":{"coordinates":[106.9818595,-6.2334389],"type":"Point"},"properties":{"NAMA":"BANK BRI ATM","TIPE_1":"LAYANAN ATAU JASA","TIPE_2":"ATM","TIPE_3":"BRI","TELEPON":"","ALAMAT":"ALFAMART, JL. NANGKA RAYA, RT.004/RW.017, KAYURINGIN JAYA, KEC. BEKASI SEL., KOTA BKS, JAWA BARAT 17144","ID_PROV":"32","PROVINSI":"JAWA BARAT","ID_KABKOT":"32.75","KABKOT":"KOTA BEKASI","ID_KEC":"32.75.04","KECAMATAN":"BEKASI SELATAN","ID_DESA":"32.75.04.1005","DESA":"KAYURINGINJAYA","LONGITUDE":"106.9818595","LATITUDE":"-6.2334388999999994","STATUS":"BUKA","TANGGAL PENGUMPULAN":"Q2 2025","TANGGAL UPDATE":"20/06/2025"}},{"type":"Feature","geometry":{"coordinates":[106.9772766,-6.2749124],"type":"Point"},"properties":{"NAMA":"BANK BRI ATM","TIPE_1":"LAYANAN ATAU JASA","TIPE_2":"ATM","TIPE_3":"BRI","TELEPON":"","ALAMAT":"ALFAMART, JL. RAYA PEKAYON NO.35, RT.007/RW.001, JAKA SETIA, KEC. BEKASI SEL., KOTA BKS, JAWA BARAT 17147","ID_PROV":"32","PROVINSI":"JAWA BARAT","ID_KABKOT":"32.75","KABKOT":"KOTA BEKASI","ID_KEC":"32.75.04","KECAMATAN":"BEKASI SELATAN","ID_DESA":"32.75.04.1004","DESA":"JAKASETIA","LONGITUDE":"106.9772766","LATITUDE":"-6.2749124","STATUS":"BUKA","TANGGAL PENGUMPULAN":"Q2 2025","TANGGAL UPDATE":"20/06/2025"}},{"type":"Feature","geometry":{"coordinates":[106.9810386,-6.2382858],"type":"Point"},"properties":{"NAMA":"BANK BRI ATM","TIPE_1":"LAYANAN ATAU JASA","TIPE_2":"ATM","TIPE_3":"BRI","TELEPON":"","ALAMAT":"HUB_, JL. RAJAWALI II, RT.009/RW.002, KAYURINGIN JAYA, KEC. BEKASI SEL., KOTA BKS, JAWA BARAT 17145","ID_PROV":"32","PROVINSI":"JAWA BARAT","ID_KABKOT":"32.75","KABKOT":"KOTA BEKASI","ID_KEC":"32.75.04","KECAMATAN":"BEKASI SELATAN","ID_DESA":"32.75.04.1005","DESA":"KAYURINGINJAYA","LONGITUDE":"106.98103859999999","LATITUDE":"-6.2382858","STATUS":"BUKA","TANGGAL PENGUMPULAN":"Q2 2025","TANGGAL UPDATE":"20/06/2025"}},{"type":"Feature","geometry":{"coordinates":[106.9986806,-6.2806092],"type":"Point"},"properties":{"NAMA":"BANK BRI ATM","TIPE_1":"LAYANAN ATAU JASA","TIPE_2":"ATM","TIPE_3":"BRI","TELEPON":"","ALAMAT":"JL. DASA DARMA, RT.002/RW.004, BOJONG RAWALUMBU, KEC. RAWALUMBU, KOTA BKS, JAWA BARAT 17115","ID_PROV":"32","PROVINSI":"JAWA BARAT","ID_KABKOT":"32.75","KABKOT":"KOTA BEKASI","ID_KEC":"32.75.05","KECAMATAN":"RAWALUMBU","ID_DESA":"32.75.05.1001","DESA":"BOJONG RAWALUMBU","LONGITUDE":"106.9986806","LATITUDE":"-6.2806092","STATUS":"BUKA","TANGGAL PENGUMPULAN":"Q2 2025","TANGGAL UPDATE":"20/06/2025"}},{"type":"Feature","geometry":{"coordinates":[106.9257628,-6.2598125],"type":"Point"},"properties":{"NAMA":"BANK BRI ATM","TIPE_1":"LAYANAN ATAU JASA","TIPE_2":"ATM","TIPE_3":"BRI","TELEPON":"(021) 14017","ALAMAT":"JL. KEMANG RAYA NO.47 6, RT.006/RW.7, JATIBENING BARU, KEC. PD. GEDE, KOTA BKS, JAWA BARAT 12730","ID_PROV":"32","PROVINSI":"JAWA BARAT","ID_KABKOT":"32.75","KABKOT":"KOTA BEKASI","ID_KEC":"32.75.08","KECAMATAN":"PONDOKGEDE","ID_DESA":"32.75.08.1007","DESA":"JATICEMPAKA","LONGITUDE":"106.9257628","LATITUDE":"-6.2598125","STATUS":"BUKA","TANGGAL PENGUMPULAN":"Q2 2025","TANGGAL UPDATE":"20/06/2025"}},{"type":"Feature","geometry":{"coordinates":[106.98409919999999,-6.3418306],"type":"Point"},"properties":{"NAMA":"BANK BRI ATM","TIPE_1":"LAYANAN ATAU JASA","TIPE_2":"ATM","TIPE_3":"BRI","TELEPON":"","ALAMAT":"JL. KP. CIKIWUL NO.56, RT.004/RW.006, CIKIWUL, KEC. BANTAR GEBANG, KOTA BKS, JAWA BARAT 17152","ID_PROV":"32","PROVINSI":"JAWA BARAT","ID_KABKOT":"32.75","KABKOT":"KOTA BEKASI","ID_KEC":"32.75.07","KECAMATAN":"BANTARGEBANG","ID_DESA":"32.75.07.1004","DESA":"CIKIWUL","LONGITUDE":"106.98409919999999","LATITUDE":"-6.3418306","STATUS":"BUKA","TANGGAL PENGUMPULAN":"Q2 2025","TANGGAL UPDATE":"20/06/2025"}},{"type":"Feature","geometry":{"coordinates":[106.9872802,-6.2573885],"type":"Point"},"properties":{"NAMA":"BANK BRI ATM","TIPE_1":"LAYANAN ATAU JASA","TIPE_2":"ATM","TIPE_3":"BRI","TELEPON":"","ALAMAT":"JL. LASKAR RAYA, RT.002/RW.023, PEKAYON JAYA, KEC. BEKASI SEL., KOTA BKS, JAWA BARAT 17148","ID_PROV":"32","PROVINSI":"JAWA BARAT","ID_KABKOT":"32.75","KABKOT":"KOTA BEKASI","ID_KEC":"32.75.04","KECAMATAN":"BEKASI SELATAN","ID_DESA":"32.75.04.1001","DESA":"PEKAYONJAYA","LONGITUDE":"106.9872802","LATITUDE":"-6.257388499999999","STATUS":"BUKA","TANGGAL PENGUMPULAN":"Q2 2025","TANGGAL UPDATE":"20/06/2025"}},{"type":"Feature","geometry":{"coordinates":[106.9990849,-6.2851617],"type":"Point"},"properties":{"NAMA":"BANK BRI ATM","TIPE_1":"LAYANAN ATAU JASA","TIPE_2":"ATM","TIPE_3":"BRI","TELEPON":"","ALAMAT":"JL. LUMBU TIM. RAYA, RT.001/RW.030, BOJONG RAWALUMBU, KEC. BEKASI TIM., KOTA BKS, JAWA BARAT 17116","ID_PROV":"32","PROVINSI":"JAWA BARAT","ID_KABKOT":"32.75","KABKOT":"KOTA BEKASI","ID_KEC":"32.75.05","KECAMATAN":"RAWALUMBU","ID_DESA":"32.75.05.1001","DESA":"BOJONG RAWALUMBU","LONGITUDE":"106.9990849","LATITUDE":"-6.2851617","STATUS":"BUKA","TANGGAL PENGUMPULAN":"Q2 2025","TANGGAL UPDATE":"20/06/2025"}},{"type":"Feature","geometry":{"coordinates":[107.0323688,-6.243051],"type":"Point"},"properties":{"NAMA":"BANK BRI ATM","TIPE_1":"LAYANAN ATAU JASA","TIPE_2":"ATM","TIPE_3":"BRI","TELEPON":"","ALAMAT":"JL. NUSANTARA RAYA, RT.009/RW.015, AREN JAYA, KEC. BEKASI TIM., KOTA BKS, JAWA BARAT 17111","ID_PROV":"32","PROVINSI":"JAWA BARAT","ID_KABKOT":"32.75","KABKOT":"KOTA BEKASI","ID_KEC":"32.75.01","KECAMATAN":"BEKASI TIMUR","ID_DESA":"32.75.01.1004","DESA":"ARENJAYA","LONGITUDE":"107.0323688","LATITUDE":"-6.2430509999999995","STATUS":"BUKA","TANGGAL PENGUMPULAN":"Q2 2025","TANGGAL UPDATE":"20/06/2025"}},{"type":"Feature","geometry":{"coordinates":[106.9209714,-6.2962134],"type":"Point"},"properties":{"NAMA":"BANK BRI ATM","TIPE_1":"LAYANAN ATAU JASA","TIPE_2":"ATM","TIPE_3":"BRI","TELEPON":"","ALAMAT":"JL. RAYA HANKAM NO.56 8, RT.003/RW.3, JATIRAHAYU, KEC. PD. MELATI, KOTA BKS, JAWA BARAT 17414","ID_PROV":"32","PROVINSI":"JAWA BARAT","ID_KABKOT":"32.75","KABKOT":"KOTA BEKASI","ID_KEC":"32.75.12","KECAMATAN":"PONDOKMELATI","ID_DESA":"32.75.12.1001","DESA":"JATIRAHAYU","LONGITUDE":"106.9209714","LATITUDE":"-6.2962134","STATUS":"BUKA","TANGGAL PENGUMPULAN":"Q2 2025","TANGGAL UPDATE":"20/06/2025"}},{"type":"Feature","geometry":{"coordinates":[106.9438544,-6.2871023],"type":"Point"},"properties":{"NAMA":"BANK BRI ATM","TIPE_1":"LAYANAN ATAU JASA","TIPE_2":"ATM","TIPE_3":"BRI","TELEPON":"","ALAMAT":"JL. RAYA JATIKRAMAT NO.44 7, RT.006/RW.009, JATIKRAMAT, KEC. JATIASIH, KOTA BKS, JAWA BARAT 17421","ID_PROV":"32","PROVINSI":"JAWA BARAT","ID_KABKOT":"32.75","KABKOT":"KOTA BEKASI","ID_KEC":"32.75.09","KECAMATAN":"JATIASIH","ID_DESA":"32.75.09.1003","DESA":"JATIKRAMAT","LONGITUDE":"106.94385439999999","LATITUDE":"-6.2871023","STATUS":"BUKA","TANGGAL PENGUMPULAN":"Q2 2025","TANGGAL UPDATE":"20/06/2025"}},{"type":"Feature","geometry":{"coordinates":[107.0087442,-6.2653235],"type":"Point"},"properties":{"NAMA":"BANK BRI ATM","TIPE_1":"LAYANAN ATAU JASA","TIPE_2":"ATM","TIPE_3":"BRI","TELEPON":"","ALAMAT":"JALAN, RT.002/RW.001, PENGASINAN, KEC. RAWALUMBU, KOTA BKS, JAWA BARAT 17115","ID_PROV":"32","PROVINSI":"JAWA BARAT","ID_KABKOT":"32.75","KABKOT":"KOTA BEKASI","ID_KEC":"32.75.05","KECAMATAN":"RAWALUMBU","ID_DESA":"32.75.05.1002","DESA":"PENGASINAN","LONGITUDE":"107.0087442","LATITUDE":"-6.2653235","STATUS":"BUKA","TANGGAL PENGUMPULAN":"Q2 2025","TANGGAL UPDATE":"20/06/2025"}},{"type":"Feature","geometry":{"coordinates":[106.9236879,-6.3642147],"type":"Point"},"properties":{"NAMA":"BANK BRI ATM","TIPE_1":"LAYANAN ATAU JASA","TIPE_2":"ATM","TIPE_3":"BRI","TELEPON":"","ALAMAT":"PS. KRANGGAN MAS LANTAI, JL. RAYA PS. KRANGGAN NO.1, RT.004/RW.004, JATISAMPURNA, KEC. JATISAMPURNA, KOTA BKS, JAWA BARAT 17433","ID_PROV":"32","PROVINSI":"JAWA BARAT","ID_KABKOT":"32.75","KABKOT":"KOTA BEKASI","ID_KEC":"32.75.10","KECAMATAN":"JATISAMPURNA","ID_DESA":"32.75.10.1001","DESA":"JATISAMPURNA","LONGITUDE":"106.92368789999999","LATITUDE":"-6.3642147","STATUS":"BUKA","TANGGAL PENGUMPULAN":"Q2 2025","TANGGAL UPDATE":"20/06/2025"}},{"type":"Feature","geometry":{"coordinates":[106.9686012,-6.2874703],"type":"Point"},"properties":{"NAMA":"BANK BRI ATM","TIPE_1":"LAYANAN ATAU JASA","TIPE_2":"ATM","TIPE_3":"BRI","TELEPON":"","ALAMAT":"JL. KIARA, RT.007/RW.005, JATIRASA, KEC. JATIASIH, KOTA BKS, JAWA BARAT 17424","ID_PROV":"32","PROVINSI":"JAWA BARAT","ID_KABKOT":"32.75","KABKOT":"KOTA BEKASI","ID_KEC":"32.75.09","KECAMATAN":"JATIASIH","ID_DESA":"32.75.09.1004","DESA":"JATIRASA","LONGITUDE":"106.9686012","LATITUDE":"-6.2874703","STATUS":"BUKA","TANGGAL PENGUMPULAN":"Q2 2025","TANGGAL UPDATE":"20/06/2025"}},{"type":"Feature","geometry":{"coordinates":[106.9571932,-6.2591509],"type":"Point"},"properties":{"NAMA":"BANK BRI ATM","TIPE_1":"LAYANAN ATAU JASA","TIPE_2":"ATM","TIPE_3":"BRI","TELEPON":"","ALAMAT":"JL. CIKUNIR RAYA, RT.005/RW.002, JAKA MULYA, KEC. BEKASI SEL., KOTA BKS, JAWA BARAT 17412","ID_PROV":"32","PROVINSI":"JAWA BARAT","ID_KABKOT":"32.75","KABKOT":"KOTA BEKASI","ID_KEC":"32.75.08","KECAMATAN":"PONDOKGEDE","ID_DESA":"32.75.08.1002","DESA":"JATIBENING","LONGITUDE":"106.95719319999999","LATITUDE":"-6.2591509","STATUS":"BUKA","TANGGAL PENGUMPULAN":"Q2 2025","TANGGAL UPDATE":"20/06/2025"}},{"type":"Feature","geometry":{"coordinates":[107.0273488,-6.2428661],"type":"Point"},"properties":{"NAMA":"BANK BRI ATM","TIPE_1":"LAYANAN ATAU JASA","TIPE_2":"ATM","TIPE_3":"BRI","TELEPON":"","ALAMAT":"JL. NUSANTARA RAYA, RT.001/RW.002, AREN JAYA, KEC. BEKASI TIM., KOTA BKS, JAWA BARAT 17111","ID_PROV":"32","PROVINSI":"JAWA BARAT","ID_KABKOT":"32.75","KABKOT":"KOTA BEKASI","ID_KEC":"32.75.01","KECAMATAN":"BEKASI TIMUR","ID_DESA":"32.75.01.1004","DESA":"ARENJAYA","LONGITUDE":"107.0273488","LATITUDE":"-6.2428661","STATUS":"BUKA","TANGGAL PENGUMPULAN":"Q2 2025","TANGGAL UPDATE":"20/06/2025"}},{"type":"Feature","geometry":{"coordinates":[106.976604,-6.2294854],"type":"Point"},"properties":{"NAMA":"BANK BRI ATM","TIPE_1":"LAYANAN ATAU JASA","TIPE_2":"ATM","TIPE_3":"BRI","TELEPON":"","ALAMAT":"JL. PEMUDA KRANJI, RT.001/RW.004, KRANJI, KEC. BEKASI BAR., KOTA BKS, JAWA BARAT 17135","ID_PROV":"32","PROVINSI":"JAWA BARAT","ID_KABKOT":"32.75","KABKOT":"KOTA BEKASI","ID_KEC":"32.75.02","KECAMATAN":"BEKASI BARAT","ID_DESA":"32.75.02.1002","DESA":"KRANJI","LONGITUDE":"106.976604","LATITUDE":"-6.2294854","STATUS":"BUKA","TANGGAL PENGUMPULAN":"Q2 2025","TANGGAL UPDATE":"20/06/2025"}},{"type":"Feature","geometry":{"coordinates":[106.9783764,-6.2103742],"type":"Point"},"properties":{"NAMA":"BANK BRI ATM","TIPE_1":"LAYANAN ATAU JASA","TIPE_2":"ATM","TIPE_3":"BRI","TELEPON":"","ALAMAT":"JL. ALEXINDO, RT.003/RW.001, MEDAN SATRIA, KEC. BEKASI BAR., KOTA BKS, JAWA BARAT 17132","ID_PROV":"32","PROVINSI":"JAWA BARAT","ID_KABKOT":"32.75","KABKOT":"KOTA BEKASI","ID_KEC":"32.75.06","KECAMATAN":"MEDANSATRIA","ID_DESA":"32.75.06.1001","DESA":"MEDANSATRIA","LONGITUDE":"106.9783764","LATITUDE":"-6.2103741999999995","STATUS":"BUKA","TANGGAL PENGUMPULAN":"Q2 2025","TANGGAL UPDATE":"20/06/2025"}},{"type":"Feature","geometry":{"coordinates":[106.910034,-6.3758366],"type":"Point"},"properties":{"NAMA":"BANK BRI ATM","TIPE_1":"LAYANAN ATAU JASA","TIPE_2":"ATM","TIPE_3":"BRI","TELEPON":"(021) 14017","ALAMAT":"RS PERMATA CIBUBUR, JL. TAMAN LAGUNA, RT.001/RW.001, JATIKARYA, KEC. JATISAMPURNA, KOTA BKS, JAWA BARAT 17435","ID_PROV":"32","PROVINSI":"JAWA BARAT","ID_KABKOT":"32.75","KABKOT":"KOTA BEKASI","ID_KEC":"32.75.10","KECAMATAN":"JATISAMPURNA","ID_DESA":"32.75.10.1002","DESA":"JATIKARYA","LONGITUDE":"106.910034","LATITUDE":"-6.3758365999999995","STATUS":"BUKA","TANGGAL PENGUMPULAN":"Q2 2025","TANGGAL UPDATE":"20/06/2025"}},{"type":"Feature","geometry":{"coordinates":[106.9781467,-6.1833884],"type":"Point"},"properties":{"NAMA":"BANK BRI ATM","TIPE_1":"LAYANAN ATAU JASA","TIPE_2":"ATM","TIPE_3":"BRI","TELEPON":"","ALAMAT":"RUKO SENTRA NIAGA, JL. BOULEVARD HIJAU RAYA A, RT.004/RW.030, PEJUANG, KEC. BEKASI BAR., KOTA BKS, JAWA BARAT 17131","ID_PROV":"32","PROVINSI":"JAWA BARAT","ID_KABKOT":"32.75","KABKOT":"KOTA BEKASI","ID_KEC":"32.75.06","KECAMATAN":"MEDANSATRIA","ID_DESA":"32.75.06.1003","DESA":"PEJUANG","LONGITUDE":"106.9781467","LATITUDE":"-6.1833884","STATUS":"BUKA","TANGGAL PENGUMPULAN":"Q2 2025","TANGGAL UPDATE":"20/06/2025"}},{"type":"Feature","geometry":{"coordinates":[106.9905401,-6.189491],"type":"Point"},"properties":{"NAMA":"BANK BRI ATM","TIPE_1":"LAYANAN ATAU JASA","TIPE_2":"ATM","TIPE_3":"BRI","TELEPON":"","ALAMAT":"JL. KALI ABANG ILIR, RT.004/RW.004, PEJUANG, KECAMATAN MEDAN SATRIA, KOTA BKS, JAWA BARAT 17131","ID_PROV":"32","PROVINSI":"JAWA BARAT","ID_KABKOT":"32.75","KABKOT":"KOTA BEKASI","ID_KEC":"32.75.06","KECAMATAN":"MEDANSATRIA","ID_DESA":"32.75.06.1003","DESA":"PEJUANG","LONGITUDE":"106.99054009999999","LATITUDE":"-6.189490999999999","STATUS":"BUKA","TANGGAL PENGUMPULAN":"Q2 2025","TANGGAL UPDATE":"20/06/2025"}},{"type":"Feature","geometry":{"coordinates":[107.025476,-6.2362111],"type":"Point"},"properties":{"NAMA":"BANK BRI ATM - ALFAMART AREN JAYA","TIPE_1":"LAYANAN ATAU JASA","TIPE_2":"ATM","TIPE_3":"BRI","TELEPON":"(021) 14017","ALAMAT":"JL. PROF. MOH. YAMIN, RT.001/RW.007, DUREN JAYA, BEKASI TIMUR, BEKASI, WEST JAVA 17111","ID_PROV":"32","PROVINSI":"JAWA BARAT","ID_KABKOT":"32.75","KABKOT":"KOTA BEKASI","ID_KEC":"32.75.01","KECAMATAN":"BEKASI TIMUR","ID_DESA":"32.75.01.1003","DESA":"DURENJAYA","LONGITUDE":"107.025476","LATITUDE":"-6.236211099999999","STATUS":"BUKA","TANGGAL PENGUMPULAN":"Q2 2025","TANGGAL UPDATE":"20/06/2025"}},{"type":"Feature","geometry":{"coordinates":[107.0345864,-6.2394462],"type":"Point"},"properties":{"NAMA":"BANK BRI ATM - ALFAMART BANGKA RAYA","TIPE_1":"LAYANAN ATAU JASA","TIPE_2":"ATM","TIPE_3":"BRI","TELEPON":"(021) 14017","ALAMAT":"JL. P. BANGKA RAYA, RT.001/RW.017, AREN JAYA, BEKASI TIMUR, BEKASI, WEST JAVA 17111","ID_PROV":"32","PROVINSI":"JAWA BARAT","ID_KABKOT":"32.75","KABKOT":"KOTA BEKASI","ID_KEC":"32.75.01","KECAMATAN":"BEKASI TIMUR","ID_DESA":"32.75.01.1004","DESA":"ARENJAYA","LONGITUDE":"107.0345864","LATITUDE":"-6.2394462","STATUS":"BUKA","TANGGAL PENGUMPULAN":"Q2 2025","TANGGAL UPDATE":"20/06/2025"}},{"type":"Feature","geometry":{"coordinates":[106.94759339999999,-6.2273965],"type":"Point"},"properties":{"NAMA":"BANK BRI ATM - ALFAMART BINTARA RAYA 6","TIPE_1":"LAYANAN ATAU JASA","TIPE_2":"ATM","TIPE_3":"BRI","TELEPON":"(021) 14017","ALAMAT":"RUKO GRIYA TENIS BINTARA JALAN MALAKA BARU NO 8 RT 017 RW 002 NO.8, RT.010/RW.002, BINTARA, BEKASI BARAT, BEKASI, WEST JAVA 17134","ID_PROV":"32","PROVINSI":"JAWA BARAT","ID_KABKOT":"32.75","KABKOT":"KOTA BEKASI","ID_KEC":"32.75.02","KECAMATAN":"BEKASI BARAT","ID_DESA":"32.75.02.1001","DESA":"BINTARA","LONGITUDE":"106.94759339999999","LATITUDE":"-6.227396499999999","STATUS":"BUKA","TANGGAL PENGUMPULAN":"Q2 2025","TANGGAL UPDATE":"20/06/2025"}},{"type":"Feature","geometry":{"coordinates":[106.993814,-6.2948994],"type":"Point"},"properties":{"NAMA":"BANK BRI ATM - ALFAMART CARINGIN BEKASI","TIPE_1":"LAYANAN ATAU JASA","TIPE_2":"ATM","TIPE_3":"BRI","TELEPON":"(021) 14017","ALAMAT":"JL. CARINGIN NO.6, RT.001/RW.005, BOJONG MENTENG, RAWA LUMBU, BEKASI, WEST JAVA 17117","ID_PROV":"32","PROVINSI":"JAWA BARAT","ID_KABKOT":"32.75","KABKOT":"KOTA BEKASI","ID_KEC":"32.75.05","KECAMATAN":"RAWALUMBU","ID_DESA":"32.75.05.1001","DESA":"BOJONG RAWALUMBU","LONGITUDE":"106.993814","LATITUDE":"-6.294899399999999","STATUS":"BUKA","TANGGAL PENGUMPULAN":"Q2 2025","TANGGAL UPDATE":"20/06/2025"}},{"type":"Feature","geometry":{"coordinates":[106.9099642,-6.3916614],"type":"Point"},"properties":{"NAMA":"BANK BRI ATM - ALFAMART CITRA GRAND 2","TIPE_1":"LAYANAN ATAU JASA","TIPE_2":"ATM","TIPE_3":"BRI","TELEPON":"(021) 14017","ALAMAT":"JL. LAKEWOOD 5 U NO.2, RT.009/RW.014, JATIKARYA, JATISAMPURNA, BEKASI, WEST JAVA 17435","ID_PROV":"32","PROVINSI":"JAWA BARAT","ID_KABKOT":"32.75","KABKOT":"KOTA BEKASI","ID_KEC":"32.75.10","KECAMATAN":"JATISAMPURNA","ID_DESA":"32.75.10.1002","DESA":"JATIKARYA","LONGITUDE":"106.90996419999999","LATITUDE":"-6.391661399999999","STATUS":"BUKA","TANGGAL PENGUMPULAN":"Q2 2025","TANGGAL UPDATE":"20/06/2025"}},{"type":"Feature","geometry":{"coordinates":[106.9239129,-6.321841],"type":"Point"},"properties":{"NAMA":"BANK BRI ATM - ALFAMART HANKAM 2","TIPE_1":"LAYANAN ATAU JASA","TIPE_2":"ATM","TIPE_3":"BRI","TELEPON":"(021) 14017","ALAMAT":"JL. RAYA HANKAM NO.144 3, RT.003/RW.005, JATIMURNI, KEC. PD. MELATI, KOTA BKS, JAWA BARAT 17431","ID_PROV":"32","PROVINSI":"JAWA BARAT","ID_KABKOT":"32.75","KABKOT":"KOTA BEKASI","ID_KEC":"32.75.12","KECAMATAN":"PONDOKMELATI","ID_DESA":"32.75.12.1004","DESA":"JATIMURNI","LONGITUDE":"106.92391289999999","LATITUDE":"-6.321841","STATUS":"BUKA","TANGGAL PENGUMPULAN":"Q2 2025","TANGGAL UPDATE":"20/06/2025"}},{"type":"Feature","geometry":{"coordinates":[106.972817,-6.2194],"type":"Point"},"properties":{"NAMA":"BANK BRI ATM - ALFAMART HARAPAN BARU 4","TIPE_1":"LAYANAN ATAU JASA","TIPE_2":"ATM","TIPE_3":"BRI","TELEPON":"(021) 14017","ALAMAT":"JL. HARAPAN BARU NO.14 BLOK C 9, RT.003/RW.002, BARU CITY, BEKASI BARAT, BEKASI, WEST JAVA 17133","ID_PROV":"32","PROVINSI":"JAWA BARAT","ID_KABKOT":"32.75","KABKOT":"KOTA BEKASI","ID_KEC":"32.75.02","KECAMATAN":"BEKASI BARAT","ID_DESA":"32.75.02.1003","DESA":"KOTABARU","LONGITUDE":"106.97281699999999","LATITUDE":"-6.219399999999999","STATUS":"BUKA","TANGGAL PENGUMPULAN":"Q2 2025","TANGGAL UPDATE":"20/06/2025"}},{"type":"Feature","geometry":{"coordinates":[106.983126,-6.177812],"type":"Point"},"properties":{"NAMA":"BANK BRI ATM - ALFAMART HARAPAN INDAH 2","TIPE_1":"LAYANAN ATAU JASA","TIPE_2":"ATM","TIPE_3":"BRI","TELEPON":"(021) 14017","ALAMAT":"JL. DAHLIA INDAH UTARA NO.8 BLOK G. B, RT.001/RW.017, PEJUANG, MEDAN SATRIA, BEKASI, WEST JAVA 17131","ID_PROV":"32","PROVINSI":"JAWA BARAT","ID_KABKOT":"32.75","KABKOT":"KOTA BEKASI","ID_KEC":"32.75.06","KECAMATAN":"MEDANSATRIA","ID_DESA":"32.75.06.1003","DESA":"PEJUANG","LONGITUDE":"106.983126","LATITUDE":"-6.177811999999999","STATUS":"BUKA","TANGGAL PENGUMPULAN":"Q2 2025","TANGGAL UPDATE":"20/06/2025"}},{"type":"Feature","geometry":{"coordinates":[106.9369078,-6.2724907],"type":"Point"},"properties":{"NAMA":"BANK BRI ATM - ALFAMART JATI AGUNG","TIPE_1":"LAYANAN ATAU JASA","TIPE_2":"ATM","TIPE_3":"BRI","TELEPON":"(021) 14017","ALAMAT":"JL. KEMANG SARI NO.50, RT.003/RW.011, JATIMAKMUR, PONDOK GEDE, BEKASI, WEST JAVA 17421","ID_PROV":"32","PROVINSI":"JAWA BARAT","ID_KABKOT":"32.75","KABKOT":"KOTA BEKASI","ID_KEC":"32.75.08","KECAMATAN":"PONDOKGEDE","ID_DESA":"32.75.08.1006","DESA":"JATIBENING BARU","LONGITUDE":"106.9369078","LATITUDE":"-6.2724907","STATUS":"BUKA","TANGGAL PENGUMPULAN":"Q2 2025","TANGGAL UPDATE":"20/06/2025"}},{"type":"Feature","geometry":{"coordinates":[106.9379994,-6.3568895],"type":"Point"},"properties":{"NAMA":"BANK BRI ATM - ALFAMART JATI RANGGA","TIPE_1":"LAYANAN ATAU JASA","TIPE_2":"ATM","TIPE_3":"BRI","TELEPON":"(021) 14017","ALAMAT":"JL. KRANGGAN NO.47, RT.003/RW.009, JATIRANGGA, JATISAMPURNA, BEKASI, WEST JAVA 17434","ID_PROV":"32","PROVINSI":"JAWA BARAT","ID_KABKOT":"32.75","KABKOT":"KOTA BEKASI","ID_KEC":"32.75.10","KECAMATAN":"JATISAMPURNA","ID_DESA":"32.75.10.1004","DESA":"JATIRANGGA","LONGITUDE":"106.9379994","LATITUDE":"-6.356889499999999","STATUS":"BUKA","TANGGAL PENGUMPULAN":"Q2 2025","TANGGAL UPDATE":"20/06/2025"}},{"type":"Feature","geometry":{"coordinates":[106.9527186,-6.287457],"type":"Point"},"properties":{"NAMA":"BANK BRI ATM - ALFAMART JATIMEKAR","TIPE_1":"LAYANAN ATAU JASA","TIPE_2":"ATM","TIPE_3":"BRI","TELEPON":"(021) 14017","ALAMAT":"JL JATIMEKAR RAYA NO 30 RT 3 RW 2, KEL, RT.002/RW.016, JATIMEKAR, JATIASIH, BEKASI, WEST JAVA 17422","ID_PROV":"32","PROVINSI":"JAWA BARAT","ID_KABKOT":"32.75","KABKOT":"KOTA BEKASI","ID_KEC":"32.75.09","KECAMATAN":"JATIASIH","ID_DESA":"32.75.09.1001","DESA":"JATIMEKAR","LONGITUDE":"106.9527186","LATITUDE":"-6.287457","STATUS":"BUKA","TANGGAL PENGUMPULAN":"Q2 2025","TANGGAL UPDATE":"20/06/2025"}},{"type":"Feature","geometry":{"coordinates":[106.9221122,-6.3052633],"type":"Point"},"properties":{"NAMA":"BANK BRI ATM - ALFAMART JATIWARNA INDAH","TIPE_1":"LAYANAN ATAU JASA","TIPE_2":"ATM","TIPE_3":"BRI","TELEPON":"(021) 14017","ALAMAT":"JL. PAGELARANG NO.A1, RT.005/RW.009, JATIWARNA, PONDOK MELATI, BEKASI, WEST JAVA 17415","ID_PROV":"32","PROVINSI":"JAWA BARAT","ID_KABKOT":"32.75","KABKOT":"KOTA BEKASI","ID_KEC":"32.75.12","KECAMATAN":"PONDOKMELATI","ID_DESA":"32.75.12.1002","DESA":"JATIWARNA","LONGITUDE":"106.9221122","LATITUDE":"-6.3052633","STATUS":"BUKA","TANGGAL PENGUMPULAN":"Q2 2025","TANGGAL UPDATE":"20/06/2025"}},{"type":"Feature","geometry":{"coordinates":[106.9643066,-6.2187867],"type":"Point"},"properties":{"NAMA":"BANK BRI ATM - ALFAMART KALIBARU BARAT","TIPE_1":"LAYANAN ATAU JASA","TIPE_2":"ATM","TIPE_3":"BRI","TELEPON":"(021) 14017","ALAMAT":"JL. KALI BARU BARAT JL. RAWA BEBEK NO.11, RT.008/RW.010, BARU CITY, BEKASI BARAT, BEKASI, WEST JAVA 17133","ID_PROV":"32","PROVINSI":"JAWA BARAT","ID_KABKOT":"32.75","KABKOT":"KOTA BEKASI","ID_KEC":"32.75.02","KECAMATAN":"BEKASI BARAT","ID_DESA":"32.75.02.1003","DESA":"KOTABARU","LONGITUDE":"106.9643066","LATITUDE":"-6.2187867","STATUS":"BUKA","TANGGAL PENGUMPULAN":"Q2 2025","TANGGAL UPDATE":"20/06/2025"}},{"type":"Feature","geometry":{"coordinates":[107.0297516,-6.2309076],"type":"Point"},"properties":{"NAMA":"BANK BRI ATM - ALFAMART KARANG SATRIA","TIPE_1":"LAYANAN ATAU JASA","TIPE_2":"ATM","TIPE_3":"BRI","TELEPON":"(021) 14017","ALAMAT":"JL. ANGGREK II JL. KARANG SATRIA KP. CEREWED NO.5, RT.008/RW.016, DUREN JAYA, BEKASI TIMUR, BEKASI, WEST JAVA 17111","ID_PROV":"32","PROVINSI":"JAWA BARAT","ID_KABKOT":"32.75","KABKOT":"KOTA BEKASI","ID_KEC":"32.75.01","KECAMATAN":"BEKASI TIMUR","ID_DESA":"32.75.01.1003","DESA":"DURENJAYA","LONGITUDE":"107.0297516","LATITUDE":"-6.2309076","STATUS":"BUKA","TANGGAL PENGUMPULAN":"Q2 2025","TANGGAL UPDATE":"20/06/2025"}},{"type":"Feature","geometry":{"coordinates":[107.0108299,-6.3131261],"type":"Point"},"properties":{"NAMA":"BANK BRI ATM - ALFAMART KELAPA DUA","TIPE_1":"LAYANAN ATAU JASA","TIPE_2":"ATM","TIPE_3":"BRI","TELEPON":"(021) 14017","ALAMAT":"JL. KLP. DUA NO.2, RT.001/RW.007, PADURENAN, MUSTIKA JAYA, BEKASI, WEST JAVA 16340","ID_PROV":"32","PROVINSI":"JAWA BARAT","ID_KABKOT":"32.75","KABKOT":"KOTA BEKASI","ID_KEC":"32.75.11","KECAMATAN":"MUSTIKAJAYA","ID_DESA":"32.75.11.1001","DESA":"PADURENAN","LONGITUDE":"107.01082989999999","LATITUDE":"-6.3131261","STATUS":"BUKA","TANGGAL PENGUMPULAN":"Q2 2025","TANGGAL UPDATE":"20/06/2025"}},{"type":"Feature","geometry":{"coordinates":[106.9303672,-6.3398776],"type":"Point"},"properties":{"NAMA":"BANK BRI ATM - ALFAMART KRANGGAN PONDOK RANGGON","TIPE_1":"LAYANAN ATAU JASA","TIPE_2":"ATM","TIPE_3":"BRI","TELEPON":"(021) 14017","ALAMAT":"JL. RAYA PABUARAN NO.1 1, RT.001/RW.002, JATIRANGGON, KEC. JATISAMPURNA, KOTA BKS, JAWA BARAT 17432","ID_PROV":"32","PROVINSI":"JAWA BARAT","ID_KABKOT":"32.75","KABKOT":"KOTA BEKASI","ID_KEC":"32.75.10","KECAMATAN":"JATISAMPURNA","ID_DESA":"32.75.10.1003","DESA":"JATIRANGGON","LONGITUDE":"106.93036719999999","LATITUDE":"-6.3398775999999994","STATUS":"BUKA","TANGGAL PENGUMPULAN":"Q2 2025","TANGGAL UPDATE":"20/06/2025"}},{"type":"Feature","geometry":{"coordinates":[106.9960254,-6.2911377],"type":"Point"},"properties":{"NAMA":"BANK BRI ATM - ALFAMART MERAH DELIMA","TIPE_1":"LAYANAN ATAU JASA","TIPE_2":"ATM","TIPE_3":"BRI","TELEPON":"(021) 14017","ALAMAT":"JL. BATU VIRUS II NO.36 BLOK D, RT.010/RW.037, BOJONG RAWALUMBU, RAWA LUMBU, BEKASI, WEST JAVA 17116","ID_PROV":"32","PROVINSI":"JAWA BARAT","ID_KABKOT":"32.75","KABKOT":"KOTA BEKASI","ID_KEC":"32.75.05","KECAMATAN":"RAWALUMBU","ID_DESA":"32.75.05.1001","DESA":"BOJONG RAWALUMBU","LONGITUDE":"106.9960254","LATITUDE":"-6.291137699999999","STATUS":"BUKA","TANGGAL PENGUMPULAN":"Q2 2025","TANGGAL UPDATE":"20/06/2025"}},{"type":"Feature","geometry":{"coordinates":[106.9995431,-6.2953933],"type":"Point"},"properties":{"NAMA":"BANK BRI ATM - ALFAMART MUSTIKA SARI","TIPE_1":"LAYANAN ATAU JASA","TIPE_2":"ATM","TIPE_3":"BRI","TELEPON":"(021) 14017","ALAMAT":"JL. RAYA MUSTIKASARI JL. KP. BABAKAN, RT.003/RW.003, BOJONG RAWALUMBU, RAWA LUMBU, BEKASI, WEST JAVA 17117","ID_PROV":"32","PROVINSI":"JAWA BARAT","ID_KABKOT":"32.75","KABKOT":"KOTA BEKASI","ID_KEC":"32.75.11","KECAMATAN":"MUSTIKAJAYA","ID_DESA":"32.75.11.1004","DESA":"MUSTIKASARI","LONGITUDE":"106.9995431","LATITUDE":"-6.2953933","STATUS":"BUKA","TANGGAL PENGUMPULAN":"Q2 2025","TANGGAL UPDATE":"20/06/2025"}},{"type":"Feature","geometry":{"coordinates":[106.986595,-6.3487268],"type":"Point"},"properties":{"NAMA":"BANK BRI ATM - ALFAMART PANGKALAN 5","TIPE_1":"LAYANAN ATAU JASA","TIPE_2":"ATM","TIPE_3":"BRI","TELEPON":"(021) 14017","ALAMAT":"JL. TPA NO.10, RT.001/RW.003, CIKETING UDIK, BANTAR GEBANG, BEKASI, WEST JAVA 17153","ID_PROV":"32","PROVINSI":"JAWA BARAT","ID_KABKOT":"32.75","KABKOT":"KOTA BEKASI","ID_KEC":"32.75.07","KECAMATAN":"BANTARGEBANG","ID_DESA":"32.75.07.1007","DESA":"CIKETINGUDIK","LONGITUDE":"106.986595","LATITUDE":"-6.3487268","STATUS":"BUKA","TANGGAL PENGUMPULAN":"Q2 2025","TANGGAL UPDATE":"20/06/2025"}},{"type":"Feature","geometry":{"coordinates":[106.930563,-6.3015531],"type":"Point"},"properties":{"NAMA":"BANK BRI ATM - ALFAMART PASAR KECAPI","TIPE_1":"LAYANAN ATAU JASA","TIPE_2":"ATM","TIPE_3":"BRI","TELEPON":"(021) 14017","ALAMAT":"JL. PASAR KECAPI NO.3B, RT.002/RW.001, JATIWARNA, PONDOK MELATI, BEKASI, WEST JAVA 17415","ID_PROV":"32","PROVINSI":"JAWA BARAT","ID_KABKOT":"32.75","KABKOT":"KOTA BEKASI","ID_KEC":"32.75.12","KECAMATAN":"PONDOKMELATI","ID_DESA":"32.75.12.1002","DESA":"JATIWARNA","LONGITUDE":"106.93056299999999","LATITUDE":"-6.3015531","STATUS":"BUKA","TANGGAL PENGUMPULAN":"Q2 2025","TANGGAL UPDATE":"20/06/2025"}},{"type":"Feature","geometry":{"coordinates":[106.984391,-6.1830898],"type":"Point"},"properties":{"NAMA":"BANK BRI ATM - ALFAMART PEJUANG","TIPE_1":"LAYANAN ATAU JASA","TIPE_2":"ATM","TIPE_3":"BRI","TELEPON":"(021) 14017","ALAMAT":"JL. KOMP. BOULEVARD NO.10, RT.017/RW.017, PEJUANG, MEDAN SATRIA, BEKASI, WEST JAVA 17131","ID_PROV":"32","PROVINSI":"JAWA BARAT","ID_KABKOT":"32.75","KABKOT":"KOTA BEKASI","ID_KEC":"32.75.06","KECAMATAN":"MEDANSATRIA","ID_DESA":"32.75.06.1003","DESA":"PEJUANG","LONGITUDE":"106.984391","LATITUDE":"-6.183089799999999","STATUS":"BUKA","TANGGAL PENGUMPULAN":"Q2 2025","TANGGAL UPDATE":"20/06/2025"}},{"type":"Feature","geometry":{"coordinates":[106.9755251,-6.230574],"type":"Point"},"properties":{"NAMA":"BANK BRI ATM - ALFAMART PEMUDA KRANJI","TIPE_1":"LAYANAN ATAU JASA","TIPE_2":"ATM","TIPE_3":"BRI","TELEPON":"(021) 14017","ALAMAT":"JL. PEMUDA KRANJI NO.6, RT.002/RW.014, KRANJI, BEKASI BARAT, BEKASI, WEST JAVA 13220","ID_PROV":"32","PROVINSI":"JAWA BARAT","ID_KABKOT":"32.75","KABKOT":"KOTA BEKASI","ID_KEC":"32.75.02","KECAMATAN":"BEKASI BARAT","ID_DESA":"32.75.02.1002","DESA":"KRANJI","LONGITUDE":"106.9755251","LATITUDE":"-6.230574","STATUS":"BUKA","TANGGAL PENGUMPULAN":"Q2 2025","TANGGAL UPDATE":"20/06/2025"}},{"type":"Feature","geometry":{"coordinates":[106.9687424,-6.2837929],"type":"Point"},"properties":{"NAMA":"BANK BRI ATM - ALFAMART PERUM BEKASI TIMUR REGENCY RAYA","TIPE_1":"LAYANAN ATAU JASA","TIPE_2":"ATM","TIPE_3":"BRI","TELEPON":"(021) 14017","ALAMAT":"JL. RAYA JATIASIH NO.69, RT.001/RW.002, JATIASIH, BEKASI, WEST JAVA 17147","ID_PROV":"32","PROVINSI":"JAWA BARAT","ID_KABKOT":"32.75","KABKOT":"KOTA BEKASI","ID_KEC":"32.75.09","KECAMATAN":"JATIASIH","ID_DESA":"32.75.09.1004","DESA":"JATIRASA","LONGITUDE":"106.9687424","LATITUDE":"-6.2837929","STATUS":"BUKA","TANGGAL PENGUMPULAN":"Q2 2025","TANGGAL UPDATE":"20/06/2025"}},{"type":"Feature","geometry":{"coordinates":[106.9953791,-6.2131609],"type":"Point"},"properties":{"NAMA":"BANK BRI ATM - ALFAMART RAWA BUGEL","TIPE_1":"LAYANAN ATAU JASA","TIPE_2":"ATM","TIPE_3":"BRI","TELEPON":"(021) 14017","ALAMAT":"JL. RAYA BULAK SENTUL NO.94, RT.004/RW.025, HARAPAN JAYA, BEKASI UTARA, BEKASI, WEST JAVA 17124","ID_PROV":"32","PROVINSI":"JAWA BARAT","ID_KABKOT":"32.75","KABKOT":"KOTA BEKASI","ID_KEC":"32.75.03","KECAMATAN":"BEKASI UTARA","ID_DESA":"32.75.03.1006","DESA":"HARAPANJAYA","LONGITUDE":"106.9953791","LATITUDE":"-6.2131609","STATUS":"BUKA","TANGGAL PENGUMPULAN":"Q2 2025","TANGGAL UPDATE":"20/06/2025"}},{"type":"Feature","geometry":{"coordinates":[107.0048005,-6.2747495],"type":"Point"},"properties":{"NAMA":"BANK BRI ATM - ALFAMART RAWA LUMBU 4","TIPE_1":"LAYANAN ATAU JASA","TIPE_2":"ATM","TIPE_3":"BRI","TELEPON":"(021) 14017","ALAMAT":"JL. PENGASINAN RAYA II NO.58, RT.003/RW.017, PENGASINAN, RAWA LUMBU, BEKASI, WEST JAVA 17115","ID_PROV":"32","PROVINSI":"JAWA BARAT","ID_KABKOT":"32.75","KABKOT":"KOTA BEKASI","ID_KEC":"32.75.05","KECAMATAN":"RAWALUMBU","ID_DESA":"32.75.05.1002","DESA":"PENGASINAN","LONGITUDE":"107.0048005","LATITUDE":"-6.2747494999999995","STATUS":"BUKA","TANGGAL PENGUMPULAN":"Q2 2025","TANGGAL UPDATE":"20/06/2025"}},{"type":"Feature","geometry":{"coordinates":[106.995363,-6.25939],"type":"Point"},"properties":{"NAMA":"BANK BRI ATM - ALFAMART RAWA PANJANG","TIPE_1":"LAYANAN ATAU JASA","TIPE_2":"ATM","TIPE_3":"BRI","TELEPON":"(021) 14017","ALAMAT":"JL. CUT MUTIA NO.2B, RT.004/RW.001, SEPANJANG JAYA, RAWA LUMBU, BEKASI, WEST JAVA 17114","ID_PROV":"32","PROVINSI":"JAWA BARAT","ID_KABKOT":"32.75","KABKOT":"KOTA BEKASI","ID_KEC":"32.75.05","KECAMATAN":"RAWALUMBU","ID_DESA":"32.75.05.1003","DESA":"SEPANJANGJAYA","LONGITUDE":"106.995363","LATITUDE":"-6.25939","STATUS":"BUKA","TANGGAL PENGUMPULAN":"Q2 2025","TANGGAL UPDATE":"20/06/2025"}},{"type":"Feature","geometry":{"coordinates":[107.0063593,-6.2710139],"type":"Point"},"properties":{"NAMA":"BANK BRI ATM - ALFAMART RUKO PENGASINAN","TIPE_1":"LAYANAN ATAU JASA","TIPE_2":"ATM","TIPE_3":"BRI","TELEPON":"(021) 14017","ALAMAT":"JL. PENGASINAN NO.39, RT.008/RW.002, PENGASINAN, RAWA LUMBU, BEKASI, WEST JAVA 17115","ID_PROV":"32","PROVINSI":"JAWA BARAT","ID_KABKOT":"32.75","KABKOT":"KOTA BEKASI","ID_KEC":"32.75.05","KECAMATAN":"RAWALUMBU","ID_DESA":"32.75.05.1002","DESA":"PENGASINAN","LONGITUDE":"107.0063593","LATITUDE":"-6.2710139","STATUS":"BUKA","TANGGAL PENGUMPULAN":"Q2 2025","TANGGAL UPDATE":"20/06/2025"}},{"type":"Feature","geometry":{"coordinates":[107.0007234,-6.2047558],"type":"Point"},"properties":{"NAMA":"BANK BRI ATM - ALFAMART WBW MUKTI 2","TIPE_1":"LAYANAN ATAU JASA","TIPE_2":"ATM","TIPE_3":"BRI","TELEPON":"(021) 14017","ALAMAT":"JL. WIBAWA MUKTI II, RT.001/RW.006, HARAPAN JAYA, BEKASI UTARA, BEKASI, WEST JAVA 17124","ID_PROV":"32","PROVINSI":"JAWA BARAT","ID_KABKOT":"32.75","KABKOT":"KOTA BEKASI","ID_KEC":"32.75.03","KECAMATAN":"BEKASI UTARA","ID_DESA":"32.75.03.1006","DESA":"HARAPANJAYA","LONGITUDE":"107.0007234","LATITUDE":"-6.2047558","STATUS":"BUKA","TANGGAL PENGUMPULAN":"Q2 2025","TANGGAL UPDATE":"20/06/2025"}},{"type":"Feature","geometry":{"coordinates":[106.967423,-6.284801],"type":"Point"},"properties":{"NAMA":"BANK BRI ATM - ALFAMART YUDISTIRA","TIPE_1":"LAYANAN ATAU JASA","TIPE_2":"ATM","TIPE_3":"BRI","TELEPON":"(021) 14017","ALAMAT":"JL. CEMARA VII NO.121 3, RT.003/RW.003, JATIASIH, KEC. JATIASIH, KOTA BKS, JAWA BARAT 17423","ID_PROV":"32","PROVINSI":"JAWA BARAT","ID_KABKOT":"32.75","KABKOT":"KOTA BEKASI","ID_KEC":"32.75.09","KECAMATAN":"JATIASIH","ID_DESA":"32.75.09.1002","DESA":"JATIASIH","LONGITUDE":"106.967423","LATITUDE":"-6.284801","STATUS":"BUKA","TANGGAL PENGUMPULAN":"Q2 2025","TANGGAL UPDATE":"20/06/2025"}},{"type":"Feature","geometry":{"coordinates":[106.909933,-6.258799],"type":"Point"},"properties":{"NAMA":"BANK BRI ATM - ALFAMIDI JATIWARINGIN","TIPE_1":"LAYANAN ATAU JASA","TIPE_2":"ATM","TIPE_3":"BRI","TELEPON":"(021) 14017","ALAMAT":"JL. RAYA JATIWARINGIN NO.5, RT.001/RW.005, JATICEMPAKA, PONDOK GEDE, BEKASI, WEST JAVA 17411","ID_PROV":"32","PROVINSI":"JAWA BARAT","ID_KABKOT":"32.75","KABKOT":"KOTA BEKASI","ID_KEC":"32.75.08","KECAMATAN":"PONDOKGEDE","ID_DESA":"32.75.08.1007","DESA":"JATICEMPAKA","LONGITUDE":"106.909933","LATITUDE":"-6.258799","STATUS":"BUKA","TANGGAL PENGUMPULAN":"Q2 2025","TANGGAL UPDATE":"20/06/2025"}},{"type":"Feature","geometry":{"coordinates":[106.9991962,-6.1837161],"type":"Point"},"properties":{"NAMA":"BANK BRI ATM - ALFAMIDI KALIABANG","TIPE_1":"LAYANAN ATAU JASA","TIPE_2":"ATM","TIPE_3":"BRI","TELEPON":"(021) 14017","ALAMAT":"JL. RAYA KALIABANG TENGAH NO.7, RT.003/RW.015, CENTRAL KALIABANG, BEKASI UTARA, BEKASI, WEST JAVA 17125","ID_PROV":"32","PROVINSI":"JAWA BARAT","ID_KABKOT":"32.75","KABKOT":"KOTA BEKASI","ID_KEC":"32.75.03","KECAMATAN":"BEKASI UTARA","ID_DESA":"32.75.03.1001","DESA":"KALIABANG TENGAH","LONGITUDE":"106.9991962","LATITUDE":"-6.1837161","STATUS":"BUKA","TANGGAL PENGUMPULAN":"Q2 2025","TANGGAL UPDATE":"20/06/2025"}},{"type":"Feature","geometry":{"coordinates":[106.9772343,-6.3394559],"type":"Point"},"properties":{"NAMA":"BANK BRI ATM - ARMED CIKIWUL BEKASI","TIPE_1":"LAYANAN ATAU JASA","TIPE_2":"ATM","TIPE_3":"BRI","TELEPON":"(021) 14017","ALAMAT":"JL. PANGKALAN NO.4 NO.5, RT.001/RW.006, CIKIWUL, BANTAR GEBANG, BEKASI, WEST JAVA 13860","ID_PROV":"32","PROVINSI":"JAWA BARAT","ID_KABKOT":"32.75","KABKOT":"KOTA BEKASI","ID_KEC":"32.75.07","KECAMATAN":"BANTARGEBANG","ID_DESA":"32.75.07.1004","DESA":"CIKIWUL","LONGITUDE":"106.97723429999999","LATITUDE":"-6.3394559","STATUS":"BUKA","TANGGAL PENGUMPULAN":"Q2 2025","TANGGAL UPDATE":"20/06/2025"}},{"type":"Feature","geometry":{"coordinates":[107.0117651,-6.2592798],"type":"Point"},"properties":{"NAMA":"BANK BRI ATM - BALAI TEKNIK AIR MINUM BK","TIPE_1":"LAYANAN ATAU JASA","TIPE_2":"ATM","TIPE_3":"BRI","TELEPON":"(021) 14017","ALAMAT":"BALAI TEKNIK AIR MINUM, JL. CHAIRIL ANWAR I NO.1, RT.004/RW.009, MARGAHAYU, BEKASI TIMUR, BEKASI, WEST JAVA 17113","ID_PROV":"32","PROVINSI":"JAWA BARAT","ID_KABKOT":"32.75","KABKOT":"KOTA BEKASI","ID_KEC":"32.75.01","KECAMATAN":"BEKASI TIMUR","ID_DESA":"32.75.01.1002","DESA":"MARGAHAYU","LONGITUDE":"107.01176509999999","LATITUDE":"-6.2592798","STATUS":"BUKA","TANGGAL PENGUMPULAN":"Q2 2025","TANGGAL UPDATE":"20/06/2025"}},{"type":"Feature","geometry":{"coordinates":[106.9774978,-6.1868141],"type":"Point"},"properties":{"NAMA":"BANK BRI ATM - BRI AGRO KCP HARAPAN INDAH","TIPE_1":"LAYANAN ATAU JASA","TIPE_2":"ATM","TIPE_3":"BRI","TELEPON":"(021) 14017","ALAMAT":"HARAPAN INDAH ST NO.3, RT.001/RW.024, PEJUANG, MEDAN SATRIA, BEKASI, WEST JAVA 44816","ID_PROV":"32","PROVINSI":"JAWA BARAT","ID_KABKOT":"32.75","KABKOT":"KOTA BEKASI","ID_KEC":"32.75.06","KECAMATAN":"MEDANSATRIA","ID_DESA":"32.75.06.1003","DESA":"PEJUANG","LONGITUDE":"106.9774978","LATITUDE":"-6.186814099999999","STATUS":"BUKA","TANGGAL PENGUMPULAN":"Q2 2025","TANGGAL UPDATE":"20/06/2025"}},{"type":"Feature","geometry":{"coordinates":[106.928122,-6.3825776],"type":"Point"},"properties":{"NAMA":"BANK BRI ATM - BRI KC CIBUBUR","TIPE_1":"LAYANAN ATAU JASA","TIPE_2":"ATM","TIPE_3":"BRI","TELEPON":"(021) 14017","ALAMAT":"JL. ALTERNATIF CIBUBUR NO.19, RT.001/RW.011, JATIKARYA, JATISAMPURNA, BEKASI, WEST JAVA 17435","ID_PROV":"32","PROVINSI":"JAWA BARAT","ID_KABKOT":"32.75","KABKOT":"KOTA BEKASI","ID_KEC":"32.75.10","KECAMATAN":"JATISAMPURNA","ID_DESA":"32.75.10.1002","DESA":"JATIKARYA","LONGITUDE":"106.928122","LATITUDE":"-6.382577599999999","STATUS":"BUKA","TANGGAL PENGUMPULAN":"Q2 2025","TANGGAL UPDATE":"20/06/2025"}},{"type":"Feature","geometry":{"coordinates":[106.9990404,-6.2536289],"type":"Point"},"properties":{"NAMA":"BANK BRI ATM - BRI KCP TAMBUN","TIPE_1":"LAYANAN ATAU JASA","TIPE_2":"ATM","TIPE_3":"BRI","TELEPON":"(021) 14017","ALAMAT":"JL. CHAIRIL ANWAR NO.1 BLOK B, RT.002/RW.004, MARGAHAYU, KEC. BEKASI TIM., KOTA BKS, JAWA BARAT 17113","ID_PROV":"32","PROVINSI":"JAWA BARAT","ID_KABKOT":"32.75","KABKOT":"KOTA BEKASI","ID_KEC":"32.75.01","KECAMATAN":"BEKASI TIMUR","ID_DESA":"32.75.01.1002","DESA":"MARGAHAYU","LONGITUDE":"106.9990404","LATITUDE":"-6.2536289","STATUS":"BUKA","TANGGAL PENGUMPULAN":"Q2 2025","TANGGAL UPDATE":"20/06/2025"}},{"type":"Feature","geometry":{"coordinates":[106.967683,-6.267994],"type":"Point"},"properties":{"NAMA":"BANK BRI ATM - BRI UNIT PULO JAHE","TIPE_1":"LAYANAN ATAU JASA","TIPE_2":"ATM","TIPE_3":"BRI","TELEPON":"(021) 14017","ALAMAT":"JL. SWADAYA RW. BUNTU NO.30, RT.002/RW.14, KOTA ADM, BEKASI SELATAN, BEKASI, WEST JAVA 13930","ID_PROV":"32","PROVINSI":"JAWA BARAT","ID_KABKOT":"32.75","KABKOT":"KOTA BEKASI","ID_KEC":"32.75.04","KECAMATAN":"BEKASI SELATAN","ID_DESA":"32.75.04.1004","DESA":"JAKASETIA","LONGITUDE":"106.967683","LATITUDE":"-6.267994","STATUS":"BUKA","TANGGAL PENGUMPULAN":"Q2 2025","TANGGAL UPDATE":"20/06/2025"}},{"type":"Feature","geometry":{"coordinates":[107.02031489999999,-6.2595979],"type":"Point"},"properties":{"NAMA":"BANK BRI ATM - BTC CITY","TIPE_1":"LAYANAN ATAU JASA","TIPE_2":"ATM","TIPE_3":"BRI","TELEPON":"(021) 14017","ALAMAT":"JL. HM. JOYO MARTONO NO.63, RT.003/RW.021, MARGAHAYU, BEKASI TIMUR, BEKASI, WEST JAVA 17113","ID_PROV":"32","PROVINSI":"JAWA BARAT","ID_KABKOT":"32.75","KABKOT":"KOTA BEKASI","ID_KEC":"32.75.01","KECAMATAN":"BEKASI TIMUR","ID_DESA":"32.75.01.1002","DESA":"MARGAHAYU","LONGITUDE":"107.02031489999999","LATITUDE":"-6.2595979","STATUS":"BUKA","TANGGAL PENGUMPULAN":"Q2 2025","TANGGAL UPDATE":"20/06/2025"}},{"type":"Feature","geometry":{"coordinates":[106.9881051,-6.2398322],"type":"Point"},"properties":{"NAMA":"BANK BRI ATM - CENTER KOMPAS","TIPE_1":"LAYANAN ATAU JASA","TIPE_2":"ATM","TIPE_3":"BRI","TELEPON":"(021) 14017","ALAMAT":"GG. KONG MUYAN NO.100, RT.012/RW.012, KAYURINGIN JAYA, BEKASI SELATAN, BEKASI, WEST JAVA 17144","ID_PROV":"32","PROVINSI":"JAWA BARAT","ID_KABKOT":"32.75","KABKOT":"KOTA BEKASI","ID_KEC":"32.75.04","KECAMATAN":"BEKASI SELATAN","ID_DESA":"32.75.04.1005","DESA":"KAYURINGINJAYA","LONGITUDE":"106.9881051","LATITUDE":"-6.2398321999999995","STATUS":"BUKA","TANGGAL PENGUMPULAN":"Q2 2025","TANGGAL UPDATE":"20/06/2025"}},{"type":"Feature","geometry":{"coordinates":[107.0369918,-6.2396831],"type":"Point"},"properties":{"NAMA":"BANK BRI ATM - CERIAMART TERNATE","TIPE_1":"LAYANAN ATAU JASA","TIPE_2":"ATM","TIPE_3":"BRI","TELEPON":"(021) 14017","ALAMAT":"JL. P. BUTON I NO.10, RT.001/RW.018, AREN JAYA, BEKASI TIMUR, BEKASI, WEST JAVA 17111","ID_PROV":"32","PROVINSI":"JAWA BARAT","ID_KABKOT":"32.75","KABKOT":"KOTA BEKASI","ID_KEC":"32.75.01","KECAMATAN":"BEKASI TIMUR","ID_DESA":"32.75.01.1004","DESA":"ARENJAYA","LONGITUDE":"107.0369918","LATITUDE":"-6.2396831","STATUS":"BUKA","TANGGAL PENGUMPULAN":"Q2 2025","TANGGAL UPDATE":"20/06/2025"}},{"type":"Feature","geometry":{"coordinates":[106.978673,-6.2473753],"type":"Point"},"properties":{"NAMA":"BANK BRI ATM - GRAHA PERSADA 1","TIPE_1":"LAYANAN ATAU JASA","TIPE_2":"ATM","TIPE_3":"BRI","TELEPON":"(021) 14017","ALAMAT":"JL. KH. NOER ALI JL. KALIMALANG JEMB. 2 NO.5, RT.003/RW.025, KAYURINGIN JAYA, BEKASI SELATAN, BEKASI, WEST JAVA 17144","ID_PROV":"32","PROVINSI":"JAWA BARAT","ID_KABKOT":"32.75","KABKOT":"KOTA BEKASI","ID_KEC":"32.75.04","KECAMATAN":"BEKASI SELATAN","ID_DESA":"32.75.04.1005","DESA":"KAYURINGINJAYA","LONGITUDE":"106.978673","LATITUDE":"-6.2473753","STATUS":"BUKA","TANGGAL PENGUMPULAN":"Q2 2025","TANGGAL UPDATE":"20/06/2025"}},{"type":"Feature","geometry":{"coordinates":[106.9848132,-6.248818],"type":"Point"},"properties":{"NAMA":"BANK BRI ATM - GRAND METROPOLITAN","TIPE_1":"LAYANAN ATAU JASA","TIPE_2":"ATM","TIPE_3":"BRI","TELEPON":"(021) 14017","ALAMAT":"GRAND METROPOLITAN, JL. KH. NOER ALI, RT.007/RW.003, PEKAYON JAYA, BEKASI SELATAN, BEKASI, WEST JAVA 17148","ID_PROV":"32","PROVINSI":"JAWA BARAT","ID_KABKOT":"32.75","KABKOT":"KOTA BEKASI","ID_KEC":"32.75.04","KECAMATAN":"BEKASI SELATAN","ID_DESA":"32.75.04.1001","DESA":"PEKAYONJAYA","LONGITUDE":"106.98481319999999","LATITUDE":"-6.248818","STATUS":"BUKA","TANGGAL PENGUMPULAN":"Q2 2025","TANGGAL UPDATE":"20/06/2025"}},{"type":"Feature","geometry":{"coordinates":[106.939188,-6.3116435],"type":"Point"},"properties":{"NAMA":"BANK BRI ATM - HOSHI ORANGE LAUNDRY PURI GADING","TIPE_1":"LAYANAN ATAU JASA","TIPE_2":"ATM","TIPE_3":"BRI","TELEPON":"(021) 14017","ALAMAT":"JL. PURI GADING UTARA RAYA RAYA NO.19, RT.002/RW.003, JATIMELATI, PONDOK MELATI, BEKASI, WEST JAVA 17415","ID_PROV":"32","PROVINSI":"JAWA BARAT","ID_KABKOT":"32.75","KABKOT":"KOTA BEKASI","ID_KEC":"32.75.12","KECAMATAN":"PONDOKMELATI","ID_DESA":"32.75.12.1003","DESA":"JATIMELATI","LONGITUDE":"106.939188","LATITUDE":"-6.3116435","STATUS":"BUKA","TANGGAL PENGUMPULAN":"Q2 2025","TANGGAL UPDATE":"20/06/2025"}},{"type":"Feature","geometry":{"coordinates":[107.0009838,-6.2617247],"type":"Point"},"properties":{"NAMA":"BANK BRI ATM - HOTEL MERAPI MERBABU","TIPE_1":"LAYANAN ATAU JASA","TIPE_2":"ATM","TIPE_3":"BRI","TELEPON":"(021) 14017","ALAMAT":"JL. CUT MUTIA NO.128, RT.001/RW.002, SEPANJANG JAYA, RAWA LUMBU, BEKASI, WEST JAVA 17114","ID_PROV":"32","PROVINSI":"JAWA BARAT","ID_KABKOT":"32.75","KABKOT":"KOTA BEKASI","ID_KEC":"32.75.05","KECAMATAN":"RAWALUMBU","ID_DESA":"32.75.05.1003","DESA":"SEPANJANGJAYA","LONGITUDE":"107.0009838","LATITUDE":"-6.261724699999999","STATUS":"BUKA","TANGGAL PENGUMPULAN":"Q2 2025","TANGGAL UPDATE":"20/06/2025"}},{"type":"Feature","geometry":{"coordinates":[106.9900955,-6.3411307],"type":"Point"},"properties":{"NAMA":"BANK BRI ATM - INDOMARET ARMED 1","TIPE_1":"LAYANAN ATAU JASA","TIPE_2":"ATM","TIPE_3":"BRI","TELEPON":"(021) 14017","ALAMAT":"JL. CIKIWUL NO.4, RT.003/RW.004, CIKIWUL, BANTAR GEBANG, BEKASI, WEST JAVA 17152","ID_PROV":"32","PROVINSI":"JAWA BARAT","ID_KABKOT":"32.75","KABKOT":"KOTA BEKASI","ID_KEC":"32.75.07","KECAMATAN":"BANTARGEBANG","ID_DESA":"32.75.07.1004","DESA":"CIKIWUL","LONGITUDE":"106.9900955","LATITUDE":"-6.3411307","STATUS":"BUKA","TANGGAL PENGUMPULAN":"Q2 2025","TANGGAL UPDATE":"20/06/2025"}},{"type":"Feature","geometry":{"coordinates":[106.9655014,-6.243027],"type":"Point"},"properties":{"NAMA":"BANK BRI ATM - INDOMARET ASSYAFIIYAH","TIPE_1":"LAYANAN ATAU JASA","TIPE_2":"ATM","TIPE_3":"BRI","TELEPON":"(021) 14017","ALAMAT":"KAMPUNG JL. ASSYAFIIYAH NO.2, RT.005/RW.003, JAKASAMPURNA, BEKASI BARAT, BEKASI, WEST JAVA 17145","ID_PROV":"32","PROVINSI":"JAWA BARAT","ID_KABKOT":"32.75","KABKOT":"KOTA BEKASI","ID_KEC":"32.75.02","KECAMATAN":"BEKASI BARAT","ID_DESA":"32.75.02.1005","DESA":"JAKASAMPURNA","LONGITUDE":"106.9655014","LATITUDE":"-6.243027","STATUS":"BUKA","TANGGAL PENGUMPULAN":"Q2 2025","TANGGAL UPDATE":"20/06/2025"}},{"type":"Feature","geometry":{"coordinates":[106.9488355,-6.309824],"type":"Point"},"properties":{"NAMA":"BANK BRI ATM - INDOMARET BENDA","TIPE_1":"LAYANAN ATAU JASA","TIPE_2":"ATM","TIPE_3":"BRI","TELEPON":"(021) 14017","ALAMAT":"JL. KP. PAMAHAN NO.7, RT.002/RW.008, JATIMEKAR, JATIASIH, BEKASI, WEST JAVA 17425","ID_PROV":"32","PROVINSI":"JAWA BARAT","ID_KABKOT":"32.75","KABKOT":"KOTA BEKASI","ID_KEC":"32.75.09","KECAMATAN":"JATIASIH","ID_DESA":"32.75.09.1001","DESA":"JATIMEKAR","LONGITUDE":"106.9488355","LATITUDE":"-6.309824","STATUS":"BUKA","TANGGAL PENGUMPULAN":"Q2 2025","TANGGAL UPDATE":"20/06/2025"}},{"type":"Feature","geometry":{"coordinates":[106.956433,-6.218633],"type":"Point"},"properties":{"NAMA":"BANK BRI ATM - INDOMARET BINTARA 9","TIPE_1":"LAYANAN ATAU JASA","TIPE_2":"ATM","TIPE_3":"BRI","TELEPON":"(021) 14017","ALAMAT":"HARAPAN BARU REGENCY NO.5 BLOK A, RT.009/RW.003, BARU CITY, BEKASI BARAT, BEKASI, WEST JAVA 17133","ID_PROV":"32","PROVINSI":"JAWA BARAT","ID_KABKOT":"32.75","KABKOT":"KOTA BEKASI","ID_KEC":"32.75.02","KECAMATAN":"BEKASI BARAT","ID_DESA":"32.75.02.1003","DESA":"KOTABARU","LONGITUDE":"106.95643299999999","LATITUDE":"-6.218633","STATUS":"BUKA","TANGGAL PENGUMPULAN":"Q2 2025","TANGGAL UPDATE":"20/06/2025"}},{"type":"Feature","geometry":{"coordinates":[106.9484193,-6.2425646],"type":"Point"},"properties":{"NAMA":"BANK BRI ATM - INDOMARET BINTARA JAYA","TIPE_1":"LAYANAN ATAU JASA","TIPE_2":"ATM","TIPE_3":"BRI","TELEPON":"(021) 14017","ALAMAT":"JL. BINTARA JAYA NO.3, RT.002/RW.008, BINTARA JAYA, BEKASI BARAT, BEKASI, WEST JAVA 17136","ID_PROV":"32","PROVINSI":"JAWA BARAT","ID_KABKOT":"32.75","KABKOT":"KOTA BEKASI","ID_KEC":"32.75.02","KECAMATAN":"BEKASI BARAT","ID_DESA":"32.75.02.1004","DESA":"BINTARAJAYA","LONGITUDE":"106.9484193","LATITUDE":"-6.2425646","STATUS":"BUKA","TANGGAL PENGUMPULAN":"Q2 2025","TANGGAL UPDATE":"20/06/2025"}},{"type":"Feature","geometry":{"coordinates":[106.9909208,-6.30346],"type":"Point"},"properties":{"NAMA":"BANK BRI ATM - INDOMARET BOJONG MENTENG","TIPE_1":"LAYANAN ATAU JASA","TIPE_2":"ATM","TIPE_3":"BRI","TELEPON":"(021) 14017","ALAMAT":"JL. KEMUNING V NO.4, RT.004/RW.005, BOJONG MENTENG, RAWA LUMBU, BEKASI, WEST JAVA 17117","ID_PROV":"32","PROVINSI":"JAWA BARAT","ID_KABKOT":"32.75","KABKOT":"KOTA BEKASI","ID_KEC":"32.75.05","KECAMATAN":"RAWALUMBU","ID_DESA":"32.75.05.1004","DESA":"BOJONGMENTENG","LONGITUDE":"106.9909208","LATITUDE":"-6.303459999999999","STATUS":"BUKA","TANGGAL PENGUMPULAN":"Q2 2025","TANGGAL UPDATE":"20/06/2025"}},{"type":"Feature","geometry":{"coordinates":[106.9691711,-6.2252648],"type":"Point"},"properties":{"NAMA":"BANK BRI ATM - INDOMARET BOUGENVIL RAYA","TIPE_1":"LAYANAN ATAU JASA","TIPE_2":"ATM","TIPE_3":"BRI","TELEPON":"(021) 14017","ALAMAT":"JL. BOUGENVILLE NO.495, RT.001/RW.009, KRANJI, BEKASI BARAT, BEKASI, WEST JAVA 17134","ID_PROV":"32","PROVINSI":"JAWA BARAT","ID_KABKOT":"32.75","KABKOT":"KOTA BEKASI","ID_KEC":"32.75.02","KECAMATAN":"BEKASI BARAT","ID_DESA":"32.75.02.1002","DESA":"KRANJI","LONGITUDE":"106.9691711","LATITUDE":"-6.2252648","STATUS":"BUKA","TANGGAL PENGUMPULAN":"Q2 2025","TANGGAL UPDATE":"20/06/2025"}},{"type":"Feature","geometry":{"coordinates":[107.0247304,-6.2474104],"type":"Point"},"properties":{"NAMA":"BANK BRI ATM - INDOMARET BULAK KAPAL","TIPE_1":"LAYANAN ATAU JASA","TIPE_2":"ATM","TIPE_3":"BRI","TELEPON":"(021) 14017","ALAMAT":"JL. PAHLAWAN NO.12, RT.005/RW.004, DUREN JAYA, BEKASI TIMUR, BEKASI, WEST JAVA 17111","ID_PROV":"32","PROVINSI":"JAWA BARAT","ID_KABKOT":"32.75","KABKOT":"KOTA BEKASI","ID_KEC":"32.75.01","KECAMATAN":"BEKASI TIMUR","ID_DESA":"32.75.01.1003","DESA":"DURENJAYA","LONGITUDE":"107.0247304","LATITUDE":"-6.2474104","STATUS":"BUKA","TANGGAL PENGUMPULAN":"Q2 2025","TANGGAL UPDATE":"20/06/2025"}},{"type":"Feature","geometry":{"coordinates":[107.0256627,-6.2948085],"type":"Point"},"properties":{"NAMA":"BANK BRI ATM - INDOMARET BUMYAGARA","TIPE_1":"LAYANAN ATAU JASA","TIPE_2":"ATM","TIPE_3":"BRI","TELEPON":"(021) 14017","ALAMAT":"JL. PERUM TAMAN BUMYAGARA NO.38 BLOK H 3, RT.007/RW.003, MUSTIKAJAYA, MUSTIKA JAYA, BEKASI, WEST JAVA 17158","ID_PROV":"32","PROVINSI":"JAWA BARAT","ID_KABKOT":"32.75","KABKOT":"KOTA BEKASI","ID_KEC":"32.75.11","KECAMATAN":"MUSTIKAJAYA","ID_DESA":"32.75.11.1003","DESA":"MUSTIKAJAYA","LONGITUDE":"107.0256627","LATITUDE":"-6.294808499999999","STATUS":"BUKA","TANGGAL PENGUMPULAN":"Q2 2025","TANGGAL UPDATE":"20/06/2025"}},{"type":"Feature","geometry":{"coordinates":[107.0107197,-6.2892955],"type":"Point"},"properties":{"NAMA":"BANK BRI ATM - INDOMARET CARINGIN 2 MUSTIKA SARI","TIPE_1":"LAYANAN ATAU JASA","TIPE_2":"ATM","TIPE_3":"BRI","TELEPON":"(021) 14017","ALAMAT":"JL. MERDEKA RAYA NO.62 2, RT.003/RW.002, MUSTIKASARI, KEC. MUSTIKA JAYA, KOTA BKS, JAWA BARAT 17157","ID_PROV":"32","PROVINSI":"JAWA BARAT","ID_KABKOT":"32.75","KABKOT":"KOTA BEKASI","ID_KEC":"32.75.11","KECAMATAN":"MUSTIKAJAYA","ID_DESA":"32.75.11.1004","DESA":"MUSTIKASARI","LONGITUDE":"107.0107197","LATITUDE":"-6.2892955","STATUS":"BUKA","TANGGAL PENGUMPULAN":"Q2 2025","TANGGAL UPDATE":"20/06/2025"}},{"type":"Feature","geometry":{"coordinates":[106.9146479,-6.2642776],"type":"Point"},"properties":{"NAMA":"BANK BRI ATM - INDOMARET CEMPAKA DALAM","TIPE_1":"LAYANAN ATAU JASA","TIPE_2":"ATM","TIPE_3":"BRI","TELEPON":"(021) 14017","ALAMAT":"JL. H. MUHYIN NO.55 6, RT.006/RW.23, JATICEMPAKA, KEC. PD. GEDE, KOTA BKS, JAWA BARAT 13620","ID_PROV":"32","PROVINSI":"JAWA BARAT","ID_KABKOT":"32.75","KABKOT":"KOTA BEKASI","ID_KEC":"32.75.08","KECAMATAN":"PONDOKGEDE","ID_DESA":"32.75.08.1007","DESA":"JATICEMPAKA","LONGITUDE":"106.91464789999999","LATITUDE":"-6.2642776","STATUS":"BUKA","TANGGAL PENGUMPULAN":"Q2 2025","TANGGAL UPDATE":"20/06/2025"}},{"type":"Feature","geometry":{"coordinates":[106.9992012,-6.2615577],"type":"Point"},"properties":{"NAMA":"BANK BRI ATM - INDOMARET CUT MEUTHIA 1","TIPE_1":"LAYANAN ATAU JASA","TIPE_2":"ATM","TIPE_3":"BRI","TELEPON":"(021) 14017","ALAMAT":"JL. CUT MUTIA NO.51, RT.002/RW.001, SEPANJANG JAYA, RAWA LUMBU, BEKASI, WEST JAVA 17114","ID_PROV":"32","PROVINSI":"JAWA BARAT","ID_KABKOT":"32.75","KABKOT":"KOTA BEKASI","ID_KEC":"32.75.05","KECAMATAN":"RAWALUMBU","ID_DESA":"32.75.05.1003","DESA":"SEPANJANGJAYA","LONGITUDE":"106.9992012","LATITUDE":"-6.2615577","STATUS":"BUKA","TANGGAL PENGUMPULAN":"Q2 2025","TANGGAL UPDATE":"20/06/2025"}},{"type":"Feature","geometry":{"coordinates":[106.9362281,-6.2856837],"type":"Point"},"properties":{"NAMA":"BANK BRI ATM - INDOMARET DUTA INDAH","TIPE_1":"LAYANAN ATAU JASA","TIPE_2":"ATM","TIPE_3":"BRI","TELEPON":"(021) 14017","ALAMAT":"JL. DUTA INDAH RAYA NO.3, RT.006/RW.020, JATIMAKMUR, PONDOK GEDE, BEKASI, WEST JAVA","ID_PROV":"32","PROVINSI":"JAWA BARAT","ID_KABKOT":"32.75","KABKOT":"KOTA BEKASI","ID_KEC":"32.75.08","KECAMATAN":"PONDOKGEDE","ID_DESA":"32.75.08.1003","DESA":"JATIMAKMUR","LONGITUDE":"106.9362281","LATITUDE":"-6.2856837","STATUS":"BUKA","TANGGAL PENGUMPULAN":"Q2 2025","TANGGAL UPDATE":"20/06/2025"}},{"type":"Feature","geometry":{"coordinates":[106.9977787,-6.3146957],"type":"Point"},"properties":{"NAMA":"BANK BRI ATM - INDOMARET H DJOLE","TIPE_1":"LAYANAN ATAU JASA","TIPE_2":"ATM","TIPE_3":"BRI","TELEPON":"(021) 14017","ALAMAT":"GG. KENANGA NO.38, RT.002/RW.002, PADURENAN, MUSTIKA JAYA, BEKASI, WEST JAVA 16340","ID_PROV":"32","PROVINSI":"JAWA BARAT","ID_KABKOT":"32.75","KABKOT":"KOTA BEKASI","ID_KEC":"32.75.11","KECAMATAN":"MUSTIKAJAYA","ID_DESA":"32.75.11.1001","DESA":"PADURENAN","LONGITUDE":"106.9977787","LATITUDE":"-6.3146957","STATUS":"BUKA","TANGGAL PENGUMPULAN":"Q2 2025","TANGGAL UPDATE":"20/06/2025"}},{"type":"Feature","geometry":{"coordinates":[106.9963398,-6.3144811],"type":"Point"},"properties":{"NAMA":"BANK BRI ATM - INDOMARET H. JOLE","TIPE_1":"LAYANAN ATAU JASA","TIPE_2":"ATM","TIPE_3":"BRI","TELEPON":"(021) 14017","ALAMAT":"JL. RAYA SETU NO.40, RT.002/RW.002, PADURENAN, MUSTIKA JAYA, BEKASI, WEST JAVA 16340","ID_PROV":"32","PROVINSI":"JAWA BARAT","ID_KABKOT":"32.75","KABKOT":"KOTA BEKASI","ID_KEC":"32.75.11","KECAMATAN":"MUSTIKAJAYA","ID_DESA":"32.75.11.1001","DESA":"PADURENAN","LONGITUDE":"106.9963398","LATITUDE":"-6.3144811","STATUS":"BUKA","TANGGAL PENGUMPULAN":"Q2 2025","TANGGAL UPDATE":"20/06/2025"}},{"type":"Feature","geometry":{"coordinates":[106.9205858,-6.3590302],"type":"Point"},"properties":{"NAMA":"BANK BRI ATM - INDOMARET HANKAM RAMBUTAN","TIPE_1":"LAYANAN ATAU JASA","TIPE_2":"ATM","TIPE_3":"BRI","TELEPON":"(021) 14017","ALAMAT":"JL. RAYA KRANGGAN NO.3, RT.002/RW.005, JATISAMPURNA, BEKASI, WEST JAVA 17433","ID_PROV":"32","PROVINSI":"JAWA BARAT","ID_KABKOT":"32.75","KABKOT":"KOTA BEKASI","ID_KEC":"32.75.10","KECAMATAN":"JATISAMPURNA","ID_DESA":"32.75.10.1001","DESA":"JATISAMPURNA","LONGITUDE":"106.9205858","LATITUDE":"-6.359030199999999","STATUS":"BUKA","TANGGAL PENGUMPULAN":"Q2 2025","TANGGAL UPDATE":"20/06/2025"}},{"type":"Feature","geometry":{"coordinates":[106.9473848,-6.347754],"type":"Point"},"properties":{"NAMA":"BANK BRI ATM - INDOMARET JATISARI 1","TIPE_1":"LAYANAN ATAU JASA","TIPE_2":"ATM","TIPE_3":"BRI","TELEPON":"(021) 14017","ALAMAT":"JL. TUPOLEV NO.37, RT.001/RW.008, JATISARI, JATIASIH, BEKASI, WEST JAVA 17426","ID_PROV":"32","PROVINSI":"JAWA BARAT","ID_KABKOT":"32.75","KABKOT":"KOTA BEKASI","ID_KEC":"32.75.09","KECAMATAN":"JATIASIH","ID_DESA":"32.75.09.1006","DESA":"JATISARI","LONGITUDE":"106.9473848","LATITUDE":"-6.347754","STATUS":"BUKA","TANGGAL PENGUMPULAN":"Q2 2025","TANGGAL UPDATE":"20/06/2025"}},{"type":"Feature","geometry":{"coordinates":[106.9994311,-6.1892383],"type":"Point"},"properties":{"NAMA":"BANK BRI ATM - INDOMARET KALIABANG","TIPE_1":"LAYANAN ATAU JASA","TIPE_2":"ATM","TIPE_3":"BRI","TELEPON":"(021) 14017","ALAMAT":"NAIN) UTARA, JL. RAYA KALIABANG TENGAH, RT.001/RW.015, CENTRAL KALIABANG, BEKASI UTARA, BEKASI, WEST JAVA 17125","ID_PROV":"32","PROVINSI":"JAWA BARAT","ID_KABKOT":"32.75","KABKOT":"KOTA BEKASI","ID_KEC":"32.75.03","KECAMATAN":"BEKASI UTARA","ID_DESA":"32.75.03.1001","DESA":"KALIABANG TENGAH","LONGITUDE":"106.9994311","LATITUDE":"-6.1892382999999995","STATUS":"BUKA","TANGGAL PENGUMPULAN":"Q2 2025","TANGGAL UPDATE":"20/06/2025"}},{"type":"Feature","geometry":{"coordinates":[106.9944547,-6.2407606],"type":"Point"},"properties":{"NAMA":"BANK BRI ATM - INDOMARET KEMAKMURAN BKS","TIPE_1":"LAYANAN ATAU JASA","TIPE_2":"ATM","TIPE_3":"BRI","TELEPON":"(021) 14017","ALAMAT":"JL. KEMAKMURAN NO.65, RT.004/RW.003, MARGA JAYA, BEKASI SELATAN, BEKASI, WEST JAVA 17141","ID_PROV":"32","PROVINSI":"JAWA BARAT","ID_KABKOT":"32.75","KABKOT":"KOTA BEKASI","ID_KEC":"32.75.04","KECAMATAN":"BEKASI SELATAN","ID_DESA":"32.75.04.1002","DESA":"MARGAJAYA","LONGITUDE":"106.99445469999999","LATITUDE":"-6.2407606","STATUS":"BUKA","TANGGAL PENGUMPULAN":"Q2 2025","TANGGAL UPDATE":"20/06/2025"}},{"type":"Feature","geometry":{"coordinates":[106.931622,-6.280591],"type":"Point"},"properties":{"NAMA":"BANK BRI ATM - INDOMARET KEMANG SARI","TIPE_1":"LAYANAN ATAU JASA","TIPE_2":"ATM","TIPE_3":"BRI","TELEPON":"(021) 14017","ALAMAT":"JL. ANTARA NO.148, RT.007/RW.009, JATIMAKMUR, PONDOK GEDE, BEKASI, WEST JAVA 17413","ID_PROV":"32","PROVINSI":"JAWA BARAT","ID_KABKOT":"32.75","KABKOT":"KOTA BEKASI","ID_KEC":"32.75.08","KECAMATAN":"PONDOKGEDE","ID_DESA":"32.75.08.1003","DESA":"JATIMAKMUR","LONGITUDE":"106.93162199999999","LATITUDE":"-6.280590999999999","STATUS":"BUKA","TANGGAL PENGUMPULAN":"Q2 2025","TANGGAL UPDATE":"20/06/2025"}},{"type":"Feature","geometry":{"coordinates":[106.938962,-6.298292],"type":"Point"},"properties":{"NAMA":"BANK BRI ATM - INDOMARET KODAO","TIPE_1":"LAYANAN ATAU JASA","TIPE_2":"ATM","TIPE_3":"BRI","TELEPON":"(021) 14017","ALAMAT":"JL. RAYA KODAU L NO.10, RT.007/RW.002, JATIRAHAYU, PONDOK MELATI, BEKASI, WEST JAVA","ID_PROV":"32","PROVINSI":"JAWA BARAT","ID_KABKOT":"32.75","KABKOT":"KOTA BEKASI","ID_KEC":"32.75.12","KECAMATAN":"PONDOKMELATI","ID_DESA":"32.75.12.1001","DESA":"JATIRAHAYU","LONGITUDE":"106.93896199999999","LATITUDE":"-6.298292","STATUS":"BUKA","TANGGAL PENGUMPULAN":"Q2 2025","TANGGAL UPDATE":"20/06/2025"}},{"type":"Feature","geometry":{"coordinates":[106.9700033,-6.2344617],"type":"Point"},"properties":{"NAMA":"BANK BRI ATM - INDOMARET LAPANGAN BINTARA","TIPE_1":"LAYANAN ATAU JASA","TIPE_2":"ATM","TIPE_3":"BRI","TELEPON":"(021) 14017","ALAMAT":"JL. ANGGAR NO.2, RT.003/RW.019, JAKASAMPURNA, BEKASI BARAT, BEKASI, WEST JAVA 17145","ID_PROV":"32","PROVINSI":"JAWA BARAT","ID_KABKOT":"32.75","KABKOT":"KOTA BEKASI","ID_KEC":"32.75.02","KECAMATAN":"BEKASI BARAT","ID_DESA":"32.75.02.1005","DESA":"JAKASAMPURNA","LONGITUDE":"106.9700033","LATITUDE":"-6.2344617","STATUS":"BUKA","TANGGAL PENGUMPULAN":"Q2 2025","TANGGAL UPDATE":"20/06/2025"}},{"type":"Feature","geometry":{"coordinates":[106.9598873,-6.2606121],"type":"Point"},"properties":{"NAMA":"BANK BRI ATM - INDOMARET MAS NAGA","TIPE_1":"LAYANAN ATAU JASA","TIPE_2":"ATM","TIPE_3":"BRI","TELEPON":"(021) 14017","ALAMAT":"JL. CIKUNIR RAYA NO.60, RT.004/RW.001, JAKA MULYA, BEKASI SELATAN, BEKASI, WEST JAVA 17146","ID_PROV":"32","PROVINSI":"JAWA BARAT","ID_KABKOT":"32.75","KABKOT":"KOTA BEKASI","ID_KEC":"32.75.04","KECAMATAN":"BEKASI SELATAN","ID_DESA":"32.75.04.1003","DESA":"JAKAMULYA","LONGITUDE":"106.95988729999999","LATITUDE":"-6.2606120999999995","STATUS":"BUKA","TANGGAL PENGUMPULAN":"Q2 2025","TANGGAL UPDATE":"20/06/2025"}},{"type":"Feature","geometry":{"coordinates":[107.0035131,-6.2919263],"type":"Point"},"properties":{"NAMA":"BANK BRI ATM - INDOMARET MUSTIKASARI","TIPE_1":"LAYANAN ATAU JASA","TIPE_2":"ATM","TIPE_3":"BRI","TELEPON":"(021) 14017","ALAMAT":"INDOMARET, JL. MEKAR SARI, RT.002/RW.002, MUSTIKASARI, MUSTIKA JAYA, BEKASI, WEST JAVA 17116","ID_PROV":"32","PROVINSI":"JAWA BARAT","ID_KABKOT":"32.75","KABKOT":"KOTA BEKASI","ID_KEC":"32.75.11","KECAMATAN":"MUSTIKAJAYA","ID_DESA":"32.75.11.1004","DESA":"MUSTIKASARI","LONGITUDE":"107.00351309999999","LATITUDE":"-6.2919263","STATUS":"BUKA","TANGGAL PENGUMPULAN":"Q2 2025","TANGGAL UPDATE":"20/06/2025"}},{"type":"Feature","geometry":{"coordinates":[106.9666678,-6.2593153],"type":"Point"},"properties":{"NAMA":"BANK BRI ATM - INDOMARET NAKULA CIKUNIR","TIPE_1":"LAYANAN ATAU JASA","TIPE_2":"ATM","TIPE_3":"BRI","TELEPON":"(021) 14017","ALAMAT":"JL. NAKULA RAYA C NO.100, RT.002/RW.008, JAKA SETIA, BEKASI SELATAN, BEKASI, WEST JAVA 17147","ID_PROV":"32","PROVINSI":"JAWA BARAT","ID_KABKOT":"32.75","KABKOT":"KOTA BEKASI","ID_KEC":"32.75.04","KECAMATAN":"BEKASI SELATAN","ID_DESA":"32.75.04.1004","DESA":"JAKASETIA","LONGITUDE":"106.9666678","LATITUDE":"-6.2593153","STATUS":"BUKA","TANGGAL PENGUMPULAN":"Q2 2025","TANGGAL UPDATE":"20/06/2025"}},{"type":"Feature","geometry":{"coordinates":[107.0043549,-6.2839883],"type":"Point"},"properties":{"NAMA":"BANK BRI ATM - INDOMARET NAROGONG RAYA","TIPE_1":"LAYANAN ATAU JASA","TIPE_2":"ATM","TIPE_3":"BRI","TELEPON":"(021) 14017","ALAMAT":"JL. TAMAN NAROGONG INDAH NO.3, RT.001/RW.013, BOJONG RAWALUMBU, RAWA LUMBU, BEKASI, WEST JAVA 17116","ID_PROV":"32","PROVINSI":"JAWA BARAT","ID_KABKOT":"32.75","KABKOT":"KOTA BEKASI","ID_KEC":"32.75.05","KECAMATAN":"RAWALUMBU","ID_DESA":"32.75.05.1001","DESA":"BOJONG RAWALUMBU","LONGITUDE":"107.0043549","LATITUDE":"-6.2839883","STATUS":"BUKA","TANGGAL PENGUMPULAN":"Q2 2025","TANGGAL UPDATE":"20/06/2025"}},{"type":"Feature","geometry":{"coordinates":[106.9275507,-6.2988882],"type":"Point"},"properties":{"NAMA":"BANK BRI ATM - INDOMARET PATRIA JAYA","TIPE_1":"LAYANAN ATAU JASA","TIPE_2":"ATM","TIPE_3":"BRI","TELEPON":"(021) 14017","ALAMAT":"JALAN JL. PASAR KECAPI NO.111, RT.001/RW.013, JATIRAHAYU, PONDOK MELATI, BEKASI, WEST JAVA 17414","ID_PROV":"32","PROVINSI":"JAWA BARAT","ID_KABKOT":"32.75","KABKOT":"KOTA BEKASI","ID_KEC":"32.75.12","KECAMATAN":"PONDOKMELATI","ID_DESA":"32.75.12.1001","DESA":"JATIRAHAYU","LONGITUDE":"106.9275507","LATITUDE":"-6.2988881999999995","STATUS":"BUKA","TANGGAL PENGUMPULAN":"Q2 2025","TANGGAL UPDATE":"20/06/2025"}},{"type":"Feature","geometry":{"coordinates":[106.9956886,-6.2907692],"type":"Point"},"properties":{"NAMA":"BANK BRI ATM - INDOMARET PUNGUT","TIPE_1":"LAYANAN ATAU JASA","TIPE_2":"ATM","TIPE_3":"BRI","TELEPON":"(021) 14017","ALAMAT":"JL. BATU GIOK RAYA NO.100, RT.004/RW.037, BOJONG RAWALUMBU, RAWA LUMBU, BEKASI, WEST JAVA 17116","ID_PROV":"32","PROVINSI":"JAWA BARAT","ID_KABKOT":"32.75","KABKOT":"KOTA BEKASI","ID_KEC":"32.75.05","KECAMATAN":"RAWALUMBU","ID_DESA":"32.75.05.1001","DESA":"BOJONG RAWALUMBU","LONGITUDE":"106.9956886","LATITUDE":"-6.2907692","STATUS":"BUKA","TANGGAL PENGUMPULAN":"Q2 2025","TANGGAL UPDATE":"20/06/2025"}},{"type":"Feature","geometry":{"coordinates":[106.93943619999999,-6.3116953],"type":"Point"},"properties":{"NAMA":"BANK BRI ATM - INDOMARET PURI GADING","TIPE_1":"LAYANAN ATAU JASA","TIPE_2":"ATM","TIPE_3":"BRI","TELEPON":"(021) 14017","ALAMAT":"JL. RAYA PURI GADING NO.35, RT.001/RW.013, JATIMELATI, PONDOK MELATI, BEKASI, WEST JAVA 17415","ID_PROV":"32","PROVINSI":"JAWA BARAT","ID_KABKOT":"32.75","KABKOT":"KOTA BEKASI","ID_KEC":"32.75.12","KECAMATAN":"PONDOKMELATI","ID_DESA":"32.75.12.1003","DESA":"JATIMELATI","LONGITUDE":"106.93943619999999","LATITUDE":"-6.311695299999999","STATUS":"BUKA","TANGGAL PENGUMPULAN":"Q2 2025","TANGGAL UPDATE":"20/06/2025"}},{"type":"Feature","geometry":{"coordinates":[106.981998,-6.2384186],"type":"Point"},"properties":{"NAMA":"BANK BRI ATM - INDOMARET RAJAWALI RAYA","TIPE_1":"LAYANAN ATAU JASA","TIPE_2":"ATM","TIPE_3":"BRI","TELEPON":"(021) 14017","ALAMAT":"PERUMNAS 1, RT.009/RW.002, KAYURINGIN JAYA, BEKASI SELATAN, BEKASI, WEST JAVA 17144","ID_PROV":"32","PROVINSI":"JAWA BARAT","ID_KABKOT":"32.75","KABKOT":"KOTA BEKASI","ID_KEC":"32.75.04","KECAMATAN":"BEKASI SELATAN","ID_DESA":"32.75.04.1005","DESA":"KAYURINGINJAYA","LONGITUDE":"106.98199799999999","LATITUDE":"-6.2384186","STATUS":"BUKA","TANGGAL PENGUMPULAN":"Q2 2025","TANGGAL UPDATE":"20/06/2025"}},{"type":"Feature","geometry":{"coordinates":[106.9944984,-6.2844371],"type":"Point"},"properties":{"NAMA":"BANK BRI ATM - INDOMARET RAWALUMBU","TIPE_1":"LAYANAN ATAU JASA","TIPE_2":"ATM","TIPE_3":"BRI","TELEPON":"(021) 14017","ALAMAT":"JL. LUMBU BAR. RAYA NO.34, RT.007/RW.010, BOJONG RAWALUMBU, RAWA LUMBU, BEKASI, WEST JAVA 17116","ID_PROV":"32","PROVINSI":"JAWA BARAT","ID_KABKOT":"32.75","KABKOT":"KOTA BEKASI","ID_KEC":"32.75.05","KECAMATAN":"RAWALUMBU","ID_DESA":"32.75.05.1001","DESA":"BOJONG RAWALUMBU","LONGITUDE":"106.9944984","LATITUDE":"-6.2844371","STATUS":"BUKA","TANGGAL PENGUMPULAN":"Q2 2025","TANGGAL UPDATE":"20/06/2025"}},{"type":"Feature","geometry":{"coordinates":[106.9519641,-6.3128433],"type":"Point"},"properties":{"NAMA":"BANK BRI ATM - INDOMARET SATWIKA INDOMARET","TIPE_1":"LAYANAN ATAU JASA","TIPE_2":"ATM","TIPE_3":"BRI","TELEPON":"(021) 14017","ALAMAT":"JL. WIBAWA MUKTI NO.19, RT.004/RW.001, JATILUHUR, JATIASIH, BEKASI, WEST JAVA 17425","ID_PROV":"32","PROVINSI":"JAWA BARAT","ID_KABKOT":"32.75","KABKOT":"KOTA BEKASI","ID_KEC":"32.75.09","KECAMATAN":"JATIASIH","ID_DESA":"32.75.09.1005","DESA":"JATILUHUR","LONGITUDE":"106.9519641","LATITUDE":"-6.3128433","STATUS":"BUKA","TANGGAL PENGUMPULAN":"Q2 2025","TANGGAL UPDATE":"20/06/2025"}},{"type":"Feature","geometry":{"coordinates":[106.99800169999999,-6.3387889],"type":"Point"},"properties":{"NAMA":"BANK BRI ATM - INDOMARET SUMUR BATU","TIPE_1":"LAYANAN ATAU JASA","TIPE_2":"ATM","TIPE_3":"BRI","TELEPON":"(021) 14017","ALAMAT":"JL. PANGKALAN II NO.9, RT.002/RW.001, CIKIWUL, BANTAR GEBANG, BEKASI, WEST JAVA 17152","ID_PROV":"32","PROVINSI":"JAWA BARAT","ID_KABKOT":"32.75","KABKOT":"KOTA BEKASI","ID_KEC":"32.75.07","KECAMATAN":"BANTARGEBANG","ID_DESA":"32.75.07.1008","DESA":"SUMURBATU","LONGITUDE":"106.99800169999999","LATITUDE":"-6.3387889","STATUS":"BUKA","TANGGAL PENGUMPULAN":"Q2 2025","TANGGAL UPDATE":"20/06/2025"}},{"type":"Feature","geometry":{"coordinates":[106.9889,-6.3604],"type":"Point"},"properties":{"NAMA":"BANK BRI ATM - INDOMARET TAMAN RAHAYU","TIPE_1":"LAYANAN ATAU JASA","TIPE_2":"ATM","TIPE_3":"BRI","TELEPON":"(021) 14017","ALAMAT":"JL. MANGGA RAYA, RT.003/RW.009, CIKETING UDIK, BANTAR GEBANG, BOGOR REGENCY, WEST JAVA 17153","ID_PROV":"32","PROVINSI":"JAWA BARAT","ID_KABKOT":"32.75","KABKOT":"KOTA BEKASI","ID_KEC":"32.75.07","KECAMATAN":"BANTARGEBANG","ID_DESA":"32.75.07.1007","DESA":"CIKETINGUDIK","LONGITUDE":"106.9889","LATITUDE":"-6.360399999999999","STATUS":"BUKA","TANGGAL PENGUMPULAN":"Q2 2025","TANGGAL UPDATE":"20/06/2025"}},{"type":"Feature","geometry":{"coordinates":[106.97804,-6.24327],"type":"Point"},"properties":{"NAMA":"BANK BRI ATM - INDOMARET WIJAYA KUSUMA","TIPE_1":"LAYANAN ATAU JASA","TIPE_2":"ATM","TIPE_3":"BRI","TELEPON":"(021) 14017","ALAMAT":"JL. SATRIA RAYA NO.18 BLOK V, RT.007/RW.020, KAYURINGIN JAYA, BEKASI SELATAN, BEKASI, WEST JAVA 17144","ID_PROV":"32","PROVINSI":"JAWA BARAT","ID_KABKOT":"32.75","KABKOT":"KOTA BEKASI","ID_KEC":"32.75.04","KECAMATAN":"BEKASI SELATAN","ID_DESA":"32.75.04.1005","DESA":"KAYURINGINJAYA","LONGITUDE":"106.97804","LATITUDE":"-6.24327","STATUS":"BUKA","TANGGAL PENGUMPULAN":"Q2 2025","TANGGAL UPDATE":"20/06/2025"}},{"type":"Feature","geometry":{"coordinates":[106.96914609999999,-6.2490167],"type":"Point"},"properties":{"NAMA":"BANK BRI ATM - INDOMARET WISMA JAYA","TIPE_1":"LAYANAN ATAU JASA","TIPE_2":"ATM","TIPE_3":"BRI","TELEPON":"(021) 14017","ALAMAT":"RT.005/RW.006A, JAKASAMPURNA, BEKASI BARAT, BEKASI, WEST JAVA 17145","ID_PROV":"32","PROVINSI":"JAWA BARAT","ID_KABKOT":"32.75","KABKOT":"KOTA BEKASI","ID_KEC":"32.75.02","KECAMATAN":"BEKASI BARAT","ID_DESA":"32.75.02.1005","DESA":"JAKASAMPURNA","LONGITUDE":"106.96914609999999","LATITUDE":"-6.249016699999999","STATUS":"BUKA","TANGGAL PENGUMPULAN":"Q2 2025","TANGGAL UPDATE":"20/06/2025"}},{"type":"Feature","geometry":{"coordinates":[106.9548671,-6.2290855],"type":"Point"},"properties":{"NAMA":"BANK BRI ATM - INDOMART BINTARA RAYA 2","TIPE_1":"LAYANAN ATAU JASA","TIPE_2":"ATM","TIPE_3":"BRI","TELEPON":"(021) 14017","ALAMAT":"JL. BINTARA NO.6A, RT.002/RW.006, BINTARA, BEKASI BARAT, BEKASI, WEST JAVA 17134","ID_PROV":"32","PROVINSI":"JAWA BARAT","ID_KABKOT":"32.75","KABKOT":"KOTA BEKASI","ID_KEC":"32.75.02","KECAMATAN":"BEKASI BARAT","ID_DESA":"32.75.02.1001","DESA":"BINTARA","LONGITUDE":"106.9548671","LATITUDE":"-6.2290855","STATUS":"BUKA","TANGGAL PENGUMPULAN":"Q2 2025","TANGGAL UPDATE":"20/06/2025"}},{"type":"Feature","geometry":{"coordinates":[106.9324137,-6.3458444],"type":"Point"},"properties":{"NAMA":"BANK BRI ATM - INDOMART MESS AL","TIPE_1":"LAYANAN ATAU JASA","TIPE_2":"ATM","TIPE_3":"BRI","TELEPON":"(021) 14017","ALAMAT":"JL. RAYA MESS AL NO.49D, RT.006/RW.001, JATIRANGGON, JATISAMPURNA, BEKASI, WEST JAVA 17434","ID_PROV":"32","PROVINSI":"JAWA BARAT","ID_KABKOT":"32.75","KABKOT":"KOTA BEKASI","ID_KEC":"32.75.10","KECAMATAN":"JATISAMPURNA","ID_DESA":"32.75.10.1003","DESA":"JATIRANGGON","LONGITUDE":"106.9324137","LATITUDE":"-6.3458444","STATUS":"BUKA","TANGGAL PENGUMPULAN":"Q2 2025","TANGGAL UPDATE":"20/06/2025"}},{"type":"Feature","geometry":{"coordinates":[106.9979029,-6.2576415],"type":"Point"},"properties":{"NAMA":"BANK BRI ATM - JASA MARGA","TIPE_1":"LAYANAN ATAU JASA","TIPE_2":"ATM","TIPE_3":"BRI","TELEPON":"(021) 14017","ALAMAT":"KOMPLEK JASA MARGA, RT03/RW01, RT.003/RW.001, SEPANJANG JAYA, RAWA LUMBU, BEKASI, WEST JAVA 17114","ID_PROV":"32","PROVINSI":"JAWA BARAT","ID_KABKOT":"32.75","KABKOT":"KOTA BEKASI","ID_KEC":"32.75.05","KECAMATAN":"RAWALUMBU","ID_DESA":"32.75.05.1003","DESA":"SEPANJANGJAYA","LONGITUDE":"106.9979029","LATITUDE":"-6.2576415","STATUS":"BUKA","TANGGAL PENGUMPULAN":"Q2 2025","TANGGAL UPDATE":"20/06/2025"}},{"type":"Feature","geometry":{"coordinates":[107.0105149,-6.2574786],"type":"Point"},"properties":{"NAMA":"BANK BRI ATM - JKT 2- KK BPN BEKASI","TIPE_1":"LAYANAN ATAU JASA","TIPE_2":"ATM","TIPE_3":"BRI","TELEPON":"(021) 14017","ALAMAT":"JL. CHAIRIL ANWAR NO.25, RT.004/RW.009, MARGAHAYU, BEKASI TIMUR, BEKASI, WEST JAVA 17113","ID_PROV":"32","PROVINSI":"JAWA BARAT","ID_KABKOT":"32.75","KABKOT":"KOTA BEKASI","ID_KEC":"32.75.01","KECAMATAN":"BEKASI TIMUR","ID_DESA":"32.75.01.1002","DESA":"MARGAHAYU","LONGITUDE":"107.01051489999999","LATITUDE":"-6.2574786","STATUS":"BUKA","TANGGAL PENGUMPULAN":"Q2 2025","TANGGAL UPDATE":"20/06/2025"}},{"type":"Feature","geometry":{"coordinates":[106.930327,-6.2594693],"type":"Point"},"properties":{"NAMA":"BANK BRI ATM - JKT1 GALLERY MUSIC SCHOOL","TIPE_1":"LAYANAN ATAU JASA","TIPE_2":"ATM","TIPE_3":"BRI","TELEPON":"(021) 14017","ALAMAT":"JL RAYA KAPIN RT 003/04 NO. 74, RT.003/RW.004, JATIBENING BARU, PONDOK GEDE, BEKASI, WEST JAVA 17412","ID_PROV":"32","PROVINSI":"JAWA BARAT","ID_KABKOT":"32.75","KABKOT":"KOTA BEKASI","ID_KEC":"32.75.08","KECAMATAN":"PONDOKGEDE","ID_DESA":"32.75.08.1006","DESA":"JATIBENING BARU","LONGITUDE":"106.93032699999999","LATITUDE":"-6.2594693","STATUS":"BUKA","TANGGAL PENGUMPULAN":"Q2 2025","TANGGAL UPDATE":"20/06/2025"}},{"type":"Feature","geometry":{"coordinates":[107.002532,-6.2524883],"type":"Point"},"properties":{"NAMA":"BANK BRI ATM - KAMPUS STMIK BANI SALEH BEKASI","TIPE_1":"LAYANAN ATAU JASA","TIPE_2":"ATM","TIPE_3":"BRI","TELEPON":"(021) 14017","ALAMAT":"JL. MAYOR MADMUIN HASIBUAN NO.68, RT.004/RW.004, MARGAHAYU, BEKASI TIMUR, BEKASI, WEST JAVA 17113","ID_PROV":"32","PROVINSI":"JAWA BARAT","ID_KABKOT":"32.75","KABKOT":"KOTA BEKASI","ID_KEC":"32.75.01","KECAMATAN":"BEKASI TIMUR","ID_DESA":"32.75.01.1002","DESA":"MARGAHAYU","LONGITUDE":"107.002532","LATITUDE":"-6.2524882999999996","STATUS":"BUKA","TANGGAL PENGUMPULAN":"Q2 2025","TANGGAL UPDATE":"20/06/2025"}},{"type":"Feature","geometry":{"coordinates":[107.0269246,-6.2472044],"type":"Point"},"properties":{"NAMA":"BANK BRI ATM - KANTOR LAPAS BEKASI","TIPE_1":"LAYANAN ATAU JASA","TIPE_2":"ATM","TIPE_3":"BRI","TELEPON":"(021) 14017","ALAMAT":"JL. PAHLAWAN NO.1, RT.005/RW.001, AREN JAYA, BEKASI TIMUR, BEKASI, WEST JAVA 17111","ID_PROV":"32","PROVINSI":"JAWA BARAT","ID_KABKOT":"32.75","KABKOT":"KOTA BEKASI","ID_KEC":"32.75.01","KECAMATAN":"BEKASI TIMUR","ID_DESA":"32.75.01.1004","DESA":"ARENJAYA","LONGITUDE":"107.0269246","LATITUDE":"-6.247204399999999","STATUS":"BUKA","TANGGAL PENGUMPULAN":"Q2 2025","TANGGAL UPDATE":"20/06/2025"}},{"type":"Feature","geometry":{"coordinates":[106.9574066,-6.2349552],"type":"Point"},"properties":{"NAMA":"BANK BRI ATM - KC BEKASI","TIPE_1":"LAYANAN ATAU JASA","TIPE_2":"ATM","TIPE_3":"BRI","TELEPON":"(021) 14017","ALAMAT":"JL. H. JUANDA NO.98D, RT.001/RW.004, BINTARA, BEKASI BARAT, BEKASI, WEST JAVA 17113","ID_PROV":"32","PROVINSI":"JAWA BARAT","ID_KABKOT":"32.75","KABKOT":"KOTA BEKASI","ID_KEC":"32.75.02","KECAMATAN":"BEKASI BARAT","ID_DESA":"32.75.02.1001","DESA":"BINTARA","LONGITUDE":"106.9574066","LATITUDE":"-6.2349552","STATUS":"BUKA","TANGGAL PENGUMPULAN":"Q2 2025","TANGGAL UPDATE":"20/06/2025"}},{"type":"Feature","geometry":{"coordinates":[106.9923486,-6.2455478],"type":"Point"},"properties":{"NAMA":"BANK BRI ATM - KCP SENTRA NIAGA KALIMALANG","TIPE_1":"LAYANAN ATAU JASA","TIPE_2":"ATM","TIPE_3":"BRI","TELEPON":"(021) 14017","ALAMAT":"JL. SENTRA NIAGA KALIMALANG NO.6 1, RT.001/RW.005, KAYURINGIN JAYA, KEC. BEKASI SEL., KOTA ADM, JAWA BARAT 17144","ID_PROV":"32","PROVINSI":"JAWA BARAT","ID_KABKOT":"32.75","KABKOT":"KOTA BEKASI","ID_KEC":"32.75.04","KECAMATAN":"BEKASI SELATAN","ID_DESA":"32.75.04.1005","DESA":"KAYURINGINJAYA","LONGITUDE":"106.9923486","LATITUDE":"-6.2455478","STATUS":"BUKA","TANGGAL PENGUMPULAN":"Q2 2025","TANGGAL UPDATE":"20/06/2025"}},{"type":"Feature","geometry":{"coordinates":[107.0056268,-6.2047048],"type":"Point"},"properties":{"NAMA":"BANK BRI ATM - KCP SUMARECON BEKASI","TIPE_1":"LAYANAN ATAU JASA","TIPE_2":"ATM","TIPE_3":"BRI","TELEPON":"(021) 14017","ALAMAT":"JL. BULEVAR SELATAN, RUKO EMERAL, RT.004/RW.006, UE07, SUMMARECON BEKASI, BEKASI, WEST JAVA 17124","ID_PROV":"32","PROVINSI":"JAWA BARAT","ID_KABKOT":"32.75","KABKOT":"KOTA BEKASI","ID_KEC":"32.75.03","KECAMATAN":"BEKASI UTARA","ID_DESA":"32.75.03.1002","DESA":"PERWIRA","LONGITUDE":"107.0056268","LATITUDE":"-6.2047048","STATUS":"BUKA","TANGGAL PENGUMPULAN":"Q2 2025","TANGGAL UPDATE":"20/06/2025"}},{"type":"Feature","geometry":{"coordinates":[106.9432947,-6.2673142],"type":"Point"},"properties":{"NAMA":"BANK BRI ATM - KINGSWOOD","TIPE_1":"LAYANAN ATAU JASA","TIPE_2":"ATM","TIPE_3":"BRI","TELEPON":"(021) 14017","ALAMAT":"JL. CAMAN RAYA NO.43, RT.7/RW.003, JATIBENING, PONDOK GEDE, BEKASI, WEST JAVA 17412","ID_PROV":"32","PROVINSI":"JAWA BARAT","ID_KABKOT":"32.75","KABKOT":"KOTA BEKASI","ID_KEC":"32.75.08","KECAMATAN":"PONDOKGEDE","ID_DESA":"32.75.08.1006","DESA":"JATIBENING BARU","LONGITUDE":"106.9432947","LATITUDE":"-6.2673141999999995","STATUS":"BUKA","TANGGAL PENGUMPULAN":"Q2 2025","TANGGAL UPDATE":"20/06/2025"}},{"type":"Feature","geometry":{"coordinates":[106.9114602,-6.2705341],"type":"Point"},"properties":{"NAMA":"BANK BRI ATM - KK CHEVRON","TIPE_1":"LAYANAN ATAU JASA","TIPE_2":"ATM","TIPE_3":"BRI","TELEPON":"(021) 14017","ALAMAT":"JL. RUMBAI NO.KM KOTA ADM, JAKARTA","ID_PROV":"32","PROVINSI":"JAWA BARAT","ID_KABKOT":"32.75","KABKOT":"KOTA BEKASI","ID_KEC":"32.75.08","KECAMATAN":"PONDOKGEDE","ID_DESA":"32.75.08.1001","DESA":"JATIWARINGIN","LONGITUDE":"106.9114602","LATITUDE":"-6.2705341","STATUS":"BUKA","TANGGAL PENGUMPULAN":"Q2 2025","TANGGAL UPDATE":"20/06/2025"}},{"type":"Feature","geometry":{"coordinates":[106.9812771,-6.183354],"type":"Point"},"properties":{"NAMA":"BANK BRI ATM - KK MEGA BEKASI","TIPE_1":"LAYANAN ATAU JASA","TIPE_2":"ATM","TIPE_3":"BRI","TELEPON":"(021) 14017","ALAMAT":"JL. KOMP. GRIYA HARAPAN PERMAI, RT.004/RW.032, PEJUANG, MEDAN SATRIA, BEKASI, WEST JAVA 17131","ID_PROV":"32","PROVINSI":"JAWA BARAT","ID_KABKOT":"32.75","KABKOT":"KOTA BEKASI","ID_KEC":"32.75.06","KECAMATAN":"MEDANSATRIA","ID_DESA":"32.75.06.1003","DESA":"PEJUANG","LONGITUDE":"106.9812771","LATITUDE":"-6.183354","STATUS":"BUKA","TANGGAL PENGUMPULAN":"Q2 2025","TANGGAL UPDATE":"20/06/2025"}},{"type":"Feature","geometry":{"coordinates":[107.0030814,-6.2287717],"type":"Point"},"properties":{"NAMA":"BANK BRI ATM - KK SUMARECON","TIPE_1":"LAYANAN ATAU JASA","TIPE_2":"ATM","TIPE_3":"BRI","TELEPON":"(021) 14017","ALAMAT":"JL. KP, JL. TLK. BUYUNG NO.70, RT.9/RW.005, MARGA MULYA, BEKASI UTARA, BEKASI, WEST JAVA 17111","ID_PROV":"32","PROVINSI":"JAWA BARAT","ID_KABKOT":"32.75","KABKOT":"KOTA BEKASI","ID_KEC":"32.75.03","KECAMATAN":"BEKASI UTARA","ID_DESA":"32.75.03.1005","DESA":"MARGAMULYA","LONGITUDE":"107.0030814","LATITUDE":"-6.228771699999999","STATUS":"BUKA","TANGGAL PENGUMPULAN":"Q2 2025","TANGGAL UPDATE":"20/06/2025"}},{"type":"Feature","geometry":{"coordinates":[107.0189085,-6.2959942],"type":"Point"},"properties":{"NAMA":"BANK BRI ATM - KLINIK UMI RAHMA","TIPE_1":"LAYANAN ATAU JASA","TIPE_2":"ATM","TIPE_3":"BRI","TELEPON":"(021) 14017","ALAMAT":"JL. MUSTIKA JAYA NO.6, RT.003/RW.007, MUSTIKASARI, MUSTIKA JAYA, BEKASI, WEST JAVA 17155","ID_PROV":"32","PROVINSI":"JAWA BARAT","ID_KABKOT":"32.75","KABKOT":"KOTA BEKASI","ID_KEC":"32.75.11","KECAMATAN":"MUSTIKAJAYA","ID_DESA":"32.75.11.1003","DESA":"MUSTIKAJAYA","LONGITUDE":"107.0189085","LATITUDE":"-6.2959942","STATUS":"BUKA","TANGGAL PENGUMPULAN":"Q2 2025","TANGGAL UPDATE":"20/06/2025"}},{"type":"Feature","geometry":{"coordinates":[106.9993364,-6.242044],"type":"Point"},"properties":{"NAMA":"BANK BRI ATM - KODIM BEKASI","TIPE_1":"LAYANAN ATAU JASA","TIPE_2":"ATM","TIPE_3":"BRI","TELEPON":"(021) 14017","ALAMAT":"JL. VETERAN NO.58, RT.006/RW.006, MARGA JAYA, BEKASI SELATAN, BEKASI, WEST JAVA 17141","ID_PROV":"32","PROVINSI":"JAWA BARAT","ID_KABKOT":"32.75","KABKOT":"KOTA BEKASI","ID_KEC":"32.75.04","KECAMATAN":"BEKASI SELATAN","ID_DESA":"32.75.04.1002","DESA":"MARGAJAYA","LONGITUDE":"106.99933639999999","LATITUDE":"-6.242044","STATUS":"BUKA","TANGGAL PENGUMPULAN":"Q2 2025","TANGGAL UPDATE":"20/06/2025"}},{"type":"Feature","geometry":{"coordinates":[106.925885,-6.3119],"type":"Point"},"properties":{"NAMA":"BANK BRI ATM - KOMPLEK BULOG","TIPE_1":"LAYANAN ATAU JASA","TIPE_2":"ATM","TIPE_3":"BRI","TELEPON":"(021) 14017","ALAMAT":"JL. RAYA HANKAM NO.34, RT.001/RW.005, JATIMELATI, PONDOK MELATI, BEKASI, WEST JAVA 17432","ID_PROV":"32","PROVINSI":"JAWA BARAT","ID_KABKOT":"32.75","KABKOT":"KOTA BEKASI","ID_KEC":"32.75.12","KECAMATAN":"PONDOKMELATI","ID_DESA":"32.75.12.1003","DESA":"JATIMELATI","LONGITUDE":"106.925885","LATITUDE":"-6.3119","STATUS":"BUKA","TANGGAL PENGUMPULAN":"Q2 2025","TANGGAL UPDATE":"20/06/2025"}},{"type":"Feature","geometry":{"coordinates":[106.9929604,-6.2562434],"type":"Point"},"properties":{"NAMA":"BANK BRI ATM - LOTTE MART BEKASI","TIPE_1":"LAYANAN ATAU JASA","TIPE_2":"ATM","TIPE_3":"BRI","TELEPON":"(021) 14017","ALAMAT":"JL. H. JUANDA NO.89, RT.003/RW.004, MARGA JAYA, BEKASI SELATAN, BEKASI, WEST JAVA 17113","ID_PROV":"32","PROVINSI":"JAWA BARAT","ID_KABKOT":"32.75","KABKOT":"KOTA BEKASI","ID_KEC":"32.75.04","KECAMATAN":"BEKASI SELATAN","ID_DESA":"32.75.04.1002","DESA":"MARGAJAYA","LONGITUDE":"106.9929604","LATITUDE":"-6.2562434","STATUS":"BUKA","TANGGAL PENGUMPULAN":"Q2 2025","TANGGAL UPDATE":"20/06/2025"}},{"type":"Feature","geometry":{"coordinates":[107.00569929999999,-6.2427053],"type":"Point"},"properties":{"NAMA":"BANK BRI ATM - MAHKAMAH KONSTITUSI BEKASI","TIPE_1":"LAYANAN ATAU JASA","TIPE_2":"ATM","TIPE_3":"BRI","TELEPON":"(021) 14017","ALAMAT":"JL. INSINYUR H. JUANDA NO.1, RT.001/RW.004, BEKASI JAYA, BEKASI TIMUR, BEKASI, WEST JAVA 17112","ID_PROV":"32","PROVINSI":"JAWA BARAT","ID_KABKOT":"32.75","KABKOT":"KOTA BEKASI","ID_KEC":"32.75.01","KECAMATAN":"BEKASI TIMUR","ID_DESA":"32.75.01.1001","DESA":"BEKASIJAYA","LONGITUDE":"107.00569929999999","LATITUDE":"-6.2427053","STATUS":"BUKA","TANGGAL PENGUMPULAN":"Q2 2025","TANGGAL UPDATE":"20/06/2025"}},{"type":"Feature","geometry":{"coordinates":[107.0010293,-6.225818],"type":"Point"},"properties":{"NAMA":"BANK BRI ATM - MALL SUMMARECON","TIPE_1":"LAYANAN ATAU JASA","TIPE_2":"ATM","TIPE_3":"BRI","TELEPON":"(021) 14017","ALAMAT":"JL. BULEVAR AHMAD YANI, RT.006/RW.002, MARGA MULYA, BEKASI UTARA, BEKASI, WEST JAVA 17142","ID_PROV":"32","PROVINSI":"JAWA BARAT","ID_KABKOT":"32.75","KABKOT":"KOTA BEKASI","ID_KEC":"32.75.03","KECAMATAN":"BEKASI UTARA","ID_DESA":"32.75.03.1005","DESA":"MARGAMULYA","LONGITUDE":"107.0010293","LATITUDE":"-6.225817999999999","STATUS":"BUKA","TANGGAL PENGUMPULAN":"Q2 2025","TANGGAL UPDATE":"20/06/2025"}},{"type":"Feature","geometry":{"coordinates":[106.9881516,-6.2079312],"type":"Point"},"properties":{"NAMA":"BANK BRI ATM - PANCASARI SEROJA","TIPE_1":"LAYANAN ATAU JASA","TIPE_2":"ATM","TIPE_3":"BRI","TELEPON":"(021) 14017","ALAMAT":"CEMPAKA I NO.243, RT.005/RW.006, HARAPAN JAYA, BEKASI UTARA, BEKASI, WEST JAVA 17124","ID_PROV":"32","PROVINSI":"JAWA BARAT","ID_KABKOT":"32.75","KABKOT":"KOTA BEKASI","ID_KEC":"32.75.03","KECAMATAN":"BEKASI UTARA","ID_DESA":"32.75.03.1006","DESA":"HARAPANJAYA","LONGITUDE":"106.9881516","LATITUDE":"-6.2079312","STATUS":"BUKA","TANGGAL PENGUMPULAN":"Q2 2025","TANGGAL UPDATE":"20/06/2025"}},{"type":"Feature","geometry":{"coordinates":[106.9882431,-6.2060494],"type":"Point"},"properties":{"NAMA":"BANK BRI ATM - PANCASARI SEROJA","TIPE_1":"LAYANAN ATAU JASA","TIPE_2":"ATM","TIPE_3":"BRI","TELEPON":"(021) 14017","ALAMAT":"NO.2 KOMPLEK BARATA KOTA BKS, JL. MAWAR, RT.005/RW.005, HARAPAN JAYA, BEKASI UTARA, BEKASI, WEST JAVA 17124","ID_PROV":"32","PROVINSI":"JAWA BARAT","ID_KABKOT":"32.75","KABKOT":"KOTA BEKASI","ID_KEC":"32.75.03","KECAMATAN":"BEKASI UTARA","ID_DESA":"32.75.03.1006","DESA":"HARAPANJAYA","LONGITUDE":"106.98824309999999","LATITUDE":"-6.2060493999999995","STATUS":"BUKA","TANGGAL PENGUMPULAN":"Q2 2025","TANGGAL UPDATE":"20/06/2025"}},{"type":"Feature","geometry":{"coordinates":[107.00165,-6.23016],"type":"Point"},"properties":{"NAMA":"BANK BRI ATM - PDAM TIRTA PATRIOT BEKASI","TIPE_1":"LAYANAN ATAU JASA","TIPE_2":"ATM","TIPE_3":"BRI","TELEPON":"(021) 14017","ALAMAT":"JL. RAYA PERJUANGAN NO.99, RT.003/RW.011, HARAPAN BARU, BEKASI UTARA, BEKASI, WEST JAVA 17123","ID_PROV":"32","PROVINSI":"JAWA BARAT","ID_KABKOT":"32.75","KABKOT":"KOTA BEKASI","ID_KEC":"32.75.03","KECAMATAN":"BEKASI UTARA","ID_DESA":"32.75.03.1005","DESA":"MARGAMULYA","LONGITUDE":"107.00165","LATITUDE":"-6.23016","STATUS":"BUKA","TANGGAL PENGUMPULAN":"Q2 2025","TANGGAL UPDATE":"20/06/2025"}},{"type":"Feature","geometry":{"coordinates":[106.9842025,-6.2140706],"type":"Point"},"properties":{"NAMA":"BANK BRI ATM - PERUMAHAN HARAPAN","TIPE_1":"LAYANAN ATAU JASA","TIPE_2":"ATM","TIPE_3":"BRI","TELEPON":"(021) 14017","ALAMAT":"JL. CEMARA PERMAI NO.78, RT.002/RW.010, HARAPAN JAYA, BEKASI UTARA, BEKASI, WEST JAVA 17124","ID_PROV":"32","PROVINSI":"JAWA BARAT","ID_KABKOT":"32.75","KABKOT":"KOTA BEKASI","ID_KEC":"32.75.03","KECAMATAN":"BEKASI UTARA","ID_DESA":"32.75.03.1006","DESA":"HARAPANJAYA","LONGITUDE":"106.9842025","LATITUDE":"-6.2140705999999994","STATUS":"BUKA","TANGGAL PENGUMPULAN":"Q2 2025","TANGGAL UPDATE":"20/06/2025"}},{"type":"Feature","geometry":{"coordinates":[106.9157551,-6.375158],"type":"Point"},"properties":{"NAMA":"BANK BRI ATM - PLAZA CIBUBUR","TIPE_1":"LAYANAN ATAU JASA","TIPE_2":"ATM","TIPE_3":"BRI","TELEPON":"(021) 14017","ALAMAT":"JL. ALTERNATIF CIBUBUR NO.6A, RT.4/RW.010, KOTA ADM, JATISAMPURNA, BEKASI, JAKARTA","ID_PROV":"32","PROVINSI":"JAWA BARAT","ID_KABKOT":"32.75","KABKOT":"KOTA BEKASI","ID_KEC":"32.75.10","KECAMATAN":"JATISAMPURNA","ID_DESA":"32.75.10.1001","DESA":"JATISAMPURNA","LONGITUDE":"106.9157551","LATITUDE":"-6.375158","STATUS":"BUKA","TANGGAL PENGUMPULAN":"Q2 2025","TANGGAL UPDATE":"20/06/2025"}},{"type":"Feature","geometry":{"coordinates":[106.958595,-6.297249],"type":"Point"},"properties":{"NAMA":"BANK BRI ATM - PT. DAKOTA CARGO","TIPE_1":"LAYANAN ATAU JASA","TIPE_2":"ATM","TIPE_3":"BRI","TELEPON":"(021) 14017","ALAMAT":"JL. WIBAWA MUKTI II NO.38, RT.003/RW.005, KOTA ADM, JATIASIH, BEKASI, WEST JAVA 17423","ID_PROV":"32","PROVINSI":"JAWA BARAT","ID_KABKOT":"32.75","KABKOT":"KOTA BEKASI","ID_KEC":"32.75.09","KECAMATAN":"JATIASIH","ID_DESA":"32.75.09.1002","DESA":"JATIASIH","LONGITUDE":"106.95859499999999","LATITUDE":"-6.297249","STATUS":"BUKA","TANGGAL PENGUMPULAN":"Q2 2025","TANGGAL UPDATE":"20/06/2025"}},{"type":"Feature","geometry":{"coordinates":[107.0080036,-6.2823037],"type":"Point"},"properties":{"NAMA":"BANK BRI ATM - PT. WAHANA MOVER","TIPE_1":"LAYANAN ATAU JASA","TIPE_2":"ATM","TIPE_3":"BRI","TELEPON":"(021) 14017","ALAMAT":"SAKTI, JL. RAYA NAROGONG NO.5 B BLOK A13, RT.003/RW.013, PENGASINAN, RAWA LUMBU, BEKASI, WEST JAVA 17116","ID_PROV":"32","PROVINSI":"JAWA BARAT","ID_KABKOT":"32.75","KABKOT":"KOTA BEKASI","ID_KEC":"32.75.05","KECAMATAN":"RAWALUMBU","ID_DESA":"32.75.05.1002","DESA":"PENGASINAN","LONGITUDE":"107.0080036","LATITUDE":"-6.2823037","STATUS":"BUKA","TANGGAL PENGUMPULAN":"Q2 2025","TANGGAL UPDATE":"20/06/2025"}},{"type":"Feature","geometry":{"coordinates":[107.016358,-6.3087646],"type":"Point"},"properties":{"NAMA":"BANK BRI ATM - RS MUSTIKA MEDIKA","TIPE_1":"LAYANAN ATAU JASA","TIPE_2":"ATM","TIPE_3":"BRI","TELEPON":"(021) 14017","ALAMAT":"JL. KLP. DUA NO.113, RT.003/RW.008, PADURENAN, MUSTIKA JAYA, BEKASI, WEST JAVA 16340","ID_PROV":"32","PROVINSI":"JAWA BARAT","ID_KABKOT":"32.75","KABKOT":"KOTA BEKASI","ID_KEC":"32.75.11","KECAMATAN":"MUSTIKAJAYA","ID_DESA":"32.75.11.1001","DESA":"PADURENAN","LONGITUDE":"107.016358","LATITUDE":"-6.3087646","STATUS":"BUKA","TANGGAL PENGUMPULAN":"Q2 2025","TANGGAL UPDATE":"20/06/2025"}},{"type":"Feature","geometry":{"coordinates":[107.0221514,-6.2229937],"type":"Point"},"properties":{"NAMA":"BANK BRI ATM - RS. ANNA","TIPE_1":"LAYANAN ATAU JASA","TIPE_2":"ATM","TIPE_3":"BRI","TELEPON":"(021) 14017","ALAMAT":"JL. RAYA PERJUANGAN NO.45, RT.003/RW.003, HARAPAN BARU, BEKASI UTARA, BEKASI, WEST JAVA 17123","ID_PROV":"32","PROVINSI":"JAWA BARAT","ID_KABKOT":"32.75","KABKOT":"KOTA BEKASI","ID_KEC":"32.75.03","KECAMATAN":"BEKASI UTARA","ID_DESA":"32.75.03.1003","DESA":"HARAPANBARU","LONGITUDE":"107.0221514","LATITUDE":"-6.2229937","STATUS":"BUKA","TANGGAL PENGUMPULAN":"Q2 2025","TANGGAL UPDATE":"20/06/2025"}},{"type":"Feature","geometry":{"coordinates":[107.0034646,-6.2217942],"type":"Point"},"properties":{"NAMA":"BANK BRI ATM - RS. BERSALIN CAHAYA AMELIA","TIPE_1":"LAYANAN ATAU JASA","TIPE_2":"ATM","TIPE_3":"BRI","TELEPON":"(021) 14017","ALAMAT":"JL. KH. MUCHTAR TABRANI NO.2 4, RT.006/RW.001, KOTA BARU, KEC. BEKASI UTARA, KOTA BKS, JAWA BARAT 17142","ID_PROV":"32","PROVINSI":"JAWA BARAT","ID_KABKOT":"32.75","KABKOT":"KOTA BEKASI","ID_KEC":"32.75.03","KECAMATAN":"BEKASI UTARA","ID_DESA":"32.75.03.1002","DESA":"PERWIRA","LONGITUDE":"107.0034646","LATITUDE":"-6.2217942","STATUS":"BUKA","TANGGAL PENGUMPULAN":"Q2 2025","TANGGAL UPDATE":"20/06/2025"}},{"type":"Feature","geometry":{"coordinates":[107.02541509999999,-6.2800399],"type":"Point"},"properties":{"NAMA":"BANK BRI ATM - RS. HOSANA MEDICA PILAR","TIPE_1":"LAYANAN ATAU JASA","TIPE_2":"ATM","TIPE_3":"BRI","TELEPON":"(021) 14017","ALAMAT":"GG. MUSHOLA AL BARKAH NO.135, RT.001/RW.001, MUSTIKAJAYA, MUSTIKA JAYA, BEKASI, WEST JAVA 17158","ID_PROV":"32","PROVINSI":"JAWA BARAT","ID_KABKOT":"32.75","KABKOT":"KOTA BEKASI","ID_KEC":"32.75.11","KECAMATAN":"MUSTIKAJAYA","ID_DESA":"32.75.11.1003","DESA":"MUSTIKAJAYA","LONGITUDE":"107.02541509999999","LATITUDE":"-6.280039899999999","STATUS":"BUKA","TANGGAL PENGUMPULAN":"Q2 2025","TANGGAL UPDATE":"20/06/2025"}},{"type":"Feature","geometry":{"coordinates":[106.9209492,-6.2962037],"type":"Point"},"properties":{"NAMA":"BANK BRI ATM - RS. JATIRAHAYU","TIPE_1":"LAYANAN ATAU JASA","TIPE_2":"ATM","TIPE_3":"BRI","TELEPON":"(021) 14017","ALAMAT":"JL. RAYA HANKAM NO.165, RT.003/RW.008, JATIRAHAYU, PONDOK MELATI, BEKASI, WEST JAVA 17414","ID_PROV":"32","PROVINSI":"JAWA BARAT","ID_KABKOT":"32.75","KABKOT":"KOTA BEKASI","ID_KEC":"32.75.12","KECAMATAN":"PONDOKMELATI","ID_DESA":"32.75.12.1001","DESA":"JATIRAHAYU","LONGITUDE":"106.9209492","LATITUDE":"-6.2962036999999995","STATUS":"BUKA","TANGGAL PENGUMPULAN":"Q2 2025","TANGGAL UPDATE":"20/06/2025"}},{"type":"Feature","geometry":{"coordinates":[107.0123375,-6.3179177],"type":"Point"},"properties":{"NAMA":"BANK BRI ATM - RS. SATRIA MEDIKA","TIPE_1":"LAYANAN ATAU JASA","TIPE_2":"ATM","TIPE_3":"BRI","TELEPON":"(021) 14017","ALAMAT":"JL. BANTAR JATI GEBANG SETU NO.25, RT.003/RW.007, PADURENAN, MUSTIKA JAYA, BEKASI, WEST JAVA 16340","ID_PROV":"32","PROVINSI":"JAWA BARAT","ID_KABKOT":"32.75","KABKOT":"KOTA BEKASI","ID_KEC":"32.75.11","KECAMATAN":"MUSTIKAJAYA","ID_DESA":"32.75.11.1001","DESA":"PADURENAN","LONGITUDE":"107.0123375","LATITUDE":"-6.3179177","STATUS":"BUKA","TANGGAL PENGUMPULAN":"Q2 2025","TANGGAL UPDATE":"20/06/2025"}},{"type":"Feature","geometry":{"coordinates":[107.0277628,-6.3194105],"type":"Point"},"properties":{"NAMA":"BANK BRI ATM - SPBU 34-17149 CIMUNING","TIPE_1":"LAYANAN ATAU JASA","TIPE_2":"ATM","TIPE_3":"BRI","TELEPON":"(021) 14017","ALAMAT":"JL. RAYA CIMUNING NO.14, RT.003/RW.007, CIMUNING, MUSTIKA JAYA, KOTA ADM, WEST JAVA 17155","ID_PROV":"32","PROVINSI":"JAWA BARAT","ID_KABKOT":"32.75","KABKOT":"KOTA BEKASI","ID_KEC":"32.75.11","KECAMATAN":"MUSTIKAJAYA","ID_DESA":"32.75.11.1002","DESA":"CIMUNING","LONGITUDE":"107.02776279999999","LATITUDE":"-6.3194105","STATUS":"BUKA","TANGGAL PENGUMPULAN":"Q2 2025","TANGGAL UPDATE":"20/06/2025"}},{"type":"Feature","geometry":{"coordinates":[107.01248,-6.2493099],"type":"Point"},"properties":{"NAMA":"BANK BRI ATM - STRADA KOMPLEKS BUDI LUHUR","TIPE_1":"LAYANAN ATAU JASA","TIPE_2":"ATM","TIPE_3":"BRI","TELEPON":"(021) 14017","ALAMAT":"JL. INSINYUR H. JUANDA NO.164, RT.002/RW.009, KOTA ADM, BEKASI TIMUR, BEKASI, WEST JAVA 17113","ID_PROV":"32","PROVINSI":"JAWA BARAT","ID_KABKOT":"32.75","KABKOT":"KOTA BEKASI","ID_KEC":"32.75.01","KECAMATAN":"BEKASI TIMUR","ID_DESA":"32.75.01.1002","DESA":"MARGAHAYU","LONGITUDE":"107.01248","LATITUDE":"-6.2493099","STATUS":"BUKA","TANGGAL PENGUMPULAN":"Q2 2025","TANGGAL UPDATE":"20/06/2025"}},{"type":"Feature","geometry":{"coordinates":[106.9243672,-6.337089],"type":"Point"},"properties":{"NAMA":"BANK BRI ATM - STRADA KOMPLEKS NAWAR","TIPE_1":"LAYANAN ATAU JASA","TIPE_2":"ATM","TIPE_3":"BRI","TELEPON":"(021) 14017","ALAMAT":"JL. RAYA HANKAM NO.85, RT.004/RW.005, JATIRANGGON, JATISAMPURNA, KOTA ADM, JAKARTA 17432","ID_PROV":"32","PROVINSI":"JAWA BARAT","ID_KABKOT":"32.75","KABKOT":"KOTA BEKASI","ID_KEC":"32.75.10","KECAMATAN":"JATISAMPURNA","ID_DESA":"32.75.10.1003","DESA":"JATIRANGGON","LONGITUDE":"106.92436719999999","LATITUDE":"-6.337089","STATUS":"BUKA","TANGGAL PENGUMPULAN":"Q2 2025","TANGGAL UPDATE":"20/06/2025"}},{"type":"Feature","geometry":{"coordinates":[106.9422702,-6.2876789],"type":"Point"},"properties":{"NAMA":"BANK BRI ATM - SUPERINDO JATI KRAMAT","TIPE_1":"LAYANAN ATAU JASA","TIPE_2":"ATM","TIPE_3":"BRI","TELEPON":"(021) 14017","ALAMAT":"JL. RAYA JATIKRAMAT NO.4 3, RT.004/RW.001, JATIKRAMAT, KEC. JATIASIH, KOTA BKS, JAWA BARAT 17421","ID_PROV":"32","PROVINSI":"JAWA BARAT","ID_KABKOT":"32.75","KABKOT":"KOTA BEKASI","ID_KEC":"32.75.09","KECAMATAN":"JATIASIH","ID_DESA":"32.75.09.1003","DESA":"JATIKRAMAT","LONGITUDE":"106.9422702","LATITUDE":"-6.2876788999999995","STATUS":"BUKA","TANGGAL PENGUMPULAN":"Q2 2025","TANGGAL UPDATE":"20/06/2025"}},{"type":"Feature","geometry":{"coordinates":[106.9213981,-6.351539],"type":"Point"},"properties":{"NAMA":"BANK BRI ATM - TOKO DAGING NUSANTARA","TIPE_1":"LAYANAN ATAU JASA","TIPE_2":"ATM","TIPE_3":"BRI","TELEPON":"(021) 14017","ALAMAT":"JL. RAYA KRANGGAN NO.41, RT.003/RW.008, JATIRADEN, JATISAMPURNA, BEKASI, WEST JAVA 17432","ID_PROV":"32","PROVINSI":"JAWA BARAT","ID_KABKOT":"32.75","KABKOT":"KOTA BEKASI","ID_KEC":"32.75.10","KECAMATAN":"JATISAMPURNA","ID_DESA":"32.75.10.1005","DESA":"JATIRADEN","LONGITUDE":"106.92139809999999","LATITUDE":"-6.351539","STATUS":"BUKA","TANGGAL PENGUMPULAN":"Q2 2025","TANGGAL UPDATE":"20/06/2025"}},{"type":"Feature","geometry":{"coordinates":[106.99150979999999,-6.313436],"type":"Point"},"properties":{"NAMA":"BANK BRI ATM - UNIT BRI BANTARGEBANG","TIPE_1":"LAYANAN ATAU JASA","TIPE_2":"ATM","TIPE_3":"BRI","TELEPON":"(021) 14017","ALAMAT":"JL. RAYA BANTAR GEBANG - SETU NO.46, RT.003/RW.003, BANTARGEBANG, BANTAR GEBANG, BEKASI, WEST JAVA 17151","ID_PROV":"32","PROVINSI":"JAWA BARAT","ID_KABKOT":"32.75","KABKOT":"KOTA BEKASI","ID_KEC":"32.75.07","KECAMATAN":"BANTARGEBANG","ID_DESA":"32.75.07.1003","DESA":"BANTARGEBANG","LONGITUDE":"106.99150979999999","LATITUDE":"-6.313435999999999","STATUS":"BUKA","TANGGAL PENGUMPULAN":"Q2 2025","TANGGAL UPDATE":"20/06/2025"}},{"type":"Feature","geometry":{"coordinates":[106.97384,-6.2337862],"type":"Point"},"properties":{"NAMA":"BANK BRI ATM - UNIT BRI KRANJI","TIPE_1":"LAYANAN ATAU JASA","TIPE_2":"ATM","TIPE_3":"BRI","TELEPON":"(021) 14017","ALAMAT":"JL. BERINGIN RAYA NO.2, RT.005/RW.004, KRANJI, BEKASI BARAT, BEKASI, WEST JAVA 17135","ID_PROV":"32","PROVINSI":"JAWA BARAT","ID_KABKOT":"32.75","KABKOT":"KOTA BEKASI","ID_KEC":"32.75.02","KECAMATAN":"BEKASI BARAT","ID_DESA":"32.75.02.1002","DESA":"KRANJI","LONGITUDE":"106.97384","LATITUDE":"-6.2337862","STATUS":"BUKA","TANGGAL PENGUMPULAN":"Q2 2025","TANGGAL UPDATE":"20/06/2025"}},{"type":"Feature","geometry":{"coordinates":[107.0160693,-6.3207167],"type":"Point"},"properties":{"NAMA":"BANK BRI ATM - UNIT BRI PEDURENAN TAMBUN","TIPE_1":"LAYANAN ATAU JASA","TIPE_2":"ATM","TIPE_3":"BRI","TELEPON":"(021) 14017","ALAMAT":"RUKO ZAMBRUD BLOK B1 9, JL. DUKUH ZAMRUD NO.9, RT.001/RW.017, PADURENAN, MUSTIKA JAYA, BEKASI, WEST JAVA 17156","ID_PROV":"32","PROVINSI":"JAWA BARAT","ID_KABKOT":"32.75","KABKOT":"KOTA BEKASI","ID_KEC":"32.75.11","KECAMATAN":"MUSTIKAJAYA","ID_DESA":"32.75.11.1001","DESA":"PADURENAN","LONGITUDE":"107.0160693","LATITUDE":"-6.320716699999999","STATUS":"BUKA","TANGGAL PENGUMPULAN":"Q2 2025","TANGGAL UPDATE":"20/06/2025"}},{"type":"Feature","geometry":{"coordinates":[107.002825,-6.176134],"type":"Point"},"properties":{"NAMA":"BANK BRI ATM - UNIT BRI PONDOK UNGU PERMAI BEKASI","TIPE_1":"LAYANAN ATAU JASA","TIPE_2":"ATM","TIPE_3":"BRI","TELEPON":"(021) 14017","ALAMAT":"JL. PADI RAYA, RT.001/RW.013, CENTRAL KALIABANG, BEKASI UTARA, BEKASI, WEST JAVA 17125","ID_PROV":"32","PROVINSI":"JAWA BARAT","ID_KABKOT":"32.75","KABKOT":"KOTA BEKASI","ID_KEC":"32.75.03","KECAMATAN":"BEKASI UTARA","ID_DESA":"32.75.03.1001","DESA":"KALIABANG TENGAH","LONGITUDE":"107.002825","LATITUDE":"-6.176133999999999","STATUS":"BUKA","TANGGAL PENGUMPULAN":"Q2 2025","TANGGAL UPDATE":"20/06/2025"}},{"type":"Feature","geometry":{"coordinates":[106.9481641,-6.2495568],"type":"Point"},"properties":{"NAMA":"BANK BRI ATM - UNIT BRI SUMBER ARTA","TIPE_1":"LAYANAN ATAU JASA","TIPE_2":"ATM","TIPE_3":"BRI","TELEPON":"(021) 14017","ALAMAT":"JL. RAYA KALIMALANG NO.33D, RT.003/RW.003, BINTARA JAYA, BEKASI BARAT, BEKASI, WEST JAVA 17136","ID_PROV":"32","PROVINSI":"JAWA BARAT","ID_KABKOT":"32.75","KABKOT":"KOTA BEKASI","ID_KEC":"32.75.02","KECAMATAN":"BEKASI BARAT","ID_DESA":"32.75.02.1004","DESA":"BINTARAJAYA","LONGITUDE":"106.9481641","LATITUDE":"-6.2495568","STATUS":"BUKA","TANGGAL PENGUMPULAN":"Q2 2025","TANGGAL UPDATE":"20/06/2025"}},{"type":"Feature","geometry":{"coordinates":[106.93889329999999,-6.2951217],"type":"Point"},"properties":{"NAMA":"BANK BRI ATM - UNIT BRI TELUK BELITUNG SELAT PANJ","TIPE_1":"LAYANAN ATAU JASA","TIPE_2":"ATM","TIPE_3":"BRI","TELEPON":"(021) 14017","ALAMAT":"RT.004/RW.023, JATIRAHAYU, PONDOK MELATI, BEKASI, WEST JAVA","ID_PROV":"32","PROVINSI":"JAWA BARAT","ID_KABKOT":"32.75","KABKOT":"KOTA BEKASI","ID_KEC":"32.75.12","KECAMATAN":"PONDOKMELATI","ID_DESA":"32.75.12.1001","DESA":"JATIRAHAYU","LONGITUDE":"106.93889329999999","LATITUDE":"-6.2951217","STATUS":"BUKA","TANGGAL PENGUMPULAN":"Q2 2025","TANGGAL UPDATE":"20/06/2025"}},{"type":"Feature","geometry":{"coordinates":[107.0232564,-6.2220793],"type":"Point"},"properties":{"NAMA":"BANK BRI ATM - UNIT BRI WISMA ASRI BEKASI","TIPE_1":"LAYANAN ATAU JASA","TIPE_2":"ATM","TIPE_3":"BRI","TELEPON":"(021) 14017","ALAMAT":"JL. RAYA PERJUANGAN NO.54 BLOK M, RT.001/RW.031, TELUK PUCUNG, BEKASI UTARA, BEKASI, WEST JAVA 17121","ID_PROV":"32","PROVINSI":"JAWA BARAT","ID_KABKOT":"32.75","KABKOT":"KOTA BEKASI","ID_KEC":"32.75.03","KECAMATAN":"BEKASI UTARA","ID_DESA":"32.75.03.1004","DESA":"TELUK PUCUNG","LONGITUDE":"107.0232564","LATITUDE":"-6.2220793","STATUS":"BUKA","TANGGAL PENGUMPULAN":"Q2 2025","TANGGAL UPDATE":"20/06/2025"}},{"type":"Feature","geometry":{"coordinates":[106.9189081,-6.3698803],"type":"Point"},"properties":{"NAMA":"BANK BRI ATM - UNIT JT SAMPURNA","TIPE_1":"LAYANAN ATAU JASA","TIPE_2":"ATM","TIPE_3":"BRI","TELEPON":"(021) 14017","ALAMAT":"RT.005/RW.011, KOTA ADM. JAKARTA TIMUR, JATISAMPURNA, BEKASI, JAKARTA 17433","ID_PROV":"32","PROVINSI":"JAWA BARAT","ID_KABKOT":"32.75","KABKOT":"KOTA BEKASI","ID_KEC":"32.75.10","KECAMATAN":"JATISAMPURNA","ID_DESA":"32.75.10.1001","DESA":"JATISAMPURNA","LONGITUDE":"106.9189081","LATITUDE":"-6.369880299999999","STATUS":"BUKA","TANGGAL PENGUMPULAN":"Q2 2025","TANGGAL UPDATE":"20/06/2025"}},{"type":"Feature","geometry":{"coordinates":[107.0056928,-6.2426999],"type":"Point"},"properties":{"NAMA":"BANK BRI ATM - UNIT PEJUANG","TIPE_1":"LAYANAN ATAU JASA","TIPE_2":"ATM","TIPE_3":"BRI","TELEPON":"(021) 14017","ALAMAT":"JL. INSINYUR H. JUANDA NO.1, RT.001/RW.004, BEKASI JAYA, BEKASI TIMUR, BEKASI, WEST JAVA 17112","ID_PROV":"32","PROVINSI":"JAWA BARAT","ID_KABKOT":"32.75","KABKOT":"KOTA BEKASI","ID_KEC":"32.75.01","KECAMATAN":"BEKASI TIMUR","ID_DESA":"32.75.01.1001","DESA":"BEKASIJAYA","LONGITUDE":"107.00569279999999","LATITUDE":"-6.2426999","STATUS":"BUKA","TANGGAL PENGUMPULAN":"Q2 2025","TANGGAL UPDATE":"20/06/2025"}},{"type":"Feature","geometry":{"coordinates":[107.00549319999999,-6.2046121],"type":"Point"},"properties":{"NAMA":"BANK BRI ATM - UNIT PERWIRA (EX SPBU 34-17140 ASSYUFI POINT)","TIPE_1":"LAYANAN ATAU JASA","TIPE_2":"ATM","TIPE_3":"BRI","TELEPON":"(021) 14017","ALAMAT":"JL. PERMATA HIJAU PERMAI NO.5, RT.004/RW.006, PERWIRA, BEKASI UTARA, BEKASI, WEST JAVA 17124","ID_PROV":"32","PROVINSI":"JAWA BARAT","ID_KABKOT":"32.75","KABKOT":"KOTA BEKASI","ID_KEC":"32.75.03","KECAMATAN":"BEKASI UTARA","ID_DESA":"32.75.03.1002","DESA":"PERWIRA","LONGITUDE":"107.00549319999999","LATITUDE":"-6.204612099999999","STATUS":"BUKA","TANGGAL PENGUMPULAN":"Q2 2025","TANGGAL UPDATE":"20/06/2025"}},{"type":"Feature","geometry":{"coordinates":[107.009026,-6.234269],"type":"Point"},"properties":{"NAMA":"BANK BRI ATM - UNIT RAWALUMBU","TIPE_1":"LAYANAN ATAU JASA","TIPE_2":"ATM","TIPE_3":"BRI","TELEPON":"(021) 14017","ALAMAT":"JL. KIMANGUN SARKORO NO.46, RT.002/RW.007, BEKASI JAYA, BEKASI TIMUR, BEKASI, WEST JAVA 17112","ID_PROV":"32","PROVINSI":"JAWA BARAT","ID_KABKOT":"32.75","KABKOT":"KOTA BEKASI","ID_KEC":"32.75.01","KECAMATAN":"BEKASI TIMUR","ID_DESA":"32.75.01.1001","DESA":"BEKASIJAYA","LONGITUDE":"107.00902599999999","LATITUDE":"-6.234268999999999","STATUS":"BUKA","TANGGAL PENGUMPULAN":"Q2 2025","TANGGAL UPDATE":"20/06/2025"}},{"type":"Feature","geometry":{"coordinates":[106.922719,-6.346469],"type":"Point"},"properties":{"NAMA":"BANK BRI ATM - UNIVERSITAS MERCUBUANA","TIPE_1":"LAYANAN ATAU JASA","TIPE_2":"ATM","TIPE_3":"BRI","TELEPON":"(021) 14017","ALAMAT":"JL. RAYA KRANGGAN NO.27, RT.006/RW.005, JATIRANGGON, JATISAMPURNA, BEKASI, JAKARTA 17433","ID_PROV":"32","PROVINSI":"JAWA BARAT","ID_KABKOT":"32.75","KABKOT":"KOTA BEKASI","ID_KEC":"32.75.10","KECAMATAN":"JATISAMPURNA","ID_DESA":"32.75.10.1003","DESA":"JATIRANGGON","LONGITUDE":"106.922719","LATITUDE":"-6.346469","STATUS":"BUKA","TANGGAL PENGUMPULAN":"Q2 2025","TANGGAL UPDATE":"20/06/2025"}},{"type":"Feature","geometry":{"coordinates":[106.9075573,-6.2633869],"type":"Point"},"properties":{"NAMA":"BANK BRI ATM - UNKRIS","TIPE_1":"LAYANAN ATAU JASA","TIPE_2":"ATM","TIPE_3":"BRI","TELEPON":"(021) 14017","ALAMAT":"JL. UNKRIS NO.25, RT.009/RW.005, JATICEMPAKA, PONDOK GEDE, BEKASI, WEST JAVA","ID_PROV":"32","PROVINSI":"JAWA BARAT","ID_KABKOT":"32.75","KABKOT":"KOTA BEKASI","ID_KEC":"32.75.08","KECAMATAN":"PONDOKGEDE","ID_DESA":"32.75.08.1007","DESA":"JATICEMPAKA","LONGITUDE":"106.9075573","LATITUDE":"-6.2633868999999995","STATUS":"BUKA","TANGGAL PENGUMPULAN":"Q2 2025","TANGGAL UPDATE":"20/06/2025"}},{"type":"Feature","geometry":{"coordinates":[107.0329938,-6.3074553],"type":"Point"},"properties":{"NAMA":"BANK BRI ATM - YAYASAN TERATAI PUTIH GLOBA","TIPE_1":"LAYANAN ATAU JASA","TIPE_2":"ATM","TIPE_3":"BRI","TELEPON":"(021) 14017","ALAMAT":"JL. RAYA KEDAUNG NO.67, RT.002/RW.006, CIMUNING, MUSTIKA JAYA, BEKASI, WEST JAVA 17155","ID_PROV":"32","PROVINSI":"JAWA BARAT","ID_KABKOT":"32.75","KABKOT":"KOTA BEKASI","ID_KEC":"32.75.11","KECAMATAN":"MUSTIKAJAYA","ID_DESA":"32.75.11.1002","DESA":"CIMUNING","LONGITUDE":"107.0329938","LATITUDE":"-6.3074553","STATUS":"BUKA","TANGGAL PENGUMPULAN":"Q2 2025","TANGGAL UPDATE":"20/06/2025"}},{"type":"Feature","geometry":{"coordinates":[106.99256,-6.276874],"type":"Point"},"properties":{"NAMA":"BANK BRI ATM - YONIF 202","TIPE_1":"LAYANAN ATAU JASA","TIPE_2":"ATM","TIPE_3":"BRI","TELEPON":"(021) 14017","ALAMAT":"JL. RAYA SILIWANGI NO.54, RT.008/RW.001, BOJONG RAWALUMBU, RAWA LUMBU, BEKASI, WEST JAVA 17116","ID_PROV":"32","PROVINSI":"JAWA BARAT","ID_KABKOT":"32.75","KABKOT":"KOTA BEKASI","ID_KEC":"32.75.05","KECAMATAN":"RAWALUMBU","ID_DESA":"32.75.05.1001","DESA":"BOJONG RAWALUMBU","LONGITUDE":"106.99256","LATITUDE":"-6.276873999999999","STATUS":"BUKA","TANGGAL PENGUMPULAN":"Q2 2025","TANGGAL UPDATE":"20/06/2025"}},{"type":"Feature","geometry":{"coordinates":[107.0278627,-6.2824555],"type":"Point"},"properties":{"NAMA":"BANK BTN ATM","TIPE_1":"LAYANAN ATAU JASA","TIPE_2":"ATM","TIPE_3":"BTN","TELEPON":"(021) 1500678","ALAMAT":"RUKO PALAZZO MUTIARA GADING TIMUR, JL. SAKURA 2, RT.003/RW.031, MUSTIKAJAYA, KEC. BEKASI TIM., KABUPATEN BEKASI, JAWA BARAT 17158","ID_PROV":"32","PROVINSI":"JAWA BARAT","ID_KABKOT":"32.75","KABKOT":"KOTA BEKASI","ID_KEC":"32.75.11","KECAMATAN":"MUSTIKAJAYA","ID_DESA":"32.75.11.1003","DESA":"MUSTIKAJAYA","LONGITUDE":"107.0278627","LATITUDE":"-6.282455499999999","STATUS":"BUKA","TANGGAL PENGUMPULAN":"Q2 2025","TANGGAL UPDATE":"20/06/2025"}},{"type":"Feature","geometry":{"coordinates":[106.9895316,-6.1981272],"type":"Point"},"properties":{"NAMA":"BANK BTN ATM BATARA","TIPE_1":"LAYANAN ATAU JASA","TIPE_2":"ATM","TIPE_3":"BTN","TELEPON":"","ALAMAT":"JL. PEJUANG NO.34, RT.003/RW.002, HARAPAN JAYA, KEC. BEKASI UTARA, KOTA BKS, JAWA BARAT 17124","ID_PROV":"32","PROVINSI":"JAWA BARAT","ID_KABKOT":"32.75","KABKOT":"KOTA BEKASI","ID_KEC":"32.75.03","KECAMATAN":"BEKASI UTARA","ID_DESA":"32.75.03.1006","DESA":"HARAPANJAYA","LONGITUDE":"106.98953159999999","LATITUDE":"-6.1981272","STATUS":"BUKA","TANGGAL PENGUMPULAN":"Q2 2025","TANGGAL UPDATE":"20/06/2025"}},{"type":"Feature","geometry":{"coordinates":[107.0327997,-6.2356192],"type":"Point"},"properties":{"NAMA":"BANK BTN ATM BATARA","TIPE_1":"LAYANAN ATAU JASA","TIPE_2":"ATM","TIPE_3":"BTN","TELEPON":"","ALAMAT":"JL. NUSANTARA RAYA, RT.001/RW.020, AREN JAYA, KEC. BEKASI TIM., KOTA BKS, JAWA BARAT 17111","ID_PROV":"32","PROVINSI":"JAWA BARAT","ID_KABKOT":"32.75","KABKOT":"KOTA BEKASI","ID_KEC":"32.75.01","KECAMATAN":"BEKASI TIMUR","ID_DESA":"32.75.01.1004","DESA":"ARENJAYA","LONGITUDE":"107.0327997","LATITUDE":"-6.2356191999999995","STATUS":"BUKA","TANGGAL PENGUMPULAN":"Q2 2025","TANGGAL UPDATE":"20/06/2025"}},{"type":"Feature","geometry":{"coordinates":[106.97750579999999,-6.2069579],"type":"Point"},"properties":{"NAMA":"BANK BTN ATM BATARA","TIPE_1":"LAYANAN ATAU JASA","TIPE_2":"ATM","TIPE_3":"BTN","TELEPON":"","ALAMAT":"JL. SULTAN AGUNG, RT.001/RW.003, MEDAN SATRIA, KECAMATAN MEDAN SATRIA, KOTA BKS, JAWA BARAT 17132","ID_PROV":"32","PROVINSI":"JAWA BARAT","ID_KABKOT":"32.75","KABKOT":"KOTA BEKASI","ID_KEC":"32.75.06","KECAMATAN":"MEDANSATRIA","ID_DESA":"32.75.06.1001","DESA":"MEDANSATRIA","LONGITUDE":"106.97750579999999","LATITUDE":"-6.2069579","STATUS":"BUKA","TANGGAL PENGUMPULAN":"Q2 2025","TANGGAL UPDATE":"20/06/2025"}},{"type":"Feature","geometry":{"coordinates":[107.0278959,-6.2816883],"type":"Point"},"properties":{"NAMA":"BANK MUAMALAT ATM","TIPE_1":"LAYANAN ATAU JASA","TIPE_2":"ATM","TIPE_3":"MUAMALAT","TELEPON":"","ALAMAT":"RUKO PALAZZO, JL. SAKURA 2, RT.003/RW.031, MUSTIKAJAYA, KEC. BEKASI TIM., KABUPATEN BEKASI, JAWA BARAT 17158","ID_PROV":"32","PROVINSI":"JAWA BARAT","ID_KABKOT":"32.75","KABKOT":"KOTA BEKASI","ID_KEC":"32.75.11","KECAMATAN":"MUSTIKAJAYA","ID_DESA":"32.75.11.1003","DESA":"MUSTIKAJAYA","LONGITUDE":"107.02789589999999","LATITUDE":"-6.2816883","STATUS":"BUKA","TANGGAL PENGUMPULAN":"Q2 2025","TANGGAL UPDATE":"20/06/2025"}},{"type":"Feature","geometry":{"coordinates":[107.0014051,-6.2695321],"type":"Point"},"properties":{"NAMA":"BANK MUAMALAT ATM","TIPE_1":"LAYANAN ATAU JASA","TIPE_2":"ATM","TIPE_3":"MUAMALAT","TELEPON":"","ALAMAT":"ALFAMIDI, JL. PRAMUKA, RT.004/RW.002, SEPANJANG JAYA, KEC. RAWALUMBU, KABUPATEN BEKASI, JAWA BARAT 17114","ID_PROV":"32","PROVINSI":"JAWA BARAT","ID_KABKOT":"32.75","KABKOT":"KOTA BEKASI","ID_KEC":"32.75.05","KECAMATAN":"RAWALUMBU","ID_DESA":"32.75.05.1003","DESA":"SEPANJANGJAYA","LONGITUDE":"107.0014051","LATITUDE":"-6.269532099999999","STATUS":"BUKA","TANGGAL PENGUMPULAN":"Q2 2025","TANGGAL UPDATE":"20/06/2025"}},{"type":"Feature","geometry":{"coordinates":[106.9977454,-6.2031668],"type":"Point"},"properties":{"NAMA":"BANK MUAMALAT ATM","TIPE_1":"LAYANAN ATAU JASA","TIPE_2":"ATM","TIPE_3":"MUAMALAT","TELEPON":"","ALAMAT":"UBERMART, JALAN RAYA RAWA BUGEL NO.4, RT.001/RW.020, HARAPAN JAYA, KEC. BEKASI UTARA, KABUPATEN BEKASI, JAWA BARAT 17124","ID_PROV":"32","PROVINSI":"JAWA BARAT","ID_KABKOT":"32.75","KABKOT":"KOTA BEKASI","ID_KEC":"32.75.03","KECAMATAN":"BEKASI UTARA","ID_DESA":"32.75.03.1006","DESA":"HARAPANJAYA","LONGITUDE":"106.9977454","LATITUDE":"-6.2031668","STATUS":"BUKA","TANGGAL PENGUMPULAN":"Q2 2025","TANGGAL UPDATE":"20/06/2025"}},{"type":"Feature","geometry":{"coordinates":[106.9663214,-6.2133199],"type":"Point"},"properties":{"NAMA":"BCA ATM","TIPE_1":"LAYANAN ATAU JASA","TIPE_2":"ATM","TIPE_3":"BCA","TELEPON":"","ALAMAT":"ALFAMIDI, BLOK DA 2, JL. HARAPAN BARU BAR. NO.10 -12, RT.002/RW.018, KOTA BARU, KEC. BEKASI BAR., KOTA BKS, JAWA BARAT 17133","ID_PROV":"32","PROVINSI":"JAWA BARAT","ID_KABKOT":"32.75","KABKOT":"KOTA BEKASI","ID_KEC":"32.75.02","KECAMATAN":"BEKASI BARAT","ID_DESA":"32.75.02.1003","DESA":"KOTABARU","LONGITUDE":"106.9663214","LATITUDE":"-6.2133199","STATUS":"BUKA","TANGGAL PENGUMPULAN":"Q2 2025","TANGGAL UPDATE":"20/06/2025"}},{"type":"Feature","geometry":{"coordinates":[107.007047,-6.2385122],"type":"Point"},"properties":{"NAMA":"BCA ATM","TIPE_1":"LAYANAN ATAU JASA","TIPE_2":"ATM","TIPE_3":"BCA","TELEPON":"","ALAMAT":"JL. KIMANGUN SARKORO NO.35, RT.003/RW.006, BEKASI JAYA, KEC. BEKASI TIM., KOTA BKS, JAWA BARAT 17112","ID_PROV":"32","PROVINSI":"JAWA BARAT","ID_KABKOT":"32.75","KABKOT":"KOTA BEKASI","ID_KEC":"32.75.01","KECAMATAN":"BEKASI TIMUR","ID_DESA":"32.75.01.1001","DESA":"BEKASIJAYA","LONGITUDE":"107.007047","LATITUDE":"-6.2385122","STATUS":"BUKA","TANGGAL PENGUMPULAN":"Q2 2025","TANGGAL UPDATE":"20/06/2025"}},{"type":"Feature","geometry":{"coordinates":[106.9669268,-6.20229],"type":"Point"},"properties":{"NAMA":"BCA ATM","TIPE_1":"LAYANAN ATAU JASA","TIPE_2":"ATM","TIPE_3":"BCA","TELEPON":"","ALAMAT":"JL. HARAPAN BARU RAYA, RT.006/RW.007, MEDAN SATRIA, KECAMATAN MEDAN SATRIA, KOTA BKS, JAWA BARAT 17132","ID_PROV":"32","PROVINSI":"JAWA BARAT","ID_KABKOT":"32.75","KABKOT":"KOTA BEKASI","ID_KEC":"32.75.06","KECAMATAN":"MEDANSATRIA","ID_DESA":"32.75.06.1001","DESA":"MEDANSATRIA","LONGITUDE":"106.9669268","LATITUDE":"-6.20229","STATUS":"BUKA","TANGGAL PENGUMPULAN":"Q2 2025","TANGGAL UPDATE":"20/06/2025"}},{"type":"Feature","geometry":{"coordinates":[107.020704,-6.2583234],"type":"Point"},"properties":{"NAMA":"ATM MAYBANK","TIPE_1":"LAYANAN ATAU JASA","TIPE_2":"ATM","TIPE_3":"MAYBANK","TELEPON":"(021) 500611","ALAMAT":"BKS TRADE CENTER, JL. HM. JOYO MARTONO JL. PERUMAHAN BULAK KAPAL PERMAI, RT.003/RW.021, MARGAHAYU, KEC. BEKASI TIM., KOTA BKS, JAWA BARAT 17144","ID_PROV":"32","PROVINSI":"JAWA BARAT","ID_KABKOT":"32.75","KABKOT":"KOTA BEKASI","ID_KEC":"32.75.01","KECAMATAN":"BEKASI TIMUR","ID_DESA":"32.75.01.1002","DESA":"MARGAHAYU","LONGITUDE":"107.020704","LATITUDE":"-6.2583234","STATUS":"BUKA","TANGGAL PENGUMPULAN":"Q2 2025","TANGGAL UPDATE":"20/06/2025"}},{"type":"Feature","geometry":{"coordinates":[106.9306491,-6.3819725],"type":"Point"},"properties":{"NAMA":"ATM MAYBANK","TIPE_1":"LAYANAN ATAU JASA","TIPE_2":"ATM","TIPE_3":"MAYBANK","TELEPON":"(021) 29228888","ALAMAT":"JL. ALTERNATIF CIBUBUR KM.4, RT.002/RW.007, CILEUNGSI, KEC. GN. PUTRI, KABUPATEN BOGOR, JAWA BARAT 16968","ID_PROV":"32","PROVINSI":"JAWA BARAT","ID_KABKOT":"32.75","KABKOT":"KOTA BEKASI","ID_KEC":"32.75.10","KECAMATAN":"JATISAMPURNA","ID_DESA":"32.75.10.1004","DESA":"JATIRANGGA","LONGITUDE":"106.9306491","LATITUDE":"-6.3819725","STATUS":"BUKA","TANGGAL PENGUMPULAN":"Q2 2025","TANGGAL UPDATE":"20/06/2025"}},{"type":"Feature","geometry":{"coordinates":[106.91152,-6.284629],"type":"Point"},"properties":{"NAMA":"ATM MAYBANK","TIPE_1":"LAYANAN ATAU JASA","TIPE_2":"ATM","TIPE_3":"MAYBANK","TELEPON":"(021) 29228888","ALAMAT":"PONDOK GEDE PLAZA BLOK B1 NO. 14-16, RT.001/RW.12, JATIWARINGIN, KEC. PD. GEDE, KOTA BKS, JAWA BARAT 17411","ID_PROV":"32","PROVINSI":"JAWA BARAT","ID_KABKOT":"32.75","KABKOT":"KOTA BEKASI","ID_KEC":"32.75.08","KECAMATAN":"PONDOKGEDE","ID_DESA":"32.75.08.1001","DESA":"JATIWARINGIN","LONGITUDE":"106.91152","LATITUDE":"-6.284629","STATUS":"BUKA","TANGGAL PENGUMPULAN":"Q2 2025","TANGGAL UPDATE":"20/06/2025"}},{"type":"Feature","geometry":{"coordinates":[106.915064,-6.3763326],"type":"Point"},"properties":{"NAMA":"ATM MAYBANK","TIPE_1":"LAYANAN ATAU JASA","TIPE_2":"ATM","TIPE_3":"MAYBANK","TELEPON":"(021) 29228888","ALAMAT":"JL. ALTERNATIVE CIBUBUR, PLAZA CIBUBUR, RT.001/RW.003, JATIKARYA, KEC. JATISAMPURNA, KOTA BKS, JAWA BARAT 16968","ID_PROV":"32","PROVINSI":"JAWA BARAT","ID_KABKOT":"32.75","KABKOT":"KOTA BEKASI","ID_KEC":"32.75.10","KECAMATAN":"JATISAMPURNA","ID_DESA":"32.75.10.1002","DESA":"JATIKARYA","LONGITUDE":"106.915064","LATITUDE":"-6.3763326","STATUS":"BUKA","TANGGAL PENGUMPULAN":"Q2 2025","TANGGAL UPDATE":"20/06/2025"}},{"type":"Feature","geometry":{"coordinates":[106.9822558,-6.2109471],"type":"Point"},"properties":{"NAMA":"BNI ATM","TIPE_1":"LAYANAN ATAU JASA","TIPE_2":"ATM","TIPE_3":"BNI","TELEPON":"(021) 500046","ALAMAT":"ALFAMART ALEXINDO, JL. RW. BAMBU, RT.005/RW.016, HARAPAN JAYA, KEC. BEKASI UTARA, KOTA BKS, JAWA BARAT 17124","ID_PROV":"32","PROVINSI":"JAWA BARAT","ID_KABKOT":"32.75","KABKOT":"KOTA BEKASI","ID_KEC":"32.75.03","KECAMATAN":"BEKASI UTARA","ID_DESA":"32.75.03.1006","DESA":"HARAPANJAYA","LONGITUDE":"106.98225579999999","LATITUDE":"-6.210947099999999","STATUS":"BUKA","TANGGAL PENGUMPULAN":"Q2 2025","TANGGAL UPDATE":"20/06/2025"}},{"type":"Feature","geometry":{"coordinates":[107.0061614,-6.2813254],"type":"Point"},"properties":{"NAMA":"BNI ATM","TIPE_1":"LAYANAN ATAU JASA","TIPE_2":"ATM","TIPE_3":"BNI","TELEPON":"","ALAMAT":"BLOK, JL. TAMAN NAROGONG INDAH BLOK C8 NO.14, RT.002/RW.012, BOJONG RAWALUMBU, RAWA LUMBU, BEKASI, WEST JAVA 17116","ID_PROV":"32","PROVINSI":"JAWA BARAT","ID_KABKOT":"32.75","KABKOT":"KOTA BEKASI","ID_KEC":"32.75.05","KECAMATAN":"RAWALUMBU","ID_DESA":"32.75.05.1001","DESA":"BOJONG RAWALUMBU","LONGITUDE":"107.0061614","LATITUDE":"-6.2813254","STATUS":"BUKA","TANGGAL PENGUMPULAN":"Q2 2025","TANGGAL UPDATE":"20/06/2025"}},{"type":"Feature","geometry":{"coordinates":[106.9488703,-6.2864366],"type":"Point"},"properties":{"NAMA":"BNI ATM","TIPE_1":"LAYANAN ATAU JASA","TIPE_2":"ATM","TIPE_3":"BNI","TELEPON":"","ALAMAT":"JALAN JATI KRAMAT RAYA NO.263, RT.6/RW.009, JATIKRAMAT, KEC. JATIASIH, KOTA BKS, JAWA BARAT 17421","ID_PROV":"32","PROVINSI":"JAWA BARAT","ID_KABKOT":"32.75","KABKOT":"KOTA BEKASI","ID_KEC":"32.75.09","KECAMATAN":"JATIASIH","ID_DESA":"32.75.09.1003","DESA":"JATIKRAMAT","LONGITUDE":"106.9488703","LATITUDE":"-6.2864366","STATUS":"BUKA","TANGGAL PENGUMPULAN":"Q2 2025","TANGGAL UPDATE":"20/06/2025"}},{"type":"Feature","geometry":{"coordinates":[106.9730927,-6.2668527],"type":"Point"},"properties":{"NAMA":"BNI ATM","TIPE_1":"LAYANAN ATAU JASA","TIPE_2":"ATM","TIPE_3":"BNI","TELEPON":"","ALAMAT":"JL. PULO RIBUNG AE NO.102, RT.008/RW.013, PEKAYON JAYA, KEC. BEKASI SEL., KOTA BKS, JAWA BARAT 17147","ID_PROV":"32","PROVINSI":"JAWA BARAT","ID_KABKOT":"32.75","KABKOT":"KOTA BEKASI","ID_KEC":"32.75.04","KECAMATAN":"BEKASI SELATAN","ID_DESA":"32.75.04.1001","DESA":"PEKAYONJAYA","LONGITUDE":"106.9730927","LATITUDE":"-6.266852699999999","STATUS":"BUKA","TANGGAL PENGUMPULAN":"Q2 2025","TANGGAL UPDATE":"20/06/2025"}},{"type":"Feature","geometry":{"coordinates":[106.9730918,-6.2790063],"type":"Point"},"properties":{"NAMA":"BNI ATM","TIPE_1":"LAYANAN ATAU JASA","TIPE_2":"ATM","TIPE_3":"BNI","TELEPON":"","ALAMAT":"JL. RAYA JATIASIH NO.55, RT.001/RW.002, JAKA SETIA, KEC. BEKASI SEL., KOTA BKS, JAWA BARAT 17147","ID_PROV":"32","PROVINSI":"JAWA BARAT","ID_KABKOT":"32.75","KABKOT":"KOTA BEKASI","ID_KEC":"32.75.04","KECAMATAN":"BEKASI SELATAN","ID_DESA":"32.75.04.1004","DESA":"JAKASETIA","LONGITUDE":"106.97309179999999","LATITUDE":"-6.2790063","STATUS":"BUKA","TANGGAL PENGUMPULAN":"Q2 2025","TANGGAL UPDATE":"20/06/2025"}},{"type":"Feature","geometry":{"coordinates":[106.943873,-6.2867869],"type":"Point"},"properties":{"NAMA":"BNI ATM","TIPE_1":"LAYANAN ATAU JASA","TIPE_2":"ATM","TIPE_3":"BNI","TELEPON":"","ALAMAT":"JL. RAYA JATIKRAMAT NO.45, RT.007/RW.009, JATIKRAMAT, KEC. JATIASIH, KOTA BKS, JAWA BARAT 17421","ID_PROV":"32","PROVINSI":"JAWA BARAT","ID_KABKOT":"32.75","KABKOT":"KOTA BEKASI","ID_KEC":"32.75.09","KECAMATAN":"JATIASIH","ID_DESA":"32.75.09.1003","DESA":"JATIKRAMAT","LONGITUDE":"106.943873","LATITUDE":"-6.2867869","STATUS":"BUKA","TANGGAL PENGUMPULAN":"Q2 2025","TANGGAL UPDATE":"20/06/2025"}},{"type":"Feature","geometry":{"coordinates":[107.0348681,-6.2859046],"type":"Point"},"properties":{"NAMA":"BNI ATM","TIPE_1":"LAYANAN ATAU JASA","TIPE_2":"ATM","TIPE_3":"BNI","TELEPON":"","ALAMAT":"JL. MUSTIKA JAYA, RT.002/RW.012, MUSTIKAJAYA, KEC. MUSTIKA JAYA, KOTA BKS, JAWA BARAT 17158","ID_PROV":"32","PROVINSI":"JAWA BARAT","ID_KABKOT":"32.75","KABKOT":"KOTA BEKASI","ID_KEC":"32.75.11","KECAMATAN":"MUSTIKAJAYA","ID_DESA":"32.75.11.1003","DESA":"MUSTIKAJAYA","LONGITUDE":"107.0348681","LATITUDE":"-6.285904599999999","STATUS":"BUKA","TANGGAL PENGUMPULAN":"Q2 2025","TANGGAL UPDATE":"20/06/2025"}},{"type":"Feature","geometry":{"coordinates":[107.0089431,-6.2652012],"type":"Point"},"properties":{"NAMA":"BNI ATM","TIPE_1":"LAYANAN ATAU JASA","TIPE_2":"ATM","TIPE_3":"BNI","TELEPON":"","ALAMAT":"JL. PENGASINAN, RT.002/RW.001, PENGASINAN, KEC. RAWALUMBU, KOTA BKS, JAWA BARAT 17115","ID_PROV":"32","PROVINSI":"JAWA BARAT","ID_KABKOT":"32.75","KABKOT":"KOTA BEKASI","ID_KEC":"32.75.05","KECAMATAN":"RAWALUMBU","ID_DESA":"32.75.05.1002","DESA":"PENGASINAN","LONGITUDE":"107.0089431","LATITUDE":"-6.2652012","STATUS":"BUKA","TANGGAL PENGUMPULAN":"Q2 2025","TANGGAL UPDATE":"20/06/2025"}},{"type":"Feature","geometry":{"coordinates":[106.9775606,-6.1834721],"type":"Point"},"properties":{"NAMA":"BNI ATM","TIPE_1":"LAYANAN ATAU JASA","TIPE_2":"ATM","TIPE_3":"BNI","TELEPON":"","ALAMAT":"RUKO SENTRA NIAGA, JALAN BOUGENVILLE HIJAU BLOK A, RT.004/RW.030, PEJUANG, KEC. BEKASI BAR., KABUPATEN BEKASI, JAWA BARAT 17131","ID_PROV":"32","PROVINSI":"JAWA BARAT","ID_KABKOT":"32.75","KABKOT":"KOTA BEKASI","ID_KEC":"32.75.06","KECAMATAN":"MEDANSATRIA","ID_DESA":"32.75.06.1003","DESA":"PEJUANG","LONGITUDE":"106.97756059999999","LATITUDE":"-6.1834720999999995","STATUS":"BUKA","TANGGAL PENGUMPULAN":"Q2 2025","TANGGAL UPDATE":"20/06/2025"}},{"type":"Feature","geometry":{"coordinates":[106.9177612,-6.285361],"type":"Point"},"properties":{"NAMA":"BNI ATM","TIPE_1":"LAYANAN ATAU JASA","TIPE_2":"ATM","TIPE_3":"BNI","TELEPON":"","ALAMAT":"TIP TOP PS. SWALAYAN, JL. RAYA JATI MAKMUR, RT.007/RW.003, JATIRAHAYU, KEC. PD. MELATI, KOTA BKS, JAWA BARAT 17414","ID_PROV":"32","PROVINSI":"JAWA BARAT","ID_KABKOT":"32.75","KABKOT":"KOTA BEKASI","ID_KEC":"32.75.12","KECAMATAN":"PONDOKMELATI","ID_DESA":"32.75.12.1001","DESA":"JATIRAHAYU","LONGITUDE":"106.9177612","LATITUDE":"-6.285361","STATUS":"BUKA","TANGGAL PENGUMPULAN":"Q2 2025","TANGGAL UPDATE":"20/06/2025"}},{"type":"Feature","geometry":{"coordinates":[107.0361612,-6.2429053],"type":"Point"},"properties":{"NAMA":"BNI ATM 24 JAM","TIPE_1":"LAYANAN ATAU JASA","TIPE_2":"ATM","TIPE_3":"BNI","TELEPON":"","ALAMAT":"JL. NUSANTARA RAYA, RT.001/RW.010, AREN JAYA, KEC. BEKASI TIM., KOTA BKS, JAWA BARAT 17111","ID_PROV":"32","PROVINSI":"JAWA BARAT","ID_KABKOT":"32.75","KABKOT":"KOTA BEKASI","ID_KEC":"32.75.01","KECAMATAN":"BEKASI TIMUR","ID_DESA":"32.75.01.1004","DESA":"ARENJAYA","LONGITUDE":"107.0361612","LATITUDE":"-6.242905299999999","STATUS":"BUKA","TANGGAL PENGUMPULAN":"Q2 2025","TANGGAL UPDATE":"20/06/2025"}},{"type":"Feature","geometry":{"coordinates":[107.0207552,-6.2086823],"type":"Point"},"properties":{"NAMA":"BRI ATM","TIPE_1":"LAYANAN ATAU JASA","TIPE_2":"ATM","TIPE_3":"BRI","TELEPON":"","ALAMAT":"ATM CENTER, PASAR TELAGA MAS, JL. NUSANTARA RAYA, RT.001/RW.011, HARAPAN BARU, KEC. BEKASI UTARA, KABUPATEN BEKASI, JAWA BARAT 17121","ID_PROV":"32","PROVINSI":"JAWA BARAT","ID_KABKOT":"32.75","KABKOT":"KOTA BEKASI","ID_KEC":"32.75.03","KECAMATAN":"BEKASI UTARA","ID_DESA":"32.75.03.1003","DESA":"HARAPANBARU","LONGITUDE":"107.0207552","LATITUDE":"-6.2086822999999995","STATUS":"BUKA","TANGGAL PENGUMPULAN":"Q2 2025","TANGGAL UPDATE":"20/06/2025"}},{"type":"Feature","geometry":{"coordinates":[106.9663195,-6.2140572],"type":"Point"},"properties":{"NAMA":"BRI ATM","TIPE_1":"LAYANAN ATAU JASA","TIPE_2":"ATM","TIPE_3":"BRI","TELEPON":"","ALAMAT":"JL. HARAPAN BARU BAR. NO.12 - 13 DA 1, RT.002/RW.018, BARU CITY, BEKASI BARAT, BEKASI, WEST JAVA 17133","ID_PROV":"32","PROVINSI":"JAWA BARAT","ID_KABKOT":"32.75","KABKOT":"KOTA BEKASI","ID_KEC":"32.75.02","KECAMATAN":"BEKASI BARAT","ID_DESA":"32.75.02.1003","DESA":"KOTABARU","LONGITUDE":"106.9663195","LATITUDE":"-6.2140572","STATUS":"BUKA","TANGGAL PENGUMPULAN":"Q2 2025","TANGGAL UPDATE":"20/06/2025"}},{"type":"Feature","geometry":{"coordinates":[106.9729539,-6.2193921],"type":"Point"},"properties":{"NAMA":"BRI ATM","TIPE_1":"LAYANAN ATAU JASA","TIPE_2":"ATM","TIPE_3":"BRI","TELEPON":"","ALAMAT":"JL. HARAPAN BARU NO.8-9 C9, RT.003/RW.002, BARU CITY, BEKASI BARAT, BEKASI, WEST JAVA 17132","ID_PROV":"32","PROVINSI":"JAWA BARAT","ID_KABKOT":"32.75","KABKOT":"KOTA BEKASI","ID_KEC":"32.75.02","KECAMATAN":"BEKASI BARAT","ID_DESA":"32.75.02.1003","DESA":"KOTABARU","LONGITUDE":"106.9729539","LATITUDE":"-6.219392099999999","STATUS":"BUKA","TANGGAL PENGUMPULAN":"Q2 2025","TANGGAL UPDATE":"20/06/2025"}},{"type":"Feature","geometry":{"coordinates":[106.968582,-6.2103445],"type":"Point"},"properties":{"NAMA":"BRI ATM","TIPE_1":"LAYANAN ATAU JASA","TIPE_2":"ATM","TIPE_3":"BRI","TELEPON":"0815-3644-4893","ALAMAT":"JL. LIMAU RAYA, RT.008/RW.005, KOTA BARU, KEC. BEKASI BAR., KOTA BKS, JAWA BARAT 17133","ID_PROV":"32","PROVINSI":"JAWA BARAT","ID_KABKOT":"32.75","KABKOT":"KOTA BEKASI","ID_KEC":"32.75.02","KECAMATAN":"BEKASI BARAT","ID_DESA":"32.75.02.1003","DESA":"KOTABARU","LONGITUDE":"106.968582","LATITUDE":"-6.2103445","STATUS":"BUKA","TANGGAL PENGUMPULAN":"Q2 2025","TANGGAL UPDATE":"20/06/2025"}},{"type":"Feature","geometry":{"coordinates":[106.9723833,-6.1934861],"type":"Point"},"properties":{"NAMA":"BRI ATM","TIPE_1":"LAYANAN ATAU JASA","TIPE_2":"ATM","TIPE_3":"BRI","TELEPON":"","ALAMAT":"JL. SULTAN AGUNG NO.425, RT.001/RW.008, MEDAN SATRIA, KECAMATAN MEDAN SATRIA, KOTA BKS, JAWA BARAT 17132","ID_PROV":"32","PROVINSI":"JAWA BARAT","ID_KABKOT":"32.75","KABKOT":"KOTA BEKASI","ID_KEC":"32.75.06","KECAMATAN":"MEDANSATRIA","ID_DESA":"32.75.06.1001","DESA":"MEDANSATRIA","LONGITUDE":"106.97238329999999","LATITUDE":"-6.193486099999999","STATUS":"BUKA","TANGGAL PENGUMPULAN":"Q2 2025","TANGGAL UPDATE":"20/06/2025"}},{"type":"Feature","geometry":{"coordinates":[107.031701,-6.2114897],"type":"Point"},"properties":{"NAMA":"BRI ATM","TIPE_1":"LAYANAN ATAU JASA","TIPE_2":"ATM","TIPE_3":"BRI","TELEPON":"","ALAMAT":"JL. JEMB. BESI, RT.008/RW.002, TLK. PUCUNG, KEC. BEKASI UTARA, KABUPATEN BEKASI, JAWA BARAT 17121","ID_PROV":"32","PROVINSI":"JAWA BARAT","ID_KABKOT":"32.75","KABKOT":"KOTA BEKASI","ID_KEC":"32.75.03","KECAMATAN":"BEKASI UTARA","ID_DESA":"32.75.03.1004","DESA":"TELUK PUCUNG","LONGITUDE":"107.031701","LATITUDE":"-6.2114897","STATUS":"BUKA","TANGGAL PENGUMPULAN":"Q2 2025","TANGGAL UPDATE":"20/06/2025"}},{"type":"Feature","geometry":{"coordinates":[106.9678738,-6.2192093],"type":"Point"},"properties":{"NAMA":"BRI ATM","TIPE_1":"LAYANAN ATAU JASA","TIPE_2":"ATM","TIPE_3":"BRI","TELEPON":"","ALAMAT":"JL. KALI BARU BARAT, RT.002/RW.015, KOTA BARU, KEC. BEKASI BAR., KOTA BKS, JAWA BARAT 17133","ID_PROV":"32","PROVINSI":"JAWA BARAT","ID_KABKOT":"32.75","KABKOT":"KOTA BEKASI","ID_KEC":"32.75.02","KECAMATAN":"BEKASI BARAT","ID_DESA":"32.75.02.1003","DESA":"KOTABARU","LONGITUDE":"106.96787379999999","LATITUDE":"-6.2192093","STATUS":"BUKA","TANGGAL PENGUMPULAN":"Q2 2025","TANGGAL UPDATE":"20/06/2025"}},{"type":"Feature","geometry":{"coordinates":[106.9771236,-6.2108169],"type":"Point"},"properties":{"NAMA":"BRI ATM","TIPE_1":"LAYANAN ATAU JASA","TIPE_2":"ATM","TIPE_3":"BRI","TELEPON":"","ALAMAT":"RS ANANDA, JL. SULTAN AGUNG, RT.002/RW.001, MEDAN SATRIA, KECAMATAN MEDAN SATRIA, KOTA BKS, JAWA BARAT 17132","ID_PROV":"32","PROVINSI":"JAWA BARAT","ID_KABKOT":"32.75","KABKOT":"KOTA BEKASI","ID_KEC":"32.75.06","KECAMATAN":"MEDANSATRIA","ID_DESA":"32.75.06.1001","DESA":"MEDANSATRIA","LONGITUDE":"106.9771236","LATITUDE":"-6.210816899999999","STATUS":"BUKA","TANGGAL PENGUMPULAN":"Q2 2025","TANGGAL UPDATE":"20/06/2025"}},{"type":"Feature","geometry":{"coordinates":[106.9884037,-6.2063388],"type":"Point"},"properties":{"NAMA":"BTN ATM","TIPE_1":"LAYANAN ATAU JASA","TIPE_2":"ATM","TIPE_3":"BTN","TELEPON":"","ALAMAT":"INDOMARET, JL. FLAMBOYAN NO.82, RT.001/RW.006, HARAPAN JAYA, KEC. BEKASI UTARA, KOTA BKS, JAWA BARAT 17124","ID_PROV":"32","PROVINSI":"JAWA BARAT","ID_KABKOT":"32.75","KABKOT":"KOTA BEKASI","ID_KEC":"32.75.03","KECAMATAN":"BEKASI UTARA","ID_DESA":"32.75.03.1006","DESA":"HARAPANJAYA","LONGITUDE":"106.98840369999999","LATITUDE":"-6.2063388","STATUS":"BUKA","TANGGAL PENGUMPULAN":"Q2 2025","TANGGAL UPDATE":"20/06/2025"}},{"type":"Feature","geometry":{"coordinates":[106.9729391,-6.2193897],"type":"Point"},"properties":{"NAMA":"BTN ATM","TIPE_1":"LAYANAN ATAU JASA","TIPE_2":"ATM","TIPE_3":"BTN","TELEPON":"","ALAMAT":"JALAN HARAPAN BARU BLOK C9 NO.8-9, RT.003/RW.002, KOTA BARU, KEC. BEKASI BAR., KOTA BKS, JAWA BARAT 17132","ID_PROV":"32","PROVINSI":"JAWA BARAT","ID_KABKOT":"32.75","KABKOT":"KOTA BEKASI","ID_KEC":"32.75.02","KECAMATAN":"BEKASI BARAT","ID_DESA":"32.75.02.1003","DESA":"KOTABARU","LONGITUDE":"106.97293909999999","LATITUDE":"-6.2193897","STATUS":"BUKA","TANGGAL PENGUMPULAN":"Q2 2025","TANGGAL UPDATE":"20/06/2025"}},{"type":"Feature","geometry":{"coordinates":[107.0217032,-6.2049884],"type":"Point"},"properties":{"NAMA":"BTN ATM","TIPE_1":"LAYANAN ATAU JASA","TIPE_2":"ATM","TIPE_3":"BTN","TELEPON":"","ALAMAT":"JL. NUSANTARA RAYA JL. PERUM VILLA INDAH PERMAI BLOK D1 NO.8, RT.001/RW.033, TLK. PUCUNG, KEC. BEKASI UTARA, KABUPATEN BEKASI, JAWA BARAT 17121","ID_PROV":"32","PROVINSI":"JAWA BARAT","ID_KABKOT":"32.75","KABKOT":"KOTA BEKASI","ID_KEC":"32.75.03","KECAMATAN":"BEKASI UTARA","ID_DESA":"32.75.03.1004","DESA":"TELUK PUCUNG","LONGITUDE":"107.02170319999999","LATITUDE":"-6.2049883999999995","STATUS":"BUKA","TANGGAL PENGUMPULAN":"Q2 2025","TANGGAL UPDATE":"20/06/2025"}},{"type":"Feature","geometry":{"coordinates":[106.9851969,-6.209364],"type":"Point"},"properties":{"NAMA":"BTN ATM","TIPE_1":"LAYANAN ATAU JASA","TIPE_2":"ATM","TIPE_3":"BTN","TELEPON":"(021) 53160495","ALAMAT":"JL. RW. BAMBU BLOK A 4 NO.6, RT.009/RW.007, HARAPAN JAYA, KEC. BEKASI UTARA, KOTA BKS, JAWA BARAT 17124","ID_PROV":"32","PROVINSI":"JAWA BARAT","ID_KABKOT":"32.75","KABKOT":"KOTA BEKASI","ID_KEC":"32.75.03","KECAMATAN":"BEKASI UTARA","ID_DESA":"32.75.03.1006","DESA":"HARAPANJAYA","LONGITUDE":"106.98519689999999","LATITUDE":"-6.209364","STATUS":"BUKA","TANGGAL PENGUMPULAN":"Q2 2025","TANGGAL UPDATE":"20/06/2025"}},{"type":"Feature","geometry":{"coordinates":[106.9772079,-6.2107288],"type":"Point"},"properties":{"NAMA":"BUKOPIN ATM","TIPE_1":"LAYANAN ATAU JASA","TIPE_2":"ATM","TIPE_3":"KB BUKOPIN","TELEPON":"","ALAMAT":"JL. SULTAN AGUNG NO.173, RT.002/RW.001, MEDAN SATRIA, KECAMATAN MEDAN SATRIA, KOTA BKS, JAWA BARAT 17132","ID_PROV":"32","PROVINSI":"JAWA BARAT","ID_KABKOT":"32.75","KABKOT":"KOTA BEKASI","ID_KEC":"32.75.06","KECAMATAN":"MEDANSATRIA","ID_DESA":"32.75.06.1001","DESA":"MEDANSATRIA","LONGITUDE":"106.9772079","LATITUDE":"-6.2107288","STATUS":"BUKA","TANGGAL PENGUMPULAN":"Q2 2025","TANGGAL UPDATE":"20/06/2025"}},{"type":"Feature","geometry":{"coordinates":[106.923628,-6.331327],"type":"Point"},"properties":{"NAMA":"CDM CIMB NIAGA KLINIK RAYA HANKAM","TIPE_1":"LAYANAN ATAU JASA","TIPE_2":"ATM","TIPE_3":"CIMB NIAGA","TELEPON":"(021) 0014041","ALAMAT":"JL. RAYA HANKAM NO.1, RT.006/RW.006, JATIMURNI, KEC. PD. MELATI, KOTA BKS, JAWA BARAT 17431","ID_PROV":"32","PROVINSI":"JAWA BARAT","ID_KABKOT":"32.75","KABKOT":"KOTA BEKASI","ID_KEC":"32.75.12","KECAMATAN":"PONDOKMELATI","ID_DESA":"32.75.12.1004","DESA":"JATIMURNI","LONGITUDE":"106.923628","LATITUDE":"-6.331327","STATUS":"BUKA","TANGGAL PENGUMPULAN":"Q2 2025","TANGGAL UPDATE":"20/06/2025"}},{"type":"Feature","geometry":{"coordinates":[106.922818,-6.302584],"type":"Point"},"properties":{"NAMA":"CDM CIMB NIAGA RUKO JATIWARNA","TIPE_1":"LAYANAN ATAU JASA","TIPE_2":"ATM","TIPE_3":"CIMB NIAGA","TELEPON":"(021) 0014041","ALAMAT":"JL. RAYA HANKAM NO.1 JATIWARNA PONDOK MELATI, RT.007/RW.009, JATIWARNA, PONDOK MELATI, BEKASI, WEST JAVA 17415","ID_PROV":"32","PROVINSI":"JAWA BARAT","ID_KABKOT":"32.75","KABKOT":"KOTA BEKASI","ID_KEC":"32.75.12","KECAMATAN":"PONDOKMELATI","ID_DESA":"32.75.12.1002","DESA":"JATIWARNA","LONGITUDE":"106.92281799999999","LATITUDE":"-6.3025839999999995","STATUS":"BUKA","TANGGAL PENGUMPULAN":"Q2 2025","TANGGAL UPDATE":"20/06/2025"}},{"type":"Feature","geometry":{"coordinates":[106.917696,-6.3926517],"type":"Point"},"properties":{"NAMA":"CIMB NIAGA ATM","TIPE_1":"LAYANAN ATAU JASA","TIPE_2":"ATM","TIPE_3":"CIMB NIAGA","TELEPON":"14041","ALAMAT":"JALAN ALTERNATIF CIBUBUR, RUKO NUVO BLOK 16-19, RT.003/RW.009, JATIKARYA, KEC. JATISAMPURNA, KOTA BKS, JAWA BARAT 17435","ID_PROV":"32","PROVINSI":"JAWA BARAT","ID_KABKOT":"32.75","KABKOT":"KOTA BEKASI","ID_KEC":"32.75.10","KECAMATAN":"JATISAMPURNA","ID_DESA":"32.75.10.1002","DESA":"JATIKARYA","LONGITUDE":"106.91769599999999","LATITUDE":"-6.3926517","STATUS":"BUKA","TANGGAL PENGUMPULAN":"Q2 2025","TANGGAL UPDATE":"20/06/2025"}},{"type":"Feature","geometry":{"coordinates":[107.0277936,-6.2430445],"type":"Point"},"properties":{"NAMA":"CIMB NIAGA ATM","TIPE_1":"LAYANAN ATAU JASA","TIPE_2":"ATM","TIPE_3":"CIMB NIAGA","TELEPON":"","ALAMAT":"JL. NUSANTARA RAYA, RT.001/RW.002, AREN JAYA, KEC. BEKASI TIM., KOTA BKS, JAWA BARAT 17111","ID_PROV":"32","PROVINSI":"JAWA BARAT","ID_KABKOT":"32.75","KABKOT":"KOTA BEKASI","ID_KEC":"32.75.01","KECAMATAN":"BEKASI TIMUR","ID_DESA":"32.75.01.1004","DESA":"ARENJAYA","LONGITUDE":"107.0277936","LATITUDE":"-6.2430445","STATUS":"BUKA","TANGGAL PENGUMPULAN":"Q2 2025","TANGGAL UPDATE":"20/06/2025"}},{"type":"Feature","geometry":{"coordinates":[106.9867559,-6.2645933],"type":"Point"},"properties":{"NAMA":"CIMB NIAGA ATM","TIPE_1":"LAYANAN ATAU JASA","TIPE_2":"ATM","TIPE_3":"CIMB NIAGA","TELEPON":"","ALAMAT":"MALL PEKAYON, JL. RAYA PEKAYON, RT.001/RW.020, PEKAYON JAYA, KEC. BEKASI SEL., KOTA BKS, JAWA BARAT 17148","ID_PROV":"32","PROVINSI":"JAWA BARAT","ID_KABKOT":"32.75","KABKOT":"KOTA BEKASI","ID_KEC":"32.75.04","KECAMATAN":"BEKASI SELATAN","ID_DESA":"32.75.04.1001","DESA":"PEKAYONJAYA","LONGITUDE":"106.98675589999999","LATITUDE":"-6.2645933","STATUS":"BUKA","TANGGAL PENGUMPULAN":"Q2 2025","TANGGAL UPDATE":"20/06/2025"}},{"type":"Feature","geometry":{"coordinates":[107.0087359,-6.2653259],"type":"Point"},"properties":{"NAMA":"CIMB NIAGA ATM","TIPE_1":"LAYANAN ATAU JASA","TIPE_2":"ATM","TIPE_3":"CIMB NIAGA","TELEPON":"","ALAMAT":"JALAN, RT.002/RW.001, PENGASINAN, KEC. RAWALUMBU, KOTA BKS, JAWA BARAT 17115","ID_PROV":"32","PROVINSI":"JAWA BARAT","ID_KABKOT":"32.75","KABKOT":"KOTA BEKASI","ID_KEC":"32.75.05","KECAMATAN":"RAWALUMBU","ID_DESA":"32.75.05.1002","DESA":"PENGASINAN","LONGITUDE":"107.00873589999999","LATITUDE":"-6.2653259","STATUS":"BUKA","TANGGAL PENGUMPULAN":"Q2 2025","TANGGAL UPDATE":"20/06/2025"}},{"type":"Feature","geometry":{"coordinates":[107.0146983,-6.2588639],"type":"Point"},"properties":{"NAMA":"CIMB NIAGA ATM","TIPE_1":"LAYANAN ATAU JASA","TIPE_2":"ATM","TIPE_3":"CIMB NIAGA","TELEPON":"","ALAMAT":"JL. CHAIRIL ANWAR, RT.003/RW.012, MARGAHAYU, KEC. BEKASI TIM., KOTA BKS, JAWA BARAT 17113","ID_PROV":"32","PROVINSI":"JAWA BARAT","ID_KABKOT":"32.75","KABKOT":"KOTA BEKASI","ID_KEC":"32.75.01","KECAMATAN":"BEKASI TIMUR","ID_DESA":"32.75.01.1002","DESA":"MARGAHAYU","LONGITUDE":"107.01469829999999","LATITUDE":"-6.2588639","STATUS":"BUKA","TANGGAL PENGUMPULAN":"Q2 2025","TANGGAL UPDATE":"20/06/2025"}},{"type":"Feature","geometry":{"coordinates":[107.0207579,-6.2086743],"type":"Point"},"properties":{"NAMA":"CIMB NIAGA ATM","TIPE_1":"LAYANAN ATAU JASA","TIPE_2":"ATM","TIPE_3":"CIMB NIAGA","TELEPON":"","ALAMAT":"PS. TELAGA MAS, JL. NUSANTARA RAYA, RT.001/RW.011, HARAPAN BARU, KEC. BEKASI UTARA, KABUPATEN BEKASI, JAWA BARAT 17121","ID_PROV":"32","PROVINSI":"JAWA BARAT","ID_KABKOT":"32.75","KABKOT":"KOTA BEKASI","ID_KEC":"32.75.03","KECAMATAN":"BEKASI UTARA","ID_DESA":"32.75.03.1003","DESA":"HARAPANBARU","LONGITUDE":"107.02075789999999","LATITUDE":"-6.208674299999999","STATUS":"BUKA","TANGGAL PENGUMPULAN":"Q2 2025","TANGGAL UPDATE":"20/06/2025"}},{"type":"Feature","geometry":{"coordinates":[106.9220079,-6.2975706],"type":"Point"},"properties":{"NAMA":"CIMB NIAGA ATM","TIPE_1":"LAYANAN ATAU JASA","TIPE_2":"ATM","TIPE_3":"CIMB NIAGA","TELEPON":"","ALAMAT":"JL. RAYA HANKAM, RT.008/RW.3, JATIRAHAYU, KEC. PD. MELATI, KOTA BKS, JAWA BARAT 17414","ID_PROV":"32","PROVINSI":"JAWA BARAT","ID_KABKOT":"32.75","KABKOT":"KOTA BEKASI","ID_KEC":"32.75.12","KECAMATAN":"PONDOKMELATI","ID_DESA":"32.75.12.1001","DESA":"JATIRAHAYU","LONGITUDE":"106.9220079","LATITUDE":"-6.297570599999999","STATUS":"BUKA","TANGGAL PENGUMPULAN":"Q2 2025","TANGGAL UPDATE":"20/06/2025"}},{"type":"Feature","geometry":{"coordinates":[106.9820147,-6.2335609],"type":"Point"},"properties":{"NAMA":"CIMB NIAGA ATM","TIPE_1":"LAYANAN ATAU JASA","TIPE_2":"ATM","TIPE_3":"CIMB NIAGA","TELEPON":"","ALAMAT":"JL. CENDRAWASIH, RT.004/RW.017, KAYURINGIN JAYA, KEC. BEKASI BAR., KOTA BKS, JAWA BARAT 17144","ID_PROV":"32","PROVINSI":"JAWA BARAT","ID_KABKOT":"32.75","KABKOT":"KOTA BEKASI","ID_KEC":"32.75.04","KECAMATAN":"BEKASI SELATAN","ID_DESA":"32.75.04.1005","DESA":"KAYURINGINJAYA","LONGITUDE":"106.9820147","LATITUDE":"-6.2335609","STATUS":"BUKA","TANGGAL PENGUMPULAN":"Q2 2025","TANGGAL UPDATE":"20/06/2025"}},{"type":"Feature","geometry":{"coordinates":[107.0177663,-6.319042],"type":"Point"},"properties":{"NAMA":"CIMB NIAGA ATM","TIPE_1":"LAYANAN ATAU JASA","TIPE_2":"ATM","TIPE_3":"CIMB NIAGA","TELEPON":"","ALAMAT":"RUKO LEGENDA PARK BLOK C NO.5, JALAN ZAMRUD UTARA RAYA, RT.001/RW.017, PADURENAN, KEC. MUSTIKA JAYA, KABUPATEN BEKASI, JAWA BARAT 16340","ID_PROV":"32","PROVINSI":"JAWA BARAT","ID_KABKOT":"32.75","KABKOT":"KOTA BEKASI","ID_KEC":"32.75.11","KECAMATAN":"MUSTIKAJAYA","ID_DESA":"32.75.11.1001","DESA":"PADURENAN","LONGITUDE":"107.01776629999999","LATITUDE":"-6.319042","STATUS":"BUKA","TANGGAL PENGUMPULAN":"Q2 2025","TANGGAL UPDATE":"20/06/2025"}},{"type":"Feature","geometry":{"coordinates":[107.0279107,-6.2817083],"type":"Point"},"properties":{"NAMA":"CIMB NIAGA ATM","TIPE_1":"LAYANAN ATAU JASA","TIPE_2":"ATM","TIPE_3":"CIMB NIAGA","TELEPON":"","ALAMAT":"RUKO PALAZZO, JL. SAKURA 2, RT.003/RW.031, MUSTIKAJAYA, KEC. BEKASI TIM., KOTA BKS, JAWA BARAT 17158","ID_PROV":"32","PROVINSI":"JAWA BARAT","ID_KABKOT":"32.75","KABKOT":"KOTA BEKASI","ID_KEC":"32.75.11","KECAMATAN":"MUSTIKAJAYA","ID_DESA":"32.75.11.1003","DESA":"MUSTIKAJAYA","LONGITUDE":"107.02791069999999","LATITUDE":"-6.2817083","STATUS":"BUKA","TANGGAL PENGUMPULAN":"Q2 2025","TANGGAL UPDATE":"20/06/2025"}},{"type":"Feature","geometry":{"coordinates":[106.9686014,-6.2874698],"type":"Point"},"properties":{"NAMA":"DANAMON ATM","TIPE_1":"LAYANAN ATAU JASA","TIPE_2":"ATM","TIPE_3":"DANAMON","TELEPON":"","ALAMAT":"JL. KIARA, RT.007/RW.005, JATIRASA, KEC. JATIASIH, KOTA BKS, JAWA BARAT 17424","ID_PROV":"32","PROVINSI":"JAWA BARAT","ID_KABKOT":"32.75","KABKOT":"KOTA BEKASI","ID_KEC":"32.75.09","KECAMATAN":"JATIASIH","ID_DESA":"32.75.09.1004","DESA":"JATIRASA","LONGITUDE":"106.9686014","LATITUDE":"-6.287469799999999","STATUS":"BUKA","TANGGAL PENGUMPULAN":"Q2 2025","TANGGAL UPDATE":"20/06/2025"}},{"type":"Feature","geometry":{"coordinates":[107.0013262,-6.2256022],"type":"Point"},"properties":{"NAMA":"GALERI ATM","TIPE_1":"LAYANAN ATAU JASA","TIPE_2":"ATM","TIPE_3":"ATM AREA","TELEPON":"","ALAMAT":"RT.006/RW.002, MARGA MULYA, KEC. BEKASI UTARA, KOTA BKS, JAWA BARAT 17142","ID_PROV":"32","PROVINSI":"JAWA BARAT","ID_KABKOT":"32.75","KABKOT":"KOTA BEKASI","ID_KEC":"32.75.03","KECAMATAN":"BEKASI UTARA","ID_DESA":"32.75.03.1005","DESA":"MARGAMULYA","LONGITUDE":"107.0013262","LATITUDE":"-6.2256022","STATUS":"BUKA","TANGGAL PENGUMPULAN":"Q2 2025","TANGGAL UPDATE":"20/06/2025"}},{"type":"Feature","geometry":{"coordinates":[106.9195826,-6.3690337],"type":"Point"},"properties":{"NAMA":"GALLERY ATM SPBU KRANGGAN","TIPE_1":"LAYANAN ATAU JASA","TIPE_2":"ATM","TIPE_3":"ATM AREA","TELEPON":"","ALAMAT":"JL. RAYA KRANGGAN NO.57, RT.004/RW.001, JATISAMPURNA, KEC. JATISAMPURNA, KOTA BKS, JAWA BARAT 17433","ID_PROV":"32","PROVINSI":"JAWA BARAT","ID_KABKOT":"32.75","KABKOT":"KOTA BEKASI","ID_KEC":"32.75.10","KECAMATAN":"JATISAMPURNA","ID_DESA":"32.75.10.1001","DESA":"JATISAMPURNA","LONGITUDE":"106.9195826","LATITUDE":"-6.3690337","STATUS":"BUKA","TANGGAL PENGUMPULAN":"Q2 2025","TANGGAL UPDATE":"20/06/2025"}},{"type":"Feature","geometry":{"coordinates":[106.9301546,-6.2821113],"type":"Point"},"properties":{"NAMA":"GERAI ATM BRI BNI MANDIRI","TIPE_1":"LAYANAN ATAU JASA","TIPE_2":"ATM","TIPE_3":"ATM AREA","TELEPON":"","ALAMAT":"JL. RAYA JATI MAKMUR, RT.001/RW.011, JATIMAKMUR, KEC. PD. GEDE, KOTA BKS, JAWA BARAT 17414","ID_PROV":"32","PROVINSI":"JAWA BARAT","ID_KABKOT":"32.75","KABKOT":"KOTA BEKASI","ID_KEC":"32.75.08","KECAMATAN":"PONDOKGEDE","ID_DESA":"32.75.08.1003","DESA":"JATIMAKMUR","LONGITUDE":"106.9301546","LATITUDE":"-6.2821112999999995","STATUS":"BUKA","TANGGAL PENGUMPULAN":"Q2 2025","TANGGAL UPDATE":"20/06/2025"}},{"type":"Feature","geometry":{"coordinates":[106.9309964,-6.3812968],"type":"Point"},"properties":{"NAMA":"MANDIRI ATM","TIPE_1":"LAYANAN ATAU JASA","TIPE_2":"ATM","TIPE_3":"MANDIRI","TELEPON":"","ALAMAT":"JL. ALTERNATIF CIBUBUR, RT.001/RW.007, NAGRAK, KEC. GN. PUTRI, KOTA BKS, JAWA BARAT 17435","ID_PROV":"32","PROVINSI":"JAWA BARAT","ID_KABKOT":"32.75","KABKOT":"KOTA BEKASI","ID_KEC":"32.75.10","KECAMATAN":"JATISAMPURNA","ID_DESA":"32.75.10.1004","DESA":"JATIRANGGA","LONGITUDE":"106.9309964","LATITUDE":"-6.381296799999999","STATUS":"BUKA","TANGGAL PENGUMPULAN":"Q2 2025","TANGGAL UPDATE":"20/06/2025"}},{"type":"Feature","geometry":{"coordinates":[106.9186878,-6.3755658],"type":"Point"},"properties":{"NAMA":"MANDIRI ATM","TIPE_1":"LAYANAN ATAU JASA","TIPE_2":"ATM","TIPE_3":"MANDIRI","TELEPON":"","ALAMAT":"RS.MITRA KELUARGA CIBUBUR, JALAN ALTERNATIF TRANSYOGI, RT.002/RW.009, JATISAMPURNA, KEC. JATISAMPURNA, KOTA BKS, JAWA BARAT 17435","ID_PROV":"32","PROVINSI":"JAWA BARAT","ID_KABKOT":"32.75","KABKOT":"KOTA BEKASI","ID_KEC":"32.75.10","KECAMATAN":"JATISAMPURNA","ID_DESA":"32.75.10.1001","DESA":"JATISAMPURNA","LONGITUDE":"106.9186878","LATITUDE":"-6.3755657999999995","STATUS":"BUKA","TANGGAL PENGUMPULAN":"Q2 2025","TANGGAL UPDATE":"20/06/2025"}},{"type":"Feature","geometry":{"coordinates":[106.986887,-6.2643347],"type":"Point"},"properties":{"NAMA":"MANDIRI ATM","TIPE_1":"LAYANAN ATAU JASA","TIPE_2":"ATM","TIPE_3":"MANDIRI","TELEPON":"","ALAMAT":"MALL PEKAYON, JL. RAYA PEKAYON, RT.001/RW.020, PEKAYON JAYA, KEC. BEKASI SEL., KOTA BKS, JAWA BARAT 17148","ID_PROV":"32","PROVINSI":"JAWA BARAT","ID_KABKOT":"32.75","KABKOT":"KOTA BEKASI","ID_KEC":"32.75.04","KECAMATAN":"BEKASI SELATAN","ID_DESA":"32.75.04.1001","DESA":"PEKAYONJAYA","LONGITUDE":"106.986887","LATITUDE":"-6.2643347","STATUS":"BUKA","TANGGAL PENGUMPULAN":"Q2 2025","TANGGAL UPDATE":"20/06/2025"}},{"type":"Feature","geometry":{"coordinates":[107.0346423,-6.2858758],"type":"Point"},"properties":{"NAMA":"MANDIRI ATM","TIPE_1":"LAYANAN ATAU JASA","TIPE_2":"ATM","TIPE_3":"MANDIRI","TELEPON":"","ALAMAT":"JL. MUSTIKA JAYA, RT.002/RW.012, MUSTIKAJAYA, KEC. MUSTIKA JAYA, KOTA BKS, JAWA BARAT 17158","ID_PROV":"32","PROVINSI":"JAWA BARAT","ID_KABKOT":"32.75","KABKOT":"KOTA BEKASI","ID_KEC":"32.75.11","KECAMATAN":"MUSTIKAJAYA","ID_DESA":"32.75.11.1003","DESA":"MUSTIKAJAYA","LONGITUDE":"107.0346423","LATITUDE":"-6.2858757999999995","STATUS":"BUKA","TANGGAL PENGUMPULAN":"Q2 2025","TANGGAL UPDATE":"20/06/2025"}},{"type":"Feature","geometry":{"coordinates":[106.9237907,-6.3648981],"type":"Point"},"properties":{"NAMA":"MANDIRI ATM","TIPE_1":"LAYANAN ATAU JASA","TIPE_2":"ATM","TIPE_3":"MANDIRI","TELEPON":"","ALAMAT":"PS. KRANGGAN MAS LANTAI, JL. RAYA PS. KRANGGAN LANTAI 1, RT.004/RW.004, JATISAMPURNA, KEC. JATISAMPURNA, KOTA BKS, JAWA BARAT 17433","ID_PROV":"32","PROVINSI":"JAWA BARAT","ID_KABKOT":"32.75","KABKOT":"KOTA BEKASI","ID_KEC":"32.75.10","KECAMATAN":"JATISAMPURNA","ID_DESA":"32.75.10.1001","DESA":"JATISAMPURNA","LONGITUDE":"106.9237907","LATITUDE":"-6.3648981","STATUS":"BUKA","TANGGAL PENGUMPULAN":"Q2 2025","TANGGAL UPDATE":"20/06/2025"}},{"type":"Feature","geometry":{"coordinates":[106.938687,-6.2872414],"type":"Point"},"properties":{"NAMA":"MANDIRI ATM","TIPE_1":"LAYANAN ATAU JASA","TIPE_2":"ATM","TIPE_3":"MANDIRI","TELEPON":"","ALAMAT":"JL. RAYA JATIKRAMAT, RT.001/RW.013, JATIMAKMUR, KEC. PD. GEDE, KOTA BKS, JAWA BARAT 17413","ID_PROV":"32","PROVINSI":"JAWA BARAT","ID_KABKOT":"32.75","KABKOT":"KOTA BEKASI","ID_KEC":"32.75.08","KECAMATAN":"PONDOKGEDE","ID_DESA":"32.75.08.1003","DESA":"JATIMAKMUR","LONGITUDE":"106.938687","LATITUDE":"-6.2872414","STATUS":"BUKA","TANGGAL PENGUMPULAN":"Q2 2025","TANGGAL UPDATE":"20/06/2025"}},{"type":"Feature","geometry":{"coordinates":[106.9953824,-6.2651875],"type":"Point"},"properties":{"NAMA":"MANDIRI ATM","TIPE_1":"LAYANAN ATAU JASA","TIPE_2":"ATM","TIPE_3":"MANDIRI","TELEPON":"","ALAMAT":"JL. RAYA SILIWANGI, RT.002/RW.003, SEPANJANG JAYA, KEC. RAWALUMBU, KOTA BKS, JAWA BARAT 17114","ID_PROV":"32","PROVINSI":"JAWA BARAT","ID_KABKOT":"32.75","KABKOT":"KOTA BEKASI","ID_KEC":"32.75.05","KECAMATAN":"RAWALUMBU","ID_DESA":"32.75.05.1003","DESA":"SEPANJANGJAYA","LONGITUDE":"106.9953824","LATITUDE":"-6.2651875","STATUS":"BUKA","TANGGAL PENGUMPULAN":"Q2 2025","TANGGAL UPDATE":"20/06/2025"}},{"type":"Feature","geometry":{"coordinates":[106.9879534,-6.261029],"type":"Point"},"properties":{"NAMA":"MANDIRI ATM","TIPE_1":"LAYANAN ATAU JASA","TIPE_2":"ATM","TIPE_3":"MANDIRI","TELEPON":"","ALAMAT":"TAMARA BUAH & SNACK, JL. RAYA PEKAYON, RT.002/RW.020, PEKAYON JAYA, KEC. BEKASI SEL., KOTA BKS, JAWA BARAT 17418","ID_PROV":"32","PROVINSI":"JAWA BARAT","ID_KABKOT":"32.75","KABKOT":"KOTA BEKASI","ID_KEC":"32.75.04","KECAMATAN":"BEKASI SELATAN","ID_DESA":"32.75.04.1001","DESA":"PEKAYONJAYA","LONGITUDE":"106.9879534","LATITUDE":"-6.261029","STATUS":"BUKA","TANGGAL PENGUMPULAN":"Q2 2025","TANGGAL UPDATE":"20/06/2025"}},{"type":"Feature","geometry":{"coordinates":[106.9988099,-6.2622273],"type":"Point"},"properties":{"NAMA":"MANDIRI ATM","TIPE_1":"LAYANAN ATAU JASA","TIPE_2":"ATM","TIPE_3":"MANDIRI","TELEPON":"","ALAMAT":"JL. BAMBU KUNING, RT.002/RW.002, SEPANJANG JAYA, KEC. RAWALUMBU, KOTA BKS, JAWA BARAT 17114","ID_PROV":"32","PROVINSI":"JAWA BARAT","ID_KABKOT":"32.75","KABKOT":"KOTA BEKASI","ID_KEC":"32.75.05","KECAMATAN":"RAWALUMBU","ID_DESA":"32.75.05.1003","DESA":"SEPANJANGJAYA","LONGITUDE":"106.9988099","LATITUDE":"-6.262227299999999","STATUS":"BUKA","TANGGAL PENGUMPULAN":"Q2 2025","TANGGAL UPDATE":"20/06/2025"}},{"type":"Feature","geometry":{"coordinates":[106.97732889999999,-6.1847428],"type":"Point"},"properties":{"NAMA":"MANDIRI ATM","TIPE_1":"LAYANAN ATAU JASA","TIPE_2":"ATM","TIPE_3":"MANDIRI","TELEPON":"","ALAMAT":"KAWASAN SENTRA NIAGA, JL. HARAPAN INDAH RAYA, RT.004/RW.030, PEJUANG, KEC. BEKASI BAR., KABUPATEN BEKASI, JAWA BARAT 17131","ID_PROV":"32","PROVINSI":"JAWA BARAT","ID_KABKOT":"32.75","KABKOT":"KOTA BEKASI","ID_KEC":"32.75.06","KECAMATAN":"MEDANSATRIA","ID_DESA":"32.75.06.1003","DESA":"PEJUANG","LONGITUDE":"106.97732889999999","LATITUDE":"-6.1847427999999995","STATUS":"BUKA","TANGGAL PENGUMPULAN":"Q2 2025","TANGGAL UPDATE":"20/06/2025"}},{"type":"Feature","geometry":{"coordinates":[107.0276886,-6.243086],"type":"Point"},"properties":{"NAMA":"MANDIRI ATM","TIPE_1":"LAYANAN ATAU JASA","TIPE_2":"ATM","TIPE_3":"MANDIRI","TELEPON":"14000","ALAMAT":"SPBU, JL. NUSANTARA RAYA, RT.001/RW.002, AREN JAYA, KEC. BEKASI TIM., KABUPATEN BEKASI, JAWA BARAT 17111","ID_PROV":"32","PROVINSI":"JAWA BARAT","ID_KABKOT":"32.75","KABKOT":"KOTA BEKASI","ID_KEC":"32.75.01","KECAMATAN":"BEKASI TIMUR","ID_DESA":"32.75.01.1004","DESA":"ARENJAYA","LONGITUDE":"107.02768859999999","LATITUDE":"-6.243086","STATUS":"BUKA","TANGGAL PENGUMPULAN":"Q2 2025","TANGGAL UPDATE":"20/06/2025"}},{"type":"Feature","geometry":{"coordinates":[107.0273417,-6.3204459],"type":"Point"},"properties":{"NAMA":"MANDIRI ATM ALFAMART KIOSK SENTRA BUMYAGARA","TIPE_1":"LAYANAN ATAU JASA","TIPE_2":"ATM","TIPE_3":"MANDIRI","TELEPON":"(021) 52997777","ALAMAT":"JL. MUSTIKA JAYA BLOK B NO.45 DAN 6 RT.001 RW.21, KEL.MUSTIKA JAYA KEC.MUSTIKA JAYA, RT.002/RW.001, CIMUNING, KEC. MUSTIKA JAYA, KOTA BKS, JAWA BARAT 17155","ID_PROV":"32","PROVINSI":"JAWA BARAT","ID_KABKOT":"32.75","KABKOT":"KOTA BEKASI","ID_KEC":"32.75.11","KECAMATAN":"MUSTIKAJAYA","ID_DESA":"32.75.11.1002","DESA":"CIMUNING","LONGITUDE":"107.0273417","LATITUDE":"-6.320445899999999","STATUS":"BUKA","TANGGAL PENGUMPULAN":"Q2 2025","TANGGAL UPDATE":"20/06/2025"}},{"type":"Feature","geometry":{"coordinates":[106.97306,-6.2193916],"type":"Point"},"properties":{"NAMA":"MANDIRI ATM ALFAMART PERMATA HARAPAN BARU","TIPE_1":"LAYANAN ATAU JASA","TIPE_2":"ATM","TIPE_3":"MANDIRI","TELEPON":"(021) 52997777","ALAMAT":"RUKO PERMATA HARAPAN BARU, RT.003/RW.002, KOTA BARU, KEC. BEKASI BAR., KOTA BKS, JAWA BARAT 17132","ID_PROV":"32","PROVINSI":"JAWA BARAT","ID_KABKOT":"32.75","KABKOT":"KOTA BEKASI","ID_KEC":"32.75.02","KECAMATAN":"BEKASI BARAT","ID_DESA":"32.75.02.1003","DESA":"KOTABARU","LONGITUDE":"106.97305999999999","LATITUDE":"-6.2193916","STATUS":"BUKA","TANGGAL PENGUMPULAN":"Q2 2025","TANGGAL UPDATE":"20/06/2025"}},{"type":"Feature","geometry":{"coordinates":[106.9770675,-6.27341],"type":"Point"},"properties":{"NAMA":"MANDIRI ATM APOTIK LEGENDA SEHAT","TIPE_1":"LAYANAN ATAU JASA","TIPE_2":"ATM","TIPE_3":"MANDIRI","TELEPON":"(021) 52997777","ALAMAT":"JL. ZAMRUD UTARA BLOK U NO.100 KOTA LEGENDA, JAWA BARAT","ID_PROV":"32","PROVINSI":"JAWA BARAT","ID_KABKOT":"32.75","KABKOT":"KOTA BEKASI","ID_KEC":"32.75.04","KECAMATAN":"BEKASI SELATAN","ID_DESA":"32.75.04.1004","DESA":"JAKASETIA","LONGITUDE":"106.97706749999999","LATITUDE":"-6.27341","STATUS":"BUKA","TANGGAL PENGUMPULAN":"Q2 2025","TANGGAL UPDATE":"20/06/2025"}},{"type":"Feature","geometry":{"coordinates":[106.99088959999999,-6.2554331],"type":"Point"},"properties":{"NAMA":"MANDIRI ATM BEKASI SQUARE","TIPE_1":"LAYANAN ATAU JASA","TIPE_2":"ATM","TIPE_3":"MANDIRI","TELEPON":"(021) 52997777","ALAMAT":"JL. JENDRAL AHMAD YANI, MARGA JAYA, BEKASI, KOTA BKS, JAWA BARAT 17148","ID_PROV":"32","PROVINSI":"JAWA BARAT","ID_KABKOT":"32.75","KABKOT":"KOTA BEKASI","ID_KEC":"32.75.04","KECAMATAN":"BEKASI SELATAN","ID_DESA":"32.75.04.1002","DESA":"MARGAJAYA","LONGITUDE":"106.99088959999999","LATITUDE":"-6.255433099999999","STATUS":"BUKA","TANGGAL PENGUMPULAN":"Q2 2025","TANGGAL UPDATE":"20/06/2025"}},{"type":"Feature","geometry":{"coordinates":[106.99299219999999,-6.2406299],"type":"Point"},"properties":{"NAMA":"MANDIRI ATM GIANT HYPERMALL","TIPE_1":"LAYANAN ATAU JASA","TIPE_2":"ATM","TIPE_3":"MANDIRI","TELEPON":"(021) 52997777","ALAMAT":"JL. AHMAD YANI NO.1, KAYURINGIN JAYA, KEC. BEKASI SEL., KOTA BKS, JAWA BARAT 17144","ID_PROV":"32","PROVINSI":"JAWA BARAT","ID_KABKOT":"32.75","KABKOT":"KOTA BEKASI","ID_KEC":"32.75.04","KECAMATAN":"BEKASI SELATAN","ID_DESA":"32.75.04.1005","DESA":"KAYURINGINJAYA","LONGITUDE":"106.99299219999999","LATITUDE":"-6.2406299","STATUS":"BUKA","TANGGAL PENGUMPULAN":"Q2 2025","TANGGAL UPDATE":"20/06/2025"}},{"type":"Feature","geometry":{"coordinates":[107.0097848,-6.2367866],"type":"Point"},"properties":{"NAMA":"MANDIRI ATM INDOMARET KOMPLEK KOMPAS INDAH","TIPE_1":"LAYANAN ATAU JASA","TIPE_2":"ATM","TIPE_3":"MANDIRI","TELEPON":"(021) 52997777","ALAMAT":"JL. KOMPLEK KOMPAS INDAH KEL. MEKARSARI, JAWA BARAT 17112","ID_PROV":"32","PROVINSI":"JAWA BARAT","ID_KABKOT":"32.75","KABKOT":"KOTA BEKASI","ID_KEC":"32.75.01","KECAMATAN":"BEKASI TIMUR","ID_DESA":"32.75.01.1001","DESA":"BEKASIJAYA","LONGITUDE":"107.00978479999999","LATITUDE":"-6.236786599999999","STATUS":"BUKA","TANGGAL PENGUMPULAN":"Q2 2025","TANGGAL UPDATE":"20/06/2025"}},{"type":"Feature","geometry":{"coordinates":[107.0243466,-6.2222679],"type":"Point"},"properties":{"NAMA":"MANDIRI ATM INDOMARET PERUMAHAN WISMA ASRI","TIPE_1":"LAYANAN ATAU JASA","TIPE_2":"ATM","TIPE_3":"MANDIRI","TELEPON":"(021) 52997777","ALAMAT":"JL. PERJUANGAN NO 24-29, RT.002/RW.031, TLK. PUCUNG, KEC. BEKASI UTARA, KOTA BKS, JAWA BARAT 17142","ID_PROV":"32","PROVINSI":"JAWA BARAT","ID_KABKOT":"32.75","KABKOT":"KOTA BEKASI","ID_KEC":"32.75.03","KECAMATAN":"BEKASI UTARA","ID_DESA":"32.75.03.1004","DESA":"TELUK PUCUNG","LONGITUDE":"107.0243466","LATITUDE":"-6.222267899999999","STATUS":"BUKA","TANGGAL PENGUMPULAN":"Q2 2025","TANGGAL UPDATE":"20/06/2025"}},{"type":"Feature","geometry":{"coordinates":[106.9456803,-6.2492752],"type":"Point"},"properties":{"NAMA":"MANDIRI ATM INDOMARET SUMBER ARTHA","TIPE_1":"LAYANAN ATAU JASA","TIPE_2":"ATM","TIPE_3":"MANDIRI","TELEPON":"(021) 14000","ALAMAT":"JL KOMPLEK SUMBER ARTHA, BLOK A NO. 4-5, BINTARA JAYA, BEKASI BARAT, RT.005/RW.003, BINTARA JAYA, KEC. BEKASI BAR., KOTA BKS, JAWA BARAT 17136","ID_PROV":"32","PROVINSI":"JAWA BARAT","ID_KABKOT":"32.75","KABKOT":"KOTA BEKASI","ID_KEC":"32.75.02","KECAMATAN":"BEKASI BARAT","ID_DESA":"32.75.02.1004","DESA":"BINTARAJAYA","LONGITUDE":"106.94568029999999","LATITUDE":"-6.2492752","STATUS":"BUKA","TANGGAL PENGUMPULAN":"Q2 2025","TANGGAL UPDATE":"20/06/2025"}},{"type":"Feature","geometry":{"coordinates":[106.949949,-6.2581771],"type":"Point"},"properties":{"NAMA":"MANDIRI ATM KCP BEKASI JATIBENING","TIPE_1":"LAYANAN ATAU JASA","TIPE_2":"ATM","TIPE_3":"MANDIRI","TELEPON":"(021) 52997777","ALAMAT":"RUKAN VILLA JATIBENING TOLL KAVELING NO.A-05 JL. CAMAN RAYA JATIBENING P. GEDE, RT.007/RW.001, JATIBENING, BEKASI, KOTA BKS, JAWA BARAT 17412","ID_PROV":"32","PROVINSI":"JAWA BARAT","ID_KABKOT":"32.75","KABKOT":"KOTA BEKASI","ID_KEC":"32.75.08","KECAMATAN":"PONDOKGEDE","ID_DESA":"32.75.08.1002","DESA":"JATIBENING","LONGITUDE":"106.94994899999999","LATITUDE":"-6.2581771","STATUS":"BUKA","TANGGAL PENGUMPULAN":"Q2 2025","TANGGAL UPDATE":"20/06/2025"}},{"type":"Feature","geometry":{"coordinates":[106.9112271,-6.2675224],"type":"Point"},"properties":{"NAMA":"MANDIRI ATM KCP JAKARTA JATIWARINGIN","TIPE_1":"LAYANAN ATAU JASA","TIPE_2":"ATM","TIPE_3":"MANDIRI","TELEPON":"(021) 52997777","ALAMAT":"JL. RAYA JATIWARINGIN NO. 263 PONDOK GEDE, JAWA BARAT 17411","ID_PROV":"32","PROVINSI":"JAWA BARAT","ID_KABKOT":"32.75","KABKOT":"KOTA BEKASI","ID_KEC":"32.75.08","KECAMATAN":"PONDOKGEDE","ID_DESA":"32.75.08.1007","DESA":"JATICEMPAKA","LONGITUDE":"106.91122709999999","LATITUDE":"-6.2675224","STATUS":"BUKA","TANGGAL PENGUMPULAN":"Q2 2025","TANGGAL UPDATE":"20/06/2025"}},{"type":"Feature","geometry":{"coordinates":[106.9914394,-6.248106],"type":"Point"},"properties":{"NAMA":"MANDIRI ATM MALL METROPOLITAN 2","TIPE_1":"LAYANAN ATAU JASA","TIPE_2":"ATM","TIPE_3":"MANDIRI","TELEPON":"","ALAMAT":"JL RAYA KALIMALANG UJUNG, BEKASI BARAT, RT.008/RW.002, PEKAYON JAYA, KEC. BEKASI SEL., KOTA BKS, JAWA BARAT 17148","ID_PROV":"32","PROVINSI":"JAWA BARAT","ID_KABKOT":"32.75","KABKOT":"KOTA BEKASI","ID_KEC":"32.75.04","KECAMATAN":"BEKASI SELATAN","ID_DESA":"32.75.04.1001","DESA":"PEKAYONJAYA","LONGITUDE":"106.99143939999999","LATITUDE":"-6.248106","STATUS":"BUKA","TANGGAL PENGUMPULAN":"Q2 2025","TANGGAL UPDATE":"20/06/2025"}},{"type":"Feature","geometry":{"coordinates":[106.9896876,-6.2484167],"type":"Point"},"properties":{"NAMA":"MANDIRI ATM MALL METROPOLITAN II","TIPE_1":"LAYANAN ATAU JASA","TIPE_2":"ATM","TIPE_3":"MANDIRI","TELEPON":"(021) 52997777","ALAMAT":"JL. RAYA KALIMALANG UJUNG, RT.008/RW.012, PEKAYON JAYA, KEC. BEKASI SEL., KOTA BKS, JAWA BARAT 17148","ID_PROV":"32","PROVINSI":"JAWA BARAT","ID_KABKOT":"32.75","KABKOT":"KOTA BEKASI","ID_KEC":"32.75.04","KECAMATAN":"BEKASI SELATAN","ID_DESA":"32.75.04.1001","DESA":"PEKAYONJAYA","LONGITUDE":"106.9896876","LATITUDE":"-6.2484167","STATUS":"BUKA","TANGGAL PENGUMPULAN":"Q2 2025","TANGGAL UPDATE":"20/06/2025"}},{"type":"Feature","geometry":{"coordinates":[107.0163218,-6.2474893],"type":"Point"},"properties":{"NAMA":"MANDIRI ATM MOBILE ATM BEKASI","TIPE_1":"LAYANAN ATAU JASA","TIPE_2":"ATM","TIPE_3":"MANDIRI","TELEPON":"(021) 52997777","ALAMAT":"JL. IR. H. JUANDA NO. 155, JAWA BARAT 17111","ID_PROV":"32","PROVINSI":"JAWA BARAT","ID_KABKOT":"32.75","KABKOT":"KOTA BEKASI","ID_KEC":"32.75.01","KECAMATAN":"BEKASI TIMUR","ID_DESA":"32.75.01.1003","DESA":"DURENJAYA","LONGITUDE":"107.0163218","LATITUDE":"-6.2474893","STATUS":"BUKA","TANGGAL PENGUMPULAN":"Q2 2025","TANGGAL UPDATE":"20/06/2025"}},{"type":"Feature","geometry":{"coordinates":[106.9215823,-6.3522234],"type":"Point"},"properties":{"NAMA":"MANDIRI ATM PERTOKOAN KERANGGAN","TIPE_1":"LAYANAN ATAU JASA","TIPE_2":"ATM","TIPE_3":"MANDIRI","TELEPON":"(021) 52997777","ALAMAT":"BEKASI, RT.003/RW.006, JATIRADEN, KEC. JATISAMPURNA, KOTA BKS, JAWA BARAT 17432","ID_PROV":"32","PROVINSI":"JAWA BARAT","ID_KABKOT":"32.75","KABKOT":"KOTA BEKASI","ID_KEC":"32.75.10","KECAMATAN":"JATISAMPURNA","ID_DESA":"32.75.10.1005","DESA":"JATIRADEN","LONGITUDE":"106.9215823","LATITUDE":"-6.3522234","STATUS":"BUKA","TANGGAL PENGUMPULAN":"Q2 2025","TANGGAL UPDATE":"20/06/2025"}},{"type":"Feature","geometry":{"coordinates":[106.9181532,-6.3829616],"type":"Point"},"properties":{"NAMA":"MANDIRI ATM PLAZA CIBUBUR","TIPE_1":"LAYANAN ATAU JASA","TIPE_2":"ATM","TIPE_3":"MANDIRI","TELEPON":"(021) 52997777","ALAMAT":"PLAZA CIBUBUR LT.DASAR ALTERNATIF CIBUBUR KRANGGANBOGOR, RT.001/RW.009, JATIKARYA, KEC. JATISAMPURNA, KOTA BKS, JAWA BARAT 17435","ID_PROV":"32","PROVINSI":"JAWA BARAT","ID_KABKOT":"32.75","KABKOT":"KOTA BEKASI","ID_KEC":"32.75.10","KECAMATAN":"JATISAMPURNA","ID_DESA":"32.75.10.1002","DESA":"JATIKARYA","LONGITUDE":"106.91815319999999","LATITUDE":"-6.3829616","STATUS":"BUKA","TANGGAL PENGUMPULAN":"Q2 2025","TANGGAL UPDATE":"20/06/2025"}},{"type":"Feature","geometry":{"coordinates":[106.9838245,-6.3302233],"type":"Point"},"properties":{"NAMA":"MANDIRI ATM PT. WIKA REALTY","TIPE_1":"LAYANAN ATAU JASA","TIPE_2":"ATM","TIPE_3":"MANDIRI","TELEPON":"(021) 52997777","ALAMAT":"DEKAT, RT.003/RW.008, BANTARGEBANG, KEC. BANTAR GEBANG, KOTA BKS, JAWA BARAT","ID_PROV":"32","PROVINSI":"JAWA BARAT","ID_KABKOT":"32.75","KABKOT":"KOTA BEKASI","ID_KEC":"32.75.07","KECAMATAN":"BANTARGEBANG","ID_DESA":"32.75.07.1003","DESA":"BANTARGEBANG","LONGITUDE":"106.9838245","LATITUDE":"-6.3302233","STATUS":"BUKA","TANGGAL PENGUMPULAN":"Q2 2025","TANGGAL UPDATE":"20/06/2025"}},{"type":"Feature","geometry":{"coordinates":[106.91229709999999,-6.2756793],"type":"Point"},"properties":{"NAMA":"MANDIRI ATM RSIA GRAHA KASIH IBU & ANAK","TIPE_1":"LAYANAN ATAU JASA","TIPE_2":"ATM","TIPE_3":"MANDIRI","TELEPON":"(021) 52997777","ALAMAT":"JL. KELURAHAN JATIMAKMUR NO.40, PONDOK GEDE, RT.002/RW.003, JATIWARINGIN, KEC. PD. GEDE, KOTA BKS, JAWA BARAT 17411","ID_PROV":"32","PROVINSI":"JAWA BARAT","ID_KABKOT":"32.75","KABKOT":"KOTA BEKASI","ID_KEC":"32.75.08","KECAMATAN":"PONDOKGEDE","ID_DESA":"32.75.08.1001","DESA":"JATIWARINGIN","LONGITUDE":"106.91229709999999","LATITUDE":"-6.275679299999999","STATUS":"BUKA","TANGGAL PENGUMPULAN":"Q2 2025","TANGGAL UPDATE":"20/06/2025"}},{"type":"Feature","geometry":{"coordinates":[106.9417634,-6.2593832],"type":"Point"},"properties":{"NAMA":"MANDIRI ATM RUKO JATIBENING ESTATE","TIPE_1":"LAYANAN ATAU JASA","TIPE_2":"ATM","TIPE_3":"MANDIRI","TELEPON":"(021) 52997777","ALAMAT":"JL. PERUM JATIBENING ESTATE NO. 6/6, RT.007/RW.002, JATIBENING BARU, KEC. PD. GEDE, KOTA BKS, JAWA BARAT 17412","ID_PROV":"32","PROVINSI":"JAWA BARAT","ID_KABKOT":"32.75","KABKOT":"KOTA BEKASI","ID_KEC":"32.75.08","KECAMATAN":"PONDOKGEDE","ID_DESA":"32.75.08.1006","DESA":"JATIBENING BARU","LONGITUDE":"106.9417634","LATITUDE":"-6.259383199999999","STATUS":"BUKA","TANGGAL PENGUMPULAN":"Q2 2025","TANGGAL UPDATE":"20/06/2025"}},{"type":"Feature","geometry":{"coordinates":[107.0149261,-6.2592948],"type":"Point"},"properties":{"NAMA":"MANDIRI ATM RUKO KALIMAS","TIPE_1":"LAYANAN ATAU JASA","TIPE_2":"ATM","TIPE_3":"MANDIRI","TELEPON":"(021) 52997777","ALAMAT":"JL. CHAIRIL ANWAR A NO.1, RT.004/RW.012, MARGAHAYU, KEC. BEKASI TIM., KOTA BKS, JAWA BARAT 17113","ID_PROV":"32","PROVINSI":"JAWA BARAT","ID_KABKOT":"32.75","KABKOT":"KOTA BEKASI","ID_KEC":"32.75.01","KECAMATAN":"BEKASI TIMUR","ID_DESA":"32.75.01.1002","DESA":"MARGAHAYU","LONGITUDE":"107.0149261","LATITUDE":"-6.2592948","STATUS":"BUKA","TANGGAL PENGUMPULAN":"Q2 2025","TANGGAL UPDATE":"20/06/2025"}},{"type":"Feature","geometry":{"coordinates":[106.932922,-6.3287301],"type":"Point"},"properties":{"NAMA":"MANDIRI ATM RUMAH SAKIT HOSANA MEDICA","TIPE_1":"LAYANAN ATAU JASA","TIPE_2":"ATM","TIPE_3":"MANDIRI","TELEPON":"(021) 52997777","ALAMAT":"JL. PRAMUKA NO.12 RAWA LUMBU, RT.007/RW.003, JATIMURNI, KEC. PD. MELATI, KOTA BKS, JAWA BARAT 17431","ID_PROV":"32","PROVINSI":"JAWA BARAT","ID_KABKOT":"32.75","KABKOT":"KOTA BEKASI","ID_KEC":"32.75.12","KECAMATAN":"PONDOKMELATI","ID_DESA":"32.75.12.1004","DESA":"JATIMURNI","LONGITUDE":"106.93292199999999","LATITUDE":"-6.3287301","STATUS":"BUKA","TANGGAL PENGUMPULAN":"Q2 2025","TANGGAL UPDATE":"20/06/2025"}},{"type":"Feature","geometry":{"coordinates":[107.0152632,-6.2420903],"type":"Point"},"properties":{"NAMA":"MANDIRI ATM SPBU UNDERPASS","TIPE_1":"LAYANAN ATAU JASA","TIPE_2":"ATM","TIPE_3":"MANDIRI","TELEPON":"","ALAMAT":"JL. BARU UNDERPASS, RT.006/RW.002, DUREN JAYA, KEC. BEKASI TIM., KOTA BKS, JAWA BARAT 17111","ID_PROV":"32","PROVINSI":"JAWA BARAT","ID_KABKOT":"32.75","KABKOT":"KOTA BEKASI","ID_KEC":"32.75.01","KECAMATAN":"BEKASI TIMUR","ID_DESA":"32.75.01.1003","DESA":"DURENJAYA","LONGITUDE":"107.01526319999999","LATITUDE":"-6.2420903","STATUS":"BUKA","TANGGAL PENGUMPULAN":"Q2 2025","TANGGAL UPDATE":"20/06/2025"}},{"type":"Feature","geometry":{"coordinates":[106.9180201,-6.2854891],"type":"Point"},"properties":{"NAMA":"MANDIRI ATM SUPERMARKET TIP TOP PONDOK GEDE","TIPE_1":"LAYANAN ATAU JASA","TIPE_2":"ATM","TIPE_3":"MANDIRI","TELEPON":"(021) 52997777","ALAMAT":"SUPERMARKET TIP TOP, JL. RAYA JATI MAKMUR NO.30, PONDOK GEDE, RT.007/RW.003, JATIRAHAYU, KEC. PD. MELATI, KOTA BKS, JAWA BARAT 17413","ID_PROV":"32","PROVINSI":"JAWA BARAT","ID_KABKOT":"32.75","KABKOT":"KOTA BEKASI","ID_KEC":"32.75.12","KECAMATAN":"PONDOKMELATI","ID_DESA":"32.75.12.1001","DESA":"JATIRAHAYU","LONGITUDE":"106.91802009999999","LATITUDE":"-6.2854890999999995","STATUS":"BUKA","TANGGAL PENGUMPULAN":"Q2 2025","TANGGAL UPDATE":"20/06/2025"}},{"type":"Feature","geometry":{"coordinates":[106.9878894,-6.2611631],"type":"Point"},"properties":{"NAMA":"MANDIRI ATM SWALAYAN NAGA","TIPE_1":"LAYANAN ATAU JASA","TIPE_2":"ATM","TIPE_3":"MANDIRI","TELEPON":"(021) 52997777","ALAMAT":"JL. RAYA PEKAYON NO.29, RT.002/RW.020, PEKAYON JAYA, KEC. BEKASI SEL., KOTA BKS, JAWA BARAT 17148","ID_PROV":"32","PROVINSI":"JAWA BARAT","ID_KABKOT":"32.75","KABKOT":"KOTA BEKASI","ID_KEC":"32.75.04","KECAMATAN":"BEKASI SELATAN","ID_DESA":"32.75.04.1001","DESA":"PEKAYONJAYA","LONGITUDE":"106.9878894","LATITUDE":"-6.2611631","STATUS":"BUKA","TANGGAL PENGUMPULAN":"Q2 2025","TANGGAL UPDATE":"20/06/2025"}},{"type":"Feature","geometry":{"coordinates":[106.9783569,-6.1859117],"type":"Point"},"properties":{"NAMA":"MEGA ATM","TIPE_1":"LAYANAN ATAU JASA","TIPE_2":"ATM","TIPE_3":"MEGA","TELEPON":"","ALAMAT":"RUKO SENTRA NIAGA, JL. BOULEVARD HIJAU RAYA BLOK SN 1, RT.004/RW.030, PEJUANG, KEC. BEKASI BAR., KABUPATEN BEKASI, JAWA BARAT 17131","ID_PROV":"32","PROVINSI":"JAWA BARAT","ID_KABKOT":"32.75","KABKOT":"KOTA BEKASI","ID_KEC":"32.75.06","KECAMATAN":"MEDANSATRIA","ID_DESA":"32.75.06.1003","DESA":"PEJUANG","LONGITUDE":"106.9783569","LATITUDE":"-6.1859117","STATUS":"BUKA","TANGGAL PENGUMPULAN":"Q2 2025","TANGGAL UPDATE":"20/06/2025"}},{"type":"Feature","geometry":{"coordinates":[106.9310709,-6.3813035],"type":"Point"},"properties":{"NAMA":"PT. ATM BANK MEGA TBK.","TIPE_1":"LAYANAN ATAU JASA","TIPE_2":"ATM","TIPE_3":"MEGA","TELEPON":"","ALAMAT":"MITRA 10 BEKASI ATM CENTER, JL RAYA ALTERNATIF CIBUBUR CILEUNGSI, KM 4 KAV 88, JATI RANGGA JAKASAMPURNA, RT.001/RW.001, JATIKARYA, KEC. JATISAMPURNA, KOTA BKS, JAWA BARAT 17117","ID_PROV":"32","PROVINSI":"JAWA BARAT","ID_KABKOT":"32.75","KABKOT":"KOTA BEKASI","ID_KEC":"32.75.10","KECAMATAN":"JATISAMPURNA","ID_DESA":"32.75.10.1004","DESA":"JATIRANGGA","LONGITUDE":"106.9310709","LATITUDE":"-6.3813035","STATUS":"BUKA","TANGGAL PENGUMPULAN":"Q2 2025","TANGGAL UPDATE":"20/06/2025"}},{"type":"Feature","geometry":{"coordinates":[106.9113141,-6.2843151],"type":"Point"},"properties":{"NAMA":"PT. ATM BANK MEGA TBK.","TIPE_1":"LAYANAN ATAU JASA","TIPE_2":"ATM","TIPE_3":"MEGA","TELEPON":"","ALAMAT":"PLAZA PD. GEDE, JL. RAYA PD. GEDE NO.10, RT.001/RW.001, JATIWARINGIN, KEC. PD. GEDE, KOTA BKS, JAWA BARAT 17411","ID_PROV":"32","PROVINSI":"JAWA BARAT","ID_KABKOT":"32.75","KABKOT":"KOTA BEKASI","ID_KEC":"32.75.08","KECAMATAN":"PONDOKGEDE","ID_DESA":"32.75.08.1001","DESA":"JATIWARINGIN","LONGITUDE":"106.9113141","LATITUDE":"-6.2843151","STATUS":"BUKA","TANGGAL PENGUMPULAN":"Q2 2025","TANGGAL UPDATE":"20/06/2025"}},{"type":"Feature","geometry":{"coordinates":[106.9745905,-6.1968794],"type":"Point"},"properties":{"NAMA":"PT. ATM BANK NEGARA INDONESIA","TIPE_1":"LAYANAN ATAU JASA","TIPE_2":"ATM","TIPE_3":"BNI","TELEPON":"","ALAMAT":"KLN PONDOK UNGU, JL RAYA SULTAN AGUNG, KM. 27, RT.007/RW.007, MEDAN SATRIA, KECAMATAN MEDAN SATRIA, KOTA BKS, JAWA BARAT 17132","ID_PROV":"32","PROVINSI":"JAWA BARAT","ID_KABKOT":"32.75","KABKOT":"KOTA BEKASI","ID_KEC":"32.75.06","KECAMATAN":"MEDANSATRIA","ID_DESA":"32.75.06.1001","DESA":"MEDANSATRIA","LONGITUDE":"106.97459049999999","LATITUDE":"-6.196879399999999","STATUS":"BUKA","TANGGAL PENGUMPULAN":"Q2 2025","TANGGAL UPDATE":"20/06/2025"}}]}