{"type":"FeatureCollection","features":[{"type":"Feature","geometry":{"coordinates":[106.8931822,-6.3475189],"type":"Point"},"properties":{"NAMA":"AYAM GEPREK","TIPE_1":"MAKANAN DAN MINUMAN","TIPE_2":"RESTORAN","TIPE_3":"RESTORAN AYAM","TELEPON":"0811-1021-315","ALAMAT":"KOMPLEK POLRI JL. BHAYANGKARA II NO.106, RT.3/RW.3, MUNJUL, KEC. CIPAYUNG, KOTA JAKARTA TIMUR, DAERAH KHUSUS IBUKOTA JAKARTA 13850","ID_PROV":"31","PROVINSI":"DKI JAKARTA","ID_KABKOT":"31.75","KABKOT":"KOTA ADM. JAKARTA TIMUR","ID_KEC":"31.75.10","KECAMATAN":"CIPAYUNG","ID_DESA":"31.75.10.1004","DESA":"MUNJUL","LONGITUDE":106.8931822,"LATITUDE":-6.3475189,"STATUS":"BUKA","TANGGAL UPDATE":"27/02/2025","TANGGAL PENGUMPULAN":"Q4 2023","q":27449,"r":-15139}},{"type":"Feature","geometry":{"coordinates":[106.90176770000005,-6.318811199999971],"type":"Point"},"properties":{"NAMA":"RMRAHMAT MASAKAN PADANG","TIPE_1":"MAKANAN DAN MINUMAN","TIPE_2":"RESTORAN","TIPE_3":"RESTORAN PADANG","TELEPON":"0821-1488-3566","ALAMAT":"JL. BAMBU HITAM NO.86, RT.9/RW.5, BAMBU APUS, KEC. CIPAYUNG, KOTA JAKARTA TIMUR, DAERAH KHUSUS IBUKOTA JAKARTA 13890","ID_PROV":"31","PROVINSI":"DKI JAKARTA","ID_KABKOT":"31.75","KABKOT":"KOTA ADM. JAKARTA TIMUR","ID_KEC":"31.75.10","KECAMATAN":"CIPAYUNG","ID_DESA":"31.75.10.1006","DESA":"BAMBU APUS","LONGITUDE":106.9017677,"LATITUDE":-6.3188112,"STATUS":"BUKA","TANGGAL UPDATE":"27/02/2025","TANGGAL PENGUMPULAN":"Q4 2023","q":27452,"r":-15134}},{"type":"Feature","geometry":{"coordinates":[106.88543820000007,-6.227768199999957],"type":"Point"},"properties":{"NAMA":"RMRAFLI MINANG","TIPE_1":"MAKANAN DAN MINUMAN","TIPE_2":"RESTORAN","TIPE_3":"RESTORAN PADANG","TELEPON":"0853-1121-1436","ALAMAT":"JL. CIPINANG MUARA RAYA NO.12, RT.3/RW.2, CIPINANG MUARA, KECAMATAN JATINEGARA, KOTA JAKARTA TIMUR, DAERAH KHUSUS IBUKOTA JAKARTA 13420","ID_PROV":"31","PROVINSI":"DKI JAKARTA","ID_KABKOT":"31.75","KABKOT":"KOTA ADM. JAKARTA TIMUR","ID_KEC":"31.75.03","KECAMATAN":"JATINEGARA","ID_DESA":"31.75.03.1006","DESA":"CIPINANG MUARA","LONGITUDE":106.8854382,"LATITUDE":-6.2277682,"STATUS":"BUKA","TANGGAL UPDATE":"27/02/2025","TANGGAL PENGUMPULAN":"Q4 2023","q":27448,"r":-15111}},{"type":"Feature","geometry":{"coordinates":[106.92712220000004,-6.216791299999954],"type":"Point"},"properties":{"NAMA":"RMDO'A BUNDO (MASAKAN PADANG)","TIPE_1":"MAKANAN DAN MINUMAN","TIPE_2":"RESTORAN","TIPE_3":"RESTORAN PADANG","TELEPON":"0812-8729-555","ALAMAT":"RW.1, MALAKA SARI, KEC. DUREN SAWIT, KOTA JAKARTA TIMUR, DAERAH KHUSUS IBUKOTA JAKARTA 13460","ID_PROV":"31","PROVINSI":"DKI JAKARTA","ID_KABKOT":"31.75","KABKOT":"KOTA ADM. JAKARTA TIMUR","ID_KEC":"31.75.07","KECAMATAN":"DUREN SAWIT","ID_DESA":"31.75.07.1005","DESA":"MALAKA SARI","LONGITUDE":106.9271222,"LATITUDE":-6.2167913,"STATUS":"BUKA","TANGGAL UPDATE":"27/02/2025","TANGGAL PENGUMPULAN":"Q4 2023","q":27458,"r":-15114}},{"type":"Feature","geometry":{"coordinates":[106.93440410000005,-6.234494199999972],"type":"Point"},"properties":{"NAMA":"BAKSO SAPI'I PONDOK KELAPA","TIPE_1":"MAKANAN DAN MINUMAN","TIPE_2":"RESTORAN","TIPE_3":"RESTORAN PADANG","TELEPON":"0813-1550-0022","ALAMAT":"JL. PD. KELAPA RAYA NO.5, RT.4/RW.9, PD. KLP., KEC. DUREN SAWIT, KOTA JAKARTA TIMUR, DAERAH KHUSUS IBUKOTA JAKARTA 13450","ID_PROV":"31","PROVINSI":"DKI JAKARTA","ID_KABKOT":"31.75","KABKOT":"KOTA ADM. JAKARTA TIMUR","ID_KEC":"31.75.07","KECAMATAN":"DUREN SAWIT","ID_DESA":"31.75.07.1004","DESA":"PONDOK KELAPA","LONGITUDE":106.9344041,"LATITUDE":-6.2344942,"STATUS":"BUKA","TANGGAL UPDATE":"27/02/2025","TANGGAL PENGUMPULAN":"Q4 2023","q":27460,"r":-15119}},{"type":"Feature","geometry":{"coordinates":[106.89229910000006,-6.217230599999937],"type":"Point"},"properties":{"NAMA":"GANTO MINANG MASAKAN PADANG","TIPE_1":"MAKANAN DAN MINUMAN","TIPE_2":"RESTORAN","TIPE_3":"RESTORAN PADANG","TELEPON":"","ALAMAT":"JL. CIPINANG MUARA ILIR NO.19, RT.3/RW.5, CIPINANG MUARA, KECAMATAN JATINEGARA, KOTA JAKARTA TIMUR, DAERAH KHUSUS IBUKOTA JAKARTA 13420","ID_PROV":"31","PROVINSI":"DKI JAKARTA","ID_KABKOT":"31.75","KABKOT":"KOTA ADM. JAKARTA TIMUR","ID_KEC":"31.75.03","KECAMATAN":"JATINEGARA","ID_DESA":"31.75.03.1006","DESA":"CIPINANG MUARA","LONGITUDE":106.892299099999,"LATITUDE":-6.2172306,"STATUS":"BUKA","TANGGAL UPDATE":"27/02/2025","TANGGAL PENGUMPULAN":"Q4 2023","q":27449,"r":-15110}},{"type":"Feature","geometry":{"coordinates":[106.90323070000005,-6.24435219999998],"type":"Point"},"properties":{"NAMA":"CAFFE MINANG","TIPE_1":"MAKANAN DAN MINUMAN","TIPE_2":"RESTORAN","TIPE_3":"RESTORAN PADANG","TELEPON":"(021) 86612409","ALAMAT":"JL. PAHLAWAN REVOLUSI NO.16A, RT.3/RW.7, PD. BAMBU, KEC. DUREN SAWIT, KOTA JAKARTA TIMUR, DAERAH KHUSUS IBUKOTA JAKARTA 13430","ID_PROV":"31","PROVINSI":"DKI JAKARTA","ID_KABKOT":"31.75","KABKOT":"KOTA ADM. JAKARTA TIMUR","ID_KEC":"31.75.07","KECAMATAN":"DUREN SAWIT","ID_DESA":"31.75.07.1002","DESA":"PONDOK BAMBU","LONGITUDE":106.9032307,"LATITUDE":-6.2443522,"STATUS":"BUKA","TANGGAL UPDATE":"27/02/2025","TANGGAL PENGUMPULAN":"Q4 2023","q":27452,"r":-15117}},{"type":"Feature","geometry":{"coordinates":[106.90157430000005,-6.219386],"type":"Point"},"properties":{"NAMA":"ISTANA MINANG","TIPE_1":"MAKANAN DAN MINUMAN","TIPE_2":"RESTORAN","TIPE_3":"RESTORAN PADANG","TELEPON":"0821-7746-9718","ALAMAT":"ARENA SILMA, JL. DERMAGA RAYA, RT.5/RW.8, KLENDER, KEC. DUREN SAWIT, KOTA JAKARTA TIMUR, DAERAH KHUSUS IBUKOTA JAKARTA 13470","ID_PROV":"31","PROVINSI":"DKI JAKARTA","ID_KABKOT":"31.75","KABKOT":"KOTA ADM. JAKARTA TIMUR","ID_KEC":"31.75.07","KECAMATAN":"DUREN SAWIT","ID_DESA":"31.75.07.1003","DESA":"KLENDER","LONGITUDE":106.9015743,"LATITUDE":-6.219386,"STATUS":"BUKA","TANGGAL UPDATE":"27/02/2025","TANGGAL PENGUMPULAN":"Q4 2023","q":27452,"r":-15112}},{"type":"Feature","geometry":{"coordinates":[106.92958090000008,-6.248075699999958],"type":"Point"},"properties":{"NAMA":"KAMI SAIYO MASAKAN PADANG","TIPE_1":"MAKANAN DAN MINUMAN","TIPE_2":"RESTORAN","TIPE_3":"RESTORAN PADANG","TELEPON":"0895-3301-37611","ALAMAT":"DEPAN TOTAL BUAH KALIMALANG, JL. RAYA KALIMALANG, RT.1/RW.10, PD. KLP., KEC. DUREN SAWIT, KOTA JAKARTA TIMUR, DAERAH KHUSUS IBUKOTA JAKARTA 13450","ID_PROV":"31","PROVINSI":"DKI JAKARTA","ID_KABKOT":"31.75","KABKOT":"KOTA ADM. JAKARTA TIMUR","ID_KEC":"31.75.07","KECAMATAN":"DUREN SAWIT","ID_DESA":"31.75.07.1004","DESA":"PONDOK KELAPA","LONGITUDE":106.929580899999,"LATITUDE":-6.2480757,"STATUS":"BUKA","TANGGAL UPDATE":"27/02/2025","TANGGAL PENGUMPULAN":"Q4 2023","q":27459,"r":-15122}},{"type":"Feature","geometry":{"coordinates":[106.90090210000005,-6.22919],"type":"Point"},"properties":{"NAMA":"KITO JUO MASAKAN PADANG","TIPE_1":"MAKANAN DAN MINUMAN","TIPE_2":"RESTORAN","TIPE_3":"RESTORAN PADANG","TELEPON":"","ALAMAT":"JL. MASJID ABIDIN NO.1, RT.8/RW.6, PD. BAMBU, KEC. DUREN SAWIT, KOTA JAKARTA TIMUR, DAERAH KHUSUS IBUKOTA JAKARTA 13430","ID_PROV":"31","PROVINSI":"DKI JAKARTA","ID_KABKOT":"31.75","KABKOT":"KOTA ADM. JAKARTA TIMUR","ID_KEC":"31.75.07","KECAMATAN":"DUREN SAWIT","ID_DESA":"31.75.07.1002","DESA":"PONDOK BAMBU","LONGITUDE":106.9009021,"LATITUDE":-6.22919,"STATUS":"BUKA","TANGGAL UPDATE":"27/02/2025","TANGGAL PENGUMPULAN":"Q4 2023","q":27451,"r":-15114}},{"type":"Feature","geometry":{"coordinates":[106.90005950000005,-6.215933399999926],"type":"Point"},"properties":{"NAMA":"MASAKAN PADANG","TIPE_1":"MAKANAN DAN MINUMAN","TIPE_2":"RESTORAN","TIPE_3":"RESTORAN PADANG","TELEPON":"","ALAMAT":"10, JL. PAHLAWAN REVOLUSI NO.25, RT.10/RW.3, KLENDER, KEC. DUREN SAWIT, KOTA JAKARTA TIMUR, DAERAH KHUSUS IBUKOTA JAKARTA 13470","ID_PROV":"31","PROVINSI":"DKI JAKARTA","ID_KABKOT":"31.75","KABKOT":"KOTA ADM. JAKARTA TIMUR","ID_KEC":"31.75.07","KECAMATAN":"DUREN SAWIT","ID_DESA":"31.75.07.1003","DESA":"KLENDER","LONGITUDE":106.9000595,"LATITUDE":-6.2159334,"STATUS":"BUKA","TANGGAL UPDATE":"27/02/2025","TANGGAL PENGUMPULAN":"Q4 2023","q":27451,"r":-15111}},{"type":"Feature","geometry":{"coordinates":[106.92894560000008,-6.227196299999946],"type":"Point"},"properties":{"NAMA":"NASI PADANG","TIPE_1":"MAKANAN DAN MINUMAN","TIPE_2":"RESTORAN","TIPE_3":"RESTORAN PADANG","TELEPON":"","ALAMAT":"NO, JL. MALAKA RAYA NO.88, RT.1/RW.6, MALAKA SARI, KEC. DUREN SAWIT, KOTA JAKARTA TIMUR, DAERAH KHUSUS IBUKOTA JAKARTA 13460","ID_PROV":"31","PROVINSI":"DKI JAKARTA","ID_KABKOT":"31.75","KABKOT":"KOTA ADM. JAKARTA TIMUR","ID_KEC":"31.75.07","KECAMATAN":"DUREN SAWIT","ID_DESA":"31.75.07.1005","DESA":"MALAKA SARI","LONGITUDE":106.928945599999,"LATITUDE":-6.2271963,"STATUS":"BUKA","TANGGAL UPDATE":"27/02/2025","TANGGAL PENGUMPULAN":"Q4 2023","q":27459,"r":-15117}},{"type":"Feature","geometry":{"coordinates":[106.87774020000006,-6.269629099999975],"type":"Point"},"properties":{"NAMA":"MINANG SUPER","TIPE_1":"MAKANAN DAN MINUMAN","TIPE_2":"RESTORAN","TIPE_3":"RESTORAN PADANG","TELEPON":"","ALAMAT":"JL. SQUADRON NO.4, RT.4/RW.5, HALIM PERDANA KUSUMAH, KEC. MAKASAR, KOTA JAKARTA TIMUR, DAERAH KHUSUS IBUKOTA JAKARTA 13570","ID_PROV":"31","PROVINSI":"DKI JAKARTA","ID_KABKOT":"31.75","KABKOT":"KOTA ADM. JAKARTA TIMUR","ID_KEC":"31.75.08","KECAMATAN":"MAKASAR","ID_DESA":"31.75.08.1004","DESA":"HALIM PERDANA KUSUMA","LONGITUDE":106.877740199999,"LATITUDE":-6.2696291,"STATUS":"BUKA","TANGGAL UPDATE":"27/02/2025","TANGGAL PENGUMPULAN":"Q4 2023","q":27446,"r":-15120}},{"type":"Feature","geometry":{"coordinates":[106.90531370000008,-6.238796299999933],"type":"Point"},"properties":{"NAMA":"MELANI INDAH","TIPE_1":"MAKANAN DAN MINUMAN","TIPE_2":"RESTORAN","TIPE_3":"RESTORAN PADANG","TELEPON":"(021) 8631965","ALAMAT":"JL. GADING RAYA NO.207, RT.10/RW.11, PD. BAMBU, KEC. DUREN SAWIT, KOTA JAKARTA TIMUR, DAERAH KHUSUS IBUKOTA JAKARTA 13430","ID_PROV":"31","PROVINSI":"DKI JAKARTA","ID_KABKOT":"31.75","KABKOT":"KOTA ADM. JAKARTA TIMUR","ID_KEC":"31.75.07","KECAMATAN":"DUREN SAWIT","ID_DESA":"31.75.07.1002","DESA":"PONDOK BAMBU","LONGITUDE":106.9053137,"LATITUDE":-6.2387963,"STATUS":"BUKA","TANGGAL UPDATE":"27/02/2025","TANGGAL PENGUMPULAN":"Q4 2023","q":27453,"r":-15116}},{"type":"Feature","geometry":{"coordinates":[106.88575740000005,-6.200678099999948],"type":"Point"},"properties":{"NAMA":"PADANG MERDEKA RAWAMANGUN","TIPE_1":"MAKANAN DAN MINUMAN","TIPE_2":"RESTORAN","TIPE_3":"RESTORAN PADANG","TELEPON":"0813-8892-2582","ALAMAT":"JL. BALAI PUSTAKA NO.6, RT.4/RW.11, RAWAMANGUN, KEC. PULO GADUNG, KOTA JAKARTA TIMUR, DAERAH KHUSUS IBUKOTA JAKARTA 13220","ID_PROV":"31","PROVINSI":"DKI JAKARTA","ID_KABKOT":"31.75","KABKOT":"KOTA ADM. JAKARTA TIMUR","ID_KEC":"31.75.02","KECAMATAN":"PULOGADUNG","ID_DESA":"31.75.02.1005","DESA":"RAWAMANGUN","LONGITUDE":106.885757399999,"LATITUDE":-6.2006781,"STATUS":"BUKA","TANGGAL UPDATE":"27/02/2025","TANGGAL PENGUMPULAN":"Q4 2023","q":27448,"r":-15105}},{"type":"Feature","geometry":{"coordinates":[106.89568860000008,-6.181253899999945],"type":"Point"},"properties":{"NAMA":"PADANG RUMAH MAKAN","TIPE_1":"MAKANAN DAN MINUMAN","TIPE_2":"RESTORAN","TIPE_3":"RESTORAN PADANG","TELEPON":"(021) 47863666","ALAMAT":"JL. KAYU PUTIH TENGAH 1-2 PULO GADUNG PULO GADUNG JAKARTA TIMUR DKI JAKARTA, RT.12/RW.8, PULO GADUNG, KEC. PULO GADUNG, KOTA JAKARTA TIMUR, DAERAH KHUSUS IBUKOTA JAKARTA 13210","ID_PROV":"31","PROVINSI":"DKI JAKARTA","ID_KABKOT":"31.75","KABKOT":"KOTA ADM. JAKARTA TIMUR","ID_KEC":"31.75.02","KECAMATAN":"PULOGADUNG","ID_DESA":"31.75.02.1001","DESA":"PULO GADUNG","LONGITUDE":106.8956886,"LATITUDE":-6.1812539,"STATUS":"BUKA","TANGGAL UPDATE":"27/02/2025","TANGGAL PENGUMPULAN":"Q4 2023","q":27450,"r":-15102}},{"type":"Feature","geometry":{"coordinates":[106.894205,-6.219043499999941],"type":"Point"},"properties":{"NAMA":"MUARA SARI MASAKAN PADANG","TIPE_1":"MAKANAN DAN MINUMAN","TIPE_2":"RESTORAN","TIPE_3":"RESTORAN PADANG","TELEPON":"0813-1643-9004","ALAMAT":"JL. BB I NO.14, RT.8/RW.8, CIPINANG MUARA, KECAMATAN JATINEGARA, KOTA JAKARTA TIMUR, DAERAH KHUSUS IBUKOTA JAKARTA 13420","ID_PROV":"31","PROVINSI":"DKI JAKARTA","ID_KABKOT":"31.75","KABKOT":"KOTA ADM. JAKARTA TIMUR","ID_KEC":"31.75.03","KECAMATAN":"JATINEGARA","ID_DESA":"31.75.03.1006","DESA":"CIPINANG MUARA","LONGITUDE":106.894205,"LATITUDE":-6.2190435,"STATUS":"BUKA","TANGGAL UPDATE":"27/02/2025","TANGGAL PENGUMPULAN":"Q4 2023","q":27450,"r":-15111}},{"type":"Feature","geometry":{"coordinates":[106.89111650000007,-6.225531299999943],"type":"Point"},"properties":{"NAMA":"MUTIARA MINANG","TIPE_1":"MAKANAN DAN MINUMAN","TIPE_2":"RESTORAN","TIPE_3":"RESTORAN PADANG","TELEPON":"","ALAMAT":"JL. CIPINANG MUARA RAYA NO.17, RT.16/RW.3, CIPINANG MUARA, KECAMATAN JATINEGARA, KOTA JAKARTA TIMUR, DAERAH KHUSUS IBUKOTA JAKARTA 13420","ID_PROV":"31","PROVINSI":"DKI JAKARTA","ID_KABKOT":"31.75","KABKOT":"KOTA ADM. JAKARTA TIMUR","ID_KEC":"31.75.03","KECAMATAN":"JATINEGARA","ID_DESA":"31.75.03.1006","DESA":"CIPINANG MUARA","LONGITUDE":106.8911165,"LATITUDE":-6.2255313,"STATUS":"BUKA","TANGGAL UPDATE":"27/02/2025","TANGGAL PENGUMPULAN":"Q4 2023","q":27449,"r":-15112}},{"type":"Feature","geometry":{"coordinates":[106.90049880000004,-6.237828899999954],"type":"Point"},"properties":{"NAMA":"PUTRA MINANG","TIPE_1":"MAKANAN DAN MINUMAN","TIPE_2":"RESTORAN","TIPE_3":"RESTORAN PADANG","TELEPON":"0823-8696-8835","ALAMAT":"JL. KEJAKSAAN NO.4, RT.4/RW.5, PD. BAMBU, KEC. DUREN SAWIT, KOTA JAKARTA TIMUR, DAERAH KHUSUS IBUKOTA JAKARTA 13430","ID_PROV":"31","PROVINSI":"DKI JAKARTA","ID_KABKOT":"31.75","KABKOT":"KOTA ADM. JAKARTA TIMUR","ID_KEC":"31.75.07","KECAMATAN":"DUREN SAWIT","ID_DESA":"31.75.07.1002","DESA":"PONDOK BAMBU","LONGITUDE":106.9004988,"LATITUDE":-6.2378289,"STATUS":"BUKA","TANGGAL UPDATE":"27/02/2025","TANGGAL PENGUMPULAN":"Q4 2023","q":27451,"r":-15116}},{"type":"Feature","geometry":{"coordinates":[106.851325,-6.287904499999968],"type":"Point"},"properties":{"NAMA":"NASI PADANG SALIMA MINANG","TIPE_1":"MAKANAN DAN MINUMAN","TIPE_2":"RESTORAN","TIPE_3":"RESTORAN PADANG","TELEPON":"0877-8048-7392","ALAMAT":"JL. KAYU MANIS JL. RAYA CONDET NO.3A, BALEKAMBANG, KEC. KRAMAT JATI, KOTA JAKARTA TIMUR, DAERAH KHUSUS IBUKOTA JAKARTA 13530","ID_PROV":"31","PROVINSI":"DKI JAKARTA","ID_KABKOT":"31.75","KABKOT":"KOTA ADM. JAKARTA TIMUR","ID_KEC":"31.75.04","KECAMATAN":"KRAMATJATI","ID_DESA":"31.75.04.1005","DESA":"BALEKAMBANG","LONGITUDE":106.851324999999,"LATITUDE":-6.2879045,"STATUS":"BUKA","TANGGAL UPDATE":"27/02/2025","TANGGAL PENGUMPULAN":"Q4 2023","q":27439,"r":-15121}},{"type":"Feature","geometry":{"coordinates":[106.88316190000006,-6.290098399999977],"type":"Point"},"properties":{"NAMA":"RESTORAN SEDERHANA PINANG RANTI","TIPE_1":"MAKANAN DAN MINUMAN","TIPE_2":"RESTORAN","TIPE_3":"RESTORAN PADANG","TELEPON":"(021) 8009519","ALAMAT":"JL. RAYA PD. GEDE NO.7, RT.5/RW.1, PINANG RANTI, KEC. MAKASAR, KOTA JAKARTA TIMUR, DAERAH KHUSUS IBUKOTA JAKARTA 13560","ID_PROV":"31","PROVINSI":"DKI JAKARTA","ID_KABKOT":"31.75","KABKOT":"KOTA ADM. JAKARTA TIMUR","ID_KEC":"31.75.08","KECAMATAN":"MAKASAR","ID_DESA":"31.75.08.1002","DESA":"PINANGRANTI","LONGITUDE":106.883161899999,"LATITUDE":-6.2900984,"STATUS":"BUKA","TANGGAL UPDATE":"27/02/2025","TANGGAL PENGUMPULAN":"Q4 2023","q":27447,"r":-15125}},{"type":"Feature","geometry":{"coordinates":[106.89815530000004,-6.193349199999943],"type":"Point"},"properties":{"NAMA":"RESTORAN SEDERHANA PEMUDA","TIPE_1":"MAKANAN DAN MINUMAN","TIPE_2":"RESTORAN","TIPE_3":"RESTORAN PADANG","TELEPON":"(021) 4757539","ALAMAT":"1, JL. PEMUDA NO.5, RT.12/RW.4, JATI, KEC. PULO GADUNG, KOTA JAKARTA TIMUR, DAERAH KHUSUS IBUKOTA JAKARTA 13220","ID_PROV":"31","PROVINSI":"DKI JAKARTA","ID_KABKOT":"31.75","KABKOT":"KOTA ADM. JAKARTA TIMUR","ID_KEC":"31.75.02","KECAMATAN":"PULOGADUNG","ID_DESA":"31.75.02.1007","DESA":"JATI","LONGITUDE":106.8981553,"LATITUDE":-6.1933492,"STATUS":"BUKA","TANGGAL UPDATE":"27/02/2025","TANGGAL PENGUMPULAN":"Q4 2023","q":27451,"r":-15105}},{"type":"Feature","geometry":{"coordinates":[106.88301910000007,-6.196528699999931],"type":"Point"},"properties":{"NAMA":"RESTORAN SEDERHANA (SA) MASAKAN PADANG - RAWAMANGUN","TIPE_1":"MAKANAN DAN MINUMAN","TIPE_2":"RESTORAN","TIPE_3":"RESTORAN PADANG","TELEPON":"(021) 4716944","ALAMAT":"JL. BALAI PUSTAKA NO.1, RT.7/RW.15, RAWAMANGUN, KEC. PULO GADUNG, KOTA JAKARTA TIMUR, DAERAH KHUSUS IBUKOTA JAKARTA 13220","ID_PROV":"31","PROVINSI":"DKI JAKARTA","ID_KABKOT":"31.75","KABKOT":"KOTA ADM. JAKARTA TIMUR","ID_KEC":"31.75.02","KECAMATAN":"PULOGADUNG","ID_DESA":"31.75.02.1005","DESA":"RAWAMANGUN","LONGITUDE":106.8830191,"LATITUDE":-6.1965287,"STATUS":"BUKA","TANGGAL UPDATE":"27/02/2025","TANGGAL PENGUMPULAN":"Q4 2023","q":27447,"r":-15104}},{"type":"Feature","geometry":{"coordinates":[106.87060190000005,-6.218138599999975],"type":"Point"},"properties":{"NAMA":"RESTORAN SEDERHANA JATINEGARA","TIPE_1":"MAKANAN DAN MINUMAN","TIPE_2":"RESTORAN","TIPE_3":"RESTORAN PADANG","TELEPON":"(021) 21281351","ALAMAT":"JL. BEKASI I NO.31, RT.3/RW.4, RW. BUNGA, KECAMATAN JATINEGARA, KOTA JAKARTA TIMUR, DAERAH KHUSUS IBUKOTA JAKARTA 13350","ID_PROV":"31","PROVINSI":"DKI JAKARTA","ID_KABKOT":"31.75","KABKOT":"KOTA ADM. JAKARTA TIMUR","ID_KEC":"31.75.03","KECAMATAN":"JATINEGARA","ID_DESA":"31.75.03.1004","DESA":"RAWA BUNGA","LONGITUDE":106.8706019,"LATITUDE":-6.2181386,"STATUS":"BUKA","TANGGAL UPDATE":"27/02/2025","TANGGAL PENGUMPULAN":"Q4 2023","q":27444,"r":-15107}},{"type":"Feature","geometry":{"coordinates":[106.88798390000005,-6.228516499999955],"type":"Point"},"properties":{"NAMA":"PONDOK RODA RUMAH MAKAN","TIPE_1":"MAKANAN DAN MINUMAN","TIPE_2":"RESTORAN","TIPE_3":"RESTORAN PADANG","TELEPON":"(021) 8516649","ALAMAT":"JL A-1 1 CIPINANG MUARA JATINEGARA JAKARTA TIMUR DKI JAKARTA, RT.1/RW.14, CIPINANG MUARA, KECAMATAN JATINEGARA, KOTA JAKARTA TIMUR, DAERAH KHUSUS IBUKOTA JAKARTA 13420","ID_PROV":"31","PROVINSI":"DKI JAKARTA","ID_KABKOT":"31.75","KABKOT":"KOTA ADM. JAKARTA TIMUR","ID_KEC":"31.75.03","KECAMATAN":"JATINEGARA","ID_DESA":"31.75.03.1006","DESA":"CIPINANG MUARA","LONGITUDE":106.8879839,"LATITUDE":-6.2285165,"STATUS":"BUKA","TANGGAL UPDATE":"27/02/2025","TANGGAL PENGUMPULAN":"Q4 2023","q":27448,"r":-15112}},{"type":"Feature","geometry":{"coordinates":[106.895192,-6.210568199999955],"type":"Point"},"properties":{"NAMA":"PONDOK SALERO","TIPE_1":"MAKANAN DAN MINUMAN","TIPE_2":"RESTORAN","TIPE_3":"RESTORAN PADANG","TELEPON":"0895-3373-72903","ALAMAT":"JL. RAYA BEKASI KM 14, RT 10/ RW 04 NO A14, CIPINANG PULOGADUNG, RT.1/RW.5, CIPINANG, KEC. PULO GADUNG, KOTA JAKARTA TIMUR, DAERAH KHUSUS IBUKOTA JAKARTA 13240","ID_PROV":"31","PROVINSI":"DKI JAKARTA","ID_KABKOT":"31.75","KABKOT":"KOTA ADM. JAKARTA TIMUR","ID_KEC":"31.75.02","KECAMATAN":"PULOGADUNG","ID_DESA":"31.75.02.1003","DESA":"CIPINANG","LONGITUDE":106.895192,"LATITUDE":-6.2105682,"STATUS":"BUKA","TANGGAL UPDATE":"27/02/2025","TANGGAL PENGUMPULAN":"Q4 2023","q":27450,"r":-15109}},{"type":"Feature","geometry":{"coordinates":[106.90203130000003,-6.207596199999955],"type":"Point"},"properties":{"NAMA":"RM AMBO JAYA","TIPE_1":"MAKANAN DAN MINUMAN","TIPE_2":"RESTORAN","TIPE_3":"RESTORAN PADANG","TELEPON":"0896-2802-1444","ALAMAT":"JL. RAYA BEKASI NO.4, RT.11/RW.5, JATINEGARA KAUM, KEC. PULO GADUNG, KOTA JAKARTA TIMUR, DAERAH KHUSUS IBUKOTA JAKARTA 13250","ID_PROV":"31","PROVINSI":"DKI JAKARTA","ID_KABKOT":"31.75","KABKOT":"KOTA ADM. JAKARTA TIMUR","ID_KEC":"31.75.02","KECAMATAN":"PULOGADUNG","ID_DESA":"31.75.02.1004","DESA":"JATINEGARA KAUM","LONGITUDE":106.902031299999,"LATITUDE":-6.2075962,"STATUS":"BUKA","TANGGAL UPDATE":"27/02/2025","TANGGAL PENGUMPULAN":"Q4 2023","q":27452,"r":-15109}},{"type":"Feature","geometry":{"coordinates":[106.87997780000006,-6.223593699999981],"type":"Point"},"properties":{"NAMA":"RESTO PADANG BASSURA CITY","TIPE_1":"MAKANAN DAN MINUMAN","TIPE_2":"RESTORAN","TIPE_3":"RESTORAN PADANG","TELEPON":"0822-9944-9304","ALAMAT":"EDELWEIS JL.BASUKI RAHMAT 1A,RT/W :08/10, BESAR SEL., JATINEGARA,KOTA TIMUR..., RT.8/RW.10, CIPINANG, KEC. PULO GADUNG, KOTA JAKARTA TIMUR, DAERAH KHUSUS IBUKOTA JAKARTA 13410","ID_PROV":"31","PROVINSI":"DKI JAKARTA","ID_KABKOT":"31.75","KABKOT":"KOTA ADM. JAKARTA TIMUR","ID_KEC":"31.75.03","KECAMATAN":"JATINEGARA","ID_DESA":"31.75.03.1007","DESA":"CIPINANG BESAR SELATAN","LONGITUDE":106.879977799999,"LATITUDE":-6.2235937,"STATUS":"BUKA","TANGGAL UPDATE":"27/02/2025","TANGGAL PENGUMPULAN":"Q4 2023","q":27446,"r":-15110}},{"type":"Feature","geometry":{"coordinates":[106.87643150000008,-6.327013799999975],"type":"Point"},"properties":{"NAMA":"RM BUNDORENI MASAKAN PADANG","TIPE_1":"MAKANAN DAN MINUMAN","TIPE_2":"RESTORAN","TIPE_3":"RESTORAN PADANG","TELEPON":"","ALAMAT":"JL. RAYA CENTEX, RT.3/RW.10, CIRACAS, KEC. CIRACAS, KOTA JAKARTA TIMUR, DAERAH KHUSUS IBUKOTA JAKARTA 13740","ID_PROV":"31","PROVINSI":"DKI JAKARTA","ID_KABKOT":"31.75","KABKOT":"KOTA ADM. JAKARTA TIMUR","ID_KEC":"31.75.09","KECAMATAN":"CIRACAS","ID_DESA":"31.75.09.1001","DESA":"CIRACAS","LONGITUDE":106.8764315,"LATITUDE":-6.3270138,"STATUS":"BUKA","TANGGAL UPDATE":"27/02/2025","TANGGAL PENGUMPULAN":"Q4 2023","q":27445,"r":-15133}},{"type":"Feature","geometry":{"coordinates":[106.91581180000009,-6.315757699999949],"type":"Point"},"properties":{"NAMA":"RM BUNDA MASAKAN PADANG","TIPE_1":"MAKANAN DAN MINUMAN","TIPE_2":"RESTORAN","TIPE_3":"RESTORAN PADANG","TELEPON":"0859-6040-2486","ALAMAT":"RT.7/RW.4, SETU, KEC. CIPAYUNG, KOTA JAKARTA TIMUR, DAERAH KHUSUS IBUKOTA JAKARTA 13880","ID_PROV":"31","PROVINSI":"DKI JAKARTA","ID_KABKOT":"31.75","KABKOT":"KOTA ADM. JAKARTA TIMUR","ID_KEC":"31.75.10","KECAMATAN":"CIPAYUNG","ID_DESA":"31.75.10.1005","DESA":"SETU","LONGITUDE":106.9158118,"LATITUDE":-6.3157577,"STATUS":"BUKA","TANGGAL UPDATE":"27/02/2025","TANGGAL PENGUMPULAN":"Q4 2023","q":27455,"r":-15135}},{"type":"Feature","geometry":{"coordinates":[106.92991790000008,-6.251735499999938],"type":"Point"},"properties":{"NAMA":"RM BUNGO TANJUANG MASAKAN PADANG PONDOK KELAPA","TIPE_1":"MAKANAN DAN MINUMAN","TIPE_2":"RESTORAN","TIPE_3":"RESTORAN PADANG","TELEPON":"0823-8442-0656","ALAMAT":"JL. KAPIN RAYA NO.19, RT.9/RW.8, PD. KLP., KEC. DUREN SAWIT, KOTA JAKARTA TIMUR, DAERAH KHUSUS IBUKOTA JAKARTA 13460","ID_PROV":"31","PROVINSI":"DKI JAKARTA","ID_KABKOT":"31.75","KABKOT":"KOTA ADM. JAKARTA TIMUR","ID_KEC":"31.75.07","KECAMATAN":"DUREN SAWIT","ID_DESA":"31.75.07.1004","DESA":"PONDOK KELAPA","LONGITUDE":106.929917899999,"LATITUDE":-6.2517355,"STATUS":"BUKA","TANGGAL UPDATE":"27/02/2025","TANGGAL PENGUMPULAN":"Q4 2023","q":27459,"r":-15123}},{"type":"Feature","geometry":{"coordinates":[106.90169050000009,-6.210734299999956],"type":"Point"},"properties":{"NAMA":"RM BUNGO RAMPAI","TIPE_1":"MAKANAN DAN MINUMAN","TIPE_2":"RESTORAN","TIPE_3":"RESTORAN PADANG","TELEPON":"0857-8244-4298","ALAMAT":"JL. BEKASI TIMUR RAYA KM.17 NO.3A, RT.8/RW.1, JATINEGARA, KEC. CAKUNG, KOTA JAKARTA TIMUR, DAERAH KHUSUS IBUKOTA JAKARTA 13930","ID_PROV":"31","PROVINSI":"DKI JAKARTA","ID_KABKOT":"31.75","KABKOT":"KOTA ADM. JAKARTA TIMUR","ID_KEC":"31.75.06","KECAMATAN":"CAKUNG","ID_DESA":"31.75.06.1001","DESA":"JATINEGARA","LONGITUDE":106.9016905,"LATITUDE":-6.2107343,"STATUS":"BUKA","TANGGAL UPDATE":"27/02/2025","TANGGAL PENGUMPULAN":"Q4 2023","q":27452,"r":-15110}},{"type":"Feature","geometry":{"coordinates":[106.88245120000005,-6.233226199999933],"type":"Point"},"properties":{"NAMA":"RM CAHAYO MINANG","TIPE_1":"MAKANAN DAN MINUMAN","TIPE_2":"RESTORAN","TIPE_3":"RESTORAN PADANG","TELEPON":"0812-1977-5757","ALAMAT":"JL. GRIYA WARTAWAN NO.28, RT.6/RW.5, CIPINANG BESAR SEL., KECAMATAN JATINEGARA, KOTA JAKARTA TIMUR, DAERAH KHUSUS IBUKOTA JAKARTA 13410","ID_PROV":"31","PROVINSI":"DKI JAKARTA","ID_KABKOT":"31.75","KABKOT":"KOTA ADM. JAKARTA TIMUR","ID_KEC":"31.75.03","KECAMATAN":"JATINEGARA","ID_DESA":"31.75.03.1007","DESA":"CIPINANG BESAR SELATAN","LONGITUDE":106.882451199999,"LATITUDE":-6.2332262,"STATUS":"BUKA","TANGGAL UPDATE":"27/02/2025","TANGGAL PENGUMPULAN":"Q4 2023","q":27447,"r":-15112}},{"type":"Feature","geometry":{"coordinates":[106.8844639,-6.1839262],"type":"Point"},"properties":{"NAMA":"SEAFOOD KAMPUNG AMBON","TIPE_1":"MAKANAN DAN MINUMAN","TIPE_2":"RESTORAN","TIPE_3":"SEAFOOD","TELEPON":"0899-0010-118","ALAMAT":"JL. TENER I NO.14, RT.11/RW.2, KAYU PUTIH, KEC. PULO GADUNG, KOTA JAKARTA TIMUR, DAERAH KHUSUS IBUKOTA JAKARTA 13210","ID_PROV":"31","PROVINSI":"DKI JAKARTA","ID_KABKOT":"31.75","KABKOT":"KOTA ADM. JAKARTA TIMUR","ID_KEC":"31.75.02","KECAMATAN":"PULOGADUNG","ID_DESA":"31.75.02.1006","DESA":"KAYU PUTIH","LONGITUDE":106.8844639,"LATITUDE":-6.1839262,"STATUS":"BUKA","TANGGAL UPDATE":"27/02/2025","TANGGAL PENGUMPULAN":"Q4 2023","q":27447,"r":-15102}},{"type":"Feature","geometry":{"coordinates":[106.884561,-6.1858247],"type":"Point"},"properties":{"NAMA":"RESTORAN 99 & SEA FOOD","TIPE_1":"MAKANAN DAN MINUMAN","TIPE_2":"RESTORAN","TIPE_3":"SEAFOOD","TELEPON":"(021) 4716023","ALAMAT":"PS. KP. AMBON, JL. PONDASI NO.53, RT.2/RW.17, KAYU PUTIH, KEC. PULO GADUNG, KOTA JAKARTA TIMUR, DAERAH KHUSUS IBUKOTA JAKARTA 13210","ID_PROV":"31","PROVINSI":"DKI JAKARTA","ID_KABKOT":"31.75","KABKOT":"KOTA ADM. JAKARTA TIMUR","ID_KEC":"31.75.02","KECAMATAN":"PULOGADUNG","ID_DESA":"31.75.02.1006","DESA":"KAYU PUTIH","LONGITUDE":106.884561,"LATITUDE":-6.1858247,"STATUS":"BUKA","TANGGAL UPDATE":"27/02/2025","TANGGAL PENGUMPULAN":"Q4 2023","q":27447,"r":-15102}},{"type":"Feature","geometry":{"coordinates":[106.8671141,-6.2036774],"type":"Point"},"properties":{"NAMA":"RUMAH MAKAN SEAFOOD 99","TIPE_1":"MAKANAN DAN MINUMAN","TIPE_2":"RESTORAN","TIPE_3":"SEAFOOD","TELEPON":"(021) 85903346","ALAMAT":"JL. PANDAN RAYA NO.10, RT.11/RW.12, UTAN KAYU SEL., KEC. MATRAMAN, KOTA JAKARTA TIMUR, DAERAH KHUSUS IBUKOTA JAKARTA 13120","ID_PROV":"31","PROVINSI":"DKI JAKARTA","ID_KABKOT":"31.75","KABKOT":"KOTA ADM. JAKARTA TIMUR","ID_KEC":"31.75.01","KECAMATAN":"MATRAMAN","ID_DESA":"31.75.01.1006","DESA":"UTAN KAYU SELATAN","LONGITUDE":106.8671141,"LATITUDE":-6.2036774,"STATUS":"BUKA","TANGGAL UPDATE":"27/02/2025","TANGGAL PENGUMPULAN":"Q4 2023","q":27443,"r":-15104}},{"type":"Feature","geometry":{"coordinates":[106.8843395,-6.2910079],"type":"Point"},"properties":{"NAMA":"SEAFOOD VIAN JAYA 08 (PINANG RANTI)","TIPE_1":"MAKANAN DAN MINUMAN","TIPE_2":"RESTORAN","TIPE_3":"SEAFOOD","TELEPON":"0858-9485-0070","ALAMAT":"3, JL. RAYA PD. GEDE NO.11, RT.5/RW.2, PINANG RANTI, KEC. MAKASAR, KOTA JAKARTA TIMUR, DAERAH KHUSUS IBUKOTA JAKARTA 13560","ID_PROV":"31","PROVINSI":"DKI JAKARTA","ID_KABKOT":"31.75","KABKOT":"KOTA ADM. JAKARTA TIMUR","ID_KEC":"31.75.08","KECAMATAN":"MAKASAR","ID_DESA":"31.75.08.1002","DESA":"PINANGRANTI","LONGITUDE":106.8843395,"LATITUDE":-6.2910079,"STATUS":"BUKA","TANGGAL UPDATE":"27/02/2025","TANGGAL PENGUMPULAN":"Q4 2023","q":27447,"r":-15125}},{"type":"Feature","geometry":{"coordinates":[106.880924,-6.2324181],"type":"Point"},"properties":{"NAMA":"SEAFOOD 08 SUDI MAMPIR","TIPE_1":"MAKANAN DAN MINUMAN","TIPE_2":"RESTORAN","TIPE_3":"SEAFOOD","TELEPON":"","ALAMAT":"JL. KB. NANAS NO.6, RT.1/RW.5, CIPINANG BESAR SEL., KECAMATAN JATINEGARA, KOTA JAKARTA TIMUR, DAERAH KHUSUS IBUKOTA JAKARTA 13410","ID_PROV":"31","PROVINSI":"DKI JAKARTA","ID_KABKOT":"31.75","KABKOT":"KOTA ADM. JAKARTA TIMUR","ID_KEC":"31.75.03","KECAMATAN":"JATINEGARA","ID_DESA":"31.75.03.1007","DESA":"CIPINANG BESAR SELATAN","LONGITUDE":106.880924,"LATITUDE":-6.2324181,"STATUS":"BUKA","TANGGAL UPDATE":"27/02/2025","TANGGAL PENGUMPULAN":"Q4 2023","q":27446,"r":-15112}},{"type":"Feature","geometry":{"coordinates":[106.9028448,-6.1899916],"type":"Point"},"properties":{"NAMA":"SEAFOOD SELATAN","TIPE_1":"MAKANAN DAN MINUMAN","TIPE_2":"RESTORAN","TIPE_3":"SEAFOOD","TELEPON":"0856-9563-2810","ALAMAT":"SAMPING RABANI, JL. KAYU JATI, RT.RAYART.9/RW.3, JATI, KEC. PULO GADUNG, KOTA JAKARTA TIMUR, DAERAH KHUSUS IBUKOTA JAKARTA 13220","ID_PROV":"31","PROVINSI":"DKI JAKARTA","ID_KABKOT":"31.75","KABKOT":"KOTA ADM. JAKARTA TIMUR","ID_KEC":"31.75.02","KECAMATAN":"PULOGADUNG","ID_DESA":"31.75.02.1007","DESA":"JATI","LONGITUDE":106.9028448,"LATITUDE":-6.1899916,"STATUS":"BUKA","TANGGAL UPDATE":"27/02/2025","TANGGAL PENGUMPULAN":"Q4 2023","q":27452,"r":-15105}},{"type":"Feature","geometry":{"coordinates":[106.8999141,-6.2392406],"type":"Point"},"properties":{"NAMA":"RESTAURANT & SEAFOOD 99","TIPE_1":"MAKANAN DAN MINUMAN","TIPE_2":"RESTORAN","TIPE_3":"SEAFOOD","TELEPON":"(021) 8602261","ALAMAT":"JL. PAHLAWAN REVOLUSI NO.51, RT.3/RW.5, PD. BAMBU, KEC. DUREN SAWIT, KOTA JAKARTA TIMUR, DAERAH KHUSUS IBUKOTA JAKARTA 13430","ID_PROV":"31","PROVINSI":"DKI JAKARTA","ID_KABKOT":"31.75","KABKOT":"KOTA ADM. JAKARTA TIMUR","ID_KEC":"31.75.07","KECAMATAN":"DUREN SAWIT","ID_DESA":"31.75.07.1002","DESA":"PONDOK BAMBU","LONGITUDE":106.8999141,"LATITUDE":-6.2392406,"STATUS":"BUKA","TANGGAL UPDATE":"27/02/2025","TANGGAL PENGUMPULAN":"Q4 2023","q":27451,"r":-15116}},{"type":"Feature","geometry":{"coordinates":[106.8551205,-6.2815861],"type":"Point"},"properties":{"NAMA":"RUMAH MAKAN SEA FOOD 99","TIPE_1":"MAKANAN DAN MINUMAN","TIPE_2":"RESTORAN","TIPE_3":"SEAFOOD","TELEPON":"(021) 8094809","ALAMAT":"JL. RAYA CONDET NO.5, RT.5/RW.2, BALEKAMBANG, KEC. KRAMAT JATI, KOTA JAKARTA TIMUR, DAERAH KHUSUS IBUKOTA JAKARTA 13530","ID_PROV":"31","PROVINSI":"DKI JAKARTA","ID_KABKOT":"31.75","KABKOT":"KOTA ADM. JAKARTA TIMUR","ID_KEC":"31.75.04","KECAMATAN":"KRAMATJATI","ID_DESA":"31.75.04.1005","DESA":"BALEKAMBANG","LONGITUDE":106.8551205,"LATITUDE":-6.2815861,"STATUS":"BUKA","TANGGAL UPDATE":"27/02/2025","TANGGAL PENGUMPULAN":"Q4 2023","q":27440,"r":-15120}},{"type":"Feature","geometry":{"coordinates":[106.8716049,-6.2155217],"type":"Point"},"properties":{"NAMA":"CAPTAIN KERANG - JATINEGARA","TIPE_1":"MAKANAN DAN MINUMAN","TIPE_2":"RESTORAN","TIPE_3":"SEAFOOD","TELEPON":"","ALAMAT":"JL. BEKASI TIM. RAYA BEKASI TIMUR 4 NO.4, RT.4/RW.3, RW. BUNGA, KECAMATAN JATINEGARA, KOTA JAKARTA TIMUR, DAERAH KHUSUS IBUKOTA JAKARTA 13350","ID_PROV":"31","PROVINSI":"DKI JAKARTA","ID_KABKOT":"31.75","KABKOT":"KOTA ADM. JAKARTA TIMUR","ID_KEC":"31.75.03","KECAMATAN":"JATINEGARA","ID_DESA":"31.75.03.1004","DESA":"RAWA BUNGA","LONGITUDE":106.8716049,"LATITUDE":-6.2155217,"STATUS":"BUKA","TANGGAL UPDATE":"27/02/2025","TANGGAL PENGUMPULAN":"Q4 2023","q":27444,"r":-15107}},{"type":"Feature","geometry":{"coordinates":[106.8635315,-6.2862891],"type":"Point"},"properties":{"NAMA":"RUMAH MAKAN SEAFOOD 99","TIPE_1":"MAKANAN DAN MINUMAN","TIPE_2":"RESTORAN","TIPE_3":"SEAFOOD","TELEPON":"0821-2451-0788","ALAMAT":"JL. RAYA INPRES NO.24E, RT.4/RW.10, KP. TENGAH, KEC. KRAMAT JATI, KOTA JAKARTA TIMUR, DAERAH KHUSUS IBUKOTA JAKARTA 13540","ID_PROV":"31","PROVINSI":"DKI JAKARTA","ID_KABKOT":"31.75","KABKOT":"KOTA ADM. JAKARTA TIMUR","ID_KEC":"31.75.04","KECAMATAN":"KRAMATJATI","ID_DESA":"31.75.04.1002","DESA":"TENGAH","LONGITUDE":106.8635315,"LATITUDE":-6.2862891,"STATUS":"BUKA","TANGGAL UPDATE":"27/02/2025","TANGGAL PENGUMPULAN":"Q4 2023","q":27442,"r":-15122}},{"type":"Feature","geometry":{"coordinates":[106.9099025,-6.2213932],"type":"Point"},"properties":{"NAMA":"KEPITING NYINYIR","TIPE_1":"MAKANAN DAN MINUMAN","TIPE_2":"RESTORAN","TIPE_3":"SEAFOOD","TELEPON":"0812-1000-0693","ALAMAT":"JL. YUDISTIRA NO.24, RT.3/RW.11, KLENDER, KEC. DUREN SAWIT, KOTA JAKARTA TIMUR, DAERAH KHUSUS IBUKOTA JAKARTA 13470","ID_PROV":"31","PROVINSI":"DKI JAKARTA","ID_KABKOT":"31.75","KABKOT":"KOTA ADM. JAKARTA TIMUR","ID_KEC":"31.75.07","KECAMATAN":"DUREN SAWIT","ID_DESA":"31.75.07.1003","DESA":"KLENDER","LONGITUDE":106.9099025,"LATITUDE":-6.2213932,"STATUS":"BUKA","TANGGAL UPDATE":"27/02/2025","TANGGAL PENGUMPULAN":"Q4 2023","q":27454,"r":-15113}},{"type":"Feature","geometry":{"coordinates":[106.886576,-6.261518],"type":"Point"},"properties":{"NAMA":"BALE BENGONG SEAFOOD RESTO","TIPE_1":"MAKANAN DAN MINUMAN","TIPE_2":"RESTORAN","TIPE_3":"SEAFOOD","TELEPON":"(021) 80888182","ALAMAT":"JL. ANGKASA, RT.5/RW.9, HALIM PERDANA KUSUMAH, KEC. MAKASAR, KOTA JAKARTA TIMUR, DAERAH KHUSUS IBUKOTA JAKARTA 13610","ID_PROV":"31","PROVINSI":"DKI JAKARTA","ID_KABKOT":"31.75","KABKOT":"KOTA ADM. JAKARTA TIMUR","ID_KEC":"31.75.08","KECAMATAN":"MAKASAR","ID_DESA":"31.75.08.1004","DESA":"HALIM PERDANA KUSUMA","LONGITUDE":106.886576,"LATITUDE":-6.261518,"STATUS":"BUKA","TANGGAL UPDATE":"27/02/2025","TANGGAL PENGUMPULAN":"Q4 2023","q":27448,"r":-15119}},{"type":"Feature","geometry":{"coordinates":[106.92886019999999,-6.2316385],"type":"Point"},"properties":{"NAMA":"SEAFOOD 99","TIPE_1":"MAKANAN DAN MINUMAN","TIPE_2":"RESTORAN","TIPE_3":"SEAFOOD","TELEPON":"(021) 86905005","ALAMAT":"JL. TAMAN MALAKA SELATAN NO.5, RT.3/RW.9, PD. KLP., KEC. DUREN SAWIT, KOTA JAKARTA TIMUR, DAERAH KHUSUS IBUKOTA JAKARTA 13450","ID_PROV":"31","PROVINSI":"DKI JAKARTA","ID_KABKOT":"31.75","KABKOT":"KOTA ADM. JAKARTA TIMUR","ID_KEC":"31.75.07","KECAMATAN":"DUREN SAWIT","ID_DESA":"31.75.07.1005","DESA":"MALAKA SARI","LONGITUDE":106.9288602,"LATITUDE":-6.2316385,"STATUS":"BUKA","TANGGAL UPDATE":"27/02/2025","TANGGAL PENGUMPULAN":"Q4 2023","q":27459,"r":-15118}},{"type":"Feature","geometry":{"coordinates":[106.90203609999999,-6.2194129],"type":"Point"},"properties":{"NAMA":"RESTAURANT SEAFOOD 99","TIPE_1":"MAKANAN DAN MINUMAN","TIPE_2":"RESTORAN","TIPE_3":"SEAFOOD","TELEPON":"0812-8175-5269","ALAMAT":"JL. DERMAGA RAYA NO.6, RT.5/RW.5, KLENDER, KEC. DUREN SAWIT, KOTA JAKARTA TIMUR, DAERAH KHUSUS IBUKOTA JAKARTA 13470","ID_PROV":"31","PROVINSI":"DKI JAKARTA","ID_KABKOT":"31.75","KABKOT":"KOTA ADM. JAKARTA TIMUR","ID_KEC":"31.75.07","KECAMATAN":"DUREN SAWIT","ID_DESA":"31.75.07.1003","DESA":"KLENDER","LONGITUDE":106.9020361,"LATITUDE":-6.2194129,"STATUS":"BUKA","TANGGAL UPDATE":"27/02/2025","TANGGAL PENGUMPULAN":"Q4 2023","q":27452,"r":-15112}},{"type":"Feature","geometry":{"coordinates":[106.9387809,-6.2246144],"type":"Point"},"properties":{"NAMA":"RMSAHABAT & SEAFOOD","TIPE_1":"MAKANAN DAN MINUMAN","TIPE_2":"RESTORAN","TIPE_3":"SEAFOOD","TELEPON":"0823-1236-4502","ALAMAT":"JL. MAWAR MERAH NO.5, RT.12/RW.12, MALAKA JAYA, KEC. DUREN SAWIT, KOTA JAKARTA TIMUR, DAERAH KHUSUS IBUKOTA JAKARTA 13460","ID_PROV":"31","PROVINSI":"DKI JAKARTA","ID_KABKOT":"31.75","KABKOT":"KOTA ADM. JAKARTA TIMUR","ID_KEC":"31.75.07","KECAMATAN":"DUREN SAWIT","ID_DESA":"31.75.07.1007","DESA":"PONDOK KOPI","LONGITUDE":106.9387809,"LATITUDE":-6.2246144,"STATUS":"BUKA","TANGGAL UPDATE":"27/02/2025","TANGGAL PENGUMPULAN":"Q4 2023","q":27461,"r":-15118}},{"type":"Feature","geometry":{"coordinates":[106.9419278,-6.2218829],"type":"Point"},"properties":{"NAMA":"RUMAH MAKAN SEAFOOD 99","TIPE_1":"MAKANAN DAN MINUMAN","TIPE_2":"RESTORAN","TIPE_3":"SEAFOOD","TELEPON":"(021) 92905282","ALAMAT":"JL.. PONDOK KOPI RAYA S1 NO.3, RT.1/RW.8, PD. KOPI, KEC. DUREN SAWIT, KOTA JAKARTA TIMUR, DAERAH KHUSUS IBUKOTA JAKARTA 13460","ID_PROV":"31","PROVINSI":"DKI JAKARTA","ID_KABKOT":"31.75","KABKOT":"KOTA ADM. JAKARTA TIMUR","ID_KEC":"31.75.07","KECAMATAN":"DUREN SAWIT","ID_DESA":"31.75.07.1007","DESA":"PONDOK KOPI","LONGITUDE":106.9419278,"LATITUDE":-6.2218829,"STATUS":"BUKA","TANGGAL UPDATE":"27/02/2025","TANGGAL PENGUMPULAN":"Q4 2023","q":27462,"r":-15117}},{"type":"Feature","geometry":{"coordinates":[106.9350868,-6.2015648],"type":"Point"},"properties":{"NAMA":"RESTORAN SEAFOOD 99","TIPE_1":"MAKANAN DAN MINUMAN","TIPE_2":"RESTORAN","TIPE_3":"SEAFOOD","TELEPON":"(021) 4608561","ALAMAT":"JL. RAYA PENGGILINGAN NO.16, RT.12/RW.7, PENGGILINGAN, KEC. CAKUNG, KOTA JAKARTA TIMUR, DAERAH KHUSUS IBUKOTA JAKARTA 13940","ID_PROV":"31","PROVINSI":"DKI JAKARTA","ID_KABKOT":"31.75","KABKOT":"KOTA ADM. JAKARTA TIMUR","ID_KEC":"31.75.06","KECAMATAN":"CAKUNG","ID_DESA":"31.75.06.1003","DESA":"PENGGILINGAN","LONGITUDE":106.9350868,"LATITUDE":-6.2015648,"STATUS":"BUKA","TANGGAL UPDATE":"27/02/2025","TANGGAL PENGUMPULAN":"Q4 2023","q":27460,"r":-15112}},{"type":"Feature","geometry":{"coordinates":[106.9028383,-6.2438363],"type":"Point"},"properties":{"NAMA":"SEAFOOD TUMPAH JAKARTA IWAAKU GREEN SEAFOOD","TIPE_1":"MAKANAN DAN MINUMAN","TIPE_2":"RESTORAN","TIPE_3":"SEAFOOD","TELEPON":"0812-1915-0531","ALAMAT":"JL. PAHLAWAN REVOLUSI NO.28, RT.3/RW.7, PD. BAMBU, KEC. DUREN SAWIT, KOTA JAKARTA TIMUR, DAERAH KHUSUS IBUKOTA JAKARTA 13430","ID_PROV":"31","PROVINSI":"DKI JAKARTA","ID_KABKOT":"31.75","KABKOT":"KOTA ADM. JAKARTA TIMUR","ID_KEC":"31.75.07","KECAMATAN":"DUREN SAWIT","ID_DESA":"31.75.07.1002","DESA":"PONDOK BAMBU","LONGITUDE":106.9028383,"LATITUDE":-6.2438363,"STATUS":"BUKA","TANGGAL UPDATE":"27/02/2025","TANGGAL PENGUMPULAN":"Q4 2023","q":27452,"r":-15117}},{"type":"Feature","geometry":{"coordinates":[106.89396389999999,-6.314857],"type":"Point"},"properties":{"NAMA":"BAKMI SEAFOOD 99 CEGER GEMPOL","TIPE_1":"MAKANAN DAN MINUMAN","TIPE_2":"RESTORAN","TIPE_3":"SEAFOOD","TELEPON":"0896-7871-2840","ALAMAT":"JL. GEMPOL RAYA KELURAHAN NO.20, RT.1/RW.4, CEGER, KEC. CIPAYUNG, KOTA JAKARTA TIMUR, DAERAH KHUSUS IBUKOTA JAKARTA 13820","ID_PROV":"31","PROVINSI":"DKI JAKARTA","ID_KABKOT":"31.75","KABKOT":"KOTA ADM. JAKARTA TIMUR","ID_KEC":"31.75.10","KECAMATAN":"CIPAYUNG","ID_DESA":"31.75.10.1008","DESA":"CEGER","LONGITUDE":106.8939639,"LATITUDE":-6.314857,"STATUS":"BUKA","TANGGAL UPDATE":"27/02/2025","TANGGAL PENGUMPULAN":"Q4 2023","q":27450,"r":-15132}},{"type":"Feature","geometry":{"coordinates":[106.9134282,-6.2477986],"type":"Point"},"properties":{"NAMA":"RESTORAN 87 BAKMIE & SEA FOOD","TIPE_1":"MAKANAN DAN MINUMAN","TIPE_2":"RESTORAN","TIPE_3":"SEAFOOD","TELEPON":"(021) 8617818","ALAMAT":"16, JL. INSPEKSI SALURAN KALIMALANG, KAV. AGRARIA BLOK E NO. 7 DUREN SAWIT, RT.2/RW.16, DUREN SAWIT, KEC. DUREN SAWIT, KOTA JAKARTA TIMUR, DAERAH KHUSUS IBUKOTA JAKARTA 12870","ID_PROV":"31","PROVINSI":"DKI JAKARTA","ID_KABKOT":"31.75","KABKOT":"KOTA ADM. JAKARTA TIMUR","ID_KEC":"31.75.07","KECAMATAN":"DUREN SAWIT","ID_DESA":"31.75.07.1001","DESA":"DUREN SAWIT","LONGITUDE":106.9134282,"LATITUDE":-6.2477986,"STATUS":"BUKA","TANGGAL UPDATE":"27/02/2025","TANGGAL PENGUMPULAN":"Q4 2023","q":27455,"r":-15120}},{"type":"Feature","geometry":{"coordinates":[106.90510169999999,-6.284884],"type":"Point"},"properties":{"NAMA":"RUMAH MAKAN 96 SEAFOOD","TIPE_1":"MAKANAN DAN MINUMAN","TIPE_2":"RESTORAN","TIPE_3":"SEAFOOD","TELEPON":"(021) 87781296","ALAMAT":"JL. RAYA PD. GEDE NO.26, RT.5/RW.12, LUBANG BUAYA, KEC. CIPAYUNG, KOTA JAKARTA TIMUR, DAERAH KHUSUS IBUKOTA JAKARTA 13810","ID_PROV":"31","PROVINSI":"DKI JAKARTA","ID_KABKOT":"31.75","KABKOT":"KOTA ADM. JAKARTA TIMUR","ID_KEC":"31.75.10","KECAMATAN":"CIPAYUNG","ID_DESA":"31.75.10.1007","DESA":"LUBANG BUAYA","LONGITUDE":106.9051017,"LATITUDE":-6.284884,"STATUS":"BUKA","TANGGAL UPDATE":"27/02/2025","TANGGAL PENGUMPULAN":"Q4 2023","q":27453,"r":-15127}},{"type":"Feature","geometry":{"coordinates":[106.888649,-6.3073739],"type":"Point"},"properties":{"NAMA":"SEAFOOD PASUNDAN","TIPE_1":"MAKANAN DAN MINUMAN","TIPE_2":"RESTORAN","TIPE_3":"SEAFOOD","TELEPON":"0812-9236-5466","ALAMAT":"JL. RAYA CEGER NO.51, RT.5/RW.3, CEGER, KEC. CIPAYUNG, KOTA JAKARTA TIMUR, DAERAH KHUSUS IBUKOTA JAKARTA 13820","ID_PROV":"31","PROVINSI":"DKI JAKARTA","ID_KABKOT":"31.75","KABKOT":"KOTA ADM. JAKARTA TIMUR","ID_KEC":"31.75.10","KECAMATAN":"CIPAYUNG","ID_DESA":"31.75.10.1008","DESA":"CEGER","LONGITUDE":106.888649,"LATITUDE":-6.3073739,"STATUS":"BUKA","TANGGAL UPDATE":"27/02/2025","TANGGAL PENGUMPULAN":"Q4 2023","q":27448,"r":-15130}},{"type":"Feature","geometry":{"coordinates":[106.8680839,-6.2707582],"type":"Point"},"properties":{"NAMA":"D'COST SEAFOOD","TIPE_1":"MAKANAN DAN MINUMAN","TIPE_2":"RESTORAN","TIPE_3":"SEAFOOD","TELEPON":"(021) 80898529","ALAMAT":"LIPPO PLAZA, JL. RAYA BOGOR NO.19, RT.14/RW.6, KRAMAT JATI, EAST JAKARTA CITY, JAKARTA 13510","ID_PROV":"31","PROVINSI":"DKI JAKARTA","ID_KABKOT":"31.75","KABKOT":"KOTA ADM. JAKARTA TIMUR","ID_KEC":"31.75.04","KECAMATAN":"KRAMATJATI","ID_DESA":"31.75.04.1001","DESA":"KRAMATJATI","LONGITUDE":106.8680839,"LATITUDE":-6.2707582,"STATUS":"BUKA","TANGGAL UPDATE":"27/02/2025","TANGGAL PENGUMPULAN":"Q4 2023","q":27443,"r":-15119}},{"type":"Feature","geometry":{"coordinates":[106.8773506,-6.2841952],"type":"Point"},"properties":{"NAMA":"SEA FOOD 86 PONDOK LESEHAN CEMPAKA SEWU","TIPE_1":"MAKANAN DAN MINUMAN","TIPE_2":"RESTORAN","TIPE_3":"SEAFOOD","TELEPON":"0812-3111-9071","ALAMAT":"JL. PUSDIKLAT DEPNAKER KP. LEMBUR NO.60, RT.9/RW.6, MAKASAR, KEC. MAKASAR, KOTA JAKARTA TIMUR, DAERAH KHUSUS IBUKOTA JAKARTA 13570","ID_PROV":"31","PROVINSI":"DKI JAKARTA","ID_KABKOT":"31.75","KABKOT":"KOTA ADM. JAKARTA TIMUR","ID_KEC":"31.75.08","KECAMATAN":"MAKASAR","ID_DESA":"31.75.08.1001","DESA":"MAKASAR","LONGITUDE":106.8773506,"LATITUDE":-6.2841952,"STATUS":"BUKA","TANGGAL UPDATE":"27/02/2025","TANGGAL PENGUMPULAN":"Q4 2023","q":27445,"r":-15123}},{"type":"Feature","geometry":{"coordinates":[106.88712729999999,-6.1993977],"type":"Point"},"properties":{"NAMA":"GITU DEH SEAFOOD RAWAMANGUN","TIPE_1":"MAKANAN DAN MINUMAN","TIPE_2":"RESTORAN","TIPE_3":"SEAFOOD","TELEPON":"0813-2076-6865","ALAMAT":"JL. BELIMBING NO.13B, RT.6/RW.9, RAWAMANGUN, KEC. PULO GADUNG, KOTA JAKARTA TIMUR, DAERAH KHUSUS IBUKOTA JAKARTA 13220","ID_PROV":"31","PROVINSI":"DKI JAKARTA","ID_KABKOT":"31.75","KABKOT":"KOTA ADM. JAKARTA TIMUR","ID_KEC":"31.75.02","KECAMATAN":"PULOGADUNG","ID_DESA":"31.75.02.1005","DESA":"RAWAMANGUN","LONGITUDE":106.8871273,"LATITUDE":-6.1993977,"STATUS":"BUKA","TANGGAL UPDATE":"27/02/2025","TANGGAL PENGUMPULAN":"Q4 2023","q":27448,"r":-15105}},{"type":"Feature","geometry":{"coordinates":[106.8829876,-6.2314152],"type":"Point"},"properties":{"NAMA":"SEAFOOD IKAN BAKAR BANG IZUL","TIPE_1":"MAKANAN DAN MINUMAN","TIPE_2":"RESTORAN","TIPE_3":"SEAFOOD","TELEPON":"0813-8650-2798","ALAMAT":"RUSUN, RT.2/RW.5, CIPINANG BESAR SEL., KECAMATAN JATINEGARA, KOTA JAKARTA TIMUR, DAERAH KHUSUS IBUKOTA JAKARTA 13410","ID_PROV":"31","PROVINSI":"DKI JAKARTA","ID_KABKOT":"31.75","KABKOT":"KOTA ADM. JAKARTA TIMUR","ID_KEC":"31.75.03","KECAMATAN":"JATINEGARA","ID_DESA":"31.75.03.1007","DESA":"CIPINANG BESAR SELATAN","LONGITUDE":106.8829876,"LATITUDE":-6.2314152,"STATUS":"BUKA","TANGGAL UPDATE":"27/02/2025","TANGGAL PENGUMPULAN":"Q4 2023","q":27447,"r":-15112}},{"type":"Feature","geometry":{"coordinates":[106.9010842,-6.1839807],"type":"Point"},"properties":{"NAMA":"SEAFOOD 21","TIPE_1":"MAKANAN DAN MINUMAN","TIPE_2":"RESTORAN","TIPE_3":"SEAFOOD","TELEPON":"0813-8263-9954","ALAMAT":"JL. KAYU MAS TENGAH II NO.21, RT.10/RW.4, PULO GADUNG, KEC. PULO GADUNG, KOTA JAKARTA TIMUR, DAERAH KHUSUS IBUKOTA JAKARTA 13260","ID_PROV":"31","PROVINSI":"DKI JAKARTA","ID_KABKOT":"31.75","KABKOT":"KOTA ADM. JAKARTA TIMUR","ID_KEC":"31.75.02","KECAMATAN":"PULOGADUNG","ID_DESA":"31.75.02.1001","DESA":"PULO GADUNG","LONGITUDE":106.9010842,"LATITUDE":-6.1839807,"STATUS":"BUKA","TANGGAL UPDATE":"27/02/2025","TANGGAL PENGUMPULAN":"Q4 2023","q":27452,"r":-15104}},{"type":"Feature","geometry":{"coordinates":[106.9055188,-6.2348148],"type":"Point"},"properties":{"NAMA":"SEAFOOD GEMBUL 27","TIPE_1":"MAKANAN DAN MINUMAN","TIPE_2":"RESTORAN","TIPE_3":"SEAFOOD","TELEPON":"0812-9804-9200","ALAMAT":"FOOD STATION, JL. BAMBU APUS RAYA NO.1, RT.14/RW.8, PD. BAMBU, KEC. DUREN SAWIT, KOTA JAKARTA TIMUR, DAERAH KHUSUS IBUKOTA JAKARTA 13430","ID_PROV":"31","PROVINSI":"DKI JAKARTA","ID_KABKOT":"31.75","KABKOT":"KOTA ADM. JAKARTA TIMUR","ID_KEC":"31.75.07","KECAMATAN":"DUREN SAWIT","ID_DESA":"31.75.07.1002","DESA":"PONDOK BAMBU","LONGITUDE":106.9055188,"LATITUDE":-6.2348148,"STATUS":"BUKA","TANGGAL UPDATE":"27/02/2025","TANGGAL PENGUMPULAN":"Q4 2023","q":27453,"r":-15116}},{"type":"Feature","geometry":{"coordinates":[106.8803682,-6.1920735],"type":"Point"},"properties":{"NAMA":"SEAFOOD 99 PEMUDA","TIPE_1":"MAKANAN DAN MINUMAN","TIPE_2":"RESTORAN","TIPE_3":"SEAFOOD","TELEPON":"","ALAMAT":"JL. PEMUDA ASLI 1 NO.14, RT.13, RT.13/RW.3, RAWAMANGUN, KEC. PULO GADUNG, KOTA JAKARTA TIMUR, DAERAH KHUSUS IBUKOTA JAKARTA 13220","ID_PROV":"31","PROVINSI":"DKI JAKARTA","ID_KABKOT":"31.75","KABKOT":"KOTA ADM. JAKARTA TIMUR","ID_KEC":"31.75.02","KECAMATAN":"PULOGADUNG","ID_DESA":"31.75.02.1005","DESA":"RAWAMANGUN","LONGITUDE":106.8803682,"LATITUDE":-6.1920735,"STATUS":"BUKA","TANGGAL UPDATE":"27/02/2025","TANGGAL PENGUMPULAN":"Q4 2023","q":27446,"r":-15103}},{"type":"Feature","geometry":{"coordinates":[106.8987906,-6.2231614],"type":"Point"},"properties":{"NAMA":"SUPPLIER SEAFOOD LARIS","TIPE_1":"MAKANAN DAN MINUMAN","TIPE_2":"RESTORAN","TIPE_3":"SEAFOOD","TELEPON":"0812-1000-9307","ALAMAT":"JL. CIPINANG MUARA 2 NO.7, RT.1/RW.4, KLENDER, KEC. DUREN SAWIT, KOTA JAKARTA TIMUR, DAERAH KHUSUS IBUKOTA JAKARTA 13430","ID_PROV":"31","PROVINSI":"DKI JAKARTA","ID_KABKOT":"31.75","KABKOT":"KOTA ADM. JAKARTA TIMUR","ID_KEC":"31.75.07","KECAMATAN":"DUREN SAWIT","ID_DESA":"31.75.07.1003","DESA":"KLENDER","LONGITUDE":106.8987906,"LATITUDE":-6.2231614,"STATUS":"BUKA","TANGGAL UPDATE":"27/02/2025","TANGGAL PENGUMPULAN":"Q4 2023","q":27451,"r":-15112}},{"type":"Feature","geometry":{"coordinates":[106.8610365,-6.2660397],"type":"Point"},"properties":{"NAMA":"WARUNG SEA FOOD LAMONGAN INDAH","TIPE_1":"MAKANAN DAN MINUMAN","TIPE_2":"RESTORAN","TIPE_3":"SEAFOOD","TELEPON":"0821-1167-5226","ALAMAT":"GANG MELATI, RT15/RW.5, DEPAN MUSHOLLA BABUL JANAH, RT.8/RW.5, CILILITAN, KEC. KRAMAT JATI, KOTA JAKARTA TIMUR, DAERAH KHUSUS IBUKOTA JAKARTA 13640","ID_PROV":"31","PROVINSI":"DKI JAKARTA","ID_KABKOT":"31.75","KABKOT":"KOTA ADM. JAKARTA TIMUR","ID_KEC":"31.75.04","KECAMATAN":"KRAMATJATI","ID_DESA":"31.75.04.1006","DESA":"CILILITAN","LONGITUDE":106.8610365,"LATITUDE":-6.2660397,"STATUS":"BUKA","TANGGAL UPDATE":"27/02/2025","TANGGAL PENGUMPULAN":"Q4 2023","q":27441,"r":-15117}},{"type":"Feature","geometry":{"coordinates":[106.8627721,-6.314921],"type":"Point"},"properties":{"NAMA":"SEAFOOD & AYAM PENYET 55","TIPE_1":"MAKANAN DAN MINUMAN","TIPE_2":"RESTORAN","TIPE_3":"SEAFOOD","TELEPON":"0856-9239-9396","ALAMAT":"JL. PENDIDIKAN III, RT.3/RW.4, CIJANTUNG, KEC. PS. REBO, KOTA JAKARTA TIMUR, DAERAH KHUSUS IBUKOTA JAKARTA 13770","ID_PROV":"31","PROVINSI":"DKI JAKARTA","ID_KABKOT":"31.75","KABKOT":"KOTA ADM. JAKARTA TIMUR","ID_KEC":"31.75.05","KECAMATAN":"PASAR REBO","ID_DESA":"31.75.05.1003","DESA":"CIJANTUNG","LONGITUDE":106.8627721,"LATITUDE":-6.314921,"STATUS":"BUKA","TANGGAL UPDATE":"27/02/2025","TANGGAL PENGUMPULAN":"Q4 2023","q":27442,"r":-15128}},{"type":"Feature","geometry":{"coordinates":[106.8842033,-6.2261468],"type":"Point"},"properties":{"NAMA":"SEAFOOD 68 AYUNG","TIPE_1":"MAKANAN DAN MINUMAN","TIPE_2":"RESTORAN","TIPE_3":"SEAFOOD","TELEPON":"0877-7778-3587","ALAMAT":"RT.3/RW.3, CIPINANG MUARA, KECAMATAN JATINEGARA, KOTA JAKARTA TIMUR, DAERAH KHUSUS IBUKOTA JAKARTA 13410","ID_PROV":"31","PROVINSI":"DKI JAKARTA","ID_KABKOT":"31.75","KABKOT":"KOTA ADM. JAKARTA TIMUR","ID_KEC":"31.75.03","KECAMATAN":"JATINEGARA","ID_DESA":"31.75.03.1006","DESA":"CIPINANG MUARA","LONGITUDE":106.8842033,"LATITUDE":-6.2261468,"STATUS":"BUKA","TANGGAL UPDATE":"27/02/2025","TANGGAL PENGUMPULAN":"Q4 2023","q":27447,"r":-15111}},{"type":"Feature","geometry":{"coordinates":[106.8636331,-6.342425],"type":"Point"},"properties":{"NAMA":"LESEHAN & SEAFOOD 99","TIPE_1":"MAKANAN DAN MINUMAN","TIPE_2":"RESTORAN","TIPE_3":"SEAFOOD","TELEPON":"(021) 22823043","ALAMAT":"11, JL. KALISARI NO.34, RT.9/RW.1, PEKAYON, KEC. PS. REBO, KOTA JAKARTA TIMUR, DAERAH KHUSUS IBUKOTA JAKARTA 13710","ID_PROV":"31","PROVINSI":"DKI JAKARTA","ID_KABKOT":"31.75","KABKOT":"KOTA ADM. JAKARTA TIMUR","ID_KEC":"31.75.05","KECAMATAN":"PASAR REBO","ID_DESA":"31.75.05.1005","DESA":"PEKAYON","LONGITUDE":106.8636331,"LATITUDE":-6.342425,"STATUS":"BUKA","TANGGAL UPDATE":"27/02/2025","TANGGAL PENGUMPULAN":"Q4 2023","q":27442,"r":-15134}},{"type":"Feature","geometry":{"coordinates":[106.8601598,-6.2118762],"type":"Point"},"properties":{"NAMA":"SEA FOOD ARUM CAK TAQIM","TIPE_1":"MAKANAN DAN MINUMAN","TIPE_2":"RESTORAN","TIPE_3":"SEAFOOD","TELEPON":"","ALAMAT":"JL. MATRAMAN RAYA NO.148A, RT.1/RW.4, KB. MANGGIS, KEC. MATRAMAN, KOTA JAKARTA TIMUR, DAERAH KHUSUS IBUKOTA JAKARTA 13150","ID_PROV":"31","PROVINSI":"DKI JAKARTA","ID_KABKOT":"31.75","KABKOT":"KOTA ADM. JAKARTA TIMUR","ID_KEC":"31.75.01","KECAMATAN":"MATRAMAN","ID_DESA":"31.75.01.1005","DESA":"KEBON MANGGIS","LONGITUDE":106.8601598,"LATITUDE":-6.2118762,"STATUS":"BUKA","TANGGAL UPDATE":"27/02/2025","TANGGAL PENGUMPULAN":"Q4 2023","q":27441,"r":-15105}},{"type":"Feature","geometry":{"coordinates":[106.8647349,-6.2724306],"type":"Point"},"properties":{"NAMA":"SEAFOOD BOY 2","TIPE_1":"MAKANAN DAN MINUMAN","TIPE_2":"RESTORAN","TIPE_3":"SEAFOOD","TELEPON":"0878-7446-6724","ALAMAT":"JL. BATU AMPAR 1 NO.13, RT.1/RW.2, BATU AMPAR, KEC. KRAMAT JATI, KOTA JAKARTA TIMUR, DAERAH KHUSUS IBUKOTA JAKARTA 13520","ID_PROV":"31","PROVINSI":"DKI JAKARTA","ID_KABKOT":"31.75","KABKOT":"KOTA ADM. JAKARTA TIMUR","ID_KEC":"31.75.04","KECAMATAN":"KRAMATJATI","ID_DESA":"31.75.04.1004","DESA":"BATU AMPAR","LONGITUDE":106.8647349,"LATITUDE":-6.2724306,"STATUS":"BUKA","TANGGAL UPDATE":"27/02/2025","TANGGAL PENGUMPULAN":"Q4 2023","q":27442,"r":-15119}},{"type":"Feature","geometry":{"coordinates":[106.9092833,-6.2308929],"type":"Point"},"properties":{"NAMA":"RUMAH MAKAN SEAFOOD PONDOK BAMBU2","TIPE_1":"MAKANAN DAN MINUMAN","TIPE_2":"RESTORAN","TIPE_3":"SEAFOOD","TELEPON":"","ALAMAT":"JL. BULUH PERINDU RAYA NO.1, RT.16/RW.6, PD. BAMBU, KEC. DUREN SAWIT, KOTA JAKARTA TIMUR, DAERAH KHUSUS IBUKOTA JAKARTA 13430","ID_PROV":"31","PROVINSI":"DKI JAKARTA","ID_KABKOT":"31.75","KABKOT":"KOTA ADM. JAKARTA TIMUR","ID_KEC":"31.75.07","KECAMATAN":"DUREN SAWIT","ID_DESA":"31.75.07.1001","DESA":"DUREN SAWIT","LONGITUDE":106.9092833,"LATITUDE":-6.2308929,"STATUS":"BUKA","TANGGAL UPDATE":"27/02/2025","TANGGAL PENGUMPULAN":"Q4 2023","q":27454,"r":-15115}},{"type":"Feature","geometry":{"coordinates":[106.8729712,-6.2961013],"type":"Point"},"properties":{"NAMA":"KEPITING KUMPLIT","TIPE_1":"MAKANAN DAN MINUMAN","TIPE_2":"RESTORAN","TIPE_3":"SEAFOOD","TELEPON":"0812-9375-6146","ALAMAT":"JL H JENIH RT.06/01 NO.64 KEL.RAMBUTAN KEC.CIRACAS, KEC. KRAMAT JATI, DAERAH KHUSUS IBUKOTA JAKARTA 13830","ID_PROV":"31","PROVINSI":"DKI JAKARTA","ID_KABKOT":"31.75","KABKOT":"KOTA ADM. JAKARTA TIMUR","ID_KEC":"31.75.09","KECAMATAN":"CIRACAS","ID_DESA":"31.75.09.1005","DESA":"RAMBUTAN","LONGITUDE":106.8729712,"LATITUDE":-6.2961013,"STATUS":"BUKA","TANGGAL UPDATE":"27/02/2025","TANGGAL PENGUMPULAN":"Q4 2023","q":27444,"r":-15125}},{"type":"Feature","geometry":{"coordinates":[106.9615006,-6.2007742],"type":"Point"},"properties":{"NAMA":"SEAFOOD KEKEPIN 21 PULO GEBANG","TIPE_1":"MAKANAN DAN MINUMAN","TIPE_2":"RESTORAN","TIPE_3":"SEAFOOD","TELEPON":"0878-8279-0329","ALAMAT":"GG. KEMUN NO.A20, RT.4/RW.16, PULO GEBANG, KEC. CAKUNG, KOTA JAKARTA TIMUR, DAERAH KHUSUS IBUKOTA JAKARTA 13950","ID_PROV":"31","PROVINSI":"DKI JAKARTA","ID_KABKOT":"31.75","KABKOT":"KOTA ADM. JAKARTA TIMUR","ID_KEC":"31.75.06","KECAMATAN":"CAKUNG","ID_DESA":"31.75.06.1005","DESA":"PULO GEBANG","LONGITUDE":106.9615006,"LATITUDE":-6.2007742,"STATUS":"BUKA","TANGGAL UPDATE":"27/02/2025","TANGGAL PENGUMPULAN":"Q4 2023","q":27467,"r":-15115}},{"type":"Feature","geometry":{"coordinates":[106.9247043,-6.2512741],"type":"Point"},"properties":{"NAMA":"PONDOK MAKAN 96 SEAFOOD","TIPE_1":"MAKANAN DAN MINUMAN","TIPE_2":"RESTORAN","TIPE_3":"SEAFOOD","TELEPON":"0838-0514-4223","ALAMAT":"JL. CURUG RAYA, RT.1/RW.8, PD. KLP., KEC. DUREN SAWIT, KOTA JAKARTA TIMUR, DAERAH KHUSUS IBUKOTA JAKARTA, RT.1/RW.8, PD. KLP., KEC. DUREN SAWIT, KOTA JAKARTA TIMUR, DAERAH KHUSUS IBUKOTA JAKARTA 13450","ID_PROV":"31","PROVINSI":"DKI JAKARTA","ID_KABKOT":"31.75","KABKOT":"KOTA ADM. JAKARTA TIMUR","ID_KEC":"31.75.07","KECAMATAN":"DUREN SAWIT","ID_DESA":"31.75.07.1004","DESA":"PONDOK KELAPA","LONGITUDE":106.9247043,"LATITUDE":-6.2512741,"STATUS":"BUKA","TANGGAL UPDATE":"27/02/2025","TANGGAL PENGUMPULAN":"Q4 2023","q":27458,"r":-15122}},{"type":"Feature","geometry":{"coordinates":[106.8999422,-6.2304704],"type":"Point"},"properties":{"NAMA":"KERANG BAMBU BKT","TIPE_1":"MAKANAN DAN MINUMAN","TIPE_2":"RESTORAN","TIPE_3":"SEAFOOD","TELEPON":"","ALAMAT":"JALUR BANJIR KANAL TIMUR NO.9, RT.9/RW.9, PONDOK BAMBU, DURENSAWIT, EAST JAKARTA CITY, JAKARTA 13430","ID_PROV":"31","PROVINSI":"DKI JAKARTA","ID_KABKOT":"31.75","KABKOT":"KOTA ADM. JAKARTA TIMUR","ID_KEC":"31.75.07","KECAMATAN":"DUREN SAWIT","ID_DESA":"31.75.07.1002","DESA":"PONDOK BAMBU","LONGITUDE":106.8999422,"LATITUDE":-6.2304704,"STATUS":"BUKA","TANGGAL UPDATE":"27/02/2025","TANGGAL PENGUMPULAN":"Q4 2023","q":27451,"r":-15114}},{"type":"Feature","geometry":{"coordinates":[106.88995879999999,-6.2954247],"type":"Point"},"properties":{"NAMA":"SEAFOOD 234","TIPE_1":"MAKANAN DAN MINUMAN","TIPE_2":"RESTORAN","TIPE_3":"SEAFOOD","TELEPON":"0812-6563-5300","ALAMAT":"JL. TAMAN MINI II NO.75, RT.18/RW.2, PINANG RANTI, KEC. MAKASAR, KOTA JAKARTA TIMUR, DAERAH KHUSUS IBUKOTA JAKARTA 13560","ID_PROV":"31","PROVINSI":"DKI JAKARTA","ID_KABKOT":"31.75","KABKOT":"KOTA ADM. JAKARTA TIMUR","ID_KEC":"31.75.08","KECAMATAN":"MAKASAR","ID_DESA":"31.75.08.1002","DESA":"PINANGRANTI","LONGITUDE":106.8899588,"LATITUDE":-6.2954247,"STATUS":"BUKA","TANGGAL UPDATE":"27/02/2025","TANGGAL PENGUMPULAN":"Q4 2023","q":27449,"r":-15127}},{"type":"Feature","geometry":{"coordinates":[106.9539639,-6.2068664],"type":"Point"},"properties":{"NAMA":"SEAFOOD 68","TIPE_1":"MAKANAN DAN MINUMAN","TIPE_2":"RESTORAN","TIPE_3":"SEAFOOD","TELEPON":"","ALAMAT":"RT.9/RW.6, PULO GEBANG, KEC. CAKUNG, KOTA JAKARTA TIMUR, DAERAH KHUSUS IBUKOTA JAKARTA 13950","ID_PROV":"31","PROVINSI":"DKI JAKARTA","ID_KABKOT":"31.75","KABKOT":"KOTA ADM. JAKARTA TIMUR","ID_KEC":"31.75.06","KECAMATAN":"CAKUNG","ID_DESA":"31.75.06.1005","DESA":"PULO GEBANG","LONGITUDE":106.9539639,"LATITUDE":-6.2068664,"STATUS":"BUKA","TANGGAL UPDATE":"27/02/2025","TANGGAL PENGUMPULAN":"Q4 2023","q":27465,"r":-15116}},{"type":"Feature","geometry":{"coordinates":[106.8971015,-6.2348523],"type":"Point"},"properties":{"NAMA":"SEAFOOD 68 (CAB JATINEGARA TIMUR)","TIPE_1":"MAKANAN DAN MINUMAN","TIPE_2":"RESTORAN","TIPE_3":"SEAFOOD","TELEPON":"","ALAMAT":"1, JL. PAHLAWAN REVOLUSI NO.38, RT.1/RW.4, PD. BAMBU, KEC. DUREN SAWIT, KOTA JAKARTA TIMUR, DAERAH KHUSUS IBUKOTA JAKARTA 13430","ID_PROV":"31","PROVINSI":"DKI JAKARTA","ID_KABKOT":"31.75","KABKOT":"KOTA ADM. JAKARTA TIMUR","ID_KEC":"31.75.07","KECAMATAN":"DUREN SAWIT","ID_DESA":"31.75.07.1002","DESA":"PONDOK BAMBU","LONGITUDE":106.8971015,"LATITUDE":-6.2348523,"STATUS":"BUKA","TANGGAL UPDATE":"27/02/2025","TANGGAL PENGUMPULAN":"Q4 2023","q":27451,"r":-15115}},{"type":"Feature","geometry":{"coordinates":[106.8786706,-6.2064838],"type":"Point"},"properties":{"NAMA":"RESTORAN & SEAFOOD 99","TIPE_1":"MAKANAN DAN MINUMAN","TIPE_2":"RESTORAN","TIPE_3":"SEAFOOD","TELEPON":"(021) 4751433","ALAMAT":"NOMOR, JL. PISANGAN LAMA III NO.11, RT.5/RW.11, PISANGAN TIM., KEC. PULO GADUNG, KOTA JAKARTA TIMUR, DAERAH KHUSUS IBUKOTA JAKARTA 13230","ID_PROV":"31","PROVINSI":"DKI JAKARTA","ID_KABKOT":"31.75","KABKOT":"KOTA ADM. JAKARTA TIMUR","ID_KEC":"31.75.02","KECAMATAN":"PULOGADUNG","ID_DESA":"31.75.02.1002","DESA":"PISANGAN TIMUR","LONGITUDE":106.8786706,"LATITUDE":-6.2064838,"STATUS":"BUKA","TANGGAL UPDATE":"27/02/2025","TANGGAL PENGUMPULAN":"Q4 2023","q":27446,"r":-15106}},{"type":"Feature","geometry":{"coordinates":[106.90733,-6.2319548],"type":"Point"},"properties":{"NAMA":"KEPITING LIAR SIANTAR","TIPE_1":"MAKANAN DAN MINUMAN","TIPE_2":"RESTORAN","TIPE_3":"SEAFOOD","TELEPON":"0857-1846-5416","ALAMAT":"JL. BULUH PERINDU RAYA NO.T3 RT 017, RT.17/RW.6, PONDOK BAMBU, DURENSAWIT, EAST JAKARTA CITY, JAKARTA 13430","ID_PROV":"31","PROVINSI":"DKI JAKARTA","ID_KABKOT":"31.75","KABKOT":"KOTA ADM. JAKARTA TIMUR","ID_KEC":"31.75.07","KECAMATAN":"DUREN SAWIT","ID_DESA":"31.75.07.1002","DESA":"PONDOK BAMBU","LONGITUDE":106.90733,"LATITUDE":-6.2319548,"STATUS":"BUKA","TANGGAL UPDATE":"27/02/2025","TANGGAL PENGUMPULAN":"Q4 2023","q":27453,"r":-15115}},{"type":"Feature","geometry":{"coordinates":[106.8915295,-6.2392183],"type":"Point"},"properties":{"NAMA":"BAKMI&SEAFOOD KURI-KURI","TIPE_1":"MAKANAN DAN MINUMAN","TIPE_2":"RESTORAN","TIPE_3":"SEAFOOD","TELEPON":"0812-9112-4901","ALAMAT":"RT.6/RW.13, CIPINANG MUARA, KECAMATAN JATINEGARA, KOTA JAKARTA TIMUR, DAERAH KHUSUS IBUKOTA JAKARTA 13420","ID_PROV":"31","PROVINSI":"DKI JAKARTA","ID_KABKOT":"31.75","KABKOT":"KOTA ADM. JAKARTA TIMUR","ID_KEC":"31.75.03","KECAMATAN":"JATINEGARA","ID_DESA":"31.75.03.1006","DESA":"CIPINANG MUARA","LONGITUDE":106.8915295,"LATITUDE":-6.2392183,"STATUS":"BUKA","TANGGAL UPDATE":"27/02/2025","TANGGAL PENGUMPULAN":"Q4 2023","q":27449,"r":-15115}},{"type":"Feature","geometry":{"coordinates":[106.898551,-6.2334192],"type":"Point"},"properties":{"NAMA":"87 SEAFOOD","TIPE_1":"MAKANAN DAN MINUMAN","TIPE_2":"RESTORAN","TIPE_3":"SEAFOOD","TELEPON":"(021) 8616688","ALAMAT":"JL. RAYA KALI MALANG PONDOK BAMBU DUREN SAWIT JAKARTA TIMUR DKI JAKARTA, RT.4/RW.3, PD. BAMBU, KEC. DUREN SAWIT, KOTA JAKARTA TIMUR, DAERAH KHUSUS IBUKOTA JAKARTA 13430","ID_PROV":"31","PROVINSI":"DKI JAKARTA","ID_KABKOT":"31.75","KABKOT":"KOTA ADM. JAKARTA TIMUR","ID_KEC":"31.75.07","KECAMATAN":"DUREN SAWIT","ID_DESA":"31.75.07.1002","DESA":"PONDOK BAMBU","LONGITUDE":106.898551,"LATITUDE":-6.2334192,"STATUS":"BUKA","TANGGAL UPDATE":"27/02/2025","TANGGAL PENGUMPULAN":"Q4 2023","q":27451,"r":-15114}},{"type":"Feature","geometry":{"coordinates":[106.9427168,-6.2074399],"type":"Point"},"properties":{"NAMA":"RM CAHAYA BARU SEAFOOD","TIPE_1":"MAKANAN DAN MINUMAN","TIPE_2":"RESTORAN","TIPE_3":"SEAFOOD","TELEPON":"0813-8054-0293","ALAMAT":"JALAN KOMARUDIN RAYA, JL. UJUNG KERAWANG, RT.10/RW.5, PULO GEBANG, KEC. CAKUNG, KOTA JAKARTA TIMUR, DAERAH KHUSUS IBUKOTA JAKARTA 13940","ID_PROV":"31","PROVINSI":"DKI JAKARTA","ID_KABKOT":"31.75","KABKOT":"KOTA ADM. JAKARTA TIMUR","ID_KEC":"31.75.06","KECAMATAN":"CAKUNG","ID_DESA":"31.75.06.1003","DESA":"PENGGILINGAN","LONGITUDE":106.9427168,"LATITUDE":-6.2074399,"STATUS":"BUKA","TANGGAL UPDATE":"27/02/2025","TANGGAL PENGUMPULAN":"Q4 2023","q":27462,"r":-15114}},{"type":"Feature","geometry":{"coordinates":[106.952763,-6.200517],"type":"Point"},"properties":{"NAMA":"SEAFOOD TIGA DARA PULO GEBANG","TIPE_1":"MAKANAN DAN MINUMAN","TIPE_2":"RESTORAN","TIPE_3":"SEAFOOD","TELEPON":"0822-9842-2250","ALAMAT":"JL. PULO GEBANG INDAH RAYA NO.16, RT.3/RW.11, PULO GEBANG, KEC. CAKUNG, KOTA JAKARTA TIMUR, DAERAH KHUSUS IBUKOTA JAKARTA 13950","ID_PROV":"31","PROVINSI":"DKI JAKARTA","ID_KABKOT":"31.75","KABKOT":"KOTA ADM. JAKARTA TIMUR","ID_KEC":"31.75.06","KECAMATAN":"CAKUNG","ID_DESA":"31.75.06.1005","DESA":"PULO GEBANG","LONGITUDE":106.952763,"LATITUDE":-6.200517,"STATUS":"BUKA","TANGGAL UPDATE":"27/02/2025","TANGGAL PENGUMPULAN":"Q4 2023","q":27465,"r":-15114}},{"type":"Feature","geometry":{"coordinates":[106.9216366,-6.2206235],"type":"Point"},"properties":{"NAMA":"SEAFOOD 99 BUARAN RAYA","TIPE_1":"MAKANAN DAN MINUMAN","TIPE_2":"RESTORAN","TIPE_3":"SEAFOOD","TELEPON":"0822-2301-7958","ALAMAT":"JAKARTA TIMUR, RT.8/RW.15, DUREN SAWIT, KEC. DUREN SAWIT, KOTA JAKARTA TIMUR, DAERAH KHUSUS IBUKOTA JAKARTA 13440","ID_PROV":"31","PROVINSI":"DKI JAKARTA","ID_KABKOT":"31.75","KABKOT":"KOTA ADM. JAKARTA TIMUR","ID_KEC":"31.75.07","KECAMATAN":"DUREN SAWIT","ID_DESA":"31.75.07.1001","DESA":"DUREN SAWIT","LONGITUDE":106.9216366,"LATITUDE":-6.2206235,"STATUS":"BUKA","TANGGAL UPDATE":"27/02/2025","TANGGAL PENGUMPULAN":"Q4 2023","q":27457,"r":-15115}},{"type":"Feature","geometry":{"coordinates":[106.9270644,-6.1632777],"type":"Point"},"properties":{"NAMA":"KAMPOENG SEAFOOD","TIPE_1":"MAKANAN DAN MINUMAN","TIPE_2":"RESTORAN","TIPE_3":"SEAFOOD","TELEPON":"","ALAMAT":"JL. SEDAYU BLVD SELATAN NO.1, RT.1/RW.9, CAKUNG BAR., KEC. CAKUNG, KOTA JAKARTA TIMUR, DAERAH KHUSUS IBUKOTA JAKARTA 13910","ID_PROV":"31","PROVINSI":"DKI JAKARTA","ID_KABKOT":"31.75","KABKOT":"KOTA ADM. JAKARTA TIMUR","ID_KEC":"31.75.06","KECAMATAN":"CAKUNG","ID_DESA":"31.75.06.1007","DESA":"CAKUNG BARAT","LONGITUDE":106.9270644,"LATITUDE":-6.1632777,"STATUS":"BUKA","TANGGAL UPDATE":"27/02/2025","TANGGAL PENGUMPULAN":"Q4 2023","q":27458,"r":-15102}},{"type":"Feature","geometry":{"coordinates":[106.93459329999999,-6.2331446],"type":"Point"},"properties":{"NAMA":"BAKMI & SEAFOOD SAHABAT","TIPE_1":"MAKANAN DAN MINUMAN","TIPE_2":"RESTORAN","TIPE_3":"SEAFOOD","TELEPON":"0878-7878-6621","ALAMAT":"JL. PD. KELAPA RAYA L NO.6, RT.3/RW.9, PD. KLP., KEC. DUREN SAWIT, KOTA JAKARTA TIMUR, DAERAH KHUSUS IBUKOTA JAKARTA 13450","ID_PROV":"31","PROVINSI":"DKI JAKARTA","ID_KABKOT":"31.75","KABKOT":"KOTA ADM. JAKARTA TIMUR","ID_KEC":"31.75.07","KECAMATAN":"DUREN SAWIT","ID_DESA":"31.75.07.1004","DESA":"PONDOK KELAPA","LONGITUDE":106.9345933,"LATITUDE":-6.2331446,"STATUS":"BUKA","TANGGAL UPDATE":"27/02/2025","TANGGAL PENGUMPULAN":"Q4 2023","q":27460,"r":-15119}},{"type":"Feature","geometry":{"coordinates":[106.884925,-6.2280644],"type":"Point"},"properties":{"NAMA":"SEAFOOD GHAIS","TIPE_1":"MAKANAN DAN MINUMAN","TIPE_2":"RESTORAN","TIPE_3":"SEAFOOD","TELEPON":"0877-8892-0251","ALAMAT":"JL. PEMBINA I NO.3, RT.12/RW.2, CIPINANG MUARA, KECAMATAN JATINEGARA, KOTA JAKARTA TIMUR, DAERAH KHUSUS IBUKOTA JAKARTA 13420","ID_PROV":"31","PROVINSI":"DKI JAKARTA","ID_KABKOT":"31.75","KABKOT":"KOTA ADM. JAKARTA TIMUR","ID_KEC":"31.75.03","KECAMATAN":"JATINEGARA","ID_DESA":"31.75.03.1006","DESA":"CIPINANG MUARA","LONGITUDE":106.884925,"LATITUDE":-6.2280644,"STATUS":"BUKA","TANGGAL UPDATE":"27/02/2025","TANGGAL PENGUMPULAN":"Q4 2023","q":27447,"r":-15111}},{"type":"Feature","geometry":{"coordinates":[106.8869821,-6.2197391],"type":"Point"},"properties":{"NAMA":"SEAFOOD CIPINANG JAYA","TIPE_1":"MAKANAN DAN MINUMAN","TIPE_2":"RESTORAN","TIPE_3":"SEAFOOD","TELEPON":"0857-1505-5042","ALAMAT":"JL. CIPINANG JAYA RAYA, RT.9/RW.10, CIPINANG BESAR, KECAMATAN JATINEGARA, KOTA JAKARTA TIMUR, DAERAH KHUSUS IBUKOTA JAKARTA 13410","ID_PROV":"31","PROVINSI":"DKI JAKARTA","ID_KABKOT":"31.75","KABKOT":"KOTA ADM. JAKARTA TIMUR","ID_KEC":"31.75.03","KECAMATAN":"JATINEGARA","ID_DESA":"31.75.03.1006","DESA":"CIPINANG MUARA","LONGITUDE":106.8869821,"LATITUDE":-6.2197391,"STATUS":"BUKA","TANGGAL UPDATE":"27/02/2025","TANGGAL PENGUMPULAN":"Q4 2023","q":27448,"r":-15110}},{"type":"Feature","geometry":{"coordinates":[106.9001796,-6.2171689],"type":"Point"},"properties":{"NAMA":"SEAFOOD 48 NAUFAL","TIPE_1":"MAKANAN DAN MINUMAN","TIPE_2":"RESTORAN","TIPE_3":"SEAFOOD","TELEPON":"0877-7901-7689","ALAMAT":"JL. PAHLAWAN REVOLUSI NO.10, RT.10/RW.5, KLENDER, KEC. DUREN SAWIT, KOTA JAKARTA TIMUR, DAERAH KHUSUS IBUKOTA JAKARTA 13470","ID_PROV":"31","PROVINSI":"DKI JAKARTA","ID_KABKOT":"31.75","KABKOT":"KOTA ADM. JAKARTA TIMUR","ID_KEC":"31.75.07","KECAMATAN":"DUREN SAWIT","ID_DESA":"31.75.07.1003","DESA":"KLENDER","LONGITUDE":106.9001796,"LATITUDE":-6.2171689,"STATUS":"BUKA","TANGGAL UPDATE":"27/02/2025","TANGGAL PENGUMPULAN":"Q4 2023","q":27451,"r":-15111}},{"type":"Feature","geometry":{"coordinates":[106.9018529,-6.2139683],"type":"Point"},"properties":{"NAMA":"WARUNG SEA FOOD KLENDER","TIPE_1":"MAKANAN DAN MINUMAN","TIPE_2":"RESTORAN","TIPE_3":"SEAFOOD","TELEPON":"","ALAMAT":"RT.8/RW.5, KLENDER, KEC. DUREN SAWIT, KOTA JAKARTA TIMUR, DAERAH KHUSUS IBUKOTA JAKARTA 13470","ID_PROV":"31","PROVINSI":"DKI JAKARTA","ID_KABKOT":"31.75","KABKOT":"KOTA ADM. JAKARTA TIMUR","ID_KEC":"31.75.07","KECAMATAN":"DUREN SAWIT","ID_DESA":"31.75.07.1003","DESA":"KLENDER","LONGITUDE":106.9018529,"LATITUDE":-6.2139683,"STATUS":"BUKA","TANGGAL UPDATE":"27/02/2025","TANGGAL PENGUMPULAN":"Q4 2023","q":27452,"r":-15111}},{"type":"Feature","geometry":{"coordinates":[106.8665276,-6.2214343],"type":"Point"},"properties":{"NAMA":"KAMPOENG LAUT","TIPE_1":"MAKANAN DAN MINUMAN","TIPE_2":"RESTORAN","TIPE_3":"SEAFOOD","TELEPON":"0899-9999-506","ALAMAT":"JL. JATINEGARA BAR. NO.185, RT.9/RW.3, KP. MELAYU, KECAMATAN JATINEGARA, KOTA JAKARTA TIMUR, DAERAH KHUSUS IBUKOTA JAKARTA 13320","ID_PROV":"31","PROVINSI":"DKI JAKARTA","ID_KABKOT":"31.75","KABKOT":"KOTA ADM. JAKARTA TIMUR","ID_KEC":"31.75.03","KECAMATAN":"JATINEGARA","ID_DESA":"31.75.03.1003","DESA":"BALI MESTER","LONGITUDE":106.8665276,"LATITUDE":-6.2214343,"STATUS":"BUKA","TANGGAL UPDATE":"27/02/2025","TANGGAL PENGUMPULAN":"Q4 2023","q":27443,"r":-15108}},{"type":"Feature","geometry":{"coordinates":[106.92597029999999,-6.230555],"type":"Point"},"properties":{"NAMA":"JAJANAN SOSIS AND SEAFOOD","TIPE_1":"MAKANAN DAN MINUMAN","TIPE_2":"RESTORAN","TIPE_3":"SEAFOOD","TELEPON":"","ALAMAT":"RT.1/RW.9, MALAKA SARI, KEC. DUREN SAWIT, KOTA JAKARTA TIMUR, DAERAH KHUSUS IBUKOTA JAKARTA 13450","ID_PROV":"31","PROVINSI":"DKI JAKARTA","ID_KABKOT":"31.75","KABKOT":"KOTA ADM. JAKARTA TIMUR","ID_KEC":"31.75.07","KECAMATAN":"DUREN SAWIT","ID_DESA":"31.75.07.1004","DESA":"PONDOK KELAPA","LONGITUDE":106.9259703,"LATITUDE":-6.230555,"STATUS":"BUKA","TANGGAL UPDATE":"27/02/2025","TANGGAL PENGUMPULAN":"Q4 2023","q":27458,"r":-15117}},{"type":"Feature","geometry":{"coordinates":[106.9236878,-6.2209341],"type":"Point"},"properties":{"NAMA":"SEAFOOD KREMES 07","TIPE_1":"MAKANAN DAN MINUMAN","TIPE_2":"RESTORAN","TIPE_3":"SEAFOOD","TELEPON":"0812-1939-0453","ALAMAT":"JL. RADIN INTEN II NO.2, RT.8/RW.15, DUREN SAWIT, KEC. DUREN SAWIT, KOTA JAKARTA TIMUR, DAERAH KHUSUS IBUKOTA JAKARTA 13440","ID_PROV":"31","PROVINSI":"DKI JAKARTA","ID_KABKOT":"31.75","KABKOT":"KOTA ADM. JAKARTA TIMUR","ID_KEC":"31.75.07","KECAMATAN":"DUREN SAWIT","ID_DESA":"31.75.07.1001","DESA":"DUREN SAWIT","LONGITUDE":106.9236878,"LATITUDE":-6.2209341,"STATUS":"BUKA","TANGGAL UPDATE":"27/02/2025","TANGGAL PENGUMPULAN":"Q4 2023","q":27457,"r":-15115}},{"type":"Feature","geometry":{"coordinates":[106.9233516,-6.219083],"type":"Point"},"properties":{"NAMA":"CIBE SEAFOOD 86","TIPE_1":"MAKANAN DAN MINUMAN","TIPE_2":"RESTORAN","TIPE_3":"SEAFOOD","TELEPON":"0882-1279-7688","ALAMAT":"1, JL. TAMAN BUARAN NO.209, RT.6/RW.14, KLENDER, KEC. DUREN SAWIT, KOTA JAKARTA TIMUR, DAERAH KHUSUS IBUKOTA JAKARTA 13470","ID_PROV":"31","PROVINSI":"DKI JAKARTA","ID_KABKOT":"31.75","KABKOT":"KOTA ADM. JAKARTA TIMUR","ID_KEC":"31.75.07","KECAMATAN":"DUREN SAWIT","ID_DESA":"31.75.07.1003","DESA":"KLENDER","LONGITUDE":106.9233516,"LATITUDE":-6.219083,"STATUS":"BUKA","TANGGAL UPDATE":"27/02/2025","TANGGAL PENGUMPULAN":"Q4 2023","q":27457,"r":-15114}},{"type":"Feature","geometry":{"coordinates":[106.8799839,-6.2288967],"type":"Point"},"properties":{"NAMA":"SEAFOOD MAS FATHIR 68","TIPE_1":"MAKANAN DAN MINUMAN","TIPE_2":"RESTORAN","TIPE_3":"SEAFOOD","TELEPON":"0895-1518-7340","ALAMAT":"MASJID BAITUL LATIF, JALAN, RT.6/RW.3, PD. BAMBU, KEC. DUREN SAWIT, KOTA JAKARTA TIMUR, DAERAH KHUSUS IBUKOTA JAKARTA 13410","ID_PROV":"31","PROVINSI":"DKI JAKARTA","ID_KABKOT":"31.75","KABKOT":"KOTA ADM. JAKARTA TIMUR","ID_KEC":"31.75.03","KECAMATAN":"JATINEGARA","ID_DESA":"31.75.03.1007","DESA":"CIPINANG BESAR SELATAN","LONGITUDE":106.8799839,"LATITUDE":-6.2288967,"STATUS":"BUKA","TANGGAL UPDATE":"27/02/2025","TANGGAL PENGUMPULAN":"Q4 2023","q":27446,"r":-15111}},{"type":"Feature","geometry":{"coordinates":[106.8684893,-6.203399],"type":"Point"},"properties":{"NAMA":"NETIZEN SEAFOOD & WESTERN","TIPE_1":"MAKANAN DAN MINUMAN","TIPE_2":"RESTORAN","TIPE_3":"SEAFOOD","TELEPON":"0813-1794-5943","ALAMAT":"KRAMAT ASEM RAYA RT 5 / RW 12. NOMOR 7 ABC, RT.5/RW.12, UTAN KAYU SEL., KEC. MATRAMAN, KOTA JAKARTA TIMUR, DAERAH KHUSUS IBUKOTA JAKARTA 13120","ID_PROV":"31","PROVINSI":"DKI JAKARTA","ID_KABKOT":"31.75","KABKOT":"KOTA ADM. JAKARTA TIMUR","ID_KEC":"31.75.01","KECAMATAN":"MATRAMAN","ID_DESA":"31.75.01.1006","DESA":"UTAN KAYU SELATAN","LONGITUDE":106.8684893,"LATITUDE":-6.203399,"STATUS":"BUKA","TANGGAL UPDATE":"27/02/2025","TANGGAL PENGUMPULAN":"Q4 2023","q":27443,"r":-15104}},{"type":"Feature","geometry":{"coordinates":[106.9156896,-6.2212159],"type":"Point"},"properties":{"NAMA":"SEA FOOD(68) FAJAR","TIPE_1":"MAKANAN DAN MINUMAN","TIPE_2":"RESTORAN","TIPE_3":"SEAFOOD","TELEPON":"0878-0835-7770","ALAMAT":"JL. LKR. DUREN SAWIT NO.8B, RT.1/RW.8, DUREN SAWIT, KEC. DUREN SAWIT, KOTA JAKARTA TIMUR, DAERAH KHUSUS IBUKOTA JAKARTA 13440","ID_PROV":"31","PROVINSI":"DKI JAKARTA","ID_KABKOT":"31.75","KABKOT":"KOTA ADM. JAKARTA TIMUR","ID_KEC":"31.75.07","KECAMATAN":"DUREN SAWIT","ID_DESA":"31.75.07.1001","DESA":"DUREN SAWIT","LONGITUDE":106.9156896,"LATITUDE":-6.2212159,"STATUS":"BUKA","TANGGAL UPDATE":"27/02/2025","TANGGAL PENGUMPULAN":"Q4 2023","q":27455,"r":-15114}},{"type":"Feature","geometry":{"coordinates":[106.9366151,-6.2088896],"type":"Point"},"properties":{"NAMA":"BAKMI GORENG AYAM 98 & SEAFOOD","TIPE_1":"MAKANAN DAN MINUMAN","TIPE_2":"RESTORAN","TIPE_3":"SEAFOOD","TELEPON":"0812-9932-6608","ALAMAT":"JL. RAYA PENGGILINGAN NO.93A, RT.7/RW.5, PENGGILINGAN, KEC. CAKUNG, KOTA JAKARTA TIMUR, DAERAH KHUSUS IBUKOTA JAKARTA 13940","ID_PROV":"31","PROVINSI":"DKI JAKARTA","ID_KABKOT":"31.75","KABKOT":"KOTA ADM. JAKARTA TIMUR","ID_KEC":"31.75.06","KECAMATAN":"CAKUNG","ID_DESA":"31.75.06.1003","DESA":"PENGGILINGAN","LONGITUDE":106.9366151,"LATITUDE":-6.2088896,"STATUS":"BUKA","TANGGAL UPDATE":"27/02/2025","TANGGAL PENGUMPULAN":"Q4 2023","q":27461,"r":-15114}},{"type":"Feature","geometry":{"coordinates":[106.879542,-6.2079142],"type":"Point"},"properties":{"NAMA":"SEAFOOD 99","TIPE_1":"MAKANAN DAN MINUMAN","TIPE_2":"RESTORAN","TIPE_3":"SEAFOOD","TELEPON":"0822-1075-8600","ALAMAT":"JL. SINAR JAYA NO.12A, RT.4/RW.7, PISANGAN TIM., KEC. PULO GADUNG, KOTA JAKARTA TIMUR, DAERAH KHUSUS IBUKOTA JAKARTA 13230","ID_PROV":"31","PROVINSI":"DKI JAKARTA","ID_KABKOT":"31.75","KABKOT":"KOTA ADM. JAKARTA TIMUR","ID_KEC":"31.75.02","KECAMATAN":"PULOGADUNG","ID_DESA":"31.75.02.1002","DESA":"PISANGAN TIMUR","LONGITUDE":106.879542,"LATITUDE":-6.2079142,"STATUS":"BUKA","TANGGAL UPDATE":"27/02/2025","TANGGAL PENGUMPULAN":"Q4 2023","q":27446,"r":-15106}},{"type":"Feature","geometry":{"coordinates":[106.8557578,-6.2909726],"type":"Point"},"properties":{"NAMA":"KING SEAFOOD CONDET GARDEN","TIPE_1":"MAKANAN DAN MINUMAN","TIPE_2":"RESTORAN","TIPE_3":"SEAFOOD","TELEPON":"","ALAMAT":"JL. RAYA CONDET NO.33, RT.9/RW.6, BATU AMPAR, KEC. KRAMAT JATI, KOTA JAKARTA TIMUR, DAERAH KHUSUS IBUKOTA JAKARTA 13520","ID_PROV":"31","PROVINSI":"DKI JAKARTA","ID_KABKOT":"31.75","KABKOT":"KOTA ADM. JAKARTA TIMUR","ID_KEC":"31.75.04","KECAMATAN":"KRAMATJATI","ID_DESA":"31.75.04.1004","DESA":"BATU AMPAR","LONGITUDE":106.8557578,"LATITUDE":-6.2909726,"STATUS":"BUKA","TANGGAL UPDATE":"27/02/2025","TANGGAL PENGUMPULAN":"Q4 2023","q":27440,"r":-15122}},{"type":"Feature","geometry":{"coordinates":[106.88622989999999,-6.1985996],"type":"Point"},"properties":{"NAMA":"NASI GORENG TIGA PUTRI","TIPE_1":"MAKANAN DAN MINUMAN","TIPE_2":"RESTORAN","TIPE_3":"NASI GORENG","TELEPON":"0877-8904-7727","ALAMAT":"RUKO RAJA PRIVAT, JL. BALAI PUSTAKA TIMUR KEL NO.39, RT.4/RW.9, RAWAMANGUN, KEC. PULO GADUNG, KOTA JAKARTA TIMUR, DAERAH KHUSUS IBUKOTA JAKARTA 13220","ID_PROV":"31","PROVINSI":"DKI JAKARTA","ID_KABKOT":"31.75","KABKOT":"KOTA ADM. JAKARTA TIMUR","ID_KEC":"31.75.02","KECAMATAN":"PULOGADUNG","ID_DESA":"31.75.02.1005","DESA":"RAWAMANGUN","LONGITUDE":106.8862299,"LATITUDE":-6.1985996,"STATUS":"BUKA","TANGGAL UPDATE":"27/02/2025","TANGGAL PENGUMPULAN":"Q4 2023","q":27448,"r":-15105}},{"type":"Feature","geometry":{"coordinates":[106.8905233,-6.2113663],"type":"Point"},"properties":{"NAMA":"NASI GORENG SHIFA86","TIPE_1":"MAKANAN DAN MINUMAN","TIPE_2":"RESTORAN","TIPE_3":"NASI GORENG","TELEPON":"","ALAMAT":"RT.1/RW.8, CIPINANG, KEC. PULO GADUNG, KOTA JAKARTA TIMUR, DAERAH KHUSUS IBUKOTA JAKARTA 13240","ID_PROV":"31","PROVINSI":"DKI JAKARTA","ID_KABKOT":"31.75","KABKOT":"KOTA ADM. JAKARTA TIMUR","ID_KEC":"31.75.02","KECAMATAN":"PULOGADUNG","ID_DESA":"31.75.02.1003","DESA":"CIPINANG","LONGITUDE":106.8905233,"LATITUDE":-6.2113663,"STATUS":"BUKA","TANGGAL UPDATE":"27/02/2025","TANGGAL PENGUMPULAN":"Q4 2023","q":27449,"r":-15108}},{"type":"Feature","geometry":{"coordinates":[106.8968515,-6.2887885],"type":"Point"},"properties":{"NAMA":"KULINER SARAPAN PAGI NASI GORENG","TIPE_1":"MAKANAN DAN MINUMAN","TIPE_2":"RESTORAN","TIPE_3":"NASI GORENG","TELEPON":"0819-3448-9825","ALAMAT":"JL. PUNTO DEWO NO.9, RT.9/RW.DIRGANTARA1, HALIM PERDANA KUSUMAH, MAKASAR, EAST JAKARTA CITY, JAKARTA 13610","ID_PROV":"31","PROVINSI":"DKI JAKARTA","ID_KABKOT":"31.75","KABKOT":"KOTA ADM. JAKARTA TIMUR","ID_KEC":"31.75.08","KECAMATAN":"MAKASAR","ID_DESA":"31.75.08.1004","DESA":"HALIM PERDANA KUSUMA","LONGITUDE":106.8968515,"LATITUDE":-6.2887885,"STATUS":"BUKA","TANGGAL UPDATE":"27/02/2025","TANGGAL PENGUMPULAN":"Q4 2023","q":27450,"r":-15127}},{"type":"Feature","geometry":{"coordinates":[106.8913861,-6.2367971],"type":"Point"},"properties":{"NAMA":"NASI GORENG PAK ABRUR","TIPE_1":"MAKANAN DAN MINUMAN","TIPE_2":"RESTORAN","TIPE_3":"NASI GORENG","TELEPON":"","ALAMAT":"JL. CIPINANG BALI II, RT.7/RW.13, CIPINANG MUARA, KECAMATAN JATINEGARA, KOTA JAKARTA TIMUR, DAERAH KHUSUS IBUKOTA JAKARTA 13620","ID_PROV":"31","PROVINSI":"DKI JAKARTA","ID_KABKOT":"31.75","KABKOT":"KOTA ADM. JAKARTA TIMUR","ID_KEC":"31.75.03","KECAMATAN":"JATINEGARA","ID_DESA":"31.75.03.1006","DESA":"CIPINANG MUARA","LONGITUDE":106.8913861,"LATITUDE":-6.2367971,"STATUS":"BUKA","TANGGAL UPDATE":"27/02/2025","TANGGAL PENGUMPULAN":"Q4 2023","q":27449,"r":-15114}},{"type":"Feature","geometry":{"coordinates":[106.9070833,-6.2308699],"type":"Point"},"properties":{"NAMA":"NASI GORENG BALADEWA","TIPE_1":"MAKANAN DAN MINUMAN","TIPE_2":"RESTORAN","TIPE_3":"NASI GORENG","TELEPON":"0821-1366-1245","ALAMAT":"RT.1/RW.3, DUREN SAWIT, KEC. DUREN SAWIT, KOTA JAKARTA TIMUR, DAERAH KHUSUS IBUKOTA JAKARTA 13440","ID_PROV":"31","PROVINSI":"DKI JAKARTA","ID_KABKOT":"31.75","KABKOT":"KOTA ADM. JAKARTA TIMUR","ID_KEC":"31.75.07","KECAMATAN":"DUREN SAWIT","ID_DESA":"31.75.07.1002","DESA":"PONDOK BAMBU","LONGITUDE":106.9070833,"LATITUDE":-6.2308699,"STATUS":"BUKA","TANGGAL UPDATE":"27/02/2025","TANGGAL PENGUMPULAN":"Q4 2023","q":27453,"r":-15115}},{"type":"Feature","geometry":{"coordinates":[106.866513,-6.2252108],"type":"Point"},"properties":{"NAMA":"NASI GORENG GILA CAMEL","TIPE_1":"MAKANAN DAN MINUMAN","TIPE_2":"RESTORAN","TIPE_3":"NASI GORENG","TELEPON":"0838-0492-2843","ALAMAT":"JL. JATINEGARA BAR. NO.166A, RT.2/RW.1, BIDARA CINA, KECAMATAN JATINEGARA, KOTA JAKARTA TIMUR, DAERAH KHUSUS IBUKOTA JAKARTA 13330","ID_PROV":"31","PROVINSI":"DKI JAKARTA","ID_KABKOT":"31.75","KABKOT":"KOTA ADM. JAKARTA TIMUR","ID_KEC":"31.75.03","KECAMATAN":"JATINEGARA","ID_DESA":"31.75.03.1002","DESA":"BIDARA CINA","LONGITUDE":106.866513,"LATITUDE":-6.2252108,"STATUS":"BUKA","TANGGAL UPDATE":"27/02/2025","TANGGAL PENGUMPULAN":"Q4 2023","q":27443,"r":-15108}},{"type":"Feature","geometry":{"coordinates":[106.91953319999999,-6.1953521],"type":"Point"},"properties":{"NAMA":"NASI GORENG KACONG","TIPE_1":"MAKANAN DAN MINUMAN","TIPE_2":"RESTORAN","TIPE_3":"NASI GORENG","TELEPON":"0819-9971-6311","ALAMAT":"JL. RAWA KEPITING NO.1, RW.9, JATINEGARA, KEC. CAKUNG, KOTA JAKARTA TIMUR, DAERAH KHUSUS IBUKOTA JAKARTA 13930","ID_PROV":"31","PROVINSI":"DKI JAKARTA","ID_KABKOT":"31.75","KABKOT":"KOTA ADM. JAKARTA TIMUR","ID_KEC":"31.75.06","KECAMATAN":"CAKUNG","ID_DESA":"31.75.06.1001","DESA":"JATINEGARA","LONGITUDE":106.9195332,"LATITUDE":-6.1953521,"STATUS":"BUKA","TANGGAL UPDATE":"27/02/2025","TANGGAL PENGUMPULAN":"Q4 2023","q":27456,"r":-15109}},{"type":"Feature","geometry":{"coordinates":[106.8737732,-6.2266463],"type":"Point"},"properties":{"NAMA":"NASI GORENG ALI","TIPE_1":"MAKANAN DAN MINUMAN","TIPE_2":"RESTORAN","TIPE_3":"NASI GORENG","TELEPON":"","ALAMAT":"RT.6/RW.9, RW. BUNGA, KECAMATAN JATINEGARA, KOTA JAKARTA TIMUR, DAERAH KHUSUS IBUKOTA JAKARTA 13340","ID_PROV":"31","PROVINSI":"DKI JAKARTA","ID_KABKOT":"31.75","KABKOT":"KOTA ADM. JAKARTA TIMUR","ID_KEC":"31.75.03","KECAMATAN":"JATINEGARA","ID_DESA":"31.75.03.1004","DESA":"RAWA BUNGA","LONGITUDE":106.8737732,"LATITUDE":-6.2266463,"STATUS":"BUKA","TANGGAL UPDATE":"27/02/2025","TANGGAL PENGUMPULAN":"Q4 2023","q":27445,"r":-15110}},{"type":"Feature","geometry":{"coordinates":[106.9424653,-6.2469307],"type":"Point"},"properties":{"NAMA":"NASI GILA KOMENG 724","TIPE_1":"MAKANAN DAN MINUMAN","TIPE_2":"RESTORAN","TIPE_3":"NASI GORENG","TELEPON":"0812-9012-1448","ALAMAT":"JLN HJI NAMAN PONDOK KELAPA, RT.12/RW.3, DUREN SAWITJKT TIMUR, JKT, KOTA JAKARTA TIMUR, DAERAH KHUSUS IBUKOTA JAKARTA 13450","ID_PROV":"31","PROVINSI":"DKI JAKARTA","ID_KABKOT":"31.75","KABKOT":"KOTA ADM. JAKARTA TIMUR","ID_KEC":"31.75.07","KECAMATAN":"DUREN SAWIT","ID_DESA":"31.75.07.1004","DESA":"PONDOK KELAPA","LONGITUDE":106.9424653,"LATITUDE":-6.2469307,"STATUS":"BUKA","TANGGAL UPDATE":"27/02/2025","TANGGAL PENGUMPULAN":"Q4 2023","q":27462,"r":-15123}},{"type":"Feature","geometry":{"coordinates":[106.9001936,-6.2170622],"type":"Point"},"properties":{"NAMA":"NASI GORENG GILA BAHARI","TIPE_1":"MAKANAN DAN MINUMAN","TIPE_2":"RESTORAN","TIPE_3":"NASI GORENG","TELEPON":"","ALAMAT":"JL. PAHLAWAN REVOLUSI.3RW.8, KLENDER, KEC. DUREN SAWIT, KOTA JAKARTA TIMUR, DAERAH KHUSUS IBUKOTA JAKARTA 13470","ID_PROV":"31","PROVINSI":"DKI JAKARTA","ID_KABKOT":"31.75","KABKOT":"KOTA ADM. JAKARTA TIMUR","ID_KEC":"31.75.07","KECAMATAN":"DUREN SAWIT","ID_DESA":"31.75.07.1003","DESA":"KLENDER","LONGITUDE":106.9001936,"LATITUDE":-6.2170622,"STATUS":"BUKA","TANGGAL UPDATE":"27/02/2025","TANGGAL PENGUMPULAN":"Q4 2023","q":27451,"r":-15111}},{"type":"Feature","geometry":{"coordinates":[106.93357909999999,-6.224512],"type":"Point"},"properties":{"NAMA":"POJOK NASI GORENG","TIPE_1":"MAKANAN DAN MINUMAN","TIPE_2":"RESTORAN","TIPE_3":"NASI GORENG","TELEPON":"0813-1419-4889","ALAMAT":"NO.4O D, JL. BUNGA RAMPAI RAYA NO.6, RT.6/RW.9, MALAKA JAYA, KEC. DUREN SAWIT, KOTA JAKARTA TIMUR, DAERAH KHUSUS IBUKOTA JAKARTA 13460","ID_PROV":"31","PROVINSI":"DKI JAKARTA","ID_KABKOT":"31.75","KABKOT":"KOTA ADM. JAKARTA TIMUR","ID_KEC":"31.75.07","KECAMATAN":"DUREN SAWIT","ID_DESA":"31.75.07.1006","DESA":"MALAKA JAYA","LONGITUDE":106.9335791,"LATITUDE":-6.224512,"STATUS":"BUKA","TANGGAL UPDATE":"27/02/2025","TANGGAL PENGUMPULAN":"Q4 2023","q":27460,"r":-15117}},{"type":"Feature","geometry":{"coordinates":[106.9277946,-6.2432771],"type":"Point"},"properties":{"NAMA":"NASI GORENG BANG SUKRI","TIPE_1":"MAKANAN DAN MINUMAN","TIPE_2":"RESTORAN","TIPE_3":"NASI GORENG","TELEPON":"0896-0662-1813","ALAMAT":"JL H SABAH RT 008/007 NO 50, RT.8/RW.7, PD. KLP., KEC. DUREN SAWIT, KOTA JAKARTA TIMUR, DAERAH KHUSUS IBUKOTA JAKARTA 13450","ID_PROV":"31","PROVINSI":"DKI JAKARTA","ID_KABKOT":"31.75","KABKOT":"KOTA ADM. JAKARTA TIMUR","ID_KEC":"31.75.07","KECAMATAN":"DUREN SAWIT","ID_DESA":"31.75.07.1004","DESA":"PONDOK KELAPA","LONGITUDE":106.9277946,"LATITUDE":-6.2432771,"STATUS":"BUKA","TANGGAL UPDATE":"27/02/2025","TANGGAL PENGUMPULAN":"Q4 2023","q":27458,"r":-15120}},{"type":"Feature","geometry":{"coordinates":[106.9310172,-6.2094086],"type":"Point"},"properties":{"NAMA":"WARUNG NASI GORENG","TIPE_1":"MAKANAN DAN MINUMAN","TIPE_2":"RESTORAN","TIPE_3":"NASI GORENG","TELEPON":"","ALAMAT":"GG. C NO.2, RT.2/RW.14, PENGGILINGAN, KEC. CAKUNG, KOTA JAKARTA TIMUR, DAERAH KHUSUS IBUKOTA JAKARTA 13940","ID_PROV":"31","PROVINSI":"DKI JAKARTA","ID_KABKOT":"31.75","KABKOT":"KOTA ADM. JAKARTA TIMUR","ID_KEC":"31.75.06","KECAMATAN":"CAKUNG","ID_DESA":"31.75.06.1003","DESA":"PENGGILINGAN","LONGITUDE":106.9310172,"LATITUDE":-6.2094086,"STATUS":"BUKA","TANGGAL UPDATE":"27/02/2025","TANGGAL PENGUMPULAN":"Q4 2023","q":27459,"r":-15113}},{"type":"Feature","geometry":{"coordinates":[106.8694109,-6.2404836],"type":"Point"},"properties":{"NAMA":"NASI GORENG JANGKUNG","TIPE_1":"MAKANAN DAN MINUMAN","TIPE_2":"RESTORAN","TIPE_3":"NASI GORENG","TELEPON":"","ALAMAT":"JL. OTTO ISKANDARDINATA NO.05, RT.1/RW.8, BIDARA CINA, KECAMATAN JATINEGARA, KOTA JAKARTA TIMUR, DAERAH KHUSUS IBUKOTA JAKARTA 13330","ID_PROV":"31","PROVINSI":"DKI JAKARTA","ID_KABKOT":"31.75","KABKOT":"KOTA ADM. JAKARTA TIMUR","ID_KEC":"31.75.03","KECAMATAN":"JATINEGARA","ID_DESA":"31.75.03.1002","DESA":"BIDARA CINA","LONGITUDE":106.8694109,"LATITUDE":-6.2404836,"STATUS":"BUKA","TANGGAL UPDATE":"27/02/2025","TANGGAL PENGUMPULAN":"Q4 2023","q":27443,"r":-15112}},{"type":"Feature","geometry":{"coordinates":[106.9234339,-6.2233331],"type":"Point"},"properties":{"NAMA":"NASI GORENG SPECIAL KABUL JAYA 89","TIPE_1":"MAKANAN DAN MINUMAN","TIPE_2":"RESTORAN","TIPE_3":"NASI GORENG","TELEPON":"","ALAMAT":"8, JL. RADIN INTEN II NO.9, RT.9/RW.15, DUREN SAWIT, KEC. DUREN SAWIT, KOTA JAKARTA TIMUR, DAERAH KHUSUS IBUKOTA JAKARTA 13440","ID_PROV":"31","PROVINSI":"DKI JAKARTA","ID_KABKOT":"31.75","KABKOT":"KOTA ADM. JAKARTA TIMUR","ID_KEC":"31.75.07","KECAMATAN":"DUREN SAWIT","ID_DESA":"31.75.07.1001","DESA":"DUREN SAWIT","LONGITUDE":106.9234339,"LATITUDE":-6.2233331,"STATUS":"BUKA","TANGGAL UPDATE":"27/02/2025","TANGGAL PENGUMPULAN":"Q4 2023","q":27457,"r":-15115}},{"type":"Feature","geometry":{"coordinates":[106.90605749999999,-6.2169186],"type":"Point"},"properties":{"NAMA":"NASI GORENG TURKEY","TIPE_1":"MAKANAN DAN MINUMAN","TIPE_2":"RESTORAN","TIPE_3":"NASI GORENG","TELEPON":"0817-6671-198","ALAMAT":"JL. KH. MAISIN NO.17, RT.6/RW.7, KLENDER, KEC. DUREN SAWIT, KOTA JAKARTA TIMUR, DAERAH KHUSUS IBUKOTA JAKARTA 13470","ID_PROV":"31","PROVINSI":"DKI JAKARTA","ID_KABKOT":"31.75","KABKOT":"KOTA ADM. JAKARTA TIMUR","ID_KEC":"31.75.07","KECAMATAN":"DUREN SAWIT","ID_DESA":"31.75.07.1003","DESA":"KLENDER","LONGITUDE":106.9060575,"LATITUDE":-6.2169186,"STATUS":"BUKA","TANGGAL UPDATE":"27/02/2025","TANGGAL PENGUMPULAN":"Q4 2023","q":27453,"r":-15112}},{"type":"Feature","geometry":{"coordinates":[106.8782956,-6.217332],"type":"Point"},"properties":{"NAMA":"NASI GORENG BABEH NDUT JATINEGARA","TIPE_1":"MAKANAN DAN MINUMAN","TIPE_2":"RESTORAN","TIPE_3":"NASI GORENG","TELEPON":"0821-1896-4173","ALAMAT":"JL. BEKASI TIM. RAYA NO.8, RT.18/RW.4, CIPINANG BESAR UTARA, WEST CAKUNG, KOTA JAKARTA TIMUR, DAERAH KHUSUS IBUKOTA JAKARTA 13410","ID_PROV":"31","PROVINSI":"DKI JAKARTA","ID_KABKOT":"31.75","KABKOT":"KOTA ADM. JAKARTA TIMUR","ID_KEC":"31.75.03","KECAMATAN":"JATINEGARA","ID_DESA":"31.75.03.1008","DESA":"CIPINANG BESAR UTARA","LONGITUDE":106.8782956,"LATITUDE":-6.217332,"STATUS":"BUKA","TANGGAL UPDATE":"27/02/2025","TANGGAL PENGUMPULAN":"Q4 2023","q":27446,"r":-15108}},{"type":"Feature","geometry":{"coordinates":[106.9075858,-6.2920568],"type":"Point"},"properties":{"NAMA":"NASI GORENG","TIPE_1":"MAKANAN DAN MINUMAN","TIPE_2":"RESTORAN","TIPE_3":"NASI GORENG","TELEPON":"","ALAMAT":"JL. KRAMAT NO.33, RT.3/RW.2, LUBANG BUAYA, KEC. CIPAYUNG, KOTA JAKARTA TIMUR, DAERAH KHUSUS IBUKOTA JAKARTA 13810","ID_PROV":"31","PROVINSI":"DKI JAKARTA","ID_KABKOT":"31.75","KABKOT":"KOTA ADM. JAKARTA TIMUR","ID_KEC":"31.75.10","KECAMATAN":"CIPAYUNG","ID_DESA":"31.75.10.1007","DESA":"LUBANG BUAYA","LONGITUDE":106.9075858,"LATITUDE":-6.2920568,"STATUS":"BUKA","TANGGAL UPDATE":"27/02/2025","TANGGAL PENGUMPULAN":"Q4 2023","q":27453,"r":-15129}},{"type":"Feature","geometry":{"coordinates":[106.8690917,-6.2375564],"type":"Point"},"properties":{"NAMA":"NASI GORENG POLONIA","TIPE_1":"MAKANAN DAN MINUMAN","TIPE_2":"RESTORAN","TIPE_3":"NASI GORENG","TELEPON":"0878-8049-4907","ALAMAT":"JL. OTISTA RAYA NO.29, RT.7/RW.8, BIDARA CINA, KECAMATAN JATINEGARA, KOTA JAKARTA TIMUR, DAERAH KHUSUS IBUKOTA JAKARTA 13330","ID_PROV":"31","PROVINSI":"DKI JAKARTA","ID_KABKOT":"31.75","KABKOT":"KOTA ADM. JAKARTA TIMUR","ID_KEC":"31.75.03","KECAMATAN":"JATINEGARA","ID_DESA":"31.75.03.1002","DESA":"BIDARA CINA","LONGITUDE":106.8690917,"LATITUDE":-6.2375564,"STATUS":"BUKA","TANGGAL UPDATE":"27/02/2025","TANGGAL PENGUMPULAN":"Q4 2023","q":27443,"r":-15112}},{"type":"Feature","geometry":{"coordinates":[106.9356176,-6.2059202],"type":"Point"},"properties":{"NAMA":"NASI GORENG WONG KOPYAH","TIPE_1":"MAKANAN DAN MINUMAN","TIPE_2":"RESTORAN","TIPE_3":"NASI GORENG","TELEPON":"0812-8221-0138","ALAMAT":"JL. H. SANYAR NO.8C, RT.5/RW.6, PENGGILINGAN, KEC. CAKUNG, KOTA JAKARTA TIMUR, DAERAH KHUSUS IBUKOTA JAKARTA 13940","ID_PROV":"31","PROVINSI":"DKI JAKARTA","ID_KABKOT":"31.75","KABKOT":"KOTA ADM. JAKARTA TIMUR","ID_KEC":"31.75.06","KECAMATAN":"CAKUNG","ID_DESA":"31.75.06.1003","DESA":"PENGGILINGAN","LONGITUDE":106.9356176,"LATITUDE":-6.2059202,"STATUS":"BUKA","TANGGAL UPDATE":"27/02/2025","TANGGAL PENGUMPULAN":"Q4 2023","q":27460,"r":-15113}},{"type":"Feature","geometry":{"coordinates":[106.884208,-6.1920379],"type":"Point"},"properties":{"NAMA":"NASI GORENG GILA","TIPE_1":"MAKANAN DAN MINUMAN","TIPE_2":"RESTORAN","TIPE_3":"NASI GORENG","TELEPON":"","ALAMAT":"JL. KAYU JATI RAYA NO.62, RT.1/RW.4, RAWAMANGUN, KEC. PULO GADUNG, KOTA JAKARTA TIMUR, DAERAH KHUSUS IBUKOTA JAKARTA 13220","ID_PROV":"31","PROVINSI":"DKI JAKARTA","ID_KABKOT":"31.75","KABKOT":"KOTA ADM. JAKARTA TIMUR","ID_KEC":"31.75.02","KECAMATAN":"PULOGADUNG","ID_DESA":"31.75.02.1005","DESA":"RAWAMANGUN","LONGITUDE":106.884208,"LATITUDE":-6.1920379,"STATUS":"BUKA","TANGGAL UPDATE":"27/02/2025","TANGGAL PENGUMPULAN":"Q4 2023","q":27447,"r":-15103}},{"type":"Feature","geometry":{"coordinates":[106.88342809999999,-6.2089177],"type":"Point"},"properties":{"NAMA":"NASI GORENG KARYO","TIPE_1":"MAKANAN DAN MINUMAN","TIPE_2":"RESTORAN","TIPE_3":"NASI GORENG","TELEPON":"0838-5244-1095","ALAMAT":"JL. CIPINANG KEBEMBEM NO.8, RT.10/RW.13, PISANGAN TIM., KEC. PULO GADUNG, KOTA JAKARTA TIMUR, DAERAH KHUSUS IBUKOTA JAKARTA 13230","ID_PROV":"31","PROVINSI":"DKI JAKARTA","ID_KABKOT":"31.75","KABKOT":"KOTA ADM. JAKARTA TIMUR","ID_KEC":"31.75.02","KECAMATAN":"PULOGADUNG","ID_DESA":"31.75.02.1002","DESA":"PISANGAN TIMUR","LONGITUDE":106.8834281,"LATITUDE":-6.2089177,"STATUS":"BUKA","TANGGAL UPDATE":"27/02/2025","TANGGAL PENGUMPULAN":"Q4 2023","q":27447,"r":-15107}},{"type":"Feature","geometry":{"coordinates":[106.9368664,-6.1896064],"type":"Point"},"properties":{"NAMA":"NASI GORENG AA H JOKO","TIPE_1":"MAKANAN DAN MINUMAN","TIPE_2":"RESTORAN","TIPE_3":"NASI GORENG","TELEPON":"0812-9666-123","ALAMAT":"JL. KP. PEDAENGAN, RT.5/RW.8, PENGGILINGAN, KEC. CAKUNG, KOTA JAKARTA TIMUR, DAERAH KHUSUS IBUKOTA JAKARTA 13940","ID_PROV":"31","PROVINSI":"DKI JAKARTA","ID_KABKOT":"31.75","KABKOT":"KOTA ADM. JAKARTA TIMUR","ID_KEC":"31.75.06","KECAMATAN":"CAKUNG","ID_DESA":"31.75.06.1003","DESA":"PENGGILINGAN","LONGITUDE":106.9368664,"LATITUDE":-6.1896064,"STATUS":"BUKA","TANGGAL UPDATE":"27/02/2025","TANGGAL PENGUMPULAN":"Q4 2023","q":27461,"r":-15110}},{"type":"Feature","geometry":{"coordinates":[106.8817407,-6.2214825],"type":"Point"},"properties":{"NAMA":"NASI GORENG BANG JEN KHAS MADURA","TIPE_1":"MAKANAN DAN MINUMAN","TIPE_2":"RESTORAN","TIPE_3":"NASI GORENG","TELEPON":"0878-7227-4877","ALAMAT":"JL. CIPINANG JAYA IIE NO.RT.10, RT.12/RW.8, CIPINANG BESAR SEL., KECAMATAN JATINEGARA, KOTA JAKARTA TIMUR, DAERAH KHUSUS IBUKOTA JAKARTA 13410","ID_PROV":"31","PROVINSI":"DKI JAKARTA","ID_KABKOT":"31.75","KABKOT":"KOTA ADM. JAKARTA TIMUR","ID_KEC":"31.75.03","KECAMATAN":"JATINEGARA","ID_DESA":"31.75.03.1007","DESA":"CIPINANG BESAR SELATAN","LONGITUDE":106.8817407,"LATITUDE":-6.2214825,"STATUS":"BUKA","TANGGAL UPDATE":"27/02/2025","TANGGAL PENGUMPULAN":"Q4 2023","q":27447,"r":-15110}},{"type":"Feature","geometry":{"coordinates":[106.8787997,-6.2566458],"type":"Point"},"properties":{"NAMA":"NASI GORENG BINTANG","TIPE_1":"MAKANAN DAN MINUMAN","TIPE_2":"RESTORAN","TIPE_3":"NASI GORENG","TELEPON":"0838-7273-0372","ALAMAT":"JL. JENGKI NO.1, RT.4/RW.4, KB. PALA, KEC. MAKASAR, KOTA JAKARTA TIMUR, DAERAH KHUSUS IBUKOTA JAKARTA 13650","ID_PROV":"31","PROVINSI":"DKI JAKARTA","ID_KABKOT":"31.75","KABKOT":"KOTA ADM. JAKARTA TIMUR","ID_KEC":"31.75.08","KECAMATAN":"MAKASAR","ID_DESA":"31.75.08.1003","DESA":"KEBON PALA","LONGITUDE":106.8787997,"LATITUDE":-6.2566458,"STATUS":"BUKA","TANGGAL UPDATE":"27/02/2025","TANGGAL PENGUMPULAN":"Q4 2023","q":27446,"r":-15117}},{"type":"Feature","geometry":{"coordinates":[106.8892235,-6.202254],"type":"Point"},"properties":{"NAMA":"NASI GORENG","TIPE_1":"MAKANAN DAN MINUMAN","TIPE_2":"RESTORAN","TIPE_3":"NASI GORENG","TELEPON":"0878-8878-1098","ALAMAT":"JL. CIPINANG BARU TIMUR NO.14, RT.2/RW.18, CIPINANG, KEC. PULO GADUNG, KOTA JAKARTA TIMUR, DAERAH KHUSUS IBUKOTA JAKARTA 13240","ID_PROV":"31","PROVINSI":"DKI JAKARTA","ID_KABKOT":"31.75","KABKOT":"KOTA ADM. JAKARTA TIMUR","ID_KEC":"31.75.02","KECAMATAN":"PULOGADUNG","ID_DESA":"31.75.02.1003","DESA":"CIPINANG","LONGITUDE":106.8892235,"LATITUDE":-6.202254,"STATUS":"BUKA","TANGGAL UPDATE":"27/02/2025","TANGGAL PENGUMPULAN":"Q4 2023","q":27448,"r":-15106}},{"type":"Feature","geometry":{"coordinates":[106.9074435,-6.2464785],"type":"Point"},"properties":{"NAMA":"NASI GORENG","TIPE_1":"MAKANAN DAN MINUMAN","TIPE_2":"RESTORAN","TIPE_3":"NASI GORENG","TELEPON":"","ALAMAT":"RT.9/RW.7, PD. BAMBU, KEC. DUREN SAWIT, KOTA JAKARTA TIMUR, DAERAH KHUSUS IBUKOTA JAKARTA 13430","ID_PROV":"31","PROVINSI":"DKI JAKARTA","ID_KABKOT":"31.75","KABKOT":"KOTA ADM. JAKARTA TIMUR","ID_KEC":"31.75.07","KECAMATAN":"DUREN SAWIT","ID_DESA":"31.75.07.1002","DESA":"PONDOK BAMBU","LONGITUDE":106.9074435,"LATITUDE":-6.2464785,"STATUS":"BUKA","TANGGAL UPDATE":"27/02/2025","TANGGAL PENGUMPULAN":"Q4 2023","q":27453,"r":-15118}},{"type":"Feature","geometry":{"coordinates":[106.8923439,-6.2969061],"type":"Point"},"properties":{"NAMA":"NASI GORENG BANG DUL","TIPE_1":"MAKANAN DAN MINUMAN","TIPE_2":"RESTORAN","TIPE_3":"NASI GORENG","TELEPON":"0878-9444-8278","ALAMAT":"6, JL. TAMAN MINI II NO.157, RT.7/RW.4, PINANG RANTI, KEC. MAKASAR, KOTA JAKARTA TIMUR, DAERAH KHUSUS IBUKOTA JAKARTA 13560","ID_PROV":"31","PROVINSI":"DKI JAKARTA","ID_KABKOT":"31.75","KABKOT":"KOTA ADM. JAKARTA TIMUR","ID_KEC":"31.75.10","KECAMATAN":"CIPAYUNG","ID_DESA":"31.75.10.1007","DESA":"LUBANG BUAYA","LONGITUDE":106.8923439,"LATITUDE":-6.2969061,"STATUS":"BUKA","TANGGAL UPDATE":"27/02/2025","TANGGAL PENGUMPULAN":"Q4 2023","q":27449,"r":-15128}},{"type":"Feature","geometry":{"coordinates":[106.8914872,-6.2114044],"type":"Point"},"properties":{"NAMA":"NASI GORENG SYIFA DAFFA","TIPE_1":"MAKANAN DAN MINUMAN","TIPE_2":"RESTORAN","TIPE_3":"NASI GORENG","TELEPON":"0813-9455-1748","ALAMAT":"JL. BEKASI TIMUR RAYA NO.1, RT.1/RW.8, CIPINANG, KEC. PULO GADUNG, KOTA JAKARTA TIMUR, DAERAH KHUSUS IBUKOTA JAKARTA 13240","ID_PROV":"31","PROVINSI":"DKI JAKARTA","ID_KABKOT":"31.75","KABKOT":"KOTA ADM. JAKARTA TIMUR","ID_KEC":"31.75.02","KECAMATAN":"PULOGADUNG","ID_DESA":"31.75.02.1003","DESA":"CIPINANG","LONGITUDE":106.8914872,"LATITUDE":-6.2114044,"STATUS":"BUKA","TANGGAL UPDATE":"27/02/2025","TANGGAL PENGUMPULAN":"Q4 2023","q":27449,"r":-15109}},{"type":"Feature","geometry":{"coordinates":[106.8702693,-6.1996542],"type":"Point"},"properties":{"NAMA":"NASI GORENG FLAMBOYAN 9","TIPE_1":"MAKANAN DAN MINUMAN","TIPE_2":"RESTORAN","TIPE_3":"NASI GORENG","TELEPON":"0812-9478-2789","ALAMAT":"JL. FLAMBOYAN 9 NO.15, RT.11/RW.3, UTAN KAYU SEL., KEC. MATRAMAN, KOTA JAKARTA TIMUR, DAERAH KHUSUS IBUKOTA JAKARTA 13120","ID_PROV":"31","PROVINSI":"DKI JAKARTA","ID_KABKOT":"31.75","KABKOT":"KOTA ADM. JAKARTA TIMUR","ID_KEC":"31.75.01","KECAMATAN":"MATRAMAN","ID_DESA":"31.75.01.1006","DESA":"UTAN KAYU SELATAN","LONGITUDE":106.8702693,"LATITUDE":-6.1996542,"STATUS":"BUKA","TANGGAL UPDATE":"27/02/2025","TANGGAL PENGUMPULAN":"Q4 2023","q":27444,"r":-15103}},{"type":"Feature","geometry":{"coordinates":[106.8787836,-6.2553169],"type":"Point"},"properties":{"NAMA":"NASI GORENG OPIK","TIPE_1":"MAKANAN DAN MINUMAN","TIPE_2":"RESTORAN","TIPE_3":"NASI GORENG","TELEPON":"0813-1017-4373","ALAMAT":"9A, JL. CILILITAN BESAR NO.8, RT.7/RW.3, KRAMAT JATI, KEC. KRAMAT JATI, KOTA JAKARTA TIMUR, DAERAH KHUSUS IBUKOTA JAKARTA 13510","ID_PROV":"31","PROVINSI":"DKI JAKARTA","ID_KABKOT":"31.75","KABKOT":"KOTA ADM. JAKARTA TIMUR","ID_KEC":"31.75.08","KECAMATAN":"MAKASAR","ID_DESA":"31.75.08.1003","DESA":"KEBON PALA","LONGITUDE":106.8787836,"LATITUDE":-6.2553169,"STATUS":"BUKA","TANGGAL UPDATE":"27/02/2025","TANGGAL PENGUMPULAN":"Q4 2023","q":27446,"r":-15117}},{"type":"Feature","geometry":{"coordinates":[106.8595215,-6.2895438],"type":"Point"},"properties":{"NAMA":"NASI GORENG PONDOK SELERA 1001","TIPE_1":"MAKANAN DAN MINUMAN","TIPE_2":"RESTORAN","TIPE_3":"NASI GORENG","TELEPON":"","ALAMAT":"RT.7/RW.3, BATU AMPAR, KEC. KRAMAT JATI, KOTA JAKARTA TIMUR, DAERAH KHUSUS IBUKOTA JAKARTA 13520","ID_PROV":"31","PROVINSI":"DKI JAKARTA","ID_KABKOT":"31.75","KABKOT":"KOTA ADM. JAKARTA TIMUR","ID_KEC":"31.75.04","KECAMATAN":"KRAMATJATI","ID_DESA":"31.75.04.1004","DESA":"BATU AMPAR","LONGITUDE":106.8595215,"LATITUDE":-6.2895438,"STATUS":"BUKA","TANGGAL UPDATE":"27/02/2025","TANGGAL PENGUMPULAN":"Q4 2023","q":27441,"r":-15122}},{"type":"Feature","geometry":{"coordinates":[106.8815581,-6.2614022],"type":"Point"},"properties":{"NAMA":"NASI GORENG KOPRAL","TIPE_1":"MAKANAN DAN MINUMAN","TIPE_2":"RESTORAN","TIPE_3":"NASI GORENG","TELEPON":"0813-8032-5041","ALAMAT":"JL. PUSKESMAS NO.11, RT.6/RW.10, BANDARA, HALIM PERDANA KUSUMAH, KEC. MAKASAR, KOTA JAKARTA TIMUR, DAERAH KHUSUS IBUKOTA JAKARTA 13610","ID_PROV":"31","PROVINSI":"DKI JAKARTA","ID_KABKOT":"31.75","KABKOT":"KOTA ADM. JAKARTA TIMUR","ID_KEC":"31.75.08","KECAMATAN":"MAKASAR","ID_DESA":"31.75.08.1003","DESA":"KEBON PALA","LONGITUDE":106.8815581,"LATITUDE":-6.2614022,"STATUS":"BUKA","TANGGAL UPDATE":"27/02/2025","TANGGAL PENGUMPULAN":"Q4 2023","q":27447,"r":-15119}},{"type":"Feature","geometry":{"coordinates":[106.93174409999999,-6.1998759],"type":"Point"},"properties":{"NAMA":"KING NASI GORENG","TIPE_1":"MAKANAN DAN MINUMAN","TIPE_2":"RESTORAN","TIPE_3":"NASI GORENG","TELEPON":"0895-4062-33535","ALAMAT":"JL. KALI BUARAN NO.2, RT.10/RW.7, PENGGILINGAN, KEC. CAKUNG, KOTA JAKARTA TIMUR, DAERAH KHUSUS IBUKOTA JAKARTA 13940","ID_PROV":"31","PROVINSI":"DKI JAKARTA","ID_KABKOT":"31.75","KABKOT":"KOTA ADM. JAKARTA TIMUR","ID_KEC":"31.75.06","KECAMATAN":"CAKUNG","ID_DESA":"31.75.06.1003","DESA":"PENGGILINGAN","LONGITUDE":106.9317441,"LATITUDE":-6.1998759,"STATUS":"BUKA","TANGGAL UPDATE":"27/02/2025","TANGGAL PENGUMPULAN":"Q4 2023","q":27459,"r":-15111}},{"type":"Feature","geometry":{"coordinates":[106.9087391,-6.2141286],"type":"Point"},"properties":{"NAMA":"NASI GORENG BOWO","TIPE_1":"MAKANAN DAN MINUMAN","TIPE_2":"RESTORAN","TIPE_3":"NASI GORENG","TELEPON":"0878-5333-9915","ALAMAT":"JL. I GUSTI NGURAH RAI NO.39, RT.2/RW.16, KLENDER, KEC. DUREN SAWIT, KOTA JAKARTA TIMUR, DAERAH KHUSUS IBUKOTA JAKARTA 13930","ID_PROV":"31","PROVINSI":"DKI JAKARTA","ID_KABKOT":"31.75","KABKOT":"KOTA ADM. JAKARTA TIMUR","ID_KEC":"31.75.07","KECAMATAN":"DUREN SAWIT","ID_DESA":"31.75.07.1003","DESA":"KLENDER","LONGITUDE":106.9087391,"LATITUDE":-6.2141286,"STATUS":"BUKA","TANGGAL UPDATE":"27/02/2025","TANGGAL PENGUMPULAN":"Q4 2023","q":27453,"r":-15111}},{"type":"Feature","geometry":{"coordinates":[106.9052265,-6.197381],"type":"Point"},"properties":{"NAMA":"NASI GORENG GILA","TIPE_1":"MAKANAN DAN MINUMAN","TIPE_2":"RESTORAN","TIPE_3":"NASI GORENG","TELEPON":"0859-5929-0765","ALAMAT":"JL. RAYA BEKASI NO.20, RW.11, JATINEGARA, KEC. CAKUNG, KOTA JAKARTA TIMUR, DAERAH KHUSUS IBUKOTA JAKARTA 13250","ID_PROV":"31","PROVINSI":"DKI JAKARTA","ID_KABKOT":"31.75","KABKOT":"KOTA ADM. JAKARTA TIMUR","ID_KEC":"31.75.06","KECAMATAN":"CAKUNG","ID_DESA":"31.75.06.1001","DESA":"JATINEGARA","LONGITUDE":106.9052265,"LATITUDE":-6.197381,"STATUS":"BUKA","TANGGAL UPDATE":"27/02/2025","TANGGAL PENGUMPULAN":"Q4 2023","q":27453,"r":-15107}},{"type":"Feature","geometry":{"coordinates":[106.8687773,-6.2429218],"type":"Point"},"properties":{"NAMA":"NASI GORENG MAS BEJO","TIPE_1":"MAKANAN DAN MINUMAN","TIPE_2":"RESTORAN","TIPE_3":"NASI GORENG","TELEPON":"0813-8746-1246","ALAMAT":"JL. OTISTA RAYA NO.43, RT.11/RW.12, BIDARA CINA, KECAMATAN JATINEGARA, KOTA JAKARTA TIMUR, DAERAH KHUSUS IBUKOTA JAKARTA 13330","ID_PROV":"31","PROVINSI":"DKI JAKARTA","ID_KABKOT":"31.75","KABKOT":"KOTA ADM. JAKARTA TIMUR","ID_KEC":"31.75.03","KECAMATAN":"JATINEGARA","ID_DESA":"31.75.03.1002","DESA":"BIDARA CINA","LONGITUDE":106.8687773,"LATITUDE":-6.2429218,"STATUS":"BUKA","TANGGAL UPDATE":"27/02/2025","TANGGAL PENGUMPULAN":"Q4 2023","q":27443,"r":-15113}},{"type":"Feature","geometry":{"coordinates":[106.8853691,-6.23693],"type":"Point"},"properties":{"NAMA":"NASI GORENG AYAM BAKAR RUS","TIPE_1":"MAKANAN DAN MINUMAN","TIPE_2":"RESTORAN","TIPE_3":"NASI GORENG","TELEPON":"0859-2111-7030","ALAMAT":"JL. KESADARAN RAYA NO.7, RT.2/RW.1, CIPINANG MUARA, KECAMATAN JATINEGARA, KOTA JAKARTA TIMUR, DAERAH KHUSUS IBUKOTA JAKARTA 13420","ID_PROV":"31","PROVINSI":"DKI JAKARTA","ID_KABKOT":"31.75","KABKOT":"KOTA ADM. JAKARTA TIMUR","ID_KEC":"31.75.03","KECAMATAN":"JATINEGARA","ID_DESA":"31.75.03.1007","DESA":"CIPINANG BESAR SELATAN","LONGITUDE":106.8853691,"LATITUDE":-6.23693,"STATUS":"BUKA","TANGGAL UPDATE":"27/02/2025","TANGGAL PENGUMPULAN":"Q4 2023","q":27447,"r":-15114}},{"type":"Feature","geometry":{"coordinates":[106.90462079999999,-6.2977301],"type":"Point"},"properties":{"NAMA":"NASI GORENG SI BRAY RAWA BINONG","TIPE_1":"MAKANAN DAN MINUMAN","TIPE_2":"RESTORAN","TIPE_3":"NASI GORENG","TELEPON":"0815-8524-7487","ALAMAT":"JALAN RAYA RAWA BINONG RT 009:RW;02, RT.9/RW.2, LUBANG BUAYA, KEC. CIPAYUNG, KOTA JAKARTA TIMUR, DAERAH KHUSUS IBUKOTA JAKARTA 13810","ID_PROV":"31","PROVINSI":"DKI JAKARTA","ID_KABKOT":"31.75","KABKOT":"KOTA ADM. JAKARTA TIMUR","ID_KEC":"31.75.10","KECAMATAN":"CIPAYUNG","ID_DESA":"31.75.10.1007","DESA":"LUBANG BUAYA","LONGITUDE":106.9046208,"LATITUDE":-6.2977301,"STATUS":"BUKA","TANGGAL UPDATE":"27/02/2025","TANGGAL PENGUMPULAN":"Q4 2023","q":27452,"r":-15130}},{"type":"Feature","geometry":{"coordinates":[106.8762482,-6.2640372],"type":"Point"},"properties":{"NAMA":"NASI GORENG KEBULI JENGKI","TIPE_1":"MAKANAN DAN MINUMAN","TIPE_2":"RESTORAN","TIPE_3":"NASI GORENG","TELEPON":"0856-1480-069","ALAMAT":"JL. JENGKI NO.43B, RT.8/RW.2, KB. PALA, JAKARTA, KOTA JAKARTA TIMUR, DAERAH KHUSUS IBUKOTA JAKARTA 13650","ID_PROV":"31","PROVINSI":"DKI JAKARTA","ID_KABKOT":"31.75","KABKOT":"KOTA ADM. JAKARTA TIMUR","ID_KEC":"31.75.08","KECAMATAN":"MAKASAR","ID_DESA":"31.75.08.1003","DESA":"KEBON PALA","LONGITUDE":106.8762482,"LATITUDE":-6.2640372,"STATUS":"BUKA","TANGGAL UPDATE":"27/02/2025","TANGGAL PENGUMPULAN":"Q4 2023","q":27445,"r":-15118}},{"type":"Feature","geometry":{"coordinates":[106.9195499,-6.2370245],"type":"Point"},"properties":{"NAMA":"NASI GORENG PUTRA BONTOT MAS FARREL","TIPE_1":"MAKANAN DAN MINUMAN","TIPE_2":"RESTORAN","TIPE_3":"NASI GORENG","TELEPON":"","ALAMAT":"JL. SWADAYA RAYA NO.89, RT.8/RW.5, DUREN SAWIT, KEC. DUREN SAWIT, KOTA JAKARTA TIMUR, DAERAH KHUSUS IBUKOTA JAKARTA 13440","ID_PROV":"31","PROVINSI":"DKI JAKARTA","ID_KABKOT":"31.75","KABKOT":"KOTA ADM. JAKARTA TIMUR","ID_KEC":"31.75.07","KECAMATAN":"DUREN SAWIT","ID_DESA":"31.75.07.1001","DESA":"DUREN SAWIT","LONGITUDE":106.9195499,"LATITUDE":-6.2370245,"STATUS":"BUKA","TANGGAL UPDATE":"27/02/2025","TANGGAL PENGUMPULAN":"Q4 2023","q":27456,"r":-15118}},{"type":"Feature","geometry":{"coordinates":[106.92246809999999,-6.2230007],"type":"Point"},"properties":{"NAMA":"NASI GORENG JANGKUNG SMP 255","TIPE_1":"MAKANAN DAN MINUMAN","TIPE_2":"RESTORAN","TIPE_3":"NASI GORENG","TELEPON":"0821-3333-1215","ALAMAT":"JL. MADRASAH II NO.39, RT.11/RW.10, DUREN SAWIT, KEC. DUREN SAWIT, KOTA JAKARTA TIMUR, DAERAH KHUSUS IBUKOTA JAKARTA 13440","ID_PROV":"31","PROVINSI":"DKI JAKARTA","ID_KABKOT":"31.75","KABKOT":"KOTA ADM. JAKARTA TIMUR","ID_KEC":"31.75.07","KECAMATAN":"DUREN SAWIT","ID_DESA":"31.75.07.1001","DESA":"DUREN SAWIT","LONGITUDE":106.9224681,"LATITUDE":-6.2230007,"STATUS":"BUKA","TANGGAL UPDATE":"27/02/2025","TANGGAL PENGUMPULAN":"Q4 2023","q":27457,"r":-15115}},{"type":"Feature","geometry":{"coordinates":[106.8901531,-6.2056569],"type":"Point"},"properties":{"NAMA":"NASI GORENG BANG KANDI","TIPE_1":"MAKANAN DAN MINUMAN","TIPE_2":"RESTORAN","TIPE_3":"NASI GORENG","TELEPON":"","ALAMAT":"RT.5/RW.2, CIPINANG, KEC. PULO GADUNG, KOTA JAKARTA TIMUR, DAERAH KHUSUS IBUKOTA JAKARTA 13240","ID_PROV":"31","PROVINSI":"DKI JAKARTA","ID_KABKOT":"31.75","KABKOT":"KOTA ADM. JAKARTA TIMUR","ID_KEC":"31.75.02","KECAMATAN":"PULOGADUNG","ID_DESA":"31.75.02.1003","DESA":"CIPINANG","LONGITUDE":106.8901531,"LATITUDE":-6.2056569,"STATUS":"BUKA","TANGGAL UPDATE":"27/02/2025","TANGGAL PENGUMPULAN":"Q4 2023","q":27449,"r":-15107}},{"type":"Feature","geometry":{"coordinates":[106.9318587,-6.2236579],"type":"Point"},"properties":{"NAMA":"NASI GORENG SI JARWO","TIPE_1":"MAKANAN DAN MINUMAN","TIPE_2":"RESTORAN","TIPE_3":"NASI GORENG","TELEPON":"0812-2454-278","ALAMAT":"JL. WIJAYA KUSUMA II NO.2, RT.2/RW.7, MALAKA SARI, KEC. DUREN SAWIT, KOTA JAKARTA TIMUR, DAERAH KHUSUS IBUKOTA JAKARTA 13460","ID_PROV":"31","PROVINSI":"DKI JAKARTA","ID_KABKOT":"31.75","KABKOT":"KOTA ADM. JAKARTA TIMUR","ID_KEC":"31.75.07","KECAMATAN":"DUREN SAWIT","ID_DESA":"31.75.07.1005","DESA":"MALAKA SARI","LONGITUDE":106.9318587,"LATITUDE":-6.2236579,"STATUS":"BUKA","TANGGAL UPDATE":"27/02/2025","TANGGAL PENGUMPULAN":"Q4 2023","q":27459,"r":-15117}},{"type":"Feature","geometry":{"coordinates":[106.8922115,-6.2406392],"type":"Point"},"properties":{"NAMA":"NASI GORENG KANG EBIETH","TIPE_1":"MAKANAN DAN MINUMAN","TIPE_2":"RESTORAN","TIPE_3":"NASI GORENG","TELEPON":"","ALAMAT":"JL. KALI SUNTER NO.7, RT.7/RW.3, CIPINANG MELAYU, KEC. MAKASAR, KOTA JAKARTA TIMUR, DAERAH KHUSUS IBUKOTA JAKARTA 13620","ID_PROV":"31","PROVINSI":"DKI JAKARTA","ID_KABKOT":"31.75","KABKOT":"KOTA ADM. JAKARTA TIMUR","ID_KEC":"31.75.08","KECAMATAN":"MAKASAR","ID_DESA":"31.75.08.1005","DESA":"CIPINANG MELAYU","LONGITUDE":106.8922115,"LATITUDE":-6.2406392,"STATUS":"BUKA","TANGGAL UPDATE":"27/02/2025","TANGGAL PENGUMPULAN":"Q4 2023","q":27449,"r":-15115}},{"type":"Feature","geometry":{"coordinates":[106.89366349999999,-6.2134695],"type":"Point"},"properties":{"NAMA":"NASI GORENG GILA IBU IPEH","TIPE_1":"MAKANAN DAN MINUMAN","TIPE_2":"RESTORAN","TIPE_3":"NASI GORENG","TELEPON":"0838-7438-7223","ALAMAT":"CIPINANG MUARA GANG CIPARAY 5 JAKARTA, RT.6/RW.5, CIPINANG MUARA, KECAMATAN JATINEGARA, KOTA JAKARTA TIMUR, DAERAH KHUSUS IBUKOTA JAKARTA 13240","ID_PROV":"31","PROVINSI":"DKI JAKARTA","ID_KABKOT":"31.75","KABKOT":"KOTA ADM. JAKARTA TIMUR","ID_KEC":"31.75.03","KECAMATAN":"JATINEGARA","ID_DESA":"31.75.03.1006","DESA":"CIPINANG MUARA","LONGITUDE":106.8936635,"LATITUDE":-6.2134695,"STATUS":"BUKA","TANGGAL UPDATE":"27/02/2025","TANGGAL PENGUMPULAN":"Q4 2023","q":27450,"r":-15109}},{"type":"Feature","geometry":{"coordinates":[106.9001054,-6.2953493],"type":"Point"},"properties":{"NAMA":"NASI GORENG MAS TIMAN","TIPE_1":"MAKANAN DAN MINUMAN","TIPE_2":"RESTORAN","TIPE_3":"NASI GORENG","TELEPON":"0878-7558-6109","ALAMAT":"JL. AL.BAIDHO I NO.9, RT.9/RW.6, LUBANG BUAYA, KEC. CIPAYUNG, KOTA JAKARTA TIMUR, DAERAH KHUSUS IBUKOTA JAKARTA 13810","ID_PROV":"31","PROVINSI":"DKI JAKARTA","ID_KABKOT":"31.75","KABKOT":"KOTA ADM. JAKARTA TIMUR","ID_KEC":"31.75.10","KECAMATAN":"CIPAYUNG","ID_DESA":"31.75.10.1007","DESA":"LUBANG BUAYA","LONGITUDE":106.9001054,"LATITUDE":-6.2953493,"STATUS":"BUKA","TANGGAL UPDATE":"27/02/2025","TANGGAL PENGUMPULAN":"Q4 2023","q":27451,"r":-15128}},{"type":"Feature","geometry":{"coordinates":[106.879035,-6.226465],"type":"Point"},"properties":{"NAMA":"NASI GORENG","TIPE_1":"MAKANAN DAN MINUMAN","TIPE_2":"RESTORAN","TIPE_3":"NASI GORENG","TELEPON":"","ALAMAT":"JL. CIPINANG BESAR NO.11, RT.2/RW.10, CIPINANG BESAR SEL., KECAMATAN JATINEGARA, KOTA JAKARTA TIMUR, DAERAH KHUSUS IBUKOTA JAKARTA 13410","ID_PROV":"31","PROVINSI":"DKI JAKARTA","ID_KABKOT":"31.75","KABKOT":"KOTA ADM. JAKARTA TIMUR","ID_KEC":"31.75.03","KECAMATAN":"JATINEGARA","ID_DESA":"31.75.03.1007","DESA":"CIPINANG BESAR SELATAN","LONGITUDE":106.879035,"LATITUDE":-6.226465,"STATUS":"BUKA","TANGGAL UPDATE":"27/02/2025","TANGGAL PENGUMPULAN":"Q4 2023","q":27446,"r":-15110}},{"type":"Feature","geometry":{"coordinates":[106.8613365,-6.2781848],"type":"Point"},"properties":{"NAMA":"NASI GORENG 165","TIPE_1":"MAKANAN DAN MINUMAN","TIPE_2":"RESTORAN","TIPE_3":"NASI GORENG","TELEPON":"0838-3704-0688","ALAMAT":"JL. BATU AMPAR IV NO.12A, RT.15/RW.5, BATU AMPAR, KEC. KRAMAT JATI, KOTA JAKARTA TIMUR, DAERAH KHUSUS IBUKOTA JAKARTA 13520","ID_PROV":"31","PROVINSI":"DKI JAKARTA","ID_KABKOT":"31.75","KABKOT":"KOTA ADM. JAKARTA TIMUR","ID_KEC":"31.75.04","KECAMATAN":"KRAMATJATI","ID_DESA":"31.75.04.1004","DESA":"BATU AMPAR","LONGITUDE":106.8613365,"LATITUDE":-6.2781848,"STATUS":"BUKA","TANGGAL UPDATE":"27/02/2025","TANGGAL PENGUMPULAN":"Q4 2023","q":27441,"r":-15120}},{"type":"Feature","geometry":{"coordinates":[106.8977065,-6.2954641],"type":"Point"},"properties":{"NAMA":"NASI GORENG PAK'DE","TIPE_1":"MAKANAN DAN MINUMAN","TIPE_2":"RESTORAN","TIPE_3":"NASI GORENG","TELEPON":"","ALAMAT":"JL. GORDA NO.7, RT.7/RW.5, LUBANG BUAYA, KEC. CIPAYUNG, KOTA JAKARTA TIMUR, DAERAH KHUSUS IBUKOTA JAKARTA 13810","ID_PROV":"31","PROVINSI":"DKI JAKARTA","ID_KABKOT":"31.75","KABKOT":"KOTA ADM. JAKARTA TIMUR","ID_KEC":"31.75.10","KECAMATAN":"CIPAYUNG","ID_DESA":"31.75.10.1007","DESA":"LUBANG BUAYA","LONGITUDE":106.8977065,"LATITUDE":-6.2954641,"STATUS":"BUKA","TANGGAL UPDATE":"27/02/2025","TANGGAL PENGUMPULAN":"Q4 2023","q":27451,"r":-15128}},{"type":"Feature","geometry":{"coordinates":[106.9204336,-6.2103291],"type":"Point"},"properties":{"NAMA":"NASI GORENG POB","TIPE_1":"MAKANAN DAN MINUMAN","TIPE_2":"RESTORAN","TIPE_3":"NASI GORENG","TELEPON":"","ALAMAT":"JL. SWADAYA KP. RW. BADUNG NO.2, RT.7/RW.13, JATINEGARA, KEC. CAKUNG, KOTA JAKARTA TIMUR, DAERAH KHUSUS IBUKOTA JAKARTA 13930","ID_PROV":"31","PROVINSI":"DKI JAKARTA","ID_KABKOT":"31.75","KABKOT":"KOTA ADM. JAKARTA TIMUR","ID_KEC":"31.75.06","KECAMATAN":"CAKUNG","ID_DESA":"31.75.06.1001","DESA":"JATINEGARA","LONGITUDE":106.9204336,"LATITUDE":-6.2103291,"STATUS":"BUKA","TANGGAL UPDATE":"27/02/2025","TANGGAL PENGUMPULAN":"Q4 2023","q":27456,"r":-15112}},{"type":"Feature","geometry":{"coordinates":[106.8969326,-6.2253404],"type":"Point"},"properties":{"NAMA":"NASI GORENG ARROHMAN","TIPE_1":"MAKANAN DAN MINUMAN","TIPE_2":"RESTORAN","TIPE_3":"NASI GORENG","TELEPON":"0897-9330-900","ALAMAT":"GARDU PLN GOTONG ROYONG, RT.1/RW.2, PD. BAMBU, KEC. DUREN SAWIT, KOTA JAKARTA TIMUR, DAERAH KHUSUS IBUKOTA JAKARTA 13430","ID_PROV":"31","PROVINSI":"DKI JAKARTA","ID_KABKOT":"31.75","KABKOT":"KOTA ADM. JAKARTA TIMUR","ID_KEC":"31.75.07","KECAMATAN":"DUREN SAWIT","ID_DESA":"31.75.07.1002","DESA":"PONDOK BAMBU","LONGITUDE":106.8969326,"LATITUDE":-6.2253404,"STATUS":"BUKA","TANGGAL UPDATE":"27/02/2025","TANGGAL PENGUMPULAN":"Q4 2023","q":27450,"r":-15112}},{"type":"Feature","geometry":{"coordinates":[106.890303,-6.2173758],"type":"Point"},"properties":{"NAMA":"NASI GORENG CIPINANG MUARA RAYA","TIPE_1":"MAKANAN DAN MINUMAN","TIPE_2":"RESTORAN","TIPE_3":"NASI GORENG","TELEPON":"0877-7577-4392","ALAMAT":"RAYA KELURAHAN, JL. CIPINANG MUARA, RT.1/RW.8, CIPINANG MUARA, JAKARTA TIMUR, DKI JAKARTA, DAERAH KHUSUS IBUKOTA JAKARTA 13420","ID_PROV":"31","PROVINSI":"DKI JAKARTA","ID_KABKOT":"31.75","KABKOT":"KOTA ADM. JAKARTA TIMUR","ID_KEC":"31.75.03","KECAMATAN":"JATINEGARA","ID_DESA":"31.75.03.1006","DESA":"CIPINANG MUARA","LONGITUDE":106.890303,"LATITUDE":-6.2173758,"STATUS":"BUKA","TANGGAL UPDATE":"27/02/2025","TANGGAL PENGUMPULAN":"Q4 2023","q":27449,"r":-15110}},{"type":"Feature","geometry":{"coordinates":[106.9116657,-6.2163376],"type":"Point"},"properties":{"NAMA":"NASI GORENG GONDRONK","TIPE_1":"MAKANAN DAN MINUMAN","TIPE_2":"RESTORAN","TIPE_3":"NASI GORENG","TELEPON":"","ALAMAT":"RT.14/RW.17, KLENDER, KEC. DUREN SAWIT, KOTA JAKARTA TIMUR, DAERAH KHUSUS IBUKOTA JAKARTA 13470","ID_PROV":"31","PROVINSI":"DKI JAKARTA","ID_KABKOT":"31.75","KABKOT":"KOTA ADM. JAKARTA TIMUR","ID_KEC":"31.75.07","KECAMATAN":"DUREN SAWIT","ID_DESA":"31.75.07.1003","DESA":"KLENDER","LONGITUDE":106.9116657,"LATITUDE":-6.2163376,"STATUS":"BUKA","TANGGAL UPDATE":"27/02/2025","TANGGAL PENGUMPULAN":"Q4 2023","q":27454,"r":-15112}},{"type":"Feature","geometry":{"coordinates":[106.9383712,-6.2523577],"type":"Point"},"properties":{"NAMA":"NASI GORENG BANG BECK","TIPE_1":"MAKANAN DAN MINUMAN","TIPE_2":"RESTORAN","TIPE_3":"NASI GORENG","TELEPON":"","ALAMAT":"JL. PD. KLP. SEL. 7A NO.21, RT.6/RW.5, PD. KLP., KEC. DUREN SAWIT, KOTA JAKARTA TIMUR, DAERAH KHUSUS IBUKOTA JAKARTA 13450","ID_PROV":"31","PROVINSI":"DKI JAKARTA","ID_KABKOT":"31.75","KABKOT":"KOTA ADM. JAKARTA TIMUR","ID_KEC":"31.75.07","KECAMATAN":"DUREN SAWIT","ID_DESA":"31.75.07.1004","DESA":"PONDOK KELAPA","LONGITUDE":106.9383712,"LATITUDE":-6.2523577,"STATUS":"BUKA","TANGGAL UPDATE":"27/02/2025","TANGGAL PENGUMPULAN":"Q4 2023","q":27461,"r":-15124}},{"type":"Feature","geometry":{"coordinates":[106.9387843,-6.2245839],"type":"Point"},"properties":{"NAMA":"NASI GORENG GILA MAS ACIL","TIPE_1":"MAKANAN DAN MINUMAN","TIPE_2":"RESTORAN","TIPE_3":"NASI GORENG","TELEPON":"","ALAMAT":"JL. MAWAR MERAH II NO.51, KEL, RT.5/RW.1, PONDOK KOPI, DURENSAWIT, EAST JAKARTA CITY, JAKARTA 13460","ID_PROV":"31","PROVINSI":"DKI JAKARTA","ID_KABKOT":"31.75","KABKOT":"KOTA ADM. JAKARTA TIMUR","ID_KEC":"31.75.07","KECAMATAN":"DUREN SAWIT","ID_DESA":"31.75.07.1007","DESA":"PONDOK KOPI","LONGITUDE":106.9387843,"LATITUDE":-6.2245839,"STATUS":"BUKA","TANGGAL UPDATE":"27/02/2025","TANGGAL PENGUMPULAN":"Q4 2023","q":27461,"r":-15118}},{"type":"Feature","geometry":{"coordinates":[106.8775981,-6.2699837],"type":"Point"},"properties":{"NAMA":"NASI GORENG SPESIAL WULANDARI","TIPE_1":"MAKANAN DAN MINUMAN","TIPE_2":"RESTORAN","TIPE_3":"NASI GORENG","TELEPON":"","ALAMAT":"JL. SQUADRON NO.7, RT.7/RW.3, HALIM PERDANA KUSUMAH, KEC. MAKASAR, KOTA JAKARTA TIMUR, DAERAH KHUSUS IBUKOTA JAKARTA 13570","ID_PROV":"31","PROVINSI":"DKI JAKARTA","ID_KABKOT":"31.75","KABKOT":"KOTA ADM. JAKARTA TIMUR","ID_KEC":"31.75.08","KECAMATAN":"MAKASAR","ID_DESA":"31.75.08.1001","DESA":"MAKASAR","LONGITUDE":106.8775981,"LATITUDE":-6.2699837,"STATUS":"BUKA","TANGGAL UPDATE":"27/02/2025","TANGGAL PENGUMPULAN":"Q4 2023","q":27445,"r":-15120}},{"type":"Feature","geometry":{"coordinates":[106.8806638,-6.2380036],"type":"Point"},"properties":{"NAMA":"NASI GORENG KLABAKAN","TIPE_1":"MAKANAN DAN MINUMAN","TIPE_2":"RESTORAN","TIPE_3":"NASI GORENG","TELEPON":"0895-0192-7452","ALAMAT":"JL. PANCA WARGA SATU NO.14, RT.11/RW.3, CIPINANG BESAR SEL., KECAMATAN JATINEGARA, KOTA JAKARTA TIMUR, DAERAH KHUSUS IBUKOTA JAKARTA 13410","ID_PROV":"31","PROVINSI":"DKI JAKARTA","ID_KABKOT":"31.75","KABKOT":"KOTA ADM. JAKARTA TIMUR","ID_KEC":"31.75.03","KECAMATAN":"JATINEGARA","ID_DESA":"31.75.03.1007","DESA":"CIPINANG BESAR SELATAN","LONGITUDE":106.8806638,"LATITUDE":-6.2380036,"STATUS":"BUKA","TANGGAL UPDATE":"27/02/2025","TANGGAL PENGUMPULAN":"Q4 2023","q":27446,"r":-15113}},{"type":"Feature","geometry":{"coordinates":[106.9040181,-6.2950101],"type":"Point"},"properties":{"NAMA":"NASI GORENG BANG MEMET","TIPE_1":"MAKANAN DAN MINUMAN","TIPE_2":"RESTORAN","TIPE_3":"NASI GORENG","TELEPON":"0857-1196-1957","ALAMAT":"JL. LUBANG BUAYA NO.9, RT.1/RW.2, LUBANG BUAYA, KEC. CIPAYUNG, KOTA JAKARTA TIMUR, DAERAH KHUSUS IBUKOTA JAKARTA 13810","ID_PROV":"31","PROVINSI":"DKI JAKARTA","ID_KABKOT":"31.75","KABKOT":"KOTA ADM. JAKARTA TIMUR","ID_KEC":"31.75.10","KECAMATAN":"CIPAYUNG","ID_DESA":"31.75.10.1007","DESA":"LUBANG BUAYA","LONGITUDE":106.9040181,"LATITUDE":-6.2950101,"STATUS":"BUKA","TANGGAL UPDATE":"27/02/2025","TANGGAL PENGUMPULAN":"Q4 2023","q":27452,"r":-15129}},{"type":"Feature","geometry":{"coordinates":[106.8995162,-6.2224731],"type":"Point"},"properties":{"NAMA":"NASI GORENG MAS BOIM","TIPE_1":"MAKANAN DAN MINUMAN","TIPE_2":"RESTORAN","TIPE_3":"NASI GORENG","TELEPON":"","ALAMAT":"RT.1/RW.9, KLENDER, KEC. DUREN SAWIT, KOTA JAKARTA TIMUR, DAERAH KHUSUS IBUKOTA JAKARTA 13470","ID_PROV":"31","PROVINSI":"DKI JAKARTA","ID_KABKOT":"31.75","KABKOT":"KOTA ADM. JAKARTA TIMUR","ID_KEC":"31.75.07","KECAMATAN":"DUREN SAWIT","ID_DESA":"31.75.07.1003","DESA":"KLENDER","LONGITUDE":106.8995162,"LATITUDE":-6.2224731,"STATUS":"BUKA","TANGGAL UPDATE":"27/02/2025","TANGGAL PENGUMPULAN":"Q4 2023","q":27451,"r":-15112}},{"type":"Feature","geometry":{"coordinates":[106.9355368,-6.250812],"type":"Point"},"properties":{"NAMA":"NASI GORENG LAMPIRI JAYA","TIPE_1":"MAKANAN DAN MINUMAN","TIPE_2":"RESTORAN","TIPE_3":"NASI GORENG","TELEPON":"0878-8341-7238","ALAMAT":"JL. PD. KLP. SEL. NO.7, RT.1/RW.5, PD. KLP., KEC. DUREN SAWIT, KOTA JAKARTA TIMUR, DAERAH KHUSUS IBUKOTA JAKARTA 13450","ID_PROV":"31","PROVINSI":"DKI JAKARTA","ID_KABKOT":"31.75","KABKOT":"KOTA ADM. JAKARTA TIMUR","ID_KEC":"31.75.07","KECAMATAN":"DUREN SAWIT","ID_DESA":"31.75.07.1004","DESA":"PONDOK KELAPA","LONGITUDE":106.9355368,"LATITUDE":-6.250812,"STATUS":"BUKA","TANGGAL UPDATE":"27/02/2025","TANGGAL PENGUMPULAN":"Q4 2023","q":27460,"r":-15123}},{"type":"Feature","geometry":{"coordinates":[106.8813982,-6.3019445],"type":"Point"},"properties":{"NAMA":"NASI GORENG BEJO","TIPE_1":"MAKANAN DAN MINUMAN","TIPE_2":"RESTORAN","TIPE_3":"NASI GORENG","TELEPON":"","ALAMAT":"RT.12/RW.4, DUKUH, KEC. KRAMAT JATI, KOTA JAKARTA TIMUR, DAERAH KHUSUS IBUKOTA JAKARTA 13550","ID_PROV":"31","PROVINSI":"DKI JAKARTA","ID_KABKOT":"31.75","KABKOT":"KOTA ADM. JAKARTA TIMUR","ID_KEC":"31.75.04","KECAMATAN":"KRAMATJATI","ID_DESA":"31.75.04.1003","DESA":"DUKUH","LONGITUDE":106.8813982,"LATITUDE":-6.3019445,"STATUS":"BUKA","TANGGAL UPDATE":"27/02/2025","TANGGAL PENGUMPULAN":"Q4 2023","q":27446,"r":-15128}},{"type":"Feature","geometry":{"coordinates":[106.9227245,-6.2295164],"type":"Point"},"properties":{"NAMA":"NASI GORENG SURABAYA ANBEK","TIPE_1":"MAKANAN DAN MINUMAN","TIPE_2":"RESTORAN","TIPE_3":"NASI GORENG","TELEPON":"0857-8468-8801","ALAMAT":"SEBRANG STEAM MOBIL BEBEK KALEYO, RT.13/RW.2, DUREN SAWIT, KEC. DUREN SAWIT, KOTA JAKARTA TIMUR, DAERAH KHUSUS IBUKOTA JAKARTA 13440","ID_PROV":"31","PROVINSI":"DKI JAKARTA","ID_KABKOT":"31.75","KABKOT":"KOTA ADM. JAKARTA TIMUR","ID_KEC":"31.75.07","KECAMATAN":"DUREN SAWIT","ID_DESA":"31.75.07.1001","DESA":"DUREN SAWIT","LONGITUDE":106.9227245,"LATITUDE":-6.2295164,"STATUS":"BUKA","TANGGAL UPDATE":"27/02/2025","TANGGAL PENGUMPULAN":"Q4 2023","q":27457,"r":-15117}},{"type":"Feature","geometry":{"coordinates":[106.9035048,-6.183986],"type":"Point"},"properties":{"NAMA":"NASI GORENG SURABAYA","TIPE_1":"MAKANAN DAN MINUMAN","TIPE_2":"RESTORAN","TIPE_3":"NASI GORENG","TELEPON":"","ALAMAT":"JL. KAYU MAS TIMUR RAYA NO.5, RT.10/RW.3, PULO GADUNG, KEC. PULO GADUNG, KOTA JAKARTA TIMUR, DAERAH KHUSUS IBUKOTA JAKARTA 13260","ID_PROV":"31","PROVINSI":"DKI JAKARTA","ID_KABKOT":"31.75","KABKOT":"KOTA ADM. JAKARTA TIMUR","ID_KEC":"31.75.02","KECAMATAN":"PULOGADUNG","ID_DESA":"31.75.02.1001","DESA":"PULO GADUNG","LONGITUDE":106.9035048,"LATITUDE":-6.183986,"STATUS":"BUKA","TANGGAL UPDATE":"27/02/2025","TANGGAL PENGUMPULAN":"Q4 2023","q":27452,"r":-15104}},{"type":"Feature","geometry":{"coordinates":[106.93224269999999,-6.2250546],"type":"Point"},"properties":{"NAMA":"NASI GORENG GIMIN","TIPE_1":"MAKANAN DAN MINUMAN","TIPE_2":"RESTORAN","TIPE_3":"NASI GORENG","TELEPON":"","ALAMAT":"RT.19/RW.7, MALAKA SARI, KEC. DUREN SAWIT, KOTA JAKARTA TIMUR, DAERAH KHUSUS IBUKOTA JAKARTA 13460","ID_PROV":"31","PROVINSI":"DKI JAKARTA","ID_KABKOT":"31.75","KABKOT":"KOTA ADM. JAKARTA TIMUR","ID_KEC":"31.75.07","KECAMATAN":"DUREN SAWIT","ID_DESA":"31.75.07.1006","DESA":"MALAKA JAYA","LONGITUDE":106.9322427,"LATITUDE":-6.2250546,"STATUS":"BUKA","TANGGAL UPDATE":"27/02/2025","TANGGAL PENGUMPULAN":"Q4 2023","q":27460,"r":-15117}},{"type":"Feature","geometry":{"coordinates":[106.8912259,-6.2391512],"type":"Point"},"properties":{"NAMA":"RESTORAN NASI GORENG RAKOES 4M CIPINANG BALI","TIPE_1":"MAKANAN DAN MINUMAN","TIPE_2":"RESTORAN","TIPE_3":"NASI GORENG","TELEPON":"0815-1443-8860","ALAMAT":"JL. CIPINANG BALI III NO.6, RT.6/RW.13, CIPINANG MUARA, JATINEGARA, EAST JAKARTA CITY, JAKARTA 13420","ID_PROV":"31","PROVINSI":"DKI JAKARTA","ID_KABKOT":"31.75","KABKOT":"KOTA ADM. JAKARTA TIMUR","ID_KEC":"31.75.03","KECAMATAN":"JATINEGARA","ID_DESA":"31.75.03.1006","DESA":"CIPINANG MUARA","LONGITUDE":106.8912259,"LATITUDE":-6.2391512,"STATUS":"BUKA","TANGGAL UPDATE":"27/02/2025","TANGGAL PENGUMPULAN":"Q4 2023","q":27449,"r":-15115}},{"type":"Feature","geometry":{"coordinates":[106.8767884,-6.2726152],"type":"Point"},"properties":{"NAMA":"NASI GORENG GILA 99","TIPE_1":"MAKANAN DAN MINUMAN","TIPE_2":"RESTORAN","TIPE_3":"NASI GORENG","TELEPON":"0823-1112-9114","ALAMAT":"10,RW.2, RT.10/RW.2, MAKASAR, KEC. MAKASAR, KOTA JAKARTA TIMUR, DAERAH KHUSUS IBUKOTA JAKARTA 13570","ID_PROV":"31","PROVINSI":"DKI JAKARTA","ID_KABKOT":"31.75","KABKOT":"KOTA ADM. JAKARTA TIMUR","ID_KEC":"31.75.08","KECAMATAN":"MAKASAR","ID_DESA":"31.75.08.1001","DESA":"MAKASAR","LONGITUDE":106.8767884,"LATITUDE":-6.2726152,"STATUS":"BUKA","TANGGAL UPDATE":"27/02/2025","TANGGAL PENGUMPULAN":"Q4 2023","q":27445,"r":-15120}},{"type":"Feature","geometry":{"coordinates":[106.9021169,-6.219783],"type":"Point"},"properties":{"NAMA":"NASI GORENG OPIK","TIPE_1":"MAKANAN DAN MINUMAN","TIPE_2":"RESTORAN","TIPE_3":"NASI GORENG","TELEPON":"","ALAMAT":"JL. DERMAGA RAYA NO.31, RT.5/RW.8, KLENDER, KEC. DUREN SAWIT, KOTA JAKARTA TIMUR, DAERAH KHUSUS IBUKOTA JAKARTA 13470","ID_PROV":"31","PROVINSI":"DKI JAKARTA","ID_KABKOT":"31.75","KABKOT":"KOTA ADM. JAKARTA TIMUR","ID_KEC":"31.75.07","KECAMATAN":"DUREN SAWIT","ID_DESA":"31.75.07.1003","DESA":"KLENDER","LONGITUDE":106.9021169,"LATITUDE":-6.219783,"STATUS":"BUKA","TANGGAL UPDATE":"27/02/2025","TANGGAL PENGUMPULAN":"Q4 2023","q":27452,"r":-15112}},{"type":"Feature","geometry":{"coordinates":[106.8958856,-6.2420167],"type":"Point"},"properties":{"NAMA":"NASI GORENG BANG JON KHAS KUNINGAN TEA","TIPE_1":"MAKANAN DAN MINUMAN","TIPE_2":"RESTORAN","TIPE_3":"NASI GORENG","TELEPON":"","ALAMAT":"6, JL. H. AMSIR NO.14, RT.6/RW.4, CIPINANG MELAYU, KEC. MAKASAR, KOTA JAKARTA TIMUR, DAERAH KHUSUS IBUKOTA JAKARTA 13620","ID_PROV":"31","PROVINSI":"DKI JAKARTA","ID_KABKOT":"31.75","KABKOT":"KOTA ADM. JAKARTA TIMUR","ID_KEC":"31.75.08","KECAMATAN":"MAKASAR","ID_DESA":"31.75.08.1005","DESA":"CIPINANG MELAYU","LONGITUDE":106.8958856,"LATITUDE":-6.2420167,"STATUS":"BUKA","TANGGAL UPDATE":"27/02/2025","TANGGAL PENGUMPULAN":"Q4 2023","q":27450,"r":-15116}},{"type":"Feature","geometry":{"coordinates":[106.9135604,-6.2213206],"type":"Point"},"properties":{"NAMA":"NASI GORENG URBAN 99","TIPE_1":"MAKANAN DAN MINUMAN","TIPE_2":"RESTORAN","TIPE_3":"NASI GORENG","TELEPON":"0812-9299-25464","ALAMAT":"JL. DERMAGA RAYA NO.8, RT.3/RW.10, KLENDER, KEC. DUREN SAWIT, KOTA JAKARTA TIMUR, DAERAH KHUSUS IBUKOTA JAKARTA 13470","ID_PROV":"31","PROVINSI":"DKI JAKARTA","ID_KABKOT":"31.75","KABKOT":"KOTA ADM. JAKARTA TIMUR","ID_KEC":"31.75.07","KECAMATAN":"DUREN SAWIT","ID_DESA":"31.75.07.1003","DESA":"KLENDER","LONGITUDE":106.9135604,"LATITUDE":-6.2213206,"STATUS":"BUKA","TANGGAL UPDATE":"27/02/2025","TANGGAL PENGUMPULAN":"Q4 2023","q":27455,"r":-15114}},{"type":"Feature","geometry":{"coordinates":[106.9314442,-6.2196495],"type":"Point"},"properties":{"NAMA":"PAWON NASI GORENG","TIPE_1":"MAKANAN DAN MINUMAN","TIPE_2":"RESTORAN","TIPE_3":"NASI GORENG","TELEPON":"0838-7354-0897","ALAMAT":"JL. TERATAI PUTIH RAYA, RT.10/RW.13, MALAKA JAYA, KEC. DUREN SAWIT, KOTA JAKARTA TIMUR, DAERAH KHUSUS IBUKOTA JAKARTA 13460","ID_PROV":"31","PROVINSI":"DKI JAKARTA","ID_KABKOT":"31.75","KABKOT":"KOTA ADM. JAKARTA TIMUR","ID_KEC":"31.75.07","KECAMATAN":"DUREN SAWIT","ID_DESA":"31.75.07.1006","DESA":"MALAKA JAYA","LONGITUDE":106.9314442,"LATITUDE":-6.2196495,"STATUS":"BUKA","TANGGAL UPDATE":"27/02/2025","TANGGAL PENGUMPULAN":"Q4 2023","q":27459,"r":-15116}},{"type":"Feature","geometry":{"coordinates":[106.8761428,-6.2888759],"type":"Point"},"properties":{"NAMA":"NASI GORENG ALAKADARNYA","TIPE_1":"MAKANAN DAN MINUMAN","TIPE_2":"RESTORAN","TIPE_3":"NASI GORENG","TELEPON":"0815-5597-3764","ALAMAT":"3, JL. DUKUH III JL. RAYA PD. GEDE NO.5, RT.3/RW.2, DUKUH, KEC. KRAMAT JATI, KOTA JAKARTA TIMUR, DAERAH KHUSUS IBUKOTA JAKARTA 13550","ID_PROV":"31","PROVINSI":"DKI JAKARTA","ID_KABKOT":"31.75","KABKOT":"KOTA ADM. JAKARTA TIMUR","ID_KEC":"31.75.04","KECAMATAN":"KRAMATJATI","ID_DESA":"31.75.04.1003","DESA":"DUKUH","LONGITUDE":106.8761428,"LATITUDE":-6.2888759,"STATUS":"BUKA","TANGGAL UPDATE":"27/02/2025","TANGGAL PENGUMPULAN":"Q4 2023","q":27445,"r":-15124}},{"type":"Feature","geometry":{"coordinates":[106.9384221,-6.2282961],"type":"Point"},"properties":{"NAMA":"NASI GORENG KUMIS","TIPE_1":"MAKANAN DAN MINUMAN","TIPE_2":"RESTORAN","TIPE_3":"NASI GORENG","TELEPON":"","ALAMAT":"JL. GEMILANG NO.9, RT.9/RW.3, PD. KOPI, KEC. DUREN SAWIT, KOTA JAKARTA TIMUR, DAERAH KHUSUS IBUKOTA JAKARTA 13460","ID_PROV":"31","PROVINSI":"DKI JAKARTA","ID_KABKOT":"31.75","KABKOT":"KOTA ADM. JAKARTA TIMUR","ID_KEC":"31.75.07","KECAMATAN":"DUREN SAWIT","ID_DESA":"31.75.07.1007","DESA":"PONDOK KOPI","LONGITUDE":106.9384221,"LATITUDE":-6.2282961,"STATUS":"BUKA","TANGGAL UPDATE":"27/02/2025","TANGGAL PENGUMPULAN":"Q4 2023","q":27461,"r":-15118}},{"type":"Feature","geometry":{"coordinates":[106.862945,-6.2428278],"type":"Point"},"properties":{"NAMA":"NASI GORENG BEJO","TIPE_1":"MAKANAN DAN MINUMAN","TIPE_2":"RESTORAN","TIPE_3":"NASI GORENG","TELEPON":"0856-9234-8344","ALAMAT":"JAKARTA TIMUR, RW.6, BIDARA CINA, KECAMATAN JATINEGARA, KOTA JAKARTA TIMUR, DAERAH KHUSUS IBUKOTA JAKARTA 13330","ID_PROV":"31","PROVINSI":"DKI JAKARTA","ID_KABKOT":"31.75","KABKOT":"KOTA ADM. JAKARTA TIMUR","ID_KEC":"31.75.03","KECAMATAN":"JATINEGARA","ID_DESA":"31.75.03.1002","DESA":"BIDARA CINA","LONGITUDE":106.862945,"LATITUDE":-6.2428278,"STATUS":"BUKA","TANGGAL UPDATE":"27/02/2025","TANGGAL PENGUMPULAN":"Q4 2023","q":27442,"r":-15112}},{"type":"Feature","geometry":{"coordinates":[106.9228778,-6.2020284],"type":"Point"},"properties":{"NAMA":"NASI GORENG SEAFOOD MAMAH PUPUT","TIPE_1":"MAKANAN DAN MINUMAN","TIPE_2":"RESTORAN","TIPE_3":"NASI GORENG","TELEPON":"0895-4146-51381","ALAMAT":"RT.11/RW.12, JATINEGARA, KEC. CAKUNG, KOTA JAKARTA TIMUR, DAERAH KHUSUS IBUKOTA JAKARTA 13930","ID_PROV":"31","PROVINSI":"DKI JAKARTA","ID_KABKOT":"31.75","KABKOT":"KOTA ADM. JAKARTA TIMUR","ID_KEC":"31.75.06","KECAMATAN":"CAKUNG","ID_DESA":"31.75.06.1001","DESA":"JATINEGARA","LONGITUDE":106.9228778,"LATITUDE":-6.2020284,"STATUS":"BUKA","TANGGAL UPDATE":"27/02/2025","TANGGAL PENGUMPULAN":"Q4 2023","q":27457,"r":-15111}},{"type":"Feature","geometry":{"coordinates":[106.86362539999999,-6.2091764],"type":"Point"},"properties":{"NAMA":"NASI GORENG MAS OJI","TIPE_1":"MAKANAN DAN MINUMAN","TIPE_2":"RESTORAN","TIPE_3":"NASI GORENG","TELEPON":"0812-9842-8302","ALAMAT":"JL. KAYU MANIS X, RT.2/RW.2, PISANGAN BARU, KEC. MATRAMAN, KOTA JAKARTA TIMUR, DAERAH KHUSUS IBUKOTA JAKARTA 13110","ID_PROV":"31","PROVINSI":"DKI JAKARTA","ID_KABKOT":"31.75","KABKOT":"KOTA ADM. JAKARTA TIMUR","ID_KEC":"31.75.01","KECAMATAN":"MATRAMAN","ID_DESA":"31.75.01.1001","DESA":"PISANGAN BARU","LONGITUDE":106.8636254,"LATITUDE":-6.2091764,"STATUS":"BUKA","TANGGAL UPDATE":"27/02/2025","TANGGAL PENGUMPULAN":"Q4 2023","q":27442,"r":-15105}},{"type":"Feature","geometry":{"coordinates":[106.9079894,-6.3010208],"type":"Point"},"properties":{"NAMA":"NASI GORENG POJOK","TIPE_1":"MAKANAN DAN MINUMAN","TIPE_2":"RESTORAN","TIPE_3":"NASI GORENG","TELEPON":"","ALAMAT":"JL. RAMA NO.7, RT.7/RW.4, BAMBU APUS, KEC. CIPAYUNG, KOTA JAKARTA TIMUR, DAERAH KHUSUS IBUKOTA JAKARTA 13890","ID_PROV":"31","PROVINSI":"DKI JAKARTA","ID_KABKOT":"31.75","KABKOT":"KOTA ADM. JAKARTA TIMUR","ID_KEC":"31.75.10","KECAMATAN":"CIPAYUNG","ID_DESA":"31.75.10.1006","DESA":"BAMBU APUS","LONGITUDE":106.9079894,"LATITUDE":-6.3010208,"STATUS":"BUKA","TANGGAL UPDATE":"27/02/2025","TANGGAL PENGUMPULAN":"Q4 2023","q":27453,"r":-15131}},{"type":"Feature","geometry":{"coordinates":[106.8978129,-6.2878147],"type":"Point"},"properties":{"NAMA":"ANEKA NASI GORENG KEBULI","TIPE_1":"MAKANAN DAN MINUMAN","TIPE_2":"RESTORAN","TIPE_3":"NASI GORENG","TELEPON":"","ALAMAT":"JL. PUNTO DEWO NO.9, RT.9/RW.1, HALIM PERDANA KUSUMAH, KEC. MAKASAR, KOTA JAKARTA TIMUR, DAERAH KHUSUS IBUKOTA JAKARTA 13610","ID_PROV":"31","PROVINSI":"DKI JAKARTA","ID_KABKOT":"31.75","KABKOT":"KOTA ADM. JAKARTA TIMUR","ID_KEC":"31.75.08","KECAMATAN":"MAKASAR","ID_DESA":"31.75.08.1004","DESA":"HALIM PERDANA KUSUMA","LONGITUDE":106.8978129,"LATITUDE":-6.2878147,"STATUS":"BUKA","TANGGAL UPDATE":"27/02/2025","TANGGAL PENGUMPULAN":"Q4 2023","q":27451,"r":-15127}},{"type":"Feature","geometry":{"coordinates":[106.885487,-6.1963994],"type":"Point"},"properties":{"NAMA":"NASI GORENG MAKETEK RAWAMANGUN","TIPE_1":"MAKANAN DAN MINUMAN","TIPE_2":"RESTORAN","TIPE_3":"NASI GORENG","TELEPON":"0812-8464-9912","ALAMAT":"KAWASAN KULINER KAKI LIMA, JL. BALAI PUSTAKA NO.29, RW.9, RAWAMANGUN, KEC. PULO GADUNG, KOTA JAKARTA TIMUR, DAERAH KHUSUS IBUKOTA JAKARTA 13220","ID_PROV":"31","PROVINSI":"DKI JAKARTA","ID_KABKOT":"31.75","KABKOT":"KOTA ADM. JAKARTA TIMUR","ID_KEC":"31.75.02","KECAMATAN":"PULOGADUNG","ID_DESA":"31.75.02.1005","DESA":"RAWAMANGUN","LONGITUDE":106.885487,"LATITUDE":-6.1963994,"STATUS":"BUKA","TANGGAL UPDATE":"27/02/2025","TANGGAL PENGUMPULAN":"Q4 2023","q":27448,"r":-15104}},{"type":"Feature","geometry":{"coordinates":[106.8708112,-6.2114613],"type":"Point"},"properties":{"NAMA":"NASI GORENG MAS JACK","TIPE_1":"MAKANAN DAN MINUMAN","TIPE_2":"RESTORAN","TIPE_3":"NASI GORENG","TELEPON":"0858-9365-7288","ALAMAT":"RT.13/RW.8, PISANGAN BARU, KEC. MATRAMAN, KOTA JAKARTA TIMUR, DAERAH KHUSUS IBUKOTA JAKARTA 13110","ID_PROV":"31","PROVINSI":"DKI JAKARTA","ID_KABKOT":"31.75","KABKOT":"KOTA ADM. JAKARTA TIMUR","ID_KEC":"31.75.01","KECAMATAN":"MATRAMAN","ID_DESA":"31.75.01.1001","DESA":"PISANGAN BARU","LONGITUDE":106.8708112,"LATITUDE":-6.2114613,"STATUS":"BUKA","TANGGAL UPDATE":"27/02/2025","TANGGAL PENGUMPULAN":"Q4 2023","q":27444,"r":-15106}},{"type":"Feature","geometry":{"coordinates":[106.9292711,-6.2154464],"type":"Point"},"properties":{"NAMA":"NASI GORENG BUMBU REMPAH RAMA","TIPE_1":"MAKANAN DAN MINUMAN","TIPE_2":"RESTORAN","TIPE_3":"NASI GORENG","TELEPON":"0857-1889-7916","ALAMAT":"JL. MARZUKI 2, RT.4/RW.017, PENGGILINGAN, KEC. CAKUNG, KOTA JAKARTA TIMUR, DAERAH KHUSUS IBUKOTA JAKARTA 13940","ID_PROV":"31","PROVINSI":"DKI JAKARTA","ID_KABKOT":"31.75","KABKOT":"KOTA ADM. JAKARTA TIMUR","ID_KEC":"31.75.06","KECAMATAN":"CAKUNG","ID_DESA":"31.75.06.1003","DESA":"PENGGILINGAN","LONGITUDE":106.9292711,"LATITUDE":-6.2154464,"STATUS":"BUKA","TANGGAL UPDATE":"27/02/2025","TANGGAL PENGUMPULAN":"Q4 2023","q":27459,"r":-15114}},{"type":"Feature","geometry":{"coordinates":[106.9565373,-6.2106328],"type":"Point"},"properties":{"NAMA":"NASI GORENG MAS IR","TIPE_1":"MAKANAN DAN MINUMAN","TIPE_2":"RESTORAN","TIPE_3":"NASI GORENG","TELEPON":"0831-1367-0418","ALAMAT":"PERSIS DEPAN PT BLUEGASJL. NO.40-80 PULO GEBANG, RT.3/RW.3, PULO GEBANG, KEC. CAKUNG, KOTA JAKARTA TIMUR, DAERAH KHUSUS IBUKOTA JAKARTA 13950","ID_PROV":"31","PROVINSI":"DKI JAKARTA","ID_KABKOT":"31.75","KABKOT":"KOTA ADM. JAKARTA TIMUR","ID_KEC":"31.75.06","KECAMATAN":"CAKUNG","ID_DESA":"31.75.06.1005","DESA":"PULO GEBANG","LONGITUDE":106.9565373,"LATITUDE":-6.2106328,"STATUS":"BUKA","TANGGAL UPDATE":"27/02/2025","TANGGAL PENGUMPULAN":"Q4 2023","q":27466,"r":-15117}},{"type":"Feature","geometry":{"coordinates":[106.86179949999999,-6.2711495],"type":"Point"},"properties":{"NAMA":"NASI GORENG CANIA","TIPE_1":"MAKANAN DAN MINUMAN","TIPE_2":"RESTORAN","TIPE_3":"NASI GORENG","TELEPON":"","ALAMAT":"JL. IKAN HIAS NO.67, RT.10/RW.4, BATU AMPAR, KEC. KRAMAT JATI, KOTA JAKARTA TIMUR, DAERAH KHUSUS IBUKOTA JAKARTA 13520","ID_PROV":"31","PROVINSI":"DKI JAKARTA","ID_KABKOT":"31.75","KABKOT":"KOTA ADM. JAKARTA TIMUR","ID_KEC":"31.75.04","KECAMATAN":"KRAMATJATI","ID_DESA":"31.75.04.1004","DESA":"BATU AMPAR","LONGITUDE":106.8617995,"LATITUDE":-6.2711495,"STATUS":"BUKA","TANGGAL UPDATE":"27/02/2025","TANGGAL PENGUMPULAN":"Q4 2023","q":27441,"r":-15118}},{"type":"Feature","geometry":{"coordinates":[106.9403493,-6.2386572],"type":"Point"},"properties":{"NAMA":"NASI GORENG MAS MUKHSIN","TIPE_1":"MAKANAN DAN MINUMAN","TIPE_2":"RESTORAN","TIPE_3":"NASI GORENG","TELEPON":"0831-1343-1125","ALAMAT":"RT.2/RW.2, PD. KLP., KEC. DUREN SAWIT, KOTA JAKARTA TIMUR, DAERAH KHUSUS IBUKOTA JAKARTA 13450","ID_PROV":"31","PROVINSI":"DKI JAKARTA","ID_KABKOT":"31.75","KABKOT":"KOTA ADM. JAKARTA TIMUR","ID_KEC":"31.75.07","KECAMATAN":"DUREN SAWIT","ID_DESA":"31.75.07.1004","DESA":"PONDOK KELAPA","LONGITUDE":106.9403493,"LATITUDE":-6.2386572,"STATUS":"BUKA","TANGGAL UPDATE":"27/02/2025","TANGGAL PENGUMPULAN":"Q4 2023","q":27462,"r":-15121}},{"type":"Feature","geometry":{"coordinates":[106.9017275,-6.2291525],"type":"Point"},"properties":{"NAMA":"NASI GORENG ABI ( PONDOK BAMBU )","TIPE_1":"MAKANAN DAN MINUMAN","TIPE_2":"RESTORAN","TIPE_3":"NASI GORENG","TELEPON":"","ALAMAT":"JL. MASJID ABIDIN NO.12, RT.4/RW.6, PD. BAMBU, KEC. DUREN SAWIT, KOTA JAKARTA TIMUR, DAERAH KHUSUS IBUKOTA JAKARTA 13430","ID_PROV":"31","PROVINSI":"DKI JAKARTA","ID_KABKOT":"31.75","KABKOT":"KOTA ADM. JAKARTA TIMUR","ID_KEC":"31.75.07","KECAMATAN":"DUREN SAWIT","ID_DESA":"31.75.07.1002","DESA":"PONDOK BAMBU","LONGITUDE":106.9017275,"LATITUDE":-6.2291525,"STATUS":"BUKA","TANGGAL UPDATE":"27/02/2025","TANGGAL PENGUMPULAN":"Q4 2023","q":27452,"r":-15114}},{"type":"Feature","geometry":{"coordinates":[106.8613146,-6.1960758],"type":"Point"},"properties":{"NAMA":"NASI GORENG PAHALA","TIPE_1":"MAKANAN DAN MINUMAN","TIPE_2":"RESTORAN","TIPE_3":"NASI GORENG","TELEPON":"","ALAMAT":"JL. KAYU MANIS TIMUR NO.8, UTAN KAYU UTARA, KEC. MATRAMAN, KOTA JAKARTA TIMUR, DAERAH KHUSUS IBUKOTA JAKARTA 13130","ID_PROV":"31","PROVINSI":"DKI JAKARTA","ID_KABKOT":"31.75","KABKOT":"KOTA ADM. JAKARTA TIMUR","ID_KEC":"31.75.01","KECAMATAN":"MATRAMAN","ID_DESA":"31.75.01.1002","DESA":"UTAN KAYU UTARA","LONGITUDE":106.8613146,"LATITUDE":-6.1960758,"STATUS":"BUKA","TANGGAL UPDATE":"27/02/2025","TANGGAL PENGUMPULAN":"Q4 2023","q":27441,"r":-15101}},{"type":"Feature","geometry":{"coordinates":[106.9134727,-6.2239725],"type":"Point"},"properties":{"NAMA":"NASI GORENG GILA MAS FAREL","TIPE_1":"MAKANAN DAN MINUMAN","TIPE_2":"RESTORAN","TIPE_3":"NASI GORENG","TELEPON":"0838-6108-9504","ALAMAT":"JL. KELURAHAN I NO.45 1 4, RT.1/RW.4, DUREN SAWIT, KEC. DUREN SAWIT, KOTA JAKARTA TIMUR, DAERAH KHUSUS IBUKOTA JAKARTA 13440","ID_PROV":"31","PROVINSI":"DKI JAKARTA","ID_KABKOT":"31.75","KABKOT":"KOTA ADM. JAKARTA TIMUR","ID_KEC":"31.75.07","KECAMATAN":"DUREN SAWIT","ID_DESA":"31.75.07.1001","DESA":"DUREN SAWIT","LONGITUDE":106.9134727,"LATITUDE":-6.2239725,"STATUS":"BUKA","TANGGAL UPDATE":"27/02/2025","TANGGAL PENGUMPULAN":"Q4 2023","q":27455,"r":-15114}},{"type":"Feature","geometry":{"coordinates":[106.865573,-6.2067755],"type":"Point"},"properties":{"NAMA":"NASI GORENG KEBULI RECEH CABANG KELAPA SAWIT RAYA","TIPE_1":"MAKANAN DAN MINUMAN","TIPE_2":"RESTORAN","TIPE_3":"NASI GORENG","TELEPON":"0813-1515-1586","ALAMAT":"JL. KLP. SAWIT RAYA NO.1, RT.1/RW.10, UTAN KAYU SEL., KEC. MATRAMAN, KOTA JAKARTA TIMUR, DAERAH KHUSUS IBUKOTA JAKARTA 13130","ID_PROV":"31","PROVINSI":"DKI JAKARTA","ID_KABKOT":"31.75","KABKOT":"KOTA ADM. JAKARTA TIMUR","ID_KEC":"31.75.01","KECAMATAN":"MATRAMAN","ID_DESA":"31.75.01.1006","DESA":"UTAN KAYU SELATAN","LONGITUDE":106.865573,"LATITUDE":-6.2067755,"STATUS":"BUKA","TANGGAL UPDATE":"27/02/2025","TANGGAL PENGUMPULAN":"Q4 2023","q":27442,"r":-15104}},{"type":"Feature","geometry":{"coordinates":[106.8614274,-6.2599206],"type":"Point"},"properties":{"NAMA":"NASI GORENG BAROKAH CILILITAN","TIPE_1":"MAKANAN DAN MINUMAN","TIPE_2":"RESTORAN","TIPE_3":"NASI GORENG","TELEPON":"0878-8749-2256","ALAMAT":"JL. KECIL III NO49, RT.14 RW.07,CILILITAN, RT.14/RW.7, CILILITAN, KEC. KRAMAT JATI, KOTA JAKARTA TIMUR, DAERAH KHUSUS IBUKOTA JAKARTA 13640","ID_PROV":"31","PROVINSI":"DKI JAKARTA","ID_KABKOT":"31.75","KABKOT":"KOTA ADM. JAKARTA TIMUR","ID_KEC":"31.75.04","KECAMATAN":"KRAMATJATI","ID_DESA":"31.75.04.1006","DESA":"CILILITAN","LONGITUDE":106.8614274,"LATITUDE":-6.2599206,"STATUS":"BUKA","TANGGAL UPDATE":"27/02/2025","TANGGAL PENGUMPULAN":"Q4 2023","q":27441,"r":-15116}},{"type":"Feature","geometry":{"coordinates":[106.9223188,-6.2079564],"type":"Point"},"properties":{"NAMA":"NASI GORENG POB","TIPE_1":"MAKANAN DAN MINUMAN","TIPE_2":"RESTORAN","TIPE_3":"NASI GORENG","TELEPON":"0838-9256-3826","ALAMAT":"JL. PAM RW. BADUNG NO.5, RT.5/RW.7, JATINEGARA, KEC. CAKUNG, KOTA JAKARTA TIMUR, DAERAH KHUSUS IBUKOTA JAKARTA 13930","ID_PROV":"31","PROVINSI":"DKI JAKARTA","ID_KABKOT":"31.75","KABKOT":"KOTA ADM. JAKARTA TIMUR","ID_KEC":"31.75.06","KECAMATAN":"CAKUNG","ID_DESA":"31.75.06.1001","DESA":"JATINEGARA","LONGITUDE":106.9223188,"LATITUDE":-6.2079564,"STATUS":"BUKA","TANGGAL UPDATE":"27/02/2025","TANGGAL PENGUMPULAN":"Q4 2023","q":27457,"r":-15112}},{"type":"Feature","geometry":{"coordinates":[106.8795175,-6.3123956],"type":"Point"},"properties":{"NAMA":"NASI GORENG 45CIPAYUNG","TIPE_1":"MAKANAN DAN MINUMAN","TIPE_2":"RESTORAN","TIPE_3":"NASI GORENG","TELEPON":"0838-9314-3338","ALAMAT":"JL. TANAH MERDEKA, RT.6/RW.4, RAMBUTAN, KEC. CIRACAS, KOTA JAKARTA TIMUR, DAERAH KHUSUS IBUKOTA JAKARTA 13830","ID_PROV":"31","PROVINSI":"DKI JAKARTA","ID_KABKOT":"31.75","KABKOT":"KOTA ADM. JAKARTA TIMUR","ID_KEC":"31.75.09","KECAMATAN":"CIRACAS","ID_DESA":"31.75.09.1005","DESA":"RAMBUTAN","LONGITUDE":106.8795175,"LATITUDE":-6.3123956,"STATUS":"BUKA","TANGGAL UPDATE":"27/02/2025","TANGGAL PENGUMPULAN":"Q4 2023","q":27446,"r":-15130}},{"type":"Feature","geometry":{"coordinates":[106.89153,-6.2233093],"type":"Point"},"properties":{"NAMA":"NASI GORENG 32","TIPE_1":"MAKANAN DAN MINUMAN","TIPE_2":"RESTORAN","TIPE_3":"NASI GORENG","TELEPON":"0859-5904-6213","ALAMAT":"JL. CIPINANG MUARA RAYA NO.11, RT.6/RW.3, CIPINANG MUARA, KECAMATAN JATINEGARA, KOTA JAKARTA TIMUR, DAERAH KHUSUS IBUKOTA JAKARTA 13420","ID_PROV":"31","PROVINSI":"DKI JAKARTA","ID_KABKOT":"31.75","KABKOT":"KOTA ADM. JAKARTA TIMUR","ID_KEC":"31.75.03","KECAMATAN":"JATINEGARA","ID_DESA":"31.75.03.1006","DESA":"CIPINANG MUARA","LONGITUDE":106.89153,"LATITUDE":-6.2233093,"STATUS":"BUKA","TANGGAL UPDATE":"27/02/2025","TANGGAL PENGUMPULAN":"Q4 2023","q":27449,"r":-15111}},{"type":"Feature","geometry":{"coordinates":[106.8718033,-6.2183012],"type":"Point"},"properties":{"NAMA":"NASI GORENG YANTO","TIPE_1":"MAKANAN DAN MINUMAN","TIPE_2":"RESTORAN","TIPE_3":"NASI GORENG","TELEPON":"","ALAMAT":"JL. WARUNG ASEM NO.5-15, RT.2/RW.4, RW. BUNGA, KECAMATAN JATINEGARA, KOTA JAKARTA TIMUR, DAERAH KHUSUS IBUKOTA JAKARTA 13350","ID_PROV":"31","PROVINSI":"DKI JAKARTA","ID_KABKOT":"31.75","KABKOT":"KOTA ADM. JAKARTA TIMUR","ID_KEC":"31.75.03","KECAMATAN":"JATINEGARA","ID_DESA":"31.75.03.1004","DESA":"RAWA BUNGA","LONGITUDE":106.8718033,"LATITUDE":-6.2183012,"STATUS":"BUKA","TANGGAL UPDATE":"27/02/2025","TANGGAL PENGUMPULAN":"Q4 2023","q":27444,"r":-15108}},{"type":"Feature","geometry":{"coordinates":[106.8984502,-6.2206745],"type":"Point"},"properties":{"NAMA":"NASI GORENG AL'BARKAH","TIPE_1":"MAKANAN DAN MINUMAN","TIPE_2":"RESTORAN","TIPE_3":"NASI GORENG","TELEPON":"0821-1207-4436","ALAMAT":"RT.6/RW.4, KLENDER, KEC. DUREN SAWIT, KOTA JAKARTA TIMUR, DAERAH KHUSUS IBUKOTA JAKARTA 13470","ID_PROV":"31","PROVINSI":"DKI JAKARTA","ID_KABKOT":"31.75","KABKOT":"KOTA ADM. JAKARTA TIMUR","ID_KEC":"31.75.07","KECAMATAN":"DUREN SAWIT","ID_DESA":"31.75.07.1003","DESA":"KLENDER","LONGITUDE":106.8984502,"LATITUDE":-6.2206745,"STATUS":"BUKA","TANGGAL UPDATE":"27/02/2025","TANGGAL PENGUMPULAN":"Q4 2023","q":27451,"r":-15112}},{"type":"Feature","geometry":{"coordinates":[106.94081639999999,-6.1819759],"type":"Point"},"properties":{"NAMA":"NASI GORENG PEMALANG","TIPE_1":"MAKANAN DAN MINUMAN","TIPE_2":"RESTORAN","TIPE_3":"NASI GORENG","TELEPON":"","ALAMAT":"JL. BEKASI TIMUR RAYA BLOK MASJID NO.7, RT.9/RW.4, CAKUNG BAR., KEC. CAKUNG, KOTA JAKARTA TIMUR, DAERAH KHUSUS IBUKOTA JAKARTA 13910","ID_PROV":"31","PROVINSI":"DKI JAKARTA","ID_KABKOT":"31.75","KABKOT":"KOTA ADM. JAKARTA TIMUR","ID_KEC":"31.75.06","KECAMATAN":"CAKUNG","ID_DESA":"31.75.06.1007","DESA":"CAKUNG BARAT","LONGITUDE":106.9408164,"LATITUDE":-6.1819759,"STATUS":"BUKA","TANGGAL UPDATE":"27/02/2025","TANGGAL PENGUMPULAN":"Q4 2023","q":27462,"r":-15108}},{"type":"Feature","geometry":{"coordinates":[106.9232104,-6.190687],"type":"Point"},"properties":{"NAMA":"NASI GORENG LIA","TIPE_1":"MAKANAN DAN MINUMAN","TIPE_2":"RESTORAN","TIPE_3":"NASI GORENG","TELEPON":"0812-1351-0185","ALAMAT":"JL. DR. KRT RADJIMAN WIDYODININGRAT NO.29, RT.9/RW.6, RW. TERATE, KEC. CAKUNG, KOTA JAKARTA TIMUR, DAERAH KHUSUS IBUKOTA JAKARTA 13920","ID_PROV":"31","PROVINSI":"DKI JAKARTA","ID_KABKOT":"31.75","KABKOT":"KOTA ADM. JAKARTA TIMUR","ID_KEC":"31.75.06","KECAMATAN":"CAKUNG","ID_DESA":"31.75.06.1002","DESA":"RAWA TERATE","LONGITUDE":106.9232104,"LATITUDE":-6.190687,"STATUS":"BUKA","TANGGAL UPDATE":"27/02/2025","TANGGAL PENGUMPULAN":"Q4 2023","q":27457,"r":-15108}},{"type":"Feature","geometry":{"coordinates":[106.91721539999999,-6.2440644],"type":"Point"},"properties":{"NAMA":"NASI GORENG LAKBOK","TIPE_1":"MAKANAN DAN MINUMAN","TIPE_2":"RESTORAN","TIPE_3":"NASI GORENG","TELEPON":"0878-7186-8970","ALAMAT":"JL. SWADAYA RAYA NO.2, RT.8/RW.7, DUREN SAWIT, KEC. DUREN SAWIT, KOTA JAKARTA TIMUR, DAERAH KHUSUS IBUKOTA JAKARTA 13440","ID_PROV":"31","PROVINSI":"DKI JAKARTA","ID_KABKOT":"31.75","KABKOT":"KOTA ADM. JAKARTA TIMUR","ID_KEC":"31.75.07","KECAMATAN":"DUREN SAWIT","ID_DESA":"31.75.07.1001","DESA":"DUREN SAWIT","LONGITUDE":106.9172154,"LATITUDE":-6.2440644,"STATUS":"BUKA","TANGGAL UPDATE":"27/02/2025","TANGGAL PENGUMPULAN":"Q4 2023","q":27456,"r":-15119}},{"type":"Feature","geometry":{"coordinates":[106.875546,-6.2764336],"type":"Point"},"properties":{"NAMA":"NASI GORENG 77 SPECIAL KAMBING (MAS AREK)","TIPE_1":"MAKANAN DAN MINUMAN","TIPE_2":"RESTORAN","TIPE_3":"NASI GORENG","TELEPON":"0813-8204-1483","ALAMAT":"1, RT.1/RW.4, MAKASAR, KEC. MAKASAR, KOTA JAKARTA TIMUR, DAERAH KHUSUS IBUKOTA JAKARTA 13570","ID_PROV":"31","PROVINSI":"DKI JAKARTA","ID_KABKOT":"31.75","KABKOT":"KOTA ADM. JAKARTA TIMUR","ID_KEC":"31.75.08","KECAMATAN":"MAKASAR","ID_DESA":"31.75.08.1001","DESA":"MAKASAR","LONGITUDE":106.875546,"LATITUDE":-6.2764336,"STATUS":"BUKA","TANGGAL UPDATE":"27/02/2025","TANGGAL PENGUMPULAN":"Q4 2023","q":27445,"r":-15121}},{"type":"Feature","geometry":{"coordinates":[106.8714975,-6.235102],"type":"Point"},"properties":{"NAMA":"NASI GORENG POLONIA","TIPE_1":"MAKANAN DAN MINUMAN","TIPE_2":"RESTORAN","TIPE_3":"NASI GORENG","TELEPON":"0858-2632-5227","ALAMAT":"JL. KEBON NANAS SELATAN II NO.17, RT.17/RW.8, CIPINANG CEMPEDAK, KECAMATAN JATINEGARA, KOTA JAKARTA TIMUR, DAERAH KHUSUS IBUKOTA JAKARTA 13340","ID_PROV":"31","PROVINSI":"DKI JAKARTA","ID_KABKOT":"31.75","KABKOT":"KOTA ADM. JAKARTA TIMUR","ID_KEC":"31.75.03","KECAMATAN":"JATINEGARA","ID_DESA":"31.75.03.1005","DESA":"CIPINANG CEMPEDAK","LONGITUDE":106.8714975,"LATITUDE":-6.235102,"STATUS":"BUKA","TANGGAL UPDATE":"27/02/2025","TANGGAL PENGUMPULAN":"Q4 2023","q":27444,"r":-15111}},{"type":"Feature","geometry":{"coordinates":[106.8923758,-6.2124421],"type":"Point"},"properties":{"NAMA":"NASI GORENG MADI","TIPE_1":"MAKANAN DAN MINUMAN","TIPE_2":"RESTORAN","TIPE_3":"NASI GORENG","TELEPON":"","ALAMAT":"JL. CIPINANG JAGAL NO.11, RT.7/RW.16, CIPINANG, KEC. PULO GADUNG, KOTA JAKARTA TIMUR, DAERAH KHUSUS IBUKOTA JAKARTA 13240","ID_PROV":"31","PROVINSI":"DKI JAKARTA","ID_KABKOT":"31.75","KABKOT":"KOTA ADM. JAKARTA TIMUR","ID_KEC":"31.75.02","KECAMATAN":"PULOGADUNG","ID_DESA":"31.75.02.1003","DESA":"CIPINANG","LONGITUDE":106.8923758,"LATITUDE":-6.2124421,"STATUS":"BUKA","TANGGAL UPDATE":"27/02/2025","TANGGAL PENGUMPULAN":"Q4 2023","q":27449,"r":-15109}},{"type":"Feature","geometry":{"coordinates":[106.86577110000007,-6.249767499999962],"type":"Point"},"properties":{"NAMA":"KEBAB TURKI BABA RAFI","TIPE_1":"MAKANAN DAN MINUMAN","TIPE_2":"RESTORAN","TIPE_3":"RESTORAN TIMUR TENGAH","TELEPON":"","ALAMAT":"JL. DEWI SARTIKA NO.148, RT.4/RW.12, CAWANG, KEC. KRAMAT JATI, KOTA JAKARTA TIMUR, DAERAH KHUSUS IBUKOTA JAKARTA 13630","ID_PROV":"31","PROVINSI":"DKI JAKARTA","ID_KABKOT":"31.75","KABKOT":"KOTA ADM. JAKARTA TIMUR","ID_KEC":"31.75.04","KECAMATAN":"KRAMATJATI","ID_DESA":"31.75.04.1007","DESA":"CAWANG","LONGITUDE":106.865771099999,"LATITUDE":-6.2497675,"STATUS":"BUKA","TANGGAL UPDATE":"27/02/2025","TANGGAL PENGUMPULAN":"Q4 2023","q":27442,"r":-15114}},{"type":"Feature","geometry":{"coordinates":[106.87568830000004,-6.331091599999979],"type":"Point"},"properties":{"NAMA":"KEBAB BANG BENTO","TIPE_1":"MAKANAN DAN MINUMAN","TIPE_2":"RESTORAN","TIPE_3":"RESTORAN TIMUR TENGAH","TELEPON":"0857-7387-8474","ALAMAT":"GG. KRAMAT KEDONGDONG NO.51, RT.7/RW.5, CIRACAS, KEC. CIRACAS, KOTA JAKARTA TIMUR, DAERAH KHUSUS IBUKOTA JAKARTA 13740","ID_PROV":"31","PROVINSI":"DKI JAKARTA","ID_KABKOT":"31.75","KABKOT":"KOTA ADM. JAKARTA TIMUR","ID_KEC":"31.75.09","KECAMATAN":"CIRACAS","ID_DESA":"31.75.09.1001","DESA":"CIRACAS","LONGITUDE":106.8756883,"LATITUDE":-6.3310916,"STATUS":"BUKA","TANGGAL UPDATE":"27/02/2025","TANGGAL PENGUMPULAN":"Q4 2023","q":27445,"r":-15133}},{"type":"Feature","geometry":{"coordinates":[106.89492490000003,-6.332960799999967],"type":"Point"},"properties":{"NAMA":"NASI GORENG TURKI","TIPE_1":"MAKANAN DAN MINUMAN","TIPE_2":"RESTORAN","TIPE_3":"NASI GORENG","TELEPON":"0878-1225-0701","ALAMAT":"JL. BUDI MURNI NO.5, RT.5/RW.3, CIPAYUNG, KEC. CIPAYUNG, KOTA JAKARTA TIMUR, DAERAH KHUSUS IBUKOTA JAKARTA 13840","ID_PROV":"31","PROVINSI":"DKI JAKARTA","ID_KABKOT":"31.75","KABKOT":"KOTA ADM. JAKARTA TIMUR","ID_KEC":"31.75.10","KECAMATAN":"CIPAYUNG","ID_DESA":"31.75.10.1001","DESA":"CIPAYUNG","LONGITUDE":106.894924899999,"LATITUDE":-6.3329608,"STATUS":"BUKA","TANGGAL UPDATE":"27/02/2025","TANGGAL PENGUMPULAN":"Q4 2023","q":27450,"r":-15136}},{"type":"Feature","geometry":{"coordinates":[106.93248580000005,-6.203548699999942],"type":"Point"},"properties":{"NAMA":"KEBAB BAHREEN","TIPE_1":"MAKANAN DAN MINUMAN","TIPE_2":"RESTORAN","TIPE_3":"RESTORAN TIMUR TENGAH","TELEPON":"","ALAMAT":"PENGGILINGAN, KEC. CAKUNG, KOTA JAKARTA TIMUR, DAERAH KHUSUS IBUKOTA JAKARTA","ID_PROV":"31","PROVINSI":"DKI JAKARTA","ID_KABKOT":"31.75","KABKOT":"KOTA ADM. JAKARTA TIMUR","ID_KEC":"31.75.06","KECAMATAN":"CAKUNG","ID_DESA":"31.75.06.1003","DESA":"PENGGILINGAN","LONGITUDE":106.9324858,"LATITUDE":-6.2035487,"STATUS":"BUKA","TANGGAL UPDATE":"27/02/2025","TANGGAL PENGUMPULAN":"Q4 2023","q":27460,"r":-15112}},{"type":"Feature","geometry":{"coordinates":[106.89746630000008,-6.316761799999938],"type":"Point"},"properties":{"NAMA":"KEBAB TURKI BABA RAFA WARUNG DIMAS","TIPE_1":"MAKANAN DAN MINUMAN","TIPE_2":"RESTORAN","TIPE_3":"RESTORAN TIMUR TENGAH","TELEPON":"0813-6195-1124","ALAMAT":"JL. DAMAI NO.30, RT.8/RW.1, BAMBU APUS, KEC. CIPAYUNG, KOTA JAKARTA TIMUR, DAERAH KHUSUS IBUKOTA JAKARTA 13890","ID_PROV":"31","PROVINSI":"DKI JAKARTA","ID_KABKOT":"31.75","KABKOT":"KOTA ADM. JAKARTA TIMUR","ID_KEC":"31.75.10","KECAMATAN":"CIPAYUNG","ID_DESA":"31.75.10.1006","DESA":"BAMBU APUS","LONGITUDE":106.897466299999,"LATITUDE":-6.3167618,"STATUS":"BUKA","TANGGAL UPDATE":"27/02/2025","TANGGAL PENGUMPULAN":"Q4 2023","q":27451,"r":-15133}},{"type":"Feature","geometry":{"coordinates":[106.90412680000009,-6.239100299999961],"type":"Point"},"properties":{"NAMA":"KEBAB TURKI BABA RAFI","TIPE_1":"MAKANAN DAN MINUMAN","TIPE_2":"RESTORAN","TIPE_3":"RESTORAN TIMUR TENGAH","TELEPON":"","ALAMAT":"JL. KEJAKSAAN NO.11A, RT.18/RW.5, PD. BAMBU, KEC. DUREN SAWIT, KOTA JAKARTA TIMUR, DAERAH KHUSUS IBUKOTA JAKARTA 13430","ID_PROV":"31","PROVINSI":"DKI JAKARTA","ID_KABKOT":"31.75","KABKOT":"KOTA ADM. JAKARTA TIMUR","ID_KEC":"31.75.07","KECAMATAN":"DUREN SAWIT","ID_DESA":"31.75.07.1002","DESA":"PONDOK BAMBU","LONGITUDE":106.9041268,"LATITUDE":-6.2391003,"STATUS":"BUKA","TANGGAL UPDATE":"27/02/2025","TANGGAL PENGUMPULAN":"Q4 2023","q":27452,"r":-15116}},{"type":"Feature","geometry":{"coordinates":[106.85924240000008,-6.304985599999952],"type":"Point"},"properties":{"NAMA":"KEBAB BABEH","TIPE_1":"MAKANAN DAN MINUMAN","TIPE_2":"RESTORAN","TIPE_3":"RESTORAN TIMUR TENGAH","TELEPON":"","ALAMAT":"JL. KESEHATAN NO.48, RT.4/RW.11, GEDONG, KEC. PS. REBO, KOTA JAKARTA TIMUR, DAERAH KHUSUS IBUKOTA JAKARTA 13760","ID_PROV":"31","PROVINSI":"DKI JAKARTA","ID_KABKOT":"31.75","KABKOT":"KOTA ADM. JAKARTA TIMUR","ID_KEC":"31.75.05","KECAMATAN":"PASAR REBO","ID_DESA":"31.75.05.1001","DESA":"GEDONG","LONGITUDE":106.8592424,"LATITUDE":-6.3049856,"STATUS":"BUKA","TANGGAL UPDATE":"27/02/2025","TANGGAL PENGUMPULAN":"Q4 2023","q":27441,"r":-15125}},{"type":"Feature","geometry":{"coordinates":[106.90433480000007,-6.345604],"type":"Point"},"properties":{"NAMA":"KEBAB TURKEY AL-ANSHORI","TIPE_1":"MAKANAN DAN MINUMAN","TIPE_2":"RESTORAN","TIPE_3":"RESTORAN TIMUR TENGAH","TELEPON":"0813-8138-2868","ALAMAT":"JL. SEPAKAT IV NO.MOR 50, RT.2/RW.1, CILANGKAP, KEC. CIPAYUNG, KOTA JAKARTA TIMUR, DAERAH KHUSUS IBUKOTA JAKARTA 13870","ID_PROV":"31","PROVINSI":"DKI JAKARTA","ID_KABKOT":"31.75","KABKOT":"KOTA ADM. JAKARTA TIMUR","ID_KEC":"31.75.10","KECAMATAN":"CIPAYUNG","ID_DESA":"31.75.10.1002","DESA":"CILANGKAP","LONGITUDE":106.9043348,"LATITUDE":-6.345604,"STATUS":"BUKA","TANGGAL UPDATE":"27/02/2025","TANGGAL PENGUMPULAN":"Q4 2023","q":27452,"r":-15140}},{"type":"Feature","geometry":{"coordinates":[106.90479780000004,-6.293702399999972],"type":"Point"},"properties":{"NAMA":"KEBAB TURKI NKRI","TIPE_1":"MAKANAN DAN MINUMAN","TIPE_2":"RESTORAN","TIPE_3":"RESTORAN TIMUR TENGAH","TELEPON":"","ALAMAT":"JL. MONUMEN PANCASILA SAKTI, RT.5/RW.2, LUBANG BUAYA, KEC. CIPAYUNG, KOTA JAKARTA TIMUR, DAERAH KHUSUS IBUKOTA JAKARTA 13810","ID_PROV":"31","PROVINSI":"DKI JAKARTA","ID_KABKOT":"31.75","KABKOT":"KOTA ADM. JAKARTA TIMUR","ID_KEC":"31.75.10","KECAMATAN":"CIPAYUNG","ID_DESA":"31.75.10.1007","DESA":"LUBANG BUAYA","LONGITUDE":106.9047978,"LATITUDE":-6.2937024,"STATUS":"BUKA","TANGGAL UPDATE":"27/02/2025","TANGGAL PENGUMPULAN":"Q4 2023","q":27452,"r":-15129}},{"type":"Feature","geometry":{"coordinates":[106.90318890000009,-6.34041469999994],"type":"Point"},"properties":{"NAMA":"MRQQ KEBAB CILANGKAP","TIPE_1":"MAKANAN DAN MINUMAN","TIPE_2":"RESTORAN","TIPE_3":"RESTORAN TIMUR TENGAH","TELEPON":"0812-9376-9641","ALAMAT":"TOKO BAHAN KUE DONA, JL. GIRI KENCANA JL. RAYA CILANGKAP NO.4, RT.4/RW.2, CILANGKAP, KEC. CIPAYUNG, KOTA JAKARTA TIMUR, DAERAH KHUSUS IBUKOTA JAKARTA 13870","ID_PROV":"31","PROVINSI":"DKI JAKARTA","ID_KABKOT":"31.75","KABKOT":"KOTA ADM. JAKARTA TIMUR","ID_KEC":"31.75.10","KECAMATAN":"CIPAYUNG","ID_DESA":"31.75.10.1002","DESA":"CILANGKAP","LONGITUDE":106.903188899999,"LATITUDE":-6.3404147,"STATUS":"BUKA","TANGGAL UPDATE":"27/02/2025","TANGGAL PENGUMPULAN":"Q4 2023","q":27452,"r":-15139}},{"type":"Feature","geometry":{"coordinates":[106.87682360000008,-6.275124299999959],"type":"Point"},"properties":{"NAMA":"KEBAB TURKI","TIPE_1":"MAKANAN DAN MINUMAN","TIPE_2":"RESTORAN","TIPE_3":"RESTORAN TIMUR TENGAH","TELEPON":"","ALAMAT":"JL. KERJA BAKTI, RT.8/RW.2, MAKASAR, KEC. MAKASAR, KOTA JAKARTA TIMUR, DAERAH KHUSUS IBUKOTA JAKARTA 13510","ID_PROV":"31","PROVINSI":"DKI JAKARTA","ID_KABKOT":"31.75","KABKOT":"KOTA ADM. JAKARTA TIMUR","ID_KEC":"31.75.08","KECAMATAN":"MAKASAR","ID_DESA":"31.75.08.1001","DESA":"MAKASAR","LONGITUDE":106.8768236,"LATITUDE":-6.2751243,"STATUS":"BUKA","TANGGAL UPDATE":"27/02/2025","TANGGAL PENGUMPULAN":"Q4 2023","q":27445,"r":-15121}},{"type":"Feature","geometry":{"coordinates":[106.90178790000004,-6.285363299999972],"type":"Point"},"properties":{"NAMA":"JERRY KEBAB TURKI","TIPE_1":"MAKANAN DAN MINUMAN","TIPE_2":"RESTORAN","TIPE_3":"RESTORAN TIMUR TENGAH","TELEPON":"0813-1138-4724","ALAMAT":"RT.1/RW.8, LUBANG BUAYA, KEC. CIPAYUNG, KOTA JAKARTA TIMUR, DAERAH KHUSUS IBUKOTA JAKARTA 13810","ID_PROV":"31","PROVINSI":"DKI JAKARTA","ID_KABKOT":"31.75","KABKOT":"KOTA ADM. JAKARTA TIMUR","ID_KEC":"31.75.10","KECAMATAN":"CIPAYUNG","ID_DESA":"31.75.10.1007","DESA":"LUBANG BUAYA","LONGITUDE":106.9017879,"LATITUDE":-6.2853633,"STATUS":"BUKA","TANGGAL UPDATE":"27/02/2025","TANGGAL PENGUMPULAN":"Q4 2023","q":27452,"r":-15126}},{"type":"Feature","geometry":{"coordinates":[106.89258070000005,-6.350102],"type":"Point"},"properties":{"NAMA":"MRQQ KEBAB MUNJUL","TIPE_1":"MAKANAN DAN MINUMAN","TIPE_2":"RESTORAN","TIPE_3":"RESTORAN TIMUR TENGAH","TELEPON":"0812-9376-9641","ALAMAT":"JL. RAYA MUNJUL, RT.4/RW.2, CILANGKAP, KEC. CIPAYUNG, KOTA JAKARTA TIMUR, DAERAH KHUSUS IBUKOTA JAKARTA 13870","ID_PROV":"31","PROVINSI":"DKI JAKARTA","ID_KABKOT":"31.75","KABKOT":"KOTA ADM. JAKARTA TIMUR","ID_KEC":"31.75.10","KECAMATAN":"CIPAYUNG","ID_DESA":"31.75.10.1004","DESA":"MUNJUL","LONGITUDE":106.8925807,"LATITUDE":-6.350102,"STATUS":"BUKA","TANGGAL UPDATE":"27/02/2025","TANGGAL PENGUMPULAN":"Q4 2023","q":27449,"r":-15140}},{"type":"Feature","geometry":{"coordinates":[106.85386590000007,-6.289429199999972],"type":"Point"},"properties":{"NAMA":"KEBAB TURKI BABA RAFI","TIPE_1":"MAKANAN DAN MINUMAN","TIPE_2":"RESTORAN","TIPE_3":"RESTORAN TIMUR TENGAH","TELEPON":"","ALAMAT":"JL. KAYU MANIS NO.60, RT.9/RW.5, BALEKAMBANG, KEC. KRAMAT JATI, KOTA JAKARTA TIMUR, DAERAH KHUSUS IBUKOTA JAKARTA 13530","ID_PROV":"31","PROVINSI":"DKI JAKARTA","ID_KABKOT":"31.75","KABKOT":"KOTA ADM. JAKARTA TIMUR","ID_KEC":"31.75.04","KECAMATAN":"KRAMATJATI","ID_DESA":"31.75.04.1005","DESA":"BALEKAMBANG","LONGITUDE":106.853865899999,"LATITUDE":-6.2894292,"STATUS":"BUKA","TANGGAL UPDATE":"27/02/2025","TANGGAL PENGUMPULAN":"Q4 2023","q":27439,"r":-15121}},{"type":"Feature","geometry":{"coordinates":[106.89642750000007,-6.20500409999994],"type":"Point"},"properties":{"NAMA":"KEBAB TURKI BANG RIZKY","TIPE_1":"MAKANAN DAN MINUMAN","TIPE_2":"RESTORAN","TIPE_3":"RESTORAN TIMUR TENGAH","TELEPON":"0813-7279-0767","ALAMAT":"12, JL. SODONG RAYA NO.8, RT.12/RW.11, CIPINANG, KEC. PULO GADUNG, KOTA JAKARTA TIMUR, DAERAH KHUSUS IBUKOTA JAKARTA 13240","ID_PROV":"31","PROVINSI":"DKI JAKARTA","ID_KABKOT":"31.75","KABKOT":"KOTA ADM. JAKARTA TIMUR","ID_KEC":"31.75.02","KECAMATAN":"PULOGADUNG","ID_DESA":"31.75.02.1003","DESA":"CIPINANG","LONGITUDE":106.8964275,"LATITUDE":-6.2050041,"STATUS":"BUKA","TANGGAL UPDATE":"27/02/2025","TANGGAL PENGUMPULAN":"Q4 2023","q":27450,"r":-15108}},{"type":"Feature","geometry":{"coordinates":[106.91640120000005,-6.221493],"type":"Point"},"properties":{"NAMA":"KEBAB TURKI BABA RAFI","TIPE_1":"MAKANAN DAN MINUMAN","TIPE_2":"RESTORAN","TIPE_3":"RESTORAN TIMUR TENGAH","TELEPON":"","ALAMAT":"JL. LKR. DUREN SAWIT, RT.1/RW.8, DUREN SAWIT, KEC. DUREN SAWIT, KOTA JAKARTA TIMUR, DAERAH KHUSUS IBUKOTA JAKARTA 13440","ID_PROV":"31","PROVINSI":"DKI JAKARTA","ID_KABKOT":"31.75","KABKOT":"KOTA ADM. JAKARTA TIMUR","ID_KEC":"31.75.07","KECAMATAN":"DUREN SAWIT","ID_DESA":"31.75.07.1001","DESA":"DUREN SAWIT","LONGITUDE":106.9164012,"LATITUDE":-6.221493,"STATUS":"BUKA","TANGGAL UPDATE":"27/02/2025","TANGGAL PENGUMPULAN":"Q4 2023","q":27455,"r":-15114}},{"type":"Feature","geometry":{"coordinates":[106.90303880000005,-6.211679099999969],"type":"Point"},"properties":{"NAMA":"KEBAB TURKI JATINEGARA/DWINA","TIPE_1":"MAKANAN DAN MINUMAN","TIPE_2":"RESTORAN","TIPE_3":"RESTORAN TIMUR TENGAH","TELEPON":"","ALAMAT":"JL. KP. BARU KLENDER NO.69, RT.10/RW.1, JATINEGARA, KEC. CAKUNG, KOTA JAKARTA TIMUR, DAERAH KHUSUS IBUKOTA JAKARTA 13930","ID_PROV":"31","PROVINSI":"DKI JAKARTA","ID_KABKOT":"31.75","KABKOT":"KOTA ADM. JAKARTA TIMUR","ID_KEC":"31.75.06","KECAMATAN":"CAKUNG","ID_DESA":"31.75.06.1001","DESA":"JATINEGARA","LONGITUDE":106.903038799999,"LATITUDE":-6.2116791,"STATUS":"BUKA","TANGGAL UPDATE":"27/02/2025","TANGGAL PENGUMPULAN":"Q4 2023","q":27452,"r":-15110}},{"type":"Feature","geometry":{"coordinates":[106.90038810000004,-6.225021799999979],"type":"Point"},"properties":{"NAMA":"RESTO KHAS TURKI","TIPE_1":"MAKANAN DAN MINUMAN","TIPE_2":"RESTORAN","TIPE_3":"RESTORAN TIMUR TENGAH","TELEPON":"","ALAMAT":"RT.11/RW.1, PD. BAMBU, KEC. DUREN SAWIT, KOTA JAKARTA TIMUR, DAERAH KHUSUS IBUKOTA JAKARTA 13430","ID_PROV":"31","PROVINSI":"DKI JAKARTA","ID_KABKOT":"31.75","KABKOT":"KOTA ADM. JAKARTA TIMUR","ID_KEC":"31.75.07","KECAMATAN":"DUREN SAWIT","ID_DESA":"31.75.07.1002","DESA":"PONDOK BAMBU","LONGITUDE":106.9003881,"LATITUDE":-6.2250218,"STATUS":"BUKA","TANGGAL UPDATE":"27/02/2025","TANGGAL PENGUMPULAN":"Q4 2023","q":27451,"r":-15113}},{"type":"Feature","geometry":{"coordinates":[106.89917740000004,-6.229225499999927],"type":"Point"},"properties":{"NAMA":"AL SHAM1","TIPE_1":"MAKANAN DAN MINUMAN","TIPE_2":"RESTORAN","TIPE_3":"RESTORAN TIMUR TENGAH","TELEPON":"","ALAMAT":"KOMPLEK IMIGRASI, JL. MASJID ABIDIN NO.C/4, RT.8/RW.1, PD. BAMBU, KEC. DUREN SAWIT, KOTA JAKARTA TIMUR, DAERAH KHUSUS IBUKOTA JAKARTA 13430","ID_PROV":"31","PROVINSI":"DKI JAKARTA","ID_KABKOT":"31.75","KABKOT":"KOTA ADM. JAKARTA TIMUR","ID_KEC":"31.75.07","KECAMATAN":"DUREN SAWIT","ID_DESA":"31.75.07.1002","DESA":"PONDOK BAMBU","LONGITUDE":106.8991774,"LATITUDE":-6.2292255,"STATUS":"BUKA","TANGGAL UPDATE":"27/02/2025","TANGGAL PENGUMPULAN":"Q4 2023","q":27451,"r":-15114}},{"type":"Feature","geometry":{"coordinates":[106.93861560000005,-6.210303199999942],"type":"Point"},"properties":{"NAMA":"MEDIA KEBAB","TIPE_1":"MAKANAN DAN MINUMAN","TIPE_2":"RESTORAN","TIPE_3":"RESTORAN TIMUR TENGAH","TELEPON":"0895-0192-7188","ALAMAT":"JL. RAYA PENGGILINGAN NO.19A, RT.6/RW.11, PENGGILINGAN, KEC. CAKUNG, KOTA JAKARTA TIMUR, DAERAH KHUSUS IBUKOTA JAKARTA 13940","ID_PROV":"31","PROVINSI":"DKI JAKARTA","ID_KABKOT":"31.75","KABKOT":"KOTA ADM. JAKARTA TIMUR","ID_KEC":"31.75.06","KECAMATAN":"CAKUNG","ID_DESA":"31.75.06.1003","DESA":"PENGGILINGAN","LONGITUDE":106.938615599999,"LATITUDE":-6.2103032,"STATUS":"BUKA","TANGGAL UPDATE":"27/02/2025","TANGGAL PENGUMPULAN":"Q4 2023","q":27461,"r":-15114}},{"type":"Feature","geometry":{"coordinates":[106.89770020000009,-6.230737599999941],"type":"Point"},"properties":{"NAMA":"AROFAH KEBAB CABANG PONDOK BAMBU","TIPE_1":"MAKANAN DAN MINUMAN","TIPE_2":"RESTORAN","TIPE_3":"RESTORAN TIMUR TENGAH","TELEPON":"0896-9206-0367","ALAMAT":"JAKARTA TIMUR, RT.1/RW.3, PD. BAMBU, KEC. DUREN SAWIT, KOTA JAKARTA TIMUR, DAERAH KHUSUS IBUKOTA JAKARTA 13430","ID_PROV":"31","PROVINSI":"DKI JAKARTA","ID_KABKOT":"31.75","KABKOT":"KOTA ADM. JAKARTA TIMUR","ID_KEC":"31.75.07","KECAMATAN":"DUREN SAWIT","ID_DESA":"31.75.07.1002","DESA":"PONDOK BAMBU","LONGITUDE":106.897700199999,"LATITUDE":-6.2307376,"STATUS":"BUKA","TANGGAL UPDATE":"27/02/2025","TANGGAL PENGUMPULAN":"Q4 2023","q":27451,"r":-15114}},{"type":"Feature","geometry":{"coordinates":[106.90415970000004,-6.239089099999944],"type":"Point"},"properties":{"NAMA":"GERAI KEBAB TURKI","TIPE_1":"MAKANAN DAN MINUMAN","TIPE_2":"RESTORAN","TIPE_3":"RESTORAN TIMUR TENGAH","TELEPON":"","ALAMAT":"JL. KEJAKSAAN NO.11A, RT.2/RW.5, PD. BAMBU, KEC. DUREN SAWIT, KOTA JAKARTA TIMUR, DAERAH KHUSUS IBUKOTA JAKARTA 13430","ID_PROV":"31","PROVINSI":"DKI JAKARTA","ID_KABKOT":"31.75","KABKOT":"KOTA ADM. JAKARTA TIMUR","ID_KEC":"31.75.07","KECAMATAN":"DUREN SAWIT","ID_DESA":"31.75.07.1002","DESA":"PONDOK BAMBU","LONGITUDE":106.9041597,"LATITUDE":-6.2390891,"STATUS":"BUKA","TANGGAL UPDATE":"27/02/2025","TANGGAL PENGUMPULAN":"Q4 2023","q":27452,"r":-15116}},{"type":"Feature","geometry":{"coordinates":[106.94322330000006,-6.250622899999939],"type":"Point"},"properties":{"NAMA":"ADIES KEBAB TURKI","TIPE_1":"MAKANAN DAN MINUMAN","TIPE_2":"RESTORAN","TIPE_3":"RESTORAN TIMUR TENGAH","TELEPON":"0817-1717-3286","ALAMAT":"SAMPING ADIES FROZEN FOOD, JL. H. TOKOL NO.RT. 01/12, RT.6/RW.12, PD. KLP., KEC. DUREN SAWIT, KOTA JAKARTA TIMUR, DAERAH KHUSUS IBUKOTA JAKARTA 13450","ID_PROV":"31","PROVINSI":"DKI JAKARTA","ID_KABKOT":"31.75","KABKOT":"KOTA ADM. JAKARTA TIMUR","ID_KEC":"31.75.07","KECAMATAN":"DUREN SAWIT","ID_DESA":"31.75.07.1004","DESA":"PONDOK KELAPA","LONGITUDE":106.9432233,"LATITUDE":-6.2506229,"STATUS":"BUKA","TANGGAL UPDATE":"27/02/2025","TANGGAL PENGUMPULAN":"Q4 2023","q":27462,"r":-15124}},{"type":"Feature","geometry":{"coordinates":[106.91699840000007,-6.30431509999994],"type":"Point"},"properties":{"NAMA":"KEBAB","TIPE_1":"MAKANAN DAN MINUMAN","TIPE_2":"RESTORAN","TIPE_3":"RESTORAN TIMUR TENGAH","TELEPON":"0821-8355-4379","ALAMAT":"JL. PAGELARANG NO.7, RT.3/RW.3, LUBANG BUAYA, KEC. CIPAYUNG, KOTA JAKARTA TIMUR, DAERAH KHUSUS IBUKOTA JAKARTA 13880","ID_PROV":"31","PROVINSI":"DKI JAKARTA","ID_KABKOT":"31.75","KABKOT":"KOTA ADM. JAKARTA TIMUR","ID_KEC":"31.75.10","KECAMATAN":"CIPAYUNG","ID_DESA":"31.75.10.1005","DESA":"SETU","LONGITUDE":106.9169984,"LATITUDE":-6.3043151,"STATUS":"BUKA","TANGGAL UPDATE":"27/02/2025","TANGGAL PENGUMPULAN":"Q4 2023","q":27456,"r":-15133}},{"type":"Feature","geometry":{"coordinates":[106.90530550000005,-6.234645099999966],"type":"Point"},"properties":{"NAMA":"KEBAB TURKI JUARA","TIPE_1":"MAKANAN DAN MINUMAN","TIPE_2":"RESTORAN","TIPE_3":"RESTORAN TIMUR TENGAH","TELEPON":"","ALAMAT":"JL. GADING RAYA, RT.9/RW.8, PD. BAMBU, KEC. DUREN SAWIT, KOTA JAKARTA TIMUR, DAERAH KHUSUS IBUKOTA JAKARTA 13430","ID_PROV":"31","PROVINSI":"DKI JAKARTA","ID_KABKOT":"31.75","KABKOT":"KOTA ADM. JAKARTA TIMUR","ID_KEC":"31.75.07","KECAMATAN":"DUREN SAWIT","ID_DESA":"31.75.07.1002","DESA":"PONDOK BAMBU","LONGITUDE":106.9053055,"LATITUDE":-6.2346451,"STATUS":"BUKA","TANGGAL UPDATE":"27/02/2025","TANGGAL PENGUMPULAN":"Q4 2023","q":27453,"r":-15116}},{"type":"Feature","geometry":{"coordinates":[106.90118670000004,-6.298351899999943],"type":"Point"},"properties":{"NAMA":"KEBAB TURKI CABANG KE 2","TIPE_1":"MAKANAN DAN MINUMAN","TIPE_2":"RESTORAN","TIPE_3":"RESTORAN TIMUR TENGAH","TELEPON":"0815-1313-1312","ALAMAT":"NO., JL. AL.BAIDHO I NO.66, RT.6/RW.6, LUBANG BUAYA, KEC. CIPAYUNG, KOTA JAKARTA TIMUR, DAERAH KHUSUS IBUKOTA JAKARTA 13810","ID_PROV":"31","PROVINSI":"DKI JAKARTA","ID_KABKOT":"31.75","KABKOT":"KOTA ADM. JAKARTA TIMUR","ID_KEC":"31.75.10","KECAMATAN":"CIPAYUNG","ID_DESA":"31.75.10.1007","DESA":"LUBANG BUAYA","LONGITUDE":106.9011867,"LATITUDE":-6.2983519,"STATUS":"BUKA","TANGGAL UPDATE":"27/02/2025","TANGGAL PENGUMPULAN":"Q4 2023","q":27452,"r":-15129}},{"type":"Feature","geometry":{"coordinates":[106.89705570000007,-6.189260199999978],"type":"Point"},"properties":{"NAMA":"KEBAB TURKI BABARAFI PULO ASEM","TIPE_1":"MAKANAN DAN MINUMAN","TIPE_2":"RESTORAN","TIPE_3":"RESTORAN TIMUR TENGAH","TELEPON":"0858-8886-8834","ALAMAT":"JL. PULO ASEM TIM. RAYA NO.KAV 7, RT.10/RW.4, JATI, KEC. PULO GADUNG, KOTA JAKARTA TIMUR, DAERAH KHUSUS IBUKOTA JAKARTA 13220","ID_PROV":"31","PROVINSI":"DKI JAKARTA","ID_KABKOT":"31.75","KABKOT":"KOTA ADM. JAKARTA TIMUR","ID_KEC":"31.75.02","KECAMATAN":"PULOGADUNG","ID_DESA":"31.75.02.1007","DESA":"JATI","LONGITUDE":106.8970557,"LATITUDE":-6.1892602,"STATUS":"BUKA","TANGGAL UPDATE":"27/02/2025","TANGGAL PENGUMPULAN":"Q4 2023","q":27450,"r":-15104}},{"type":"Feature","geometry":{"coordinates":[106.86923330000008,-6.238477699999976],"type":"Point"},"properties":{"NAMA":"ROFIDO TURKISH AND EGYPTIAN FOOD RESTAURANT","TIPE_1":"MAKANAN DAN MINUMAN","TIPE_2":"RESTORAN","TIPE_3":"RESTORAN TIMUR TENGAH","TELEPON":"(021) 22116486","ALAMAT":"JL. OTISTA RAYA NO.149A, BIDARA CINA, KECAMATAN JATINEGARA, KOTA JAKARTA TIMUR, DAERAH KHUSUS IBUKOTA JAKARTA 13330","ID_PROV":"31","PROVINSI":"DKI JAKARTA","ID_KABKOT":"31.75","KABKOT":"KOTA ADM. JAKARTA TIMUR","ID_KEC":"31.75.03","KECAMATAN":"JATINEGARA","ID_DESA":"31.75.03.1002","DESA":"BIDARA CINA","LONGITUDE":106.869233299999,"LATITUDE":-6.2384777,"STATUS":"BUKA","TANGGAL UPDATE":"27/02/2025","TANGGAL PENGUMPULAN":"Q4 2023","q":27443,"r":-15112}},{"type":"Feature","geometry":{"coordinates":[106.89941330000005,-6.222957],"type":"Point"},"properties":{"NAMA":"KEBAB TURKI ABANG RIZKY","TIPE_1":"MAKANAN DAN MINUMAN","TIPE_2":"RESTORAN","TIPE_3":"RESTORAN TIMUR TENGAH","TELEPON":"","ALAMAT":"JL. PAHLAWAN REVOLUSI, RT.8/RW.9, KLENDER, KEC. DUREN SAWIT, KOTA JAKARTA TIMUR, DAERAH KHUSUS IBUKOTA JAKARTA 13430","ID_PROV":"31","PROVINSI":"DKI JAKARTA","ID_KABKOT":"31.75","KABKOT":"KOTA ADM. JAKARTA TIMUR","ID_KEC":"31.75.07","KECAMATAN":"DUREN SAWIT","ID_DESA":"31.75.07.1003","DESA":"KLENDER","LONGITUDE":106.899413299999,"LATITUDE":-6.222957,"STATUS":"BUKA","TANGGAL UPDATE":"27/02/2025","TANGGAL PENGUMPULAN":"Q4 2023","q":27451,"r":-15112}},{"type":"Feature","geometry":{"coordinates":[106.86612540000004,-6.262153399999931],"type":"Point"},"properties":{"NAMA":"KEBAB TURKI","TIPE_1":"MAKANAN DAN MINUMAN","TIPE_2":"RESTORAN","TIPE_3":"RESTORAN TIMUR TENGAH","TELEPON":"(021) 30019010","ALAMAT":"GF, PUSAT GROSIR CILILITAN (PGC), JL. MAYJEN SUTOYO, CILILITAN, 76, KRAMAT JATI, 13640 JAKARTA TIMUR, DKI JAKARTA, RW.11, CILILITAN, KRAMAT JATI, EAST JAKARTA CITY, JAKARTA 13640","ID_PROV":"31","PROVINSI":"DKI JAKARTA","ID_KABKOT":"31.75","KABKOT":"KOTA ADM. JAKARTA TIMUR","ID_KEC":"31.75.04","KECAMATAN":"KRAMATJATI","ID_DESA":"31.75.04.1006","DESA":"CILILITAN","LONGITUDE":106.8661254,"LATITUDE":-6.2621534,"STATUS":"BUKA","TANGGAL UPDATE":"27/02/2025","TANGGAL PENGUMPULAN":"Q4 2023","q":27443,"r":-15117}},{"type":"Feature","geometry":{"coordinates":[106.93728290000007,-6.209514299999967],"type":"Point"},"properties":{"NAMA":"MARGO TURKISH KEBAB","TIPE_1":"MAKANAN DAN MINUMAN","TIPE_2":"RESTORAN","TIPE_3":"RESTORAN TIMUR TENGAH","TELEPON":"","ALAMAT":"JL. RAYA PENGGILINGAN NO.33, RT.7/RW.5, PENGGILINGAN, KEC. CAKUNG, KOTA JAKARTA TIMUR, DAERAH KHUSUS IBUKOTA JAKARTA 13940","ID_PROV":"31","PROVINSI":"DKI JAKARTA","ID_KABKOT":"31.75","KABKOT":"KOTA ADM. JAKARTA TIMUR","ID_KEC":"31.75.06","KECAMATAN":"CAKUNG","ID_DESA":"31.75.06.1003","DESA":"PENGGILINGAN","LONGITUDE":106.9372829,"LATITUDE":-6.2095143,"STATUS":"BUKA","TANGGAL UPDATE":"27/02/2025","TANGGAL PENGUMPULAN":"Q4 2023","q":27461,"r":-15114}},{"type":"Feature","geometry":{"coordinates":[106.899447,-6.220156499999973],"type":"Point"},"properties":{"NAMA":"MEDIA KEBAB PAHLAWAN REVOLUSI","TIPE_1":"MAKANAN DAN MINUMAN","TIPE_2":"RESTORAN","TIPE_3":"RESTORAN TIMUR TENGAH","TELEPON":"0811-1633-234","ALAMAT":"JL. PAHLAWAN REVOLUSI NO.7, RT.7/RW.4, KLENDER, KEC. DUREN SAWIT, KOTA JAKARTA TIMUR, DAERAH KHUSUS IBUKOTA JAKARTA 13470","ID_PROV":"31","PROVINSI":"DKI JAKARTA","ID_KABKOT":"31.75","KABKOT":"KOTA ADM. JAKARTA TIMUR","ID_KEC":"31.75.07","KECAMATAN":"DUREN SAWIT","ID_DESA":"31.75.07.1003","DESA":"KLENDER","LONGITUDE":106.899447,"LATITUDE":-6.2201565,"STATUS":"BUKA","TANGGAL UPDATE":"27/02/2025","TANGGAL PENGUMPULAN":"Q4 2023","q":27451,"r":-15112}},{"type":"Feature","geometry":{"coordinates":[106.90492570000004,-6.298059699999953],"type":"Point"},"properties":{"NAMA":"JERY KEBAP TURKI","TIPE_1":"MAKANAN DAN MINUMAN","TIPE_2":"RESTORAN","TIPE_3":"RESTORAN TIMUR TENGAH","TELEPON":"0813-1950-2754","ALAMAT":"GG. SADAR IV NO.32-43, RT.2/RW.10, LUBANG BUAYA, KEC. CIPAYUNG, KOTA JAKARTA TIMUR, DAERAH KHUSUS IBUKOTA JAKARTA 13810","ID_PROV":"31","PROVINSI":"DKI JAKARTA","ID_KABKOT":"31.75","KABKOT":"KOTA ADM. JAKARTA TIMUR","ID_KEC":"31.75.10","KECAMATAN":"CIPAYUNG","ID_DESA":"31.75.10.1007","DESA":"LUBANG BUAYA","LONGITUDE":106.904925699999,"LATITUDE":-6.2980597,"STATUS":"BUKA","TANGGAL UPDATE":"27/02/2025","TANGGAL PENGUMPULAN":"Q4 2023","q":27453,"r":-15130}},{"type":"Feature","geometry":{"coordinates":[106.85516820000004,-6.283820099999957],"type":"Point"},"properties":{"NAMA":"ISTANBUL KEBAB & PIZZA TURKI - CONDET","TIPE_1":"MAKANAN DAN MINUMAN","TIPE_2":"RESTORAN","TIPE_3":"RESTORAN TIMUR TENGAH","TELEPON":"0813-1004-0515","ALAMAT":"JL. RAYA CONDET NO.4, BALE KAMBANG, KRAMAT JATI, EAST JAKARTA CITY, JAKARTA 13530","ID_PROV":"31","PROVINSI":"DKI JAKARTA","ID_KABKOT":"31.75","KABKOT":"KOTA ADM. JAKARTA TIMUR","ID_KEC":"31.75.04","KECAMATAN":"KRAMATJATI","ID_DESA":"31.75.04.1005","DESA":"BALEKAMBANG","LONGITUDE":106.8551682,"LATITUDE":-6.2838201,"STATUS":"BUKA","TANGGAL UPDATE":"27/02/2025","TANGGAL PENGUMPULAN":"Q4 2023","q":27440,"r":-15120}},{"type":"Feature","geometry":{"coordinates":[106.90113210000004,-6.317395599999941],"type":"Point"},"properties":{"NAMA":"KEBAB TURKI UMA BAMBU APUS","TIPE_1":"MAKANAN DAN MINUMAN","TIPE_2":"RESTORAN","TIPE_3":"RESTORAN TIMUR TENGAH","TELEPON":"0878-7778-4340","ALAMAT":"9, RT.9/RW.1, BAMBU APUS, KEC. CIPAYUNG, KOTA JAKARTA TIMUR, DAERAH KHUSUS IBUKOTA JAKARTA 13890","ID_PROV":"31","PROVINSI":"DKI JAKARTA","ID_KABKOT":"31.75","KABKOT":"KOTA ADM. JAKARTA TIMUR","ID_KEC":"31.75.10","KECAMATAN":"CIPAYUNG","ID_DESA":"31.75.10.1006","DESA":"BAMBU APUS","LONGITUDE":106.9011321,"LATITUDE":-6.3173956,"STATUS":"BUKA","TANGGAL UPDATE":"27/02/2025","TANGGAL PENGUMPULAN":"Q4 2023","q":27452,"r":-15134}},{"type":"Feature","geometry":{"coordinates":[106.86011810000008,-6.291067199999929],"type":"Point"},"properties":{"NAMA":"ISTANBUL KEBAB TURKI CONDET","TIPE_1":"MAKANAN DAN MINUMAN","TIPE_2":"RESTORAN","TIPE_3":"RESTORAN TIMUR TENGAH","TELEPON":"","ALAMAT":"HALAMAN PARKIR 212 MART, JL. RAYA TENGAH JL. RAYA CONDET NO.14, RT.7/RW.9, KP. TENGAH, KEC. KRAMAT JATI, KOTA JAKARTA TIMUR, DAERAH KHUSUS IBUKOTA JAKARTA 13760","ID_PROV":"31","PROVINSI":"DKI JAKARTA","ID_KABKOT":"31.75","KABKOT":"KOTA ADM. JAKARTA TIMUR","ID_KEC":"31.75.04","KECAMATAN":"KRAMATJATI","ID_DESA":"31.75.04.1004","DESA":"BATU AMPAR","LONGITUDE":106.8601181,"LATITUDE":-6.2910672,"STATUS":"BUKA","TANGGAL UPDATE":"27/02/2025","TANGGAL PENGUMPULAN":"Q4 2023","q":27441,"r":-15122}},{"type":"Feature","geometry":{"coordinates":[106.89224880000006,-6.219842399999948],"type":"Point"},"properties":{"NAMA":"MARGO TURKISH KEBAB CIPINANG MUARA","TIPE_1":"MAKANAN DAN MINUMAN","TIPE_2":"RESTORAN","TIPE_3":"RESTORAN TIMUR TENGAH","TELEPON":"0838-7190-8226","ALAMAT":"JL. CIPINANG MUARA 3, RT.3/RW.15, CIPINANG MUARA, KECAMATAN JATINEGARA, KOTA JAKARTA TIMUR, DAERAH KHUSUS IBUKOTA JAKARTA 13420","ID_PROV":"31","PROVINSI":"DKI JAKARTA","ID_KABKOT":"31.75","KABKOT":"KOTA ADM. JAKARTA TIMUR","ID_KEC":"31.75.03","KECAMATAN":"JATINEGARA","ID_DESA":"31.75.03.1006","DESA":"CIPINANG MUARA","LONGITUDE":106.892248799999,"LATITUDE":-6.2198424,"STATUS":"BUKA","TANGGAL UPDATE":"27/02/2025","TANGGAL PENGUMPULAN":"Q4 2023","q":27449,"r":-15111}},{"type":"Feature","geometry":{"coordinates":[106.93993970000008,-6.210863399999937],"type":"Point"},"properties":{"NAMA":"KEBAB TURKI SYAHLA","TIPE_1":"MAKANAN DAN MINUMAN","TIPE_2":"RESTORAN","TIPE_3":"RESTORAN TIMUR TENGAH","TELEPON":"","ALAMAT":"JL. KOMARUDIN LAMA NO.44-26, RT.7/RW.7, PENGGILINGAN, KEC. CAKUNG, KOTA JAKARTA TIMUR, DAERAH KHUSUS IBUKOTA JAKARTA 13940","ID_PROV":"31","PROVINSI":"DKI JAKARTA","ID_KABKOT":"31.75","KABKOT":"KOTA ADM. JAKARTA TIMUR","ID_KEC":"31.75.06","KECAMATAN":"CAKUNG","ID_DESA":"31.75.06.1003","DESA":"PENGGILINGAN","LONGITUDE":106.9399397,"LATITUDE":-6.2108634,"STATUS":"BUKA","TANGGAL UPDATE":"27/02/2025","TANGGAL PENGUMPULAN":"Q4 2023","q":27462,"r":-15115}},{"type":"Feature","geometry":{"coordinates":[106.88359220000007,-6.195246899999972],"type":"Point"},"properties":{"NAMA":"ISTANBUL KEBAB TURKI","TIPE_1":"MAKANAN DAN MINUMAN","TIPE_2":"RESTORAN","TIPE_3":"RESTORAN TIMUR TENGAH","TELEPON":"","ALAMAT":"JL. SUNAN GIRI NO.2, RT.8/RW.15, RAWAMANGUN, KEC. PULO GADUNG, KOTA JAKARTA TIMUR, DAERAH KHUSUS IBUKOTA JAKARTA 13220","ID_PROV":"31","PROVINSI":"DKI JAKARTA","ID_KABKOT":"31.75","KABKOT":"KOTA ADM. JAKARTA TIMUR","ID_KEC":"31.75.02","KECAMATAN":"PULOGADUNG","ID_DESA":"31.75.02.1005","DESA":"RAWAMANGUN","LONGITUDE":106.8835922,"LATITUDE":-6.1952469,"STATUS":"BUKA","TANGGAL UPDATE":"27/02/2025","TANGGAL PENGUMPULAN":"Q4 2023","q":27447,"r":-15104}},{"type":"Feature","geometry":{"coordinates":[106.87965540000005,-6.191008699999941],"type":"Point"},"properties":{"NAMA":"KEBAB TURKI ABOEBAH FROZZEN","TIPE_1":"MAKANAN DAN MINUMAN","TIPE_2":"RESTORAN","TIPE_3":"RESTORAN TIMUR TENGAH","TELEPON":"","ALAMAT":"JL. PEMUDA III A NO.14, RT.12/RW.2, RAWAMANGUN, KEC. PULO GADUNG, KOTA JAKARTA TIMUR, DAERAH KHUSUS IBUKOTA JAKARTA 13220","ID_PROV":"31","PROVINSI":"DKI JAKARTA","ID_KABKOT":"31.75","KABKOT":"KOTA ADM. JAKARTA TIMUR","ID_KEC":"31.75.02","KECAMATAN":"PULOGADUNG","ID_DESA":"31.75.02.1005","DESA":"RAWAMANGUN","LONGITUDE":106.879655399999,"LATITUDE":-6.1910087,"STATUS":"BUKA","TANGGAL UPDATE":"27/02/2025","TANGGAL PENGUMPULAN":"Q4 2023","q":27446,"r":-15103}},{"type":"Feature","geometry":{"coordinates":[106.88527850000008,-6.19308019999994],"type":"Point"},"properties":{"NAMA":"DAPUR TURKI","TIPE_1":"MAKANAN DAN MINUMAN","TIPE_2":"RESTORAN","TIPE_3":"RESTORAN TIMUR TENGAH","TELEPON":"0821-2304-3098","ALAMAT":"JL. PEMUDA NO.23, RT.8/RW.4, RAWAMANGUN, KEC. PULO GADUNG, KOTA JAKARTA TIMUR, DAERAH KHUSUS IBUKOTA JAKARTA 13220","ID_PROV":"31","PROVINSI":"DKI JAKARTA","ID_KABKOT":"31.75","KABKOT":"KOTA ADM. JAKARTA TIMUR","ID_KEC":"31.75.02","KECAMATAN":"PULOGADUNG","ID_DESA":"31.75.02.1005","DESA":"RAWAMANGUN","LONGITUDE":106.8852785,"LATITUDE":-6.1930802,"STATUS":"BUKA","TANGGAL UPDATE":"27/02/2025","TANGGAL PENGUMPULAN":"Q4 2023","q":27447,"r":-15104}},{"type":"Feature","geometry":{"coordinates":[106.88711040000004,-6.341113099999973],"type":"Point"},"properties":{"NAMA":"MRQQ KEBAB KELAPA DUA WETAN","TIPE_1":"MAKANAN DAN MINUMAN","TIPE_2":"RESTORAN","TIPE_3":"RESTORAN TIMUR TENGAH","TELEPON":"0812-9376-9641","ALAMAT":"SINGO EDAN CAR WASH, JL. RAYA KLP. DUA WETAN, RT.2/RW.8, KLP. DUA WETAN, KEC. CIRACAS, KOTA JAKARTA TIMUR, DAERAH KHUSUS IBUKOTA JAKARTA 13730","ID_PROV":"31","PROVINSI":"DKI JAKARTA","ID_KABKOT":"31.75","KABKOT":"KOTA ADM. JAKARTA TIMUR","ID_KEC":"31.75.09","KECAMATAN":"CIRACAS","ID_DESA":"31.75.09.1003","DESA":"KELAPA DUA WETAN","LONGITUDE":106.8871104,"LATITUDE":-6.3411131,"STATUS":"BUKA","TANGGAL UPDATE":"27/02/2025","TANGGAL PENGUMPULAN":"Q4 2023","q":27448,"r":-15137}},{"type":"Feature","geometry":{"coordinates":[106.93949650000008,-6.198978499999953],"type":"Point"},"properties":{"NAMA":"KEBAB IN TOWN","TIPE_1":"MAKANAN DAN MINUMAN","TIPE_2":"RESTORAN","TIPE_3":"RESTORAN TIMUR TENGAH","TELEPON":"0812-2318-6639","ALAMAT":"PERUM ANEKA ELOK, JL. TERENTANG ELOK NO.4, RT.11/RW.9, PULO GEBANG, KEC. CAKUNG, KOTA JAKARTA TIMUR, DAERAH KHUSUS IBUKOTA JAKARTA 13940","ID_PROV":"31","PROVINSI":"DKI JAKARTA","ID_KABKOT":"31.75","KABKOT":"KOTA ADM. JAKARTA TIMUR","ID_KEC":"31.75.06","KECAMATAN":"CAKUNG","ID_DESA":"31.75.06.1003","DESA":"PENGGILINGAN","LONGITUDE":106.939496499999,"LATITUDE":-6.1989785,"STATUS":"BUKA","TANGGAL UPDATE":"27/02/2025","TANGGAL PENGUMPULAN":"Q4 2023","q":27461,"r":-15112}},{"type":"Feature","geometry":{"coordinates":[106.86976430000004,-6.232316399999945],"type":"Point"},"properties":{"NAMA":"TURKISH KEBAB","TIPE_1":"MAKANAN DAN MINUMAN","TIPE_2":"RESTORAN","TIPE_3":"RESTORAN TIMUR TENGAH","TELEPON":"","ALAMAT":"JL. KEBON NANAS SELATAN I NO.1, RT.1/RW.8, CIPINANG CEMPEDAK, KECAMATAN JATINEGARA, KOTA JAKARTA TIMUR, DAERAH KHUSUS IBUKOTA JAKARTA 13330","ID_PROV":"31","PROVINSI":"DKI JAKARTA","ID_KABKOT":"31.75","KABKOT":"KOTA ADM. JAKARTA TIMUR","ID_KEC":"31.75.03","KECAMATAN":"JATINEGARA","ID_DESA":"31.75.03.1005","DESA":"CIPINANG CEMPEDAK","LONGITUDE":106.8697643,"LATITUDE":-6.2323164,"STATUS":"BUKA","TANGGAL UPDATE":"27/02/2025","TANGGAL PENGUMPULAN":"Q4 2023","q":27443,"r":-15110}},{"type":"Feature","geometry":{"coordinates":[106.92171440000004,-6.236476099999948],"type":"Point"},"properties":{"NAMA":"KEBAB BOBOHO","TIPE_1":"MAKANAN DAN MINUMAN","TIPE_2":"RESTORAN","TIPE_3":"RESTORAN TIMUR TENGAH","TELEPON":"","ALAMAT":"JL. PADIBU NO.14, RT.9/RW.14, DUREN SAWIT, KEC. DUREN SAWIT, KOTA JAKARTA TIMUR, DAERAH KHUSUS IBUKOTA JAKARTA 13440","ID_PROV":"31","PROVINSI":"DKI JAKARTA","ID_KABKOT":"31.75","KABKOT":"KOTA ADM. JAKARTA TIMUR","ID_KEC":"31.75.07","KECAMATAN":"DUREN SAWIT","ID_DESA":"31.75.07.1001","DESA":"DUREN SAWIT","LONGITUDE":106.9217144,"LATITUDE":-6.2364761,"STATUS":"BUKA","TANGGAL UPDATE":"27/02/2025","TANGGAL PENGUMPULAN":"Q4 2023","q":27457,"r":-15118}},{"type":"Feature","geometry":{"coordinates":[106.87720870000004,-6.349943699999926],"type":"Point"},"properties":{"NAMA":"KHANZA KEBAB TURKI CABANG LAPANGAN TEMBAK 3","TIPE_1":"MAKANAN DAN MINUMAN","TIPE_2":"RESTORAN","TIPE_3":"RESTORAN TIMUR TENGAH","TELEPON":"0821-1136-6075","ALAMAT":"JL. LAP. TEMBAK NO.08, RT.2/RW.10, KLP. DUA WETAN, KEC. CIRACAS, KOTA JAKARTA TIMUR, DAERAH KHUSUS IBUKOTA JAKARTA 13720","ID_PROV":"31","PROVINSI":"DKI JAKARTA","ID_KABKOT":"31.75","KABKOT":"KOTA ADM. JAKARTA TIMUR","ID_KEC":"31.75.09","KECAMATAN":"CIRACAS","ID_DESA":"31.75.09.1003","DESA":"KELAPA DUA WETAN","LONGITUDE":106.8772087,"LATITUDE":-6.3499437,"STATUS":"BUKA","TANGGAL UPDATE":"27/02/2025","TANGGAL PENGUMPULAN":"Q4 2023","q":27445,"r":-15138}},{"type":"Feature","geometry":{"coordinates":[106.88443080000008,-6.191403799999932],"type":"Point"},"properties":{"NAMA":"KEBAB TURKI BABA RAFI KAMPUS STIE RAWAMANGUN","TIPE_1":"MAKANAN DAN MINUMAN","TIPE_2":"RESTORAN","TIPE_3":"RESTORAN TIMUR TENGAH","TELEPON":"","ALAMAT":"JL. KAYU JATI RAYA NO.8, RT.1/RW.4, RAWAMANGUN, KEC. PULO GADUNG, KOTA JAKARTA TIMUR, DAERAH KHUSUS IBUKOTA JAKARTA 13220","ID_PROV":"31","PROVINSI":"DKI JAKARTA","ID_KABKOT":"31.75","KABKOT":"KOTA ADM. JAKARTA TIMUR","ID_KEC":"31.75.02","KECAMATAN":"PULOGADUNG","ID_DESA":"31.75.02.1005","DESA":"RAWAMANGUN","LONGITUDE":106.884430799999,"LATITUDE":-6.1914038,"STATUS":"BUKA","TANGGAL UPDATE":"27/02/2025","TANGGAL PENGUMPULAN":"Q4 2023","q":27447,"r":-15103}},{"type":"Feature","geometry":{"coordinates":[106.94311,-6.231592],"type":"Point"},"properties":{"NAMA":"KEBAB TURKI BLATSAN PONDOK KOPI RAYA","TIPE_1":"MAKANAN DAN MINUMAN","TIPE_2":"RESTORAN","TIPE_3":"RESTORAN TIMUR TENGAH","TELEPON":"","ALAMAT":"JL. KOPI SELATAN I NO.1, RT.1/RW.5, PD. KOPI, KEC. DUREN SAWIT, KOTA JAKARTA TIMUR, DAERAH KHUSUS IBUKOTA JAKARTA 13460","ID_PROV":"31","PROVINSI":"DKI JAKARTA","ID_KABKOT":"31.75","KABKOT":"KOTA ADM. JAKARTA TIMUR","ID_KEC":"31.75.07","KECAMATAN":"DUREN SAWIT","ID_DESA":"31.75.07.1007","DESA":"PONDOK KOPI","LONGITUDE":106.94311,"LATITUDE":-6.231592,"STATUS":"BUKA","TANGGAL UPDATE":"27/02/2025","TANGGAL PENGUMPULAN":"Q4 2023","q":27462,"r":-15120}},{"type":"Feature","geometry":{"coordinates":[106.93557830000009,-6.202469199999939],"type":"Point"},"properties":{"NAMA":"KEBAB BUNA","TIPE_1":"MAKANAN DAN MINUMAN","TIPE_2":"RESTORAN","TIPE_3":"RESTORAN TIMUR TENGAH","TELEPON":"0856-9294-9165","ALAMAT":"KP, JL. RAYA PENGGILINGAN NO.86, RT.8/RW.6, PENGGILINGAN, KEC. CAKUNG, KOTA JAKARTA TIMUR, DAERAH KHUSUS IBUKOTA JAKARTA 13940","ID_PROV":"31","PROVINSI":"DKI JAKARTA","ID_KABKOT":"31.75","KABKOT":"KOTA ADM. JAKARTA TIMUR","ID_KEC":"31.75.06","KECAMATAN":"CAKUNG","ID_DESA":"31.75.06.1003","DESA":"PENGGILINGAN","LONGITUDE":106.935578299999,"LATITUDE":-6.2024692,"STATUS":"BUKA","TANGGAL UPDATE":"27/02/2025","TANGGAL PENGUMPULAN":"Q4 2023","q":27460,"r":-15112}},{"type":"Feature","geometry":{"coordinates":[106.93262960000004,-6.217786899999965],"type":"Point"},"properties":{"NAMA":"TAZE KEBAB TURKISH (PRUMNAS KLENDER)","TIPE_1":"MAKANAN DAN MINUMAN","TIPE_2":"RESTORAN","TIPE_3":"RESTORAN TIMUR TENGAH","TELEPON":"","ALAMAT":"JL. NUSA INDAH NO.38B, RT.4/RW.1, MALAKA JAYA, KEC. DUREN SAWIT, KOTA JAKARTA TIMUR, DAERAH KHUSUS IBUKOTA JAKARTA 13460","ID_PROV":"31","PROVINSI":"DKI JAKARTA","ID_KABKOT":"31.75","KABKOT":"KOTA ADM. JAKARTA TIMUR","ID_KEC":"31.75.07","KECAMATAN":"DUREN SAWIT","ID_DESA":"31.75.07.1006","DESA":"MALAKA JAYA","LONGITUDE":106.9326296,"LATITUDE":-6.2177869,"STATUS":"BUKA","TANGGAL UPDATE":"27/02/2025","TANGGAL PENGUMPULAN":"Q4 2023","q":27460,"r":-15115}},{"type":"Feature","geometry":{"coordinates":[106.92439970000004,-6.170031799999947],"type":"Point"},"properties":{"NAMA":"DANCING BEEF","TIPE_1":"MAKANAN DAN MINUMAN","TIPE_2":"RESTORAN","TIPE_3":"RESTORAN VIETNAM","TELEPON":"0878-3848-1250","ALAMAT":"JL. SEDAYU JALAN BOULEVARD RAYA NO.1 SEDAYU CITY KECAMATAN KELAPA GADING, RT.8/RW.5, RW. TERATE, KEC. CAKUNG, KOTA JAKARTA TIMUR, DAERAH KHUSUS IBUKOTA JAKARTA 13920","ID_PROV":"31","PROVINSI":"DKI JAKARTA","ID_KABKOT":"31.75","KABKOT":"KOTA ADM. JAKARTA TIMUR","ID_KEC":"31.75.06","KECAMATAN":"CAKUNG","ID_DESA":"31.75.06.1002","DESA":"RAWA TERATE","LONGITUDE":106.9243997,"LATITUDE":-6.1700318,"STATUS":"BUKA","TANGGAL UPDATE":"27/02/2025","TANGGAL PENGUMPULAN":"Q4 2023","q":27458,"r":-15104}},{"type":"Feature","geometry":{"coordinates":[106.869048,-6.239343],"type":"Point"},"properties":{"NAMA":"RM MANADO","TIPE_1":"MAKANAN DAN MINUMAN","TIPE_2":"RESTORAN","TIPE_3":"RESTORAN MELAYU","TELEPON":"0813-1476-4214","ALAMAT":"JL. OTTO ISKANDARDINATA 82, RT. 05/ RW. 06, RT.4/RW.6, KP. MELAYU, KECAMATAN JATINEGARA, KOTA JAKARTA TIMUR, DAERAH KHUSUS IBUKOTA JAKARTA 13330","ID_PROV":"31","PROVINSI":"DKI JAKARTA","ID_KABKOT":"31.75","KABKOT":"KOTA ADM. JAKARTA TIMUR","ID_KEC":"31.75.03","KECAMATAN":"JATINEGARA","ID_DESA":"31.75.03.1002","DESA":"BIDARA CINA","LONGITUDE":106.869048,"LATITUDE":-6.239343,"STATUS":"BUKA","TANGGAL UPDATE":"27/02/2025","TANGGAL PENGUMPULAN":"Q4 2023","q":27443,"r":-15112}},{"type":"Feature","geometry":{"coordinates":[106.8987696,-6.1907094],"type":"Point"},"properties":{"NAMA":"TANG TING MENTAI MAMANE","TIPE_1":"MAKANAN DAN MINUMAN","TIPE_2":"RESTORAN","TIPE_3":"RESTORAN EROPA","TELEPON":"0812-9670-1600","ALAMAT":"RT.8/RW.4, JATI, PULO GADUNG, EAST JAKARTA CITY, JAKARTA 13220","ID_PROV":"31","PROVINSI":"DKI JAKARTA","ID_KABKOT":"31.75","KABKOT":"KOTA ADM. JAKARTA TIMUR","ID_KEC":"31.75.02","KECAMATAN":"PULOGADUNG","ID_DESA":"31.75.02.1007","DESA":"JATI","LONGITUDE":106.8987696,"LATITUDE":-6.1907094,"STATUS":"BUKA","TANGGAL UPDATE":"27/02/2025","TANGGAL PENGUMPULAN":"Q4 2023","q":27451,"r":-15105}},{"type":"Feature","geometry":{"coordinates":[106.9258271,-6.2140218],"type":"Point"},"properties":{"NAMA":"FELURE BRULEE","TIPE_1":"MAKANAN DAN MINUMAN","TIPE_2":"RESTORAN","TIPE_3":"RESTORAN EROPA","TELEPON":"0821-1386-7588","ALAMAT":"PERUMAHAN JATINEGARA BARU JALAN, TAMAN SARI 6 NO.8, RW.16, PENGGILINGAN, CAKUNG, EAST JAKARTA CITY, JAKARTA 13940","ID_PROV":"31","PROVINSI":"DKI JAKARTA","ID_KABKOT":"31.75","KABKOT":"KOTA ADM. JAKARTA TIMUR","ID_KEC":"31.75.06","KECAMATAN":"CAKUNG","ID_DESA":"31.75.06.1003","DESA":"PENGGILINGAN","LONGITUDE":106.9258271,"LATITUDE":-6.2140218,"STATUS":"BUKA","TANGGAL UPDATE":"27/02/2025","TANGGAL PENGUMPULAN":"Q4 2023","q":27458,"r":-15114}},{"type":"Feature","geometry":{"coordinates":[106.8549212,-6.2814541],"type":"Point"},"properties":{"NAMA":"KAPROW THAI RESTO","TIPE_1":"MAKANAN DAN MINUMAN","TIPE_2":"RESTORAN","TIPE_3":"RESTORAN THAILAND","TELEPON":"(021) 6684258","ALAMAT":"JL. JEMBATAN DUA RAYA, RT.5/RW.2, BALEKAMBANG, KEC. KRAMAT JATI, KOTA JAKARTA TIMUR, DAERAH KHUSUS IBUKOTA JAKARTA 13530","ID_PROV":"31","PROVINSI":"DKI JAKARTA","ID_KABKOT":"31.75","KABKOT":"KOTA ADM. JAKARTA TIMUR","ID_KEC":"31.75.04","KECAMATAN":"KRAMATJATI","ID_DESA":"31.75.04.1005","DESA":"BALEKAMBANG","LONGITUDE":106.8549212,"LATITUDE":-6.2814541,"STATUS":"BUKA","TANGGAL UPDATE":"27/02/2025","TANGGAL PENGUMPULAN":"Q4 2023","q":27440,"r":-15120}},{"type":"Feature","geometry":{"coordinates":[106.8737883,-6.3425593],"type":"Point"},"properties":{"NAMA":"SINGKONG THAILAND LOVERS CIBUBUR","TIPE_1":"MAKANAN DAN MINUMAN","TIPE_2":"RESTORAN","TIPE_3":"RESTORAN THAILAND","TELEPON":"0811-8855-169","ALAMAT":"JL. CIBUBUR I NO.13, RT.13/RW.1, CIBUBUR, CIRACAS, EAST JAKARTA CITY, JAKARTA 13720","ID_PROV":"31","PROVINSI":"DKI JAKARTA","ID_KABKOT":"31.75","KABKOT":"KOTA ADM. JAKARTA TIMUR","ID_KEC":"31.75.09","KECAMATAN":"CIRACAS","ID_DESA":"31.75.09.1002","DESA":"CIBUBUR","LONGITUDE":106.8737883,"LATITUDE":-6.3425593,"STATUS":"BUKA","TANGGAL UPDATE":"27/02/2025","TANGGAL PENGUMPULAN":"Q4 2023","q":27445,"r":-15136}},{"type":"Feature","geometry":{"coordinates":[106.9166295,-6.2216592],"type":"Point"},"properties":{"NAMA":"MAMA THAI TEA 1 AT TOSERBA SARI BAGANTI","TIPE_1":"MAKANAN DAN MINUMAN","TIPE_2":"RESTORAN","TIPE_3":"RESTORAN THAILAND","TELEPON":"0818-759-110","ALAMAT":"JL. LKR. TIMUR DUREN SAWIT NO.1, RT.1/RW.15, DUREN SAWIT, KEC. DUREN SAWIT, KOTA JAKARTA TIMUR, DAERAH KHUSUS IBUKOTA JAKARTA 13440","ID_PROV":"31","PROVINSI":"DKI JAKARTA","ID_KABKOT":"31.75","KABKOT":"KOTA ADM. JAKARTA TIMUR","ID_KEC":"31.75.07","KECAMATAN":"DUREN SAWIT","ID_DESA":"31.75.07.1001","DESA":"DUREN SAWIT","LONGITUDE":106.9166295,"LATITUDE":-6.2216592,"STATUS":"BUKA","TANGGAL UPDATE":"27/02/2025","TANGGAL PENGUMPULAN":"Q4 2023","q":27456,"r":-15114}},{"type":"Feature","geometry":{"coordinates":[106.9521455,-6.2022609],"type":"Point"},"properties":{"NAMA":"MANGGO STICKY RICE BY VINA","TIPE_1":"MAKANAN DAN MINUMAN","TIPE_2":"RESTORAN","TIPE_3":"RESTORAN THAILAND","TELEPON":"0859-5983-5885","ALAMAT":"JL. MUTIARA II NO.21, RT.05/011/RW.6, PULO GEBANG, KEC. CAKUNG, KOTA JAKARTA TIMUR, DAERAH KHUSUS IBUKOTA JAKARTA 13950","ID_PROV":"31","PROVINSI":"DKI JAKARTA","ID_KABKOT":"31.75","KABKOT":"KOTA ADM. JAKARTA TIMUR","ID_KEC":"31.75.06","KECAMATAN":"CAKUNG","ID_DESA":"31.75.06.1005","DESA":"PULO GEBANG","LONGITUDE":106.9521455,"LATITUDE":-6.2022609,"STATUS":"BUKA","TANGGAL UPDATE":"27/02/2025","TANGGAL PENGUMPULAN":"Q4 2023","q":27465,"r":-15114}},{"type":"Feature","geometry":{"coordinates":[106.91637,-6.2476497],"type":"Point"},"properties":{"NAMA":"GIN THAI","TIPE_1":"MAKANAN DAN MINUMAN","TIPE_2":"RESTORAN","TIPE_3":"RESTORAN THAILAND","TELEPON":"","ALAMAT":"JL. RAYA KALIMALANG NO.3, RT.3/RW.16, DUREN SAWIT, KEC. DUREN SAWIT, KOTA JAKARTA TIMUR, DAERAH KHUSUS IBUKOTA JAKARTA 13420","ID_PROV":"31","PROVINSI":"DKI JAKARTA","ID_KABKOT":"31.75","KABKOT":"KOTA ADM. JAKARTA TIMUR","ID_KEC":"31.75.07","KECAMATAN":"DUREN SAWIT","ID_DESA":"31.75.07.1001","DESA":"DUREN SAWIT","LONGITUDE":106.91637,"LATITUDE":-6.2476497,"STATUS":"BUKA","TANGGAL UPDATE":"27/02/2025","TANGGAL PENGUMPULAN":"Q4 2023","q":27455,"r":-15120}},{"type":"Feature","geometry":{"coordinates":[106.8581032,-6.2736153],"type":"Point"},"properties":{"NAMA":"MAKAN ENAK","TIPE_1":"MAKANAN DAN MINUMAN","TIPE_2":"RESTORAN","TIPE_3":"RESTORAN EROPA","TELEPON":"","ALAMAT":"JL. KEKERAN NO.74, RT.13/RW.4, BATU AMPAR, KEC. KRAMAT JATI, KOTA JAKARTA TIMUR, DAERAH KHUSUS IBUKOTA JAKARTA 13520","ID_PROV":"31","PROVINSI":"DKI JAKARTA","ID_KABKOT":"31.75","KABKOT":"KOTA ADM. JAKARTA TIMUR","ID_KEC":"31.75.04","KECAMATAN":"KRAMATJATI","ID_DESA":"31.75.04.1004","DESA":"BATU AMPAR","LONGITUDE":106.8581032,"LATITUDE":-6.2736153,"STATUS":"BUKA","TANGGAL UPDATE":"27/02/2025","TANGGAL PENGUMPULAN":"Q4 2023","q":27440,"r":-15118}},{"type":"Feature","geometry":{"coordinates":[106.8550464,-6.2772701],"type":"Point"},"properties":{"NAMA":"CAFE TERAS PENGANTIN","TIPE_1":"MAKANAN DAN MINUMAN","TIPE_2":"RESTORAN","TIPE_3":"RESTORAN EROPA","TELEPON":"0812-8848-2515","ALAMAT":"7, JL. RAYA CONDET NO.2, RT.7/RW.4, BALEKAMBANG, KEC. KRAMAT JATI, KOTA JAKARTA TIMUR, DAERAH KHUSUS IBUKOTA JAKARTA 13530","ID_PROV":"31","PROVINSI":"DKI JAKARTA","ID_KABKOT":"31.75","KABKOT":"KOTA ADM. JAKARTA TIMUR","ID_KEC":"31.75.04","KECAMATAN":"KRAMATJATI","ID_DESA":"31.75.04.1005","DESA":"BALEKAMBANG","LONGITUDE":106.8550464,"LATITUDE":-6.2772701,"STATUS":"BUKA","TANGGAL UPDATE":"27/02/2025","TANGGAL PENGUMPULAN":"Q4 2023","q":27440,"r":-15119}},{"type":"Feature","geometry":{"coordinates":[106.8874814,-6.1939017],"type":"Point"},"properties":{"NAMA":"QUIZNOS RAWAMANGUN","TIPE_1":"MAKANAN DAN MINUMAN","TIPE_2":"RESTORAN","TIPE_3":"RESTORAN EROPA","TELEPON":"","ALAMAT":"JL. PEMUDA, RAWAMANGUN, KEC. PULO GADUNG, KOTA JAKARTA TIMUR, DAERAH KHUSUS IBUKOTA JAKARTA 13220","ID_PROV":"31","PROVINSI":"DKI JAKARTA","ID_KABKOT":"31.75","KABKOT":"KOTA ADM. JAKARTA TIMUR","ID_KEC":"31.75.02","KECAMATAN":"PULOGADUNG","ID_DESA":"31.75.02.1005","DESA":"RAWAMANGUN","LONGITUDE":106.8874814,"LATITUDE":-6.1939017,"STATUS":"BUKA","TANGGAL UPDATE":"27/02/2025","TANGGAL PENGUMPULAN":"Q4 2023","q":27448,"r":-15104}},{"type":"Feature","geometry":{"coordinates":[106.8720067,-6.2121721],"type":"Point"},"properties":{"NAMA":"DON OPPY DE MARCO","TIPE_1":"MAKANAN DAN MINUMAN","TIPE_2":"RESTORAN","TIPE_3":"RESTORAN EROPA","TELEPON":"(021) 8506425","ALAMAT":"JL. PISANGAN BARU I BLOK BONGKENG NO.17, RT.3/RW.10, PISANGAN BARU, KEC. MATRAMAN, KOTA JAKARTA TIMUR, DAERAH KHUSUS IBUKOTA JAKARTA 13110","ID_PROV":"31","PROVINSI":"DKI JAKARTA","ID_KABKOT":"31.75","KABKOT":"KOTA ADM. JAKARTA TIMUR","ID_KEC":"31.75.01","KECAMATAN":"MATRAMAN","ID_DESA":"31.75.01.1001","DESA":"PISANGAN BARU","LONGITUDE":106.8720067,"LATITUDE":-6.2121721,"STATUS":"BUKA","TANGGAL UPDATE":"27/02/2025","TANGGAL PENGUMPULAN":"Q4 2023","q":27444,"r":-15106}},{"type":"Feature","geometry":{"coordinates":[106.89440380000008,-6.193367199999955],"type":"Point"},"properties":{"NAMA":"TENDA OREN (CHINESEFOODSTREET)","TIPE_1":"MAKANAN DAN MINUMAN","TIPE_2":"RESTORAN","TIPE_3":"RESTORAN CINA","TELEPON":"","ALAMAT":"JL. PEMUDA NO.2, RT.2/RW.7, RAWAMANGUN, PULO GADUNG, EAST JAKARTA CITY, JAKARTA","ID_PROV":"31","PROVINSI":"DKI JAKARTA","ID_KABKOT":"31.75","KABKOT":"KOTA ADM. JAKARTA TIMUR","ID_KEC":"31.75.02","KECAMATAN":"PULOGADUNG","ID_DESA":"31.75.02.1007","DESA":"JATI","LONGITUDE":106.894403799999,"LATITUDE":-6.1933672,"STATUS":"BUKA","TANGGAL UPDATE":"27/02/2025","TANGGAL PENGUMPULAN":"Q4 2023","q":27450,"r":-15105}},{"type":"Feature","geometry":{"coordinates":[106.93736030000008,-6.209726399999965],"type":"Point"},"properties":{"NAMA":"PAWON SUKABUMI CHINESEFOOD PENGGILINGAN","TIPE_1":"MAKANAN DAN MINUMAN","TIPE_2":"RESTORAN","TIPE_3":"RESTORAN CINA","TELEPON":"0838-7354-0897","ALAMAT":"JL. RAYA PENGGILINGAN NO.33C, RT.5/RW.5, PENGGILINGAN, KEC. CAKUNG, KOTA JAKARTA TIMUR, DAERAH KHUSUS IBUKOTA JAKARTA 13940","ID_PROV":"31","PROVINSI":"DKI JAKARTA","ID_KABKOT":"31.75","KABKOT":"KOTA ADM. JAKARTA TIMUR","ID_KEC":"31.75.06","KECAMATAN":"CAKUNG","ID_DESA":"31.75.06.1003","DESA":"PENGGILINGAN","LONGITUDE":106.9373603,"LATITUDE":-6.2097264,"STATUS":"BUKA","TANGGAL UPDATE":"27/02/2025","TANGGAL PENGUMPULAN":"Q4 2023","q":27461,"r":-15114}},{"type":"Feature","geometry":{"coordinates":[106.95569960000006,-6.196425199999965],"type":"Point"},"properties":{"NAMA":"BAKMI UNYIL CHINESE FOOD","TIPE_1":"MAKANAN DAN MINUMAN","TIPE_2":"RESTORAN","TIPE_3":"RESTORAN CINA","TELEPON":"0813-1999-4437","ALAMAT":"JL. RAYA PULO GEBANG NO.13, RT.13/RW.14, PULO GEBANG, KEC. CAKUNG, KOTA JAKARTA TIMUR, DAERAH KHUSUS IBUKOTA JAKARTA 13950","ID_PROV":"31","PROVINSI":"DKI JAKARTA","ID_KABKOT":"31.75","KABKOT":"KOTA ADM. JAKARTA TIMUR","ID_KEC":"31.75.06","KECAMATAN":"CAKUNG","ID_DESA":"31.75.06.1005","DESA":"PULO GEBANG","LONGITUDE":106.955699599999,"LATITUDE":-6.1964252,"STATUS":"BUKA","TANGGAL UPDATE":"27/02/2025","TANGGAL PENGUMPULAN":"Q4 2023","q":27466,"r":-15113}},{"type":"Feature","geometry":{"coordinates":[106.88588230000005,-6.198175599999956],"type":"Point"},"properties":{"NAMA":"TUAN RUMAH","TIPE_1":"MAKANAN DAN MINUMAN","TIPE_2":"RESTORAN","TIPE_3":"RESTORAN CINA","TELEPON":"0858-5667-6694","ALAMAT":"JL. BALAI PUSTAKA NO.C/3, RT.5/RW.10, RAWAMANGUN, KEC. PULO GADUNG, KOTA JAKARTA TIMUR, DAERAH KHUSUS IBUKOTA JAKARTA 13220","ID_PROV":"31","PROVINSI":"DKI JAKARTA","ID_KABKOT":"31.75","KABKOT":"KOTA ADM. JAKARTA TIMUR","ID_KEC":"31.75.02","KECAMATAN":"PULOGADUNG","ID_DESA":"31.75.02.1005","DESA":"RAWAMANGUN","LONGITUDE":106.885882299999,"LATITUDE":-6.1981756,"STATUS":"BUKA","TANGGAL UPDATE":"27/02/2025","TANGGAL PENGUMPULAN":"Q4 2023","q":27448,"r":-15105}},{"type":"Feature","geometry":{"coordinates":[106.91301010000006,-6.195128799999964],"type":"Point"},"properties":{"NAMA":"CHIDURA CHINESE FOOD","TIPE_1":"MAKANAN DAN MINUMAN","TIPE_2":"RESTORAN","TIPE_3":"RESTORAN CINA","TELEPON":"(021) 41210802","ALAMAT":"JL. RW. TERATE II NO.2, RW.9, JATINEGARA, KEC. CAKUNG, KOTA JAKARTA TIMUR, DAERAH KHUSUS IBUKOTA JAKARTA 13930","ID_PROV":"31","PROVINSI":"DKI JAKARTA","ID_KABKOT":"31.75","KABKOT":"KOTA ADM. JAKARTA TIMUR","ID_KEC":"31.75.06","KECAMATAN":"CAKUNG","ID_DESA":"31.75.06.1001","DESA":"JATINEGARA","LONGITUDE":106.9130101,"LATITUDE":-6.1951288,"STATUS":"BUKA","TANGGAL UPDATE":"27/02/2025","TANGGAL PENGUMPULAN":"Q4 2023","q":27455,"r":-15108}},{"type":"Feature","geometry":{"coordinates":[106.90941970000006,-6.318807699999979],"type":"Point"},"properties":{"NAMA":"PONDOK RASA CHINESE FOOD","TIPE_1":"MAKANAN DAN MINUMAN","TIPE_2":"RESTORAN","TIPE_3":"RESTORAN CINA","TELEPON":"0812-9847-7649","ALAMAT":"JL. SETU CIPAYUNG NO.69, RT.8/RW.3, SETU, KEC. CIPAYUNG, KOTA JAKARTA TIMUR, DAERAH KHUSUS IBUKOTA JAKARTA 13870","ID_PROV":"31","PROVINSI":"DKI JAKARTA","ID_KABKOT":"31.75","KABKOT":"KOTA ADM. JAKARTA TIMUR","ID_KEC":"31.75.10","KECAMATAN":"CIPAYUNG","ID_DESA":"31.75.10.1005","DESA":"SETU","LONGITUDE":106.9094197,"LATITUDE":-6.3188077,"STATUS":"BUKA","TANGGAL UPDATE":"27/02/2025","TANGGAL PENGUMPULAN":"Q4 2023","q":27454,"r":-15135}},{"type":"Feature","geometry":{"coordinates":[106.86855360000004,-6.219863699999962],"type":"Point"},"properties":{"NAMA":"RM 57 MA- JU","TIPE_1":"MAKANAN DAN MINUMAN","TIPE_2":"RESTORAN","TIPE_3":"RESTORAN CINA","TELEPON":"(021) 8195852","ALAMAT":"11, JL. JATINEGARA TIMUR NO.57, RT.11/RW.3, BALI MESTER, KECAMATAN JATINEGARA, KOTA JAKARTA TIMUR, DAERAH KHUSUS IBUKOTA JAKARTA 13310","ID_PROV":"31","PROVINSI":"DKI JAKARTA","ID_KABKOT":"31.75","KABKOT":"KOTA ADM. JAKARTA TIMUR","ID_KEC":"31.75.03","KECAMATAN":"JATINEGARA","ID_DESA":"31.75.03.1003","DESA":"BALI MESTER","LONGITUDE":106.8685536,"LATITUDE":-6.2198637,"STATUS":"BUKA","TANGGAL UPDATE":"27/02/2025","TANGGAL PENGUMPULAN":"Q4 2023","q":27443,"r":-15108}},{"type":"Feature","geometry":{"coordinates":[106.86728820000008,-6.217301599999928],"type":"Point"},"properties":{"NAMA":"JAYA REST","TIPE_1":"MAKANAN DAN MINUMAN","TIPE_2":"RESTORAN","TIPE_3":"RESTORAN CINA","TELEPON":"(021) 29827259","ALAMAT":"JL. JATINEGARA TIMUR NO.RT.8, RT.8/RW.4, BALI MESTER, KECAMATAN JATINEGARA, KOTA JAKARTA TIMUR, DAERAH KHUSUS IBUKOTA JAKARTA 13310","ID_PROV":"31","PROVINSI":"DKI JAKARTA","ID_KABKOT":"31.75","KABKOT":"KOTA ADM. JAKARTA TIMUR","ID_KEC":"31.75.03","KECAMATAN":"JATINEGARA","ID_DESA":"31.75.03.1003","DESA":"BALI MESTER","LONGITUDE":106.867288199999,"LATITUDE":-6.2173016,"STATUS":"BUKA","TANGGAL UPDATE":"27/02/2025","TANGGAL PENGUMPULAN":"Q4 2023","q":27443,"r":-15107}},{"type":"Feature","geometry":{"coordinates":[106.92344840000004,-6.217906699999958],"type":"Point"},"properties":{"NAMA":"TA WAN - BUARAN PLAZA","TIPE_1":"MAKANAN DAN MINUMAN","TIPE_2":"RESTORAN","TIPE_3":"RESTORAN CINA","TELEPON":"(021) 86615099","ALAMAT":"JL. RADIN INTEN II NO.8, RT.8/RW.14, KLENDER, KEC. DUREN SAWIT, KOTA JAKARTA TIMUR, DAERAH KHUSUS IBUKOTA JAKARTA 13470","ID_PROV":"31","PROVINSI":"DKI JAKARTA","ID_KABKOT":"31.75","KABKOT":"KOTA ADM. JAKARTA TIMUR","ID_KEC":"31.75.07","KECAMATAN":"DUREN SAWIT","ID_DESA":"31.75.07.1003","DESA":"KLENDER","LONGITUDE":106.9234484,"LATITUDE":-6.2179067,"STATUS":"BUKA","TANGGAL UPDATE":"27/02/2025","TANGGAL PENGUMPULAN":"Q4 2023","q":27457,"r":-15114}},{"type":"Feature","geometry":{"coordinates":[106.89120770000005,-6.225033799999949],"type":"Point"},"properties":{"NAMA":"RMDUA PUTRI CHINESE FOOD","TIPE_1":"MAKANAN DAN MINUMAN","TIPE_2":"RESTORAN","TIPE_3":"RESTORAN CINA","TELEPON":"0831-3170-4740","ALAMAT":"JL. CIPINANG MUARA RAYA, RT.4/RW.3, CIPINANG MUARA, KECAMATAN JATINEGARA, KOTA JAKARTA TIMUR, DAERAH KHUSUS IBUKOTA JAKARTA 13420","ID_PROV":"31","PROVINSI":"DKI JAKARTA","ID_KABKOT":"31.75","KABKOT":"KOTA ADM. JAKARTA TIMUR","ID_KEC":"31.75.03","KECAMATAN":"JATINEGARA","ID_DESA":"31.75.03.1006","DESA":"CIPINANG MUARA","LONGITUDE":106.8912077,"LATITUDE":-6.2250338,"STATUS":"BUKA","TANGGAL UPDATE":"27/02/2025","TANGGAL PENGUMPULAN":"Q4 2023","q":27449,"r":-15112}},{"type":"Feature","geometry":{"coordinates":[106.89584550000006,-6.20019549999995],"type":"Point"},"properties":{"NAMA":"RESTO MUTIARA","TIPE_1":"MAKANAN DAN MINUMAN","TIPE_2":"RESTORAN","TIPE_3":"RESTORAN CINA","TELEPON":"0812-8143-2960","ALAMAT":"JL. MUTIARA NO.22, RT.21/RW.6, JATI, KEC. PULO GADUNG, KOTA JAKARTA TIMUR, DAERAH KHUSUS IBUKOTA JAKARTA 13220","ID_PROV":"31","PROVINSI":"DKI JAKARTA","ID_KABKOT":"31.75","KABKOT":"KOTA ADM. JAKARTA TIMUR","ID_KEC":"31.75.02","KECAMATAN":"PULOGADUNG","ID_DESA":"31.75.02.1007","DESA":"JATI","LONGITUDE":106.8958455,"LATITUDE":-6.2001955,"STATUS":"BUKA","TANGGAL UPDATE":"27/02/2025","TANGGAL PENGUMPULAN":"Q4 2023","q":27450,"r":-15107}},{"type":"Feature","geometry":{"coordinates":[106.86428410000008,-6.261704699999939],"type":"Point"},"properties":{"NAMA":"PT CHINESE FOOD","TIPE_1":"MAKANAN DAN MINUMAN","TIPE_2":"RESTORAN","TIPE_3":"RESTORAN CINA","TELEPON":"0895-0272-5621","ALAMAT":"JL. RAYA BOGOR CILILITAN JL. DEWI SARTIKA NO.17, RT.2/RW.13, CILILITAN, KEC. KRAMAT JATI, KOTA JAKARTA TIMUR, DAERAH KHUSUS IBUKOTA JAKARTA 12750","ID_PROV":"31","PROVINSI":"DKI JAKARTA","ID_KABKOT":"31.75","KABKOT":"KOTA ADM. JAKARTA TIMUR","ID_KEC":"31.75.04","KECAMATAN":"KRAMATJATI","ID_DESA":"31.75.04.1006","DESA":"CILILITAN","LONGITUDE":106.864284099999,"LATITUDE":-6.2617047,"STATUS":"BUKA","TANGGAL UPDATE":"27/02/2025","TANGGAL PENGUMPULAN":"Q4 2023","q":27442,"r":-15116}},{"type":"Feature","geometry":{"coordinates":[106.89751040000004,-6.189996299999962],"type":"Point"},"properties":{"NAMA":"CHINESE FOOD BERKAH","TIPE_1":"MAKANAN DAN MINUMAN","TIPE_2":"RESTORAN","TIPE_3":"RESTORAN CINA","TELEPON":"0812-9893-0903","ALAMAT":"JL. JATI MAHONI NO.41, RT.6/RW.4, JATI, KEC. PULO GADUNG, KOTA JAKARTA TIMUR, DAERAH KHUSUS IBUKOTA JAKARTA 13260","ID_PROV":"31","PROVINSI":"DKI JAKARTA","ID_KABKOT":"31.75","KABKOT":"KOTA ADM. JAKARTA TIMUR","ID_KEC":"31.75.02","KECAMATAN":"PULOGADUNG","ID_DESA":"31.75.02.1007","DESA":"JATI","LONGITUDE":106.8975104,"LATITUDE":-6.1899963,"STATUS":"BUKA","TANGGAL UPDATE":"27/02/2025","TANGGAL PENGUMPULAN":"Q4 2023","q":27451,"r":-15105}},{"type":"Feature","geometry":{"coordinates":[106.92268490000004,-6.205130599999961],"type":"Point"},"properties":{"NAMA":"RUMAH MAKAN MANUNGGAL (CHINESE FOOD)","TIPE_1":"MAKANAN DAN MINUMAN","TIPE_2":"RESTORAN","TIPE_3":"RESTORAN CINA","TELEPON":"0877-3278-3033","ALAMAT":"JL. DR. KRT RADJIMAN WIDYODININGRAT NO.30, RT.11/RW.6, JATINEGARA, KEC. CAKUNG, KOTA JAKARTA TIMUR, DAERAH KHUSUS IBUKOTA JAKARTA 13930","ID_PROV":"31","PROVINSI":"DKI JAKARTA","ID_KABKOT":"31.75","KABKOT":"KOTA ADM. JAKARTA TIMUR","ID_KEC":"31.75.06","KECAMATAN":"CAKUNG","ID_DESA":"31.75.06.1001","DESA":"JATINEGARA","LONGITUDE":106.9226849,"LATITUDE":-6.2051306,"STATUS":"BUKA","TANGGAL UPDATE":"27/02/2025","TANGGAL PENGUMPULAN":"Q4 2023","q":27457,"r":-15111}},{"type":"Feature","geometry":{"coordinates":[106.88618870000005,-6.221682],"type":"Point"},"properties":{"NAMA":"RMCHINESE FOOD ELOK","TIPE_1":"MAKANAN DAN MINUMAN","TIPE_2":"RESTORAN","TIPE_3":"RESTORAN CINA","TELEPON":"","ALAMAT":"JL. CIPINANG JAYA RAYA NO.10, RT.5/RW.10, CIPINANG MUARA, KECAMATAN JATINEGARA, KOTA JAKARTA TIMUR, DAERAH KHUSUS IBUKOTA JAKARTA 13420","ID_PROV":"31","PROVINSI":"DKI JAKARTA","ID_KABKOT":"31.75","KABKOT":"KOTA ADM. JAKARTA TIMUR","ID_KEC":"31.75.03","KECAMATAN":"JATINEGARA","ID_DESA":"31.75.03.1006","DESA":"CIPINANG MUARA","LONGITUDE":106.886188699999,"LATITUDE":-6.221682,"STATUS":"BUKA","TANGGAL UPDATE":"27/02/2025","TANGGAL PENGUMPULAN":"Q4 2023","q":27448,"r":-15110}},{"type":"Feature","geometry":{"coordinates":[106.887302,-6.21953579999996],"type":"Point"},"properties":{"NAMA":"BAKSO BINAKARYA","TIPE_1":"MAKANAN DAN MINUMAN","TIPE_2":"RESTORAN","TIPE_3":"RESTORAN CINA","TELEPON":"0877-4213-4458","ALAMAT":"JL. CIPINANG JAYA RAYA NO.15, CIPINANG MUARA, JATINEGARA, EAST JAKARTA CITY, JAKARTA 13410","ID_PROV":"31","PROVINSI":"DKI JAKARTA","ID_KABKOT":"31.75","KABKOT":"KOTA ADM. JAKARTA TIMUR","ID_KEC":"31.75.03","KECAMATAN":"JATINEGARA","ID_DESA":"31.75.03.1006","DESA":"CIPINANG MUARA","LONGITUDE":106.887302,"LATITUDE":-6.2195358,"STATUS":"BUKA","TANGGAL UPDATE":"27/02/2025","TANGGAL PENGUMPULAN":"Q4 2023","q":27448,"r":-15110}},{"type":"Feature","geometry":{"coordinates":[106.87529760000007,-6.309035699999981],"type":"Point"},"properties":{"NAMA":"CHINESE FOOD 88 - TANAH MERDEKA","TIPE_1":"MAKANAN DAN MINUMAN","TIPE_2":"RESTORAN","TIPE_3":"RESTORAN CINA","TELEPON":"0821-1456-9348","ALAMAT":"JL. TANAH MERDEKA NO.7, RT.8/RW.4, RAMBUTAN, KEC. CIRACAS, KOTA JAKARTA TIMUR, DAERAH KHUSUS IBUKOTA JAKARTA 13750","ID_PROV":"31","PROVINSI":"DKI JAKARTA","ID_KABKOT":"31.75","KABKOT":"KOTA ADM. JAKARTA TIMUR","ID_KEC":"31.75.09","KECAMATAN":"CIRACAS","ID_DESA":"31.75.09.1004","DESA":"SUSUKAN","LONGITUDE":106.8752976,"LATITUDE":-6.3090357,"STATUS":"BUKA","TANGGAL UPDATE":"27/02/2025","TANGGAL PENGUMPULAN":"Q4 2023","q":27445,"r":-15128}},{"type":"Feature","geometry":{"coordinates":[106.867308,-6.21716239999995],"type":"Point"},"properties":{"NAMA":"RESTAURAN CHINESE FOOD JATINEGARA ALEX BALIMESTER","TIPE_1":"MAKANAN DAN MINUMAN","TIPE_2":"RESTORAN","TIPE_3":"RESTORAN CINA","TELEPON":"0878-8234-4544","ALAMAT":"8, JL. JATINEGARA TIMUR NO.29C, RT.8/RW.4, BALI MESTER, KECAMATAN JATINEGARA, KOTA JAKARTA TIMUR, DAERAH KHUSUS IBUKOTA JAKARTA 13310","ID_PROV":"31","PROVINSI":"DKI JAKARTA","ID_KABKOT":"31.75","KABKOT":"KOTA ADM. JAKARTA TIMUR","ID_KEC":"31.75.03","KECAMATAN":"JATINEGARA","ID_DESA":"31.75.03.1003","DESA":"BALI MESTER","LONGITUDE":106.867308,"LATITUDE":-6.2171624,"STATUS":"BUKA","TANGGAL UPDATE":"27/02/2025","TANGGAL PENGUMPULAN":"Q4 2023","q":27443,"r":-15107}},{"type":"Feature","geometry":{"coordinates":[106.93555540000006,-6.248306399999933],"type":"Point"},"properties":{"NAMA":"RAJA RAOS CHINESE FOOD","TIPE_1":"MAKANAN DAN MINUMAN","TIPE_2":"RESTORAN","TIPE_3":"RESTORAN CINA","TELEPON":"","ALAMAT":"GANG AL.HAYAH NO.1, RT.1/RW.4, PD. KLP., KEC. DUREN SAWIT, KOTA JAKARTA TIMUR, DAERAH KHUSUS IBUKOTA JAKARTA 13450","ID_PROV":"31","PROVINSI":"DKI JAKARTA","ID_KABKOT":"31.75","KABKOT":"KOTA ADM. JAKARTA TIMUR","ID_KEC":"31.75.07","KECAMATAN":"DUREN SAWIT","ID_DESA":"31.75.07.1004","DESA":"PONDOK KELAPA","LONGITUDE":106.9355554,"LATITUDE":-6.2483064,"STATUS":"BUKA","TANGGAL UPDATE":"27/02/2025","TANGGAL PENGUMPULAN":"Q4 2023","q":27460,"r":-15123}},{"type":"Feature","geometry":{"coordinates":[106.95548840000004,-6.204619899999955],"type":"Point"},"properties":{"NAMA":"CINESSE DRAGON RESTO","TIPE_1":"MAKANAN DAN MINUMAN","TIPE_2":"RESTORAN","TIPE_3":"RESTORAN CINA","TELEPON":"","ALAMAT":"JL. RAYA PULO GEBANG NO.1, RT.1/RW.6, PULO GEBANG, KEC. CAKUNG, KOTA JAKARTA TIMUR, DAERAH KHUSUS IBUKOTA JAKARTA","ID_PROV":"31","PROVINSI":"DKI JAKARTA","ID_KABKOT":"31.75","KABKOT":"KOTA ADM. JAKARTA TIMUR","ID_KEC":"31.75.06","KECAMATAN":"CAKUNG","ID_DESA":"31.75.06.1005","DESA":"PULO GEBANG","LONGITUDE":106.9554884,"LATITUDE":-6.2046199,"STATUS":"BUKA","TANGGAL UPDATE":"27/02/2025","TANGGAL PENGUMPULAN":"Q4 2023","q":27465,"r":-15115}},{"type":"Feature","geometry":{"coordinates":[106.85901480000007,-6.304572899999926],"type":"Point"},"properties":{"NAMA":"RUMAH MAKAN ACONG","TIPE_1":"MAKANAN DAN MINUMAN","TIPE_2":"RESTORAN","TIPE_3":"RESTORAN CINA","TELEPON":"(021) 8400610","ALAMAT":"JL. KESEHATAN NO.16, RT.4/RW.11, GEDONG, KEC. PS. REBO, KOTA JAKARTA TIMUR, DAERAH KHUSUS IBUKOTA JAKARTA 13760","ID_PROV":"31","PROVINSI":"DKI JAKARTA","ID_KABKOT":"31.75","KABKOT":"KOTA ADM. JAKARTA TIMUR","ID_KEC":"31.75.05","KECAMATAN":"PASAR REBO","ID_DESA":"31.75.05.1001","DESA":"GEDONG","LONGITUDE":106.8590148,"LATITUDE":-6.3045729,"STATUS":"BUKA","TANGGAL UPDATE":"27/02/2025","TANGGAL PENGUMPULAN":"Q4 2023","q":27441,"r":-15125}},{"type":"Feature","geometry":{"coordinates":[106.89442620000005,-6.193280799999968],"type":"Point"},"properties":{"NAMA":"TENDA ESTHER CHINESE FOOD","TIPE_1":"MAKANAN DAN MINUMAN","TIPE_2":"RESTORAN","TIPE_3":"RESTORAN CINA","TELEPON":"0812-8742-2992","ALAMAT":"JL. PEMUDA, RT.3/RW.1, RAWAMANGUN, KEC. PULO GADUNG, KOTA JAKARTA TIMUR, DAERAH KHUSUS IBUKOTA JAKARTA 13220","ID_PROV":"31","PROVINSI":"DKI JAKARTA","ID_KABKOT":"31.75","KABKOT":"KOTA ADM. JAKARTA TIMUR","ID_KEC":"31.75.02","KECAMATAN":"PULOGADUNG","ID_DESA":"31.75.02.1007","DESA":"JATI","LONGITUDE":106.8944262,"LATITUDE":-6.1932808,"STATUS":"BUKA","TANGGAL UPDATE":"27/02/2025","TANGGAL PENGUMPULAN":"Q4 2023","q":27450,"r":-15105}},{"type":"Feature","geometry":{"coordinates":[106.86226910000005,-6.215652],"type":"Point"},"properties":{"NAMA":"HIDUP BARU RUMAH MAKAN","TIPE_1":"MAKANAN DAN MINUMAN","TIPE_2":"RESTORAN","TIPE_3":"RESTORAN CINA","TELEPON":"(021) 8198087","ALAMAT":"KOMPLEK RUKO BUKIT DURI PERMAI BLOK C7 NO. 54E JALAN JATINEGARA BARAT RAYA, RT. 01/RW. 04 BIDARA CINA JATINEGARA RT.2, RT.4/RW.4, KP. MELAYU, KECAMATAN JATINEGARA, KOTA JAKARTA TIMUR, DAERAH KHUSUS IBUKOTA JAKARTA 13320","ID_PROV":"31","PROVINSI":"DKI JAKARTA","ID_KABKOT":"31.75","KABKOT":"KOTA ADM. JAKARTA TIMUR","ID_KEC":"31.75.03","KECAMATAN":"JATINEGARA","ID_DESA":"31.75.03.1001","DESA":"KAMPUNG MELAYU","LONGITUDE":106.862269099999,"LATITUDE":-6.215652,"STATUS":"BUKA","TANGGAL UPDATE":"27/02/2025","TANGGAL PENGUMPULAN":"Q4 2023","q":27442,"r":-15106}},{"type":"Feature","geometry":{"coordinates":[106.920419,-6.220592],"type":"Point"},"properties":{"NAMA":"PECEL LELE KING KONG","TIPE_1":"MAKANAN DAN MINUMAN","TIPE_2":"RESTORAN","TIPE_3":"RESTORAN CINA","TELEPON":"0812-9861-8248","ALAMAT":"JL. BUARAN RAYA, DUREN SAWIT, KEC. DUREN SAWIT, KOTA JAKARTA TIMUR, DAERAH KHUSUS IBUKOTA JAKARTA 13440","ID_PROV":"31","PROVINSI":"DKI JAKARTA","ID_KABKOT":"31.75","KABKOT":"KOTA ADM. JAKARTA TIMUR","ID_KEC":"31.75.07","KECAMATAN":"DUREN SAWIT","ID_DESA":"31.75.07.1001","DESA":"DUREN SAWIT","LONGITUDE":106.920419,"LATITUDE":-6.220592,"STATUS":"BUKA","TANGGAL UPDATE":"27/02/2025","TANGGAL PENGUMPULAN":"Q4 2023","q":27456,"r":-15114}},{"type":"Feature","geometry":{"coordinates":[106.90840490000005,-6.248654],"type":"Point"},"properties":{"NAMA":"ANEKA BAKMI MAS BEJO","TIPE_1":"MAKANAN DAN MINUMAN","TIPE_2":"RESTORAN","TIPE_3":"RESTORAN CINA","TELEPON":"0812-1973-7539","ALAMAT":"JL. RAYA JATIWARINGIN NO.30, RT.1/RW.13, CIPINANG MELAYU, KEC. MAKASAR, KOTA JAKARTA TIMUR, DAERAH KHUSUS IBUKOTA JAKARTA 13620","ID_PROV":"31","PROVINSI":"DKI JAKARTA","ID_KABKOT":"31.75","KABKOT":"KOTA ADM. JAKARTA TIMUR","ID_KEC":"31.75.08","KECAMATAN":"MAKASAR","ID_DESA":"31.75.08.1005","DESA":"CIPINANG MELAYU","LONGITUDE":106.9084049,"LATITUDE":-6.248654,"STATUS":"BUKA","TANGGAL UPDATE":"27/02/2025","TANGGAL PENGUMPULAN":"Q4 2023","q":27453,"r":-15119}},{"type":"Feature","geometry":{"coordinates":[106.89394,-6.238698599999964],"type":"Point"},"properties":{"NAMA":"TA WAN MALL CIPINANG INDAH","TIPE_1":"MAKANAN DAN MINUMAN","TIPE_2":"RESTORAN","TIPE_3":"RESTORAN CINA","TELEPON":"(021) 29489467","ALAMAT":"MALL CIPINANG INDAH, GROUND FLOOR, JL. RAYA KALIMALANG NO.88, RT.18/RW.3, PD. BAMBU, KEC. DUREN SAWIT, KOTA JAKARTA TIMUR, DAERAH KHUSUS IBUKOTA JAKARTA 13420","ID_PROV":"31","PROVINSI":"DKI JAKARTA","ID_KABKOT":"31.75","KABKOT":"KOTA ADM. JAKARTA TIMUR","ID_KEC":"31.75.07","KECAMATAN":"DUREN SAWIT","ID_DESA":"31.75.07.1002","DESA":"PONDOK BAMBU","LONGITUDE":106.89394,"LATITUDE":-6.2386986,"STATUS":"BUKA","TANGGAL UPDATE":"27/02/2025","TANGGAL PENGUMPULAN":"Q4 2023","q":27450,"r":-15115}},{"type":"Feature","geometry":{"coordinates":[106.88626540000007,-6.196372199999928],"type":"Point"},"properties":{"NAMA":"DAPUR BANG THOYIB","TIPE_1":"MAKANAN DAN MINUMAN","TIPE_2":"RESTORAN","TIPE_3":"RESTORAN CINA","TELEPON":"0815-1044-7481","ALAMAT":"JALAN BALAI PUSTAKA BARU, 7 NO.12A, RT.7/RW.7, RAWAMANGUN, KEC. PULO GADUNG, KOTA JAKARTA TIMUR, DAERAH KHUSUS IBUKOTA JAKARTA 13220","ID_PROV":"31","PROVINSI":"DKI JAKARTA","ID_KABKOT":"31.75","KABKOT":"KOTA ADM. JAKARTA TIMUR","ID_KEC":"31.75.02","KECAMATAN":"PULOGADUNG","ID_DESA":"31.75.02.1005","DESA":"RAWAMANGUN","LONGITUDE":106.8862654,"LATITUDE":-6.1963722,"STATUS":"BUKA","TANGGAL UPDATE":"27/02/2025","TANGGAL PENGUMPULAN":"Q4 2023","q":27448,"r":-15105}},{"type":"Feature","geometry":{"coordinates":[106.95459710000006,-6.18462089999997],"type":"Point"},"properties":{"NAMA":"DIANA TUTUT DAN KEONG RICA","TIPE_1":"MAKANAN DAN MINUMAN","TIPE_2":"RESTORAN","TIPE_3":"RESTORAN CINA","TELEPON":"0857-8268-7341","ALAMAT":"JL. KP. GEMPOL, RT.3/RW.1, CAKUNG TIM., KEC. CAKUNG, KOTA JAKARTA TIMUR, DAERAH KHUSUS IBUKOTA JAKARTA 13910","ID_PROV":"31","PROVINSI":"DKI JAKARTA","ID_KABKOT":"31.75","KABKOT":"KOTA ADM. JAKARTA TIMUR","ID_KEC":"31.75.06","KECAMATAN":"CAKUNG","ID_DESA":"31.75.06.1004","DESA":"CAKUNG TIMUR","LONGITUDE":106.9545971,"LATITUDE":-6.1846209,"STATUS":"BUKA","TANGGAL UPDATE":"27/02/2025","TANGGAL PENGUMPULAN":"Q4 2023","q":27465,"r":-15111}},{"type":"Feature","geometry":{"coordinates":[106.94559940000005,-6.189649699999961],"type":"Point"},"properties":{"NAMA":"WAROENG IVA ( WI )","TIPE_1":"MAKANAN DAN MINUMAN","TIPE_2":"RESTORAN","TIPE_3":"RESTORAN CINA","TELEPON":"0878-8370-7863","ALAMAT":"GG. UMBANG JL. CAKUNG TIMUR NO.45 RT 012/02, RT.7/RW.2, CAKUNG TIM., KEC. CAKUNG, KOTA JAKARTA TIMUR, DAERAH KHUSUS IBUKOTA JAKARTA 13910","ID_PROV":"31","PROVINSI":"DKI JAKARTA","ID_KABKOT":"31.75","KABKOT":"KOTA ADM. JAKARTA TIMUR","ID_KEC":"31.75.06","KECAMATAN":"CAKUNG","ID_DESA":"31.75.06.1004","DESA":"CAKUNG TIMUR","LONGITUDE":106.945599399999,"LATITUDE":-6.1896497,"STATUS":"BUKA","TANGGAL UPDATE":"27/02/2025","TANGGAL PENGUMPULAN":"Q4 2023","q":27463,"r":-15111}},{"type":"Feature","geometry":{"coordinates":[106.89029440000007,-6.200600799999961],"type":"Point"},"properties":{"NAMA":"DIMSUM YANG","TIPE_1":"MAKANAN DAN MINUMAN","TIPE_2":"RESTORAN","TIPE_3":"RESTORAN CINA","TELEPON":"0819-3438-9646","ALAMAT":"JL. PEGAMBIRAN NO.43, RT.12/RW.7, JATI, KEC. PULO GADUNG, KOTA JAKARTA TIMUR, DAERAH KHUSUS IBUKOTA JAKARTA 13220","ID_PROV":"31","PROVINSI":"DKI JAKARTA","ID_KABKOT":"31.75","KABKOT":"KOTA ADM. JAKARTA TIMUR","ID_KEC":"31.75.02","KECAMATAN":"PULOGADUNG","ID_DESA":"31.75.02.1005","DESA":"RAWAMANGUN","LONGITUDE":106.8902944,"LATITUDE":-6.2006008,"STATUS":"BUKA","TANGGAL UPDATE":"27/02/2025","TANGGAL PENGUMPULAN":"Q4 2023","q":27449,"r":-15106}},{"type":"Feature","geometry":{"coordinates":[106.85676340000003,-6.340050299999973],"type":"Point"},"properties":{"NAMA":"CHINESE FOOD 88","TIPE_1":"MAKANAN DAN MINUMAN","TIPE_2":"RESTORAN","TIPE_3":"RESTORAN CINA","TELEPON":"0877-8820-0633","ALAMAT":"JL. KALISARI II, RUKO KENANGA CITY, RT.11/RW.2, KALISARI, KEC. PS. REBO, KOTA JAKARTA TIMUR, DAERAH KHUSUS IBUKOTA JAKARTA 13790","ID_PROV":"31","PROVINSI":"DKI JAKARTA","ID_KABKOT":"31.75","KABKOT":"KOTA ADM. JAKARTA TIMUR","ID_KEC":"31.75.05","KECAMATAN":"PASAR REBO","ID_DESA":"31.75.05.1004","DESA":"KALISARI","LONGITUDE":106.856763399999,"LATITUDE":-6.3400503,"STATUS":"BUKA","TANGGAL UPDATE":"27/02/2025","TANGGAL PENGUMPULAN":"Q4 2023","q":27440,"r":-15133}},{"type":"Feature","geometry":{"coordinates":[106.89490620000004,-6.195226699999978],"type":"Point"},"properties":{"NAMA":"CHICLINRAWAMANGUN","TIPE_1":"MAKANAN DAN MINUMAN","TIPE_2":"RESTORAN","TIPE_3":"RESTORAN CINA","TELEPON":"0822-1122-0601","ALAMAT":"JL. SUNAN DRAJAD NO.21, RT./RW:008/RW.KEL:JATI, KEC:PULOGADUNG, PULO GADUNG, EAST JAKARTA CITY, JAKARTA 13220","ID_PROV":"31","PROVINSI":"DKI JAKARTA","ID_KABKOT":"31.75","KABKOT":"KOTA ADM. JAKARTA TIMUR","ID_KEC":"31.75.02","KECAMATAN":"PULOGADUNG","ID_DESA":"31.75.02.1007","DESA":"JATI","LONGITUDE":106.8949062,"LATITUDE":-6.1952267,"STATUS":"BUKA","TANGGAL UPDATE":"27/02/2025","TANGGAL PENGUMPULAN":"Q4 2023","q":27450,"r":-15105}},{"type":"Feature","geometry":{"coordinates":[106.94936830000006,-6.186598099999969],"type":"Point"},"properties":{"NAMA":"IMPERIAL KITCHEN & DIMSUM - AEON MALL JGC","TIPE_1":"MAKANAN DAN MINUMAN","TIPE_2":"RESTORAN","TIPE_3":"RESTORAN CINA","TELEPON":"(021) 22463183","ALAMAT":"LULU CAKUNG LT.1 UNIT 35 & IC - 107, JL. CASSIA UTAMA NO.46, CAKUNG TIM., JAKARTA, KOTA JAKARTA TIMUR, DAERAH KHUSUS IBUKOTA JAKARTA 13910","ID_PROV":"31","PROVINSI":"DKI JAKARTA","ID_KABKOT":"31.75","KABKOT":"KOTA ADM. JAKARTA TIMUR","ID_KEC":"31.75.06","KECAMATAN":"CAKUNG","ID_DESA":"31.75.06.1006","DESA":"UJUNG MENTENG","LONGITUDE":106.949368299999,"LATITUDE":-6.1865981,"STATUS":"BUKA","TANGGAL UPDATE":"27/02/2025","TANGGAL PENGUMPULAN":"Q4 2023","q":27464,"r":-15110}},{"type":"Feature","geometry":{"coordinates":[106.87266920000008,-6.244942099999946],"type":"Point"},"properties":{"NAMA":"SHUAI DIMSUM & PEMPEK","TIPE_1":"MAKANAN DAN MINUMAN","TIPE_2":"RESTORAN","TIPE_3":"JAJANAN","TELEPON":"","ALAMAT":"12, JL. BIRU LAUT X NO.3, RT.12/RW.11, CIPINANG CEMPEDAK, KECAMATAN JATINEGARA, KOTA JAKARTA TIMUR, DAERAH KHUSUS IBUKOTA JAKARTA 13340","ID_PROV":"31","PROVINSI":"DKI JAKARTA","ID_KABKOT":"31.75","KABKOT":"KOTA ADM. JAKARTA TIMUR","ID_KEC":"31.75.03","KECAMATAN":"JATINEGARA","ID_DESA":"31.75.03.1005","DESA":"CIPINANG CEMPEDAK","LONGITUDE":106.872669199999,"LATITUDE":-6.2449421,"STATUS":"BUKA","TANGGAL UPDATE":"27/02/2025","TANGGAL PENGUMPULAN":"Q4 2023","q":27444,"r":-15114}},{"type":"Feature","geometry":{"coordinates":[106.93878030000008,-6.224260399999935],"type":"Point"},"properties":{"NAMA":"MAKJON ( PELOPOR MARTABAK JEPANG) DUREN SAWIT","TIPE_1":"MAKANAN DAN MINUMAN","TIPE_2":"RESTORAN","TIPE_3":"RESTORAN JEPANG","TELEPON":"","ALAMAT":"JL. MAWAR MERAH II NO.52, RT.6/RW.1, MALAKA JAYA, KEC. DUREN SAWIT, KOTA JAKARTA TIMUR, DAERAH KHUSUS IBUKOTA JAKARTA 13460","ID_PROV":"31","PROVINSI":"DKI JAKARTA","ID_KABKOT":"31.75","KABKOT":"KOTA ADM. JAKARTA TIMUR","ID_KEC":"31.75.07","KECAMATAN":"DUREN SAWIT","ID_DESA":"31.75.07.1007","DESA":"PONDOK KOPI","LONGITUDE":106.938780299999,"LATITUDE":-6.2242604,"STATUS":"BUKA","TANGGAL UPDATE":"27/02/2025","TANGGAL PENGUMPULAN":"Q4 2023","q":27461,"r":-15118}},{"type":"Feature","geometry":{"coordinates":[106.9216212,-6.2063385],"type":"Point"},"properties":{"NAMA":"NASI GORENG","TIPE_1":"MAKANAN DAN MINUMAN","TIPE_2":"RESTORAN","TIPE_3":"NASI GORENG","TELEPON":"","ALAMAT":"JL. PENGARENGAN NO.62, RT.2/RW.7, JATINEGARA, KEC. CAKUNG, KOTA JAKARTA TIMUR, DAERAH KHUSUS IBUKOTA JAKARTA 13930","ID_PROV":"31","PROVINSI":"DKI JAKARTA","ID_KABKOT":"31.75","KABKOT":"KOTA ADM. JAKARTA TIMUR","ID_KEC":"31.75.06","KECAMATAN":"CAKUNG","ID_DESA":"31.75.06.1001","DESA":"JATINEGARA","LONGITUDE":106.9216212,"LATITUDE":-6.2063385,"STATUS":"BUKA","TANGGAL UPDATE":"27/02/2025","TANGGAL PENGUMPULAN":"Q4 2023","q":27457,"r":-15111}},{"type":"Feature","geometry":{"coordinates":[106.8736943,-6.2547182],"type":"Point"},"properties":{"NAMA":"NASI GORENG MANTAP JIWA","TIPE_1":"MAKANAN DAN MINUMAN","TIPE_2":"RESTORAN","TIPE_3":"NASI GORENG","TELEPON":"","ALAMAT":"JL. PERMATA NO.3, RT.3/RW.5, KB. PALA, KEC. MAKASAR, KOTA JAKARTA TIMUR, DAERAH KHUSUS IBUKOTA JAKARTA 13650","ID_PROV":"31","PROVINSI":"DKI JAKARTA","ID_KABKOT":"31.75","KABKOT":"KOTA ADM. JAKARTA TIMUR","ID_KEC":"31.75.08","KECAMATAN":"MAKASAR","ID_DESA":"31.75.08.1003","DESA":"KEBON PALA","LONGITUDE":106.8736943,"LATITUDE":-6.2547182,"STATUS":"BUKA","TANGGAL UPDATE":"27/02/2025","TANGGAL PENGUMPULAN":"Q4 2023","q":27444,"r":-15116}},{"type":"Feature","geometry":{"coordinates":[106.8681342,-6.2836794],"type":"Point"},"properties":{"NAMA":"SEAFOOD JODO24/JOKO TINGKIR","TIPE_1":"MAKANAN DAN MINUMAN","TIPE_2":"RESTORAN","TIPE_3":"SEAFOOD","TELEPON":"","ALAMAT":"RW, RT.3/RW.5, KP. TENGAH, KEC. KRAMAT JATI, KOTA JAKARTA TIMUR, DAERAH KHUSUS IBUKOTA JAKARTA 13540","ID_PROV":"31","PROVINSI":"DKI JAKARTA","ID_KABKOT":"31.75","KABKOT":"KOTA ADM. JAKARTA TIMUR","ID_KEC":"31.75.04","KECAMATAN":"KRAMATJATI","ID_DESA":"31.75.04.1002","DESA":"TENGAH","LONGITUDE":106.8681342,"LATITUDE":-6.2836794,"STATUS":"BUKA","TANGGAL UPDATE":"27/02/2025","TANGGAL PENGUMPULAN":"Q4 2023","q":27443,"r":-15122}},{"type":"Feature","geometry":{"coordinates":[106.917003,-6.247803],"type":"Point"},"properties":{"NAMA":"RM SEAFOOD & CHINESE FOOD 99","TIPE_1":"MAKANAN DAN MINUMAN","TIPE_2":"RESTORAN","TIPE_3":"SEAFOOD","TELEPON":"(021) 83903599","ALAMAT":"CURUG BANK DANAMON, JL. RAYA KALIMALANG NO.3, RT.3/RW.16, DUREN SAWIT, KEC. DUREN SAWIT, KOTA JAKARTA TIMUR, DAERAH KHUSUS IBUKOTA JAKARTA 13440","ID_PROV":"31","PROVINSI":"DKI JAKARTA","ID_KABKOT":"31.75","KABKOT":"KOTA ADM. JAKARTA TIMUR","ID_KEC":"31.75.07","KECAMATAN":"DUREN SAWIT","ID_DESA":"31.75.07.1001","DESA":"DUREN SAWIT","LONGITUDE":106.917003,"LATITUDE":-6.247803,"STATUS":"BUKA","TANGGAL UPDATE":"27/02/2025","TANGGAL PENGUMPULAN":"Q4 2023","q":27456,"r":-15120}},{"type":"Feature","geometry":{"coordinates":[106.8877869,-6.3051448],"type":"Point"},"properties":{"NAMA":"KEDAI MANCING IKAN BAKAR KHAS MAKASSAR","TIPE_1":"MAKANAN DAN MINUMAN","TIPE_2":"RESTORAN","TIPE_3":"SEAFOOD","TELEPON":"(021) 87781733","ALAMAT":"JL. RAYA MABES HANKAM NO.33, RT.1/RW.2, CEGER, KEC. CIPAYUNG, KOTA JAKARTA TIMUR, DAERAH KHUSUS IBUKOTA JAKARTA 13820","ID_PROV":"31","PROVINSI":"DKI JAKARTA","ID_KABKOT":"31.75","KABKOT":"KOTA ADM. JAKARTA TIMUR","ID_KEC":"31.75.10","KECAMATAN":"CIPAYUNG","ID_DESA":"31.75.10.1008","DESA":"CEGER","LONGITUDE":106.8877869,"LATITUDE":-6.3051448,"STATUS":"BUKA","TANGGAL UPDATE":"27/02/2025","TANGGAL PENGUMPULAN":"Q4 2023","q":27448,"r":-15129}},{"type":"Feature","geometry":{"coordinates":[106.906903,-6.2255702],"type":"Point"},"properties":{"NAMA":"RESTO SEAFOOD BU HAJI","TIPE_1":"MAKANAN DAN MINUMAN","TIPE_2":"RESTORAN","TIPE_3":"SEAFOOD","TELEPON":"0858-8845-5575","ALAMAT":"JL. WIJAYA KUSUMA NO.2A, RT.18/RW.7, MALAKA JAYA, KEC. DUREN SAWIT, KOTA JAKARTA TIMUR, DAERAH KHUSUS IBUKOTA JAKARTA 13460","ID_PROV":"31","PROVINSI":"DKI JAKARTA","ID_KABKOT":"31.75","KABKOT":"KOTA ADM. JAKARTA TIMUR","ID_KEC":"31.75.07","KECAMATAN":"DUREN SAWIT","ID_DESA":"31.75.07.1001","DESA":"DUREN SAWIT","LONGITUDE":106.906903,"LATITUDE":-6.2255702,"STATUS":"BUKA","TANGGAL UPDATE":"27/02/2025","TANGGAL PENGUMPULAN":"Q4 2023","q":27453,"r":-15114}},{"type":"Feature","geometry":{"coordinates":[106.9301419,-6.2068849],"type":"Point"},"properties":{"NAMA":"SEAFOOD & AYAM BAKAR DAPUR KINDI","TIPE_1":"MAKANAN DAN MINUMAN","TIPE_2":"RESTORAN","TIPE_3":"SEAFOOD","TELEPON":"0896-5566-6772","ALAMAT":"JL. KP. JEMB. NO.26, RT.9/RW.14, PENGGILINGAN, KEC. CAKUNG, KOTA JAKARTA TIMUR, DAERAH KHUSUS IBUKOTA JAKARTA 13940","ID_PROV":"31","PROVINSI":"DKI JAKARTA","ID_KABKOT":"31.75","KABKOT":"KOTA ADM. JAKARTA TIMUR","ID_KEC":"31.75.06","KECAMATAN":"CAKUNG","ID_DESA":"31.75.06.1003","DESA":"PENGGILINGAN","LONGITUDE":106.9301419,"LATITUDE":-6.2068849,"STATUS":"BUKA","TANGGAL UPDATE":"27/02/2025","TANGGAL PENGUMPULAN":"Q4 2023","q":27459,"r":-15113}},{"type":"Feature","geometry":{"coordinates":[106.93443819999999,-6.2444541],"type":"Point"},"properties":{"NAMA":"SEAFOOD NAGIH KELAPA GADING","TIPE_1":"MAKANAN DAN MINUMAN","TIPE_2":"RESTORAN","TIPE_3":"SEAFOOD","TELEPON":"(021) 86909405","ALAMAT":"BLOK B1 NO 8-9, JL. PD. KELAPA RAYA, RT.5/RW.4, PD. KLP., KEC. DUREN SAWIT, KOTA JAKARTA TIMUR, DAERAH KHUSUS IBUKOTA JAKARTA 13450","ID_PROV":"31","PROVINSI":"DKI JAKARTA","ID_KABKOT":"31.75","KABKOT":"KOTA ADM. JAKARTA TIMUR","ID_KEC":"31.75.07","KECAMATAN":"DUREN SAWIT","ID_DESA":"31.75.07.1004","DESA":"PONDOK KELAPA","LONGITUDE":106.9344382,"LATITUDE":-6.2444541,"STATUS":"BUKA","TANGGAL UPDATE":"27/02/2025","TANGGAL PENGUMPULAN":"Q4 2023","q":27460,"r":-15122}},{"type":"Feature","geometry":{"coordinates":[106.8804091,-6.214952],"type":"Point"},"properties":{"NAMA":"RESTORAN SEA FOOD 97","TIPE_1":"MAKANAN DAN MINUMAN","TIPE_2":"RESTORAN","TIPE_3":"SEAFOOD","TELEPON":"0857-6429-4401","ALAMAT":"JL. BEKASI TIM. RAYA NO.168, RT.8/RW.13, CIPINANG BESAR UTARA, KECAMATAN JATINEGARA, KOTA JAKARTA TIMUR, DAERAH KHUSUS IBUKOTA JAKARTA 13410","ID_PROV":"31","PROVINSI":"DKI JAKARTA","ID_KABKOT":"31.75","KABKOT":"KOTA ADM. JAKARTA TIMUR","ID_KEC":"31.75.03","KECAMATAN":"JATINEGARA","ID_DESA":"31.75.03.1008","DESA":"CIPINANG BESAR UTARA","LONGITUDE":106.8804091,"LATITUDE":-6.214952,"STATUS":"BUKA","TANGGAL UPDATE":"27/02/2025","TANGGAL PENGUMPULAN":"Q4 2023","q":27446,"r":-15108}},{"type":"Feature","geometry":{"coordinates":[106.8742681,-6.2650986],"type":"Point"},"properties":{"NAMA":"SEAFOOD BORNEO","TIPE_1":"MAKANAN DAN MINUMAN","TIPE_2":"RESTORAN","TIPE_3":"SEAFOOD","TELEPON":"0812-9333-3733","ALAMAT":"JL. CILILITAN BESAR NO.2, RT.8/RW.1, MAKASAR, KEC. MAKASAR, KOTA JAKARTA TIMUR, DAERAH KHUSUS IBUKOTA JAKARTA 13570","ID_PROV":"31","PROVINSI":"DKI JAKARTA","ID_KABKOT":"31.75","KABKOT":"KOTA ADM. JAKARTA TIMUR","ID_KEC":"31.75.08","KECAMATAN":"MAKASAR","ID_DESA":"31.75.08.1001","DESA":"MAKASAR","LONGITUDE":106.8742681,"LATITUDE":-6.2650986,"STATUS":"BUKA","TANGGAL UPDATE":"27/02/2025","TANGGAL PENGUMPULAN":"Q4 2023","q":27445,"r":-15118}},{"type":"Feature","geometry":{"coordinates":[106.8683635,-6.2200192],"type":"Point"},"properties":{"NAMA":"SEAFOOD 68","TIPE_1":"MAKANAN DAN MINUMAN","TIPE_2":"RESTORAN","TIPE_3":"SEAFOOD","TELEPON":"","ALAMAT":"JL. JATINEGARA TIMUR NO.57, RT.11/RW.3, BALI MESTER, KECAMATAN JATINEGARA, KOTA JAKARTA TIMUR, DAERAH KHUSUS IBUKOTA JAKARTA 13310","ID_PROV":"31","PROVINSI":"DKI JAKARTA","ID_KABKOT":"31.75","KABKOT":"KOTA ADM. JAKARTA TIMUR","ID_KEC":"31.75.03","KECAMATAN":"JATINEGARA","ID_DESA":"31.75.03.1003","DESA":"BALI MESTER","LONGITUDE":106.8683635,"LATITUDE":-6.2200192,"STATUS":"BUKA","TANGGAL UPDATE":"27/02/2025","TANGGAL PENGUMPULAN":"Q4 2023","q":27443,"r":-15108}},{"type":"Feature","geometry":{"coordinates":[106.9234942,-6.2214801],"type":"Point"},"properties":{"NAMA":"SEAFOOD NASI UDUK 68","TIPE_1":"MAKANAN DAN MINUMAN","TIPE_2":"RESTORAN","TIPE_3":"SEAFOOD","TELEPON":"","ALAMAT":"JL. ARLIN INDAH D NO.2, RT.8/RW.15, DUREN SAWIT, KEC. DUREN SAWIT, KOTA JAKARTA TIMUR, DAERAH KHUSUS IBUKOTA JAKARTA 13440","ID_PROV":"31","PROVINSI":"DKI JAKARTA","ID_KABKOT":"31.75","KABKOT":"KOTA ADM. JAKARTA TIMUR","ID_KEC":"31.75.07","KECAMATAN":"DUREN SAWIT","ID_DESA":"31.75.07.1001","DESA":"DUREN SAWIT","LONGITUDE":106.9234942,"LATITUDE":-6.2214801,"STATUS":"BUKA","TANGGAL UPDATE":"27/02/2025","TANGGAL PENGUMPULAN":"Q4 2023","q":27457,"r":-15115}},{"type":"Feature","geometry":{"coordinates":[106.8671654,-6.2169893],"type":"Point"},"properties":{"NAMA":"SARANG SEAFOOD SAMBAL RAWIT","TIPE_1":"MAKANAN DAN MINUMAN","TIPE_2":"RESTORAN","TIPE_3":"SEAFOOD","TELEPON":"","ALAMAT":"8, JL. JATINEGARA TIMUR NO.27, RT.8/RW.4, BALI MESTER, KECAMATAN JATINEGARA, KOTA JAKARTA TIMUR, DAERAH KHUSUS IBUKOTA JAKARTA 13310","ID_PROV":"31","PROVINSI":"DKI JAKARTA","ID_KABKOT":"31.75","KABKOT":"KOTA ADM. JAKARTA TIMUR","ID_KEC":"31.75.03","KECAMATAN":"JATINEGARA","ID_DESA":"31.75.03.1003","DESA":"BALI MESTER","LONGITUDE":106.8671654,"LATITUDE":-6.2169893,"STATUS":"BUKA","TANGGAL UPDATE":"27/02/2025","TANGGAL PENGUMPULAN":"Q4 2023","q":27443,"r":-15107}},{"type":"Feature","geometry":{"coordinates":[106.92285969999999,-6.2205603],"type":"Point"},"properties":{"NAMA":"GURAME EMAK","TIPE_1":"MAKANAN DAN MINUMAN","TIPE_2":"RESTORAN","TIPE_3":"SEAFOOD","TELEPON":"","ALAMAT":"JL. BUARAN RAYA NO.15, KLENDER, KEC. DUREN SAWIT, KOTA JAKARTA TIMUR, DAERAH KHUSUS IBUKOTA JAKARTA 13470","ID_PROV":"31","PROVINSI":"DKI JAKARTA","ID_KABKOT":"31.75","KABKOT":"KOTA ADM. JAKARTA TIMUR","ID_KEC":"31.75.07","KECAMATAN":"DUREN SAWIT","ID_DESA":"31.75.07.1001","DESA":"DUREN SAWIT","LONGITUDE":106.9228597,"LATITUDE":-6.2205603,"STATUS":"BUKA","TANGGAL UPDATE":"27/02/2025","TANGGAL PENGUMPULAN":"Q4 2023","q":27457,"r":-15115}},{"type":"Feature","geometry":{"coordinates":[106.8859814,-6.1932467],"type":"Point"},"properties":{"NAMA":"SEAFOOD TIGA DARA PEMUDA","TIPE_1":"MAKANAN DAN MINUMAN","TIPE_2":"RESTORAN","TIPE_3":"SEAFOOD","TELEPON":"0813-9805-4045","ALAMAT":"NO, JL. PEMUDA NO.33, RT.8/RW.4, RAWAMANGUN, PULO GADUNG, EAST JAKARTA CITY, JAKARTA 13220","ID_PROV":"31","PROVINSI":"DKI JAKARTA","ID_KABKOT":"31.75","KABKOT":"KOTA ADM. JAKARTA TIMUR","ID_KEC":"31.75.02","KECAMATAN":"PULOGADUNG","ID_DESA":"31.75.02.1005","DESA":"RAWAMANGUN","LONGITUDE":106.8859814,"LATITUDE":-6.1932467,"STATUS":"BUKA","TANGGAL UPDATE":"27/02/2025","TANGGAL PENGUMPULAN":"Q4 2023","q":27448,"r":-15104}},{"type":"Feature","geometry":{"coordinates":[106.9655683,-6.200145],"type":"Point"},"properties":{"NAMA":"SEAFOOD DADAKAN","TIPE_1":"MAKANAN DAN MINUMAN","TIPE_2":"RESTORAN","TIPE_3":"SEAFOOD","TELEPON":"","ALAMAT":"JL. RW. BEBEK NO.12, RT.12/RW.1, PULO GEBANG, KEC. CAKUNG, KOTA JAKARTA TIMUR, DAERAH KHUSUS IBUKOTA JAKARTA","ID_PROV":"31","PROVINSI":"DKI JAKARTA","ID_KABKOT":"31.75","KABKOT":"KOTA ADM. JAKARTA TIMUR","ID_KEC":"31.75.06","KECAMATAN":"CAKUNG","ID_DESA":"31.75.06.1005","DESA":"PULO GEBANG","LONGITUDE":106.9655683,"LATITUDE":-6.200145,"STATUS":"BUKA","TANGGAL UPDATE":"27/02/2025","TANGGAL PENGUMPULAN":"Q4 2023","q":27468,"r":-15116}},{"type":"Feature","geometry":{"coordinates":[106.9146798,-6.2255881],"type":"Point"},"properties":{"NAMA":"BAKMIE & SEA FOOD 99","TIPE_1":"MAKANAN DAN MINUMAN","TIPE_2":"RESTORAN","TIPE_3":"SEAFOOD","TELEPON":"","ALAMAT":"JL. 27, RT.2/RW.4, DUREN SAWIT, KEC. DUREN SAWIT, KOTA JAKARTA TIMUR, DAERAH KHUSUS IBUKOTA JAKARTA 13440","ID_PROV":"31","PROVINSI":"DKI JAKARTA","ID_KABKOT":"31.75","KABKOT":"KOTA ADM. JAKARTA TIMUR","ID_KEC":"31.75.07","KECAMATAN":"DUREN SAWIT","ID_DESA":"31.75.07.1001","DESA":"DUREN SAWIT","LONGITUDE":106.9146798,"LATITUDE":-6.2255881,"STATUS":"BUKA","TANGGAL UPDATE":"27/02/2025","TANGGAL PENGUMPULAN":"Q4 2023","q":27455,"r":-15115}},{"type":"Feature","geometry":{"coordinates":[106.892061,-6.230372],"type":"Point"},"properties":{"NAMA":"KERANGEMAKMINI BKT CIPINANG","TIPE_1":"MAKANAN DAN MINUMAN","TIPE_2":"RESTORAN","TIPE_3":"SEAFOOD","TELEPON":"0838-6199-6771","ALAMAT":"JL. MASJID BAITUL LATIF, RT.2/RW.3, PD. BAMBU, KEC. DUREN SAWIT, KOTA JAKARTA TIMUR, DAERAH KHUSUS IBUKOTA JAKARTA 13430","ID_PROV":"31","PROVINSI":"DKI JAKARTA","ID_KABKOT":"31.75","KABKOT":"KOTA ADM. JAKARTA TIMUR","ID_KEC":"31.75.07","KECAMATAN":"DUREN SAWIT","ID_DESA":"31.75.07.1002","DESA":"PONDOK BAMBU","LONGITUDE":106.892061,"LATITUDE":-6.230372,"STATUS":"BUKA","TANGGAL UPDATE":"27/02/2025","TANGGAL PENGUMPULAN":"Q4 2023","q":27449,"r":-15113}},{"type":"Feature","geometry":{"coordinates":[106.862792,-6.3108709],"type":"Point"},"properties":{"NAMA":"SEA FOOD 67 CIJANTUNG","TIPE_1":"MAKANAN DAN MINUMAN","TIPE_2":"RESTORAN","TIPE_3":"SEAFOOD","TELEPON":"","ALAMAT":"JL. RAYA JAKARTA-BOGOR NO.5, RT.8/RW.4, SUSUKAN, KEC. CIRACAS, KOTA JAKARTA TIMUR, DAERAH KHUSUS IBUKOTA JAKARTA 13750","ID_PROV":"31","PROVINSI":"DKI JAKARTA","ID_KABKOT":"31.75","KABKOT":"KOTA ADM. JAKARTA TIMUR","ID_KEC":"31.75.09","KECAMATAN":"CIRACAS","ID_DESA":"31.75.09.1004","DESA":"SUSUKAN","LONGITUDE":106.862792,"LATITUDE":-6.3108709,"STATUS":"BUKA","TANGGAL UPDATE":"27/02/2025","TANGGAL PENGUMPULAN":"Q4 2023","q":27442,"r":-15127}},{"type":"Feature","geometry":{"coordinates":[106.9036381,-6.235953],"type":"Point"},"properties":{"NAMA":"RM CITRA RASA MAS PARDI","TIPE_1":"MAKANAN DAN MINUMAN","TIPE_2":"RESTORAN","TIPE_3":"SEAFOOD","TELEPON":"0877-8039-8248","ALAMAT":"JL. BETUNG RAYA NO.7 11 5, RT.11/RW.5, PD. BAMBU, KEC. DUREN SAWIT, KOTA JAKARTA TIMUR, DAERAH KHUSUS IBUKOTA JAKARTA 13430","ID_PROV":"31","PROVINSI":"DKI JAKARTA","ID_KABKOT":"31.75","KABKOT":"KOTA ADM. JAKARTA TIMUR","ID_KEC":"31.75.07","KECAMATAN":"DUREN SAWIT","ID_DESA":"31.75.07.1002","DESA":"PONDOK BAMBU","LONGITUDE":106.9036381,"LATITUDE":-6.235953,"STATUS":"BUKA","TANGGAL UPDATE":"27/02/2025","TANGGAL PENGUMPULAN":"Q4 2023","q":27452,"r":-15116}},{"type":"Feature","geometry":{"coordinates":[106.8812358,-6.2049786],"type":"Point"},"properties":{"NAMA":"NASI GORENG SEAFOOD BANG APRIS","TIPE_1":"MAKANAN DAN MINUMAN","TIPE_2":"RESTORAN","TIPE_3":"NASI GORENG","TELEPON":"0822-6013-5358","ALAMAT":"RT.5/RW.14, PISANGAN TIM., KEC. PULO GADUNG, KOTA JAKARTA TIMUR, DAERAH KHUSUS IBUKOTA JAKARTA 13230","ID_PROV":"31","PROVINSI":"DKI JAKARTA","ID_KABKOT":"31.75","KABKOT":"KOTA ADM. JAKARTA TIMUR","ID_KEC":"31.75.02","KECAMATAN":"PULOGADUNG","ID_DESA":"31.75.02.1002","DESA":"PISANGAN TIMUR","LONGITUDE":106.8812358,"LATITUDE":-6.2049786,"STATUS":"BUKA","TANGGAL UPDATE":"27/02/2025","TANGGAL PENGUMPULAN":"Q4 2023","q":27446,"r":-15106}},{"type":"Feature","geometry":{"coordinates":[106.9030052,-6.2441928],"type":"Point"},"properties":{"NAMA":"ADE FANY SEA FOOD","TIPE_1":"MAKANAN DAN MINUMAN","TIPE_2":"RESTORAN","TIPE_3":"SEAFOOD","TELEPON":"","ALAMAT":"JL. PAHLAWAN REVOLUSI NO.51B, RT.3/RW.7, PD. BAMBU, KEC. DUREN SAWIT, KOTA JAKARTA TIMUR, DAERAH KHUSUS IBUKOTA JAKARTA 13470","ID_PROV":"31","PROVINSI":"DKI JAKARTA","ID_KABKOT":"31.75","KABKOT":"KOTA ADM. JAKARTA TIMUR","ID_KEC":"31.75.07","KECAMATAN":"DUREN SAWIT","ID_DESA":"31.75.07.1002","DESA":"PONDOK BAMBU","LONGITUDE":106.9030052,"LATITUDE":-6.2441928,"STATUS":"BUKA","TANGGAL UPDATE":"27/02/2025","TANGGAL PENGUMPULAN":"Q4 2023","q":27452,"r":-15117}},{"type":"Feature","geometry":{"coordinates":[106.9018693,-6.2140176],"type":"Point"},"properties":{"NAMA":"SEA FOOD CAK ALIMIN","TIPE_1":"MAKANAN DAN MINUMAN","TIPE_2":"RESTORAN","TIPE_3":"SEAFOOD","TELEPON":"0813-1764-5042","ALAMAT":"8, JL. I GUSTI NGURAH RAI NO.8 D, RT.8/RW.6, KLENDER, KEC. DUREN SAWIT, KOTA JAKARTA TIMUR, DAERAH KHUSUS IBUKOTA JAKARTA 13470","ID_PROV":"31","PROVINSI":"DKI JAKARTA","ID_KABKOT":"31.75","KABKOT":"KOTA ADM. JAKARTA TIMUR","ID_KEC":"31.75.07","KECAMATAN":"DUREN SAWIT","ID_DESA":"31.75.07.1003","DESA":"KLENDER","LONGITUDE":106.9018693,"LATITUDE":-6.2140176,"STATUS":"BUKA","TANGGAL UPDATE":"27/02/2025","TANGGAL PENGUMPULAN":"Q4 2023","q":27452,"r":-15111}},{"type":"Feature","geometry":{"coordinates":[106.8899964,-6.1982631],"type":"Point"},"properties":{"NAMA":"SEAFOOD TIGA DARA RAWAMANGUN","TIPE_1":"MAKANAN DAN MINUMAN","TIPE_2":"RESTORAN","TIPE_3":"SEAFOOD","TELEPON":"0812-9318-7009","ALAMAT":"2, JL. PINANG RAYA NO.55, RT.2/RW.8, RAWAMANGUN, KEC. PULO GADUNG, KOTA JAKARTA TIMUR, DAERAH KHUSUS IBUKOTA JAKARTA 13220","ID_PROV":"31","PROVINSI":"DKI JAKARTA","ID_KABKOT":"31.75","KABKOT":"KOTA ADM. JAKARTA TIMUR","ID_KEC":"31.75.02","KECAMATAN":"PULOGADUNG","ID_DESA":"31.75.02.1005","DESA":"RAWAMANGUN","LONGITUDE":106.8899964,"LATITUDE":-6.1982631,"STATUS":"BUKA","TANGGAL UPDATE":"27/02/2025","TANGGAL PENGUMPULAN":"Q4 2023","q":27449,"r":-15105}},{"type":"Feature","geometry":{"coordinates":[106.9418429,-6.2216779],"type":"Point"},"properties":{"NAMA":"CAFE TAMAN SEAFOOD","TIPE_1":"MAKANAN DAN MINUMAN","TIPE_2":"RESTORAN","TIPE_3":"SEAFOOD","TELEPON":"0822-1351-0773","ALAMAT":"JALAN RAYA PONDOK KOPI BLOK F 1 NO.1, RT.1/RW.8, PD. KOPI, KEC. DUREN SAWIT, KOTA JAKARTA TIMUR, DAERAH KHUSUS IBUKOTA JAKARTA 13460","ID_PROV":"31","PROVINSI":"DKI JAKARTA","ID_KABKOT":"31.75","KABKOT":"KOTA ADM. JAKARTA TIMUR","ID_KEC":"31.75.07","KECAMATAN":"DUREN SAWIT","ID_DESA":"31.75.07.1007","DESA":"PONDOK KOPI","LONGITUDE":106.9418429,"LATITUDE":-6.2216779,"STATUS":"BUKA","TANGGAL UPDATE":"27/02/2025","TANGGAL PENGUMPULAN":"Q4 2023","q":27462,"r":-15117}},{"type":"Feature","geometry":{"coordinates":[106.9470573,-6.2144158],"type":"Point"},"properties":{"NAMA":"BILQIS RUMAH MAKAN SEA FOOD","TIPE_1":"MAKANAN DAN MINUMAN","TIPE_2":"RESTORAN","TIPE_3":"SEAFOOD","TELEPON":"","ALAMAT":"JL. SAWO KECIK NO.7, RT.3/RW.8, PULO GEBANG, KEC. CAKUNG, KOTA JAKARTA TIMUR, DAERAH KHUSUS IBUKOTA JAKARTA 13950","ID_PROV":"31","PROVINSI":"DKI JAKARTA","ID_KABKOT":"31.75","KABKOT":"KOTA ADM. JAKARTA TIMUR","ID_KEC":"31.75.06","KECAMATAN":"CAKUNG","ID_DESA":"31.75.06.1005","DESA":"PULO GEBANG","LONGITUDE":106.9470573,"LATITUDE":-6.2144158,"STATUS":"BUKA","TANGGAL UPDATE":"27/02/2025","TANGGAL PENGUMPULAN":"Q4 2023","q":27463,"r":-15116}},{"type":"Feature","geometry":{"coordinates":[106.9314576,-6.219627],"type":"Point"},"properties":{"NAMA":"RESTAURANT SEAFOOD 99","TIPE_1":"MAKANAN DAN MINUMAN","TIPE_2":"RESTORAN","TIPE_3":"SEAFOOD","TELEPON":"(021) 8600249","ALAMAT":"JL.NUSA INDAH IV/3/10 KLENDER, RT.6/RW.0R, MALAKA JAYA, KEC. DUREN SAWIT, KOTA JAKARTA TIMUR, DAERAH KHUSUS IBUKOTA JAKARTA 13460","ID_PROV":"31","PROVINSI":"DKI JAKARTA","ID_KABKOT":"31.75","KABKOT":"KOTA ADM. JAKARTA TIMUR","ID_KEC":"31.75.07","KECAMATAN":"DUREN SAWIT","ID_DESA":"31.75.07.1006","DESA":"MALAKA JAYA","LONGITUDE":106.9314576,"LATITUDE":-6.219627,"STATUS":"BUKA","TANGGAL UPDATE":"27/02/2025","TANGGAL PENGUMPULAN":"Q4 2023","q":27459,"r":-15116}},{"type":"Feature","geometry":{"coordinates":[106.9254084,-6.2531386],"type":"Point"},"properties":{"NAMA":"BAKMI&SEAFOOD 79","TIPE_1":"MAKANAN DAN MINUMAN","TIPE_2":"RESTORAN","TIPE_3":"SEAFOOD","TELEPON":"0812-1304-110","ALAMAT":"JL. CURUG RAYA NO.5, RT.6/RW.6, PD. KLP., KEC. DUREN SAWIT, JAKARTA, DAERAH KHUSUS IBUKOTA JAKARTA 13450","ID_PROV":"31","PROVINSI":"DKI JAKARTA","ID_KABKOT":"31.75","KABKOT":"KOTA ADM. JAKARTA TIMUR","ID_KEC":"31.75.07","KECAMATAN":"DUREN SAWIT","ID_DESA":"31.75.07.1004","DESA":"PONDOK KELAPA","LONGITUDE":106.9254084,"LATITUDE":-6.2531386,"STATUS":"BUKA","TANGGAL UPDATE":"27/02/2025","TANGGAL PENGUMPULAN":"Q4 2023","q":27458,"r":-15122}},{"type":"Feature","geometry":{"coordinates":[106.9387512,-6.2316417],"type":"Point"},"properties":{"NAMA":"SEAFOOD 86 IKAN BAKAR","TIPE_1":"MAKANAN DAN MINUMAN","TIPE_2":"RESTORAN","TIPE_3":"SEAFOOD","TELEPON":"0895-3802-23544","ALAMAT":"JL. H. MANSYUR NO.10, RT.10/RW.3, PD. KOPI, KEC. DUREN SAWIT, KOTA JAKARTA TIMUR, DAERAH KHUSUS IBUKOTA JAKARTA 13460","ID_PROV":"31","PROVINSI":"DKI JAKARTA","ID_KABKOT":"31.75","KABKOT":"KOTA ADM. JAKARTA TIMUR","ID_KEC":"31.75.07","KECAMATAN":"DUREN SAWIT","ID_DESA":"31.75.07.1007","DESA":"PONDOK KOPI","LONGITUDE":106.9387512,"LATITUDE":-6.2316417,"STATUS":"BUKA","TANGGAL UPDATE":"27/02/2025","TANGGAL PENGUMPULAN":"Q4 2023","q":27461,"r":-15119}},{"type":"Feature","geometry":{"coordinates":[106.8901836,-6.188706],"type":"Point"},"properties":{"NAMA":"GRISEL SEAFOOD","TIPE_1":"MAKANAN DAN MINUMAN","TIPE_2":"RESTORAN","TIPE_3":"SEAFOOD","TELEPON":"0812-8955-2177","ALAMAT":"1, JL. BANGUNAN TIMUR NO.15, RT.4/RW.7, KAYU PUTIH, KEC. PULO GADUNG, KOTA JAKARTA TIMUR, DAERAH KHUSUS IBUKOTA JAKARTA 13210","ID_PROV":"31","PROVINSI":"DKI JAKARTA","ID_KABKOT":"31.75","KABKOT":"KOTA ADM. JAKARTA TIMUR","ID_KEC":"31.75.02","KECAMATAN":"PULOGADUNG","ID_DESA":"31.75.02.1006","DESA":"KAYU PUTIH","LONGITUDE":106.8901836,"LATITUDE":-6.188706,"STATUS":"BUKA","TANGGAL UPDATE":"27/02/2025","TANGGAL PENGUMPULAN":"Q4 2023","q":27449,"r":-15103}},{"type":"Feature","geometry":{"coordinates":[106.9097326,-6.2308009],"type":"Point"},"properties":{"NAMA":"SEA FOOD 68","TIPE_1":"MAKANAN DAN MINUMAN","TIPE_2":"RESTORAN","TIPE_3":"SEAFOOD","TELEPON":"0877-9495-5114","ALAMAT":"JL. SAWAH BAR. UJUNG NO.26, RT.3/RW.11, DUREN SAWIT, KEC. DUREN SAWIT, KOTA JAKARTA TIMUR, DAERAH KHUSUS IBUKOTA JAKARTA 13430","ID_PROV":"31","PROVINSI":"DKI JAKARTA","ID_KABKOT":"31.75","KABKOT":"KOTA ADM. JAKARTA TIMUR","ID_KEC":"31.75.07","KECAMATAN":"DUREN SAWIT","ID_DESA":"31.75.07.1001","DESA":"DUREN SAWIT","LONGITUDE":106.9097326,"LATITUDE":-6.2308009,"STATUS":"BUKA","TANGGAL UPDATE":"27/02/2025","TANGGAL PENGUMPULAN":"Q4 2023","q":27454,"r":-15115}},{"type":"Feature","geometry":{"coordinates":[106.8934952,-6.3103599],"type":"Point"},"properties":{"NAMA":"SEAFOOD 9 MARITIM","TIPE_1":"MAKANAN DAN MINUMAN","TIPE_2":"RESTORAN","TIPE_3":"SEAFOOD","TELEPON":"(021) 96800846","ALAMAT":"JL. RAYA MABES HANKAM, RT.3/RW.2, CEGER, KEC. CIPAYUNG, KOTA JAKARTA TIMUR, DAERAH KHUSUS IBUKOTA JAKARTA 13890","ID_PROV":"31","PROVINSI":"DKI JAKARTA","ID_KABKOT":"31.75","KABKOT":"KOTA ADM. JAKARTA TIMUR","ID_KEC":"31.75.10","KECAMATAN":"CIPAYUNG","ID_DESA":"31.75.10.1008","DESA":"CEGER","LONGITUDE":106.8934952,"LATITUDE":-6.3103599,"STATUS":"BUKA","TANGGAL UPDATE":"27/02/2025","TANGGAL PENGUMPULAN":"Q4 2023","q":27450,"r":-15131}},{"type":"Feature","geometry":{"coordinates":[106.8982242,-6.2370605],"type":"Point"},"properties":{"NAMA":"SEAFOOD LARIS MANIS PONDOK BAMBU","TIPE_1":"MAKANAN DAN MINUMAN","TIPE_2":"RESTORAN","TIPE_3":"SEAFOOD","TELEPON":"0812-8515-5997","ALAMAT":"JL. PAHLAWAN REVOLUSI NO.148, PD. BAMBU, KEC. DUREN SAWIT, KOTA JAKARTA TIMUR, DAERAH KHUSUS IBUKOTA JAKARTA 13430","ID_PROV":"31","PROVINSI":"DKI JAKARTA","ID_KABKOT":"31.75","KABKOT":"KOTA ADM. JAKARTA TIMUR","ID_KEC":"31.75.07","KECAMATAN":"DUREN SAWIT","ID_DESA":"31.75.07.1002","DESA":"PONDOK BAMBU","LONGITUDE":106.8982242,"LATITUDE":-6.2370605,"STATUS":"BUKA","TANGGAL UPDATE":"27/02/2025","TANGGAL PENGUMPULAN":"Q4 2023","q":27451,"r":-15115}},{"type":"Feature","geometry":{"coordinates":[106.88189949999999,-6.2276672],"type":"Point"},"properties":{"NAMA":"SEAFOOD HI","TIPE_1":"MAKANAN DAN MINUMAN","TIPE_2":"RESTORAN","TIPE_3":"SEAFOOD","TELEPON":"","ALAMAT":"JL. JEND. BASUKI RACHMAT NO.RT.03, RT.3/RW.6, CIPINANG BESAR SEL., KECAMATAN JATINEGARA, KOTA JAKARTA TIMUR, DAERAH KHUSUS IBUKOTA JAKARTA 13410","ID_PROV":"31","PROVINSI":"DKI JAKARTA","ID_KABKOT":"31.75","KABKOT":"KOTA ADM. JAKARTA TIMUR","ID_KEC":"31.75.03","KECAMATAN":"JATINEGARA","ID_DESA":"31.75.03.1007","DESA":"CIPINANG BESAR SELATAN","LONGITUDE":106.8818995,"LATITUDE":-6.2276672,"STATUS":"BUKA","TANGGAL UPDATE":"27/02/2025","TANGGAL PENGUMPULAN":"Q4 2023","q":27447,"r":-15111}},{"type":"Feature","geometry":{"coordinates":[106.8957078,-6.2305998],"type":"Point"},"properties":{"NAMA":"NIRNA SEAFOOD","TIPE_1":"MAKANAN DAN MINUMAN","TIPE_2":"RESTORAN","TIPE_3":"SEAFOOD","TELEPON":"","ALAMAT":"JL. MASJID BAITUL LATIF NO.1, RT.1/RW.3, PD. BAMBU, KEC. DUREN SAWIT, KOTA JAKARTA TIMUR, DAERAH KHUSUS IBUKOTA JAKARTA 13430","ID_PROV":"31","PROVINSI":"DKI JAKARTA","ID_KABKOT":"31.75","KABKOT":"KOTA ADM. JAKARTA TIMUR","ID_KEC":"31.75.07","KECAMATAN":"DUREN SAWIT","ID_DESA":"31.75.07.1002","DESA":"PONDOK BAMBU","LONGITUDE":106.8957078,"LATITUDE":-6.2305998,"STATUS":"BUKA","TANGGAL UPDATE":"27/02/2025","TANGGAL PENGUMPULAN":"Q4 2023","q":27450,"r":-15113}},{"type":"Feature","geometry":{"coordinates":[106.8881829,-6.196828],"type":"Point"},"properties":{"NAMA":"KUDA LAUT (SEAFOOD)","TIPE_1":"MAKANAN DAN MINUMAN","TIPE_2":"RESTORAN","TIPE_3":"SEAFOOD","TELEPON":"0812-9741-6717","ALAMAT":"JL. WARU NO.20, RT.2/RW.9, RAWAMANGUN, KEC. PULO GADUNG, KOTA JAKARTA TIMUR, DAERAH KHUSUS IBUKOTA JAKARTA 13220","ID_PROV":"31","PROVINSI":"DKI JAKARTA","ID_KABKOT":"31.75","KABKOT":"KOTA ADM. JAKARTA TIMUR","ID_KEC":"31.75.02","KECAMATAN":"PULOGADUNG","ID_DESA":"31.75.02.1005","DESA":"RAWAMANGUN","LONGITUDE":106.8881829,"LATITUDE":-6.196828,"STATUS":"BUKA","TANGGAL UPDATE":"27/02/2025","TANGGAL PENGUMPULAN":"Q4 2023","q":27448,"r":-15105}},{"type":"Feature","geometry":{"coordinates":[106.8788079,-6.2788272],"type":"Point"},"properties":{"NAMA":"SEA FOOD 86","TIPE_1":"MAKANAN DAN MINUMAN","TIPE_2":"RESTORAN","TIPE_3":"SEAFOOD","TELEPON":"0812-9631-1099","ALAMAT":"JL. PUSDIKLAT DEPNAKER NO.13, RT.13/RW.6, MAKASAR, KEC. MAKASAR, KOTA JAKARTA TIMUR, DAERAH KHUSUS IBUKOTA JAKARTA 13570","ID_PROV":"31","PROVINSI":"DKI JAKARTA","ID_KABKOT":"31.75","KABKOT":"KOTA ADM. JAKARTA TIMUR","ID_KEC":"31.75.08","KECAMATAN":"MAKASAR","ID_DESA":"31.75.08.1001","DESA":"MAKASAR","LONGITUDE":106.8788079,"LATITUDE":-6.2788272,"STATUS":"BUKA","TANGGAL UPDATE":"27/02/2025","TANGGAL PENGUMPULAN":"Q4 2023","q":27446,"r":-15122}},{"type":"Feature","geometry":{"coordinates":[106.9039524,-6.2206755],"type":"Point"},"properties":{"NAMA":"LAPAN LAPAN SEAFOOD","TIPE_1":"MAKANAN DAN MINUMAN","TIPE_2":"RESTORAN","TIPE_3":"SEAFOOD","TELEPON":"0812-8997-9828","ALAMAT":"JL. DERMAGA RAYA NO.RT.10, RT.10/RW.8, KLENDER, DURENSAWIT, EAST JAKARTA CITY, JAKARTA 13440","ID_PROV":"31","PROVINSI":"DKI JAKARTA","ID_KABKOT":"31.75","KABKOT":"KOTA ADM. JAKARTA TIMUR","ID_KEC":"31.75.07","KECAMATAN":"DUREN SAWIT","ID_DESA":"31.75.07.1003","DESA":"KLENDER","LONGITUDE":106.9039524,"LATITUDE":-6.2206755,"STATUS":"BUKA","TANGGAL UPDATE":"27/02/2025","TANGGAL PENGUMPULAN":"Q4 2023","q":27452,"r":-15112}},{"type":"Feature","geometry":{"coordinates":[106.8847394,-6.2250681],"type":"Point"},"properties":{"NAMA":"RESTORAN 99","TIPE_1":"MAKANAN DAN MINUMAN","TIPE_2":"RESTORAN","TIPE_3":"SEAFOOD","TELEPON":"(021) 85901073","ALAMAT":"JL. CIPINANG JAYA RAYA NO.36, RT.7/RW.10, CIPINANG MUARA, KECAMATAN JATINEGARA, KOTA JAKARTA TIMUR, DAERAH KHUSUS IBUKOTA JAKARTA 13420","ID_PROV":"31","PROVINSI":"DKI JAKARTA","ID_KABKOT":"31.75","KABKOT":"KOTA ADM. JAKARTA TIMUR","ID_KEC":"31.75.03","KECAMATAN":"JATINEGARA","ID_DESA":"31.75.03.1006","DESA":"CIPINANG MUARA","LONGITUDE":106.8847394,"LATITUDE":-6.2250681,"STATUS":"BUKA","TANGGAL UPDATE":"27/02/2025","TANGGAL PENGUMPULAN":"Q4 2023","q":27447,"r":-15111}},{"type":"Feature","geometry":{"coordinates":[106.90522879999999,-6.2453504],"type":"Point"},"properties":{"NAMA":"SEAFOOD & NASI UDUK MEKAR SARI","TIPE_1":"MAKANAN DAN MINUMAN","TIPE_2":"RESTORAN","TIPE_3":"SEAFOOD","TELEPON":"0815-1777-7008","ALAMAT":"JL. PAHLAWAN REVOLUSI SAMPING BANK DKI KALIMALANG, RT.11/RW.7, PD. BAMBU, KEC. DUREN SAWIT, KOTA JAKARTA TIMUR, DAERAH KHUSUS IBUKOTA JAKARTA 13430","ID_PROV":"31","PROVINSI":"DKI JAKARTA","ID_KABKOT":"31.75","KABKOT":"KOTA ADM. JAKARTA TIMUR","ID_KEC":"31.75.07","KECAMATAN":"DUREN SAWIT","ID_DESA":"31.75.07.1002","DESA":"PONDOK BAMBU","LONGITUDE":106.9052288,"LATITUDE":-6.2453504,"STATUS":"BUKA","TANGGAL UPDATE":"27/02/2025","TANGGAL PENGUMPULAN":"Q4 2023","q":27453,"r":-15118}},{"type":"Feature","geometry":{"coordinates":[106.8953183,-6.2379478],"type":"Point"},"properties":{"NAMA":"MAS KERANG OUTLET","TIPE_1":"MAKANAN DAN MINUMAN","TIPE_2":"RESTORAN","TIPE_3":"SEAFOOD","TELEPON":"0812-1947-2742","ALAMAT":"JL. H. AHMAD R. NO.KEL, RT.6/RW.4, PD. BAMBU, KEC. DUREN SAWIT, KOTA JAKARTA TIMUR, DAERAH KHUSUS IBUKOTA JAKARTA 13430","ID_PROV":"31","PROVINSI":"DKI JAKARTA","ID_KABKOT":"31.75","KABKOT":"KOTA ADM. JAKARTA TIMUR","ID_KEC":"31.75.07","KECAMATAN":"DUREN SAWIT","ID_DESA":"31.75.07.1002","DESA":"PONDOK BAMBU","LONGITUDE":106.8953183,"LATITUDE":-6.2379478,"STATUS":"BUKA","TANGGAL UPDATE":"27/02/2025","TANGGAL PENGUMPULAN":"Q4 2023","q":27450,"r":-15115}},{"type":"Feature","geometry":{"coordinates":[106.861369,-6.3133306],"type":"Point"},"properties":{"NAMA":"SEAFOOD 68 CIJANTUNG","TIPE_1":"MAKANAN DAN MINUMAN","TIPE_2":"RESTORAN","TIPE_3":"SEAFOOD","TELEPON":"","ALAMAT":"JAKARTA TIMUR, RT.4/RW.4, CIJANTUNG, KEC. PS. REBO, KOTA JAKARTA TIMUR, DAERAH KHUSUS IBUKOTA JAKARTA 13770","ID_PROV":"31","PROVINSI":"DKI JAKARTA","ID_KABKOT":"31.75","KABKOT":"KOTA ADM. JAKARTA TIMUR","ID_KEC":"31.75.05","KECAMATAN":"PASAR REBO","ID_DESA":"31.75.05.1003","DESA":"CIJANTUNG","LONGITUDE":106.861369,"LATITUDE":-6.3133306,"STATUS":"BUKA","TANGGAL UPDATE":"27/02/2025","TANGGAL PENGUMPULAN":"Q4 2023","q":27441,"r":-15128}},{"type":"Feature","geometry":{"coordinates":[106.88340009999999,-6.238237],"type":"Point"},"properties":{"NAMA":"BAKMIE SEAFOOD 99","TIPE_1":"MAKANAN DAN MINUMAN","TIPE_2":"RESTORAN","TIPE_3":"SEAFOOD","TELEPON":"","ALAMAT":"JL. PANCA WARGA EMPAT NO.60, RT.3/RW.7, CIPINANG MUARA, KECAMATAN JATINEGARA, KOTA JAKARTA TIMUR, DAERAH KHUSUS IBUKOTA JAKARTA 13410","ID_PROV":"31","PROVINSI":"DKI JAKARTA","ID_KABKOT":"31.75","KABKOT":"KOTA ADM. JAKARTA TIMUR","ID_KEC":"31.75.03","KECAMATAN":"JATINEGARA","ID_DESA":"31.75.03.1006","DESA":"CIPINANG MUARA","LONGITUDE":106.8834001,"LATITUDE":-6.238237,"STATUS":"BUKA","TANGGAL UPDATE":"27/02/2025","TANGGAL PENGUMPULAN":"Q4 2023","q":27447,"r":-15114}},{"type":"Feature","geometry":{"coordinates":[106.9200977,-6.2207068],"type":"Point"},"properties":{"NAMA":"88 SEAFOOD AJHA","TIPE_1":"MAKANAN DAN MINUMAN","TIPE_2":"RESTORAN","TIPE_3":"SEAFOOD","TELEPON":"0812-1192-0899","ALAMAT":"JL. BUARAN RAYA NO.34, RT.6/RW.13, KLENDER, KEC. DUREN SAWIT, KOTA JAKARTA TIMUR, DAERAH KHUSUS IBUKOTA JAKARTA 13440","ID_PROV":"31","PROVINSI":"DKI JAKARTA","ID_KABKOT":"31.75","KABKOT":"KOTA ADM. JAKARTA TIMUR","ID_KEC":"31.75.07","KECAMATAN":"DUREN SAWIT","ID_DESA":"31.75.07.1001","DESA":"DUREN SAWIT","LONGITUDE":106.9200977,"LATITUDE":-6.2207068,"STATUS":"BUKA","TANGGAL UPDATE":"27/02/2025","TANGGAL PENGUMPULAN":"Q4 2023","q":27456,"r":-15114}},{"type":"Feature","geometry":{"coordinates":[106.8673741,-6.2287158],"type":"Point"},"properties":{"NAMA":"SEAFOOD 40 OTISTA","TIPE_1":"MAKANAN DAN MINUMAN","TIPE_2":"RESTORAN","TIPE_3":"SEAFOOD","TELEPON":"","ALAMAT":"JL. OTTO ISKANDARDINATA NO.65-67, RT.7/RW.9, BIDARA CINA, KECAMATAN JATINEGARA, KOTA JAKARTA TIMUR, DAERAH KHUSUS IBUKOTA JAKARTA 13330","ID_PROV":"31","PROVINSI":"DKI JAKARTA","ID_KABKOT":"31.75","KABKOT":"KOTA ADM. JAKARTA TIMUR","ID_KEC":"31.75.03","KECAMATAN":"JATINEGARA","ID_DESA":"31.75.03.1002","DESA":"BIDARA CINA","LONGITUDE":106.8673741,"LATITUDE":-6.2287158,"STATUS":"BUKA","TANGGAL UPDATE":"27/02/2025","TANGGAL PENGUMPULAN":"Q4 2023","q":27443,"r":-15109}},{"type":"Feature","geometry":{"coordinates":[106.8862218,-6.1995273],"type":"Point"},"properties":{"NAMA":"SEAFOOD PRIMA RASA","TIPE_1":"MAKANAN DAN MINUMAN","TIPE_2":"RESTORAN","TIPE_3":"SEAFOOD","TELEPON":"","ALAMAT":"JL. BALAI PUSTAKA TIMUR, RT.6/RW.9, RAWAMANGUN, KEC. PULO GADUNG, KOTA JAKARTA TIMUR, DAERAH KHUSUS IBUKOTA JAKARTA 13220","ID_PROV":"31","PROVINSI":"DKI JAKARTA","ID_KABKOT":"31.75","KABKOT":"KOTA ADM. JAKARTA TIMUR","ID_KEC":"31.75.02","KECAMATAN":"PULOGADUNG","ID_DESA":"31.75.02.1005","DESA":"RAWAMANGUN","LONGITUDE":106.8862218,"LATITUDE":-6.1995273,"STATUS":"BUKA","TANGGAL UPDATE":"27/02/2025","TANGGAL PENGUMPULAN":"Q4 2023","q":27448,"r":-15105}},{"type":"Feature","geometry":{"coordinates":[106.8998467,-6.2962964],"type":"Point"},"properties":{"NAMA":"BAKMI & SEAFOOD 99","TIPE_1":"MAKANAN DAN MINUMAN","TIPE_2":"RESTORAN","TIPE_3":"SEAFOOD","TELEPON":"0812-8347-5900","ALAMAT":"JL. AL.BAIDHO I NO.3F, RT.1/RW.5, LUBANG BUAYA, KEC. CIPAYUNG, KOTA JAKARTA TIMUR, DAERAH KHUSUS IBUKOTA JAKARTA 13810","ID_PROV":"31","PROVINSI":"DKI JAKARTA","ID_KABKOT":"31.75","KABKOT":"KOTA ADM. JAKARTA TIMUR","ID_KEC":"31.75.10","KECAMATAN":"CIPAYUNG","ID_DESA":"31.75.10.1007","DESA":"LUBANG BUAYA","LONGITUDE":106.8998467,"LATITUDE":-6.2962964,"STATUS":"BUKA","TANGGAL UPDATE":"27/02/2025","TANGGAL PENGUMPULAN":"Q4 2023","q":27451,"r":-15129}},{"type":"Feature","geometry":{"coordinates":[106.8870731,-6.1863295],"type":"Point"},"properties":{"NAMA":"SEAFOOD 09 ANGKUR","TIPE_1":"MAKANAN DAN MINUMAN","TIPE_2":"RESTORAN","TIPE_3":"SEAFOOD","TELEPON":"0821-1163-5150","ALAMAT":"JL. ANGKUR NO.29, RT.3/RW.2, KAYU PUTIH, KEC. PULO GADUNG, KOTA JAKARTA TIMUR, DAERAH KHUSUS IBUKOTA JAKARTA 13210","ID_PROV":"31","PROVINSI":"DKI JAKARTA","ID_KABKOT":"31.75","KABKOT":"KOTA ADM. JAKARTA TIMUR","ID_KEC":"31.75.02","KECAMATAN":"PULOGADUNG","ID_DESA":"31.75.02.1006","DESA":"KAYU PUTIH","LONGITUDE":106.8870731,"LATITUDE":-6.1863295,"STATUS":"BUKA","TANGGAL UPDATE":"27/02/2025","TANGGAL PENGUMPULAN":"Q4 2023","q":27448,"r":-15102}},{"type":"Feature","geometry":{"coordinates":[106.8881351,-6.3052131],"type":"Point"},"properties":{"NAMA":"GUDANG SEAFOOD & GRILL","TIPE_1":"MAKANAN DAN MINUMAN","TIPE_2":"RESTORAN","TIPE_3":"SEAFOOD","TELEPON":"0852-1034-2956","ALAMAT":"1, JAKARTA, JL. HANKAM RAYA NO.36, RT.1/RW.2, CEGER, DAERAH KHUSUS IBUKOTA JAKARTA 13820","ID_PROV":"31","PROVINSI":"DKI JAKARTA","ID_KABKOT":"31.75","KABKOT":"KOTA ADM. JAKARTA TIMUR","ID_KEC":"31.75.10","KECAMATAN":"CIPAYUNG","ID_DESA":"31.75.10.1008","DESA":"CEGER","LONGITUDE":106.8881351,"LATITUDE":-6.3052131,"STATUS":"BUKA","TANGGAL UPDATE":"27/02/2025","TANGGAL PENGUMPULAN":"Q4 2023","q":27448,"r":-15129}},{"type":"Feature","geometry":{"coordinates":[106.907693,-6.222262],"type":"Point"},"properties":{"NAMA":"BAKMIE & SEAFOOD 99","TIPE_1":"MAKANAN DAN MINUMAN","TIPE_2":"RESTORAN","TIPE_3":"SEAFOOD","TELEPON":"0812-1202-3029","ALAMAT":"JL. DERMAGA RAYA NO.9 A, RT.13/RW.11, KLENDER, KEC. DUREN SAWIT, KOTA JAKARTA TIMUR, DAERAH KHUSUS IBUKOTA JAKARTA 13470","ID_PROV":"31","PROVINSI":"DKI JAKARTA","ID_KABKOT":"31.75","KABKOT":"KOTA ADM. JAKARTA TIMUR","ID_KEC":"31.75.07","KECAMATAN":"DUREN SAWIT","ID_DESA":"31.75.07.1003","DESA":"KLENDER","LONGITUDE":106.907693,"LATITUDE":-6.222262,"STATUS":"BUKA","TANGGAL UPDATE":"27/02/2025","TANGGAL PENGUMPULAN":"Q4 2023","q":27453,"r":-15113}},{"type":"Feature","geometry":{"coordinates":[106.8911706,-6.2384547],"type":"Point"},"properties":{"NAMA":"SEA FOOD FUJI (REBORN)","TIPE_1":"MAKANAN DAN MINUMAN","TIPE_2":"RESTORAN","TIPE_3":"SEAFOOD","TELEPON":"0882-1190-5161","ALAMAT":"JL. CIPINANG BALI II NO.4, RT.4/RW.13, CIPINANG MUARA, KECAMATAN JATINEGARA, KOTA JAKARTA TIMUR, DAERAH KHUSUS IBUKOTA JAKARTA 13420","ID_PROV":"31","PROVINSI":"DKI JAKARTA","ID_KABKOT":"31.75","KABKOT":"KOTA ADM. JAKARTA TIMUR","ID_KEC":"31.75.03","KECAMATAN":"JATINEGARA","ID_DESA":"31.75.03.1006","DESA":"CIPINANG MUARA","LONGITUDE":106.8911706,"LATITUDE":-6.2384547,"STATUS":"BUKA","TANGGAL UPDATE":"27/02/2025","TANGGAL PENGUMPULAN":"Q4 2023","q":27449,"r":-15115}},{"type":"Feature","geometry":{"coordinates":[106.9321637,-6.2221351],"type":"Point"},"properties":{"NAMA":"DI THAI TEA","TIPE_1":"MAKANAN DAN MINUMAN","TIPE_2":"RESTORAN","TIPE_3":"RESTORAN THAILAND","TELEPON":"","ALAMAT":"RAMAYANA, RT.2/RW.7, KLENDER, KEC. DUREN SAWIT, KOTA JAKARTA TIMUR, DAERAH KHUSUS IBUKOTA JAKARTA 13470","ID_PROV":"31","PROVINSI":"DKI JAKARTA","ID_KABKOT":"31.75","KABKOT":"KOTA ADM. JAKARTA TIMUR","ID_KEC":"31.75.07","KECAMATAN":"DUREN SAWIT","ID_DESA":"31.75.07.1005","DESA":"MALAKA SARI","LONGITUDE":106.9321637,"LATITUDE":-6.2221351,"STATUS":"BUKA","TANGGAL UPDATE":"27/02/2025","TANGGAL PENGUMPULAN":"Q4 2023","q":27460,"r":-15116}},{"type":"Feature","geometry":{"coordinates":[106.8696399,-6.2215769],"type":"Point"},"properties":{"NAMA":"THAI TWO PREMIER","TIPE_1":"MAKANAN DAN MINUMAN","TIPE_2":"RESTORAN","TIPE_3":"RESTORAN THAILAND","TELEPON":"0812-1045-9465","ALAMAT":"UNNAMED ROAD, RT.1/RW.8, RW. BUNGA, KECAMATAN JATINEGARA, KOTA JAKARTA TIMUR, DAERAH KHUSUS IBUKOTA JAKARTA 13350","ID_PROV":"31","PROVINSI":"DKI JAKARTA","ID_KABKOT":"31.75","KABKOT":"KOTA ADM. JAKARTA TIMUR","ID_KEC":"31.75.03","KECAMATAN":"JATINEGARA","ID_DESA":"31.75.03.1004","DESA":"RAWA BUNGA","LONGITUDE":106.8696399,"LATITUDE":-6.2215769,"STATUS":"BUKA","TANGGAL UPDATE":"27/02/2025","TANGGAL PENGUMPULAN":"Q4 2023","q":27443,"r":-15108}},{"type":"Feature","geometry":{"coordinates":[106.8947419,-6.230333],"type":"Point"},"properties":{"NAMA":"MONSTER MANGO THAI","TIPE_1":"MAKANAN DAN MINUMAN","TIPE_2":"RESTORAN","TIPE_3":"RESTORAN THAILAND","TELEPON":"","ALAMAT":"JL. JEND. BASUKI RACHMAT NO.1, RT.2/RW.3, PD. BAMBU, KECAMATAN JATINEGARA, KOTA JAKARTA TIMUR, DAERAH KHUSUS IBUKOTA JAKARTA 13430","ID_PROV":"31","PROVINSI":"DKI JAKARTA","ID_KABKOT":"31.75","KABKOT":"KOTA ADM. JAKARTA TIMUR","ID_KEC":"31.75.07","KECAMATAN":"DUREN SAWIT","ID_DESA":"31.75.07.1002","DESA":"PONDOK BAMBU","LONGITUDE":106.8947419,"LATITUDE":-6.230333,"STATUS":"BUKA","TANGGAL UPDATE":"27/02/2025","TANGGAL PENGUMPULAN":"Q4 2023","q":27450,"r":-15113}},{"type":"Feature","geometry":{"coordinates":[106.8939595,-6.3692675],"type":"Point"},"properties":{"NAMA":"AB WOON CJ","TIPE_1":"MAKANAN DAN MINUMAN","TIPE_2":"RESTORAN","TIPE_3":"RESTORAN THAILAND","TELEPON":"","ALAMAT":"JL. JAMBORE NO.1, RT.8/RW.7, CIBUBUR, KEC. CIRACAS, KOTA JAKARTA TIMUR, DAERAH KHUSUS IBUKOTA JAKARTA 13720","ID_PROV":"31","PROVINSI":"DKI JAKARTA","ID_KABKOT":"31.75","KABKOT":"KOTA ADM. JAKARTA TIMUR","ID_KEC":"31.75.09","KECAMATAN":"CIRACAS","ID_DESA":"31.75.09.1002","DESA":"CIBUBUR","LONGITUDE":106.8939595,"LATITUDE":-6.3692675,"STATUS":"BUKA","TANGGAL UPDATE":"27/02/2025","TANGGAL PENGUMPULAN":"Q4 2023","q":27450,"r":-15144}},{"type":"Feature","geometry":{"coordinates":[106.8648985,-6.2142092],"type":"Point"},"properties":{"NAMA":"MONSTER MANGO THAI CITYPLAZA JATINEGARA","TIPE_1":"MAKANAN DAN MINUMAN","TIPE_2":"RESTORAN","TIPE_3":"RESTORAN THAILAND","TELEPON":"","ALAMAT":"RT.7/RW.6, BALI MESTER, JATINEGARA, EAST JAKARTA CITY, JAKARTA 13310","ID_PROV":"31","PROVINSI":"DKI JAKARTA","ID_KABKOT":"31.75","KABKOT":"KOTA ADM. JAKARTA TIMUR","ID_KEC":"31.75.03","KECAMATAN":"JATINEGARA","ID_DESA":"31.75.03.1003","DESA":"BALI MESTER","LONGITUDE":106.8648985,"LATITUDE":-6.2142092,"STATUS":"BUKA","TANGGAL UPDATE":"27/02/2025","TANGGAL PENGUMPULAN":"Q4 2023","q":27442,"r":-15106}},{"type":"Feature","geometry":{"coordinates":[106.8938611,-6.3693614],"type":"Point"},"properties":{"NAMA":"CHATTAYA THAI DRINKS","TIPE_1":"MAKANAN DAN MINUMAN","TIPE_2":"RESTORAN","TIPE_3":"RESTORAN THAILAND","TELEPON":"","ALAMAT":"JL. JAMBORE NO.1, RT.8/RW.7, CIBUBUR, KEC. CIRACAS, KOTA JAKARTA TIMUR, DAERAH KHUSUS IBUKOTA JAKARTA 13720","ID_PROV":"31","PROVINSI":"DKI JAKARTA","ID_KABKOT":"31.75","KABKOT":"KOTA ADM. JAKARTA TIMUR","ID_KEC":"31.75.09","KECAMATAN":"CIRACAS","ID_DESA":"31.75.09.1002","DESA":"CIBUBUR","LONGITUDE":106.8938611,"LATITUDE":-6.3693614,"STATUS":"BUKA","TANGGAL UPDATE":"27/02/2025","TANGGAL PENGUMPULAN":"Q4 2023","q":27450,"r":-15144}},{"type":"Feature","geometry":{"coordinates":[106.886799,-6.2196707],"type":"Point"},"properties":{"NAMA":"WAROENGS STEAK AND THAI TEA","TIPE_1":"MAKANAN DAN MINUMAN","TIPE_2":"RESTORAN","TIPE_3":"RESTORAN THAILAND","TELEPON":"","ALAMAT":"JL. CIPINANG JAYA RAYA NO.25-17, RT.1/RW.7, CIPINANG BESAR SEL., KECAMATAN JATINEGARA, KOTA JAKARTA TIMUR, DAERAH KHUSUS IBUKOTA JAKARTA 13410","ID_PROV":"31","PROVINSI":"DKI JAKARTA","ID_KABKOT":"31.75","KABKOT":"KOTA ADM. JAKARTA TIMUR","ID_KEC":"31.75.03","KECAMATAN":"JATINEGARA","ID_DESA":"31.75.03.1006","DESA":"CIPINANG MUARA","LONGITUDE":106.886799,"LATITUDE":-6.2196707,"STATUS":"BUKA","TANGGAL UPDATE":"27/02/2025","TANGGAL PENGUMPULAN":"Q4 2023","q":27448,"r":-15110}},{"type":"Feature","geometry":{"coordinates":[106.869371,-6.1949714],"type":"Point"},"properties":{"NAMA":"THAIYO UTAN KAYU RAYA","TIPE_1":"MAKANAN DAN MINUMAN","TIPE_2":"RESTORAN","TIPE_3":"RESTORAN THAILAND","TELEPON":"0812-1913-9122","ALAMAT":"JL. UTAN KAYU RAYA NO.68, RT.1/RW.8, UTAN KAYU UTARA, KEC. MATRAMAN, KOTA JAKARTA TIMUR, DAERAH KHUSUS IBUKOTA JAKARTA 13120","ID_PROV":"31","PROVINSI":"DKI JAKARTA","ID_KABKOT":"31.75","KABKOT":"KOTA ADM. JAKARTA TIMUR","ID_KEC":"31.75.01","KECAMATAN":"MATRAMAN","ID_DESA":"31.75.01.1002","DESA":"UTAN KAYU UTARA","LONGITUDE":106.869371,"LATITUDE":-6.1949714,"STATUS":"BUKA","TANGGAL UPDATE":"27/02/2025","TANGGAL PENGUMPULAN":"Q4 2023","q":27443,"r":-15102}},{"type":"Feature","geometry":{"coordinates":[106.8921826,-6.2208038],"type":"Point"},"properties":{"NAMA":"THAI TWO CIPINANG MUARA 3","TIPE_1":"MAKANAN DAN MINUMAN","TIPE_2":"RESTORAN","TIPE_3":"RESTORAN THAILAND","TELEPON":"0856-9272-6625","ALAMAT":"GG. HH JL. CIPINANG MUARA 3 NO.8A, RT.2/RW.RT 15, CIPINANG MUARA, KECAMATAN JATINEGARA, KOTA JAKARTA TIMUR, DAERAH KHUSUS IBUKOTA JAKARTA 13420","ID_PROV":"31","PROVINSI":"DKI JAKARTA","ID_KABKOT":"31.75","KABKOT":"KOTA ADM. JAKARTA TIMUR","ID_KEC":"31.75.03","KECAMATAN":"JATINEGARA","ID_DESA":"31.75.03.1006","DESA":"CIPINANG MUARA","LONGITUDE":106.8921826,"LATITUDE":-6.2208038,"STATUS":"BUKA","TANGGAL UPDATE":"27/02/2025","TANGGAL PENGUMPULAN":"Q4 2023","q":27449,"r":-15111}},{"type":"Feature","geometry":{"coordinates":[106.8792448,-6.2260351],"type":"Point"},"properties":{"NAMA":"IMUT THAITEA & BARBEQUE","TIPE_1":"MAKANAN DAN MINUMAN","TIPE_2":"RESTORAN","TIPE_3":"RESTORAN THAILAND","TELEPON":"0858-8929-9415","ALAMAT":"JL. JEND. BASUKI RACHMAT NO.14-5, RT.11/RW.10, CIPINANG BESAR SEL., KECAMATAN JATINEGARA, KOTA JAKARTA TIMUR, DAERAH KHUSUS IBUKOTA JAKARTA 13410","ID_PROV":"31","PROVINSI":"DKI JAKARTA","ID_KABKOT":"31.75","KABKOT":"KOTA ADM. JAKARTA TIMUR","ID_KEC":"31.75.03","KECAMATAN":"JATINEGARA","ID_DESA":"31.75.03.1007","DESA":"CIPINANG BESAR SELATAN","LONGITUDE":106.8792448,"LATITUDE":-6.2260351,"STATUS":"BUKA","TANGGAL UPDATE":"27/02/2025","TANGGAL PENGUMPULAN":"Q4 2023","q":27446,"r":-15110}},{"type":"Feature","geometry":{"coordinates":[106.8772784,-6.2127543],"type":"Point"},"properties":{"NAMA":"NANTA THAI TEA DAN DIMSUM","TIPE_1":"MAKANAN DAN MINUMAN","TIPE_2":"RESTORAN","TIPE_3":"RESTORAN THAILAND","TELEPON":"0812-8921-7979","ALAMAT":"JL. JAKSA NO.19, RT.13/RW.3, PISANGAN TIM., KEC. PULO GADUNG, KOTA JAKARTA TIMUR, DAERAH KHUSUS IBUKOTA JAKARTA 13230","ID_PROV":"31","PROVINSI":"DKI JAKARTA","ID_KABKOT":"31.75","KABKOT":"KOTA ADM. JAKARTA TIMUR","ID_KEC":"31.75.02","KECAMATAN":"PULOGADUNG","ID_DESA":"31.75.02.1002","DESA":"PISANGAN TIMUR","LONGITUDE":106.8772784,"LATITUDE":-6.2127543,"STATUS":"BUKA","TANGGAL UPDATE":"27/02/2025","TANGGAL PENGUMPULAN":"Q4 2023","q":27445,"r":-15107}},{"type":"Feature","geometry":{"coordinates":[106.8945156,-6.3702228],"type":"Point"},"properties":{"NAMA":"CHA YEN THAI","TIPE_1":"MAKANAN DAN MINUMAN","TIPE_2":"RESTORAN","TIPE_3":"RESTORAN THAILAND","TELEPON":"","ALAMAT":"JL. JAMBORE NO.1, CIBUBUR, CIRACAS, EAST JAKARTA CITY, JAKARTA 13720","ID_PROV":"31","PROVINSI":"DKI JAKARTA","ID_KABKOT":"31.75","KABKOT":"KOTA ADM. JAKARTA TIMUR","ID_KEC":"31.75.09","KECAMATAN":"CIRACAS","ID_DESA":"31.75.09.1002","DESA":"CIBUBUR","LONGITUDE":106.8945156,"LATITUDE":-6.3702228,"STATUS":"BUKA","TANGGAL UPDATE":"27/02/2025","TANGGAL PENGUMPULAN":"Q4 2023","q":27450,"r":-15145}},{"type":"Feature","geometry":{"coordinates":[106.8540379,-6.3381317],"type":"Point"},"properties":{"NAMA":"KANGEN THAI TEA KALISARI 2","TIPE_1":"MAKANAN DAN MINUMAN","TIPE_2":"RESTORAN","TIPE_3":"RESTORAN THAILAND","TELEPON":"0819-0811-1413","ALAMAT":"JL. KALISARI II NO.62, RT.3/RW.11, KALISARI, KEC. PS. REBO, KOTA JAKARTA TIMUR, DAERAH KHUSUS IBUKOTA JAKARTA 13790","ID_PROV":"31","PROVINSI":"DKI JAKARTA","ID_KABKOT":"31.75","KABKOT":"KOTA ADM. JAKARTA TIMUR","ID_KEC":"31.75.05","KECAMATAN":"PASAR REBO","ID_DESA":"31.75.05.1004","DESA":"KALISARI","LONGITUDE":106.8540379,"LATITUDE":-6.3381317,"STATUS":"BUKA","TANGGAL UPDATE":"27/02/2025","TANGGAL PENGUMPULAN":"Q4 2023","q":27439,"r":-15132}},{"type":"Feature","geometry":{"coordinates":[106.8843717,-6.1909923],"type":"Point"},"properties":{"NAMA":"NOMTI FRESH THAI TEA","TIPE_1":"MAKANAN DAN MINUMAN","TIPE_2":"RESTORAN","TIPE_3":"RESTORAN THAILAND","TELEPON":"0815-7406-6646","ALAMAT":"JL. KAYU JATI RAYA NO.10A, RT.1/RW.4, RAWAMANGUN, KEC. PULO GADUNG, KOTA JAKARTA TIMUR, DAERAH KHUSUS IBUKOTA JAKARTA 13220","ID_PROV":"31","PROVINSI":"DKI JAKARTA","ID_KABKOT":"31.75","KABKOT":"KOTA ADM. JAKARTA TIMUR","ID_KEC":"31.75.02","KECAMATAN":"PULOGADUNG","ID_DESA":"31.75.02.1005","DESA":"RAWAMANGUN","LONGITUDE":106.8843717,"LATITUDE":-6.1909923,"STATUS":"BUKA","TANGGAL UPDATE":"27/02/2025","TANGGAL PENGUMPULAN":"Q4 2023","q":27447,"r":-15103}},{"type":"Feature","geometry":{"coordinates":[106.881786,-6.2899981],"type":"Point"},"properties":{"NAMA":"CHA YEN THAI TAMINI SQUARE","TIPE_1":"MAKANAN DAN MINUMAN","TIPE_2":"RESTORAN","TIPE_3":"RESTORAN THAILAND","TELEPON":"0812-9377-8981","ALAMAT":"JL. RAYA PD. GEDE NO.8, RT.8/RW.1, PINANG RANTI, KEC. MAKASAR, KOTA JAKARTA TIMUR, DAERAH KHUSUS IBUKOTA JAKARTA 13560","ID_PROV":"31","PROVINSI":"DKI JAKARTA","ID_KABKOT":"31.75","KABKOT":"KOTA ADM. JAKARTA TIMUR","ID_KEC":"31.75.08","KECAMATAN":"MAKASAR","ID_DESA":"31.75.08.1002","DESA":"PINANGRANTI","LONGITUDE":106.881786,"LATITUDE":-6.2899981,"STATUS":"BUKA","TANGGAL UPDATE":"27/02/2025","TANGGAL PENGUMPULAN":"Q4 2023","q":27447,"r":-15125}},{"type":"Feature","geometry":{"coordinates":[106.8832037,-6.227414],"type":"Point"},"properties":{"NAMA":"DUM DUM THAI DRINKS","TIPE_1":"MAKANAN DAN MINUMAN","TIPE_2":"RESTORAN","TIPE_3":"RESTORAN THAILAND","TELEPON":"","ALAMAT":"JL. JEND. BASUKI RACHMAT NO.1, RT.4/RW.6, CIPINANG BESAR SEL., KECAMATAN JATINEGARA, KOTA JAKARTA TIMUR, DAERAH KHUSUS IBUKOTA JAKARTA 13410","ID_PROV":"31","PROVINSI":"DKI JAKARTA","ID_KABKOT":"31.75","KABKOT":"KOTA ADM. JAKARTA TIMUR","ID_KEC":"31.75.03","KECAMATAN":"JATINEGARA","ID_DESA":"31.75.03.1007","DESA":"CIPINANG BESAR SELATAN","LONGITUDE":106.8832037,"LATITUDE":-6.227414,"STATUS":"BUKA","TANGGAL UPDATE":"27/02/2025","TANGGAL PENGUMPULAN":"Q4 2023","q":27447,"r":-15111}},{"type":"Feature","geometry":{"coordinates":[106.9355719,-6.247533],"type":"Point"},"properties":{"NAMA":"AROOI GORENGAN MODERN THAILAND - PONDOK KELAPA","TIPE_1":"MAKANAN DAN MINUMAN","TIPE_2":"RESTORAN","TIPE_3":"RESTORAN THAILAND","TELEPON":"0811-9700-6368","ALAMAT":"JL. PD. KELAPA RAYA NO.7, RT.2/RW.11, PONDOK KELAPA, DURENSAWIT, EAST JAKARTA CITY, JAKARTA 13450","ID_PROV":"31","PROVINSI":"DKI JAKARTA","ID_KABKOT":"31.75","KABKOT":"KOTA ADM. JAKARTA TIMUR","ID_KEC":"31.75.07","KECAMATAN":"DUREN SAWIT","ID_DESA":"31.75.07.1004","DESA":"PONDOK KELAPA","LONGITUDE":106.9355719,"LATITUDE":-6.247533,"STATUS":"BUKA","TANGGAL UPDATE":"27/02/2025","TANGGAL PENGUMPULAN":"Q4 2023","q":27460,"r":-15122}},{"type":"Feature","geometry":{"coordinates":[106.9318873,-6.2045469],"type":"Point"},"properties":{"NAMA":"SHANNAS THAI TEA DAN ROTI JOHN","TIPE_1":"MAKANAN DAN MINUMAN","TIPE_2":"RESTORAN","TIPE_3":"RESTORAN THAILAND","TELEPON":"0812-9136-8340","ALAMAT":"JL. PIK PENGGILINGAN, RT.6/RW.10, PENGGILINGAN, KEC. CAKUNG, KOTA JAKARTA TIMUR, DAERAH KHUSUS IBUKOTA JAKARTA 13940","ID_PROV":"31","PROVINSI":"DKI JAKARTA","ID_KABKOT":"31.75","KABKOT":"KOTA ADM. JAKARTA TIMUR","ID_KEC":"31.75.06","KECAMATAN":"CAKUNG","ID_DESA":"31.75.06.1003","DESA":"PENGGILINGAN","LONGITUDE":106.9318873,"LATITUDE":-6.2045469,"STATUS":"BUKA","TANGGAL UPDATE":"27/02/2025","TANGGAL PENGUMPULAN":"Q4 2023","q":27459,"r":-15112}},{"type":"Feature","geometry":{"coordinates":[106.8913418,-6.3178224],"type":"Point"},"properties":{"NAMA":"GENTONG SI BABEH - AYAM BAKAR THAILAND","TIPE_1":"MAKANAN DAN MINUMAN","TIPE_2":"RESTORAN","TIPE_3":"RESTORAN THAILAND","TELEPON":"0852-1222-1038","ALAMAT":"FOODCOURT, JL. CEGER PERMAI NO.30, RT.2/RW.4, CEGER, KEC. CIPAYUNG, KOTA JAKARTA TIMUR, DAERAH KHUSUS IBUKOTA JAKARTA 13820","ID_PROV":"31","PROVINSI":"DKI JAKARTA","ID_KABKOT":"31.75","KABKOT":"KOTA ADM. JAKARTA TIMUR","ID_KEC":"31.75.10","KECAMATAN":"CIPAYUNG","ID_DESA":"31.75.10.1008","DESA":"CEGER","LONGITUDE":106.8913418,"LATITUDE":-6.3178224,"STATUS":"BUKA","TANGGAL UPDATE":"27/02/2025","TANGGAL PENGUMPULAN":"Q4 2023","q":27449,"r":-15132}},{"type":"Feature","geometry":{"coordinates":[106.9289307,-6.2172321],"type":"Point"},"properties":{"NAMA":"BANANA THAI","TIPE_1":"MAKANAN DAN MINUMAN","TIPE_2":"RESTORAN","TIPE_3":"RESTORAN THAILAND","TELEPON":"","ALAMAT":"JL. DELIMA I NO.1, RW.1, MALAKA SARI, KEC. DUREN SAWIT, KOTA JAKARTA TIMUR, DAERAH KHUSUS IBUKOTA JAKARTA 13460","ID_PROV":"31","PROVINSI":"DKI JAKARTA","ID_KABKOT":"31.75","KABKOT":"KOTA ADM. JAKARTA TIMUR","ID_KEC":"31.75.07","KECAMATAN":"DUREN SAWIT","ID_DESA":"31.75.07.1005","DESA":"MALAKA SARI","LONGITUDE":106.9289307,"LATITUDE":-6.2172321,"STATUS":"BUKA","TANGGAL UPDATE":"27/02/2025","TANGGAL PENGUMPULAN":"Q4 2023","q":27459,"r":-15115}},{"type":"Feature","geometry":{"coordinates":[106.8811574,-6.2905435],"type":"Point"},"properties":{"NAMA":"DUM DUM THAI DRINKS TAMINI SQUARE","TIPE_1":"MAKANAN DAN MINUMAN","TIPE_2":"RESTORAN","TIPE_3":"RESTORAN THAILAND","TELEPON":"0823-1280-1077","ALAMAT":"JL. TAMAN MINI I NO.1, RT.3/RW2/RW.2, PINANG RANTI, KEC. MAKASAR, KOTA JAKARTA TIMUR, DAERAH KHUSUS IBUKOTA JAKARTA 13560","ID_PROV":"31","PROVINSI":"DKI JAKARTA","ID_KABKOT":"31.75","KABKOT":"KOTA ADM. JAKARTA TIMUR","ID_KEC":"31.75.08","KECAMATAN":"MAKASAR","ID_DESA":"31.75.08.1002","DESA":"PINANGRANTI","LONGITUDE":106.8811574,"LATITUDE":-6.2905435,"STATUS":"BUKA","TANGGAL UPDATE":"27/02/2025","TANGGAL PENGUMPULAN":"Q4 2023","q":27446,"r":-15125}},{"type":"Feature","geometry":{"coordinates":[106.8993915,-6.230482],"type":"Point"},"properties":{"NAMA":"THAI TWO BKT 2","TIPE_1":"MAKANAN DAN MINUMAN","TIPE_2":"RESTORAN","TIPE_3":"RESTORAN THAILAND","TELEPON":"0899-8388-083","ALAMAT":"JALUR BANJIR KANAL TIMUR, RT.9/RW.9, PD. BAMBU, KEC. DUREN SAWIT, KOTA JAKARTA TIMUR, DAERAH KHUSUS IBUKOTA JAKARTA 13430","ID_PROV":"31","PROVINSI":"DKI JAKARTA","ID_KABKOT":"31.75","KABKOT":"KOTA ADM. JAKARTA TIMUR","ID_KEC":"31.75.07","KECAMATAN":"DUREN SAWIT","ID_DESA":"31.75.07.1002","DESA":"PONDOK BAMBU","LONGITUDE":106.8993915,"LATITUDE":-6.230482,"STATUS":"BUKA","TANGGAL UPDATE":"27/02/2025","TANGGAL PENGUMPULAN":"Q4 2023","q":27451,"r":-15114}},{"type":"Feature","geometry":{"coordinates":[106.8777015,-6.3052293],"type":"Point"},"properties":{"NAMA":"RACHA CHA THAI","TIPE_1":"MAKANAN DAN MINUMAN","TIPE_2":"RESTORAN","TIPE_3":"RESTORAN THAILAND","TELEPON":"","ALAMAT":"JL. KAMPUNG JATI NO.3, RT.5/RW.3, RAMBUTAN, KEC. CIRACAS, KOTA JAKARTA TIMUR, DAERAH KHUSUS IBUKOTA JAKARTA 13830","ID_PROV":"31","PROVINSI":"DKI JAKARTA","ID_KABKOT":"31.75","KABKOT":"KOTA ADM. JAKARTA TIMUR","ID_KEC":"31.75.09","KECAMATAN":"CIRACAS","ID_DESA":"31.75.09.1005","DESA":"RAMBUTAN","LONGITUDE":106.8777015,"LATITUDE":-6.3052293,"STATUS":"BUKA","TANGGAL UPDATE":"27/02/2025","TANGGAL PENGUMPULAN":"Q4 2023","q":27446,"r":-15128}},{"type":"Feature","geometry":{"coordinates":[106.8789665,-6.2134129],"type":"Point"},"properties":{"NAMA":"SAAM CHA THAI","TIPE_1":"MAKANAN DAN MINUMAN","TIPE_2":"RESTORAN","TIPE_3":"RESTORAN THAILAND","TELEPON":"","ALAMAT":"JL. PISANGAN LAMA III NO.14, RT.7/RW.8, PISANGAN TIM., KEC. PULO GADUNG, KOTA JAKARTA TIMUR, DAERAH KHUSUS IBUKOTA JAKARTA 13230","ID_PROV":"31","PROVINSI":"DKI JAKARTA","ID_KABKOT":"31.75","KABKOT":"KOTA ADM. JAKARTA TIMUR","ID_KEC":"31.75.02","KECAMATAN":"PULOGADUNG","ID_DESA":"31.75.02.1002","DESA":"PISANGAN TIMUR","LONGITUDE":106.8789665,"LATITUDE":-6.2134129,"STATUS":"BUKA","TANGGAL UPDATE":"27/02/2025","TANGGAL PENGUMPULAN":"Q4 2023","q":27446,"r":-15107}},{"type":"Feature","geometry":{"coordinates":[106.8680366,-6.2576032],"type":"Point"},"properties":{"NAMA":"TANGO THAI","TIPE_1":"MAKANAN DAN MINUMAN","TIPE_2":"RESTORAN","TIPE_3":"RESTORAN THAILAND","TELEPON":"","ALAMAT":"JL. SMA NEGERI 14 NO.76, RT.1/RW.4, CILILITAN, KEC. KRAMAT JATI, KOTA JAKARTA TIMUR, DAERAH KHUSUS IBUKOTA JAKARTA 13640","ID_PROV":"31","PROVINSI":"DKI JAKARTA","ID_KABKOT":"31.75","KABKOT":"KOTA ADM. JAKARTA TIMUR","ID_KEC":"31.75.04","KECAMATAN":"KRAMATJATI","ID_DESA":"31.75.04.1006","DESA":"CILILITAN","LONGITUDE":106.8680366,"LATITUDE":-6.2576032,"STATUS":"BUKA","TANGGAL UPDATE":"27/02/2025","TANGGAL PENGUMPULAN":"Q4 2023","q":27443,"r":-15116}},{"type":"Feature","geometry":{"coordinates":[106.8755581,-6.218538],"type":"Point"},"properties":{"NAMA":"THAI TWO KEJAKSAAN","TIPE_1":"MAKANAN DAN MINUMAN","TIPE_2":"RESTORAN","TIPE_3":"RESTORAN THAILAND","TELEPON":"0857-8034-3378","ALAMAT":"JL. BEKASI TIMUR IV NO.42, RT.15/RW.8, CIPINANG BESAR UTARA, KECAMATAN JATINEGARA, KOTA JAKARTA TIMUR, DAERAH KHUSUS IBUKOTA JAKARTA 13410","ID_PROV":"31","PROVINSI":"DKI JAKARTA","ID_KABKOT":"31.75","KABKOT":"KOTA ADM. JAKARTA TIMUR","ID_KEC":"31.75.03","KECAMATAN":"JATINEGARA","ID_DESA":"31.75.03.1008","DESA":"CIPINANG BESAR UTARA","LONGITUDE":106.8755581,"LATITUDE":-6.218538,"STATUS":"BUKA","TANGGAL UPDATE":"27/02/2025","TANGGAL PENGUMPULAN":"Q4 2023","q":27445,"r":-15108}},{"type":"Feature","geometry":{"coordinates":[106.8852423,-6.2368038],"type":"Point"},"properties":{"NAMA":"WARKOP THAILAND","TIPE_1":"MAKANAN DAN MINUMAN","TIPE_2":"RESTORAN","TIPE_3":"RESTORAN THAILAND","TELEPON":"","ALAMAT":"JL. KESADARAN NO.10, RT.2/RW.1, CIPINANG MUARA, KECAMATAN JATINEGARA, KOTA JAKARTA TIMUR, DAERAH KHUSUS IBUKOTA JAKARTA 13420","ID_PROV":"31","PROVINSI":"DKI JAKARTA","ID_KABKOT":"31.75","KABKOT":"KOTA ADM. JAKARTA TIMUR","ID_KEC":"31.75.03","KECAMATAN":"JATINEGARA","ID_DESA":"31.75.03.1007","DESA":"CIPINANG BESAR SELATAN","LONGITUDE":106.8852423,"LATITUDE":-6.2368038,"STATUS":"BUKA","TANGGAL UPDATE":"27/02/2025","TANGGAL PENGUMPULAN":"Q4 2023","q":27447,"r":-15113}},{"type":"Feature","geometry":{"coordinates":[106.9034283,-6.1888672],"type":"Point"},"properties":{"NAMA":"SPICY TAICHANESE","TIPE_1":"MAKANAN DAN MINUMAN","TIPE_2":"RESTORAN","TIPE_3":"RESTORAN THAILAND","TELEPON":"0895-0781-3403","ALAMAT":"JL. NEK PETI NO.10, RT.10/RW.3, JATI, KEC. PULO GADUNG, KOTA JAKARTA TIMUR, DAERAH KHUSUS IBUKOTA JAKARTA 13220","ID_PROV":"31","PROVINSI":"DKI JAKARTA","ID_KABKOT":"31.75","KABKOT":"KOTA ADM. JAKARTA TIMUR","ID_KEC":"31.75.02","KECAMATAN":"PULOGADUNG","ID_DESA":"31.75.02.1007","DESA":"JATI","LONGITUDE":106.9034283,"LATITUDE":-6.1888672,"STATUS":"BUKA","TANGGAL UPDATE":"27/02/2025","TANGGAL PENGUMPULAN":"Q4 2023","q":27452,"r":-15105}},{"type":"Feature","geometry":{"coordinates":[106.8970749,-6.225335],"type":"Point"},"properties":{"NAMA":"KEDAI MAMANIE","TIPE_1":"MAKANAN DAN MINUMAN","TIPE_2":"RESTORAN","TIPE_3":"RESTORAN THAILAND","TELEPON":"","ALAMAT":"JL. GOTONG ROYONG NO.1, RT.1/RW.2, PONDOK BAMBU, DURENSAWIT, EAST JAKARTA CITY, JAKARTA 13430","ID_PROV":"31","PROVINSI":"DKI JAKARTA","ID_KABKOT":"31.75","KABKOT":"KOTA ADM. JAKARTA TIMUR","ID_KEC":"31.75.07","KECAMATAN":"DUREN SAWIT","ID_DESA":"31.75.07.1002","DESA":"PONDOK BAMBU","LONGITUDE":106.8970749,"LATITUDE":-6.225335,"STATUS":"BUKA","TANGGAL UPDATE":"27/02/2025","TANGGAL PENGUMPULAN":"Q4 2023","q":27450,"r":-15112}},{"type":"Feature","geometry":{"coordinates":[106.8678802,-6.2501367],"type":"Point"},"properties":{"NAMA":"TEMAN KITA THAI DRINKS","TIPE_1":"MAKANAN DAN MINUMAN","TIPE_2":"RESTORAN","TIPE_3":"RESTORAN THAILAND","TELEPON":"0812-2212-1792","ALAMAT":"JL. JA'ANI NASIR NO.20, RT.1/RW.10, CAWANG, KEC. KRAMAT JATI, KOTA JAKARTA TIMUR, DAERAH KHUSUS IBUKOTA JAKARTA 13630","ID_PROV":"31","PROVINSI":"DKI JAKARTA","ID_KABKOT":"31.75","KABKOT":"KOTA ADM. JAKARTA TIMUR","ID_KEC":"31.75.04","KECAMATAN":"KRAMATJATI","ID_DESA":"31.75.04.1007","DESA":"CAWANG","LONGITUDE":106.8678802,"LATITUDE":-6.2501367,"STATUS":"BUKA","TANGGAL UPDATE":"27/02/2025","TANGGAL PENGUMPULAN":"Q4 2023","q":27443,"r":-15114}},{"type":"Feature","geometry":{"coordinates":[106.857996,-6.32091],"type":"Point"},"properties":{"NAMA":"DUM THAI TEA CIJANTUNG","TIPE_1":"MAKANAN DAN MINUMAN","TIPE_2":"RESTORAN","TIPE_3":"RESTORAN THAILAND","TELEPON":"0822-1470-7101","ALAMAT":"JL. PERTENGAHAN NO.3 NO.134, RT.3/RW.3, CIJANTUNG, KEC. PS. REBO, KOTA JAKARTA TIMUR, DAERAH KHUSUS IBUKOTA JAKARTA 13770","ID_PROV":"31","PROVINSI":"DKI JAKARTA","ID_KABKOT":"31.75","KABKOT":"KOTA ADM. JAKARTA TIMUR","ID_KEC":"31.75.05","KECAMATAN":"PASAR REBO","ID_DESA":"31.75.05.1003","DESA":"CIJANTUNG","LONGITUDE":106.857996,"LATITUDE":-6.32091,"STATUS":"BUKA","TANGGAL UPDATE":"27/02/2025","TANGGAL PENGUMPULAN":"Q4 2023","q":27440,"r":-15129}},{"type":"Feature","geometry":{"coordinates":[106.8502694,-6.333219],"type":"Point"},"properties":{"NAMA":"ROBIH THAI TEA","TIPE_1":"MAKANAN DAN MINUMAN","TIPE_2":"RESTORAN","TIPE_3":"RESTORAN THAILAND","TELEPON":"0859-5959-2928","ALAMAT":"RT.11/RW.3, KALISARI, KEC. PS. REBO, KOTA JAKARTA TIMUR, DAERAH KHUSUS IBUKOTA JAKARTA 13790","ID_PROV":"31","PROVINSI":"DKI JAKARTA","ID_KABKOT":"31.75","KABKOT":"KOTA ADM. JAKARTA TIMUR","ID_KEC":"31.75.05","KECAMATAN":"PASAR REBO","ID_DESA":"31.75.05.1004","DESA":"KALISARI","LONGITUDE":106.8502694,"LATITUDE":-6.333219,"STATUS":"BUKA","TANGGAL UPDATE":"27/02/2025","TANGGAL PENGUMPULAN":"Q4 2023","q":27438,"r":-15131}},{"type":"Feature","geometry":{"coordinates":[106.8512778,-6.3284374],"type":"Point"},"properties":{"NAMA":"MINUMAN THAI TEA","TIPE_1":"MAKANAN DAN MINUMAN","TIPE_2":"RESTORAN","TIPE_3":"RESTORAN THAILAND","TELEPON":"0812-1380-7128","ALAMAT":"JL. MASJID AL'JADID I NO.1, RT.1/RW.1, BARU, KEC. PS. REBO, KOTA JAKARTA TIMUR, DAERAH KHUSUS IBUKOTA JAKARTA 13780","ID_PROV":"31","PROVINSI":"DKI JAKARTA","ID_KABKOT":"31.75","KABKOT":"KOTA ADM. JAKARTA TIMUR","ID_KEC":"31.75.05","KECAMATAN":"PASAR REBO","ID_DESA":"31.75.05.1002","DESA":"BARU","LONGITUDE":106.8512778,"LATITUDE":-6.3284374,"STATUS":"BUKA","TANGGAL UPDATE":"27/02/2025","TANGGAL PENGUMPULAN":"Q4 2023","q":27439,"r":-15130}},{"type":"Feature","geometry":{"coordinates":[106.893885,-6.3694817],"type":"Point"},"properties":{"NAMA":"RAA CHA - CIBUBUR JUNCTION","TIPE_1":"MAKANAN DAN MINUMAN","TIPE_2":"RESTORAN","TIPE_3":"RESTORAN THAILAND","TELEPON":"","ALAMAT":"8, RT.8/RW.7, CIBUBUR, CIRACAS, EAST JAKARTA CITY, JAKARTA 13720","ID_PROV":"31","PROVINSI":"DKI JAKARTA","ID_KABKOT":"31.75","KABKOT":"KOTA ADM. JAKARTA TIMUR","ID_KEC":"31.75.09","KECAMATAN":"CIRACAS","ID_DESA":"31.75.09.1002","DESA":"CIBUBUR","LONGITUDE":106.893885,"LATITUDE":-6.3694817,"STATUS":"BUKA","TANGGAL UPDATE":"27/02/2025","TANGGAL PENGUMPULAN":"Q4 2023","q":27450,"r":-15144}},{"type":"Feature","geometry":{"coordinates":[106.9536296,-6.1727277],"type":"Point"},"properties":{"NAMA":"OB WOON","TIPE_1":"MAKANAN DAN MINUMAN","TIPE_2":"RESTORAN","TIPE_3":"RESTORAN THAILAND","TELEPON":"","ALAMAT":"LT 1, AEON MALL, JL. JKT GARDEN CITY BOULEVARD NO.RT.1/RW.6, RT.1/RW.6, CAKUNG TIM., KEC. CAKUNG, KOTA JAKARTA TIMUR, DAERAH KHUSUS IBUKOTA JAKARTA 13910","ID_PROV":"31","PROVINSI":"DKI JAKARTA","ID_KABKOT":"31.75","KABKOT":"KOTA ADM. JAKARTA TIMUR","ID_KEC":"31.75.06","KECAMATAN":"CAKUNG","ID_DESA":"31.75.06.1004","DESA":"CAKUNG TIMUR","LONGITUDE":106.9536296,"LATITUDE":-6.1727277,"STATUS":"BUKA","TANGGAL UPDATE":"27/02/2025","TANGGAL PENGUMPULAN":"Q4 2023","q":27465,"r":-15108}},{"type":"Feature","geometry":{"coordinates":[106.8750988,-6.3088413],"type":"Point"},"properties":{"NAMA":"PNONG THAI TEA","TIPE_1":"MAKANAN DAN MINUMAN","TIPE_2":"RESTORAN","TIPE_3":"RESTORAN THAILAND","TELEPON":"0813-7779-1119","ALAMAT":"JL. TANAH MERDEKA III NO.16, RT.8/RW.6, RAMBUTAN, KEC. CIRACAS, KOTA JAKARTA TIMUR, DAERAH KHUSUS IBUKOTA JAKARTA 13750","ID_PROV":"31","PROVINSI":"DKI JAKARTA","ID_KABKOT":"31.75","KABKOT":"KOTA ADM. JAKARTA TIMUR","ID_KEC":"31.75.09","KECAMATAN":"CIRACAS","ID_DESA":"31.75.09.1004","DESA":"SUSUKAN","LONGITUDE":106.8750988,"LATITUDE":-6.3088413,"STATUS":"BUKA","TANGGAL UPDATE":"27/02/2025","TANGGAL PENGUMPULAN":"Q4 2023","q":27445,"r":-15128}},{"type":"Feature","geometry":{"coordinates":[106.9308748,-6.2325251],"type":"Point"},"properties":{"NAMA":"OLRIN THAITEA","TIPE_1":"MAKANAN DAN MINUMAN","TIPE_2":"RESTORAN","TIPE_3":"RESTORAN THAILAND","TELEPON":"0812-8715-4055","ALAMAT":"JL. TAMAN MALAKA SELATAN NO.15, RT.1/RW.9, PD. KLP., KEC. DUREN SAWIT, KOTA JAKARTA TIMUR, DAERAH KHUSUS IBUKOTA JAKARTA 13450","ID_PROV":"31","PROVINSI":"DKI JAKARTA","ID_KABKOT":"31.75","KABKOT":"KOTA ADM. JAKARTA TIMUR","ID_KEC":"31.75.07","KECAMATAN":"DUREN SAWIT","ID_DESA":"31.75.07.1004","DESA":"PONDOK KELAPA","LONGITUDE":106.9308748,"LATITUDE":-6.2325251,"STATUS":"BUKA","TANGGAL UPDATE":"27/02/2025","TANGGAL PENGUMPULAN":"Q4 2023","q":27459,"r":-15118}},{"type":"Feature","geometry":{"coordinates":[106.85878440000005,-6.295247399999937],"type":"Point"},"properties":{"NAMA":"CHEF TIGER","TIPE_1":"MAKANAN DAN MINUMAN","TIPE_2":"RESTORAN","TIPE_3":"RESTORAN TIMUR TENGAH","TELEPON":"","ALAMAT":"JL. REMAJA 1 RT 04/03 NO 30D, RT.2/RW.3, GEDONG, KEC. PS. REBO, KOTA JAKARTA TIMUR, DAERAH KHUSUS IBUKOTA JAKARTA 13760","ID_PROV":"31","PROVINSI":"DKI JAKARTA","ID_KABKOT":"31.75","KABKOT":"KOTA ADM. JAKARTA TIMUR","ID_KEC":"31.75.05","KECAMATAN":"PASAR REBO","ID_DESA":"31.75.05.1001","DESA":"GEDONG","LONGITUDE":106.858784399999,"LATITUDE":-6.2952474,"STATUS":"BUKA","TANGGAL UPDATE":"27/02/2025","TANGGAL PENGUMPULAN":"Q4 2023","q":27441,"r":-15123}},{"type":"Feature","geometry":{"coordinates":[106.87355780000007,-6.32393159999998],"type":"Point"},"properties":{"NAMA":"DIDHOS TURKISH KEBAB","TIPE_1":"MAKANAN DAN MINUMAN","TIPE_2":"RESTORAN","TIPE_3":"RESTORAN TIMUR TENGAH","TELEPON":"0812-9390-4775","ALAMAT":"GG. ASEM NO.74, RT.10/RW.9, CIRACAS, KEC. CIRACAS, KOTA JAKARTA TIMUR, DAERAH KHUSUS IBUKOTA JAKARTA 13740","ID_PROV":"31","PROVINSI":"DKI JAKARTA","ID_KABKOT":"31.75","KABKOT":"KOTA ADM. JAKARTA TIMUR","ID_KEC":"31.75.09","KECAMATAN":"CIRACAS","ID_DESA":"31.75.09.1001","DESA":"CIRACAS","LONGITUDE":106.8735578,"LATITUDE":-6.3239316,"STATUS":"BUKA","TANGGAL UPDATE":"27/02/2025","TANGGAL PENGUMPULAN":"Q4 2023","q":27444,"r":-15131}},{"type":"Feature","geometry":{"coordinates":[106.903014,-6.352237899999977],"type":"Point"},"properties":{"NAMA":"KEBAB TURKI BABA RAFI","TIPE_1":"MAKANAN DAN MINUMAN","TIPE_2":"RESTORAN","TIPE_3":"RESTORAN TIMUR TENGAH","TELEPON":"0812-1052-2385","ALAMAT":"JL. RAYA MUNJUL, RT.1/RW.5, MUNJUL, KEC. CIPAYUNG, KOTA JAKARTA TIMUR, DAERAH KHUSUS IBUKOTA JAKARTA 13850","ID_PROV":"31","PROVINSI":"DKI JAKARTA","ID_KABKOT":"31.75","KABKOT":"KOTA ADM. JAKARTA TIMUR","ID_KEC":"31.75.10","KECAMATAN":"CIPAYUNG","ID_DESA":"31.75.10.1003","DESA":"PONDOK RANGGON","LONGITUDE":106.903014,"LATITUDE":-6.3522379,"STATUS":"BUKA","TANGGAL UPDATE":"27/02/2025","TANGGAL PENGUMPULAN":"Q4 2023","q":27452,"r":-15142}},{"type":"Feature","geometry":{"coordinates":[106.84781890000005,-6.330823499999951],"type":"Point"},"properties":{"NAMA":"KEBAB & BAKSO NAZEERA","TIPE_1":"MAKANAN DAN MINUMAN","TIPE_2":"RESTORAN","TIPE_3":"RESTORAN TIMUR TENGAH","TELEPON":"","ALAMAT":"JL. BARET BIRU III DALAM NO.8-19, RT.7/RW.3, KALISARI, KEC. PS. REBO, KOTA JAKARTA TIMUR, DAERAH KHUSUS IBUKOTA JAKARTA 13790","ID_PROV":"31","PROVINSI":"DKI JAKARTA","ID_KABKOT":"31.75","KABKOT":"KOTA ADM. JAKARTA TIMUR","ID_KEC":"31.75.05","KECAMATAN":"PASAR REBO","ID_DESA":"31.75.05.1004","DESA":"KALISARI","LONGITUDE":106.8478189,"LATITUDE":-6.3308235,"STATUS":"BUKA","TANGGAL UPDATE":"27/02/2025","TANGGAL PENGUMPULAN":"Q4 2023","q":27438,"r":-15130}},{"type":"Feature","geometry":{"coordinates":[106.91772490000005,-6.241700699999967],"type":"Point"},"properties":{"NAMA":"KEBAB TURKI KEBABBLATSAN","TIPE_1":"MAKANAN DAN MINUMAN","TIPE_2":"RESTORAN","TIPE_3":"RESTORAN TIMUR TENGAH","TELEPON":"","ALAMAT":"JL. SWADAYA RAYA NO.8, KEL, RT.6/RW.7, DUREN SAWIT, DURENSAWIT, EAST JAKARTA CITY, JAKARTA 13440","ID_PROV":"31","PROVINSI":"DKI JAKARTA","ID_KABKOT":"31.75","KABKOT":"KOTA ADM. JAKARTA TIMUR","ID_KEC":"31.75.07","KECAMATAN":"DUREN SAWIT","ID_DESA":"31.75.07.1001","DESA":"DUREN SAWIT","LONGITUDE":106.9177249,"LATITUDE":-6.2417007,"STATUS":"BUKA","TANGGAL UPDATE":"27/02/2025","TANGGAL PENGUMPULAN":"Q4 2023","q":27456,"r":-15119}},{"type":"Feature","geometry":{"coordinates":[106.96081630000003,-6.180369699999972],"type":"Point"},"properties":{"NAMA":"KEBAB TURKI BABACALE","TIPE_1":"MAKANAN DAN MINUMAN","TIPE_2":"RESTORAN","TIPE_3":"RESTORAN TIMUR TENGAH","TELEPON":"0895-3062-1209","ALAMAT":"JL. TAMBUN RENGAS GG. SWADAYA IV NO.91, RT.12/RW.1, CAKUNG TIM., KEC. CAKUNG, KOTA JAKARTA TIMUR, DAERAH KHUSUS IBUKOTA JAKARTA 13910","ID_PROV":"31","PROVINSI":"DKI JAKARTA","ID_KABKOT":"31.75","KABKOT":"KOTA ADM. JAKARTA TIMUR","ID_KEC":"31.75.06","KECAMATAN":"CAKUNG","ID_DESA":"31.75.06.1004","DESA":"CAKUNG TIMUR","LONGITUDE":106.960816299999,"LATITUDE":-6.1803697,"STATUS":"BUKA","TANGGAL UPDATE":"27/02/2025","TANGGAL PENGUMPULAN":"Q4 2023","q":27467,"r":-15111}},{"type":"Feature","geometry":{"coordinates":[106.90185050000008,-6.292783799999938],"type":"Point"},"properties":{"NAMA":"KEBAB TURKI DAGING SAPI PANGGANG PONDOK GEDE","TIPE_1":"MAKANAN DAN MINUMAN","TIPE_2":"RESTORAN","TIPE_3":"RESTORAN TIMUR TENGAH","TELEPON":"0812-1164-1615","ALAMAT":"JAKARTA TIMUR, RT.6/RW.6, LUBANG BUAYA, KEC. CIPAYUNG, KOTA JKT TIMUR, DAERAH KHUSUS IBUKOTA JAKARTA 13810","ID_PROV":"31","PROVINSI":"DKI JAKARTA","ID_KABKOT":"31.75","KABKOT":"KOTA ADM. JAKARTA TIMUR","ID_KEC":"31.75.10","KECAMATAN":"CIPAYUNG","ID_DESA":"31.75.10.1007","DESA":"LUBANG BUAYA","LONGITUDE":106.9018505,"LATITUDE":-6.2927838,"STATUS":"BUKA","TANGGAL UPDATE":"27/02/2025","TANGGAL PENGUMPULAN":"Q4 2023","q":27452,"r":-15128}},{"type":"Feature","geometry":{"coordinates":[106.93472040000006,-6.244183799999973],"type":"Point"},"properties":{"NAMA":"ISTANBUL KEBAB TURKI PONDOK KELAPA","TIPE_1":"MAKANAN DAN MINUMAN","TIPE_2":"RESTORAN","TIPE_3":"RESTORAN TIMUR TENGAH","TELEPON":"0819-3298-1993","ALAMAT":"JALAN PONDOK KELAPA RAYA BLOK E10, RT.9/RW.NOMER 9, PD. KLP., JAKARTA, KOTA JAKARTA TIMUR, DAERAH KHUSUS IBUKOTA JAKARTA 13450","ID_PROV":"31","PROVINSI":"DKI JAKARTA","ID_KABKOT":"31.75","KABKOT":"KOTA ADM. JAKARTA TIMUR","ID_KEC":"31.75.07","KECAMATAN":"DUREN SAWIT","ID_DESA":"31.75.07.1004","DESA":"PONDOK KELAPA","LONGITUDE":106.934720399999,"LATITUDE":-6.2441838,"STATUS":"BUKA","TANGGAL UPDATE":"27/02/2025","TANGGAL PENGUMPULAN":"Q4 2023","q":27460,"r":-15121}},{"type":"Feature","geometry":{"coordinates":[106.85137930000008,-6.284074699999962],"type":"Point"},"properties":{"NAMA":"MUSYAFA KEBAB & DRINK","TIPE_1":"MAKANAN DAN MINUMAN","TIPE_2":"RESTORAN","TIPE_3":"RESTORAN TIMUR TENGAH","TELEPON":"0899-9990-971","ALAMAT":"JL. GARDU JL. RAYA CONDET NO.7C, RT.1/RW.2, BALEKAMBANG, KEC. KRAMAT JATI, KOTA JAKARTA TIMUR, DAERAH KHUSUS IBUKOTA JAKARTA 13530","ID_PROV":"31","PROVINSI":"DKI JAKARTA","ID_KABKOT":"31.75","KABKOT":"KOTA ADM. JAKARTA TIMUR","ID_KEC":"31.75.04","KECAMATAN":"KRAMATJATI","ID_DESA":"31.75.04.1005","DESA":"BALEKAMBANG","LONGITUDE":106.851379299999,"LATITUDE":-6.2840747,"STATUS":"BUKA","TANGGAL UPDATE":"27/02/2025","TANGGAL PENGUMPULAN":"Q4 2023","q":27439,"r":-15120}},{"type":"Feature","geometry":{"coordinates":[106.93477540000004,-6.232394],"type":"Point"},"properties":{"NAMA":"KEBAB TURKEY SYAHALA","TIPE_1":"MAKANAN DAN MINUMAN","TIPE_2":"RESTORAN","TIPE_3":"RESTORAN TIMUR TENGAH","TELEPON":"","ALAMAT":"JL. PD. KELAPA RAYA SELATAN NO.11, RT.5/RW.11, PD. KOPI, KEC. DUREN SAWIT, KOTA JAKARTA TIMUR, DAERAH KHUSUS IBUKOTA JAKARTA 13460","ID_PROV":"31","PROVINSI":"DKI JAKARTA","ID_KABKOT":"31.75","KABKOT":"KOTA ADM. JAKARTA TIMUR","ID_KEC":"31.75.07","KECAMATAN":"DUREN SAWIT","ID_DESA":"31.75.07.1006","DESA":"MALAKA JAYA","LONGITUDE":106.934775399999,"LATITUDE":-6.232394,"STATUS":"BUKA","TANGGAL UPDATE":"27/02/2025","TANGGAL PENGUMPULAN":"Q4 2023","q":27460,"r":-15119}},{"type":"Feature","geometry":{"coordinates":[106.84579550000007,-6.331085599999938],"type":"Point"},"properties":{"NAMA":"KEBAB TURKEY RIZIQ","TIPE_1":"MAKANAN DAN MINUMAN","TIPE_2":"RESTORAN","TIPE_3":"RESTORAN TIMUR TENGAH","TELEPON":"0877-8080-3091","ALAMAT":"JL. RA. FADILLAH G NO.4, RT.3/RW.6, KALISARI, KEC. PS. REBO, KOTA JAKARTA TIMUR, DAERAH KHUSUS IBUKOTA JAKARTA 13790","ID_PROV":"31","PROVINSI":"DKI JAKARTA","ID_KABKOT":"31.75","KABKOT":"KOTA ADM. JAKARTA TIMUR","ID_KEC":"31.75.05","KECAMATAN":"PASAR REBO","ID_DESA":"31.75.05.1004","DESA":"KALISARI","LONGITUDE":106.8457955,"LATITUDE":-6.3310856,"STATUS":"BUKA","TANGGAL UPDATE":"27/02/2025","TANGGAL PENGUMPULAN":"Q4 2023","q":27437,"r":-15130}},{"type":"Feature","geometry":{"coordinates":[106.90312270000004,-6.297633099999928],"type":"Point"},"properties":{"NAMA":"KEBAB TURKI BABA RAFI","TIPE_1":"MAKANAN DAN MINUMAN","TIPE_2":"RESTORAN","TIPE_3":"RESTORAN TIMUR TENGAH","TELEPON":"0818-877-550","ALAMAT":"JL. LUBANG BUAYA NO.1, RT.1/RW.11, LUBANG BUAYA, KEC. CIPAYUNG, KOTA JAKARTA TIMUR, DAERAH KHUSUS IBUKOTA JAKARTA 13810","ID_PROV":"31","PROVINSI":"DKI JAKARTA","ID_KABKOT":"31.75","KABKOT":"KOTA ADM. JAKARTA TIMUR","ID_KEC":"31.75.10","KECAMATAN":"CIPAYUNG","ID_DESA":"31.75.10.1007","DESA":"LUBANG BUAYA","LONGITUDE":106.9031227,"LATITUDE":-6.2976331,"STATUS":"BUKA","TANGGAL UPDATE":"27/02/2025","TANGGAL PENGUMPULAN":"Q4 2023","q":27452,"r":-15129}},{"type":"Feature","geometry":{"coordinates":[106.88396670000009,-6.190308],"type":"Point"},"properties":{"NAMA":"KEBAB SI BOI","TIPE_1":"MAKANAN DAN MINUMAN","TIPE_2":"RESTORAN","TIPE_3":"RESTORAN TIMUR TENGAH","TELEPON":"0812-8373-6165","ALAMAT":"JL. KAYU JATI RAYA NO.62, RT.7/RW.3, RAWAMANGUN, KEC. PULO GADUNG, KOTA JAKARTA TIMUR, DAERAH KHUSUS IBUKOTA JAKARTA 13220","ID_PROV":"31","PROVINSI":"DKI JAKARTA","ID_KABKOT":"31.75","KABKOT":"KOTA ADM. JAKARTA TIMUR","ID_KEC":"31.75.02","KECAMATAN":"PULOGADUNG","ID_DESA":"31.75.02.1005","DESA":"RAWAMANGUN","LONGITUDE":106.8839667,"LATITUDE":-6.190308,"STATUS":"BUKA","TANGGAL UPDATE":"27/02/2025","TANGGAL PENGUMPULAN":"Q4 2023","q":27447,"r":-15103}},{"type":"Feature","geometry":{"coordinates":[106.89755060000005,-6.288650099999927],"type":"Point"},"properties":{"NAMA":"KEBAB TURKI BABA RAFI","TIPE_1":"MAKANAN DAN MINUMAN","TIPE_2":"RESTORAN","TIPE_3":"RESTORAN TIMUR TENGAH","TELEPON":"","ALAMAT":"JL. RAYA PD. GEDE NO.6, RT.6/RW.1, LUBANG BUAYA, KEC. CIPAYUNG, KOTA JAKARTA TIMUR, DAERAH KHUSUS IBUKOTA JAKARTA 13560","ID_PROV":"31","PROVINSI":"DKI JAKARTA","ID_KABKOT":"31.75","KABKOT":"KOTA ADM. JAKARTA TIMUR","ID_KEC":"31.75.10","KECAMATAN":"CIPAYUNG","ID_DESA":"31.75.10.1007","DESA":"LUBANG BUAYA","LONGITUDE":106.897550599999,"LATITUDE":-6.2886501,"STATUS":"BUKA","TANGGAL UPDATE":"27/02/2025","TANGGAL PENGUMPULAN":"Q4 2023","q":27451,"r":-15127}},{"type":"Feature","geometry":{"coordinates":[106.9298025,-6.1913749],"type":"Point"},"properties":{"NAMA":"NASI GORENG MA ONAH","TIPE_1":"MAKANAN DAN MINUMAN","TIPE_2":"RESTORAN","TIPE_3":"NASI GORENG","TELEPON":"","ALAMAT":"RT.7/RW.8, PENGGILINGAN, KEC. CAKUNG, KOTA JAKARTA TIMUR, DAERAH KHUSUS IBUKOTA JAKARTA 13940","ID_PROV":"31","PROVINSI":"DKI JAKARTA","ID_KABKOT":"31.75","KABKOT":"KOTA ADM. JAKARTA TIMUR","ID_KEC":"31.75.06","KECAMATAN":"CAKUNG","ID_DESA":"31.75.06.1002","DESA":"RAWA TERATE","LONGITUDE":106.9298025,"LATITUDE":-6.1913749,"STATUS":"BUKA","TANGGAL UPDATE":"27/02/2025","TANGGAL PENGUMPULAN":"Q4 2023","q":27459,"r":-15109}},{"type":"Feature","geometry":{"coordinates":[106.8651199,-6.3141144],"type":"Point"},"properties":{"NAMA":"NASI GORENG SEDAP MALAM BANG SANIP SUSUKAN","TIPE_1":"MAKANAN DAN MINUMAN","TIPE_2":"RESTORAN","TIPE_3":"NASI GORENG","TELEPON":"0877-7836-6829","ALAMAT":"GG. TONG RI'IH NO.7, RT.3/RW.1, SUSUKAN, KEC. CIRACAS, KOTA JAKARTA TIMUR, DAERAH KHUSUS IBUKOTA JAKARTA 13750","ID_PROV":"31","PROVINSI":"DKI JAKARTA","ID_KABKOT":"31.75","KABKOT":"KOTA ADM. JAKARTA TIMUR","ID_KEC":"31.75.09","KECAMATAN":"CIRACAS","ID_DESA":"31.75.09.1004","DESA":"SUSUKAN","LONGITUDE":106.8651199,"LATITUDE":-6.3141144,"STATUS":"BUKA","TANGGAL UPDATE":"27/02/2025","TANGGAL PENGUMPULAN":"Q4 2023","q":27442,"r":-15128}},{"type":"Feature","geometry":{"coordinates":[106.896161,-6.214853199999936],"type":"Point"},"properties":{"NAMA":"MIE GORENG IBU KASEM","TIPE_1":"MAKANAN DAN MINUMAN","TIPE_2":"RESTORAN","TIPE_3":"MIE DAN BAKSO","TELEPON":"","ALAMAT":"RT.11/RW.1, KLENDER, KEC. DUREN SAWIT, KOTA JAKARTA TIMUR, DAERAH KHUSUS IBUKOTA JAKARTA 13470","ID_PROV":"31","PROVINSI":"DKI JAKARTA","ID_KABKOT":"31.75","KABKOT":"KOTA ADM. JAKARTA TIMUR","ID_KEC":"31.75.07","KECAMATAN":"DUREN SAWIT","ID_DESA":"31.75.07.1003","DESA":"KLENDER","LONGITUDE":106.896161,"LATITUDE":-6.2148532,"STATUS":"BUKA","TANGGAL UPDATE":"27/02/2025","TANGGAL PENGUMPULAN":"Q4 2023","q":27450,"r":-15110}},{"type":"Feature","geometry":{"coordinates":[106.87806240000003,-6.218897499999969],"type":"Point"},"properties":{"NAMA":"MIE SURABAYA CAK RANTO","TIPE_1":"MAKANAN DAN MINUMAN","TIPE_2":"RESTORAN","TIPE_3":"MIE DAN BAKSO","TELEPON":"","ALAMAT":"14, JL. BEKASI TIMUR VI NO.28, RT.14/RW.10, CIPINANG BESAR UTARA, KECAMATAN JATINEGARA, KOTA JAKARTA TIMUR, DAERAH KHUSUS IBUKOTA JAKARTA 13410","ID_PROV":"31","PROVINSI":"DKI JAKARTA","ID_KABKOT":"31.75","KABKOT":"KOTA ADM. JAKARTA TIMUR","ID_KEC":"31.75.03","KECAMATAN":"JATINEGARA","ID_DESA":"31.75.03.1008","DESA":"CIPINANG BESAR UTARA","LONGITUDE":106.878062399999,"LATITUDE":-6.2188975,"STATUS":"BUKA","TANGGAL UPDATE":"27/02/2025","TANGGAL PENGUMPULAN":"Q4 2023","q":27446,"r":-15109}},{"type":"Feature","geometry":{"coordinates":[106.85936070000008,-6.202893699999947],"type":"Point"},"properties":{"NAMA":"DEPOT MIE GORENG SURABAYA","TIPE_1":"MAKANAN DAN MINUMAN","TIPE_2":"RESTORAN","TIPE_3":"MIE DAN BAKSO","TELEPON":"0812-1259-3974","ALAMAT":"PINGGIR KALI, JL. SALEMBA TEGALAN 1C RT/RW 007/04, RT.6/RW.7, PALMERIAM, KEC. MATRAMAN, KOTA JAKARTA TIMUR, DAERAH KHUSUS IBUKOTA JAKARTA 13140","ID_PROV":"31","PROVINSI":"DKI JAKARTA","ID_KABKOT":"31.75","KABKOT":"KOTA ADM. JAKARTA TIMUR","ID_KEC":"31.75.01","KECAMATAN":"MATRAMAN","ID_DESA":"31.75.01.1004","DESA":"PALMERIAM","LONGITUDE":106.8593607,"LATITUDE":-6.2028937,"STATUS":"BUKA","TANGGAL UPDATE":"27/02/2025","TANGGAL PENGUMPULAN":"Q4 2023","q":27441,"r":-15103}},{"type":"Feature","geometry":{"coordinates":[106.94558640000008,-6.217703499999971],"type":"Point"},"properties":{"NAMA":"PAK AS MIE GORENG KANEKANE","TIPE_1":"MAKANAN DAN MINUMAN","TIPE_2":"RESTORAN","TIPE_3":"MIE DAN BAKSO","TELEPON":"0857-1945-2729","ALAMAT":"RT.4/RW.8, PULO GEBANG, KEC. CAKUNG, KOTA JAKARTA TIMUR, DAERAH KHUSUS IBUKOTA JAKARTA 13950","ID_PROV":"31","PROVINSI":"DKI JAKARTA","ID_KABKOT":"31.75","KABKOT":"KOTA ADM. JAKARTA TIMUR","ID_KEC":"31.75.06","KECAMATAN":"CAKUNG","ID_DESA":"31.75.06.1005","DESA":"PULO GEBANG","LONGITUDE":106.9455864,"LATITUDE":-6.2177035,"STATUS":"BUKA","TANGGAL UPDATE":"27/02/2025","TANGGAL PENGUMPULAN":"Q4 2023","q":27463,"r":-15117}},{"type":"Feature","geometry":{"coordinates":[106.87428830000005,-6.233629699999938],"type":"Point"},"properties":{"NAMA":"BAKMI INDUN","TIPE_1":"MAKANAN DAN MINUMAN","TIPE_2":"RESTORAN","TIPE_3":"MIE DAN BAKSO","TELEPON":"(021) 8508089","ALAMAT":"JL. OTISTA 3 KOMP.10 III NO.339/02H, RT.06/02 13340, RT.6/RW.2, CIPINANG CEMPEDAK, KECAMATAN JATINEGARA, KOTA JAKARTA TIMUR, DAERAH KHUSUS IBUKOTA JAKARTA 13340","ID_PROV":"31","PROVINSI":"DKI JAKARTA","ID_KABKOT":"31.75","KABKOT":"KOTA ADM. JAKARTA TIMUR","ID_KEC":"31.75.03","KECAMATAN":"JATINEGARA","ID_DESA":"31.75.03.1005","DESA":"CIPINANG CEMPEDAK","LONGITUDE":106.874288299999,"LATITUDE":-6.2336297,"STATUS":"BUKA","TANGGAL UPDATE":"27/02/2025","TANGGAL PENGUMPULAN":"Q4 2023","q":27445,"r":-15111}},{"type":"Feature","geometry":{"coordinates":[106.92725510000008,-6.216513],"type":"Point"},"properties":{"NAMA":"MIE ACEH & BANDREK HUSEIN","TIPE_1":"MAKANAN DAN MINUMAN","TIPE_2":"RESTORAN","TIPE_3":"MIE DAN BAKSO","TELEPON":"0856-9226-0400","ALAMAT":"JALAN DAHLIA 1, MALAKA SARI, DUREN SAWIT, RW.1, MALAKA SARI, KEC. DUREN SAWIT, KOTA JAKARTA TIMUR, DAERAH KHUSUS IBUKOTA JAKARTA 13460","ID_PROV":"31","PROVINSI":"DKI JAKARTA","ID_KABKOT":"31.75","KABKOT":"KOTA ADM. JAKARTA TIMUR","ID_KEC":"31.75.07","KECAMATAN":"DUREN SAWIT","ID_DESA":"31.75.07.1005","DESA":"MALAKA SARI","LONGITUDE":106.9272551,"LATITUDE":-6.216513,"STATUS":"BUKA","TANGGAL UPDATE":"27/02/2025","TANGGAL PENGUMPULAN":"Q4 2023","q":27458,"r":-15114}},{"type":"Feature","geometry":{"coordinates":[106.87003340000007,-6.239329199999929],"type":"Point"},"properties":{"NAMA":"RM BAKMI GG TANJUNG","TIPE_1":"MAKANAN DAN MINUMAN","TIPE_2":"RESTORAN","TIPE_3":"MIE DAN BAKSO","TELEPON":"0813-1124-6738","ALAMAT":"JL. CIPINANG CEMPEDAK V NO.23, RT.7/RW.6, CIPINANG CEMPEDAK, KECAMATAN JATINEGARA, KOTA JAKARTA TIMUR, DAERAH KHUSUS IBUKOTA JAKARTA 13340","ID_PROV":"31","PROVINSI":"DKI JAKARTA","ID_KABKOT":"31.75","KABKOT":"KOTA ADM. JAKARTA TIMUR","ID_KEC":"31.75.03","KECAMATAN":"JATINEGARA","ID_DESA":"31.75.03.1005","DESA":"CIPINANG CEMPEDAK","LONGITUDE":106.8700334,"LATITUDE":-6.2393292,"STATUS":"BUKA","TANGGAL UPDATE":"27/02/2025","TANGGAL PENGUMPULAN":"Q4 2023","q":27444,"r":-15112}},{"type":"Feature","geometry":{"coordinates":[106.94005320000008,-6.21972349999993],"type":"Point"},"properties":{"NAMA":"MIE ACEH JAYA RSI","TIPE_1":"MAKANAN DAN MINUMAN","TIPE_2":"RESTORAN","TIPE_3":"MIE DAN BAKSO","TELEPON":"0821-2304-6745","ALAMAT":"1, JL. PD. KOPI RAYA NO.4, RT.4/RW.9, PD. KOPI, KEC. DUREN SAWIT, KOTA JAKARTA TIMUR, DAERAH KHUSUS IBUKOTA JAKARTA 13460","ID_PROV":"31","PROVINSI":"DKI JAKARTA","ID_KABKOT":"31.75","KABKOT":"KOTA ADM. JAKARTA TIMUR","ID_KEC":"31.75.07","KECAMATAN":"DUREN SAWIT","ID_DESA":"31.75.07.1007","DESA":"PONDOK KOPI","LONGITUDE":106.9400532,"LATITUDE":-6.2197235,"STATUS":"BUKA","TANGGAL UPDATE":"27/02/2025","TANGGAL PENGUMPULAN":"Q4 2023","q":27462,"r":-15117}},{"type":"Feature","geometry":{"coordinates":[106.91834960000006,-6.249594799999954],"type":"Point"},"properties":{"NAMA":"MIE BANGKA KOKO","TIPE_1":"MAKANAN DAN MINUMAN","TIPE_2":"RESTORAN","TIPE_3":"MIE DAN BAKSO","TELEPON":"0813-8140-9849","ALAMAT":"KOMPLEK KODAM, JL. MANUNGGAL II NO.305, CIPINANG MELAYU, KEC. MAKASAR, KOTA JAKARTA TIMUR, DAERAH KHUSUS IBUKOTA JAKARTA 13620","ID_PROV":"31","PROVINSI":"DKI JAKARTA","ID_KABKOT":"31.75","KABKOT":"KOTA ADM. JAKARTA TIMUR","ID_KEC":"31.75.08","KECAMATAN":"MAKASAR","ID_DESA":"31.75.08.1005","DESA":"CIPINANG MELAYU","LONGITUDE":106.9183496,"LATITUDE":-6.2495948,"STATUS":"BUKA","TANGGAL UPDATE":"27/02/2025","TANGGAL PENGUMPULAN":"Q4 2023","q":27456,"r":-15121}},{"type":"Feature","geometry":{"coordinates":[106.87142110000008,-6.242606399999943],"type":"Point"},"properties":{"NAMA":"BAKMI AYAM TUAN MUDA","TIPE_1":"MAKANAN DAN MINUMAN","TIPE_2":"RESTORAN","TIPE_3":"MIE DAN BAKSO","TELEPON":"0877-8519-5295","ALAMAT":"JL. CAWANG BARU NO.31, RT.9/RW.9, CIPINANG CEMPEDAK, KECAMATAN JATINEGARA, KOTA JAKARTA TIMUR, DAERAH KHUSUS IBUKOTA JAKARTA 13340","ID_PROV":"31","PROVINSI":"DKI JAKARTA","ID_KABKOT":"31.75","KABKOT":"KOTA ADM. JAKARTA TIMUR","ID_KEC":"31.75.03","KECAMATAN":"JATINEGARA","ID_DESA":"31.75.03.1005","DESA":"CIPINANG CEMPEDAK","LONGITUDE":106.871421099999,"LATITUDE":-6.2426064,"STATUS":"BUKA","TANGGAL UPDATE":"27/02/2025","TANGGAL PENGUMPULAN":"Q4 2023","q":27444,"r":-15113}},{"type":"Feature","geometry":{"coordinates":[106.93647590000006,-6.226636099999951],"type":"Point"},"properties":{"NAMA":"DEPOT MIE SURABAYA GROUP","TIPE_1":"MAKANAN DAN MINUMAN","TIPE_2":"RESTORAN","TIPE_3":"MIE DAN BAKSO","TELEPON":"0813-1086-6095","ALAMAT":"GG. 2 NO.278, RT.4/RW.2, MALAKA JAYA, KEC. DUREN SAWIT, KOTA JAKARTA TIMUR, DAERAH KHUSUS IBUKOTA JAKARTA 13460","ID_PROV":"31","PROVINSI":"DKI JAKARTA","ID_KABKOT":"31.75","KABKOT":"KOTA ADM. JAKARTA TIMUR","ID_KEC":"31.75.07","KECAMATAN":"DUREN SAWIT","ID_DESA":"31.75.07.1006","DESA":"MALAKA JAYA","LONGITUDE":106.936475899999,"LATITUDE":-6.2266361,"STATUS":"BUKA","TANGGAL UPDATE":"27/02/2025","TANGGAL PENGUMPULAN":"Q4 2023","q":27461,"r":-15118}},{"type":"Feature","geometry":{"coordinates":[106.85276370000008,-6.28287679999994],"type":"Point"},"properties":{"NAMA":"NASI GORENG & MI GORENG MAS BIRIN","TIPE_1":"MAKANAN DAN MINUMAN","TIPE_2":"RESTORAN","TIPE_3":"NASI GORENG","TELEPON":"","ALAMAT":"JL. GARDU NO.1, RT.11/RW.3, BALEKAMBANG, KEC. KRAMAT JATI, KOTA JAKARTA TIMUR, DAERAH KHUSUS IBUKOTA JAKARTA 13530","ID_PROV":"31","PROVINSI":"DKI JAKARTA","ID_KABKOT":"31.75","KABKOT":"KOTA ADM. JAKARTA TIMUR","ID_KEC":"31.75.04","KECAMATAN":"KRAMATJATI","ID_DESA":"31.75.04.1005","DESA":"BALEKAMBANG","LONGITUDE":106.8527637,"LATITUDE":-6.2828768,"STATUS":"BUKA","TANGGAL UPDATE":"27/02/2025","TANGGAL PENGUMPULAN":"Q4 2023","q":27439,"r":-15120}},{"type":"Feature","geometry":{"coordinates":[106.93436430000008,-6.235342599999967],"type":"Point"},"properties":{"NAMA":"BAKMI JOWO BHARADUTA","TIPE_1":"MAKANAN DAN MINUMAN","TIPE_2":"RESTORAN","TIPE_3":"MIE DAN BAKSO","TELEPON":"0855-8003-855","ALAMAT":"JL. PD. KELAPA RAYA NO.5, RT.5/RW.9, PD. KLP., KEC. DUREN SAWIT, KOTA JAKARTA TIMUR, DAERAH KHUSUS IBUKOTA JAKARTA 13450","ID_PROV":"31","PROVINSI":"DKI JAKARTA","ID_KABKOT":"31.75","KABKOT":"KOTA ADM. JAKARTA TIMUR","ID_KEC":"31.75.07","KECAMATAN":"DUREN SAWIT","ID_DESA":"31.75.07.1004","DESA":"PONDOK KELAPA","LONGITUDE":106.9343643,"LATITUDE":-6.2353426,"STATUS":"BUKA","TANGGAL UPDATE":"27/02/2025","TANGGAL PENGUMPULAN":"Q4 2023","q":27460,"r":-15119}},{"type":"Feature","geometry":{"coordinates":[106.89943260000007,-6.286073099999953],"type":"Point"},"properties":{"NAMA":"BAKMI PONDOK - KARSONO","TIPE_1":"MAKANAN DAN MINUMAN","TIPE_2":"RESTORAN","TIPE_3":"MIE DAN BAKSO","TELEPON":"0878-8206-6221","ALAMAT":"JL. RAYA PD. GEDE NO.1A, RT.13/RW.1, LUBANG BUAYA, KEC. CIPAYUNG, KOTA JAKARTA TIMUR, DAERAH KHUSUS IBUKOTA JAKARTA 13810","ID_PROV":"31","PROVINSI":"DKI JAKARTA","ID_KABKOT":"31.75","KABKOT":"KOTA ADM. JAKARTA TIMUR","ID_KEC":"31.75.10","KECAMATAN":"CIPAYUNG","ID_DESA":"31.75.10.1007","DESA":"LUBANG BUAYA","LONGITUDE":106.8994326,"LATITUDE":-6.2860731,"STATUS":"BUKA","TANGGAL UPDATE":"27/02/2025","TANGGAL PENGUMPULAN":"Q4 2023","q":27451,"r":-15126}},{"type":"Feature","geometry":{"coordinates":[106.898697,-6.227134699999965],"type":"Point"},"properties":{"NAMA":"BAKMI JAWA PRIMA ROSO","TIPE_1":"MAKANAN DAN MINUMAN","TIPE_2":"RESTORAN","TIPE_3":"MIE DAN BAKSO","TELEPON":"0813-1129-0550","ALAMAT":"JL. PAHLAWAN REVOLUSI NO.31, RT.2/RW.1, PD. BAMBU, KEC. DUREN SAWIT, KOTA JAKARTA TIMUR, DAERAH KHUSUS IBUKOTA JAKARTA 13430","ID_PROV":"31","PROVINSI":"DKI JAKARTA","ID_KABKOT":"31.75","KABKOT":"KOTA ADM. JAKARTA TIMUR","ID_KEC":"31.75.07","KECAMATAN":"DUREN SAWIT","ID_DESA":"31.75.07.1002","DESA":"PONDOK BAMBU","LONGITUDE":106.898697,"LATITUDE":-6.2271347,"STATUS":"BUKA","TANGGAL UPDATE":"27/02/2025","TANGGAL PENGUMPULAN":"Q4 2023","q":27451,"r":-15113}},{"type":"Feature","geometry":{"coordinates":[106.86926530000005,-6.238722799999948],"type":"Point"},"properties":{"NAMA":"BAKMI JAWA PAK TONO OTISTA","TIPE_1":"MAKANAN DAN MINUMAN","TIPE_2":"RESTORAN","TIPE_3":"MIE DAN BAKSO","TELEPON":"0838-7346-5000","ALAMAT":"JALAN OTISTA RAYA149C RT04/RW08 POLONIA MUKA, RT.4/RW.8, OTISTA RAYA, KECAMATAN JATINEGARA, KOTA JAKARTA TIMUR, DAERAH KHUSUS IBUKOTA JAKARTA 13330","ID_PROV":"31","PROVINSI":"DKI JAKARTA","ID_KABKOT":"31.75","KABKOT":"KOTA ADM. JAKARTA TIMUR","ID_KEC":"31.75.03","KECAMATAN":"JATINEGARA","ID_DESA":"31.75.03.1002","DESA":"BIDARA CINA","LONGITUDE":106.8692653,"LATITUDE":-6.2387228,"STATUS":"BUKA","TANGGAL UPDATE":"27/02/2025","TANGGAL PENGUMPULAN":"Q4 2023","q":27443,"r":-15112}},{"type":"Feature","geometry":{"coordinates":[106.90857250000005,-6.249737099999948],"type":"Point"},"properties":{"NAMA":"BAKMI AYAM KOTA PAK KUS","TIPE_1":"MAKANAN DAN MINUMAN","TIPE_2":"RESTORAN","TIPE_3":"MIE DAN BAKSO","TELEPON":"0857-8111-6815","ALAMAT":"JL. RAYA JATIWARINGIN JL. PANGKALAN JATI III NO.12, RT.5/RW.13, CIPINANG MELAYU, KEC. MAKASAR, KOTA JAKARTA TIMUR, DAERAH KHUSUS IBUKOTA JAKARTA 13620","ID_PROV":"31","PROVINSI":"DKI JAKARTA","ID_KABKOT":"31.75","KABKOT":"KOTA ADM. JAKARTA TIMUR","ID_KEC":"31.75.08","KECAMATAN":"MAKASAR","ID_DESA":"31.75.08.1005","DESA":"CIPINANG MELAYU","LONGITUDE":106.908572499999,"LATITUDE":-6.2497371,"STATUS":"BUKA","TANGGAL UPDATE":"27/02/2025","TANGGAL PENGUMPULAN":"Q4 2023","q":27453,"r":-15119}},{"type":"Feature","geometry":{"coordinates":[106.90753490000009,-6.221023299999956],"type":"Point"},"properties":{"NAMA":"MIE GODOG JAWA PAK TIYO","TIPE_1":"MAKANAN DAN MINUMAN","TIPE_2":"RESTORAN","TIPE_3":"MIE DAN BAKSO","TELEPON":"","ALAMAT":"JL. JEND. BASUKI RACHMAT NO.2, RT.3/RW.17, CIPINANG MUARA, KECAMATAN JATINEGARA, KOTA JAKARTA TIMUR, DAERAH KHUSUS IBUKOTA JAKARTA 13420","ID_PROV":"31","PROVINSI":"DKI JAKARTA","ID_KABKOT":"31.75","KABKOT":"KOTA ADM. JAKARTA TIMUR","ID_KEC":"31.75.07","KECAMATAN":"DUREN SAWIT","ID_DESA":"31.75.07.1003","DESA":"KLENDER","LONGITUDE":106.9075349,"LATITUDE":-6.2210233,"STATUS":"BUKA","TANGGAL UPDATE":"27/02/2025","TANGGAL PENGUMPULAN":"Q4 2023","q":27453,"r":-15113}},{"type":"Feature","geometry":{"coordinates":[106.87252790000008,-6.210239399999978],"type":"Point"},"properties":{"NAMA":"DEPOT MIE SURABAYA GROUP - PISANGAN BARU","TIPE_1":"MAKANAN DAN MINUMAN","TIPE_2":"RESTORAN","TIPE_3":"MIE DAN BAKSO","TELEPON":"0856-9788-6726","ALAMAT":"JL. PISANGAN BARU TIMUR NO.11A, RT.14/RW.14, PISANGAN BARU, KEC. MATRAMAN, KOTA JAKARTA TIMUR, DAERAH KHUSUS IBUKOTA JAKARTA 13110","ID_PROV":"31","PROVINSI":"DKI JAKARTA","ID_KABKOT":"31.75","KABKOT":"KOTA ADM. JAKARTA TIMUR","ID_KEC":"31.75.01","KECAMATAN":"MATRAMAN","ID_DESA":"31.75.01.1001","DESA":"PISANGAN BARU","LONGITUDE":106.8725279,"LATITUDE":-6.2102394,"STATUS":"BUKA","TANGGAL UPDATE":"27/02/2025","TANGGAL PENGUMPULAN":"Q4 2023","q":27444,"r":-15106}},{"type":"Feature","geometry":{"coordinates":[106.86949510000005,-6.240635699999928],"type":"Point"},"properties":{"NAMA":"BAKMI 5000","TIPE_1":"MAKANAN DAN MINUMAN","TIPE_2":"RESTORAN","TIPE_3":"MIE DAN BAKSO","TELEPON":"(021) 8576789","ALAMAT":"JL. OTISTA RAYA NO.124, RT.1/RW.8, BIDARA CINA, KECAMATAN JATINEGARA, KOTA JAKARTA TIMUR, DAERAH KHUSUS IBUKOTA JAKARTA 13330","ID_PROV":"31","PROVINSI":"DKI JAKARTA","ID_KABKOT":"31.75","KABKOT":"KOTA ADM. JAKARTA TIMUR","ID_KEC":"31.75.03","KECAMATAN":"JATINEGARA","ID_DESA":"31.75.03.1002","DESA":"BIDARA CINA","LONGITUDE":106.8694951,"LATITUDE":-6.2406357,"STATUS":"BUKA","TANGGAL UPDATE":"27/02/2025","TANGGAL PENGUMPULAN":"Q4 2023","q":27443,"r":-15112}},{"type":"Feature","geometry":{"coordinates":[106.89601550000003,-6.235208299999954],"type":"Point"},"properties":{"NAMA":"BAKMI GODOG JAWA MBAH DJUMALI","TIPE_1":"MAKANAN DAN MINUMAN","TIPE_2":"RESTORAN","TIPE_3":"MIE DAN BAKSO","TELEPON":"0857-7537-1903","ALAMAT":"KOMPLEKS 2, RT.2/RW.2, CIPINANG CEMPEDAK, KEC. DUREN SAWIT, KOTA JAKARTA TIMUR, DAERAH KHUSUS IBUKOTA JAKARTA 13340","ID_PROV":"31","PROVINSI":"DKI JAKARTA","ID_KABKOT":"31.75","KABKOT":"KOTA ADM. JAKARTA TIMUR","ID_KEC":"31.75.07","KECAMATAN":"DUREN SAWIT","ID_DESA":"31.75.07.1002","DESA":"PONDOK BAMBU","LONGITUDE":106.896015499999,"LATITUDE":-6.2352083,"STATUS":"BUKA","TANGGAL UPDATE":"27/02/2025","TANGGAL PENGUMPULAN":"Q4 2023","q":27450,"r":-15115}},{"type":"Feature","geometry":{"coordinates":[106.87970060000004,-6.195008],"type":"Point"},"properties":{"NAMA":"BAKMI PD","TIPE_1":"MAKANAN DAN MINUMAN","TIPE_2":"RESTORAN","TIPE_3":"MIE DAN BAKSO","TELEPON":"","ALAMAT":"BLOK DAKSENAPATI TIMUR 3, JL. RW. MANGUN BLOK DAKSENAPATI TIMUR 3 NO.6, RT.8/RW.14, RAWAMANGUN, KEC. PULO GADUNG, KOTA JAKARTA TIMUR, DAERAH KHUSUS IBUKOTA JAKARTA 13220","ID_PROV":"31","PROVINSI":"DKI JAKARTA","ID_KABKOT":"31.75","KABKOT":"KOTA ADM. JAKARTA TIMUR","ID_KEC":"31.75.02","KECAMATAN":"PULOGADUNG","ID_DESA":"31.75.02.1005","DESA":"RAWAMANGUN","LONGITUDE":106.879700599999,"LATITUDE":-6.195008,"STATUS":"BUKA","TANGGAL UPDATE":"27/02/2025","TANGGAL PENGUMPULAN":"Q4 2023","q":27446,"r":-15103}},{"type":"Feature","geometry":{"coordinates":[106.90169980000007,-6.210712799999953],"type":"Point"},"properties":{"NAMA":"MIE ACEH LAMLO","TIPE_1":"MAKANAN DAN MINUMAN","TIPE_2":"RESTORAN","TIPE_3":"MIE DAN BAKSO","TELEPON":"0812-9512-444","ALAMAT":"RAYA, JL. BEKASI TIMUR IX NO.1, RT.8/RW.1, JATINEGARA, KEC. CAKUNG, KOTA JAKARTA TIMUR, DAERAH KHUSUS IBUKOTA JAKARTA 13390","ID_PROV":"31","PROVINSI":"DKI JAKARTA","ID_KABKOT":"31.75","KABKOT":"KOTA ADM. JAKARTA TIMUR","ID_KEC":"31.75.06","KECAMATAN":"CAKUNG","ID_DESA":"31.75.06.1001","DESA":"JATINEGARA","LONGITUDE":106.901699799999,"LATITUDE":-6.2107128,"STATUS":"BUKA","TANGGAL UPDATE":"27/02/2025","TANGGAL PENGUMPULAN":"Q4 2023","q":27452,"r":-15110}},{"type":"Feature","geometry":{"coordinates":[106.86942610000006,-6.240885499999933],"type":"Point"},"properties":{"NAMA":"BAKMI GOLEK OTISTA","TIPE_1":"MAKANAN DAN MINUMAN","TIPE_2":"RESTORAN","TIPE_3":"MIE DAN BAKSO","TELEPON":"(021) 8193047","ALAMAT":"JALAN OTISTA RAYA NOMOR 458, BIDARACINA, JL. OTISTA RAYA, RT.1/RW.8, BIDARA CINA, KECAMATAN JATINEGARA, KOTA JAKARTA TIMUR, DAERAH KHUSUS IBUKOTA JAKARTA 13330","ID_PROV":"31","PROVINSI":"DKI JAKARTA","ID_KABKOT":"31.75","KABKOT":"KOTA ADM. JAKARTA TIMUR","ID_KEC":"31.75.03","KECAMATAN":"JATINEGARA","ID_DESA":"31.75.03.1002","DESA":"BIDARA CINA","LONGITUDE":106.8694261,"LATITUDE":-6.2408855,"STATUS":"BUKA","TANGGAL UPDATE":"27/02/2025","TANGGAL PENGUMPULAN":"Q4 2023","q":27443,"r":-15112}},{"type":"Feature","geometry":{"coordinates":[106.86801990000004,-6.27139509999995],"type":"Point"},"properties":{"NAMA":"BAKMI SURYA","TIPE_1":"MAKANAN DAN MINUMAN","TIPE_2":"RESTORAN","TIPE_3":"MIE DAN BAKSO","TELEPON":"","ALAMAT":"JL. H. RAIJIN NO.14, RT.9/RW.1, BATU AMPAR, KEC. KRAMAT JATI, KOTA JAKARTA TIMUR, DAERAH KHUSUS IBUKOTA JAKARTA 13520","ID_PROV":"31","PROVINSI":"DKI JAKARTA","ID_KABKOT":"31.75","KABKOT":"KOTA ADM. JAKARTA TIMUR","ID_KEC":"31.75.04","KECAMATAN":"KRAMATJATI","ID_DESA":"31.75.04.1001","DESA":"KRAMATJATI","LONGITUDE":106.8680199,"LATITUDE":-6.2713951,"STATUS":"BUKA","TANGGAL UPDATE":"27/02/2025","TANGGAL PENGUMPULAN":"Q4 2023","q":27443,"r":-15119}},{"type":"Feature","geometry":{"coordinates":[106.91171810000009,-6.245615899999962],"type":"Point"},"properties":{"NAMA":"BAKMI WAYANG","TIPE_1":"MAKANAN DAN MINUMAN","TIPE_2":"RESTORAN","TIPE_3":"MIE DAN BAKSO","TELEPON":"0852-8258-7746","ALAMAT":"JL. RAWA DOMBA NO.6, RT.6/RW.16, DUREN SAWIT, KEC. DUREN SAWIT, KOTA JAKARTA TIMUR, DAERAH KHUSUS IBUKOTA JAKARTA 13440","ID_PROV":"31","PROVINSI":"DKI JAKARTA","ID_KABKOT":"31.75","KABKOT":"KOTA ADM. JAKARTA TIMUR","ID_KEC":"31.75.07","KECAMATAN":"DUREN SAWIT","ID_DESA":"31.75.07.1001","DESA":"DUREN SAWIT","LONGITUDE":106.9117181,"LATITUDE":-6.2456159,"STATUS":"BUKA","TANGGAL UPDATE":"27/02/2025","TANGGAL PENGUMPULAN":"Q4 2023","q":27454,"r":-15119}},{"type":"Feature","geometry":{"coordinates":[106.88161930000007,-6.18407689999998],"type":"Point"},"properties":{"NAMA":"BAKMI MUTIARA 2","TIPE_1":"MAKANAN DAN MINUMAN","TIPE_2":"RESTORAN","TIPE_3":"MIE DAN BAKSO","TELEPON":"(021) 4701372","ALAMAT":"JL. MUTIARA II NO.1, RT.5/RW.10, KAYU PUTIH, KEC. PULO GADUNG, KOTA JAKARTA TIMUR, DAERAH KHUSUS IBUKOTA JAKARTA 13210","ID_PROV":"31","PROVINSI":"DKI JAKARTA","ID_KABKOT":"31.75","KABKOT":"KOTA ADM. JAKARTA TIMUR","ID_KEC":"31.75.02","KECAMATAN":"PULOGADUNG","ID_DESA":"31.75.02.1006","DESA":"KAYU PUTIH","LONGITUDE":106.8816193,"LATITUDE":-6.1840769,"STATUS":"BUKA","TANGGAL UPDATE":"27/02/2025","TANGGAL PENGUMPULAN":"Q4 2023","q":27447,"r":-15101}},{"type":"Feature","geometry":{"coordinates":[106.90826760000004,-6.24742],"type":"Point"},"properties":{"NAMA":"BAKMI MAS BEJO","TIPE_1":"MAKANAN DAN MINUMAN","TIPE_2":"RESTORAN","TIPE_3":"MIE DAN BAKSO","TELEPON":"0812-1523-5845","ALAMAT":"JL. INSPEKSI SALURAN TARUM BARAT NO.19, RT.1/RW.13, CIPINANG MELAYU, KEC. MAKASAR, KOTA JAKARTA TIMUR, DAERAH KHUSUS IBUKOTA JAKARTA 13620","ID_PROV":"31","PROVINSI":"DKI JAKARTA","ID_KABKOT":"31.75","KABKOT":"KOTA ADM. JAKARTA TIMUR","ID_KEC":"31.75.08","KECAMATAN":"MAKASAR","ID_DESA":"31.75.08.1005","DESA":"CIPINANG MELAYU","LONGITUDE":106.9082676,"LATITUDE":-6.24742,"STATUS":"BUKA","TANGGAL UPDATE":"27/02/2025","TANGGAL PENGUMPULAN":"Q4 2023","q":27453,"r":-15119}},{"type":"Feature","geometry":{"coordinates":[106.88548020000007,-6.193185899999946],"type":"Point"},"properties":{"NAMA":"NEW BAKMI JOGJA PEMUDA","TIPE_1":"MAKANAN DAN MINUMAN","TIPE_2":"RESTORAN","TIPE_3":"MIE DAN BAKSO","TELEPON":"0813-4000-6189","ALAMAT":"JL. PEMUDA NO.27, RT.8/RW.4, RAWAMANGUN, KEC. PULO GADUNG, KOTA JAKARTA TIMUR, DAERAH KHUSUS IBUKOTA JAKARTA 13220","ID_PROV":"31","PROVINSI":"DKI JAKARTA","ID_KABKOT":"31.75","KABKOT":"KOTA ADM. JAKARTA TIMUR","ID_KEC":"31.75.02","KECAMATAN":"PULOGADUNG","ID_DESA":"31.75.02.1005","DESA":"RAWAMANGUN","LONGITUDE":106.885480199999,"LATITUDE":-6.1931859,"STATUS":"BUKA","TANGGAL UPDATE":"27/02/2025","TANGGAL PENGUMPULAN":"Q4 2023","q":27448,"r":-15104}},{"type":"Feature","geometry":{"coordinates":[106.88139210000008,-6.184072699999945],"type":"Point"},"properties":{"NAMA":"BAKMI BALIGE JAYA","TIPE_1":"MAKANAN DAN MINUMAN","TIPE_2":"RESTORAN","TIPE_3":"MIE DAN BAKSO","TELEPON":"0812-1206-0807","ALAMAT":"PS. KP. AMBON, JL. BANGUNAN BARAT JAKARTA NO.37, RT.4/RW.10, KAYU PUTIH, KEC. PULO GADUNG, KOTA JAKARTA TIMUR, DAERAH KHUSUS IBUKOTA JAKARTA 13210","ID_PROV":"31","PROVINSI":"DKI JAKARTA","ID_KABKOT":"31.75","KABKOT":"KOTA ADM. JAKARTA TIMUR","ID_KEC":"31.75.02","KECAMATAN":"PULOGADUNG","ID_DESA":"31.75.02.1006","DESA":"KAYU PUTIH","LONGITUDE":106.8813921,"LATITUDE":-6.1840727,"STATUS":"BUKA","TANGGAL UPDATE":"27/02/2025","TANGGAL PENGUMPULAN":"Q4 2023","q":27446,"r":-15101}},{"type":"Feature","geometry":{"coordinates":[106.89031510000007,-6.205820199999948],"type":"Point"},"properties":{"NAMA":"MIE ASENG 1","TIPE_1":"MAKANAN DAN MINUMAN","TIPE_2":"RESTORAN","TIPE_3":"MIE DAN BAKSO","TELEPON":"(021) 22472041","ALAMAT":"JL. CIPINANG BARU RAYA NO.25, RT.5/RW.5, RAWAMANGUN, KEC. PULO GADUNG, KOTA JAKARTA TIMUR, DAERAH KHUSUS IBUKOTA JAKARTA 15318","ID_PROV":"31","PROVINSI":"DKI JAKARTA","ID_KABKOT":"31.75","KABKOT":"KOTA ADM. JAKARTA TIMUR","ID_KEC":"31.75.02","KECAMATAN":"PULOGADUNG","ID_DESA":"31.75.02.1003","DESA":"CIPINANG","LONGITUDE":106.8903151,"LATITUDE":-6.2058202,"STATUS":"BUKA","TANGGAL UPDATE":"27/02/2025","TANGGAL PENGUMPULAN":"Q4 2023","q":27449,"r":-15107}},{"type":"Feature","geometry":{"coordinates":[106.91744990000007,-6.243095299999936],"type":"Point"},"properties":{"NAMA":"BAKMI & NASI GORENG RINA RENY","TIPE_1":"MAKANAN DAN MINUMAN","TIPE_2":"RESTORAN","TIPE_3":"NASI GORENG","TELEPON":"0812-9521-2478","ALAMAT":"JL. SWADAYA RAYA NO.RT. 06, RT.3/RW.7, DUREN SAWIT, KEC. DUREN SAWIT, KOTA JAKARTA TIMUR, DAERAH KHUSUS IBUKOTA JAKARTA 13440","ID_PROV":"31","PROVINSI":"DKI JAKARTA","ID_KABKOT":"31.75","KABKOT":"KOTA ADM. JAKARTA TIMUR","ID_KEC":"31.75.07","KECAMATAN":"DUREN SAWIT","ID_DESA":"31.75.07.1001","DESA":"DUREN SAWIT","LONGITUDE":106.9174499,"LATITUDE":-6.2430953,"STATUS":"BUKA","TANGGAL UPDATE":"27/02/2025","TANGGAL PENGUMPULAN":"Q4 2023","q":27456,"r":-15119}},{"type":"Feature","geometry":{"coordinates":[106.86303730000009,-6.202326699999958],"type":"Point"},"properties":{"NAMA":"RUMAH MAKAN NASI-MIE GORENG PAK TONO","TIPE_1":"MAKANAN DAN MINUMAN","TIPE_2":"RESTORAN","TIPE_3":"MIE DAN BAKSO","TELEPON":"0895-3652-68286","ALAMAT":"JL. KAYU MANIS V NO.50, RT.14/RW.4, KAYU MANIS, KEC. MATRAMAN, KOTA JAKARTA TIMUR, DAERAH KHUSUS IBUKOTA JAKARTA 13130","ID_PROV":"31","PROVINSI":"DKI JAKARTA","ID_KABKOT":"31.75","KABKOT":"KOTA ADM. JAKARTA TIMUR","ID_KEC":"31.75.01","KECAMATAN":"MATRAMAN","ID_DESA":"31.75.01.1003","DESA":"KAYU MANIS","LONGITUDE":106.8630373,"LATITUDE":-6.2023267,"STATUS":"BUKA","TANGGAL UPDATE":"27/02/2025","TANGGAL PENGUMPULAN":"Q4 2023","q":27442,"r":-15103}},{"type":"Feature","geometry":{"coordinates":[106.91549450000008,-6.247864499999935],"type":"Point"},"properties":{"NAMA":"BAKMI GOLEK","TIPE_1":"MAKANAN DAN MINUMAN","TIPE_2":"RESTORAN","TIPE_3":"MIE DAN BAKSO","TELEPON":"(021) 8613951","ALAMAT":"JL. RAYA KALIMALANG NO.14A, DUREN SAWIT, KEC. DUREN SAWIT, KOTA JAKARTA TIMUR, DAERAH KHUSUS IBUKOTA JAKARTA 13440","ID_PROV":"31","PROVINSI":"DKI JAKARTA","ID_KABKOT":"31.75","KABKOT":"KOTA ADM. JAKARTA TIMUR","ID_KEC":"31.75.07","KECAMATAN":"DUREN SAWIT","ID_DESA":"31.75.07.1001","DESA":"DUREN SAWIT","LONGITUDE":106.9154945,"LATITUDE":-6.2478645,"STATUS":"BUKA","TANGGAL UPDATE":"27/02/2025","TANGGAL PENGUMPULAN":"Q4 2023","q":27455,"r":-15120}},{"type":"Feature","geometry":{"coordinates":[106.89060310000008,-6.200462499999958],"type":"Point"},"properties":{"NAMA":"NASI GORENG MIE INDOMARET PEGAMBIRAN","TIPE_1":"MAKANAN DAN MINUMAN","TIPE_2":"RESTORAN","TIPE_3":"NASI GORENG","TELEPON":"","ALAMAT":"JL. PEGAMBIRAN NO.20, RT.12/RW.7, JATI, KEC. PULO GADUNG, KOTA JAKARTA TIMUR, DAERAH KHUSUS IBUKOTA JAKARTA 13220","ID_PROV":"31","PROVINSI":"DKI JAKARTA","ID_KABKOT":"31.75","KABKOT":"KOTA ADM. JAKARTA TIMUR","ID_KEC":"31.75.02","KECAMATAN":"PULOGADUNG","ID_DESA":"31.75.02.1007","DESA":"JATI","LONGITUDE":106.890603099999,"LATITUDE":-6.2004625,"STATUS":"BUKA","TANGGAL UPDATE":"27/02/2025","TANGGAL PENGUMPULAN":"Q4 2023","q":27449,"r":-15106}},{"type":"Feature","geometry":{"coordinates":[106.890276,-6.199196599999937],"type":"Point"},"properties":{"NAMA":"BAKMI PEGAMBIRAN","TIPE_1":"MAKANAN DAN MINUMAN","TIPE_2":"RESTORAN","TIPE_3":"MIE DAN BAKSO","TELEPON":"(021) 4893322","ALAMAT":"JL. PEGAMBIRAN NO.44, RT.8/RW.6, JATI, KEC. PULO GADUNG, KOTA JAKARTA TIMUR, DAERAH KHUSUS IBUKOTA JAKARTA 13220","ID_PROV":"31","PROVINSI":"DKI JAKARTA","ID_KABKOT":"31.75","KABKOT":"KOTA ADM. JAKARTA TIMUR","ID_KEC":"31.75.02","KECAMATAN":"PULOGADUNG","ID_DESA":"31.75.02.1007","DESA":"JATI","LONGITUDE":106.890276,"LATITUDE":-6.1991966,"STATUS":"BUKA","TANGGAL UPDATE":"27/02/2025","TANGGAL PENGUMPULAN":"Q4 2023","q":27449,"r":-15106}},{"type":"Feature","geometry":{"coordinates":[106.94843270000007,-6.177029699999935],"type":"Point"},"properties":{"NAMA":"NASI GORENG BAKMI NJOWO SUKOWATI","TIPE_1":"MAKANAN DAN MINUMAN","TIPE_2":"RESTORAN","TIPE_3":"NASI GORENG","TELEPON":"0813-8431-1747","ALAMAT":"JALAN KAYU TINGGI GG CAMAR RT.8/RW.5, CAKUNG TIMUR, CAKUNG, RT.13/RW.9, CAKUNG TIM., KEC. CAKUNG, KOTA JAKARTA TIMUR, DAERAH KHUSUS IBUKOTA JAKARTA 13910","ID_PROV":"31","PROVINSI":"DKI JAKARTA","ID_KABKOT":"31.75","KABKOT":"KOTA ADM. JAKARTA TIMUR","ID_KEC":"31.75.06","KECAMATAN":"CAKUNG","ID_DESA":"31.75.06.1004","DESA":"CAKUNG TIMUR","LONGITUDE":106.9484327,"LATITUDE":-6.1770297,"STATUS":"BUKA","TANGGAL UPDATE":"27/02/2025","TANGGAL PENGUMPULAN":"Q4 2023","q":27464,"r":-15108}},{"type":"Feature","geometry":{"coordinates":[106.89595480000008,-6.297541699999954],"type":"Point"},"properties":{"NAMA":"MIE SATRIA","TIPE_1":"MAKANAN DAN MINUMAN","TIPE_2":"RESTORAN","TIPE_3":"MIE DAN BAKSO","TELEPON":"0877-1692-5248","ALAMAT":"JL. MANUNGGAL XVII NO.72, RT.6/RW.11, LUBANG BUAYA, KEC. CIPAYUNG, KOTA JAKARTA TIMUR, DAERAH KHUSUS IBUKOTA JAKARTA 13810","ID_PROV":"31","PROVINSI":"DKI JAKARTA","ID_KABKOT":"31.75","KABKOT":"KOTA ADM. JAKARTA TIMUR","ID_KEC":"31.75.10","KECAMATAN":"CIPAYUNG","ID_DESA":"31.75.10.1007","DESA":"LUBANG BUAYA","LONGITUDE":106.8959548,"LATITUDE":-6.2975417,"STATUS":"BUKA","TANGGAL UPDATE":"27/02/2025","TANGGAL PENGUMPULAN":"Q4 2023","q":27450,"r":-15128}},{"type":"Feature","geometry":{"coordinates":[106.90007380000009,-6.215730599999972],"type":"Point"},"properties":{"NAMA":"MIE ACEH ASLI ADI PULOMAS","TIPE_1":"MAKANAN DAN MINUMAN","TIPE_2":"RESTORAN","TIPE_3":"MIE DAN BAKSO","TELEPON":"","ALAMAT":"NO, JL. PAHLAWAN REVOLUSI NO.36, RT.10/RW.3, 13470, JL. PAHLAWAN REVOLUSI NO.36, RT.10/RW.3, KLENDER, KEC. DUREN SAWIT, KOTA JAKARTA TIMUR, DAERAH KHUSUS IBUKOTA JAKARTA 13470","ID_PROV":"31","PROVINSI":"DKI JAKARTA","ID_KABKOT":"31.75","KABKOT":"KOTA ADM. JAKARTA TIMUR","ID_KEC":"31.75.07","KECAMATAN":"DUREN SAWIT","ID_DESA":"31.75.07.1003","DESA":"KLENDER","LONGITUDE":106.9000738,"LATITUDE":-6.2157306,"STATUS":"BUKA","TANGGAL UPDATE":"27/02/2025","TANGGAL PENGUMPULAN":"Q4 2023","q":27451,"r":-15111}},{"type":"Feature","geometry":{"coordinates":[106.86753980000009,-6.203462299999956],"type":"Point"},"properties":{"NAMA":"MIE SURABAYA CAK DOEL","TIPE_1":"MAKANAN DAN MINUMAN","TIPE_2":"RESTORAN","TIPE_3":"MIE DAN BAKSO","TELEPON":"(021) 8573301","ALAMAT":"JL. KRAMAT ASEM NO.36, UTAN KAYU SEL., KEC. MATRAMAN, KOTA JAKARTA TIMUR, DAERAH KHUSUS IBUKOTA JAKARTA 13120","ID_PROV":"31","PROVINSI":"DKI JAKARTA","ID_KABKOT":"31.75","KABKOT":"KOTA ADM. JAKARTA TIMUR","ID_KEC":"31.75.01","KECAMATAN":"MATRAMAN","ID_DESA":"31.75.01.1006","DESA":"UTAN KAYU SELATAN","LONGITUDE":106.867539799999,"LATITUDE":-6.2034623,"STATUS":"BUKA","TANGGAL UPDATE":"27/02/2025","TANGGAL PENGUMPULAN":"Q4 2023","q":27443,"r":-15104}},{"type":"Feature","geometry":{"coordinates":[106.88118650000007,-6.219025099999953],"type":"Point"},"properties":{"NAMA":"DEPOT MIE PAKDE GENDUT","TIPE_1":"MAKANAN DAN MINUMAN","TIPE_2":"RESTORAN","TIPE_3":"MIE DAN BAKSO","TELEPON":"0813-9384-9855","ALAMAT":"JL. CIPINANG PULO MAJA, RT.4/RW.10, CIPINANG BESAR UTARA, KECAMATAN JATINEGARA, KOTA JAKARTA TIMUR, DAERAH KHUSUS IBUKOTA JAKARTA 13410","ID_PROV":"31","PROVINSI":"DKI JAKARTA","ID_KABKOT":"31.75","KABKOT":"KOTA ADM. JAKARTA TIMUR","ID_KEC":"31.75.03","KECAMATAN":"JATINEGARA","ID_DESA":"31.75.03.1008","DESA":"CIPINANG BESAR UTARA","LONGITUDE":106.8811865,"LATITUDE":-6.2190251,"STATUS":"BUKA","TANGGAL UPDATE":"27/02/2025","TANGGAL PENGUMPULAN":"Q4 2023","q":27446,"r":-15109}},{"type":"Feature","geometry":{"coordinates":[106.86889560000009,-6.328890899999976],"type":"Point"},"properties":{"NAMA":"BAKMI POINT 8","TIPE_1":"MAKANAN DAN MINUMAN","TIPE_2":"RESTORAN","TIPE_3":"MIE DAN BAKSO","TELEPON":"0812-8665-858","ALAMAT":"RAYA # RT 003 RW 07 KELURAHAN KECAMATAN CIRACAS, JL. RAYA PONCOL NO.18, RT.3/RW.7, CIRACAS, JAKARTA TIMUR, DKI JAKARTA, DAERAH KHUSUS IBUKOTA JAKARTA 13740","ID_PROV":"31","PROVINSI":"DKI JAKARTA","ID_KABKOT":"31.75","KABKOT":"KOTA ADM. JAKARTA TIMUR","ID_KEC":"31.75.09","KECAMATAN":"CIRACAS","ID_DESA":"31.75.09.1001","DESA":"CIRACAS","LONGITUDE":106.8688956,"LATITUDE":-6.3288909,"STATUS":"BUKA","TANGGAL UPDATE":"27/02/2025","TANGGAL PENGUMPULAN":"Q4 2023","q":27443,"r":-15132}},{"type":"Feature","geometry":{"coordinates":[106.90434170000009,-6.185988799999961],"type":"Point"},"properties":{"NAMA":"MIE GORENG BERANTAKAN","TIPE_1":"MAKANAN DAN MINUMAN","TIPE_2":"RESTORAN","TIPE_3":"MIE DAN BAKSO","TELEPON":"0819-0890-5786","ALAMAT":"JALAN PALAD KP BULAK BARU RT02/003 NO 21, DAERAH KHUSUS IBUKOTA JAKARTA 13260","ID_PROV":"31","PROVINSI":"DKI JAKARTA","ID_KABKOT":"31.75","KABKOT":"KOTA ADM. JAKARTA TIMUR","ID_KEC":"31.75.02","KECAMATAN":"PULOGADUNG","ID_DESA":"31.75.02.1001","DESA":"PULO GADUNG","LONGITUDE":106.904341699999,"LATITUDE":-6.1859888,"STATUS":"BUKA","TANGGAL UPDATE":"27/02/2025","TANGGAL PENGUMPULAN":"Q4 2023","q":27452,"r":-15105}},{"type":"Feature","geometry":{"coordinates":[106.90521520000004,-6.203389],"type":"Point"},"properties":{"NAMA":"BAKMI JOGJA PIYAMAN CAKUNG","TIPE_1":"MAKANAN DAN MINUMAN","TIPE_2":"RESTORAN","TIPE_3":"MIE DAN BAKSO","TELEPON":"0812-8445-0686","ALAMAT":"JL BEKASI RAYA KM 17 RT 005%2F03 JATINEGARA CAKUNG JAKARTA TIMUR DKI JAKARTA, RT.4, RT.6/RW.3, JATINEGARA, KEC. CAKUNG, KOTA JAKARTA TIMUR, DAERAH KHUSUS IBUKOTA JAKARTA 13950","ID_PROV":"31","PROVINSI":"DKI JAKARTA","ID_KABKOT":"31.75","KABKOT":"KOTA ADM. JAKARTA TIMUR","ID_KEC":"31.75.06","KECAMATAN":"CAKUNG","ID_DESA":"31.75.06.1001","DESA":"JATINEGARA","LONGITUDE":106.9052152,"LATITUDE":-6.203389,"STATUS":"BUKA","TANGGAL UPDATE":"27/02/2025","TANGGAL PENGUMPULAN":"Q4 2023","q":27453,"r":-15109}},{"type":"Feature","geometry":{"coordinates":[106.89188320000005,-6.197299],"type":"Point"},"properties":{"NAMA":"BAKMIE SIANTAR PAUS RAWAMANGUN","TIPE_1":"MAKANAN DAN MINUMAN","TIPE_2":"RESTORAN","TIPE_3":"MIE DAN BAKSO","TELEPON":"0812-8479-3325","ALAMAT":"JL. SUNAN SEDAYU NO.1, RT.1/RW.6, JATI, KEC. PULO GADUNG, KOTA JAKARTA TIMUR, DAERAH KHUSUS IBUKOTA JAKARTA 13220","ID_PROV":"31","PROVINSI":"DKI JAKARTA","ID_KABKOT":"31.75","KABKOT":"KOTA ADM. JAKARTA TIMUR","ID_KEC":"31.75.02","KECAMATAN":"PULOGADUNG","ID_DESA":"31.75.02.1007","DESA":"JATI","LONGITUDE":106.8918832,"LATITUDE":-6.197299,"STATUS":"BUKA","TANGGAL UPDATE":"27/02/2025","TANGGAL PENGUMPULAN":"Q4 2023","q":27449,"r":-15105}},{"type":"Feature","geometry":{"coordinates":[106.91078340000007,-6.220858],"type":"Point"},"properties":{"NAMA":"PONDOK MIE 25","TIPE_1":"MAKANAN DAN MINUMAN","TIPE_2":"RESTORAN","TIPE_3":"MIE DAN BAKSO","TELEPON":"0857-1940-5247","ALAMAT":"JL. DERMAGA RAYA NO.9, RT.5/RW.10, KLENDER, KEC. DUREN SAWIT, KOTA JAKARTA TIMUR, DAERAH KHUSUS IBUKOTA JAKARTA 13470","ID_PROV":"31","PROVINSI":"DKI JAKARTA","ID_KABKOT":"31.75","KABKOT":"KOTA ADM. JAKARTA TIMUR","ID_KEC":"31.75.07","KECAMATAN":"DUREN SAWIT","ID_DESA":"31.75.07.1003","DESA":"KLENDER","LONGITUDE":106.9107834,"LATITUDE":-6.220858,"STATUS":"BUKA","TANGGAL UPDATE":"27/02/2025","TANGGAL PENGUMPULAN":"Q4 2023","q":27454,"r":-15113}},{"type":"Feature","geometry":{"coordinates":[106.88584990000004,-6.221634799999947],"type":"Point"},"properties":{"NAMA":"MIE SAHABAT KITA","TIPE_1":"MAKANAN DAN MINUMAN","TIPE_2":"RESTORAN","TIPE_3":"MIE DAN BAKSO","TELEPON":"(021) 8561730","ALAMAT":"JL. CIPINANG JAYA RAYA NO.5, RT.5/RW.7, CIPINANG BESAR SEL., KECAMATAN JATINEGARA, KOTA JAKARTA TIMUR, DAERAH KHUSUS IBUKOTA JAKARTA 13410","ID_PROV":"31","PROVINSI":"DKI JAKARTA","ID_KABKOT":"31.75","KABKOT":"KOTA ADM. JAKARTA TIMUR","ID_KEC":"31.75.03","KECAMATAN":"JATINEGARA","ID_DESA":"31.75.03.1007","DESA":"CIPINANG BESAR SELATAN","LONGITUDE":106.8858499,"LATITUDE":-6.2216348,"STATUS":"BUKA","TANGGAL UPDATE":"27/02/2025","TANGGAL PENGUMPULAN":"Q4 2023","q":27448,"r":-15110}},{"type":"Feature","geometry":{"coordinates":[106.93127960000004,-6.218283],"type":"Point"},"properties":{"NAMA":"MIE ACEH INDRA JAYA","TIPE_1":"MAKANAN DAN MINUMAN","TIPE_2":"RESTORAN","TIPE_3":"MIE DAN BAKSO","TELEPON":"(021) 86602239","ALAMAT":"JL. TERATAI PUTIH RAYA NO.9 D, RT.6/RW.13, MALAKA JAYA, KEC. DUREN SAWIT, KOTA JAKARTA TIMUR, DAERAH KHUSUS IBUKOTA JAKARTA 13460","ID_PROV":"31","PROVINSI":"DKI JAKARTA","ID_KABKOT":"31.75","KABKOT":"KOTA ADM. JAKARTA TIMUR","ID_KEC":"31.75.07","KECAMATAN":"DUREN SAWIT","ID_DESA":"31.75.07.1006","DESA":"MALAKA JAYA","LONGITUDE":106.9312796,"LATITUDE":-6.218283,"STATUS":"BUKA","TANGGAL UPDATE":"27/02/2025","TANGGAL PENGUMPULAN":"Q4 2023","q":27459,"r":-15115}},{"type":"Feature","geometry":{"coordinates":[106.88253490000005,-6.290258499999936],"type":"Point"},"properties":{"NAMA":"BAKMI PADA SUKA SEA FOOD","TIPE_1":"MAKANAN DAN MINUMAN","TIPE_2":"RESTORAN","TIPE_3":"MIE DAN BAKSO","TELEPON":"(021) 93857104","ALAMAT":"JALAN SMA 48 PINANG RANTI RT 08 RW 01 SAMPING CAREFOUR, RT.8/RW.4, MAKASAR, JAKARTA TIMUR, DKI JAKARTA, DAERAH KHUSUS IBUKOTA JAKARTA 13570","ID_PROV":"31","PROVINSI":"DKI JAKARTA","ID_KABKOT":"31.75","KABKOT":"KOTA ADM. JAKARTA TIMUR","ID_KEC":"31.75.08","KECAMATAN":"MAKASAR","ID_DESA":"31.75.08.1002","DESA":"PINANGRANTI","LONGITUDE":106.8825349,"LATITUDE":-6.2902585,"STATUS":"BUKA","TANGGAL UPDATE":"27/02/2025","TANGGAL PENGUMPULAN":"Q4 2023","q":27447,"r":-15125}},{"type":"Feature","geometry":{"coordinates":[106.86659660000004,-6.242189499999938],"type":"Point"},"properties":{"NAMA":"LUNA'S MIE GORENG","TIPE_1":"MAKANAN DAN MINUMAN","TIPE_2":"RESTORAN","TIPE_3":"MIE DAN BAKSO","TELEPON":"0812-9082-2899","ALAMAT":"JL. MASJID 1 NO.11, RT.2/RW.11, BIDARA CINA, KECAMATAN JATINEGARA, KOTA JAKARTA TIMUR, DAERAH KHUSUS IBUKOTA JAKARTA 13330","ID_PROV":"31","PROVINSI":"DKI JAKARTA","ID_KABKOT":"31.75","KABKOT":"KOTA ADM. JAKARTA TIMUR","ID_KEC":"31.75.03","KECAMATAN":"JATINEGARA","ID_DESA":"31.75.03.1002","DESA":"BIDARA CINA","LONGITUDE":106.8665966,"LATITUDE":-6.2421895,"STATUS":"BUKA","TANGGAL UPDATE":"27/02/2025","TANGGAL PENGUMPULAN":"Q4 2023","q":27443,"r":-15112}},{"type":"Feature","geometry":{"coordinates":[106.90497920000007,-6.229561099999955],"type":"Point"},"properties":{"NAMA":"NASI GORENG MIE GORENG MALAM","TIPE_1":"MAKANAN DAN MINUMAN","TIPE_2":"RESTORAN","TIPE_3":"NASI GORENG","TELEPON":"","ALAMAT":"RT.12/RW.9, DUREN SAWIT, KEC. DUREN SAWIT, KOTA JAKARTA TIMUR, DAERAH KHUSUS IBUKOTA JAKARTA 13430","ID_PROV":"31","PROVINSI":"DKI JAKARTA","ID_KABKOT":"31.75","KABKOT":"KOTA ADM. JAKARTA TIMUR","ID_KEC":"31.75.07","KECAMATAN":"DUREN SAWIT","ID_DESA":"31.75.07.1001","DESA":"DUREN SAWIT","LONGITUDE":106.9049792,"LATITUDE":-6.2295611,"STATUS":"BUKA","TANGGAL UPDATE":"27/02/2025","TANGGAL PENGUMPULAN":"Q4 2023","q":27453,"r":-15114}},{"type":"Feature","geometry":{"coordinates":[106.90705120000007,-6.296115399999962],"type":"Point"},"properties":{"NAMA":"NASI MIE GORENG REMPAH BANG MUSA","TIPE_1":"MAKANAN DAN MINUMAN","TIPE_2":"RESTORAN","TIPE_3":"MIE DAN BAKSO","TELEPON":"0856-9722-3849","ALAMAT":"JALAN KRAMAT 1C NO.149, RT.6/RW.10, LUBANG BUAYA, KEC. CIPAYUNG, KOTA JAKARTA TIMUR, DAERAH KHUSUS IBUKOTA JAKARTA 13810","ID_PROV":"31","PROVINSI":"DKI JAKARTA","ID_KABKOT":"31.75","KABKOT":"KOTA ADM. JAKARTA TIMUR","ID_KEC":"31.75.10","KECAMATAN":"CIPAYUNG","ID_DESA":"31.75.10.1007","DESA":"LUBANG BUAYA","LONGITUDE":106.9070512,"LATITUDE":-6.2961154,"STATUS":"BUKA","TANGGAL UPDATE":"27/02/2025","TANGGAL PENGUMPULAN":"Q4 2023","q":27453,"r":-15130}},{"type":"Feature","geometry":{"coordinates":[106.88673140000009,-6.227730799999961],"type":"Point"},"properties":{"NAMA":"MIE TIP-TOP","TIPE_1":"MAKANAN DAN MINUMAN","TIPE_2":"RESTORAN","TIPE_3":"MIE DAN BAKSO","TELEPON":"0823-1110-9501","ALAMAT":"JL. CIPINANG MUARA RAYA NO.42, RT.5/RW.2, JATINEGARA, EAST JAKARTA CITY, JAKARTA 13420","ID_PROV":"31","PROVINSI":"DKI JAKARTA","ID_KABKOT":"31.75","KABKOT":"KOTA ADM. JAKARTA TIMUR","ID_KEC":"31.75.03","KECAMATAN":"JATINEGARA","ID_DESA":"31.75.03.1006","DESA":"CIPINANG MUARA","LONGITUDE":106.8867314,"LATITUDE":-6.2277308,"STATUS":"BUKA","TANGGAL UPDATE":"27/02/2025","TANGGAL PENGUMPULAN":"Q4 2023","q":27448,"r":-15112}},{"type":"Feature","geometry":{"coordinates":[106.91882960000004,-6.203352699999925],"type":"Point"},"properties":{"NAMA":"NASI GORENG & MIE GORENG RASA 5 HARGA K5","TIPE_1":"MAKANAN DAN MINUMAN","TIPE_2":"RESTORAN","TIPE_3":"NASI GORENG","TELEPON":"0812-8610-7897","ALAMAT":"JL. RW. GELAM V NO.8, RW.9, JATINEGARA, KEC. CAKUNG, KOTA JAKARTA TIMUR, DAERAH KHUSUS IBUKOTA JAKARTA 13930","ID_PROV":"31","PROVINSI":"DKI JAKARTA","ID_KABKOT":"31.75","KABKOT":"KOTA ADM. JAKARTA TIMUR","ID_KEC":"31.75.06","KECAMATAN":"CAKUNG","ID_DESA":"31.75.06.1001","DESA":"JATINEGARA","LONGITUDE":106.9188296,"LATITUDE":-6.2033527,"STATUS":"BUKA","TANGGAL UPDATE":"27/02/2025","TANGGAL PENGUMPULAN":"Q4 2023","q":27456,"r":-15110}},{"type":"Feature","geometry":{"coordinates":[106.867309,-6.254310399999952],"type":"Point"},"properties":{"NAMA":"NASI GORENG & MIE GORENG SURABAYA","TIPE_1":"MAKANAN DAN MINUMAN","TIPE_2":"RESTORAN","TIPE_3":"NASI GORENG","TELEPON":"","ALAMAT":"JL. AL-HIDAYAH NO.32-38, RT.9/RW.9, CAWANG, KEC. KRAMAT JATI, KOTA JAKARTA TIMUR, DAERAH KHUSUS IBUKOTA JAKARTA 13630","ID_PROV":"31","PROVINSI":"DKI JAKARTA","ID_KABKOT":"31.75","KABKOT":"KOTA ADM. JAKARTA TIMUR","ID_KEC":"31.75.04","KECAMATAN":"KRAMATJATI","ID_DESA":"31.75.04.1007","DESA":"CAWANG","LONGITUDE":106.867309,"LATITUDE":-6.2543104,"STATUS":"BUKA","TANGGAL UPDATE":"27/02/2025","TANGGAL PENGUMPULAN":"Q4 2023","q":27443,"r":-15115}},{"type":"Feature","geometry":{"coordinates":[106.89201930000007,-6.210448499999927],"type":"Point"},"properties":{"NAMA":"PUTRI TUNGGAL CHINESE FOOD","TIPE_1":"MAKANAN DAN MINUMAN","TIPE_2":"RESTORAN","TIPE_3":"MIE DAN BAKSO","TELEPON":"","ALAMAT":"JL. BEKASI TIMUR RAYA NO.11-36, RT.7/RW.9, CIPINANG, KEC. PULO GADUNG, KOTA JAKARTA TIMUR, DAERAH KHUSUS IBUKOTA JAKARTA 13240","ID_PROV":"31","PROVINSI":"DKI JAKARTA","ID_KABKOT":"31.75","KABKOT":"KOTA ADM. JAKARTA TIMUR","ID_KEC":"31.75.02","KECAMATAN":"PULOGADUNG","ID_DESA":"31.75.02.1003","DESA":"CIPINANG","LONGITUDE":106.8920193,"LATITUDE":-6.2104485,"STATUS":"BUKA","TANGGAL UPDATE":"27/02/2025","TANGGAL PENGUMPULAN":"Q4 2023","q":27449,"r":-15108}},{"type":"Feature","geometry":{"coordinates":[106.93889730000006,-6.210465899999974],"type":"Point"},"properties":{"NAMA":"NASI GORENG - MIE GORENG - BUBUR AYAM CIREBON","TIPE_1":"MAKANAN DAN MINUMAN","TIPE_2":"RESTORAN","TIPE_3":"NASI GORENG","TELEPON":"0813-8434-4888","ALAMAT":"JL. RAYA PENGGILINGAN NO.142, RT.6/RW.5, PENGGILINGAN, KEC. CAKUNG, KOTA JAKARTA TIMUR, DAERAH KHUSUS IBUKOTA JAKARTA 13940","ID_PROV":"31","PROVINSI":"DKI JAKARTA","ID_KABKOT":"31.75","KABKOT":"KOTA ADM. JAKARTA TIMUR","ID_KEC":"31.75.06","KECAMATAN":"CAKUNG","ID_DESA":"31.75.06.1003","DESA":"PENGGILINGAN","LONGITUDE":106.9388973,"LATITUDE":-6.2104659,"STATUS":"BUKA","TANGGAL UPDATE":"27/02/2025","TANGGAL PENGUMPULAN":"Q4 2023","q":27461,"r":-15114}},{"type":"Feature","geometry":{"coordinates":[106.89085860000006,-6.194610799999964],"type":"Point"},"properties":{"NAMA":"BAKMI GOLEK RAWAMANGUN","TIPE_1":"MAKANAN DAN MINUMAN","TIPE_2":"RESTORAN","TIPE_3":"MIE DAN BAKSO","TELEPON":"(021) 4713521","ALAMAT":"JALAN PAUS RAYA NO.12, RT.2/RW.7, RAWAMANGUN, PULO GADUNG, EAST JAKARTA CITY, JAKARTA 13220","ID_PROV":"31","PROVINSI":"DKI JAKARTA","ID_KABKOT":"31.75","KABKOT":"KOTA ADM. JAKARTA TIMUR","ID_KEC":"31.75.02","KECAMATAN":"PULOGADUNG","ID_DESA":"31.75.02.1005","DESA":"RAWAMANGUN","LONGITUDE":106.8908586,"LATITUDE":-6.1946108,"STATUS":"BUKA","TANGGAL UPDATE":"27/02/2025","TANGGAL PENGUMPULAN":"Q4 2023","q":27449,"r":-15105}},{"type":"Feature","geometry":{"coordinates":[106.87756080000008,-6.189118699999938],"type":"Point"},"properties":{"NAMA":"BAKMI JAPON HAJI TEN","TIPE_1":"MAKANAN DAN MINUMAN","TIPE_2":"RESTORAN","TIPE_3":"MIE DAN BAKSO","TELEPON":"0896-1854-3000","ALAMAT":"14, JL. H. TEN RAYA NO.8, RT.14/RW.7, KAYU PUTIH, KEC. PULO GADUNG, KOTA JAKARTA TIMUR, DAERAH KHUSUS IBUKOTA JAKARTA 13210","ID_PROV":"31","PROVINSI":"DKI JAKARTA","ID_KABKOT":"31.75","KABKOT":"KOTA ADM. JAKARTA TIMUR","ID_KEC":"31.75.02","KECAMATAN":"PULOGADUNG","ID_DESA":"31.75.02.1006","DESA":"KAYU PUTIH","LONGITUDE":106.8775608,"LATITUDE":-6.1891187,"STATUS":"BUKA","TANGGAL UPDATE":"27/02/2025","TANGGAL PENGUMPULAN":"Q4 2023","q":27445,"r":-15102}},{"type":"Feature","geometry":{"coordinates":[106.93420780000008,-6.232687899999974],"type":"Point"},"properties":{"NAMA":"PONDOK MIE SURABAYA PONDOK KELAPA JAKARTA TIMUR","TIPE_1":"MAKANAN DAN MINUMAN","TIPE_2":"RESTORAN","TIPE_3":"MIE DAN BAKSO","TELEPON":"","ALAMAT":"JL. TAMAN ENAU NO.3, RT.3/RW.9, PD. KLP., KEC. DUREN SAWIT, KOTA JAKARTA TIMUR, DAERAH KHUSUS IBUKOTA JAKARTA 13450","ID_PROV":"31","PROVINSI":"DKI JAKARTA","ID_KABKOT":"31.75","KABKOT":"KOTA ADM. JAKARTA TIMUR","ID_KEC":"31.75.07","KECAMATAN":"DUREN SAWIT","ID_DESA":"31.75.07.1004","DESA":"PONDOK KELAPA","LONGITUDE":106.9342078,"LATITUDE":-6.2326879,"STATUS":"BUKA","TANGGAL UPDATE":"27/02/2025","TANGGAL PENGUMPULAN":"Q4 2023","q":27460,"r":-15119}},{"type":"Feature","geometry":{"coordinates":[106.90017660000007,-6.296875799999953],"type":"Point"},"properties":{"NAMA":"BAKMI GORENG PUTRA MAS EL","TIPE_1":"MAKANAN DAN MINUMAN","TIPE_2":"RESTORAN","TIPE_3":"MIE DAN BAKSO","TELEPON":"0838-7686-2291","ALAMAT":"JL. ALBAIDHO II, RT.4/RW.6, LUBANG BUAYA, KEC. CIPAYUNG, KOTA JAKARTA TIMUR, DAERAH KHUSUS IBUKOTA JAKARTA 13810","ID_PROV":"31","PROVINSI":"DKI JAKARTA","ID_KABKOT":"31.75","KABKOT":"KOTA ADM. JAKARTA TIMUR","ID_KEC":"31.75.10","KECAMATAN":"CIPAYUNG","ID_DESA":"31.75.10.1007","DESA":"LUBANG BUAYA","LONGITUDE":106.9001766,"LATITUDE":-6.2968758,"STATUS":"BUKA","TANGGAL UPDATE":"27/02/2025","TANGGAL PENGUMPULAN":"Q4 2023","q":27451,"r":-15129}},{"type":"Feature","geometry":{"coordinates":[106.89999910000006,-6.201012499999933],"type":"Point"},"properties":{"NAMA":"MIE TASIK MANG OBETH","TIPE_1":"MAKANAN DAN MINUMAN","TIPE_2":"RESTORAN","TIPE_3":"MIE DAN BAKSO","TELEPON":"0821-7575-7675","ALAMAT":"JL PERHUBUNGAN X NO 84 RAWAMANGUN, RT.1/RW.7, JATI, KEC. PULO GADUNG, KOTA JAKARTA TIMUR, DAERAH KHUSUS IBUKOTA JAKARTA 13220","ID_PROV":"31","PROVINSI":"DKI JAKARTA","ID_KABKOT":"31.75","KABKOT":"KOTA ADM. JAKARTA TIMUR","ID_KEC":"31.75.02","KECAMATAN":"PULOGADUNG","ID_DESA":"31.75.02.1007","DESA":"JATI","LONGITUDE":106.899999099999,"LATITUDE":-6.2010125,"STATUS":"BUKA","TANGGAL UPDATE":"27/02/2025","TANGGAL PENGUMPULAN":"Q4 2023","q":27451,"r":-15107}},{"type":"Feature","geometry":{"coordinates":[106.92009770000004,-6.220706799999959],"type":"Point"},"properties":{"NAMA":"MIE ACEH LAMLO 6","TIPE_1":"MAKANAN DAN MINUMAN","TIPE_2":"RESTORAN","TIPE_3":"MIE DAN BAKSO","TELEPON":"0813-1688-9212","ALAMAT":"PERTOKOAN AGUNG TOYS, JL. BUARAN RAYA NO.34, RT.6/RW.15, DUREN SAWIT, KEC. DUREN SAWIT, KOTA JAKARTA TIMUR, DAERAH KHUSUS IBUKOTA JAKARTA 13440","ID_PROV":"31","PROVINSI":"DKI JAKARTA","ID_KABKOT":"31.75","KABKOT":"KOTA ADM. JAKARTA TIMUR","ID_KEC":"31.75.07","KECAMATAN":"DUREN SAWIT","ID_DESA":"31.75.07.1001","DESA":"DUREN SAWIT","LONGITUDE":106.9200977,"LATITUDE":-6.2207068,"STATUS":"BUKA","TANGGAL UPDATE":"27/02/2025","TANGGAL PENGUMPULAN":"Q4 2023","q":27456,"r":-15114}},{"type":"Feature","geometry":{"coordinates":[106.90362490000007,-6.237347099999965],"type":"Point"},"properties":{"NAMA":"MIE AYAM MAS MIN","TIPE_1":"MAKANAN DAN MINUMAN","TIPE_2":"RESTORAN","TIPE_3":"MIE DAN BAKSO","TELEPON":"","ALAMAT":"BLOK D1 NO., JL. CENDANI RAYA I BLOK E NO.137, RT.6/RW.8, PD. BAMBU, KEC. DUREN SAWIT, KOTA JAKARTA TIMUR, DAERAH KHUSUS IBUKOTA JAKARTA 13430","ID_PROV":"31","PROVINSI":"DKI JAKARTA","ID_KABKOT":"31.75","KABKOT":"KOTA ADM. JAKARTA TIMUR","ID_KEC":"31.75.07","KECAMATAN":"DUREN SAWIT","ID_DESA":"31.75.07.1002","DESA":"PONDOK BAMBU","LONGITUDE":106.9036249,"LATITUDE":-6.2373471,"STATUS":"BUKA","TANGGAL UPDATE":"27/02/2025","TANGGAL PENGUMPULAN":"Q4 2023","q":27452,"r":-15116}},{"type":"Feature","geometry":{"coordinates":[106.90913550000005,-6.231046899999967],"type":"Point"},"properties":{"NAMA":"BAKMI 99 SEAFOOD","TIPE_1":"MAKANAN DAN MINUMAN","TIPE_2":"RESTORAN","TIPE_3":"MIE DAN BAKSO","TELEPON":"","ALAMAT":"RT.16/RW.6, PD. BAMBU, KEC. DUREN SAWIT, KOTA JAKARTA TIMUR, DAERAH KHUSUS IBUKOTA JAKARTA 13430","ID_PROV":"31","PROVINSI":"DKI JAKARTA","ID_KABKOT":"31.75","KABKOT":"KOTA ADM. JAKARTA TIMUR","ID_KEC":"31.75.07","KECAMATAN":"DUREN SAWIT","ID_DESA":"31.75.07.1001","DESA":"DUREN SAWIT","LONGITUDE":106.909135499999,"LATITUDE":-6.2310469,"STATUS":"BUKA","TANGGAL UPDATE":"27/02/2025","TANGGAL PENGUMPULAN":"Q4 2023","q":27454,"r":-15115}},{"type":"Feature","geometry":{"coordinates":[106.92750390000003,-6.196642399999973],"type":"Point"},"properties":{"NAMA":"BAKMI DS","TIPE_1":"MAKANAN DAN MINUMAN","TIPE_2":"RESTORAN","TIPE_3":"MIE DAN BAKSO","TELEPON":"0858-9391-8477","ALAMAT":"RT.7/RW.5, JATINEGARA, KEC.CAKUNG, KOTA JAKARTA TIMUR, DAERAK KHUSUS IBUKOTA JAKARTA, RT.7/RW.5, JATINEGARA, KEC. CAKUNG, KOTA JAKARTA TIMUR, DAERAH KHUSUS IBUKOTA JAKARTA 13930","ID_PROV":"31","PROVINSI":"DKI JAKARTA","ID_KABKOT":"31.75","KABKOT":"KOTA ADM. JAKARTA TIMUR","ID_KEC":"31.75.06","KECAMATAN":"CAKUNG","ID_DESA":"31.75.06.1001","DESA":"JATINEGARA","LONGITUDE":106.927503899999,"LATITUDE":-6.1966424,"STATUS":"BUKA","TANGGAL UPDATE":"27/02/2025","TANGGAL PENGUMPULAN":"Q4 2023","q":27458,"r":-15110}},{"type":"Feature","geometry":{"coordinates":[106.88445510000008,-6.225727799999959],"type":"Point"},"properties":{"NAMA":"MIE AYAM BANGKA ASAN CIPINANG","TIPE_1":"MAKANAN DAN MINUMAN","TIPE_2":"RESTORAN","TIPE_3":"MIE DAN BAKSO","TELEPON":"0812-8719-408","ALAMAT":"JL. CIPINANG JAYA RAYA NO.48, RT.3/RW.3, CIPINANG MUARA, KECAMATAN JATINEGARA, KOTA JAKARTA TIMUR, DAERAH KHUSUS IBUKOTA JAKARTA 13410","ID_PROV":"31","PROVINSI":"DKI JAKARTA","ID_KABKOT":"31.75","KABKOT":"KOTA ADM. JAKARTA TIMUR","ID_KEC":"31.75.03","KECAMATAN":"JATINEGARA","ID_DESA":"31.75.03.1006","DESA":"CIPINANG MUARA","LONGITUDE":106.8844551,"LATITUDE":-6.2257278,"STATUS":"BUKA","TANGGAL UPDATE":"27/02/2025","TANGGAL PENGUMPULAN":"Q4 2023","q":27447,"r":-15111}},{"type":"Feature","geometry":{"coordinates":[106.92108130000008,-6.209515299999964],"type":"Point"},"properties":{"NAMA":"NASI GORENG SUMBER REZEKI","TIPE_1":"MAKANAN DAN MINUMAN","TIPE_2":"RESTORAN","TIPE_3":"NASI GORENG","TELEPON":"0878-8578-0101","ALAMAT":"JL. SWADAYA KP. RW. BADUNG NO.51 N, RT.7/RW.13, JATINEGARA, KEC. CAKUNG, KOTA JAKARTA TIMUR, DAERAH KHUSUS IBUKOTA JAKARTA 13930","ID_PROV":"31","PROVINSI":"DKI JAKARTA","ID_KABKOT":"31.75","KABKOT":"KOTA ADM. JAKARTA TIMUR","ID_KEC":"31.75.06","KECAMATAN":"CAKUNG","ID_DESA":"31.75.06.1001","DESA":"JATINEGARA","LONGITUDE":106.9210813,"LATITUDE":-6.2095153,"STATUS":"BUKA","TANGGAL UPDATE":"27/02/2025","TANGGAL PENGUMPULAN":"Q4 2023","q":27457,"r":-15112}},{"type":"Feature","geometry":{"coordinates":[106.90737270000005,-6.221127499999966],"type":"Point"},"properties":{"NAMA":"KING MIE PANGSIT MIE AYAM","TIPE_1":"MAKANAN DAN MINUMAN","TIPE_2":"RESTORAN","TIPE_3":"MIE DAN BAKSO","TELEPON":"0878-8862-7500","ALAMAT":"JL. DERMAGA RAYA NO.28Y, KLENDER, KEC. DUREN SAWIT, KOTA JAKARTA TIMUR, DAERAH KHUSUS IBUKOTA JAKARTA 13470","ID_PROV":"31","PROVINSI":"DKI JAKARTA","ID_KABKOT":"31.75","KABKOT":"KOTA ADM. JAKARTA TIMUR","ID_KEC":"31.75.07","KECAMATAN":"DUREN SAWIT","ID_DESA":"31.75.07.1003","DESA":"KLENDER","LONGITUDE":106.9073727,"LATITUDE":-6.2211275,"STATUS":"BUKA","TANGGAL UPDATE":"27/02/2025","TANGGAL PENGUMPULAN":"Q4 2023","q":27453,"r":-15113}},{"type":"Feature","geometry":{"coordinates":[106.91512420000004,-6.221294399999977],"type":"Point"},"properties":{"NAMA":"BAKMI DU - WIT","TIPE_1":"MAKANAN DAN MINUMAN","TIPE_2":"RESTORAN","TIPE_3":"MIE DAN BAKSO","TELEPON":"0877-7778-5577","ALAMAT":"JL. DUREN SAWIT BLOK K IV NO.7A, RT.9/RW.10, DUREN SAWIT, KEC. DUREN SAWIT, KOTA JAKARTA TIMUR, DAERAH KHUSUS IBUKOTA JAKARTA 13440","ID_PROV":"31","PROVINSI":"DKI JAKARTA","ID_KABKOT":"31.75","KABKOT":"KOTA ADM. JAKARTA TIMUR","ID_KEC":"31.75.07","KECAMATAN":"DUREN SAWIT","ID_DESA":"31.75.07.1003","DESA":"KLENDER","LONGITUDE":106.9151242,"LATITUDE":-6.2212944,"STATUS":"BUKA","TANGGAL UPDATE":"27/02/2025","TANGGAL PENGUMPULAN":"Q4 2023","q":27455,"r":-15114}},{"type":"Feature","geometry":{"coordinates":[106.89537390000004,-6.197595299999932],"type":"Point"},"properties":{"NAMA":"MIE JOE-KER JATI PGADUNG","TIPE_1":"MAKANAN DAN MINUMAN","TIPE_2":"RESTORAN","TIPE_3":"MIE DAN BAKSO","TELEPON":"0817-755-586","ALAMAT":"JL. TONGKOL NO.1A, RT.1/RW.5, JATI, KEC. PULO GADUNG, KOTA JAKARTA TIMUR, DAERAH KHUSUS IBUKOTA JAKARTA 13220","ID_PROV":"31","PROVINSI":"DKI JAKARTA","ID_KABKOT":"31.75","KABKOT":"KOTA ADM. JAKARTA TIMUR","ID_KEC":"31.75.02","KECAMATAN":"PULOGADUNG","ID_DESA":"31.75.02.1007","DESA":"JATI","LONGITUDE":106.8953739,"LATITUDE":-6.1975953,"STATUS":"BUKA","TANGGAL UPDATE":"27/02/2025","TANGGAL PENGUMPULAN":"Q4 2023","q":27450,"r":-15106}},{"type":"Feature","geometry":{"coordinates":[106.87588410000006,-6.244425899999953],"type":"Point"},"properties":{"NAMA":"NASI GORENG DAN MIE GORENG AUNG","TIPE_1":"MAKANAN DAN MINUMAN","TIPE_2":"RESTORAN","TIPE_3":"NASI GORENG","TELEPON":"0812-9072-3654","ALAMAT":"JL. BIRU LAUT IX, RT.7/RW.11, CIPINANG CEMPEDAK, KECAMATAN JATINEGARA, KOTA JAKARTA TIMUR, DAERAH KHUSUS IBUKOTA JAKARTA 13340","ID_PROV":"31","PROVINSI":"DKI JAKARTA","ID_KABKOT":"31.75","KABKOT":"KOTA ADM. JAKARTA TIMUR","ID_KEC":"31.75.03","KECAMATAN":"JATINEGARA","ID_DESA":"31.75.03.1005","DESA":"CIPINANG CEMPEDAK","LONGITUDE":106.8758841,"LATITUDE":-6.2444259,"STATUS":"BUKA","TANGGAL UPDATE":"27/02/2025","TANGGAL PENGUMPULAN":"Q4 2023","q":27445,"r":-15114}},{"type":"Feature","geometry":{"coordinates":[106.86482220000005,-6.251422299999945],"type":"Point"},"properties":{"NAMA":"BAKMI BERDIKARI","TIPE_1":"MAKANAN DAN MINUMAN","TIPE_2":"RESTORAN","TIPE_3":"MIE DAN BAKSO","TELEPON":"(021) 80882581","ALAMAT":"JL. DEWI SARTIKA NO.136 A, RT.5/RW.12, CAWANG, KEC. KRAMAT JATI, KOTA JAKARTA TIMUR, DAERAH KHUSUS IBUKOTA JAKARTA 13630","ID_PROV":"31","PROVINSI":"DKI JAKARTA","ID_KABKOT":"31.75","KABKOT":"KOTA ADM. JAKARTA TIMUR","ID_KEC":"31.75.04","KECAMATAN":"KRAMATJATI","ID_DESA":"31.75.04.1007","DESA":"CAWANG","LONGITUDE":106.864822199999,"LATITUDE":-6.2514223,"STATUS":"BUKA","TANGGAL UPDATE":"27/02/2025","TANGGAL PENGUMPULAN":"Q4 2023","q":27442,"r":-15114}},{"type":"Feature","geometry":{"coordinates":[106.89188810000007,-6.241621],"type":"Point"},"properties":{"NAMA":"MIE AYAM GAJAH MUNGKUR 313","TIPE_1":"MAKANAN DAN MINUMAN","TIPE_2":"RESTORAN","TIPE_3":"MIE DAN BAKSO","TELEPON":"","ALAMAT":"JL. H. SULAIMAN NO.2, RT.13/RW.3, HALIM PERDANA KUSUMAH, KEC. MAKASAR, KOTA JAKARTA TIMUR, DAERAH KHUSUS IBUKOTA JAKARTA 13610","ID_PROV":"31","PROVINSI":"DKI JAKARTA","ID_KABKOT":"31.75","KABKOT":"KOTA ADM. JAKARTA TIMUR","ID_KEC":"31.75.08","KECAMATAN":"MAKASAR","ID_DESA":"31.75.08.1005","DESA":"CIPINANG MELAYU","LONGITUDE":106.891888099999,"LATITUDE":-6.241621,"STATUS":"BUKA","TANGGAL UPDATE":"27/02/2025","TANGGAL PENGUMPULAN":"Q4 2023","q":27449,"r":-15115}},{"type":"Feature","geometry":{"coordinates":[106.91826130000004,-6.22576909999998],"type":"Point"},"properties":{"NAMA":"BAKMI SELERA DUREN SAWIT","TIPE_1":"MAKANAN DAN MINUMAN","TIPE_2":"RESTORAN","TIPE_3":"MIE DAN BAKSO","TELEPON":"0813-1188-0529","ALAMAT":"JL. MADRASAH I NO.34, RT.2/RW.10, DUREN SAWIT, KEC. DUREN SAWIT, KOTA JAKARTA TIMUR, DAERAH KHUSUS IBUKOTA JAKARTA 13440","ID_PROV":"31","PROVINSI":"DKI JAKARTA","ID_KABKOT":"31.75","KABKOT":"KOTA ADM. JAKARTA TIMUR","ID_KEC":"31.75.07","KECAMATAN":"DUREN SAWIT","ID_DESA":"31.75.07.1001","DESA":"DUREN SAWIT","LONGITUDE":106.9182613,"LATITUDE":-6.2257691,"STATUS":"BUKA","TANGGAL UPDATE":"27/02/2025","TANGGAL PENGUMPULAN":"Q4 2023","q":27456,"r":-15115}},{"type":"Feature","geometry":{"coordinates":[106.87786390000008,-6.224129],"type":"Point"},"properties":{"NAMA":"BAKMI GM","TIPE_1":"MAKANAN DAN MINUMAN","TIPE_2":"RESTORAN","TIPE_3":"MIE DAN BAKSO","TELEPON":"(021) 22807726","ALAMAT":"LANTAI GF, MALL @BASSURA, JL. JEND. BASUKI RACHMAT NO.10, RT.8/RW.12, SOUTH CIPINANG BESAR, JATINEGARA, EAST JAKARTA CITY, JAKARTA 13410","ID_PROV":"31","PROVINSI":"DKI JAKARTA","ID_KABKOT":"31.75","KABKOT":"KOTA ADM. JAKARTA TIMUR","ID_KEC":"31.75.03","KECAMATAN":"JATINEGARA","ID_DESA":"31.75.03.1007","DESA":"CIPINANG BESAR SELATAN","LONGITUDE":106.8778639,"LATITUDE":-6.224129,"STATUS":"BUKA","TANGGAL UPDATE":"27/02/2025","TANGGAL PENGUMPULAN":"Q4 2023","q":27446,"r":-15110}},{"type":"Feature","geometry":{"coordinates":[106.89111690000004,-6.195276499999977],"type":"Point"},"properties":{"NAMA":"BUBUR AYAM & NASI GORENG CIREBON","TIPE_1":"MAKANAN DAN MINUMAN","TIPE_2":"RESTORAN","TIPE_3":"NASI GORENG","TELEPON":"(021) 47862928","ALAMAT":"1, JL. PAUS NO.7 D, RT.1/RW.7, RAWAMANGUN, KEC. PULO GADUNG, KOTA JAKARTA TIMUR, DAERAH KHUSUS IBUKOTA JAKARTA 13220","ID_PROV":"31","PROVINSI":"DKI JAKARTA","ID_KABKOT":"31.75","KABKOT":"KOTA ADM. JAKARTA TIMUR","ID_KEC":"31.75.02","KECAMATAN":"PULOGADUNG","ID_DESA":"31.75.02.1005","DESA":"RAWAMANGUN","LONGITUDE":106.8911169,"LATITUDE":-6.1952765,"STATUS":"BUKA","TANGGAL UPDATE":"27/02/2025","TANGGAL PENGUMPULAN":"Q4 2023","q":27449,"r":-15105}},{"type":"Feature","geometry":{"coordinates":[106.86986410000009,-6.232512899999961],"type":"Point"},"properties":{"NAMA":"MIE AYAM JAMUR JACK","TIPE_1":"MAKANAN DAN MINUMAN","TIPE_2":"RESTORAN","TIPE_3":"MIE DAN BAKSO","TELEPON":"0858-9983-1316","ALAMAT":"JL. OTISTA 3 JL. KEBON NANAS SELATAN I NO.14 A, RT.01RW/RW.8, CIPINANG CEMPEDAK, KECAMATAN JATINEGARA, KOTA JAKARTA TIMUR, DAERAH KHUSUS IBUKOTA JAKARTA 13340","ID_PROV":"31","PROVINSI":"DKI JAKARTA","ID_KABKOT":"31.75","KABKOT":"KOTA ADM. JAKARTA TIMUR","ID_KEC":"31.75.03","KECAMATAN":"JATINEGARA","ID_DESA":"31.75.03.1005","DESA":"CIPINANG CEMPEDAK","LONGITUDE":106.8698641,"LATITUDE":-6.2325129,"STATUS":"BUKA","TANGGAL UPDATE":"27/02/2025","TANGGAL PENGUMPULAN":"Q4 2023","q":27444,"r":-15111}},{"type":"Feature","geometry":{"coordinates":[106.90697030000007,-6.24751619999995],"type":"Point"},"properties":{"NAMA":"MIE AYAM NYONYAH","TIPE_1":"MAKANAN DAN MINUMAN","TIPE_2":"RESTORAN","TIPE_3":"MIE DAN BAKSO","TELEPON":"0818-0613-9173","ALAMAT":"RT.2/RW.13, CIPINANG MELAYU, KEC. MAKASAR, KOTA JAKARTA TIMUR, DAERAH KHUSUS IBUKOTA JAKARTA 13620","ID_PROV":"31","PROVINSI":"DKI JAKARTA","ID_KABKOT":"31.75","KABKOT":"KOTA ADM. JAKARTA TIMUR","ID_KEC":"31.75.08","KECAMATAN":"MAKASAR","ID_DESA":"31.75.08.1005","DESA":"CIPINANG MELAYU","LONGITUDE":106.9069703,"LATITUDE":-6.2475162,"STATUS":"BUKA","TANGGAL UPDATE":"27/02/2025","TANGGAL PENGUMPULAN":"Q4 2023","q":27453,"r":-15119}},{"type":"Feature","geometry":{"coordinates":[106.87749910000008,-6.25101959999995],"type":"Point"},"properties":{"NAMA":"MIE GOMAK BANG RAJA","TIPE_1":"MAKANAN DAN MINUMAN","TIPE_2":"RESTORAN","TIPE_3":"MIE DAN BAKSO","TELEPON":"0852-1060-0235","ALAMAT":"JL. KOLONEL SUTOMO 1 NO.17, RT.6/RW.6, KB. PALA, KEC. MAKASAR, KOTA JAKARTA TIMUR, DAERAH KHUSUS IBUKOTA JAKARTA 13650","ID_PROV":"31","PROVINSI":"DKI JAKARTA","ID_KABKOT":"31.75","KABKOT":"KOTA ADM. JAKARTA TIMUR","ID_KEC":"31.75.08","KECAMATAN":"MAKASAR","ID_DESA":"31.75.08.1003","DESA":"KEBON PALA","LONGITUDE":106.8774991,"LATITUDE":-6.2510196,"STATUS":"BUKA","TANGGAL UPDATE":"27/02/2025","TANGGAL PENGUMPULAN":"Q4 2023","q":27445,"r":-15116}},{"type":"Feature","geometry":{"coordinates":[106.91305440000008,-6.222587099999942],"type":"Point"},"properties":{"NAMA":"MIE AYAM ASENG","TIPE_1":"MAKANAN DAN MINUMAN","TIPE_2":"RESTORAN","TIPE_3":"MIE DAN BAKSO","TELEPON":"0852-8354-2674","ALAMAT":"JL. LKR. TIMUR DUREN SAWIT NO.23, RT.11/RW.11, KLENDER, KEC. DUREN SAWIT, KOTA JAKARTA TIMUR, DAERAH KHUSUS IBUKOTA JAKARTA 13440","ID_PROV":"31","PROVINSI":"DKI JAKARTA","ID_KABKOT":"31.75","KABKOT":"KOTA ADM. JAKARTA TIMUR","ID_KEC":"31.75.07","KECAMATAN":"DUREN SAWIT","ID_DESA":"31.75.07.1003","DESA":"KLENDER","LONGITUDE":106.9130544,"LATITUDE":-6.2225871,"STATUS":"BUKA","TANGGAL UPDATE":"27/02/2025","TANGGAL PENGUMPULAN":"Q4 2023","q":27455,"r":-15114}},{"type":"Feature","geometry":{"coordinates":[106.89000270000008,-6.199005299999953],"type":"Point"},"properties":{"NAMA":"CAHAYA TIMUR RUMAH MAKAN","TIPE_1":"MAKANAN DAN MINUMAN","TIPE_2":"RESTORAN","TIPE_3":"MIE DAN BAKSO","TELEPON":"(021) 4751919","ALAMAT":"JL. PEGAMBIRAN NO. 24, JATI, PULO GADUNG, RT.9/RW.8, RAWAMANGUN, JAKARTA TIMUR, KOTA JAKARTA TIMUR, DAERAH KHUSUS IBUKOTA JAKARTA 13220","ID_PROV":"31","PROVINSI":"DKI JAKARTA","ID_KABKOT":"31.75","KABKOT":"KOTA ADM. JAKARTA TIMUR","ID_KEC":"31.75.02","KECAMATAN":"PULOGADUNG","ID_DESA":"31.75.02.1005","DESA":"RAWAMANGUN","LONGITUDE":106.8900027,"LATITUDE":-6.1990053,"STATUS":"BUKA","TANGGAL UPDATE":"27/02/2025","TANGGAL PENGUMPULAN":"Q4 2023","q":27449,"r":-15106}},{"type":"Feature","geometry":{"coordinates":[106.87872960000004,-6.21306629999998],"type":"Point"},"properties":{"NAMA":"MIE JAWA LEGENDARIS BENARES","TIPE_1":"MAKANAN DAN MINUMAN","TIPE_2":"RESTORAN","TIPE_3":"MIE DAN BAKSO","TELEPON":"0813-1177-8898","ALAMAT":"JL. PISANGAN LAMA III NO.8, RT.5/RW.2, PISANGAN TIM., KEC. PULO GADUNG, KOTA JAKARTA TIMUR, DAERAH KHUSUS IBUKOTA JAKARTA 13230","ID_PROV":"31","PROVINSI":"DKI JAKARTA","ID_KABKOT":"31.75","KABKOT":"KOTA ADM. JAKARTA TIMUR","ID_KEC":"31.75.02","KECAMATAN":"PULOGADUNG","ID_DESA":"31.75.02.1002","DESA":"PISANGAN TIMUR","LONGITUDE":106.8787296,"LATITUDE":-6.2130663,"STATUS":"BUKA","TANGGAL UPDATE":"27/02/2025","TANGGAL PENGUMPULAN":"Q4 2023","q":27446,"r":-15107}},{"type":"Feature","geometry":{"coordinates":[106.89006110000008,-6.228085599999929],"type":"Point"},"properties":{"NAMA":"SOMILOR (SOSIS MIE TELOR)","TIPE_1":"MAKANAN DAN MINUMAN","TIPE_2":"RESTORAN","TIPE_3":"MIE DAN BAKSO","TELEPON":"0857-1091-5007","ALAMAT":"RT.6/RW.14, CIPINANG MUARA, KECAMATAN JATINEGARA, KOTA JAKARTA TIMUR, DAERAH KHUSUS IBUKOTA JAKARTA 13420","ID_PROV":"31","PROVINSI":"DKI JAKARTA","ID_KABKOT":"31.75","KABKOT":"KOTA ADM. JAKARTA TIMUR","ID_KEC":"31.75.03","KECAMATAN":"JATINEGARA","ID_DESA":"31.75.03.1006","DESA":"CIPINANG MUARA","LONGITUDE":106.8900611,"LATITUDE":-6.2280856,"STATUS":"BUKA","TANGGAL UPDATE":"27/02/2025","TANGGAL PENGUMPULAN":"Q4 2023","q":27449,"r":-15112}},{"type":"Feature","geometry":{"coordinates":[106.90708320000005,-6.246125699999936],"type":"Point"},"properties":{"NAMA":"MIE AYAM BANGKA PJ","TIPE_1":"MAKANAN DAN MINUMAN","TIPE_2":"RESTORAN","TIPE_3":"MIE DAN BAKSO","TELEPON":"","ALAMAT":"9, JL. RAYA KALIMALANG NO.8E, RT.9/RW.7, PD. BAMBU, KEC. DUREN SAWIT, KOTA JAKARTA TIMUR, DAERAH KHUSUS IBUKOTA JAKARTA 13420","ID_PROV":"31","PROVINSI":"DKI JAKARTA","ID_KABKOT":"31.75","KABKOT":"KOTA ADM. JAKARTA TIMUR","ID_KEC":"31.75.07","KECAMATAN":"DUREN SAWIT","ID_DESA":"31.75.07.1002","DESA":"PONDOK BAMBU","LONGITUDE":106.907083199999,"LATITUDE":-6.2461257,"STATUS":"BUKA","TANGGAL UPDATE":"27/02/2025","TANGGAL PENGUMPULAN":"Q4 2023","q":27453,"r":-15118}},{"type":"Feature","geometry":{"coordinates":[106.91871730000008,-6.220385],"type":"Point"},"properties":{"NAMA":"WARMINDO BERKAH JAYA","TIPE_1":"MAKANAN DAN MINUMAN","TIPE_2":"RESTORAN","TIPE_3":"MIE DAN BAKSO","TELEPON":"","ALAMAT":"JL. BUARAN SAKTI NO.25, RT.1/RW.12, KLENDER, KEC. DUREN SAWIT, KOTA JAKARTA TIMUR, DAERAH KHUSUS IBUKOTA JAKARTA 13470","ID_PROV":"31","PROVINSI":"DKI JAKARTA","ID_KABKOT":"31.75","KABKOT":"KOTA ADM. JAKARTA TIMUR","ID_KEC":"31.75.07","KECAMATAN":"DUREN SAWIT","ID_DESA":"31.75.07.1003","DESA":"KLENDER","LONGITUDE":106.9187173,"LATITUDE":-6.220385,"STATUS":"BUKA","TANGGAL UPDATE":"27/02/2025","TANGGAL PENGUMPULAN":"Q4 2023","q":27456,"r":-15114}},{"type":"Feature","geometry":{"coordinates":[106.89230280000004,-6.207520399999964],"type":"Point"},"properties":{"NAMA":"KEDAI MIE JEMPOL","TIPE_1":"MAKANAN DAN MINUMAN","TIPE_2":"RESTORAN","TIPE_3":"MIE DAN BAKSO","TELEPON":"0895-3779-59545","ALAMAT":"15, JL. KOMP. POLRI NO.12, RT.15/RW.5, CIPINANG, KEC. PULO GADUNG, KOTA JAKARTA TIMUR, DAERAH KHUSUS IBUKOTA JAKARTA 13240","ID_PROV":"31","PROVINSI":"DKI JAKARTA","ID_KABKOT":"31.75","KABKOT":"KOTA ADM. JAKARTA TIMUR","ID_KEC":"31.75.02","KECAMATAN":"PULOGADUNG","ID_DESA":"31.75.02.1003","DESA":"CIPINANG","LONGITUDE":106.8923028,"LATITUDE":-6.2075204,"STATUS":"BUKA","TANGGAL UPDATE":"27/02/2025","TANGGAL PENGUMPULAN":"Q4 2023","q":27449,"r":-15108}},{"type":"Feature","geometry":{"coordinates":[106.912498,-6.249147],"type":"Point"},"properties":{"NAMA":"MIE ULEG RIO","TIPE_1":"MAKANAN DAN MINUMAN","TIPE_2":"RESTORAN","TIPE_3":"MIE DAN BAKSO","TELEPON":"0852-1972-1847","ALAMAT":"JL. SEULAWAH RAYA P BLOK P NO.1, RT.4/RW.7, CIPINANG MELAYU, KEC. MAKASAR, KOTA JAKARTA TIMUR, DAERAH KHUSUS IBUKOTA JAKARTA 13620","ID_PROV":"31","PROVINSI":"DKI JAKARTA","ID_KABKOT":"31.75","KABKOT":"KOTA ADM. JAKARTA TIMUR","ID_KEC":"31.75.08","KECAMATAN":"MAKASAR","ID_DESA":"31.75.08.1005","DESA":"CIPINANG MELAYU","LONGITUDE":106.912498,"LATITUDE":-6.249147,"STATUS":"BUKA","TANGGAL UPDATE":"27/02/2025","TANGGAL PENGUMPULAN":"Q4 2023","q":27454,"r":-15120}},{"type":"Feature","geometry":{"coordinates":[106.90622530000007,-6.239018599999952],"type":"Point"},"properties":{"NAMA":"BAKMI BINTANG GLORIA","TIPE_1":"MAKANAN DAN MINUMAN","TIPE_2":"RESTORAN","TIPE_3":"MIE DAN BAKSO","TELEPON":"0851-9521-1709","ALAMAT":"BLOK H, JL. KEJAKSAAN NO.216, RT.10/RW.11, PD. BAMBU, KEC. DUREN SAWIT, KOTA JAKARTA TIMUR, DAERAH KHUSUS IBUKOTA JAKARTA 13430","ID_PROV":"31","PROVINSI":"DKI JAKARTA","ID_KABKOT":"31.75","KABKOT":"KOTA ADM. JAKARTA TIMUR","ID_KEC":"31.75.07","KECAMATAN":"DUREN SAWIT","ID_DESA":"31.75.07.1002","DESA":"PONDOK BAMBU","LONGITUDE":106.906225299999,"LATITUDE":-6.2390186,"STATUS":"BUKA","TANGGAL UPDATE":"27/02/2025","TANGGAL PENGUMPULAN":"Q4 2023","q":27453,"r":-15117}},{"type":"Feature","geometry":{"coordinates":[106.90006220000004,-6.219021],"type":"Point"},"properties":{"NAMA":"DEPOT MIE SURABAYA GRUP CAK JIE","TIPE_1":"MAKANAN DAN MINUMAN","TIPE_2":"RESTORAN","TIPE_3":"MIE DAN BAKSO","TELEPON":"0813-8628-9335","ALAMAT":"JL. DERMAGA RAYA NO.88 B, RT.4/RW.8, KLENDER, KEC. DUREN SAWIT, KOTA JAKARTA TIMUR, DAERAH KHUSUS IBUKOTA JAKARTA 13470","ID_PROV":"31","PROVINSI":"DKI JAKARTA","ID_KABKOT":"31.75","KABKOT":"KOTA ADM. JAKARTA TIMUR","ID_KEC":"31.75.07","KECAMATAN":"DUREN SAWIT","ID_DESA":"31.75.07.1003","DESA":"KLENDER","LONGITUDE":106.9000622,"LATITUDE":-6.219021,"STATUS":"BUKA","TANGGAL UPDATE":"27/02/2025","TANGGAL PENGUMPULAN":"Q4 2023","q":27451,"r":-15111}},{"type":"Feature","geometry":{"coordinates":[106.90231190000009,-6.21407819999996],"type":"Point"},"properties":{"NAMA":"MIE AYAM CIPLAZ","TIPE_1":"MAKANAN DAN MINUMAN","TIPE_2":"RESTORAN","TIPE_3":"MIE DAN BAKSO","TELEPON":"0877-7620-2019","ALAMAT":"KP, JL. KAPUK 1 NO.20, RT.8/RW.6, KLENDER, KEC. DUREN SAWIT, KOTA JAKARTA TIMUR, DAERAH KHUSUS IBUKOTA JAKARTA 13470","ID_PROV":"31","PROVINSI":"DKI JAKARTA","ID_KABKOT":"31.75","KABKOT":"KOTA ADM. JAKARTA TIMUR","ID_KEC":"31.75.07","KECAMATAN":"DUREN SAWIT","ID_DESA":"31.75.07.1003","DESA":"KLENDER","LONGITUDE":106.9023119,"LATITUDE":-6.2140782,"STATUS":"BUKA","TANGGAL UPDATE":"27/02/2025","TANGGAL PENGUMPULAN":"Q4 2023","q":27452,"r":-15111}},{"type":"Feature","geometry":{"coordinates":[106.91618620000008,-6.226450499999942],"type":"Point"},"properties":{"NAMA":"BAKMI AYAM SOEMIETRO","TIPE_1":"MAKANAN DAN MINUMAN","TIPE_2":"RESTORAN","TIPE_3":"MIE DAN BAKSO","TELEPON":"0821-2207-6352","ALAMAT":"JL. DUREN SAWIT TIMUR NO.7, RT.7/RW.8, DUREN SAWIT, JAKARTA, KOTA JAKARTA TIMUR, DAERAH KHUSUS IBUKOTA JAKARTA 13440","ID_PROV":"31","PROVINSI":"DKI JAKARTA","ID_KABKOT":"31.75","KABKOT":"KOTA ADM. JAKARTA TIMUR","ID_KEC":"31.75.07","KECAMATAN":"DUREN SAWIT","ID_DESA":"31.75.07.1001","DESA":"DUREN SAWIT","LONGITUDE":106.9161862,"LATITUDE":-6.2264505,"STATUS":"BUKA","TANGGAL UPDATE":"27/02/2025","TANGGAL PENGUMPULAN":"Q4 2023","q":27455,"r":-15115}},{"type":"Feature","geometry":{"coordinates":[106.93422330000004,-6.242407],"type":"Point"},"properties":{"NAMA":"MIE SURYA SEAFOOD","TIPE_1":"MAKANAN DAN MINUMAN","TIPE_2":"RESTORAN","TIPE_3":"MIE DAN BAKSO","TELEPON":"0877-8254-4411","ALAMAT":"JL. PD. KELAPA RAYA NO.22, RT.8/RW.4, PONDOK KELAPA, DURENSAWIT, EAST JAKARTA CITY, JAKARTA 13450","ID_PROV":"31","PROVINSI":"DKI JAKARTA","ID_KABKOT":"31.75","KABKOT":"KOTA ADM. JAKARTA TIMUR","ID_KEC":"31.75.07","KECAMATAN":"DUREN SAWIT","ID_DESA":"31.75.07.1004","DESA":"PONDOK KELAPA","LONGITUDE":106.9342233,"LATITUDE":-6.242407,"STATUS":"BUKA","TANGGAL UPDATE":"27/02/2025","TANGGAL PENGUMPULAN":"Q4 2023","q":27460,"r":-15121}},{"type":"Feature","geometry":{"coordinates":[106.88443060000009,-6.223209699999927],"type":"Point"},"properties":{"NAMA":"BAKMI 37","TIPE_1":"MAKANAN DAN MINUMAN","TIPE_2":"RESTORAN","TIPE_3":"MIE DAN BAKSO","TELEPON":"0822-2555-2050","ALAMAT":"4, JL. CIPINANG JAYA III NO.7, RT.4/RW.7, CIPINANG BESAR SEL., KECAMATAN JATINEGARA, KOTA JAKARTA TIMUR, DAERAH KHUSUS IBUKOTA JAKARTA 13410","ID_PROV":"31","PROVINSI":"DKI JAKARTA","ID_KABKOT":"31.75","KABKOT":"KOTA ADM. JAKARTA TIMUR","ID_KEC":"31.75.03","KECAMATAN":"JATINEGARA","ID_DESA":"31.75.03.1007","DESA":"CIPINANG BESAR SELATAN","LONGITUDE":106.8844306,"LATITUDE":-6.2232097,"STATUS":"BUKA","TANGGAL UPDATE":"27/02/2025","TANGGAL PENGUMPULAN":"Q4 2023","q":27447,"r":-15110}},{"type":"Feature","geometry":{"coordinates":[106.92726570000008,-6.242206],"type":"Point"},"properties":{"NAMA":"MIE AYAM PAK PEDRO","TIPE_1":"MAKANAN DAN MINUMAN","TIPE_2":"RESTORAN","TIPE_3":"MIE DAN BAKSO","TELEPON":"0812-1716-3464","ALAMAT":"8, JL. H. ABDULLAH NO.83, RT.3/RW.7, PD. KLP., KEC. DUREN SAWIT, KOTA JAKARTA TIMUR, DAERAH KHUSUS IBUKOTA JAKARTA 13450","ID_PROV":"31","PROVINSI":"DKI JAKARTA","ID_KABKOT":"31.75","KABKOT":"KOTA ADM. JAKARTA TIMUR","ID_KEC":"31.75.07","KECAMATAN":"DUREN SAWIT","ID_DESA":"31.75.07.1004","DESA":"PONDOK KELAPA","LONGITUDE":106.927265699999,"LATITUDE":-6.242206,"STATUS":"BUKA","TANGGAL UPDATE":"27/02/2025","TANGGAL PENGUMPULAN":"Q4 2023","q":27458,"r":-15120}},{"type":"Feature","geometry":{"coordinates":[106.882191,-6.200276499999973],"type":"Point"},"properties":{"NAMA":"MIE ACEH FAUZAN 1","TIPE_1":"MAKANAN DAN MINUMAN","TIPE_2":"RESTORAN","TIPE_3":"MIE DAN BAKSO","TELEPON":"0812-9354-7778","ALAMAT":"5, JL. RAWAMANGUN MUKA TIMUR NO.58, RT.5/RW.12, RAWAMANGUN, KEC. PULO GADUNG, KOTA JAKARTA TIMUR, DAERAH KHUSUS IBUKOTA JAKARTA 13220","ID_PROV":"31","PROVINSI":"DKI JAKARTA","ID_KABKOT":"31.75","KABKOT":"KOTA ADM. JAKARTA TIMUR","ID_KEC":"31.75.02","KECAMATAN":"PULOGADUNG","ID_DESA":"31.75.02.1005","DESA":"RAWAMANGUN","LONGITUDE":106.882191,"LATITUDE":-6.2002765,"STATUS":"BUKA","TANGGAL UPDATE":"27/02/2025","TANGGAL PENGUMPULAN":"Q4 2023","q":27447,"r":-15105}},{"type":"Feature","geometry":{"coordinates":[106.88340620000008,-6.233503299999938],"type":"Point"},"properties":{"NAMA":"PONDOK BAKMIE","TIPE_1":"MAKANAN DAN MINUMAN","TIPE_2":"RESTORAN","TIPE_3":"MIE DAN BAKSO","TELEPON":"","ALAMAT":"8, JL. GRIYA WARTAWAN NO.6, RT.12/RW.5, CIPINANG MUARA, KECAMATAN JATINEGARA, KOTA JAKARTA TIMUR, DAERAH KHUSUS IBUKOTA JAKARTA 13420","ID_PROV":"31","PROVINSI":"DKI JAKARTA","ID_KABKOT":"31.75","KABKOT":"KOTA ADM. JAKARTA TIMUR","ID_KEC":"31.75.03","KECAMATAN":"JATINEGARA","ID_DESA":"31.75.03.1006","DESA":"CIPINANG MUARA","LONGITUDE":106.8834062,"LATITUDE":-6.2335033,"STATUS":"BUKA","TANGGAL UPDATE":"27/02/2025","TANGGAL PENGUMPULAN":"Q4 2023","q":27447,"r":-15113}},{"type":"Feature","geometry":{"coordinates":[106.92115,-6.216679799999952],"type":"Point"},"properties":{"NAMA":"MIE AYAM & BAKSO PAK IMUN","TIPE_1":"MAKANAN DAN MINUMAN","TIPE_2":"RESTORAN","TIPE_3":"MIE DAN BAKSO","TELEPON":"0857-8600-1895","ALAMAT":"JL. BUARAN 2 NO.8H, RT.11/RW.13, KLENDER, KEC. DUREN SAWIT, KOTA JAKARTA TIMUR, DAERAH KHUSUS IBUKOTA JAKARTA 13470","ID_PROV":"31","PROVINSI":"DKI JAKARTA","ID_KABKOT":"31.75","KABKOT":"KOTA ADM. JAKARTA TIMUR","ID_KEC":"31.75.07","KECAMATAN":"DUREN SAWIT","ID_DESA":"31.75.07.1003","DESA":"KLENDER","LONGITUDE":106.92115,"LATITUDE":-6.2166798,"STATUS":"BUKA","TANGGAL UPDATE":"27/02/2025","TANGGAL PENGUMPULAN":"Q4 2023","q":27457,"r":-15114}},{"type":"Feature","geometry":{"coordinates":[106.9088575,-6.2505353],"type":"Point"},"properties":{"NAMA":"SEAFOOD ANGKASA (PECEL LELE/AYAM & SEAFOOD)","TIPE_1":"MAKANAN DAN MINUMAN","TIPE_2":"RESTORAN","TIPE_3":"RESTORAN MELAYU","TELEPON":"0815-9015-869","ALAMAT":"JL. RAYA JATIWARINGIN NO.3, RT.8/RW.5, CIPINANG MELAYU, KEC. MAKASAR, KOTA JAKARTA TIMUR, DAERAH KHUSUS IBUKOTA JAKARTA 13620","ID_PROV":"31","PROVINSI":"DKI JAKARTA","ID_KABKOT":"31.75","KABKOT":"KOTA ADM. JAKARTA TIMUR","ID_KEC":"31.75.08","KECAMATAN":"MAKASAR","ID_DESA":"31.75.08.1005","DESA":"CIPINANG MELAYU","LONGITUDE":106.9088575,"LATITUDE":-6.2505353,"STATUS":"BUKA","TANGGAL UPDATE":"27/02/2025","TANGGAL PENGUMPULAN":"Q4 2023","q":27454,"r":-15120}},{"type":"Feature","geometry":{"coordinates":[106.8875172,-6.2189142],"type":"Point"},"properties":{"NAMA":"SARI IDAMAN","TIPE_1":"MAKANAN DAN MINUMAN","TIPE_2":"RESTORAN","TIPE_3":"RESTORAN MELAYU","TELEPON":"(021) 8198577","ALAMAT":"JL. CIPINANG JAYA RAYA NO.15, RT.15/RW.4, CIPINANG MUARA, JATINEGARA, EAST JAKARTA CITY, JAKARTA 13420","ID_PROV":"31","PROVINSI":"DKI JAKARTA","ID_KABKOT":"31.75","KABKOT":"KOTA ADM. JAKARTA TIMUR","ID_KEC":"31.75.03","KECAMATAN":"JATINEGARA","ID_DESA":"31.75.03.1006","DESA":"CIPINANG MUARA","LONGITUDE":106.8875172,"LATITUDE":-6.2189142,"STATUS":"BUKA","TANGGAL UPDATE":"27/02/2025","TANGGAL PENGUMPULAN":"Q4 2023","q":27448,"r":-15110}},{"type":"Feature","geometry":{"coordinates":[106.8610013,-6.2132884],"type":"Point"},"properties":{"NAMA":"MIE AYAM BANGKA LIESNA","TIPE_1":"MAKANAN DAN MINUMAN","TIPE_2":"RESTORAN","TIPE_3":"RESTORAN MELAYU","TELEPON":"","ALAMAT":"JL. MATRAMAN RAYA NO.206, RT.1/RW.6, KP. MELAYU, KECAMATAN JATINEGARA, KOTA JAKARTA TIMUR, DAERAH KHUSUS IBUKOTA JAKARTA 13320","ID_PROV":"31","PROVINSI":"DKI JAKARTA","ID_KABKOT":"31.75","KABKOT":"KOTA ADM. JAKARTA TIMUR","ID_KEC":"31.75.03","KECAMATAN":"JATINEGARA","ID_DESA":"31.75.03.1001","DESA":"KAMPUNG MELAYU","LONGITUDE":106.8610013,"LATITUDE":-6.2132884,"STATUS":"BUKA","TANGGAL UPDATE":"27/02/2025","TANGGAL PENGUMPULAN":"Q4 2023","q":27441,"r":-15105}},{"type":"Feature","geometry":{"coordinates":[106.8554812,-6.2763605],"type":"Point"},"properties":{"NAMA":"RUMAH MAKAN AL MUKALLA","TIPE_1":"MAKANAN DAN MINUMAN","TIPE_2":"RESTORAN","TIPE_3":"RESTORAN MELAYU","TELEPON":"0813-1500-6655","ALAMAT":"7, JL. RAYA CONDET NO.30, RT.7/RW.4, BALEKAMBANG, KEC. KRAMAT JATI, KOTA JAKARTA TIMUR, DAERAH KHUSUS IBUKOTA JAKARTA 13640","ID_PROV":"31","PROVINSI":"DKI JAKARTA","ID_KABKOT":"31.75","KABKOT":"KOTA ADM. JAKARTA TIMUR","ID_KEC":"31.75.04","KECAMATAN":"KRAMATJATI","ID_DESA":"31.75.04.1005","DESA":"BALEKAMBANG","LONGITUDE":106.8554812,"LATITUDE":-6.2763605,"STATUS":"BUKA","TANGGAL UPDATE":"27/02/2025","TANGGAL PENGUMPULAN":"Q4 2023","q":27440,"r":-15119}},{"type":"Feature","geometry":{"coordinates":[106.9074419,-6.2482166],"type":"Point"},"properties":{"NAMA":"NASI UDUK 72","TIPE_1":"MAKANAN DAN MINUMAN","TIPE_2":"RESTORAN","TIPE_3":"RESTORAN MELAYU","TELEPON":"","ALAMAT":"DEPAN POM BENSIN SHELL, JL. RAYA JATIWARINGIN, RT.7/RW.13, CIPINANG MELAYU, KEC. MAKASAR, KOTA JAKARTA TIMUR, DAERAH KHUSUS IBUKOTA JAKARTA 13620","ID_PROV":"31","PROVINSI":"DKI JAKARTA","ID_KABKOT":"31.75","KABKOT":"KOTA ADM. JAKARTA TIMUR","ID_KEC":"31.75.08","KECAMATAN":"MAKASAR","ID_DESA":"31.75.08.1005","DESA":"CIPINANG MELAYU","LONGITUDE":106.9074419,"LATITUDE":-6.2482166,"STATUS":"BUKA","TANGGAL UPDATE":"27/02/2025","TANGGAL PENGUMPULAN":"Q4 2023","q":27453,"r":-15119}},{"type":"Feature","geometry":{"coordinates":[106.9341838,-6.2379042],"type":"Point"},"properties":{"NAMA":"KEDAI MAKAN BRANTAS BLITAR JAWA - TIMUR","TIPE_1":"MAKANAN DAN MINUMAN","TIPE_2":"RESTORAN","TIPE_3":"RESTORAN MELAYU","TELEPON":"0852-8775-6267","ALAMAT":"JL. LEMBAH PINANG 4 NO.7, RT.7/RW.9, PD. KLP., KEC. DUREN SAWIT, KOTA JAKARTA TIMUR, DAERAH KHUSUS IBUKOTA JAKARTA 13450","ID_PROV":"31","PROVINSI":"DKI JAKARTA","ID_KABKOT":"31.75","KABKOT":"KOTA ADM. JAKARTA TIMUR","ID_KEC":"31.75.07","KECAMATAN":"DUREN SAWIT","ID_DESA":"31.75.07.1004","DESA":"PONDOK KELAPA","LONGITUDE":106.9341838,"LATITUDE":-6.2379042,"STATUS":"BUKA","TANGGAL UPDATE":"27/02/2025","TANGGAL PENGUMPULAN":"Q4 2023","q":27460,"r":-15120}},{"type":"Feature","geometry":{"coordinates":[106.9076116,-6.2574269],"type":"Point"},"properties":{"NAMA":"BANANA NUGGET SHAKICIPINANG MELAYU","TIPE_1":"MAKANAN DAN MINUMAN","TIPE_2":"RESTORAN","TIPE_3":"RESTORAN MELAYU","TELEPON":"0858-8021-0223","ALAMAT":"JL. RADAR UTARA NO.52, RT.8/RW.9, CIPINANG MELAYU, KEC. MAKASAR, KOTA JAKARTA TIMUR, DAERAH KHUSUS IBUKOTA JAKARTA 13620","ID_PROV":"31","PROVINSI":"DKI JAKARTA","ID_KABKOT":"31.75","KABKOT":"KOTA ADM. JAKARTA TIMUR","ID_KEC":"31.75.08","KECAMATAN":"MAKASAR","ID_DESA":"31.75.08.1005","DESA":"CIPINANG MELAYU","LONGITUDE":106.9076116,"LATITUDE":-6.2574269,"STATUS":"BUKA","TANGGAL UPDATE":"27/02/2025","TANGGAL PENGUMPULAN":"Q4 2023","q":27453,"r":-15121}},{"type":"Feature","geometry":{"coordinates":[106.9062998,-6.1892927],"type":"Point"},"properties":{"NAMA":"RUMAH MAKAN SERASI","TIPE_1":"MAKANAN DAN MINUMAN","TIPE_2":"RESTORAN","TIPE_3":"RESTORAN MELAYU","TELEPON":"0812-1993-4498","ALAMAT":"JL. RAYA BEKASI KM.18 NO.3, JATINEGARA KAUM, PULOGADUNG, RT.1/RW.6, JATINEGARA KAUM, KEC. PULO GADUNG, KOTA JAKARTA TIMUR, DAERAH KHUSUS IBUKOTA JAKARTA 13250","ID_PROV":"31","PROVINSI":"DKI JAKARTA","ID_KABKOT":"31.75","KABKOT":"KOTA ADM. JAKARTA TIMUR","ID_KEC":"31.75.02","KECAMATAN":"PULOGADUNG","ID_DESA":"31.75.02.1004","DESA":"JATINEGARA KAUM","LONGITUDE":106.9062998,"LATITUDE":-6.1892927,"STATUS":"BUKA","TANGGAL UPDATE":"27/02/2025","TANGGAL PENGUMPULAN":"Q4 2023","q":27453,"r":-15106}},{"type":"Feature","geometry":{"coordinates":[106.8873213,-6.2204919],"type":"Point"},"properties":{"NAMA":"RUMAH MAKAN LIMA SATUU","TIPE_1":"MAKANAN DAN MINUMAN","TIPE_2":"RESTORAN","TIPE_3":"RESTORAN MELAYU","TELEPON":"(021) 8193395","ALAMAT":"JL. CIPINANG JAYA RAYA NO.51, RT.4/RW.7, CIPINANG BESAR SEL., KECAMATAN JATINEGARA, KOTA JAKARTA TIMUR, DAERAH KHUSUS IBUKOTA JAKARTA 13410","ID_PROV":"31","PROVINSI":"DKI JAKARTA","ID_KABKOT":"31.75","KABKOT":"KOTA ADM. JAKARTA TIMUR","ID_KEC":"31.75.03","KECAMATAN":"JATINEGARA","ID_DESA":"31.75.03.1006","DESA":"CIPINANG MUARA","LONGITUDE":106.8873213,"LATITUDE":-6.2204919,"STATUS":"BUKA","TANGGAL UPDATE":"27/02/2025","TANGGAL PENGUMPULAN":"Q4 2023","q":27448,"r":-15110}},{"type":"Feature","geometry":{"coordinates":[106.8624784,-6.2178493],"type":"Point"},"properties":{"NAMA":"MIE AYAM NIZAM","TIPE_1":"MAKANAN DAN MINUMAN","TIPE_2":"RESTORAN","TIPE_3":"RESTORAN MELAYU","TELEPON":"0821-2588-9954","ALAMAT":"RT.7/RW.3, KP. MELAYU, KECAMATAN JATINEGARA, KOTA JAKARTA TIMUR, DAERAH KHUSUS IBUKOTA JAKARTA 13320","ID_PROV":"31","PROVINSI":"DKI JAKARTA","ID_KABKOT":"31.75","KABKOT":"KOTA ADM. JAKARTA TIMUR","ID_KEC":"31.75.03","KECAMATAN":"JATINEGARA","ID_DESA":"31.75.03.1001","DESA":"KAMPUNG MELAYU","LONGITUDE":106.8624784,"LATITUDE":-6.2178493,"STATUS":"BUKA","TANGGAL UPDATE":"27/02/2025","TANGGAL PENGUMPULAN":"Q4 2023","q":27442,"r":-15106}},{"type":"Feature","geometry":{"coordinates":[106.9094394,-6.2536836],"type":"Point"},"properties":{"NAMA":"GEROBAK NASI SAMIN/KUNING DAN SOTO BANJAR","TIPE_1":"MAKANAN DAN MINUMAN","TIPE_2":"RESTORAN","TIPE_3":"RESTORAN MELAYU","TELEPON":"0821-5706-3465","ALAMAT":"JL. RAYA JATIWARINGIN NO.4B, RT.11/RW.5, CIPINANG MELAYU, KEC. MAKASAR, KOTA JAKARTA TIMUR, DAERAH KHUSUS IBUKOTA JAKARTA 13620","ID_PROV":"31","PROVINSI":"DKI JAKARTA","ID_KABKOT":"31.75","KABKOT":"KOTA ADM. JAKARTA TIMUR","ID_KEC":"31.75.08","KECAMATAN":"MAKASAR","ID_DESA":"31.75.08.1005","DESA":"CIPINANG MELAYU","LONGITUDE":106.9094394,"LATITUDE":-6.2536836,"STATUS":"BUKA","TANGGAL UPDATE":"27/02/2025","TANGGAL PENGUMPULAN":"Q4 2023","q":27454,"r":-15120}},{"type":"Feature","geometry":{"coordinates":[106.885119,-6.241005],"type":"Point"},"properties":{"NAMA":"PAWON UMIKU","TIPE_1":"MAKANAN DAN MINUMAN","TIPE_2":"RESTORAN","TIPE_3":"RESTORAN MELAYU","TELEPON":"0812-8665-1313","ALAMAT":"JL. SD CIPINANG MELAYU BLOK BIGOS NO.15 RT.6/RW.2 CIPINANG MELAYU RT 006/02 NO. 15, KEC. MAKASAR, KOTA JAKARTA TIMUR, DAERAH KHUSUS IBUKOTA JAKARTA 13620","ID_PROV":"31","PROVINSI":"DKI JAKARTA","ID_KABKOT":"31.75","KABKOT":"KOTA ADM. JAKARTA TIMUR","ID_KEC":"31.75.08","KECAMATAN":"MAKASAR","ID_DESA":"31.75.08.1005","DESA":"CIPINANG MELAYU","LONGITUDE":106.885119,"LATITUDE":-6.241005,"STATUS":"BUKA","TANGGAL UPDATE":"27/02/2025","TANGGAL PENGUMPULAN":"Q4 2023","q":27447,"r":-15114}},{"type":"Feature","geometry":{"coordinates":[106.8652434,-6.2214806],"type":"Point"},"properties":{"NAMA":"SATE TAICHAN KUNYAH MELAYU","TIPE_1":"MAKANAN DAN MINUMAN","TIPE_2":"RESTORAN","TIPE_3":"RESTORAN MELAYU","TELEPON":"0878-7888-1478","ALAMAT":"JL. JATINEGARA BAR. NO.134, RT.10/RW.1, KP. MELAYU, KECAMATAN JATINEGARA, KOTA JAKARTA TIMUR, DAERAH KHUSUS IBUKOTA JAKARTA 13320","ID_PROV":"31","PROVINSI":"DKI JAKARTA","ID_KABKOT":"31.75","KABKOT":"KOTA ADM. JAKARTA TIMUR","ID_KEC":"31.75.03","KECAMATAN":"JATINEGARA","ID_DESA":"31.75.03.1001","DESA":"KAMPUNG MELAYU","LONGITUDE":106.8652434,"LATITUDE":-6.2214806,"STATUS":"BUKA","TANGGAL UPDATE":"27/02/2025","TANGGAL PENGUMPULAN":"Q4 2023","q":27442,"r":-15107}},{"type":"Feature","geometry":{"coordinates":[106.902277,-6.245927],"type":"Point"},"properties":{"NAMA":"WARUNG SATE PAK TUA 1 (S P T)","TIPE_1":"MAKANAN DAN MINUMAN","TIPE_2":"RESTORAN","TIPE_3":"RESTORAN MELAYU","TELEPON":"0857-5508-9713","ALAMAT":"1, JL. BUDI HARAPAN NO.46, RT.1/RW.11, CIPINANG MELAYU, KEC. MAKASAR, KOTA JAKARTA TIMUR, DAERAH KHUSUS IBUKOTA JAKARTA 13620","ID_PROV":"31","PROVINSI":"DKI JAKARTA","ID_KABKOT":"31.75","KABKOT":"KOTA ADM. JAKARTA TIMUR","ID_KEC":"31.75.08","KECAMATAN":"MAKASAR","ID_DESA":"31.75.08.1005","DESA":"CIPINANG MELAYU","LONGITUDE":106.902277,"LATITUDE":-6.245927,"STATUS":"BUKA","TANGGAL UPDATE":"27/02/2025","TANGGAL PENGUMPULAN":"Q4 2023","q":27452,"r":-15118}},{"type":"Feature","geometry":{"coordinates":[106.9071375,-6.2479309],"type":"Point"},"properties":{"NAMA":"SOTO BETAWI","TIPE_1":"MAKANAN DAN MINUMAN","TIPE_2":"RESTORAN","TIPE_3":"RESTORAN MELAYU","TELEPON":"","ALAMAT":"JL. RAYA JATIWARINGIN NO.1A, RT.2/RW.13, CIPINANG MELAYU, KEC. MAKASAR, KOTA JAKARTA TIMUR, DAERAH KHUSUS IBUKOTA JAKARTA 13620","ID_PROV":"31","PROVINSI":"DKI JAKARTA","ID_KABKOT":"31.75","KABKOT":"KOTA ADM. JAKARTA TIMUR","ID_KEC":"31.75.08","KECAMATAN":"MAKASAR","ID_DESA":"31.75.08.1005","DESA":"CIPINANG MELAYU","LONGITUDE":106.9071375,"LATITUDE":-6.2479309,"STATUS":"BUKA","TANGGAL UPDATE":"27/02/2025","TANGGAL PENGUMPULAN":"Q4 2023","q":27453,"r":-15119}},{"type":"Feature","geometry":{"coordinates":[106.9172413,-6.2490945],"type":"Point"},"properties":{"NAMA":"FASTFOOD RESTAURANT","TIPE_1":"MAKANAN DAN MINUMAN","TIPE_2":"RESTORAN","TIPE_3":"RESTORAN MELAYU","TELEPON":"","ALAMAT":"JL. KARTIKA EKA PAKSI NO.6, RT.6/RW.6, CIPINANG MELAYU, KEC. MAKASAR, KOTA JAKARTA TIMUR, DAERAH KHUSUS IBUKOTA JAKARTA 13620","ID_PROV":"31","PROVINSI":"DKI JAKARTA","ID_KABKOT":"31.75","KABKOT":"KOTA ADM. JAKARTA TIMUR","ID_KEC":"31.75.08","KECAMATAN":"MAKASAR","ID_DESA":"31.75.08.1005","DESA":"CIPINANG MELAYU","LONGITUDE":106.9172413,"LATITUDE":-6.2490945,"STATUS":"BUKA","TANGGAL UPDATE":"27/02/2025","TANGGAL PENGUMPULAN":"Q4 2023","q":27456,"r":-15120}},{"type":"Feature","geometry":{"coordinates":[106.9051348,-6.249538],"type":"Point"},"properties":{"NAMA":"KEDAI MAKAN AL","TIPE_1":"MAKANAN DAN MINUMAN","TIPE_2":"RESTORAN","TIPE_3":"RESTORAN MELAYU","TELEPON":"0853-6234-3013","ALAMAT":"JL. PANGKALAN JATI I NO.9, RT.9/RW.13, CIPINANG, KEC. MAKASAR, KOTA JAKARTA TIMUR, DAERAH KHUSUS IBUKOTA JAKARTA 13620","ID_PROV":"31","PROVINSI":"DKI JAKARTA","ID_KABKOT":"31.75","KABKOT":"KOTA ADM. JAKARTA TIMUR","ID_KEC":"31.75.08","KECAMATAN":"MAKASAR","ID_DESA":"31.75.08.1005","DESA":"CIPINANG MELAYU","LONGITUDE":106.9051348,"LATITUDE":-6.249538,"STATUS":"BUKA","TANGGAL UPDATE":"27/02/2025","TANGGAL PENGUMPULAN":"Q4 2023","q":27453,"r":-15119}},{"type":"Feature","geometry":{"coordinates":[106.8911545,-6.2412608],"type":"Point"},"properties":{"NAMA":"JAJAN ENAK","TIPE_1":"MAKANAN DAN MINUMAN","TIPE_2":"RESTORAN","TIPE_3":"RESTORAN MELAYU","TELEPON":"0813-1960-9878","ALAMAT":"JL. H. SULAIMAN NO.19, RT.9/RW.3, CIPINANG MELAYU, KEC. MAKASAR, KOTA JAKARTA TIMUR, DAERAH KHUSUS IBUKOTA JAKARTA 13620","ID_PROV":"31","PROVINSI":"DKI JAKARTA","ID_KABKOT":"31.75","KABKOT":"KOTA ADM. JAKARTA TIMUR","ID_KEC":"31.75.08","KECAMATAN":"MAKASAR","ID_DESA":"31.75.08.1005","DESA":"CIPINANG MELAYU","LONGITUDE":106.8911545,"LATITUDE":-6.2412608,"STATUS":"BUKA","TANGGAL UPDATE":"27/02/2025","TANGGAL PENGUMPULAN":"Q4 2023","q":27449,"r":-15115}},{"type":"Feature","geometry":{"coordinates":[106.9147035,-6.2491781],"type":"Point"},"properties":{"NAMA":"DIMSUM MBAK HENI","TIPE_1":"MAKANAN DAN MINUMAN","TIPE_2":"RESTORAN","TIPE_3":"RESTORAN MELAYU","TELEPON":"0857-1445-6652","ALAMAT":"KPAD JATIWARINGIN, JL. INFANTRI NO.G 14, RT.5/RW.6, CIPINANG MELAYU, KEC. MAKASAR, KOTA JAKARTA TIMUR, DAERAH KHUSUS IBUKOTA JAKARTA 13620","ID_PROV":"31","PROVINSI":"DKI JAKARTA","ID_KABKOT":"31.75","KABKOT":"KOTA ADM. JAKARTA TIMUR","ID_KEC":"31.75.08","KECAMATAN":"MAKASAR","ID_DESA":"31.75.08.1005","DESA":"CIPINANG MELAYU","LONGITUDE":106.9147035,"LATITUDE":-6.2491781,"STATUS":"BUKA","TANGGAL UPDATE":"27/02/2025","TANGGAL PENGUMPULAN":"Q4 2023","q":27455,"r":-15120}},{"type":"Feature","geometry":{"coordinates":[106.8735685,-6.24206],"type":"Point"},"properties":{"NAMA":"RUMAH MAKAN FAMILY","TIPE_1":"MAKANAN DAN MINUMAN","TIPE_2":"RESTORAN","TIPE_3":"RESTORAN MELAYU","TELEPON":"0858-9264-2474","ALAMAT":"JL. CAWANG BARU UTARA, RT.1/RW.9, CIPINANG CEMPEDAK, KECAMATAN JATINEGARA, KOTA JAKARTA TIMUR, DAERAH KHUSUS IBUKOTA JAKARTA 13340","ID_PROV":"31","PROVINSI":"DKI JAKARTA","ID_KABKOT":"31.75","KABKOT":"KOTA ADM. JAKARTA TIMUR","ID_KEC":"31.75.03","KECAMATAN":"JATINEGARA","ID_DESA":"31.75.03.1005","DESA":"CIPINANG CEMPEDAK","LONGITUDE":106.8735685,"LATITUDE":-6.24206,"STATUS":"BUKA","TANGGAL UPDATE":"27/02/2025","TANGGAL PENGUMPULAN":"Q4 2023","q":27444,"r":-15113}},{"type":"Feature","geometry":{"coordinates":[106.8693529,-6.227734],"type":"Point"},"properties":{"NAMA":"NASI ULAM IBU NAWIYAH","TIPE_1":"MAKANAN DAN MINUMAN","TIPE_2":"RESTORAN","TIPE_3":"RESTORAN MELAYU","TELEPON":"0812-9088-2646","ALAMAT":"NO., JL. PEDATI 1 NO.17A, RT.6/RW.10, KP. MELAYU, RT.6/RW.10, BIDARA CINA, KECAMATAN JATINEGARA, KOTA JAKARTA TIMUR, DAERAH KHUSUS IBUKOTA JAKARTA 13330","ID_PROV":"31","PROVINSI":"DKI JAKARTA","ID_KABKOT":"31.75","KABKOT":"KOTA ADM. JAKARTA TIMUR","ID_KEC":"31.75.03","KECAMATAN":"JATINEGARA","ID_DESA":"31.75.03.1002","DESA":"BIDARA CINA","LONGITUDE":106.8693529,"LATITUDE":-6.227734,"STATUS":"BUKA","TANGGAL UPDATE":"27/02/2025","TANGGAL PENGUMPULAN":"Q4 2023","q":27443,"r":-15109}},{"type":"Feature","geometry":{"coordinates":[106.8670123,-6.241244],"type":"Point"},"properties":{"NAMA":"AYAM PENYET JELETOT BONSAR - ASLI JATINEGARA","TIPE_1":"MAKANAN DAN MINUMAN","TIPE_2":"RESTORAN","TIPE_3":"RESTORAN MELAYU","TELEPON":"0877-3018-6583","ALAMAT":"JL. MASJID IV NO.63, RT.3/RW.11, KP. MELAYU, KECAMATAN JATINEGARA, KOTA JAKARTA TIMUR, DAERAH KHUSUS IBUKOTA JAKARTA 13330","ID_PROV":"31","PROVINSI":"DKI JAKARTA","ID_KABKOT":"31.75","KABKOT":"KOTA ADM. JAKARTA TIMUR","ID_KEC":"31.75.03","KECAMATAN":"JATINEGARA","ID_DESA":"31.75.03.1002","DESA":"BIDARA CINA","LONGITUDE":106.8670123,"LATITUDE":-6.241244,"STATUS":"BUKA","TANGGAL UPDATE":"27/02/2025","TANGGAL PENGUMPULAN":"Q4 2023","q":27443,"r":-15112}},{"type":"Feature","geometry":{"coordinates":[106.8686451,-6.2316464],"type":"Point"},"properties":{"NAMA":"BEBEK MAEN","TIPE_1":"MAKANAN DAN MINUMAN","TIPE_2":"RESTORAN","TIPE_3":"RESTORAN MELAYU","TELEPON":"0812-9274-9714","ALAMAT":"JL. OTISTA 3 NO.17, RT.8/RW.9, BIDARA CINA, KECAMATAN JATINEGARA, KOTA JAKARTA TIMUR, DAERAH KHUSUS IBUKOTA JAKARTA 13340","ID_PROV":"31","PROVINSI":"DKI JAKARTA","ID_KABKOT":"31.75","KABKOT":"KOTA ADM. JAKARTA TIMUR","ID_KEC":"31.75.03","KECAMATAN":"JATINEGARA","ID_DESA":"31.75.03.1002","DESA":"BIDARA CINA","LONGITUDE":106.8686451,"LATITUDE":-6.2316464,"STATUS":"BUKA","TANGGAL UPDATE":"27/02/2025","TANGGAL PENGUMPULAN":"Q4 2023","q":27443,"r":-15110}},{"type":"Feature","geometry":{"coordinates":[106.9089485,-6.2577947],"type":"Point"},"properties":{"NAMA":"DAPUR UNI ZORA","TIPE_1":"MAKANAN DAN MINUMAN","TIPE_2":"RESTORAN","TIPE_3":"RESTORAN MELAYU","TELEPON":"0812-9248-9662","ALAMAT":"JL. PANGKALAN JATI VII RT 01/09 NO.20, CIPINANG MELAYU, KEC. MAKASAR, KOTA JAKARTA TIMUR, DAERAH KHUSUS IBUKOTA JAKARTA 13620","ID_PROV":"31","PROVINSI":"DKI JAKARTA","ID_KABKOT":"31.75","KABKOT":"KOTA ADM. JAKARTA TIMUR","ID_KEC":"31.75.08","KECAMATAN":"MAKASAR","ID_DESA":"31.75.08.1005","DESA":"CIPINANG MELAYU","LONGITUDE":106.9089485,"LATITUDE":-6.2577947,"STATUS":"BUKA","TANGGAL UPDATE":"27/02/2025","TANGGAL PENGUMPULAN":"Q4 2023","q":27454,"r":-15121}},{"type":"Feature","geometry":{"coordinates":[106.885092,-6.223099],"type":"Point"},"properties":{"NAMA":"RUMAH MAKAN 51","TIPE_1":"MAKANAN DAN MINUMAN","TIPE_2":"RESTORAN","TIPE_3":"RESTORAN MELAYU","TELEPON":"(021) 8500254","ALAMAT":"JL. CIPINANG JAYA RAYA NO.51, RT.4/RW.7, CIPINANG BESAR SEL., KECAMATAN JATINEGARA, KOTA JAKARTA TIMUR, DAERAH KHUSUS IBUKOTA JAKARTA 13410","ID_PROV":"31","PROVINSI":"DKI JAKARTA","ID_KABKOT":"31.75","KABKOT":"KOTA ADM. JAKARTA TIMUR","ID_KEC":"31.75.03","KECAMATAN":"JATINEGARA","ID_DESA":"31.75.03.1007","DESA":"CIPINANG BESAR SELATAN","LONGITUDE":106.885092,"LATITUDE":-6.223099,"STATUS":"BUKA","TANGGAL UPDATE":"27/02/2025","TANGGAL PENGUMPULAN":"Q4 2023","q":27447,"r":-15110}},{"type":"Feature","geometry":{"coordinates":[106.9084299,-6.2528082],"type":"Point"},"properties":{"NAMA":"MARTABAK PEDRO CIPINANG MELAYU","TIPE_1":"MAKANAN DAN MINUMAN","TIPE_2":"RESTORAN","TIPE_3":"RESTORAN MELAYU","TELEPON":"","ALAMAT":"JL. PANGKALAN JATI V NO.13, RT.4/RW.5, CIPINANG MELAYU, KEC. MAKASAR, KOTA JAKARTA TIMUR, DAERAH KHUSUS IBUKOTA JAKARTA 13620","ID_PROV":"31","PROVINSI":"DKI JAKARTA","ID_KABKOT":"31.75","KABKOT":"KOTA ADM. JAKARTA TIMUR","ID_KEC":"31.75.08","KECAMATAN":"MAKASAR","ID_DESA":"31.75.08.1005","DESA":"CIPINANG MELAYU","LONGITUDE":106.9084299,"LATITUDE":-6.2528082,"STATUS":"BUKA","TANGGAL UPDATE":"27/02/2025","TANGGAL PENGUMPULAN":"Q4 2023","q":27453,"r":-15120}},{"type":"Feature","geometry":{"coordinates":[106.90475029999999,-6.253058],"type":"Point"},"properties":{"NAMA":"ANGKRINGAN KANG PARMO","TIPE_1":"MAKANAN DAN MINUMAN","TIPE_2":"RESTORAN","TIPE_3":"RESTORAN MELAYU","TELEPON":"","ALAMAT":"JL. PANGKALAN JATI V GG. SEJAHTERA, RT.7/RW.5, CIPINANG MELAYU, KEC. MAKASAR, KOTA JAKARTA TIMUR, DAERAH KHUSUS IBUKOTA JAKARTA 13620","ID_PROV":"31","PROVINSI":"DKI JAKARTA","ID_KABKOT":"31.75","KABKOT":"KOTA ADM. JAKARTA TIMUR","ID_KEC":"31.75.08","KECAMATAN":"MAKASAR","ID_DESA":"31.75.08.1005","DESA":"CIPINANG MELAYU","LONGITUDE":106.9047503,"LATITUDE":-6.253058,"STATUS":"BUKA","TANGGAL UPDATE":"27/02/2025","TANGGAL PENGUMPULAN":"Q4 2023","q":27452,"r":-15120}},{"type":"Feature","geometry":{"coordinates":[106.9074135,-6.2504237],"type":"Point"},"properties":{"NAMA":"AYAM BAKAR BANG FAIS","TIPE_1":"MAKANAN DAN MINUMAN","TIPE_2":"RESTORAN","TIPE_3":"RESTORAN MELAYU","TELEPON":"0822-9832-1266","ALAMAT":"JL. PANGKALAN JATI III NO.9, RT.9/RW.5, CIPINANG MELAYU, KEC. MAKASAR, KOTA JAKARTA TIMUR, DAERAH KHUSUS IBUKOTA JAKARTA 13620","ID_PROV":"31","PROVINSI":"DKI JAKARTA","ID_KABKOT":"31.75","KABKOT":"KOTA ADM. JAKARTA TIMUR","ID_KEC":"31.75.08","KECAMATAN":"MAKASAR","ID_DESA":"31.75.08.1005","DESA":"CIPINANG MELAYU","LONGITUDE":106.9074135,"LATITUDE":-6.2504237,"STATUS":"BUKA","TANGGAL UPDATE":"27/02/2025","TANGGAL PENGUMPULAN":"Q4 2023","q":27453,"r":-15119}},{"type":"Feature","geometry":{"coordinates":[106.9070892,-6.256757],"type":"Point"},"properties":{"NAMA":"KHUMAIRAFOOD","TIPE_1":"MAKANAN DAN MINUMAN","TIPE_2":"RESTORAN","TIPE_3":"RESTORAN MELAYU","TELEPON":"0895-1465-2569","ALAMAT":"JL. PANGKALAN JATI VII NO.5, RT.7/RW.9, CIPINANG MELAYU, KEC. MAKASAR, KOTA JAKARTA TIMUR, DAERAH KHUSUS IBUKOTA JAKARTA 13620","ID_PROV":"31","PROVINSI":"DKI JAKARTA","ID_KABKOT":"31.75","KABKOT":"KOTA ADM. JAKARTA TIMUR","ID_KEC":"31.75.08","KECAMATAN":"MAKASAR","ID_DESA":"31.75.08.1005","DESA":"CIPINANG MELAYU","LONGITUDE":106.9070892,"LATITUDE":-6.256757,"STATUS":"BUKA","TANGGAL UPDATE":"27/02/2025","TANGGAL PENGUMPULAN":"Q4 2023","q":27453,"r":-15121}},{"type":"Feature","geometry":{"coordinates":[106.8785271,-6.2594467],"type":"Point"},"properties":{"NAMA":"RM MAMA DENAI","TIPE_1":"MAKANAN DAN MINUMAN","TIPE_2":"RESTORAN","TIPE_3":"RESTORAN MELAYU","TELEPON":"0813-1459-9911","ALAMAT":"JL. JENGKI CIPINANG ASEM NO.10, RT.10/RW.9, HALIM PERDANA KUSUMAH, KEC. MAKASAR, KOTA JAKARTA TIMUR, DAERAH KHUSUS IBUKOTA JAKARTA 13650","ID_PROV":"31","PROVINSI":"DKI JAKARTA","ID_KABKOT":"31.75","KABKOT":"KOTA ADM. JAKARTA TIMUR","ID_KEC":"31.75.08","KECAMATAN":"MAKASAR","ID_DESA":"31.75.08.1003","DESA":"KEBON PALA","LONGITUDE":106.8785271,"LATITUDE":-6.2594467,"STATUS":"BUKA","TANGGAL UPDATE":"27/02/2025","TANGGAL PENGUMPULAN":"Q4 2023","q":27446,"r":-15118}},{"type":"Feature","geometry":{"coordinates":[106.8705034,-6.2407276],"type":"Point"},"properties":{"NAMA":"RUMAH MAKAN SHAKILA","TIPE_1":"MAKANAN DAN MINUMAN","TIPE_2":"RESTORAN","TIPE_3":"RESTORAN MELAYU","TELEPON":"0813-9853-6437","ALAMAT":"JL. CAWANG BARU BAR. NO.48, RT.6/RW.7, CIPINANG CEMPEDAK, KECAMATAN JATINEGARA, KOTA JAKARTA TIMUR, DAERAH KHUSUS IBUKOTA JAKARTA 13340","ID_PROV":"31","PROVINSI":"DKI JAKARTA","ID_KABKOT":"31.75","KABKOT":"KOTA ADM. JAKARTA TIMUR","ID_KEC":"31.75.03","KECAMATAN":"JATINEGARA","ID_DESA":"31.75.03.1005","DESA":"CIPINANG CEMPEDAK","LONGITUDE":106.8705034,"LATITUDE":-6.2407276,"STATUS":"BUKA","TANGGAL UPDATE":"27/02/2025","TANGGAL PENGUMPULAN":"Q4 2023","q":27444,"r":-15112}},{"type":"Feature","geometry":{"coordinates":[106.909884,-6.2579576],"type":"Point"},"properties":{"NAMA":"NASI GORENG JEMBRES","TIPE_1":"MAKANAN DAN MINUMAN","TIPE_2":"RESTORAN","TIPE_3":"NASI GORENG","TELEPON":"0895-6104-07389","ALAMAT":"JL. RADAR UTARA NO.1, RT.9/RW.9, CIPINANG MELAYU, KEC. MAKASAR, KOTA JAKARTA TIMUR, DAERAH KHUSUS IBUKOTA JAKARTA 13620","ID_PROV":"31","PROVINSI":"DKI JAKARTA","ID_KABKOT":"31.75","KABKOT":"KOTA ADM. JAKARTA TIMUR","ID_KEC":"31.75.08","KECAMATAN":"MAKASAR","ID_DESA":"31.75.08.1005","DESA":"CIPINANG MELAYU","LONGITUDE":106.909884,"LATITUDE":-6.2579576,"STATUS":"BUKA","TANGGAL UPDATE":"27/02/2025","TANGGAL PENGUMPULAN":"Q4 2023","q":27454,"r":-15121}},{"type":"Feature","geometry":{"coordinates":[106.909097,-6.252467],"type":"Point"},"properties":{"NAMA":"CWIE MIE MALANG","TIPE_1":"MAKANAN DAN MINUMAN","TIPE_2":"RESTORAN","TIPE_3":"RESTORAN MELAYU","TELEPON":"(021) 86605545","ALAMAT":"JL. RAYA JATIWARINGIN NO.53, RT.4/RW.5, CIPINANG MELAYU, KEC. MAKASAR, KOTA JAKARTA TIMUR, DAERAH KHUSUS IBUKOTA JAKARTA 13620","ID_PROV":"31","PROVINSI":"DKI JAKARTA","ID_KABKOT":"31.75","KABKOT":"KOTA ADM. JAKARTA TIMUR","ID_KEC":"31.75.08","KECAMATAN":"MAKASAR","ID_DESA":"31.75.08.1005","DESA":"CIPINANG MELAYU","LONGITUDE":106.909097,"LATITUDE":-6.252467,"STATUS":"BUKA","TANGGAL UPDATE":"27/02/2025","TANGGAL PENGUMPULAN":"Q4 2023","q":27454,"r":-15120}},{"type":"Feature","geometry":{"coordinates":[106.8734867,-6.2366386],"type":"Point"},"properties":{"NAMA":"ALJAZEERAH RESTAURANT & FUNCTION HALL","TIPE_1":"MAKANAN DAN MINUMAN","TIPE_2":"RESTORAN","TIPE_3":"RESTORAN MELAYU","TELEPON":"(021) 22850588","ALAMAT":"JL. CIPINANG CEMPEDAK I NO.29, RT.14/RW.3, CIPINANG CEMPEDAK, KECAMATAN JATINEGARA, KOTA JAKARTA TIMUR, DAERAH KHUSUS IBUKOTA JAKARTA 13340","ID_PROV":"31","PROVINSI":"DKI JAKARTA","ID_KABKOT":"31.75","KABKOT":"KOTA ADM. JAKARTA TIMUR","ID_KEC":"31.75.03","KECAMATAN":"JATINEGARA","ID_DESA":"31.75.03.1005","DESA":"CIPINANG CEMPEDAK","LONGITUDE":106.8734867,"LATITUDE":-6.2366386,"STATUS":"BUKA","TANGGAL UPDATE":"27/02/2025","TANGGAL PENGUMPULAN":"Q4 2023","q":27444,"r":-15112}},{"type":"Feature","geometry":{"coordinates":[106.90867259999999,-6.2499174],"type":"Point"},"properties":{"NAMA":"RANISA FRIED CHICKEN CIPINANG","TIPE_1":"MAKANAN DAN MINUMAN","TIPE_2":"RESTORAN","TIPE_3":"RESTORAN MELAYU","TELEPON":"0812-8818-8423","ALAMAT":"RT.8/RW.5, CIPINANG MELAYU, KEC. MAKASAR, KOTA JAKARTA TIMUR, DAERAH KHUSUS IBUKOTA JAKARTA 13620","ID_PROV":"31","PROVINSI":"DKI JAKARTA","ID_KABKOT":"31.75","KABKOT":"KOTA ADM. JAKARTA TIMUR","ID_KEC":"31.75.08","KECAMATAN":"MAKASAR","ID_DESA":"31.75.08.1005","DESA":"CIPINANG MELAYU","LONGITUDE":106.9086726,"LATITUDE":-6.2499174,"STATUS":"BUKA","TANGGAL UPDATE":"27/02/2025","TANGGAL PENGUMPULAN":"Q4 2023","q":27453,"r":-15119}},{"type":"Feature","geometry":{"coordinates":[106.8595421,-6.2129933],"type":"Point"},"properties":{"NAMA":"NASI UDUK BU AS","TIPE_1":"MAKANAN DAN MINUMAN","TIPE_2":"RESTORAN","TIPE_3":"RESTORAN MELAYU","TELEPON":"0821-2390-0835","ALAMAT":"10, JL. PERMATA I NO.16, RT.10/RW.6, KP. MELAYU, KECAMATAN JATINEGARA, DAERAH KHUSUS IBUKOTA JAKARTA 13320","ID_PROV":"31","PROVINSI":"DKI JAKARTA","ID_KABKOT":"31.75","KABKOT":"KOTA ADM. JAKARTA TIMUR","ID_KEC":"31.75.03","KECAMATAN":"JATINEGARA","ID_DESA":"31.75.03.1001","DESA":"KAMPUNG MELAYU","LONGITUDE":106.8595421,"LATITUDE":-6.2129933,"STATUS":"BUKA","TANGGAL UPDATE":"27/02/2025","TANGGAL PENGUMPULAN":"Q4 2023","q":27441,"r":-15105}},{"type":"Feature","geometry":{"coordinates":[106.8994578,-6.2459389],"type":"Point"},"properties":{"NAMA":"WAROENG MENTAI NOERUBANI TENSHIN CIPINANG MELAYU","TIPE_1":"MAKANAN DAN MINUMAN","TIPE_2":"RESTORAN","TIPE_3":"RESTORAN MELAYU","TELEPON":"0858-1757-6101","ALAMAT":"PANGKALAN JATI RT 001 RW 010. KEL. CIPINANG MELAYU KEC. MAKASAR JAKARTA TIMUR, DAERAH KHUSUS IBUKOTA JAKARTA 13620","ID_PROV":"31","PROVINSI":"DKI JAKARTA","ID_KABKOT":"31.75","KABKOT":"KOTA ADM. JAKARTA TIMUR","ID_KEC":"31.75.08","KECAMATAN":"MAKASAR","ID_DESA":"31.75.08.1005","DESA":"CIPINANG MELAYU","LONGITUDE":106.8994578,"LATITUDE":-6.2459389,"STATUS":"BUKA","TANGGAL UPDATE":"27/02/2025","TANGGAL PENGUMPULAN":"Q4 2023","q":27451,"r":-15117}},{"type":"Feature","geometry":{"coordinates":[106.8664685,-6.2250109],"type":"Point"},"properties":{"NAMA":"CHICLIN KAMPUNG MELAYU","TIPE_1":"MAKANAN DAN MINUMAN","TIPE_2":"RESTORAN","TIPE_3":"RESTORAN MELAYU","TELEPON":"","ALAMAT":"JL. JATINEGARA BAR. NO.166G, RT.2/RW.1, RW. BAR, JATINEGARA, EAST JAKARTA CITY, JAKARTA 13330","ID_PROV":"31","PROVINSI":"DKI JAKARTA","ID_KABKOT":"31.75","KABKOT":"KOTA ADM. JAKARTA TIMUR","ID_KEC":"31.75.03","KECAMATAN":"JATINEGARA","ID_DESA":"31.75.03.1002","DESA":"BIDARA CINA","LONGITUDE":106.8664685,"LATITUDE":-6.2250109,"STATUS":"BUKA","TANGGAL UPDATE":"27/02/2025","TANGGAL PENGUMPULAN":"Q4 2023","q":27443,"r":-15108}},{"type":"Feature","geometry":{"coordinates":[106.8642068,-6.2252832],"type":"Point"},"properties":{"NAMA":"BAKMI MELAN","TIPE_1":"MAKANAN DAN MINUMAN","TIPE_2":"RESTORAN","TIPE_3":"RESTORAN MELAYU","TELEPON":"0895-3912-94666","ALAMAT":"JALAN KAMPUNG MELAYU BARU, GG. CILIWUNG II KELURAHAN, RT.11/RW.1, KP. MELAYU, KECAMATAN JATINEGARA, KOTA JAKARTA TIMUR, DAERAH KHUSUS IBUKOTA JAKARTA 13330","ID_PROV":"31","PROVINSI":"DKI JAKARTA","ID_KABKOT":"31.75","KABKOT":"KOTA ADM. JAKARTA TIMUR","ID_KEC":"31.75.03","KECAMATAN":"JATINEGARA","ID_DESA":"31.75.03.1002","DESA":"BIDARA CINA","LONGITUDE":106.8642068,"LATITUDE":-6.2252832,"STATUS":"BUKA","TANGGAL UPDATE":"27/02/2025","TANGGAL PENGUMPULAN":"Q4 2023","q":27442,"r":-15108}},{"type":"Feature","geometry":{"coordinates":[106.863563,-6.1988679],"type":"Point"},"properties":{"NAMA":"RUMAH MAKAN ZAHRA","TIPE_1":"MAKANAN DAN MINUMAN","TIPE_2":"RESTORAN","TIPE_3":"RESTORAN MELAYU","TELEPON":"0878-8726-6156","ALAMAT":"JL. KEMUNING 3, RT.7/RW.4, UTAN KAYU UTARA, KEC. MATRAMAN, KOTA JAKARTA TIMUR, DAERAH KHUSUS IBUKOTA JAKARTA 13120","ID_PROV":"31","PROVINSI":"DKI JAKARTA","ID_KABKOT":"31.75","KABKOT":"KOTA ADM. JAKARTA TIMUR","ID_KEC":"31.75.01","KECAMATAN":"MATRAMAN","ID_DESA":"31.75.01.1002","DESA":"UTAN KAYU UTARA","LONGITUDE":106.863563,"LATITUDE":-6.1988679,"STATUS":"BUKA","TANGGAL UPDATE":"27/02/2025","TANGGAL PENGUMPULAN":"Q4 2023","q":27442,"r":-15102}},{"type":"Feature","geometry":{"coordinates":[106.8672093,-6.2330382],"type":"Point"},"properties":{"NAMA":"ALSADDA RESTAURANT","TIPE_1":"MAKANAN DAN MINUMAN","TIPE_2":"RESTORAN","TIPE_3":"RESTORAN MELAYU","TELEPON":"0811-1148-841","ALAMAT":"JL. OTTO ISKANDARDINATA NO.70/30, RT.6/RW.5, KP. MELAYU, KECAMATAN JATINEGARA, KOTA JAKARTA TIMUR, DAERAH KHUSUS IBUKOTA JAKARTA 13330","ID_PROV":"31","PROVINSI":"DKI JAKARTA","ID_KABKOT":"31.75","KABKOT":"KOTA ADM. JAKARTA TIMUR","ID_KEC":"31.75.03","KECAMATAN":"JATINEGARA","ID_DESA":"31.75.03.1002","DESA":"BIDARA CINA","LONGITUDE":106.8672093,"LATITUDE":-6.2330382,"STATUS":"BUKA","TANGGAL UPDATE":"27/02/2025","TANGGAL PENGUMPULAN":"Q4 2023","q":27443,"r":-15110}},{"type":"Feature","geometry":{"coordinates":[106.8642748,-6.230348],"type":"Point"},"properties":{"NAMA":"AYAM PENYET JJ KAMPUNG MELAYU","TIPE_1":"MAKANAN DAN MINUMAN","TIPE_2":"RESTORAN","TIPE_3":"RESTORAN MELAYU","TELEPON":"0812-9014-3518","ALAMAT":"JL. KB. SAYUR I NO.20, RT.5/RW.5, BIDARA CINA, KECAMATAN JATINEGARA, KOTA JAKARTA TIMUR, DAERAH KHUSUS IBUKOTA JAKARTA 13330","ID_PROV":"31","PROVINSI":"DKI JAKARTA","ID_KABKOT":"31.75","KABKOT":"KOTA ADM. JAKARTA TIMUR","ID_KEC":"31.75.03","KECAMATAN":"JATINEGARA","ID_DESA":"31.75.03.1002","DESA":"BIDARA CINA","LONGITUDE":106.8642748,"LATITUDE":-6.230348,"STATUS":"BUKA","TANGGAL UPDATE":"27/02/2025","TANGGAL PENGUMPULAN":"Q4 2023","q":27442,"r":-15109}},{"type":"Feature","geometry":{"coordinates":[106.867173,-6.225023],"type":"Point"},"properties":{"NAMA":"SOTO SAPI NI'MAT BETAWI KP MELAYU","TIPE_1":"MAKANAN DAN MINUMAN","TIPE_2":"RESTORAN","TIPE_3":"RESTORAN MELAYU","TELEPON":"","ALAMAT":"JL. JATINEGARA TIMUR NO.133 A, RT.11/RW.1, BALI MESTER, KECAMATAN JATINEGARA, KOTA JAKARTA TIMUR, DAERAH KHUSUS IBUKOTA JAKARTA 13310","ID_PROV":"31","PROVINSI":"DKI JAKARTA","ID_KABKOT":"31.75","KABKOT":"KOTA ADM. JAKARTA TIMUR","ID_KEC":"31.75.03","KECAMATAN":"JATINEGARA","ID_DESA":"31.75.03.1003","DESA":"BALI MESTER","LONGITUDE":106.867173,"LATITUDE":-6.225023,"STATUS":"BUKA","TANGGAL UPDATE":"27/02/2025","TANGGAL PENGUMPULAN":"Q4 2023","q":27443,"r":-15109}},{"type":"Feature","geometry":{"coordinates":[106.8707852,-6.2247956],"type":"Point"},"properties":{"NAMA":"WARUNG LESTARI NASI BALI KAMPUNG MELAYU","TIPE_1":"MAKANAN DAN MINUMAN","TIPE_2":"RESTORAN","TIPE_3":"RESTORAN MELAYU","TELEPON":"0818-0845-5563","ALAMAT":"JL. JEND. BASUKI RACHMAT RAYA NO.8, RT.1/RW.9, RW. BUNGA, KECAMATAN JATINEGARA, KOTA JAKARTA TIMUR, DAERAH KHUSUS IBUKOTA JAKARTA 13350","ID_PROV":"31","PROVINSI":"DKI JAKARTA","ID_KABKOT":"31.75","KABKOT":"KOTA ADM. JAKARTA TIMUR","ID_KEC":"31.75.03","KECAMATAN":"JATINEGARA","ID_DESA":"31.75.03.1004","DESA":"RAWA BUNGA","LONGITUDE":106.8707852,"LATITUDE":-6.2247956,"STATUS":"BUKA","TANGGAL UPDATE":"27/02/2025","TANGGAL PENGUMPULAN":"Q4 2023","q":27444,"r":-15109}},{"type":"Feature","geometry":{"coordinates":[106.87013359999999,-6.2269436],"type":"Point"},"properties":{"NAMA":"RUMAH MAKAN JASMIN (HIDANGAN ARAB BETAWI)","TIPE_1":"MAKANAN DAN MINUMAN","TIPE_2":"RESTORAN","TIPE_3":"RESTORAN MELAYU","TELEPON":"0822-1010-9906","ALAMAT":"JL. PEDATI RAYA NO.69, RT.4/RW.1, BALI MESTER, KECAMATAN JATINEGARA, KOTA JAKARTA TIMUR, DAERAH KHUSUS IBUKOTA JAKARTA 13330","ID_PROV":"31","PROVINSI":"DKI JAKARTA","ID_KABKOT":"31.75","KABKOT":"KOTA ADM. JAKARTA TIMUR","ID_KEC":"31.75.03","KECAMATAN":"JATINEGARA","ID_DESA":"31.75.03.1002","DESA":"BIDARA CINA","LONGITUDE":106.8701336,"LATITUDE":-6.2269436,"STATUS":"BUKA","TANGGAL UPDATE":"27/02/2025","TANGGAL PENGUMPULAN":"Q4 2023","q":27444,"r":-15109}},{"type":"Feature","geometry":{"coordinates":[106.86254729999999,-6.2154401],"type":"Point"},"properties":{"NAMA":"BUBUR AYAM NUSANTARA","TIPE_1":"MAKANAN DAN MINUMAN","TIPE_2":"RESTORAN","TIPE_3":"RESTORAN MELAYU","TELEPON":"0812-9684-8414","ALAMAT":"2, JL. JATINEGARA BAR. NO.46, RT.2/RW.4, KP. MELAYU, KECAMATAN JATINEGARA, KOTA JAKARTA TIMUR, DAERAH KHUSUS IBUKOTA JAKARTA 13320","ID_PROV":"31","PROVINSI":"DKI JAKARTA","ID_KABKOT":"31.75","KABKOT":"KOTA ADM. JAKARTA TIMUR","ID_KEC":"31.75.03","KECAMATAN":"JATINEGARA","ID_DESA":"31.75.03.1001","DESA":"KAMPUNG MELAYU","LONGITUDE":106.8625473,"LATITUDE":-6.2154401,"STATUS":"BUKA","TANGGAL UPDATE":"27/02/2025","TANGGAL PENGUMPULAN":"Q4 2023","q":27442,"r":-15106}},{"type":"Feature","geometry":{"coordinates":[106.8697622,-6.221781],"type":"Point"},"properties":{"NAMA":"BELAKANG RUMAH SAKIT PREMIER RAWABUNGA JAKARTA KPMELAYU","TIPE_1":"MAKANAN DAN MINUMAN","TIPE_2":"RESTORAN","TIPE_3":"RESTORAN MELAYU","TELEPON":"0821-8647-3450","ALAMAT":"RT.1/RW.8, RW. BUNGA, KECAMATAN JATINEGARA, KOTA JAKARTA TIMUR, DAERAH KHUSUS IBUKOTA JAKARTA 13350","ID_PROV":"31","PROVINSI":"DKI JAKARTA","ID_KABKOT":"31.75","KABKOT":"KOTA ADM. JAKARTA TIMUR","ID_KEC":"31.75.03","KECAMATAN":"JATINEGARA","ID_DESA":"31.75.03.1004","DESA":"RAWA BUNGA","LONGITUDE":106.8697622,"LATITUDE":-6.221781,"STATUS":"BUKA","TANGGAL UPDATE":"27/02/2025","TANGGAL PENGUMPULAN":"Q4 2023","q":27443,"r":-15108}},{"type":"Feature","geometry":{"coordinates":[106.8695409,-6.2369872],"type":"Point"},"properties":{"NAMA":"MIE AYAM YOYO KAMPUNG MELAYU","TIPE_1":"MAKANAN DAN MINUMAN","TIPE_2":"RESTORAN","TIPE_3":"RESTORAN MELAYU","TELEPON":"0878-8111-2003","ALAMAT":"JL. CIPINANG CEMPEDAK RAYA NO.4 RT.07/08, RT.7/RW.8, KP. MELAYU, KECAMATAN JATINEGARA, KOTA JAKARTA TIMUR, DAERAH KHUSUS IBUKOTA JAKARTA 13330","ID_PROV":"31","PROVINSI":"DKI JAKARTA","ID_KABKOT":"31.75","KABKOT":"KOTA ADM. JAKARTA TIMUR","ID_KEC":"31.75.03","KECAMATAN":"JATINEGARA","ID_DESA":"31.75.03.1002","DESA":"BIDARA CINA","LONGITUDE":106.8695409,"LATITUDE":-6.2369872,"STATUS":"BUKA","TANGGAL UPDATE":"27/02/2025","TANGGAL PENGUMPULAN":"Q4 2023","q":27443,"r":-15112}},{"type":"Feature","geometry":{"coordinates":[106.9079882,-6.252606],"type":"Point"},"properties":{"NAMA":"RUMAH MAKAN UDA DENAI","TIPE_1":"MAKANAN DAN MINUMAN","TIPE_2":"RESTORAN","TIPE_3":"RESTORAN MELAYU","TELEPON":"0812-8217-5133","ALAMAT":"JALAN PANGKALAN JATI 5 15-20 11 5, CIPINANG MELAYU, KEC. MAKASAR, DAERAH KHUSUS IBUKOTA JAKARTA 13620","ID_PROV":"31","PROVINSI":"DKI JAKARTA","ID_KABKOT":"31.75","KABKOT":"KOTA ADM. JAKARTA TIMUR","ID_KEC":"31.75.08","KECAMATAN":"MAKASAR","ID_DESA":"31.75.08.1005","DESA":"CIPINANG MELAYU","LONGITUDE":106.9079882,"LATITUDE":-6.252606,"STATUS":"BUKA","TANGGAL UPDATE":"27/02/2025","TANGGAL PENGUMPULAN":"Q4 2023","q":27453,"r":-15120}},{"type":"Feature","geometry":{"coordinates":[106.8673577,-6.2289209],"type":"Point"},"properties":{"NAMA":"PECEL LELE JALAN OTISTA RAYA NO 45 KAMPUNG MELAYU JAKARTA TIMUR","TIPE_1":"MAKANAN DAN MINUMAN","TIPE_2":"RESTORAN","TIPE_3":"RESTORAN MELAYU","TELEPON":"0821-1081-9414","ALAMAT":"JL. OTISTA RAYA NO.45, RT.1/RW.10, BIDARA CINA, KECAMATAN JATINEGARA, KOTA JAKARTA TIMUR, DAERAH KHUSUS IBUKOTA JAKARTA 13330","ID_PROV":"31","PROVINSI":"DKI JAKARTA","ID_KABKOT":"31.75","KABKOT":"KOTA ADM. JAKARTA TIMUR","ID_KEC":"31.75.03","KECAMATAN":"JATINEGARA","ID_DESA":"31.75.03.1002","DESA":"BIDARA CINA","LONGITUDE":106.8673577,"LATITUDE":-6.2289209,"STATUS":"BUKA","TANGGAL UPDATE":"27/02/2025","TANGGAL PENGUMPULAN":"Q4 2023","q":27443,"r":-15109}},{"type":"Feature","geometry":{"coordinates":[106.86901359999999,-6.2392004],"type":"Point"},"properties":{"NAMA":"RESTO BUBUR BAKAR","TIPE_1":"MAKANAN DAN MINUMAN","TIPE_2":"RESTORAN","TIPE_3":"RESTORAN MELAYU","TELEPON":"0812-8384-1602","ALAMAT":"JL. OTISTA RAYA NO.82 NO. 22, RT.1/RW.6, KP. MELAYU, KECAMATAN JATINEGARA, KOTA JAKARTA TIMUR, DAERAH KHUSUS IBUKOTA JAKARTA 13330","ID_PROV":"31","PROVINSI":"DKI JAKARTA","ID_KABKOT":"31.75","KABKOT":"KOTA ADM. JAKARTA TIMUR","ID_KEC":"31.75.03","KECAMATAN":"JATINEGARA","ID_DESA":"31.75.03.1002","DESA":"BIDARA CINA","LONGITUDE":106.8690136,"LATITUDE":-6.2392004,"STATUS":"BUKA","TANGGAL UPDATE":"27/02/2025","TANGGAL PENGUMPULAN":"Q4 2023","q":27443,"r":-15112}},{"type":"Feature","geometry":{"coordinates":[106.8674244,-6.2309338],"type":"Point"},"properties":{"NAMA":"WARUNG NASI JAWA TIMUR","TIPE_1":"MAKANAN DAN MINUMAN","TIPE_2":"RESTORAN","TIPE_3":"RESTORAN MELAYU","TELEPON":"","ALAMAT":"JL. OTISTA RAYA, RT.7/RW.9, BIDARA CINA, KECAMATAN JATINEGARA, KOTA JAKARTA TIMUR, DAERAH KHUSUS IBUKOTA JAKARTA 13330","ID_PROV":"31","PROVINSI":"DKI JAKARTA","ID_KABKOT":"31.75","KABKOT":"KOTA ADM. JAKARTA TIMUR","ID_KEC":"31.75.03","KECAMATAN":"JATINEGARA","ID_DESA":"31.75.03.1002","DESA":"BIDARA CINA","LONGITUDE":106.8674244,"LATITUDE":-6.2309338,"STATUS":"BUKA","TANGGAL UPDATE":"27/02/2025","TANGGAL PENGUMPULAN":"Q4 2023","q":27443,"r":-15110}},{"type":"Feature","geometry":{"coordinates":[106.9020782,-6.2477436],"type":"Point"},"properties":{"NAMA":"GADO-GADO SEGAR KANG UDIN CIPINANG","TIPE_1":"MAKANAN DAN MINUMAN","TIPE_2":"RESTORAN","TIPE_3":"RESTORAN MELAYU","TELEPON":"0896-9231-4982","ALAMAT":"JL. HARAPAN V NO.9, RT.5/RW.11, CIPINANG MELAYU, KEC. MAKASAR, KOTA JAKARTA TIMUR, DAERAH KHUSUS IBUKOTA JAKARTA 13620","ID_PROV":"31","PROVINSI":"DKI JAKARTA","ID_KABKOT":"31.75","KABKOT":"KOTA ADM. JAKARTA TIMUR","ID_KEC":"31.75.08","KECAMATAN":"MAKASAR","ID_DESA":"31.75.08.1005","DESA":"CIPINANG MELAYU","LONGITUDE":106.9020782,"LATITUDE":-6.2477436,"STATUS":"BUKA","TANGGAL UPDATE":"27/02/2025","TANGGAL PENGUMPULAN":"Q4 2023","q":27452,"r":-15118}},{"type":"Feature","geometry":{"coordinates":[106.8720683,-6.2425544],"type":"Point"},"properties":{"NAMA":"RUMAH MAKAN BEBEK CAWANG & ORIENTAL FOOD","TIPE_1":"MAKANAN DAN MINUMAN","TIPE_2":"RESTORAN","TIPE_3":"RESTORAN MELAYU","TELEPON":"(021) 8577631","ALAMAT":"JL. CAWANG BARU NO.41, RT.9/RW.9, CIPINANG CEMPEDAK, KECAMATAN JATINEGARA, KOTA JAKARTA TIMUR, DAERAH KHUSUS IBUKOTA JAKARTA 13340","ID_PROV":"31","PROVINSI":"DKI JAKARTA","ID_KABKOT":"31.75","KABKOT":"KOTA ADM. JAKARTA TIMUR","ID_KEC":"31.75.03","KECAMATAN":"JATINEGARA","ID_DESA":"31.75.03.1005","DESA":"CIPINANG CEMPEDAK","LONGITUDE":106.8720683,"LATITUDE":-6.2425544,"STATUS":"BUKA","TANGGAL UPDATE":"27/02/2025","TANGGAL PENGUMPULAN":"Q4 2023","q":27444,"r":-15113}},{"type":"Feature","geometry":{"coordinates":[106.9067809,-6.2473546],"type":"Point"},"properties":{"NAMA":"GARDEN KULINER","TIPE_1":"MAKANAN DAN MINUMAN","TIPE_2":"RESTORAN","TIPE_3":"RESTORAN MELAYU","TELEPON":"0816-1817-458","ALAMAT":"2, JL. RAYA JATIWARINGIN NO.1A, RT.2/RW.13, CIPINANG MELAYU, KEC. MAKASAR, KOTA JAKARTA TIMUR, DAERAH KHUSUS IBUKOTA JAKARTA 13620","ID_PROV":"31","PROVINSI":"DKI JAKARTA","ID_KABKOT":"31.75","KABKOT":"KOTA ADM. JAKARTA TIMUR","ID_KEC":"31.75.08","KECAMATAN":"MAKASAR","ID_DESA":"31.75.08.1005","DESA":"CIPINANG MELAYU","LONGITUDE":106.9067809,"LATITUDE":-6.2473546,"STATUS":"BUKA","TANGGAL UPDATE":"27/02/2025","TANGGAL PENGUMPULAN":"Q4 2023","q":27453,"r":-15119}},{"type":"Feature","geometry":{"coordinates":[106.9075193,-6.25252],"type":"Point"},"properties":{"NAMA":"WARUNG SATE BANG DUDUNG","TIPE_1":"MAKANAN DAN MINUMAN","TIPE_2":"RESTORAN","TIPE_3":"RESTORAN MELAYU","TELEPON":"0858-8680-1741","ALAMAT":"JL. PANGKALAN JATI V NO.11, RT.11/RW.5, CIPINANG MELAYU, KEC. MAKASAR, KOTA JAKARTA TIMUR, DAERAH KHUSUS IBUKOTA JAKARTA 13620","ID_PROV":"31","PROVINSI":"DKI JAKARTA","ID_KABKOT":"31.75","KABKOT":"KOTA ADM. JAKARTA TIMUR","ID_KEC":"31.75.08","KECAMATAN":"MAKASAR","ID_DESA":"31.75.08.1005","DESA":"CIPINANG MELAYU","LONGITUDE":106.9075193,"LATITUDE":-6.25252,"STATUS":"BUKA","TANGGAL UPDATE":"27/02/2025","TANGGAL PENGUMPULAN":"Q4 2023","q":27453,"r":-15120}},{"type":"Feature","geometry":{"coordinates":[106.9043317,-6.2525185],"type":"Point"},"properties":{"NAMA":"PENYETAN COKER PANGKALAN JATI CIPINANG MELAYU","TIPE_1":"MAKANAN DAN MINUMAN","TIPE_2":"RESTORAN","TIPE_3":"RESTORAN MELAYU","TELEPON":"","ALAMAT":"JL. PANGKALAN JATI V NO.5, RT.9/RW.12, CIPINANG MELAYU, KEC. MAKASAR, KOTA JAKARTA TIMUR, DAERAH KHUSUS IBUKOTA JAKARTA 13620","ID_PROV":"31","PROVINSI":"DKI JAKARTA","ID_KABKOT":"31.75","KABKOT":"KOTA ADM. JAKARTA TIMUR","ID_KEC":"31.75.08","KECAMATAN":"MAKASAR","ID_DESA":"31.75.08.1005","DESA":"CIPINANG MELAYU","LONGITUDE":106.9043317,"LATITUDE":-6.2525185,"STATUS":"BUKA","TANGGAL UPDATE":"27/02/2025","TANGGAL PENGUMPULAN":"Q4 2023","q":27452,"r":-15119}},{"type":"Feature","geometry":{"coordinates":[106.8782567,-6.2171747],"type":"Point"},"properties":{"NAMA":"RESTO MELAYU INDAH (CITA RASA MINANG)","TIPE_1":"MAKANAN DAN MINUMAN","TIPE_2":"RESTORAN","TIPE_3":"RESTORAN MELAYU","TELEPON":"0813-1647-3100","ALAMAT":"JL. BEKASI TIMUR VI NO.7, RT.4/RW.8, CIPINANG BESAR UTARA, KECAMATAN JATINEGARA, KOTA JAKARTA TIMUR, DAERAH KHUSUS IBUKOTA JAKARTA 13410","ID_PROV":"31","PROVINSI":"DKI JAKARTA","ID_KABKOT":"31.75","KABKOT":"KOTA ADM. JAKARTA TIMUR","ID_KEC":"31.75.03","KECAMATAN":"JATINEGARA","ID_DESA":"31.75.03.1008","DESA":"CIPINANG BESAR UTARA","LONGITUDE":106.8782567,"LATITUDE":-6.2171747,"STATUS":"BUKA","TANGGAL UPDATE":"27/02/2025","TANGGAL PENGUMPULAN":"Q4 2023","q":27446,"r":-15108}},{"type":"Feature","geometry":{"coordinates":[106.9000718,-6.2460362],"type":"Point"},"properties":{"NAMA":"AYAM PENYET PEMALU","TIPE_1":"MAKANAN DAN MINUMAN","TIPE_2":"RESTORAN","TIPE_3":"RESTORAN MELAYU","TELEPON":"","ALAMAT":"JL. JAGUR II NO.59, RT.2/RW.10, CIPINANG MELAYU, KEC. MAKASAR, KOTA JAKARTA TIMUR, DAERAH KHUSUS IBUKOTA JAKARTA 13620","ID_PROV":"31","PROVINSI":"DKI JAKARTA","ID_KABKOT":"31.75","KABKOT":"KOTA ADM. JAKARTA TIMUR","ID_KEC":"31.75.08","KECAMATAN":"MAKASAR","ID_DESA":"31.75.08.1005","DESA":"CIPINANG MELAYU","LONGITUDE":106.9000718,"LATITUDE":-6.2460362,"STATUS":"BUKA","TANGGAL UPDATE":"27/02/2025","TANGGAL PENGUMPULAN":"Q4 2023","q":27451,"r":-15117}},{"type":"Feature","geometry":{"coordinates":[106.9137566,-6.2503624],"type":"Point"},"properties":{"NAMA":"KEDAI MAMA TETTY","TIPE_1":"MAKANAN DAN MINUMAN","TIPE_2":"RESTORAN","TIPE_3":"RESTORAN MELAYU","TELEPON":"0899-9839-653","ALAMAT":"JL. ZENI NO.92, CIPINANG MELAYU, KEC. MAKASAR, KOTA JAKARTA TIMUR, DAERAH KHUSUS IBUKOTA JAKARTA 13620","ID_PROV":"31","PROVINSI":"DKI JAKARTA","ID_KABKOT":"31.75","KABKOT":"KOTA ADM. JAKARTA TIMUR","ID_KEC":"31.75.08","KECAMATAN":"MAKASAR","ID_DESA":"31.75.08.1005","DESA":"CIPINANG MELAYU","LONGITUDE":106.9137566,"LATITUDE":-6.2503624,"STATUS":"BUKA","TANGGAL UPDATE":"27/02/2025","TANGGAL PENGUMPULAN":"Q4 2023","q":27455,"r":-15120}},{"type":"Feature","geometry":{"coordinates":[106.8772987,-6.2713868],"type":"Point"},"properties":{"NAMA":"MARTABAK MELAYU","TIPE_1":"MAKANAN DAN MINUMAN","TIPE_2":"RESTORAN","TIPE_3":"RESTORAN MELAYU","TELEPON":"0822-9805-9748","ALAMAT":"DEKAT, JL. MASJID AL-MUNIR, RT.1/RW.3, MAKASAR, KEC. MAKASAR, KOTA JAKARTA TIMUR, DAERAH KHUSUS IBUKOTA JAKARTA 13570","ID_PROV":"31","PROVINSI":"DKI JAKARTA","ID_KABKOT":"31.75","KABKOT":"KOTA ADM. JAKARTA TIMUR","ID_KEC":"31.75.08","KECAMATAN":"MAKASAR","ID_DESA":"31.75.08.1001","DESA":"MAKASAR","LONGITUDE":106.8772987,"LATITUDE":-6.2713868,"STATUS":"BUKA","TANGGAL UPDATE":"27/02/2025","TANGGAL PENGUMPULAN":"Q4 2023","q":27445,"r":-15120}},{"type":"Feature","geometry":{"coordinates":[106.9067108,-6.2579958],"type":"Point"},"properties":{"NAMA":"WARUNG BUDE PARTI","TIPE_1":"MAKANAN DAN MINUMAN","TIPE_2":"RESTORAN","TIPE_3":"RESTORAN MELAYU","TELEPON":"0877-7788-5496","ALAMAT":"JL. MAWAR RAYA NO.29, RT.7/RW.9, CIPINANG MELAYU, KEC. MAKASAR, KOTA JAKARTA TIMUR, DAERAH KHUSUS IBUKOTA JAKARTA 13620","ID_PROV":"31","PROVINSI":"DKI JAKARTA","ID_KABKOT":"31.75","KABKOT":"KOTA ADM. JAKARTA TIMUR","ID_KEC":"31.75.08","KECAMATAN":"MAKASAR","ID_DESA":"31.75.08.1005","DESA":"CIPINANG MELAYU","LONGITUDE":106.9067108,"LATITUDE":-6.2579958,"STATUS":"BUKA","TANGGAL UPDATE":"27/02/2025","TANGGAL PENGUMPULAN":"Q4 2023","q":27453,"r":-15121}},{"type":"Feature","geometry":{"coordinates":[106.8589969,-6.2133361],"type":"Point"},"properties":{"NAMA":"DAPOER PENNELOPE","TIPE_1":"MAKANAN DAN MINUMAN","TIPE_2":"RESTORAN","TIPE_3":"RESTORAN MELAYU","TELEPON":"0857-1033-3090","ALAMAT":"7, JL. PERMATA I NO.23, RT.7/RW.6, KP. MELAYU, KECAMATAN JATINEGARA, KOTA JAKARTA TIMUR, DAERAH KHUSUS IBUKOTA JAKARTA 13320","ID_PROV":"31","PROVINSI":"DKI JAKARTA","ID_KABKOT":"31.75","KABKOT":"KOTA ADM. JAKARTA TIMUR","ID_KEC":"31.75.03","KECAMATAN":"JATINEGARA","ID_DESA":"31.75.03.1001","DESA":"KAMPUNG MELAYU","LONGITUDE":106.8589969,"LATITUDE":-6.2133361,"STATUS":"BUKA","TANGGAL UPDATE":"27/02/2025","TANGGAL PENGUMPULAN":"Q4 2023","q":27441,"r":-15105}},{"type":"Feature","geometry":{"coordinates":[106.8611258,-6.2137962],"type":"Point"},"properties":{"NAMA":"WARUNG KOPI OM TORO ( DE PERONS )","TIPE_1":"MAKANAN DAN MINUMAN","TIPE_2":"RESTORAN","TIPE_3":"RESTORAN MELAYU","TELEPON":"","ALAMAT":"JL. KB. PALA I, RT.3/RW.6, KP. MELAYU, KECAMATAN JATINEGARA, KOTA JAKARTA TIMUR, DAERAH KHUSUS IBUKOTA JAKARTA 13320","ID_PROV":"31","PROVINSI":"DKI JAKARTA","ID_KABKOT":"31.75","KABKOT":"KOTA ADM. JAKARTA TIMUR","ID_KEC":"31.75.03","KECAMATAN":"JATINEGARA","ID_DESA":"31.75.03.1001","DESA":"KAMPUNG MELAYU","LONGITUDE":106.8611258,"LATITUDE":-6.2137962,"STATUS":"BUKA","TANGGAL UPDATE":"27/02/2025","TANGGAL PENGUMPULAN":"Q4 2023","q":27441,"r":-15105}},{"type":"Feature","geometry":{"coordinates":[106.9187779,-6.2487661],"type":"Point"},"properties":{"NAMA":"WARUNG ONLINE KALIMALANG","TIPE_1":"MAKANAN DAN MINUMAN","TIPE_2":"RESTORAN","TIPE_3":"RESTORAN MELAYU","TELEPON":"0895-1013-3331","ALAMAT":"13620, JL. MANUNGGAL I NO.18, RT.11, CIPINANG MELAYU, KEC. MAKASAR, KOTA JAKARTA TIMUR, DAERAH KHUSUS IBUKOTA JAKARTA 13620","ID_PROV":"31","PROVINSI":"DKI JAKARTA","ID_KABKOT":"31.75","KABKOT":"KOTA ADM. JAKARTA TIMUR","ID_KEC":"31.75.08","KECAMATAN":"MAKASAR","ID_DESA":"31.75.08.1005","DESA":"CIPINANG MELAYU","LONGITUDE":106.9187779,"LATITUDE":-6.2487661,"STATUS":"BUKA","TANGGAL UPDATE":"27/02/2025","TANGGAL PENGUMPULAN":"Q4 2023","q":27456,"r":-15120}},{"type":"Feature","geometry":{"coordinates":[106.860175,-6.2139851],"type":"Point"},"properties":{"NAMA":"WARUNG NASI UDUK MBA YANA","TIPE_1":"MAKANAN DAN MINUMAN","TIPE_2":"RESTORAN","TIPE_3":"RESTORAN MELAYU","TELEPON":"","ALAMAT":"PUSAT, RT.2, KP. MELAYU, KECAMATAN JATINEGARA, KOTA JAKARTA TIMUR, DAERAH KHUSUS IBUKOTA JAKARTA 13320","ID_PROV":"31","PROVINSI":"DKI JAKARTA","ID_KABKOT":"31.75","KABKOT":"KOTA ADM. JAKARTA TIMUR","ID_KEC":"31.75.03","KECAMATAN":"JATINEGARA","ID_DESA":"31.75.03.1001","DESA":"KAMPUNG MELAYU","LONGITUDE":106.860175,"LATITUDE":-6.2139851,"STATUS":"BUKA","TANGGAL UPDATE":"27/02/2025","TANGGAL PENGUMPULAN":"Q4 2023","q":27441,"r":-15105}},{"type":"Feature","geometry":{"coordinates":[106.8855584,-6.2407805],"type":"Point"},"properties":{"NAMA":"BANG DANI KEBULI","TIPE_1":"MAKANAN DAN MINUMAN","TIPE_2":"RESTORAN","TIPE_3":"RESTORAN MELAYU","TELEPON":"","ALAMAT":"JL. SD CIPINANG MELAYU BLOK BIGOS NO.28, RT.6/RW.2, CIPINANG MELAYU, KEC. MAKASAR, KOTA JAKARTA TIMUR, DAERAH KHUSUS IBUKOTA JAKARTA 13620","ID_PROV":"31","PROVINSI":"DKI JAKARTA","ID_KABKOT":"31.75","KABKOT":"KOTA ADM. JAKARTA TIMUR","ID_KEC":"31.75.08","KECAMATAN":"MAKASAR","ID_DESA":"31.75.08.1005","DESA":"CIPINANG MELAYU","LONGITUDE":106.8855584,"LATITUDE":-6.2407805,"STATUS":"BUKA","TANGGAL UPDATE":"27/02/2025","TANGGAL PENGUMPULAN":"Q4 2023","q":27448,"r":-15114}},{"type":"Feature","geometry":{"coordinates":[106.9055406,-6.2526617],"type":"Point"},"properties":{"NAMA":"WARUNG YUDIT","TIPE_1":"MAKANAN DAN MINUMAN","TIPE_2":"RESTORAN","TIPE_3":"RESTORAN MELAYU","TELEPON":"0877-8635-6398","ALAMAT":"2, JL. PANGKALAN JATI V NO.29, RT.2/RW.5, CIPINANG MELAYU, KEC. MAKASAR, KOTA JAKARTA TIMUR, DAERAH KHUSUS IBUKOTA JAKARTA 13620","ID_PROV":"31","PROVINSI":"DKI JAKARTA","ID_KABKOT":"31.75","KABKOT":"KOTA ADM. JAKARTA TIMUR","ID_KEC":"31.75.08","KECAMATAN":"MAKASAR","ID_DESA":"31.75.08.1005","DESA":"CIPINANG MELAYU","LONGITUDE":106.9055406,"LATITUDE":-6.2526617,"STATUS":"BUKA","TANGGAL UPDATE":"27/02/2025","TANGGAL PENGUMPULAN":"Q4 2023","q":27453,"r":-15120}},{"type":"Feature","geometry":{"coordinates":[106.8641187,-6.2186194],"type":"Point"},"properties":{"NAMA":"WARUNG RW02 KAMPUNG PULO","TIPE_1":"MAKANAN DAN MINUMAN","TIPE_2":"RESTORAN","TIPE_3":"RESTORAN MELAYU","TELEPON":"","ALAMAT":"JL. JATINEGARA BAR. NO.120, RT.7/RW.1, KP. MELAYU, KECAMATAN JATINEGARA, KOTA JAKARTA TIMUR, DAERAH KHUSUS IBUKOTA JAKARTA 13320","ID_PROV":"31","PROVINSI":"DKI JAKARTA","ID_KABKOT":"31.75","KABKOT":"KOTA ADM. JAKARTA TIMUR","ID_KEC":"31.75.03","KECAMATAN":"JATINEGARA","ID_DESA":"31.75.03.1001","DESA":"KAMPUNG MELAYU","LONGITUDE":106.8641187,"LATITUDE":-6.2186194,"STATUS":"BUKA","TANGGAL UPDATE":"27/02/2025","TANGGAL PENGUMPULAN":"Q4 2023","q":27442,"r":-15107}},{"type":"Feature","geometry":{"coordinates":[106.8665121,-6.2253482],"type":"Point"},"properties":{"NAMA":"AYAM GEPUK PAK GEMBUS CABANG KP MELAYU","TIPE_1":"MAKANAN DAN MINUMAN","TIPE_2":"RESTORAN","TIPE_3":"RESTORAN MELAYU","TELEPON":"0812-8047-9760","ALAMAT":"JL. RAYA JATINEGARA BARAT DEPAN, TERMINAL NO.166D, RT.2/RW.1, BIDARA CINA, KECAMATAN JATINEGARA, KOTA JAKARTA TIMUR, DAERAH KHUSUS IBUKOTA JAKARTA 13520","ID_PROV":"31","PROVINSI":"DKI JAKARTA","ID_KABKOT":"31.75","KABKOT":"KOTA ADM. JAKARTA TIMUR","ID_KEC":"31.75.03","KECAMATAN":"JATINEGARA","ID_DESA":"31.75.03.1002","DESA":"BIDARA CINA","LONGITUDE":106.8665121,"LATITUDE":-6.2253482,"STATUS":"BUKA","TANGGAL UPDATE":"27/02/2025","TANGGAL PENGUMPULAN":"Q4 2023","q":27443,"r":-15109}},{"type":"Feature","geometry":{"coordinates":[106.8656022,-6.2250026],"type":"Point"},"properties":{"NAMA":"RAHMACO","TIPE_1":"MAKANAN DAN MINUMAN","TIPE_2":"RESTORAN","TIPE_3":"RESTORAN MELAYU","TELEPON":"0856-9584-4316","ALAMAT":"BELAKANG RUKO PROVENIO/TOKO SABLON, JL. KP. MELAYU BESAR NO.1D, RT.11/RW.1, KP. MELAYU, KOTA JAKARTA TIMUR, DAERAH KHUSUS IBUKOTA JAKARTA 13330","ID_PROV":"31","PROVINSI":"DKI JAKARTA","ID_KABKOT":"31.75","KABKOT":"KOTA ADM. JAKARTA TIMUR","ID_KEC":"31.75.03","KECAMATAN":"JATINEGARA","ID_DESA":"31.75.03.1002","DESA":"BIDARA CINA","LONGITUDE":106.8656022,"LATITUDE":-6.2250026,"STATUS":"BUKA","TANGGAL UPDATE":"27/02/2025","TANGGAL PENGUMPULAN":"Q4 2023","q":27442,"r":-15108}},{"type":"Feature","geometry":{"coordinates":[106.8694651,-6.223955],"type":"Point"},"properties":{"NAMA":"WARTEG CAHAYA","TIPE_1":"MAKANAN DAN MINUMAN","TIPE_2":"RESTORAN","TIPE_3":"RESTORAN MELAYU","TELEPON":"","ALAMAT":"JL. KP. MELAYU NO.4, RT.4/RW.2, BALI MESTER, KECAMATAN JATINEGARA, KOTA JAKARTA TIMUR, DAERAH KHUSUS IBUKOTA JAKARTA 13310","ID_PROV":"31","PROVINSI":"DKI JAKARTA","ID_KABKOT":"31.75","KABKOT":"KOTA ADM. JAKARTA TIMUR","ID_KEC":"31.75.03","KECAMATAN":"JATINEGARA","ID_DESA":"31.75.03.1003","DESA":"BALI MESTER","LONGITUDE":106.8694651,"LATITUDE":-6.223955,"STATUS":"BUKA","TANGGAL UPDATE":"27/02/2025","TANGGAL PENGUMPULAN":"Q4 2023","q":27443,"r":-15109}},{"type":"Feature","geometry":{"coordinates":[106.86581849999999,-6.2249419],"type":"Point"},"properties":{"NAMA":"NASI UDUK & LONTONG SAYUR BU TITIN","TIPE_1":"MAKANAN DAN MINUMAN","TIPE_2":"RESTORAN","TIPE_3":"RESTORAN MELAYU","TELEPON":"0812-1382-8518","ALAMAT":"JALAN KP MELAYU BESAR 7 RT011 RW001 BIDARACINA JATINEGARA RT.3, RT.3/RW.1, KP. MELAYU, KECAMATAN JATINEGARA, KOTA JAKARTA TIMUR, DAERAH KHUSUS IBUKOTA JAKARTA 13330","ID_PROV":"31","PROVINSI":"DKI JAKARTA","ID_KABKOT":"31.75","KABKOT":"KOTA ADM. JAKARTA TIMUR","ID_KEC":"31.75.03","KECAMATAN":"JATINEGARA","ID_DESA":"31.75.03.1002","DESA":"BIDARA CINA","LONGITUDE":106.8658185,"LATITUDE":-6.2249419,"STATUS":"BUKA","TANGGAL UPDATE":"27/02/2025","TANGGAL PENGUMPULAN":"Q4 2023","q":27442,"r":-15108}},{"type":"Feature","geometry":{"coordinates":[106.8829072,-6.2405604],"type":"Point"},"properties":{"NAMA":"NASI UDUK IBU IDA","TIPE_1":"MAKANAN DAN MINUMAN","TIPE_2":"RESTORAN","TIPE_3":"RESTORAN MELAYU","TELEPON":"","ALAMAT":"GG. SWADAYA I NO.14, RT.11/RW.1, CIPINANG MELAYU, KEC. MAKASAR, KOTA JAKARTA TIMUR, DAERAH KHUSUS IBUKOTA JAKARTA 13620","ID_PROV":"31","PROVINSI":"DKI JAKARTA","ID_KABKOT":"31.75","KABKOT":"KOTA ADM. JAKARTA TIMUR","ID_KEC":"31.75.08","KECAMATAN":"MAKASAR","ID_DESA":"31.75.08.1005","DESA":"CIPINANG MELAYU","LONGITUDE":106.8829072,"LATITUDE":-6.2405604,"STATUS":"BUKA","TANGGAL UPDATE":"27/02/2025","TANGGAL PENGUMPULAN":"Q4 2023","q":27447,"r":-15114}},{"type":"Feature","geometry":{"coordinates":[106.8625502,-6.2187928],"type":"Point"},"properties":{"NAMA":"WARUNG MARIA JATINEGARA","TIPE_1":"MAKANAN DAN MINUMAN","TIPE_2":"RESTORAN","TIPE_3":"RESTORAN MELAYU","TELEPON":"0856-9396-4674","ALAMAT":"RT.6, KP. MELAYU, KECAMATAN JATINEGARA, KOTA JAKARTA TIMUR, DAERAH KHUSUS IBUKOTA JAKARTA 13320","ID_PROV":"31","PROVINSI":"DKI JAKARTA","ID_KABKOT":"31.75","KABKOT":"KOTA ADM. JAKARTA TIMUR","ID_KEC":"31.75.03","KECAMATAN":"JATINEGARA","ID_DESA":"31.75.03.1001","DESA":"KAMPUNG MELAYU","LONGITUDE":106.8625502,"LATITUDE":-6.2187928,"STATUS":"BUKA","TANGGAL UPDATE":"27/02/2025","TANGGAL PENGUMPULAN":"Q4 2023","q":27442,"r":-15107}},{"type":"Feature","geometry":{"coordinates":[106.8660322,-6.2248989],"type":"Point"},"properties":{"NAMA":"BUBUR KACANG IJO MADURA KAMPUNG MELAYU","TIPE_1":"MAKANAN DAN MINUMAN","TIPE_2":"RESTORAN","TIPE_3":"RESTORAN MELAYU","TELEPON":"","ALAMAT":"RT.2/RW.1, BIDARA CINA, JATINEGARA, EAST JAKARTA CITY, JAKARTA 13330","ID_PROV":"31","PROVINSI":"DKI JAKARTA","ID_KABKOT":"31.75","KABKOT":"KOTA ADM. JAKARTA TIMUR","ID_KEC":"31.75.03","KECAMATAN":"JATINEGARA","ID_DESA":"31.75.03.1002","DESA":"BIDARA CINA","LONGITUDE":106.8660322,"LATITUDE":-6.2248989,"STATUS":"BUKA","TANGGAL UPDATE":"27/02/2025","TANGGAL PENGUMPULAN":"Q4 2023","q":27443,"r":-15108}},{"type":"Feature","geometry":{"coordinates":[106.8667868,-6.225876],"type":"Point"},"properties":{"NAMA":"NASI GORENG DHENOK","TIPE_1":"MAKANAN DAN MINUMAN","TIPE_2":"RESTORAN","TIPE_3":"NASI GORENG","TELEPON":"0877-8265-8077","ALAMAT":"1, JL. OTTO ISKANDARDINATA NO.8, RT.1/RW.1, BIDARA CINA, KECAMATAN JATINEGARA, KOTA JAKARTA TIMUR, DAERAH KHUSUS IBUKOTA JAKARTA 13330","ID_PROV":"31","PROVINSI":"DKI JAKARTA","ID_KABKOT":"31.75","KABKOT":"KOTA ADM. JAKARTA TIMUR","ID_KEC":"31.75.03","KECAMATAN":"JATINEGARA","ID_DESA":"31.75.03.1002","DESA":"BIDARA CINA","LONGITUDE":106.8667868,"LATITUDE":-6.225876,"STATUS":"BUKA","TANGGAL UPDATE":"27/02/2025","TANGGAL PENGUMPULAN":"Q4 2023","q":27443,"r":-15109}},{"type":"Feature","geometry":{"coordinates":[106.8703874,-6.2408773],"type":"Point"},"properties":{"NAMA":"RUMAH MAKAN MAS KISUT","TIPE_1":"MAKANAN DAN MINUMAN","TIPE_2":"RESTORAN","TIPE_3":"RESTORAN MELAYU","TELEPON":"(021) 8570081","ALAMAT":"JL. CAWANG BARU BARAT NO. 60 RT 011 %2F RW 09 CIPINANG CEMPEDAK JATINEGARA JAKARTA TIMUR DKI JAKARTA, RT.7/RW.6, CIPINANG CEMPEDAK, KECAMATAN JATINEGARA, KOTA JAKARTA TIMUR, DAERAH KHUSUS IBUKOTA JAKARTA 13330","ID_PROV":"31","PROVINSI":"DKI JAKARTA","ID_KABKOT":"31.75","KABKOT":"KOTA ADM. JAKARTA TIMUR","ID_KEC":"31.75.03","KECAMATAN":"JATINEGARA","ID_DESA":"31.75.03.1005","DESA":"CIPINANG CEMPEDAK","LONGITUDE":106.8703874,"LATITUDE":-6.2408773,"STATUS":"BUKA","TANGGAL UPDATE":"27/02/2025","TANGGAL PENGUMPULAN":"Q4 2023","q":27444,"r":-15112}},{"type":"Feature","geometry":{"coordinates":[106.8620544,-6.2146627],"type":"Point"},"properties":{"NAMA":"NASI GORENG ERLANGGA","TIPE_1":"MAKANAN DAN MINUMAN","TIPE_2":"RESTORAN","TIPE_3":"NASI GORENG","TELEPON":"0838-3724-5595","ALAMAT":"1, JL. JATINEGARA BAR. NO.8, RT.1/RW.4, KP. MELAYU, KECAMATAN JATINEGARA, KOTA JAKARTA TIMUR, DAERAH KHUSUS IBUKOTA JAKARTA 13320","ID_PROV":"31","PROVINSI":"DKI JAKARTA","ID_KABKOT":"31.75","KABKOT":"KOTA ADM. JAKARTA TIMUR","ID_KEC":"31.75.03","KECAMATAN":"JATINEGARA","ID_DESA":"31.75.03.1001","DESA":"KAMPUNG MELAYU","LONGITUDE":106.8620544,"LATITUDE":-6.2146627,"STATUS":"BUKA","TANGGAL UPDATE":"27/02/2025","TANGGAL PENGUMPULAN":"Q4 2023","q":27442,"r":-15106}},{"type":"Feature","geometry":{"coordinates":[106.8898222,-6.2411213],"type":"Point"},"properties":{"NAMA":"ROTI PANGKU - PANGGANG KUKUS","TIPE_1":"MAKANAN DAN MINUMAN","TIPE_2":"RESTORAN","TIPE_3":"RESTORAN MELAYU","TELEPON":"","ALAMAT":"JL. H. SULAIMAN NO.50, RT.5/RW.3, CIPINANG MELAYU, KEC. MAKASAR, KOTA JAKARTA TIMUR, DAERAH KHUSUS IBUKOTA JAKARTA 13620","ID_PROV":"31","PROVINSI":"DKI JAKARTA","ID_KABKOT":"31.75","KABKOT":"KOTA ADM. JAKARTA TIMUR","ID_KEC":"31.75.08","KECAMATAN":"MAKASAR","ID_DESA":"31.75.08.1005","DESA":"CIPINANG MELAYU","LONGITUDE":106.8898222,"LATITUDE":-6.2411213,"STATUS":"BUKA","TANGGAL UPDATE":"27/02/2025","TANGGAL PENGUMPULAN":"Q4 2023","q":27449,"r":-15115}},{"type":"Feature","geometry":{"coordinates":[106.8951452,-6.241403],"type":"Point"},"properties":{"NAMA":"GADO GADO MPO SANIE CIPINANG MELAYU","TIPE_1":"MAKANAN DAN MINUMAN","TIPE_2":"RESTORAN","TIPE_3":"RESTORAN MELAYU","TELEPON":"","ALAMAT":"JL. H. AMSIR NO.3, RT.3/RW.4, CIPINANG MELAYU, KEC. MAKASAR, KOTA JAKARTA TIMUR, DAERAH KHUSUS IBUKOTA JAKARTA 13620","ID_PROV":"31","PROVINSI":"DKI JAKARTA","ID_KABKOT":"31.75","KABKOT":"KOTA ADM. JAKARTA TIMUR","ID_KEC":"31.75.08","KECAMATAN":"MAKASAR","ID_DESA":"31.75.08.1005","DESA":"CIPINANG MELAYU","LONGITUDE":106.8951452,"LATITUDE":-6.241403,"STATUS":"BUKA","TANGGAL UPDATE":"27/02/2025","TANGGAL PENGUMPULAN":"Q4 2023","q":27450,"r":-15116}},{"type":"Feature","geometry":{"coordinates":[106.8694482,-6.241127],"type":"Point"},"properties":{"NAMA":"RUMAH MAKAN OTISTA JAYA","TIPE_1":"MAKANAN DAN MINUMAN","TIPE_2":"RESTORAN","TIPE_3":"RESTORAN MELAYU","TELEPON":"(021) 8191768","ALAMAT":"JL. OTISTA RAYA NO.457 B, RT.2/RW.12, BIDARA CINA, KECAMATAN JATINEGARA, KOTA JAKARTA TIMUR, DAERAH KHUSUS IBUKOTA JAKARTA 13330","ID_PROV":"31","PROVINSI":"DKI JAKARTA","ID_KABKOT":"31.75","KABKOT":"KOTA ADM. JAKARTA TIMUR","ID_KEC":"31.75.03","KECAMATAN":"JATINEGARA","ID_DESA":"31.75.03.1002","DESA":"BIDARA CINA","LONGITUDE":106.8694482,"LATITUDE":-6.241127,"STATUS":"BUKA","TANGGAL UPDATE":"27/02/2025","TANGGAL PENGUMPULAN":"Q4 2023","q":27443,"r":-15112}},{"type":"Feature","geometry":{"coordinates":[106.8643915,-6.2252097],"type":"Point"},"properties":{"NAMA":"BEBEK DINJAY KAMPUNG MELAYU","TIPE_1":"MAKANAN DAN MINUMAN","TIPE_2":"RESTORAN","TIPE_3":"RESTORAN MELAYU","TELEPON":"0813-1588-8525","ALAMAT":"JL. KH ABDULLAH SYAFEI NO.11, RT.3/RW.1, BIDARA CINA, KECAMATAN JATINEGARA, KOTA JAKARTA TIMUR, DAERAH KHUSUS IBUKOTA JAKARTA 13330","ID_PROV":"31","PROVINSI":"DKI JAKARTA","ID_KABKOT":"31.75","KABKOT":"KOTA ADM. JAKARTA TIMUR","ID_KEC":"31.75.03","KECAMATAN":"JATINEGARA","ID_DESA":"31.75.03.1002","DESA":"BIDARA CINA","LONGITUDE":106.8643915,"LATITUDE":-6.2252097,"STATUS":"BUKA","TANGGAL UPDATE":"27/02/2025","TANGGAL PENGUMPULAN":"Q4 2023","q":27442,"r":-15108}},{"type":"Feature","geometry":{"coordinates":[106.86680159999999,-6.2259283],"type":"Point"},"properties":{"NAMA":"RM MELAYU INDAH","TIPE_1":"MAKANAN DAN MINUMAN","TIPE_2":"RESTORAN","TIPE_3":"RESTORAN MELAYU","TELEPON":"0812-9478-4835","ALAMAT":"JL. JATINEGARA BAR., RT.1/RW.1, BIDARA CINA, KECAMATAN JATINEGARA, KOTA JAKARTA TIMUR, DAERAH KHUSUS IBUKOTA JAKARTA 13330","ID_PROV":"31","PROVINSI":"DKI JAKARTA","ID_KABKOT":"31.75","KABKOT":"KOTA ADM. JAKARTA TIMUR","ID_KEC":"31.75.03","KECAMATAN":"JATINEGARA","ID_DESA":"31.75.03.1002","DESA":"BIDARA CINA","LONGITUDE":106.8668016,"LATITUDE":-6.2259283,"STATUS":"BUKA","TANGGAL UPDATE":"27/02/2025","TANGGAL PENGUMPULAN":"Q4 2023","q":27443,"r":-15109}},{"type":"Feature","geometry":{"coordinates":[106.888555,-6.2411131],"type":"Point"},"properties":{"NAMA":"NASI GORENG GEMBUL","TIPE_1":"MAKANAN DAN MINUMAN","TIPE_2":"RESTORAN","TIPE_3":"NASI GORENG","TELEPON":"","ALAMAT":"JL. H. SULAIMAN NO.4, RT.4/RW.16, CIPINANG MELAYU, KEC. MAKASAR, KOTA JAKARTA TIMUR, DAERAH KHUSUS IBUKOTA JAKARTA 13620","ID_PROV":"31","PROVINSI":"DKI JAKARTA","ID_KABKOT":"31.75","KABKOT":"KOTA ADM. JAKARTA TIMUR","ID_KEC":"31.75.08","KECAMATAN":"MAKASAR","ID_DESA":"31.75.08.1004","DESA":"HALIM PERDANA KUSUMA","LONGITUDE":106.888555,"LATITUDE":-6.2411131,"STATUS":"BUKA","TANGGAL UPDATE":"27/02/2025","TANGGAL PENGUMPULAN":"Q4 2023","q":27448,"r":-15115}},{"type":"Feature","geometry":{"coordinates":[106.869914,-6.223955],"type":"Point"},"properties":{"NAMA":"KOBER","TIPE_1":"MAKANAN DAN MINUMAN","TIPE_2":"RESTORAN","TIPE_3":"RESTORAN MELAYU","TELEPON":"","ALAMAT":"JL. KP. MELAYU NO.40, RT.3/RW.2, BALI MESTER, KECAMATAN JATINEGARA, KOTA JAKARTA TIMUR, DAERAH KHUSUS IBUKOTA JAKARTA 13310","ID_PROV":"31","PROVINSI":"DKI JAKARTA","ID_KABKOT":"31.75","KABKOT":"KOTA ADM. JAKARTA TIMUR","ID_KEC":"31.75.03","KECAMATAN":"JATINEGARA","ID_DESA":"31.75.03.1003","DESA":"BALI MESTER","LONGITUDE":106.869914,"LATITUDE":-6.223955,"STATUS":"BUKA","TANGGAL UPDATE":"27/02/2025","TANGGAL PENGUMPULAN":"Q4 2023","q":27444,"r":-15109}},{"type":"Feature","geometry":{"coordinates":[106.9051578,-6.2488063],"type":"Point"},"properties":{"NAMA":"NASI UDUK BUDE RT","TIPE_1":"MAKANAN DAN MINUMAN","TIPE_2":"RESTORAN","TIPE_3":"RESTORAN MELAYU","TELEPON":"0857-7287-2409","ALAMAT":"JL. PANGKALAN JATI IA NO.5, RT.2/RW.13, CIPINANG MELAYU, KEC. MAKASAR, KOTA JAKARTA TIMUR, DAERAH KHUSUS IBUKOTA JAKARTA 13620","ID_PROV":"31","PROVINSI":"DKI JAKARTA","ID_KABKOT":"31.75","KABKOT":"KOTA ADM. JAKARTA TIMUR","ID_KEC":"31.75.08","KECAMATAN":"MAKASAR","ID_DESA":"31.75.08.1005","DESA":"CIPINANG MELAYU","LONGITUDE":106.9051578,"LATITUDE":-6.2488063,"STATUS":"BUKA","TANGGAL UPDATE":"27/02/2025","TANGGAL PENGUMPULAN":"Q4 2023","q":27453,"r":-15119}},{"type":"Feature","geometry":{"coordinates":[106.8988163,-6.2450688],"type":"Point"},"properties":{"NAMA":"WARUNG BANG AMIR","TIPE_1":"MAKANAN DAN MINUMAN","TIPE_2":"RESTORAN","TIPE_3":"RESTORAN MELAYU","TELEPON":"","ALAMAT":"RT.1/RW.10, CIPINANG MELAYU, KEC. MAKASAR, KOTA JAKARTA TIMUR, DAERAH KHUSUS IBUKOTA JAKARTA 13620","ID_PROV":"31","PROVINSI":"DKI JAKARTA","ID_KABKOT":"31.75","KABKOT":"KOTA ADM. JAKARTA TIMUR","ID_KEC":"31.75.08","KECAMATAN":"MAKASAR","ID_DESA":"31.75.08.1005","DESA":"CIPINANG MELAYU","LONGITUDE":106.8988163,"LATITUDE":-6.2450688,"STATUS":"BUKA","TANGGAL UPDATE":"27/02/2025","TANGGAL PENGUMPULAN":"Q4 2023","q":27451,"r":-15117}},{"type":"Feature","geometry":{"coordinates":[106.9101514,-6.2539445],"type":"Point"},"properties":{"NAMA":"RESTORAN AYAM CEMPLUK JATIWARINGIN","TIPE_1":"MAKANAN DAN MINUMAN","TIPE_2":"RESTORAN","TIPE_3":"RESTORAN MELAYU","TELEPON":"0831-4505-7398","ALAMAT":"WIRAJASA 1BLOK H NO.13, RT.9/RW.7, CIPINANG MELAYU, JAKARTA, KOTA JAKARTA TIMUR, DAERAH KHUSUS IBUKOTA JAKARTA 13620","ID_PROV":"31","PROVINSI":"DKI JAKARTA","ID_KABKOT":"31.75","KABKOT":"KOTA ADM. JAKARTA TIMUR","ID_KEC":"31.75.08","KECAMATAN":"MAKASAR","ID_DESA":"31.75.08.1005","DESA":"CIPINANG MELAYU","LONGITUDE":106.9101514,"LATITUDE":-6.2539445,"STATUS":"BUKA","TANGGAL UPDATE":"27/02/2025","TANGGAL PENGUMPULAN":"Q4 2023","q":27454,"r":-15121}},{"type":"Feature","geometry":{"coordinates":[106.88732309999999,-6.226465],"type":"Point"},"properties":{"NAMA":"RUMAH MAKAN SLAMET","TIPE_1":"MAKANAN DAN MINUMAN","TIPE_2":"RESTORAN","TIPE_3":"RESTORAN MELAYU","TELEPON":"0895-4127-61397","ALAMAT":"JL. K BLOK AW NO.2B, RT.2/RW.3, CIPINANG MUARA, KECAMATAN JATINEGARA, KOTA JAKARTA TIMUR, DAERAH KHUSUS IBUKOTA JAKARTA 13420","ID_PROV":"31","PROVINSI":"DKI JAKARTA","ID_KABKOT":"31.75","KABKOT":"KOTA ADM. JAKARTA TIMUR","ID_KEC":"31.75.03","KECAMATAN":"JATINEGARA","ID_DESA":"31.75.03.1006","DESA":"CIPINANG MUARA","LONGITUDE":106.8873231,"LATITUDE":-6.226465,"STATUS":"BUKA","TANGGAL UPDATE":"27/02/2025","TANGGAL PENGUMPULAN":"Q4 2023","q":27448,"r":-15111}},{"type":"Feature","geometry":{"coordinates":[106.8824555,-6.2405883],"type":"Point"},"properties":{"NAMA":"NASI UDUK BANG MIDUN","TIPE_1":"MAKANAN DAN MINUMAN","TIPE_2":"RESTORAN","TIPE_3":"RESTORAN MELAYU","TELEPON":"0818-0601-7470","ALAMAT":"JL. SWADAYA 3 NO.8, RT.7/RW.1, CIPINANG MELAYU, KEC. MAKASAR, KOTA JAKARTA TIMUR, DAERAH KHUSUS IBUKOTA JAKARTA 13620","ID_PROV":"31","PROVINSI":"DKI JAKARTA","ID_KABKOT":"31.75","KABKOT":"KOTA ADM. JAKARTA TIMUR","ID_KEC":"31.75.08","KECAMATAN":"MAKASAR","ID_DESA":"31.75.08.1005","DESA":"CIPINANG MELAYU","LONGITUDE":106.8824555,"LATITUDE":-6.2405883,"STATUS":"BUKA","TANGGAL UPDATE":"27/02/2025","TANGGAL PENGUMPULAN":"Q4 2023","q":27447,"r":-15114}},{"type":"Feature","geometry":{"coordinates":[106.861992,-6.2151584],"type":"Point"},"properties":{"NAMA":"MIE AYAM CC","TIPE_1":"MAKANAN DAN MINUMAN","TIPE_2":"RESTORAN","TIPE_3":"RESTORAN MELAYU","TELEPON":"0813-8193-8198","ALAMAT":"JL. KB. PALA III NO.1, RT.2/RW.4, KP. MELAYU, KECAMATAN JATINEGARA, KOTA JAKARTA TIMUR, DAERAH KHUSUS IBUKOTA JAKARTA 13320","ID_PROV":"31","PROVINSI":"DKI JAKARTA","ID_KABKOT":"31.75","KABKOT":"KOTA ADM. JAKARTA TIMUR","ID_KEC":"31.75.03","KECAMATAN":"JATINEGARA","ID_DESA":"31.75.03.1001","DESA":"KAMPUNG MELAYU","LONGITUDE":106.861992,"LATITUDE":-6.2151584,"STATUS":"BUKA","TANGGAL UPDATE":"27/02/2025","TANGGAL PENGUMPULAN":"Q4 2023","q":27441,"r":-15106}},{"type":"Feature","geometry":{"coordinates":[106.8658942,-6.2249232],"type":"Point"},"properties":{"NAMA":"NASI PECEL BU TATI","TIPE_1":"MAKANAN DAN MINUMAN","TIPE_2":"RESTORAN","TIPE_3":"RESTORAN MELAYU","TELEPON":"0897-8509-841","ALAMAT":"JL. KP. MELAYU BESAR 1, RT.1/RW.001, KEBON BARU, TEBET, RT.1/RW.1, KB. BARU, KEC. TEBET, KOTA JAKARTA SELATAN, DAERAH KHUSUS IBUKOTA JAKARTA 12830","ID_PROV":"31","PROVINSI":"DKI JAKARTA","ID_KABKOT":"31.75","KABKOT":"KOTA ADM. JAKARTA TIMUR","ID_KEC":"31.75.03","KECAMATAN":"JATINEGARA","ID_DESA":"31.75.03.1002","DESA":"BIDARA CINA","LONGITUDE":106.8658942,"LATITUDE":-6.2249232,"STATUS":"BUKA","TANGGAL UPDATE":"27/02/2025","TANGGAL PENGUMPULAN":"Q4 2023","q":27442,"r":-15108}},{"type":"Feature","geometry":{"coordinates":[106.8575027,-6.2173587],"type":"Point"},"properties":{"NAMA":"ANEKA RASA NASI GORENG 18","TIPE_1":"MAKANAN DAN MINUMAN","TIPE_2":"RESTORAN","TIPE_3":"NASI GORENG","TELEPON":"0816-1536-7717","ALAMAT":"JAKARTA TIMUR, RT.15/RW.8, KP. MELAYU, KECAMATAN JATINEGARA, KOTA JAKARTA TIMUR, DAERAH KHUSUS IBUKOTA JAKARTA 13320","ID_PROV":"31","PROVINSI":"DKI JAKARTA","ID_KABKOT":"31.75","KABKOT":"KOTA ADM. JAKARTA TIMUR","ID_KEC":"31.75.03","KECAMATAN":"JATINEGARA","ID_DESA":"31.75.03.1001","DESA":"KAMPUNG MELAYU","LONGITUDE":106.8575027,"LATITUDE":-6.2173587,"STATUS":"BUKA","TANGGAL UPDATE":"27/02/2025","TANGGAL PENGUMPULAN":"Q4 2023","q":27440,"r":-15106}},{"type":"Feature","geometry":{"coordinates":[106.8612527,-6.221146],"type":"Point"},"properties":{"NAMA":"AYAM RATA KANAN KAMPUNG MELAYU","TIPE_1":"MAKANAN DAN MINUMAN","TIPE_2":"RESTORAN","TIPE_3":"RESTORAN MELAYU","TELEPON":"0851-5855-6718","ALAMAT":"JL. INSPEKSI KALI CILIWUNG NO.25A, RT.15/RW.2, KP. MELAYU, KECAMATAN JATINEGARA, KOTA JAKARTA TIMUR, DAERAH KHUSUS IBUKOTA JAKARTA 13320","ID_PROV":"31","PROVINSI":"DKI JAKARTA","ID_KABKOT":"31.75","KABKOT":"KOTA ADM. JAKARTA TIMUR","ID_KEC":"31.75.03","KECAMATAN":"JATINEGARA","ID_DESA":"31.75.03.1001","DESA":"KAMPUNG MELAYU","LONGITUDE":106.8612527,"LATITUDE":-6.221146,"STATUS":"BUKA","TANGGAL UPDATE":"27/02/2025","TANGGAL PENGUMPULAN":"Q4 2023","q":27441,"r":-15107}},{"type":"Feature","geometry":{"coordinates":[106.8598272,-6.2142278],"type":"Point"},"properties":{"NAMA":"KEBULI MAK SITI KEBON PALA","TIPE_1":"MAKANAN DAN MINUMAN","TIPE_2":"RESTORAN","TIPE_3":"RESTORAN MELAYU","TELEPON":"0813-8749-6889","ALAMAT":"JL. KB. PALA I, RT.2/RW.5, KP. MELAYU, KECAMATAN JATINEGARA, KOTA JAKARTA TIMUR, DAERAH KHUSUS IBUKOTA JAKARTA 13320","ID_PROV":"31","PROVINSI":"DKI JAKARTA","ID_KABKOT":"31.75","KABKOT":"KOTA ADM. JAKARTA TIMUR","ID_KEC":"31.75.03","KECAMATAN":"JATINEGARA","ID_DESA":"31.75.03.1001","DESA":"KAMPUNG MELAYU","LONGITUDE":106.8598272,"LATITUDE":-6.2142278,"STATUS":"BUKA","TANGGAL UPDATE":"27/02/2025","TANGGAL PENGUMPULAN":"Q4 2023","q":27441,"r":-15105}},{"type":"Feature","geometry":{"coordinates":[106.8623292,-6.2151057],"type":"Point"},"properties":{"NAMA":"A LIEN RUMAH MAKAN","TIPE_1":"MAKANAN DAN MINUMAN","TIPE_2":"RESTORAN","TIPE_3":"RESTORAN MELAYU","TELEPON":"(021) 8510189","ALAMAT":"PASAR JATINEGARA LOS AKS/48, RT.4/RW.4, KP. MELAYU, KECAMATAN JATINEGARA, KOTA JAKARTA TIMUR, DAERAH KHUSUS IBUKOTA JAKARTA 13320","ID_PROV":"31","PROVINSI":"DKI JAKARTA","ID_KABKOT":"31.75","KABKOT":"KOTA ADM. JAKARTA TIMUR","ID_KEC":"31.75.03","KECAMATAN":"JATINEGARA","ID_DESA":"31.75.03.1001","DESA":"KAMPUNG MELAYU","LONGITUDE":106.8623292,"LATITUDE":-6.2151057,"STATUS":"BUKA","TANGGAL UPDATE":"27/02/2025","TANGGAL PENGUMPULAN":"Q4 2023","q":27442,"r":-15106}},{"type":"Feature","geometry":{"coordinates":[106.8657264,-6.2249725],"type":"Point"},"properties":{"NAMA":"CHACHA BURGO TEBET","TIPE_1":"MAKANAN DAN MINUMAN","TIPE_2":"RESTORAN","TIPE_3":"RESTORAN MELAYU","TELEPON":"","ALAMAT":"JL. KP. MELAYU BESAR NO.25, RT.1/RW.3, KB. BARU, KEC. TEBET, KOTA JAKARTA SELATAN, DAERAH KHUSUS IBUKOTA JAKARTA 12830","ID_PROV":"31","PROVINSI":"DKI JAKARTA","ID_KABKOT":"31.75","KABKOT":"KOTA ADM. JAKARTA TIMUR","ID_KEC":"31.75.03","KECAMATAN":"JATINEGARA","ID_DESA":"31.75.03.1002","DESA":"BIDARA CINA","LONGITUDE":106.8657264,"LATITUDE":-6.2249725,"STATUS":"BUKA","TANGGAL UPDATE":"27/02/2025","TANGGAL PENGUMPULAN":"Q4 2023","q":27442,"r":-15108}},{"type":"Feature","geometry":{"coordinates":[106.86579860000006,-6.250597099999936],"type":"Point"},"properties":{"NAMA":"BAKMI GOLEK CAWANG","TIPE_1":"MAKANAN DAN MINUMAN","TIPE_2":"RESTORAN","TIPE_3":"MIE DAN BAKSO","TELEPON":"(021) 8004366","ALAMAT":"JL. DEWI SARTIKA NO.310A, RT.9/RW.4, CAWANG, KEC. KRAMAT JATI, KOTA JAKARTA TIMUR, DAERAH KHUSUS IBUKOTA JAKARTA 13630","ID_PROV":"31","PROVINSI":"DKI JAKARTA","ID_KABKOT":"31.75","KABKOT":"KOTA ADM. JAKARTA TIMUR","ID_KEC":"31.75.04","KECAMATAN":"KRAMATJATI","ID_DESA":"31.75.04.1007","DESA":"CAWANG","LONGITUDE":106.865798599999,"LATITUDE":-6.2505971,"STATUS":"BUKA","TANGGAL UPDATE":"27/02/2025","TANGGAL PENGUMPULAN":"Q4 2023","q":27442,"r":-15114}},{"type":"Feature","geometry":{"coordinates":[106.9443139,-6.2364234],"type":"Point"},"properties":{"NAMA":"RM MELAYU DELI LONTONG MEDAN","TIPE_1":"MAKANAN DAN MINUMAN","TIPE_2":"RESTORAN","TIPE_3":"RESTORAN MELAYU","TELEPON":"0858-8932-2476","ALAMAT":"JL. H. NAMAN, RT.1/RW.4, PD. KLP., KEC. DUREN SAWIT, KOTA BKS, DAERAH KHUSUS IBUKOTA JAKARTA 17136","ID_PROV":"31","PROVINSI":"DKI JAKARTA","ID_KABKOT":"31.75","KABKOT":"KOTA ADM. JAKARTA TIMUR","ID_KEC":"31.75.07","KECAMATAN":"DUREN SAWIT","ID_DESA":"31.75.07.1007","DESA":"PONDOK KOPI","LONGITUDE":106.9443139,"LATITUDE":-6.2364234,"STATUS":"BUKA","TANGGAL UPDATE":"27/02/2025","TANGGAL PENGUMPULAN":"Q4 2023","q":27463,"r":-15121}},{"type":"Feature","geometry":{"coordinates":[106.905606,-6.245254799999941],"type":"Point"},"properties":{"NAMA":"MIE JAWA KHAS JOGJAKARTA","TIPE_1":"MAKANAN DAN MINUMAN","TIPE_2":"RESTORAN","TIPE_3":"MIE DAN BAKSO","TELEPON":"","ALAMAT":"JL. MASJID AL-WUSTHO NO.11, RT.11/RW.7, PD. BAMBU, KEC. DUREN SAWIT, KOTA JAKARTA TIMUR, DAERAH KHUSUS IBUKOTA JAKARTA 13430","ID_PROV":"31","PROVINSI":"DKI JAKARTA","ID_KABKOT":"31.75","KABKOT":"KOTA ADM. JAKARTA TIMUR","ID_KEC":"31.75.07","KECAMATAN":"DUREN SAWIT","ID_DESA":"31.75.07.1002","DESA":"PONDOK BAMBU","LONGITUDE":106.905606,"LATITUDE":-6.2452548,"STATUS":"BUKA","TANGGAL UPDATE":"27/02/2025","TANGGAL PENGUMPULAN":"Q4 2023","q":27453,"r":-15118}},{"type":"Feature","geometry":{"coordinates":[106.86986450000006,-6.323489],"type":"Point"},"properties":{"NAMA":"BAKMI JOWO MAS TIAN","TIPE_1":"MAKANAN DAN MINUMAN","TIPE_2":"RESTORAN","TIPE_3":"MIE DAN BAKSO","TELEPON":"0858-8103-8797","ALAMAT":"JL. RAYA PONCOL NO.6, RT.12/RW.7, SUSUKAN, KEC. CIRACAS, KOTA JAKARTA TIMUR, DAERAH KHUSUS IBUKOTA JAKARTA 13750","ID_PROV":"31","PROVINSI":"DKI JAKARTA","ID_KABKOT":"31.75","KABKOT":"KOTA ADM. JAKARTA TIMUR","ID_KEC":"31.75.09","KECAMATAN":"CIRACAS","ID_DESA":"31.75.09.1001","DESA":"CIRACAS","LONGITUDE":106.869864499999,"LATITUDE":-6.323489,"STATUS":"BUKA","TANGGAL UPDATE":"27/02/2025","TANGGAL PENGUMPULAN":"Q4 2023","q":27444,"r":-15131}},{"type":"Feature","geometry":{"coordinates":[106.87003770000007,-6.258179699999971],"type":"Point"},"properties":{"NAMA":"MIE SIANTAR & LAPO HORAS","TIPE_1":"MAKANAN DAN MINUMAN","TIPE_2":"RESTORAN","TIPE_3":"MIE DAN BAKSO","TELEPON":"0812-9469-6071","ALAMAT":"JL. MAYJEN SUTOYO BLOK BERSAMA NO.27, RT.8/RW.8, CILILITAN, KEC. KRAMAT JATI, KOTA JAKARTA TIMUR, DAERAH KHUSUS IBUKOTA JAKARTA 13640","ID_PROV":"31","PROVINSI":"DKI JAKARTA","ID_KABKOT":"31.75","KABKOT":"KOTA ADM. JAKARTA TIMUR","ID_KEC":"31.75.04","KECAMATAN":"KRAMATJATI","ID_DESA":"31.75.04.1006","DESA":"CILILITAN","LONGITUDE":106.8700377,"LATITUDE":-6.2581797,"STATUS":"BUKA","TANGGAL UPDATE":"27/02/2025","TANGGAL PENGUMPULAN":"Q4 2023","q":27444,"r":-15116}},{"type":"Feature","geometry":{"coordinates":[106.92225880000007,-6.220532299999945],"type":"Point"},"properties":{"NAMA":"BAKMI & SEAFOOD 99","TIPE_1":"MAKANAN DAN MINUMAN","TIPE_2":"RESTORAN","TIPE_3":"MIE DAN BAKSO","TELEPON":"(021) 8611887","ALAMAT":"JL. BUARAN RAYA BLK. L NO.15, RT.8/RW.15, DUREN SAWIT, KEC. DUREN SAWIT, KOTA JAKARTA TIMUR, DAERAH KHUSUS IBUKOTA JAKARTA 13440","ID_PROV":"31","PROVINSI":"DKI JAKARTA","ID_KABKOT":"31.75","KABKOT":"KOTA ADM. JAKARTA TIMUR","ID_KEC":"31.75.07","KECAMATAN":"DUREN SAWIT","ID_DESA":"31.75.07.1001","DESA":"DUREN SAWIT","LONGITUDE":106.9222588,"LATITUDE":-6.2205323,"STATUS":"BUKA","TANGGAL UPDATE":"27/02/2025","TANGGAL PENGUMPULAN":"Q4 2023","q":27457,"r":-15115}},{"type":"Feature","geometry":{"coordinates":[106.90393310000007,-6.249811199999954],"type":"Point"},"properties":{"NAMA":"MIE BANGKA YUMMIE - PANGKALANJATI DAN JUICE YUMMIE","TIPE_1":"MAKANAN DAN MINUMAN","TIPE_2":"RESTORAN","TIPE_3":"MIE DAN BAKSO","TELEPON":"0812-9113-1882","ALAMAT":"JL. HARAPAN JAYA NO.30, RT.3/RW.12, CIPINANG MELAYU, KEC. MAKASAR, KOTA JAKARTA TIMUR, DAERAH KHUSUS IBUKOTA JAKARTA 13620","ID_PROV":"31","PROVINSI":"DKI JAKARTA","ID_KABKOT":"31.75","KABKOT":"KOTA ADM. JAKARTA TIMUR","ID_KEC":"31.75.08","KECAMATAN":"MAKASAR","ID_DESA":"31.75.08.1005","DESA":"CIPINANG MELAYU","LONGITUDE":106.903933099999,"LATITUDE":-6.2498112,"STATUS":"BUKA","TANGGAL UPDATE":"27/02/2025","TANGGAL PENGUMPULAN":"Q4 2023","q":27452,"r":-15119}},{"type":"Feature","geometry":{"coordinates":[106.93131680000005,-6.230692599999941],"type":"Point"},"properties":{"NAMA":"DEPOT MIE SURABAYA","TIPE_1":"MAKANAN DAN MINUMAN","TIPE_2":"RESTORAN","TIPE_3":"MIE DAN BAKSO","TELEPON":"0818-0811-0261","ALAMAT":"JL. TAMAN MALAKA UTARA NO.20, RT.7/RW.9, MALAKA SARI, KEC. DUREN SAWIT, KOTA JAKARTA TIMUR, DAERAH KHUSUS IBUKOTA JAKARTA 13460","ID_PROV":"31","PROVINSI":"DKI JAKARTA","ID_KABKOT":"31.75","KABKOT":"KOTA ADM. JAKARTA TIMUR","ID_KEC":"31.75.07","KECAMATAN":"DUREN SAWIT","ID_DESA":"31.75.07.1005","DESA":"MALAKA SARI","LONGITUDE":106.931316799999,"LATITUDE":-6.2306926,"STATUS":"BUKA","TANGGAL UPDATE":"27/02/2025","TANGGAL PENGUMPULAN":"Q4 2023","q":27459,"r":-15118}},{"type":"Feature","geometry":{"coordinates":[106.88593340000006,-6.197449],"type":"Point"},"properties":{"NAMA":"AYAM PENYET MIE JOGJA PAK KARSO","TIPE_1":"MAKANAN DAN MINUMAN","TIPE_2":"RESTORAN","TIPE_3":"MIE DAN BAKSO","TELEPON":"","ALAMAT":"JL. BALAI PUSTAKA TIMUR NO.49, RT.5/RW.10, RAWAMANGUN, KEC. PULO GADUNG, KOTA JAKARTA TIMUR, DAERAH KHUSUS IBUKOTA JAKARTA 13220","ID_PROV":"31","PROVINSI":"DKI JAKARTA","ID_KABKOT":"31.75","KABKOT":"KOTA ADM. JAKARTA TIMUR","ID_KEC":"31.75.02","KECAMATAN":"PULOGADUNG","ID_DESA":"31.75.02.1005","DESA":"RAWAMANGUN","LONGITUDE":106.8859334,"LATITUDE":-6.197449,"STATUS":"BUKA","TANGGAL UPDATE":"27/02/2025","TANGGAL PENGUMPULAN":"Q4 2023","q":27448,"r":-15105}},{"type":"Feature","geometry":{"coordinates":[106.88989070000008,-6.233719],"type":"Point"},"properties":{"NAMA":"BAKMI KOTA","TIPE_1":"MAKANAN DAN MINUMAN","TIPE_2":"RESTORAN","TIPE_3":"MIE DAN BAKSO","TELEPON":"0813-8855-1866","ALAMAT":"PERUMAHAN CIPINANG INDAH, JALAN CIPINANG INDAH RAYA BLOK I NO. 1, CIPINANG MUARA, JATINEGARA, RT.1/RW.12, CIPINANG MUARA, KECAMATAN JATINEGARA, KOTA JAKARTA TIMUR, DAERAH KHUSUS IBUKOTA JAKARTA 13420","ID_PROV":"31","PROVINSI":"DKI JAKARTA","ID_KABKOT":"31.75","KABKOT":"KOTA ADM. JAKARTA TIMUR","ID_KEC":"31.75.03","KECAMATAN":"JATINEGARA","ID_DESA":"31.75.03.1006","DESA":"CIPINANG MUARA","LONGITUDE":106.8898907,"LATITUDE":-6.233719,"STATUS":"BUKA","TANGGAL UPDATE":"27/02/2025","TANGGAL PENGUMPULAN":"Q4 2023","q":27449,"r":-15113}},{"type":"Feature","geometry":{"coordinates":[106.88724750000006,-6.206532399999958],"type":"Point"},"properties":{"NAMA":"BAKMI GALIH","TIPE_1":"MAKANAN DAN MINUMAN","TIPE_2":"RESTORAN","TIPE_3":"MIE DAN BAKSO","TELEPON":"","ALAMAT":"JALAN CIPINANG BARU BUNDER NO 4 RT.4/RW.1 CIPINANG, RT.4/RW.1, RAWAMANGUN, KEC. PULO GADUNG, KOTA JAKARTA TIMUR, DAERAH KHUSUS IBUKOTA JAKARTA 13240","ID_PROV":"31","PROVINSI":"DKI JAKARTA","ID_KABKOT":"31.75","KABKOT":"KOTA ADM. JAKARTA TIMUR","ID_KEC":"31.75.02","KECAMATAN":"PULOGADUNG","ID_DESA":"31.75.02.1003","DESA":"CIPINANG","LONGITUDE":106.8872475,"LATITUDE":-6.2065324,"STATUS":"BUKA","TANGGAL UPDATE":"27/02/2025","TANGGAL PENGUMPULAN":"Q4 2023","q":27448,"r":-15107}},{"type":"Feature","geometry":{"coordinates":[106.87877150000008,-6.257220599999926],"type":"Point"},"properties":{"NAMA":"MIE AYAM BAKSO WONOGIRI HALIM","TIPE_1":"MAKANAN DAN MINUMAN","TIPE_2":"RESTORAN","TIPE_3":"MIE DAN BAKSO","TELEPON":"0813-1512-0975","ALAMAT":"JL. JENGKI NO.12, RT.2/RW.12, KB. PALA, KEC. MAKASAR, KOTA JAKARTA TIMUR, DAERAH KHUSUS IBUKOTA JAKARTA 13650","ID_PROV":"31","PROVINSI":"DKI JAKARTA","ID_KABKOT":"31.75","KABKOT":"KOTA ADM. JAKARTA TIMUR","ID_KEC":"31.75.08","KECAMATAN":"MAKASAR","ID_DESA":"31.75.08.1003","DESA":"KEBON PALA","LONGITUDE":106.8787715,"LATITUDE":-6.2572206,"STATUS":"BUKA","TANGGAL UPDATE":"27/02/2025","TANGGAL PENGUMPULAN":"Q4 2023","q":27446,"r":-15117}},{"type":"Feature","geometry":{"coordinates":[106.90505760000008,-6.195344099999943],"type":"Point"},"properties":{"NAMA":"NASI GORENG - MIE SURABAYA","TIPE_1":"MAKANAN DAN MINUMAN","TIPE_2":"RESTORAN","TIPE_3":"NASI GORENG","TELEPON":"0812-8480-7016","ALAMAT":"REGENSY 2 RUKO, JL. RAYA BEKASI NO.10, RT.7/RW.11, BURANGKENG, KEC. CAKUNG, KOTA JAKARTA TIMUR, DAERAH KHUSUS IBUKOTA JAKARTA 13930","ID_PROV":"31","PROVINSI":"DKI JAKARTA","ID_KABKOT":"31.75","KABKOT":"KOTA ADM. JAKARTA TIMUR","ID_KEC":"31.75.02","KECAMATAN":"PULOGADUNG","ID_DESA":"31.75.02.1004","DESA":"JATINEGARA KAUM","LONGITUDE":106.905057599999,"LATITUDE":-6.1953441,"STATUS":"BUKA","TANGGAL UPDATE":"27/02/2025","TANGGAL PENGUMPULAN":"Q4 2023","q":27453,"r":-15107}},{"type":"Feature","geometry":{"coordinates":[106.89080220000005,-6.214301899999953],"type":"Point"},"properties":{"NAMA":"PONDOK MIE MEMET","TIPE_1":"MAKANAN DAN MINUMAN","TIPE_2":"RESTORAN","TIPE_3":"MIE DAN BAKSO","TELEPON":"0877-8003-2771","ALAMAT":"JL. CIPINANG LONTAR NO.10, RT.7/RW.6, CIPINANG MUARA, KECAMATAN JATINEGARA, KOTA JAKARTA TIMUR, DAERAH KHUSUS IBUKOTA JAKARTA 13420","ID_PROV":"31","PROVINSI":"DKI JAKARTA","ID_KABKOT":"31.75","KABKOT":"KOTA ADM. JAKARTA TIMUR","ID_KEC":"31.75.03","KECAMATAN":"JATINEGARA","ID_DESA":"31.75.03.1006","DESA":"CIPINANG MUARA","LONGITUDE":106.8908022,"LATITUDE":-6.2143019,"STATUS":"BUKA","TANGGAL UPDATE":"27/02/2025","TANGGAL PENGUMPULAN":"Q4 2023","q":27449,"r":-15109}},{"type":"Feature","geometry":{"coordinates":[106.89640370000006,-6.219993599999952],"type":"Point"},"properties":{"NAMA":"MIE AYAM 48 WONOGIRI","TIPE_1":"MAKANAN DAN MINUMAN","TIPE_2":"RESTORAN","TIPE_3":"MIE DAN BAKSO","TELEPON":"0895-3653-60225","ALAMAT":"JL. CIPINANG MUARA 3 NO.11, KLENDER, KEC. DUREN SAWIT, KOTA JAKARTA TIMUR, DAERAH KHUSUS IBUKOTA JAKARTA 13420","ID_PROV":"31","PROVINSI":"DKI JAKARTA","ID_KABKOT":"31.75","KABKOT":"KOTA ADM. JAKARTA TIMUR","ID_KEC":"31.75.07","KECAMATAN":"DUREN SAWIT","ID_DESA":"31.75.07.1003","DESA":"KLENDER","LONGITUDE":106.8964037,"LATITUDE":-6.2199936,"STATUS":"BUKA","TANGGAL UPDATE":"27/02/2025","TANGGAL PENGUMPULAN":"Q4 2023","q":27450,"r":-15111}},{"type":"Feature","geometry":{"coordinates":[106.90857620000008,-6.249647799999934],"type":"Point"},"properties":{"NAMA":"MIE ACEH SAMUDRA JATIWARINGIN","TIPE_1":"MAKANAN DAN MINUMAN","TIPE_2":"RESTORAN","TIPE_3":"MIE DAN BAKSO","TELEPON":"0812-9098-4648","ALAMAT":"JL. RAYA JATIWARINGIN NO.13, RT.7/RW.13, CIPINANG MELAYU, KEC. MAKASAR, KOTA JAKARTA TIMUR, DAERAH KHUSUS IBUKOTA JAKARTA 13620","ID_PROV":"31","PROVINSI":"DKI JAKARTA","ID_KABKOT":"31.75","KABKOT":"KOTA ADM. JAKARTA TIMUR","ID_KEC":"31.75.08","KECAMATAN":"MAKASAR","ID_DESA":"31.75.08.1005","DESA":"CIPINANG MELAYU","LONGITUDE":106.9085762,"LATITUDE":-6.2496478,"STATUS":"BUKA","TANGGAL UPDATE":"27/02/2025","TANGGAL PENGUMPULAN":"Q4 2023","q":27453,"r":-15119}},{"type":"Feature","geometry":{"coordinates":[106.89912690000006,-6.228893299999925],"type":"Point"},"properties":{"NAMA":"MIE ACEH CINTA RASA","TIPE_1":"MAKANAN DAN MINUMAN","TIPE_2":"RESTORAN","TIPE_3":"MIE DAN BAKSO","TELEPON":"0813-8147-7420","ALAMAT":"JL. MASJID ABIDIN NO.59, RT.4/RW.1, PD. BAMBU, KEC. DUREN SAWIT, KOTA JAKARTA TIMUR, DAERAH KHUSUS IBUKOTA JAKARTA 13430","ID_PROV":"31","PROVINSI":"DKI JAKARTA","ID_KABKOT":"31.75","KABKOT":"KOTA ADM. JAKARTA TIMUR","ID_KEC":"31.75.07","KECAMATAN":"DUREN SAWIT","ID_DESA":"31.75.07.1002","DESA":"PONDOK BAMBU","LONGITUDE":106.8991269,"LATITUDE":-6.2288933,"STATUS":"BUKA","TANGGAL UPDATE":"27/02/2025","TANGGAL PENGUMPULAN":"Q4 2023","q":27451,"r":-15113}},{"type":"Feature","geometry":{"coordinates":[106.89018810000005,-6.198071299999981],"type":"Point"},"properties":{"NAMA":"BAKMI JAPON","TIPE_1":"MAKANAN DAN MINUMAN","TIPE_2":"RESTORAN","TIPE_3":"MIE DAN BAKSO","TELEPON":"","ALAMAT":"2, JL. PERSERIKATAN NO.4, RT.2/RW.8, RAWAMANGUN, KEC. PULO GADUNG, KOTA JAKARTA TIMUR, DAERAH KHUSUS IBUKOTA JAKARTA 13220","ID_PROV":"31","PROVINSI":"DKI JAKARTA","ID_KABKOT":"31.75","KABKOT":"KOTA ADM. JAKARTA TIMUR","ID_KEC":"31.75.02","KECAMATAN":"PULOGADUNG","ID_DESA":"31.75.02.1005","DESA":"RAWAMANGUN","LONGITUDE":106.890188099999,"LATITUDE":-6.1980713,"STATUS":"BUKA","TANGGAL UPDATE":"27/02/2025","TANGGAL PENGUMPULAN":"Q4 2023","q":27449,"r":-15105}},{"type":"Feature","geometry":{"coordinates":[106.9112007,-6.2248438],"type":"Point"},"properties":{"NAMA":"WARUNG NASI BERKAH JAYA TEGAL-BAHARI","TIPE_1":"MAKANAN DAN MINUMAN","TIPE_2":"RESTORAN","TIPE_3":"WARUNG TEGAL","TELEPON":"","ALAMAT":"JL. NAGA RAYA NO.6, RT.6/RW.3, DUREN SAWIT, KEC. DUREN SAWIT, KOTA JAKARTA TIMUR, DAERAH KHUSUS IBUKOTA JAKARTA 13440","ID_PROV":"31","PROVINSI":"DKI JAKARTA","ID_KABKOT":"31.75","KABKOT":"KOTA ADM. JAKARTA TIMUR","ID_KEC":"31.75.07","KECAMATAN":"DUREN SAWIT","ID_DESA":"31.75.07.1001","DESA":"DUREN SAWIT","LONGITUDE":106.9112007,"LATITUDE":-6.2248438,"STATUS":"BUKA","TANGGAL UPDATE":"27/02/2025","TANGGAL PENGUMPULAN":"Q4 2023","q":27454,"r":-15114}},{"type":"Feature","geometry":{"coordinates":[106.8564548,-6.2748617],"type":"Point"},"properties":{"NAMA":"WARUNG MAKAN TEGAL MENANTI ANDA","TIPE_1":"MAKANAN DAN MINUMAN","TIPE_2":"RESTORAN","TIPE_3":"WARUNG TEGAL","TELEPON":"","ALAMAT":"JL. RAYA CONDET NO.5, RT.3/RW.1, BALEKAMBANG, KEC. KRAMAT JATI, KOTA JAKARTA TIMUR, DAERAH KHUSUS IBUKOTA JAKARTA 13530","ID_PROV":"31","PROVINSI":"DKI JAKARTA","ID_KABKOT":"31.75","KABKOT":"KOTA ADM. JAKARTA TIMUR","ID_KEC":"31.75.04","KECAMATAN":"KRAMATJATI","ID_DESA":"31.75.04.1004","DESA":"BATU AMPAR","LONGITUDE":106.8564548,"LATITUDE":-6.2748617,"STATUS":"BUKA","TANGGAL UPDATE":"27/02/2025","TANGGAL PENGUMPULAN":"Q4 2023","q":27440,"r":-15118}},{"type":"Feature","geometry":{"coordinates":[106.9502366,-6.2179909],"type":"Point"},"properties":{"NAMA":"SOTO TAUCO TEGAL MOS KENTUNG","TIPE_1":"MAKANAN DAN MINUMAN","TIPE_2":"RESTORAN","TIPE_3":"WARUNG TEGAL","TELEPON":"0882-1464-9365","ALAMAT":"JL. DAMAI NO.130, RT.9/RW.8, PULO GEBANG, KEC. CAKUNG, KOTA JAKARTA TIMUR, DAERAH KHUSUS IBUKOTA JAKARTA 13950","ID_PROV":"31","PROVINSI":"DKI JAKARTA","ID_KABKOT":"31.75","KABKOT":"KOTA ADM. JAKARTA TIMUR","ID_KEC":"31.75.06","KECAMATAN":"CAKUNG","ID_DESA":"31.75.06.1005","DESA":"PULO GEBANG","LONGITUDE":106.9502366,"LATITUDE":-6.2179909,"STATUS":"BUKA","TANGGAL UPDATE":"27/02/2025","TANGGAL PENGUMPULAN":"Q4 2023","q":27464,"r":-15118}},{"type":"Feature","geometry":{"coordinates":[106.8615611,-6.2105472],"type":"Point"},"properties":{"NAMA":"AYAM BAKAR MBAK SRI TEGAL","TIPE_1":"MAKANAN DAN MINUMAN","TIPE_2":"RESTORAN","TIPE_3":"WARUNG TEGAL","TELEPON":"0878-8766-3880","ALAMAT":"JL. BUNGA 1 NO.1, RT.3/RW.9, PALMERIAM, KEC. MATRAMAN, KOTA JAKARTA TIMUR, DAERAH KHUSUS IBUKOTA JAKARTA 13140","ID_PROV":"31","PROVINSI":"DKI JAKARTA","ID_KABKOT":"31.75","KABKOT":"KOTA ADM. JAKARTA TIMUR","ID_KEC":"31.75.01","KECAMATAN":"MATRAMAN","ID_DESA":"31.75.01.1004","DESA":"PALMERIAM","LONGITUDE":106.8615611,"LATITUDE":-6.2105472,"STATUS":"BUKA","TANGGAL UPDATE":"27/02/2025","TANGGAL PENGUMPULAN":"Q4 2023","q":27441,"r":-15105}},{"type":"Feature","geometry":{"coordinates":[106.8682913,-6.2033255],"type":"Point"},"properties":{"NAMA":"SPESIAL MARTABAK TEGAL SAPUTRA","TIPE_1":"MAKANAN DAN MINUMAN","TIPE_2":"RESTORAN","TIPE_3":"WARUNG TEGAL","TELEPON":"0877-8733-3937","ALAMAT":"JL. KRAMAT ASEM NO.1618, RT.3/RW.12, UTAN KAYU SEL., KEC. MATRAMAN, KOTA JAKARTA TIMUR, DAERAH KHUSUS IBUKOTA JAKARTA 13120","ID_PROV":"31","PROVINSI":"DKI JAKARTA","ID_KABKOT":"31.75","KABKOT":"KOTA ADM. JAKARTA TIMUR","ID_KEC":"31.75.01","KECAMATAN":"MATRAMAN","ID_DESA":"31.75.01.1006","DESA":"UTAN KAYU SELATAN","LONGITUDE":106.8682913,"LATITUDE":-6.2033255,"STATUS":"BUKA","TANGGAL UPDATE":"27/02/2025","TANGGAL PENGUMPULAN":"Q4 2023","q":27443,"r":-15104}},{"type":"Feature","geometry":{"coordinates":[106.9349718,-6.2454134],"type":"Point"},"properties":{"NAMA":"KETOPRAK TEGAL","TIPE_1":"MAKANAN DAN MINUMAN","TIPE_2":"RESTORAN","TIPE_3":"WARUNG TEGAL","TELEPON":"","ALAMAT":"JL. PD. KLP. 11 NO.30, RT.9/RW.11, PD. KLP., KEC. DUREN SAWIT, KOTA JAKARTA TIMUR, DAERAH KHUSUS IBUKOTA JAKARTA 13450","ID_PROV":"31","PROVINSI":"DKI JAKARTA","ID_KABKOT":"31.75","KABKOT":"KOTA ADM. JAKARTA TIMUR","ID_KEC":"31.75.07","KECAMATAN":"DUREN SAWIT","ID_DESA":"31.75.07.1004","DESA":"PONDOK KELAPA","LONGITUDE":106.9349718,"LATITUDE":-6.2454134,"STATUS":"BUKA","TANGGAL UPDATE":"27/02/2025","TANGGAL PENGUMPULAN":"Q4 2023","q":27460,"r":-15122}},{"type":"Feature","geometry":{"coordinates":[106.8797873,-6.2132074],"type":"Point"},"properties":{"NAMA":"SOTO TAUCO KHAS TEGAL IBU WAIMAH","TIPE_1":"MAKANAN DAN MINUMAN","TIPE_2":"RESTORAN","TIPE_3":"WARUNG TEGAL","TELEPON":"0878-8370-7227","ALAMAT":"LEC, 8, GG. LANGGAR I NO.43, RT.8/RW.7, PISANGAN TIM., KEC. PULO GADUNG, KOTA JAKARTA TIMUR, DAERAH KHUSUS IBUKOTA JAKARTA 13230","ID_PROV":"31","PROVINSI":"DKI JAKARTA","ID_KABKOT":"31.75","KABKOT":"KOTA ADM. JAKARTA TIMUR","ID_KEC":"31.75.02","KECAMATAN":"PULOGADUNG","ID_DESA":"31.75.02.1002","DESA":"PISANGAN TIMUR","LONGITUDE":106.8797873,"LATITUDE":-6.2132074,"STATUS":"BUKA","TANGGAL UPDATE":"27/02/2025","TANGGAL PENGUMPULAN":"Q4 2023","q":27446,"r":-15107}},{"type":"Feature","geometry":{"coordinates":[106.8711443,-6.2298913],"type":"Point"},"properties":{"NAMA":"DAPOER CITA RASA SOTO TEGAL","TIPE_1":"MAKANAN DAN MINUMAN","TIPE_2":"RESTORAN","TIPE_3":"WARUNG TEGAL","TELEPON":"","ALAMAT":"JL. KB. NANAS SELATAN II NO.37, RT.4/RW.7, CIPINANG CEMPEDAK, KECAMATAN JATINEGARA, KOTA JAKARTA TIMUR, DAERAH KHUSUS IBUKOTA JAKARTA 13340","ID_PROV":"31","PROVINSI":"DKI JAKARTA","ID_KABKOT":"31.75","KABKOT":"KOTA ADM. JAKARTA TIMUR","ID_KEC":"31.75.03","KECAMATAN":"JATINEGARA","ID_DESA":"31.75.03.1005","DESA":"CIPINANG CEMPEDAK","LONGITUDE":106.8711443,"LATITUDE":-6.2298913,"STATUS":"BUKA","TANGGAL UPDATE":"27/02/2025","TANGGAL PENGUMPULAN":"Q4 2023","q":27444,"r":-15110}},{"type":"Feature","geometry":{"coordinates":[106.9362691,-6.2489213],"type":"Point"},"properties":{"NAMA":"SATE TEGAL SLAWI AYU KALIMALANG","TIPE_1":"MAKANAN DAN MINUMAN","TIPE_2":"RESTORAN","TIPE_3":"WARUNG TEGAL","TELEPON":"","ALAMAT":"RT.1/RW.11, PD. KLP., KEC. DUREN SAWIT, KOTA JAKARTA TIMUR, DAERAH KHUSUS IBUKOTA JAKARTA 13450","ID_PROV":"31","PROVINSI":"DKI JAKARTA","ID_KABKOT":"31.75","KABKOT":"KOTA ADM. JAKARTA TIMUR","ID_KEC":"31.75.07","KECAMATAN":"DUREN SAWIT","ID_DESA":"31.75.07.1004","DESA":"PONDOK KELAPA","LONGITUDE":106.9362691,"LATITUDE":-6.2489213,"STATUS":"BUKA","TANGGAL UPDATE":"27/02/2025","TANGGAL PENGUMPULAN":"Q4 2023","q":27461,"r":-15123}},{"type":"Feature","geometry":{"coordinates":[106.9375084,-6.2062331],"type":"Point"},"properties":{"NAMA":"WARUNG NASI TEGAL","TIPE_1":"MAKANAN DAN MINUMAN","TIPE_2":"RESTORAN","TIPE_3":"WARUNG TEGAL","TELEPON":"","ALAMAT":"JL. H. SANYAR NO.21, RT.4/RW.6, PENGGILINGAN, KEC. CAKUNG, KOTA JAKARTA TIMUR, DAERAH KHUSUS IBUKOTA JAKARTA 13940","ID_PROV":"31","PROVINSI":"DKI JAKARTA","ID_KABKOT":"31.75","KABKOT":"KOTA ADM. JAKARTA TIMUR","ID_KEC":"31.75.06","KECAMATAN":"CAKUNG","ID_DESA":"31.75.06.1003","DESA":"PENGGILINGAN","LONGITUDE":106.9375084,"LATITUDE":-6.2062331,"STATUS":"BUKA","TANGGAL UPDATE":"27/02/2025","TANGGAL PENGUMPULAN":"Q4 2023","q":27461,"r":-15113}},{"type":"Feature","geometry":{"coordinates":[106.8940582,-6.2915902],"type":"Point"},"properties":{"NAMA":"BUBUR AYAM TEGAL AMPEL","TIPE_1":"MAKANAN DAN MINUMAN","TIPE_2":"RESTORAN","TIPE_3":"WARUNG TEGAL","TELEPON":"0877-2400-5272","ALAMAT":"RT.2/RW.7, LUBANG BUAYA, KEC. CIPAYUNG, KOTA JAKARTA TIMUR, DAERAH KHUSUS IBUKOTA JAKARTA 13810","ID_PROV":"31","PROVINSI":"DKI JAKARTA","ID_KABKOT":"31.75","KABKOT":"KOTA ADM. JAKARTA TIMUR","ID_KEC":"31.75.10","KECAMATAN":"CIPAYUNG","ID_DESA":"31.75.10.1007","DESA":"LUBANG BUAYA","LONGITUDE":106.8940582,"LATITUDE":-6.2915902,"STATUS":"BUKA","TANGGAL UPDATE":"27/02/2025","TANGGAL PENGUMPULAN":"Q4 2023","q":27450,"r":-15127}},{"type":"Feature","geometry":{"coordinates":[106.9350024,-6.2304096],"type":"Point"},"properties":{"NAMA":"SATE KAMBING MUDA TEGAL BANG DUR","TIPE_1":"MAKANAN DAN MINUMAN","TIPE_2":"RESTORAN","TIPE_3":"WARUNG TEGAL","TELEPON":"0812-1926-6963","ALAMAT":"JL. PD. KELAPA RAYA NO.38E, RT.4/RW.11, MALAKA JAYA, KEC. DUREN SAWIT, KOTA JAKARTA TIMUR, DAERAH KHUSUS IBUKOTA JAKARTA 13460","ID_PROV":"31","PROVINSI":"DKI JAKARTA","ID_KABKOT":"31.75","KABKOT":"KOTA ADM. JAKARTA TIMUR","ID_KEC":"31.75.07","KECAMATAN":"DUREN SAWIT","ID_DESA":"31.75.07.1006","DESA":"MALAKA JAYA","LONGITUDE":106.9350024,"LATITUDE":-6.2304096,"STATUS":"BUKA","TANGGAL UPDATE":"27/02/2025","TANGGAL PENGUMPULAN":"Q4 2023","q":27460,"r":-15118}},{"type":"Feature","geometry":{"coordinates":[106.8665611,-6.2252222],"type":"Point"},"properties":{"NAMA":"WARUNG TEGAL MBAH NUR","TIPE_1":"MAKANAN DAN MINUMAN","TIPE_2":"RESTORAN","TIPE_3":"WARUNG TEGAL","TELEPON":"","ALAMAT":"JL. JATINEGARA BAR., RT.2/RW.1, BALI MESTER, KECAMATAN JATINEGARA, KOTA JAKARTA TIMUR, DAERAH KHUSUS IBUKOTA JAKARTA 13330","ID_PROV":"31","PROVINSI":"DKI JAKARTA","ID_KABKOT":"31.75","KABKOT":"KOTA ADM. JAKARTA TIMUR","ID_KEC":"31.75.03","KECAMATAN":"JATINEGARA","ID_DESA":"31.75.03.1002","DESA":"BIDARA CINA","LONGITUDE":106.8665611,"LATITUDE":-6.2252222,"STATUS":"BUKA","TANGGAL UPDATE":"27/02/2025","TANGGAL PENGUMPULAN":"Q4 2023","q":27443,"r":-15108}},{"type":"Feature","geometry":{"coordinates":[106.8698445,-6.2468876],"type":"Point"},"properties":{"NAMA":"PENYET TEGAL","TIPE_1":"MAKANAN DAN MINUMAN","TIPE_2":"RESTORAN","TIPE_3":"WARUNG TEGAL","TELEPON":"","ALAMAT":"JL. DEWI SARTIKA NO.16, RT.10/RW.6, CAWANG, KEC. KRAMAT JATI, KOTA JAKARTA TIMUR, DAERAH KHUSUS IBUKOTA JAKARTA 13630","ID_PROV":"31","PROVINSI":"DKI JAKARTA","ID_KABKOT":"31.75","KABKOT":"KOTA ADM. JAKARTA TIMUR","ID_KEC":"31.75.04","KECAMATAN":"KRAMATJATI","ID_DESA":"31.75.04.1007","DESA":"CAWANG","LONGITUDE":106.8698445,"LATITUDE":-6.2468876,"STATUS":"BUKA","TANGGAL UPDATE":"27/02/2025","TANGGAL PENGUMPULAN":"Q4 2023","q":27444,"r":-15114}},{"type":"Feature","geometry":{"coordinates":[106.9178131,-6.2015138],"type":"Point"},"properties":{"NAMA":"WARUNG UDIN TEGAL","TIPE_1":"MAKANAN DAN MINUMAN","TIPE_2":"RESTORAN","TIPE_3":"WARUNG TEGAL","TELEPON":"0877-7712-2810","ALAMAT":"JL. RW. GELAM NO.1201, RT.2/RW.6, JATINEGARA, KEC. CAKUNG, KOTA JAKARTA TIMUR, DAERAH KHUSUS IBUKOTA JAKARTA 13930","ID_PROV":"31","PROVINSI":"DKI JAKARTA","ID_KABKOT":"31.75","KABKOT":"KOTA ADM. JAKARTA TIMUR","ID_KEC":"31.75.06","KECAMATAN":"CAKUNG","ID_DESA":"31.75.06.1001","DESA":"JATINEGARA","LONGITUDE":106.9178131,"LATITUDE":-6.2015138,"STATUS":"BUKA","TANGGAL UPDATE":"27/02/2025","TANGGAL PENGUMPULAN":"Q4 2023","q":27456,"r":-15110}},{"type":"Feature","geometry":{"coordinates":[106.8812473,-6.2092421],"type":"Point"},"properties":{"NAMA":"WARUNG NASI CITRA RASA BU TITI MASAKAN KHAS TEGAL","TIPE_1":"MAKANAN DAN MINUMAN","TIPE_2":"RESTORAN","TIPE_3":"WARUNG TEGAL","TELEPON":"","ALAMAT":"JL. PORI RAYA NO.8ABC, RT.1/RW.10, PISANGAN TIM., KEC. PULO GADUNG, KOTA JAKARTA TIMUR, DAERAH KHUSUS IBUKOTA JAKARTA 13230","ID_PROV":"31","PROVINSI":"DKI JAKARTA","ID_KABKOT":"31.75","KABKOT":"KOTA ADM. JAKARTA TIMUR","ID_KEC":"31.75.02","KECAMATAN":"PULOGADUNG","ID_DESA":"31.75.02.1002","DESA":"PISANGAN TIMUR","LONGITUDE":106.8812473,"LATITUDE":-6.2092421,"STATUS":"BUKA","TANGGAL UPDATE":"27/02/2025","TANGGAL PENGUMPULAN":"Q4 2023","q":27446,"r":-15107}},{"type":"Feature","geometry":{"coordinates":[106.8945711,-6.2923703],"type":"Point"},"properties":{"NAMA":"KETOPRAK TEGAL MAS EKO","TIPE_1":"MAKANAN DAN MINUMAN","TIPE_2":"RESTORAN","TIPE_3":"WARUNG TEGAL","TELEPON":"0852-1773-3126","ALAMAT":"JL. RAYA PD. GEDE NO.41, RT.1/RW.1, HALIM PERDANA KUSUMAH, KEC. MAKASAR, KOTA JAKARTA TIMUR, DAERAH KHUSUS IBUKOTA JAKARTA 13810","ID_PROV":"31","PROVINSI":"DKI JAKARTA","ID_KABKOT":"31.75","KABKOT":"KOTA ADM. JAKARTA TIMUR","ID_KEC":"31.75.10","KECAMATAN":"CIPAYUNG","ID_DESA":"31.75.10.1007","DESA":"LUBANG BUAYA","LONGITUDE":106.8945711,"LATITUDE":-6.2923703,"STATUS":"BUKA","TANGGAL UPDATE":"27/02/2025","TANGGAL PENGUMPULAN":"Q4 2023","q":27450,"r":-15127}},{"type":"Feature","geometry":{"coordinates":[106.8869058,-6.1961093],"type":"Point"},"properties":{"NAMA":"WARUNG NASI 21 TEGAL","TIPE_1":"MAKANAN DAN MINUMAN","TIPE_2":"RESTORAN","TIPE_3":"WARUNG TEGAL","TELEPON":"","ALAMAT":"RT.6/RW.7, RAWAMANGUN, KEC. PULO GADUNG, KOTA JAKARTA TIMUR, DAERAH KHUSUS IBUKOTA JAKARTA 13220","ID_PROV":"31","PROVINSI":"DKI JAKARTA","ID_KABKOT":"31.75","KABKOT":"KOTA ADM. JAKARTA TIMUR","ID_KEC":"31.75.02","KECAMATAN":"PULOGADUNG","ID_DESA":"31.75.02.1005","DESA":"RAWAMANGUN","LONGITUDE":106.8869058,"LATITUDE":-6.1961093,"STATUS":"BUKA","TANGGAL UPDATE":"27/02/2025","TANGGAL PENGUMPULAN":"Q4 2023","q":27448,"r":-15105}},{"type":"Feature","geometry":{"coordinates":[106.8583784,-6.2703506],"type":"Point"},"properties":{"NAMA":"SATE TEGAL KAMBING MUDA UMI SALMAH","TIPE_1":"MAKANAN DAN MINUMAN","TIPE_2":"RESTORAN","TIPE_3":"WARUNG TEGAL","TELEPON":"0812-9512-0412","ALAMAT":"JL. RAYA CONDET NO.78A, RT.5/RW.1, BALEKAMBANG, KEC. KRAMAT JATI, KOTA JAKARTA TIMUR, DAERAH KHUSUS IBUKOTA JAKARTA 13520","ID_PROV":"31","PROVINSI":"DKI JAKARTA","ID_KABKOT":"31.75","KABKOT":"KOTA ADM. JAKARTA TIMUR","ID_KEC":"31.75.04","KECAMATAN":"KRAMATJATI","ID_DESA":"31.75.04.1005","DESA":"BALEKAMBANG","LONGITUDE":106.8583784,"LATITUDE":-6.2703506,"STATUS":"BUKA","TANGGAL UPDATE":"27/02/2025","TANGGAL PENGUMPULAN":"Q4 2023","q":27441,"r":-15118}},{"type":"Feature","geometry":{"coordinates":[106.8504677,-6.2855555],"type":"Point"},"properties":{"NAMA":"WARTEG PUTRA BAHARI 133","TIPE_1":"MAKANAN DAN MINUMAN","TIPE_2":"RESTORAN","TIPE_3":"WARUNG TEGAL","TELEPON":"0877-2079-9909","ALAMAT":"JL. KAYU MANIS NO.RT.09, RT.2/RW.3, BALEKAMBANG, KEC. KRAMAT JATI, KOTA JAKARTA TIMUR, DAERAH KHUSUS IBUKOTA JAKARTA 13530","ID_PROV":"31","PROVINSI":"DKI JAKARTA","ID_KABKOT":"31.75","KABKOT":"KOTA ADM. JAKARTA TIMUR","ID_KEC":"31.75.04","KECAMATAN":"KRAMATJATI","ID_DESA":"31.75.04.1005","DESA":"BALEKAMBANG","LONGITUDE":106.8504677,"LATITUDE":-6.2855555,"STATUS":"BUKA","TANGGAL UPDATE":"27/02/2025","TANGGAL PENGUMPULAN":"Q4 2023","q":27439,"r":-15120}},{"type":"Feature","geometry":{"coordinates":[106.8851593,-6.2353541],"type":"Point"},"properties":{"NAMA":"NASI GORENG TEGAL BANG IZAL","TIPE_1":"MAKANAN DAN MINUMAN","TIPE_2":"RESTORAN","TIPE_3":"NASI GORENG","TELEPON":"0878-7069-2358","ALAMAT":"JL. KESADARI NO.RT. 07, RT.2/RW.1, CIPINANG MUARA, KECAMATAN JATINEGARA, KOTA JAKARTA TIMUR, DAERAH KHUSUS IBUKOTA JAKARTA 13420","ID_PROV":"31","PROVINSI":"DKI JAKARTA","ID_KABKOT":"31.75","KABKOT":"KOTA ADM. JAKARTA TIMUR","ID_KEC":"31.75.03","KECAMATAN":"JATINEGARA","ID_DESA":"31.75.03.1007","DESA":"CIPINANG BESAR SELATAN","LONGITUDE":106.8851593,"LATITUDE":-6.2353541,"STATUS":"BUKA","TANGGAL UPDATE":"27/02/2025","TANGGAL PENGUMPULAN":"Q4 2023","q":27447,"r":-15113}},{"type":"Feature","geometry":{"coordinates":[106.8879282,-6.2164887],"type":"Point"},"properties":{"NAMA":"SOTO TEGAL SHINTA","TIPE_1":"MAKANAN DAN MINUMAN","TIPE_2":"RESTORAN","TIPE_3":"WARUNG TEGAL","TELEPON":"","ALAMAT":"JL. TAMAN CIPINANG, RT.15/RW.6, CIPINANG MUARA, KECAMATAN JATINEGARA, KOTA JAKARTA TIMUR, DAERAH KHUSUS IBUKOTA JAKARTA 13420","ID_PROV":"31","PROVINSI":"DKI JAKARTA","ID_KABKOT":"31.75","KABKOT":"KOTA ADM. JAKARTA TIMUR","ID_KEC":"31.75.03","KECAMATAN":"JATINEGARA","ID_DESA":"31.75.03.1006","DESA":"CIPINANG MUARA","LONGITUDE":106.8879282,"LATITUDE":-6.2164887,"STATUS":"BUKA","TANGGAL UPDATE":"27/02/2025","TANGGAL PENGUMPULAN":"Q4 2023","q":27448,"r":-15109}},{"type":"Feature","geometry":{"coordinates":[106.9425767,-6.2459392],"type":"Point"},"properties":{"NAMA":"SOTO TEGAL CITRA RASA","TIPE_1":"MAKANAN DAN MINUMAN","TIPE_2":"RESTORAN","TIPE_3":"WARUNG TEGAL","TELEPON":"0815-7232-2285","ALAMAT":"JL. H. NAMAN NO.1, RT.1/RW.3, PD. KLP., KEC. DUREN SAWIT, KOTA JAKARTA TIMUR, DAERAH KHUSUS IBUKOTA JAKARTA 13450","ID_PROV":"31","PROVINSI":"DKI JAKARTA","ID_KABKOT":"31.75","KABKOT":"KOTA ADM. JAKARTA TIMUR","ID_KEC":"31.75.07","KECAMATAN":"DUREN SAWIT","ID_DESA":"31.75.07.1004","DESA":"PONDOK KELAPA","LONGITUDE":106.9425767,"LATITUDE":-6.2459392,"STATUS":"BUKA","TANGGAL UPDATE":"27/02/2025","TANGGAL PENGUMPULAN":"Q4 2023","q":27462,"r":-15123}},{"type":"Feature","geometry":{"coordinates":[106.8606529,-6.2776766],"type":"Point"},"properties":{"NAMA":"WARUNG MAKAN TEGAL MENANTI ANDA","TIPE_1":"MAKANAN DAN MINUMAN","TIPE_2":"RESTORAN","TIPE_3":"WARUNG TEGAL","TELEPON":"","ALAMAT":"JL. BATU AMPAR III NO.11, RT.4/RW.4, BATU AMPAR, KEC. KRAMAT JATI, KOTA JAKARTA TIMUR, DAERAH KHUSUS IBUKOTA JAKARTA 13520","ID_PROV":"31","PROVINSI":"DKI JAKARTA","ID_KABKOT":"31.75","KABKOT":"KOTA ADM. JAKARTA TIMUR","ID_KEC":"31.75.04","KECAMATAN":"KRAMATJATI","ID_DESA":"31.75.04.1004","DESA":"BATU AMPAR","LONGITUDE":106.8606529,"LATITUDE":-6.2776766,"STATUS":"BUKA","TANGGAL UPDATE":"27/02/2025","TANGGAL PENGUMPULAN":"Q4 2023","q":27441,"r":-15119}},{"type":"Feature","geometry":{"coordinates":[106.9593059,-6.1830887],"type":"Point"},"properties":{"NAMA":"MARTABAK ASLI LEBAKSIU TEGAL TELOR-MANIS","TIPE_1":"MAKANAN DAN MINUMAN","TIPE_2":"RESTORAN","TIPE_3":"WARUNG TEGAL","TELEPON":"0813-1151-4817","ALAMAT":"RT.12, CAKUNG TIM., KEC. CAKUNG, KOTA JAKARTA TIMUR, DAERAH KHUSUS IBUKOTA JAKARTA 13910","ID_PROV":"31","PROVINSI":"DKI JAKARTA","ID_KABKOT":"31.75","KABKOT":"KOTA ADM. JAKARTA TIMUR","ID_KEC":"31.75.06","KECAMATAN":"CAKUNG","ID_DESA":"31.75.06.1004","DESA":"CAKUNG TIMUR","LONGITUDE":106.9593059,"LATITUDE":-6.1830887,"STATUS":"BUKA","TANGGAL UPDATE":"27/02/2025","TANGGAL PENGUMPULAN":"Q4 2023","q":27466,"r":-15111}},{"type":"Feature","geometry":{"coordinates":[106.8737199,-6.2542478],"type":"Point"},"properties":{"NAMA":"WARUNG NASI TEGAL BAHARI","TIPE_1":"MAKANAN DAN MINUMAN","TIPE_2":"RESTORAN","TIPE_3":"WARUNG TEGAL","TELEPON":"0856-6456-3774","ALAMAT":"JL. USMAN HARUN NO.47, RT.6/RW.5, KB. PALA, KEC. MAKASAR, KOTA JAKARTA TIMUR, DAERAH KHUSUS IBUKOTA JAKARTA 13650","ID_PROV":"31","PROVINSI":"DKI JAKARTA","ID_KABKOT":"31.75","KABKOT":"KOTA ADM. JAKARTA TIMUR","ID_KEC":"31.75.08","KECAMATAN":"MAKASAR","ID_DESA":"31.75.08.1003","DESA":"KEBON PALA","LONGITUDE":106.8737199,"LATITUDE":-6.2542478,"STATUS":"BUKA","TANGGAL UPDATE":"27/02/2025","TANGGAL PENGUMPULAN":"Q4 2023","q":27444,"r":-15116}},{"type":"Feature","geometry":{"coordinates":[106.9358918,-6.2487992],"type":"Point"},"properties":{"NAMA":"SATE TEGAL HAJI SUWARNO","TIPE_1":"MAKANAN DAN MINUMAN","TIPE_2":"RESTORAN","TIPE_3":"WARUNG TEGAL","TELEPON":"0815-8651-9119","ALAMAT":"JL. RAYA KALIMALANG NO.10, RT.1/RW.11, PD. KLP., KEC. DUREN SAWIT, KOTA JAKARTA TIMUR, DAERAH KHUSUS IBUKOTA JAKARTA 13450","ID_PROV":"31","PROVINSI":"DKI JAKARTA","ID_KABKOT":"31.75","KABKOT":"KOTA ADM. JAKARTA TIMUR","ID_KEC":"31.75.07","KECAMATAN":"DUREN SAWIT","ID_DESA":"31.75.07.1004","DESA":"PONDOK KELAPA","LONGITUDE":106.9358918,"LATITUDE":-6.2487992,"STATUS":"BUKA","TANGGAL UPDATE":"27/02/2025","TANGGAL PENGUMPULAN":"Q4 2023","q":27460,"r":-15123}},{"type":"Feature","geometry":{"coordinates":[106.865383,-6.271581],"type":"Point"},"properties":{"NAMA":"WARUNG TEGAL","TIPE_1":"MAKANAN DAN MINUMAN","TIPE_2":"RESTORAN","TIPE_3":"WARUNG TEGAL","TELEPON":"0878-7510-8882","ALAMAT":"NO, JL. H. RAIJIN NO.12, RT.9/RW.1, BATU AMPAR, KEC. KRAMAT JATI, DKI JAKARTA, DAERAH KHUSUS IBUKOTA JAKARTA 13520","ID_PROV":"31","PROVINSI":"DKI JAKARTA","ID_KABKOT":"31.75","KABKOT":"KOTA ADM. JAKARTA TIMUR","ID_KEC":"31.75.04","KECAMATAN":"KRAMATJATI","ID_DESA":"31.75.04.1004","DESA":"BATU AMPAR","LONGITUDE":106.865383,"LATITUDE":-6.271581,"STATUS":"BUKA","TANGGAL UPDATE":"27/02/2025","TANGGAL PENGUMPULAN":"Q4 2023","q":27442,"r":-15119}},{"type":"Feature","geometry":{"coordinates":[106.8692289,-6.2428624],"type":"Point"},"properties":{"NAMA":"SATE TEGAL HM RIDWAN","TIPE_1":"MAKANAN DAN MINUMAN","TIPE_2":"RESTORAN","TIPE_3":"WARUNG TEGAL","TELEPON":"0812-8026-1442","ALAMAT":"4, JL. OTISTA RAYA NO.423, RT.4/RW.12, KP. MELAYU, KECAMATAN JATINEGARA, KOTA JAKARTA TIMUR, DAERAH KHUSUS IBUKOTA JAKARTA 13330","ID_PROV":"31","PROVINSI":"DKI JAKARTA","ID_KABKOT":"31.75","KABKOT":"KOTA ADM. JAKARTA TIMUR","ID_KEC":"31.75.03","KECAMATAN":"JATINEGARA","ID_DESA":"31.75.03.1002","DESA":"BIDARA CINA","LONGITUDE":106.8692289,"LATITUDE":-6.2428624,"STATUS":"BUKA","TANGGAL UPDATE":"27/02/2025","TANGGAL PENGUMPULAN":"Q4 2023","q":27443,"r":-15113}},{"type":"Feature","geometry":{"coordinates":[106.8808104,-6.2090622],"type":"Point"},"properties":{"NAMA":"WARUNG SOTO TEGAL IBU TUTI","TIPE_1":"MAKANAN DAN MINUMAN","TIPE_2":"RESTORAN","TIPE_3":"WARUNG TEGAL","TELEPON":"0815-7434-7407","ALAMAT":"JL. PORI RAYA NO.74, RT.1/RW.10, PISANGAN TIM., KEC. PULO GADUNG, KOTA JAKARTA TIMUR, DAERAH KHUSUS IBUKOTA JAKARTA 13230","ID_PROV":"31","PROVINSI":"DKI JAKARTA","ID_KABKOT":"31.75","KABKOT":"KOTA ADM. JAKARTA TIMUR","ID_KEC":"31.75.02","KECAMATAN":"PULOGADUNG","ID_DESA":"31.75.02.1002","DESA":"PISANGAN TIMUR","LONGITUDE":106.8808104,"LATITUDE":-6.2090622,"STATUS":"BUKA","TANGGAL UPDATE":"27/02/2025","TANGGAL PENGUMPULAN":"Q4 2023","q":27446,"r":-15107}},{"type":"Feature","geometry":{"coordinates":[106.8809561,-6.1887104],"type":"Point"},"properties":{"NAMA":"WARTEG MUSTIKA BAHARI TEGAL","TIPE_1":"MAKANAN DAN MINUMAN","TIPE_2":"RESTORAN","TIPE_3":"WARUNG TEGAL","TELEPON":"0878-4860-2785","ALAMAT":"RT.5/RW.6, KAYU PUTIH, KEC. PULO GADUNG, KOTA JAKARTA TIMUR, DAERAH KHUSUS IBUKOTA JAKARTA 13210","ID_PROV":"31","PROVINSI":"DKI JAKARTA","ID_KABKOT":"31.75","KABKOT":"KOTA ADM. JAKARTA TIMUR","ID_KEC":"31.75.02","KECAMATAN":"PULOGADUNG","ID_DESA":"31.75.02.1006","DESA":"KAYU PUTIH","LONGITUDE":106.8809561,"LATITUDE":-6.1887104,"STATUS":"BUKA","TANGGAL UPDATE":"27/02/2025","TANGGAL PENGUMPULAN":"Q4 2023","q":27446,"r":-15102}},{"type":"Feature","geometry":{"coordinates":[106.8610427,-6.2866748],"type":"Point"},"properties":{"NAMA":"WARUNG NASI GORENG TEGAL","TIPE_1":"MAKANAN DAN MINUMAN","TIPE_2":"RESTORAN","TIPE_3":"NASI GORENG","TELEPON":"","ALAMAT":"JL. RAYA INPRES NO.30, RT.2/RW.3, BATU AMPAR, KEC. KRAMAT JATI, KOTA JAKARTA TIMUR, DAERAH KHUSUS IBUKOTA JAKARTA 13540","ID_PROV":"31","PROVINSI":"DKI JAKARTA","ID_KABKOT":"31.75","KABKOT":"KOTA ADM. JAKARTA TIMUR","ID_KEC":"31.75.04","KECAMATAN":"KRAMATJATI","ID_DESA":"31.75.04.1004","DESA":"BATU AMPAR","LONGITUDE":106.8610427,"LATITUDE":-6.2866748,"STATUS":"BUKA","TANGGAL UPDATE":"27/02/2025","TANGGAL PENGUMPULAN":"Q4 2023","q":27441,"r":-15122}},{"type":"Feature","geometry":{"coordinates":[106.8641379,-6.2542681],"type":"Point"},"properties":{"NAMA":"WARUNG NASI TEGAL SUKA SARI","TIPE_1":"MAKANAN DAN MINUMAN","TIPE_2":"RESTORAN","TIPE_3":"WARUNG TEGAL","TELEPON":"0817-4942-337","ALAMAT":"4, JL. DEWI SARTIKA NO.59, RT.4/RW.13, CILILITAN, KEC. KRAMAT JATI, KOTA JAKARTA TIMUR, DAERAH KHUSUS IBUKOTA JAKARTA 13640","ID_PROV":"31","PROVINSI":"DKI JAKARTA","ID_KABKOT":"31.75","KABKOT":"KOTA ADM. JAKARTA TIMUR","ID_KEC":"31.75.04","KECAMATAN":"KRAMATJATI","ID_DESA":"31.75.04.1007","DESA":"CAWANG","LONGITUDE":106.8641379,"LATITUDE":-6.2542681,"STATUS":"BUKA","TANGGAL UPDATE":"27/02/2025","TANGGAL PENGUMPULAN":"Q4 2023","q":27442,"r":-15115}},{"type":"Feature","geometry":{"coordinates":[106.9163338,-6.2214423],"type":"Point"},"properties":{"NAMA":"WARUNG PECAK BELUT SARI RAOS KHAS TEGAL","TIPE_1":"MAKANAN DAN MINUMAN","TIPE_2":"RESTORAN","TIPE_3":"WARUNG TEGAL","TELEPON":"0813-1550-2100","ALAMAT":"JALAN LINGKAR DUREN SAWIT BLOK L2 NO.19, RT.1/RW.8, DUREN SAWIT, RT.1/RW.8, RT.1/RW.8, DUREN SAWIT, KEC. DUREN SAWIT, KOTA JAKARTA TIMUR, DAERAH KHUSUS IBUKOTA JAKARTA 13440","ID_PROV":"31","PROVINSI":"DKI JAKARTA","ID_KABKOT":"31.75","KABKOT":"KOTA ADM. JAKARTA TIMUR","ID_KEC":"31.75.07","KECAMATAN":"DUREN SAWIT","ID_DESA":"31.75.07.1001","DESA":"DUREN SAWIT","LONGITUDE":106.9163338,"LATITUDE":-6.2214423,"STATUS":"BUKA","TANGGAL UPDATE":"27/02/2025","TANGGAL PENGUMPULAN":"Q4 2023","q":27455,"r":-15114}},{"type":"Feature","geometry":{"coordinates":[106.917473,-6.2426226],"type":"Point"},"properties":{"NAMA":"NASI GORENG TEGAL BAHARI","TIPE_1":"MAKANAN DAN MINUMAN","TIPE_2":"RESTORAN","TIPE_3":"NASI GORENG","TELEPON":"","ALAMAT":"JL. SWADAYA RAYA NO.10, RT./RW/RW.006/007, DUREN SAWIT, KEC. DUREN SAWIT, KOTA JAKARTA TIMUR, DAERAH KHUSUS IBUKOTA JAKARTA 13440","ID_PROV":"31","PROVINSI":"DKI JAKARTA","ID_KABKOT":"31.75","KABKOT":"KOTA ADM. JAKARTA TIMUR","ID_KEC":"31.75.07","KECAMATAN":"DUREN SAWIT","ID_DESA":"31.75.07.1001","DESA":"DUREN SAWIT","LONGITUDE":106.917473,"LATITUDE":-6.2426226,"STATUS":"BUKA","TANGGAL UPDATE":"27/02/2025","TANGGAL PENGUMPULAN":"Q4 2023","q":27456,"r":-15119}},{"type":"Feature","geometry":{"coordinates":[106.8616872,-6.20502],"type":"Point"},"properties":{"NAMA":"WARUNG TEGAL FAUZI","TIPE_1":"MAKANAN DAN MINUMAN","TIPE_2":"RESTORAN","TIPE_3":"WARUNG TEGAL","TELEPON":"0857-8652-6099","ALAMAT":"JL. KAYU MANIS VII NO.9, RT.1/RW.6, KAYU MANIS, KEC. MATRAMAN, KOTA JAKARTA TIMUR, DAERAH KHUSUS IBUKOTA JAKARTA 13130","ID_PROV":"31","PROVINSI":"DKI JAKARTA","ID_KABKOT":"31.75","KABKOT":"KOTA ADM. JAKARTA TIMUR","ID_KEC":"31.75.01","KECAMATAN":"MATRAMAN","ID_DESA":"31.75.01.1003","DESA":"KAYU MANIS","LONGITUDE":106.8616872,"LATITUDE":-6.20502,"STATUS":"BUKA","TANGGAL UPDATE":"27/02/2025","TANGGAL PENGUMPULAN":"Q4 2023","q":27441,"r":-15103}},{"type":"Feature","geometry":{"coordinates":[106.893543,-6.2263105],"type":"Point"},"properties":{"NAMA":"PECEL LELE DAN AYAM TEGAL BETAWI","TIPE_1":"MAKANAN DAN MINUMAN","TIPE_2":"RESTORAN","TIPE_3":"WARUNG TEGAL","TELEPON":"0821-1129-4235","ALAMAT":"KELURAHAN :, JL. H. HANAPI JL. WIJAYAKUSUMA, RT.11/RW.2, PD. BAMBU, KECAMATAN :DUREN SAWIT, KOTA JAKARTA TIMUR, DAERAH KHUSUS IBUKOTA JAKARTA 13430","ID_PROV":"31","PROVINSI":"DKI JAKARTA","ID_KABKOT":"31.75","KABKOT":"KOTA ADM. JAKARTA TIMUR","ID_KEC":"31.75.07","KECAMATAN":"DUREN SAWIT","ID_DESA":"31.75.07.1002","DESA":"PONDOK BAMBU","LONGITUDE":106.893543,"LATITUDE":-6.2263105,"STATUS":"BUKA","TANGGAL UPDATE":"27/02/2025","TANGGAL PENGUMPULAN":"Q4 2023","q":27450,"r":-15112}},{"type":"Feature","geometry":{"coordinates":[106.8700761,-6.2902958],"type":"Point"},"properties":{"NAMA":"SOP TONGSENG DAN SATE KAMBING ASLI TEGAL","TIPE_1":"MAKANAN DAN MINUMAN","TIPE_2":"RESTORAN","TIPE_3":"WARUNG TEGAL","TELEPON":"0878-8714-0605","ALAMAT":"JL. RAHAYU NO.17A, RT.4/RW.1, KP. TENGAH, KEC. KRAMAT JATI, KOTA JAKARTA TIMUR, DAERAH KHUSUS IBUKOTA JAKARTA 13540","ID_PROV":"31","PROVINSI":"DKI JAKARTA","ID_KABKOT":"31.75","KABKOT":"KOTA ADM. JAKARTA TIMUR","ID_KEC":"31.75.04","KECAMATAN":"KRAMATJATI","ID_DESA":"31.75.04.1002","DESA":"TENGAH","LONGITUDE":106.8700761,"LATITUDE":-6.2902958,"STATUS":"BUKA","TANGGAL UPDATE":"27/02/2025","TANGGAL PENGUMPULAN":"Q4 2023","q":27444,"r":-15123}},{"type":"Feature","geometry":{"coordinates":[106.8827962,-6.1929118],"type":"Point"},"properties":{"NAMA":"SATE TEGAL PEMUDA 35","TIPE_1":"MAKANAN DAN MINUMAN","TIPE_2":"RESTORAN","TIPE_3":"WARUNG TEGAL","TELEPON":"0857-8475-6627","ALAMAT":"JL. PEMUDA NO.35, RT.10/RW.3, RAWAMANGUN, KEC. PULO GADUNG, KOTA JAKARTA TIMUR, DAERAH KHUSUS IBUKOTA JAKARTA 13560","ID_PROV":"31","PROVINSI":"DKI JAKARTA","ID_KABKOT":"31.75","KABKOT":"KOTA ADM. JAKARTA TIMUR","ID_KEC":"31.75.02","KECAMATAN":"PULOGADUNG","ID_DESA":"31.75.02.1005","DESA":"RAWAMANGUN","LONGITUDE":106.8827962,"LATITUDE":-6.1929118,"STATUS":"BUKA","TANGGAL UPDATE":"27/02/2025","TANGGAL PENGUMPULAN":"Q4 2023","q":27447,"r":-15103}},{"type":"Feature","geometry":{"coordinates":[106.9161309,-6.2209264],"type":"Point"},"properties":{"NAMA":"WARKOP TEGAL","TIPE_1":"MAKANAN DAN MINUMAN","TIPE_2":"RESTORAN","TIPE_3":"WARUNG TEGAL","TELEPON":"","ALAMAT":"JL. LKR. DUREN SAWIT NO.1 C, RT.4/RW.12, KLENDER, KEC. DUREN SAWIT, KOTA JAKARTA TIMUR, DAERAH KHUSUS IBUKOTA JAKARTA 13440","ID_PROV":"31","PROVINSI":"DKI JAKARTA","ID_KABKOT":"31.75","KABKOT":"KOTA ADM. JAKARTA TIMUR","ID_KEC":"31.75.07","KECAMATAN":"DUREN SAWIT","ID_DESA":"31.75.07.1003","DESA":"KLENDER","LONGITUDE":106.9161309,"LATITUDE":-6.2209264,"STATUS":"BUKA","TANGGAL UPDATE":"27/02/2025","TANGGAL PENGUMPULAN":"Q4 2023","q":27455,"r":-15114}},{"type":"Feature","geometry":{"coordinates":[106.8975116,-6.2136857],"type":"Point"},"properties":{"NAMA":"WARTEG TEGAL BAHARI","TIPE_1":"MAKANAN DAN MINUMAN","TIPE_2":"RESTORAN","TIPE_3":"WARUNG TEGAL","TELEPON":"","ALAMAT":"JL. PERTANIAN KLENDER, RT.9/RW.1, KLENDER, KEC. DUREN SAWIT, KOTA JAKARTA TIMUR, DAERAH KHUSUS IBUKOTA JAKARTA 13470","ID_PROV":"31","PROVINSI":"DKI JAKARTA","ID_KABKOT":"31.75","KABKOT":"KOTA ADM. JAKARTA TIMUR","ID_KEC":"31.75.07","KECAMATAN":"DUREN SAWIT","ID_DESA":"31.75.07.1003","DESA":"KLENDER","LONGITUDE":106.8975116,"LATITUDE":-6.2136857,"STATUS":"BUKA","TANGGAL UPDATE":"27/02/2025","TANGGAL PENGUMPULAN":"Q4 2023","q":27451,"r":-15110}},{"type":"Feature","geometry":{"coordinates":[106.9352061,-6.2091026],"type":"Point"},"properties":{"NAMA":"KETOPRAK TEGAL","TIPE_1":"MAKANAN DAN MINUMAN","TIPE_2":"RESTORAN","TIPE_3":"WARUNG TEGAL","TELEPON":"","ALAMAT":"JL. AMALIA NO.55, RT.1/RW.11, PENGGILINGAN, KEC. CAKUNG, KOTA JAKARTA TIMUR, DAERAH KHUSUS IBUKOTA JAKARTA 13940","ID_PROV":"31","PROVINSI":"DKI JAKARTA","ID_KABKOT":"31.75","KABKOT":"KOTA ADM. JAKARTA TIMUR","ID_KEC":"31.75.06","KECAMATAN":"CAKUNG","ID_DESA":"31.75.06.1003","DESA":"PENGGILINGAN","LONGITUDE":106.9352061,"LATITUDE":-6.2091026,"STATUS":"BUKA","TANGGAL UPDATE":"27/02/2025","TANGGAL PENGUMPULAN":"Q4 2023","q":27460,"r":-15114}},{"type":"Feature","geometry":{"coordinates":[106.9066778,-6.2310484],"type":"Point"},"properties":{"NAMA":"WARUNG NASI TEGAL 2","TIPE_1":"MAKANAN DAN MINUMAN","TIPE_2":"RESTORAN","TIPE_3":"WARUNG TEGAL","TELEPON":"","ALAMAT":"JL. ADAM NO.20-14, RT.18/RW.6, PD. BAMBU, KEC. DUREN SAWIT, KOTA JAKARTA TIMUR, DAERAH KHUSUS IBUKOTA JAKARTA 13430","ID_PROV":"31","PROVINSI":"DKI JAKARTA","ID_KABKOT":"31.75","KABKOT":"KOTA ADM. JAKARTA TIMUR","ID_KEC":"31.75.07","KECAMATAN":"DUREN SAWIT","ID_DESA":"31.75.07.1002","DESA":"PONDOK BAMBU","LONGITUDE":106.9066778,"LATITUDE":-6.2310484,"STATUS":"BUKA","TANGGAL UPDATE":"27/02/2025","TANGGAL PENGUMPULAN":"Q4 2023","q":27453,"r":-15115}},{"type":"Feature","geometry":{"coordinates":[106.8920982,-6.221195],"type":"Point"},"properties":{"NAMA":"SATE & SOP KAMBING MUDA WEDUS ENOM KHAS TEGAL","TIPE_1":"MAKANAN DAN MINUMAN","TIPE_2":"RESTORAN","TIPE_3":"WARUNG TEGAL","TELEPON":"","ALAMAT":"JL. CIPINANG MUARA 3, RT.2/RW.15, CIPINANG MUARA, KECAMATAN JATINEGARA, KOTA JAKARTA TIMUR, DAERAH KHUSUS IBUKOTA JAKARTA 13420","ID_PROV":"31","PROVINSI":"DKI JAKARTA","ID_KABKOT":"31.75","KABKOT":"KOTA ADM. JAKARTA TIMUR","ID_KEC":"31.75.03","KECAMATAN":"JATINEGARA","ID_DESA":"31.75.03.1006","DESA":"CIPINANG MUARA","LONGITUDE":106.8920982,"LATITUDE":-6.221195,"STATUS":"BUKA","TANGGAL UPDATE":"27/02/2025","TANGGAL PENGUMPULAN":"Q4 2023","q":27449,"r":-15111}},{"type":"Feature","geometry":{"coordinates":[106.9001279,-6.2188462],"type":"Point"},"properties":{"NAMA":"WARTEG TEGAL WONG","TIPE_1":"MAKANAN DAN MINUMAN","TIPE_2":"RESTORAN","TIPE_3":"WARUNG TEGAL","TELEPON":"","ALAMAT":"JL. DERMAGA RAYA NO.3, RT.11/RW.5, KLENDER, KEC. DUREN SAWIT, KOTA JAKARTA TIMUR, DAERAH KHUSUS IBUKOTA JAKARTA 13470","ID_PROV":"31","PROVINSI":"DKI JAKARTA","ID_KABKOT":"31.75","KABKOT":"KOTA ADM. JAKARTA TIMUR","ID_KEC":"31.75.07","KECAMATAN":"DUREN SAWIT","ID_DESA":"31.75.07.1003","DESA":"KLENDER","LONGITUDE":106.9001279,"LATITUDE":-6.2188462,"STATUS":"BUKA","TANGGAL UPDATE":"27/02/2025","TANGGAL PENGUMPULAN":"Q4 2023","q":27451,"r":-15111}},{"type":"Feature","geometry":{"coordinates":[106.922645,-6.2061584],"type":"Point"},"properties":{"NAMA":"MARTABAK TEGAL LAKA LAKA","TIPE_1":"MAKANAN DAN MINUMAN","TIPE_2":"RESTORAN","TIPE_3":"WARUNG TEGAL","TELEPON":"","ALAMAT":"JL. SWADAYA KP. RW. BADUNG NO.2, RT.2/RW.7, JATINEGARA, KEC. CAKUNG, KOTA JAKARTA TIMUR, DAERAH KHUSUS IBUKOTA JAKARTA 13930","ID_PROV":"31","PROVINSI":"DKI JAKARTA","ID_KABKOT":"31.75","KABKOT":"KOTA ADM. JAKARTA TIMUR","ID_KEC":"31.75.06","KECAMATAN":"CAKUNG","ID_DESA":"31.75.06.1001","DESA":"JATINEGARA","LONGITUDE":106.922645,"LATITUDE":-6.2061584,"STATUS":"BUKA","TANGGAL UPDATE":"27/02/2025","TANGGAL PENGUMPULAN":"Q4 2023","q":27457,"r":-15111}},{"type":"Feature","geometry":{"coordinates":[106.8961527,-6.2294092],"type":"Point"},"properties":{"NAMA":"WARUNG MAKAN TEGAL IBU WAWAN","TIPE_1":"MAKANAN DAN MINUMAN","TIPE_2":"RESTORAN","TIPE_3":"WARUNG TEGAL","TELEPON":"","ALAMAT":"JALAN BASUKI RAHMAT NO.41A 3 2, RT.3/RW.2, PD. BAMBU, KEC. DUREN SAWIT, KOTA JAKARTA TIMUR, DAERAH KHUSUS IBUKOTA JAKARTA 13430","ID_PROV":"31","PROVINSI":"DKI JAKARTA","ID_KABKOT":"31.75","KABKOT":"KOTA ADM. JAKARTA TIMUR","ID_KEC":"31.75.07","KECAMATAN":"DUREN SAWIT","ID_DESA":"31.75.07.1002","DESA":"PONDOK BAMBU","LONGITUDE":106.8961527,"LATITUDE":-6.2294092,"STATUS":"BUKA","TANGGAL UPDATE":"27/02/2025","TANGGAL PENGUMPULAN":"Q4 2023","q":27450,"r":-15113}},{"type":"Feature","geometry":{"coordinates":[106.9196499,-6.2204004],"type":"Point"},"properties":{"NAMA":"WARUNG TEGAL","TIPE_1":"MAKANAN DAN MINUMAN","TIPE_2":"RESTORAN","TIPE_3":"WARUNG TEGAL","TELEPON":"0851-0026-7573","ALAMAT":"JL.BUARAN 3 NO 45 RT 001 RW 015 KEL.DUREN SAWIT, KEC.DURENSAWIT, JAKARTA, DAERAH KHUSUS IBUKOTA JAKARTA 13440","ID_PROV":"31","PROVINSI":"DKI JAKARTA","ID_KABKOT":"31.75","KABKOT":"KOTA ADM. JAKARTA TIMUR","ID_KEC":"31.75.07","KECAMATAN":"DUREN SAWIT","ID_DESA":"31.75.07.1003","DESA":"KLENDER","LONGITUDE":106.9196499,"LATITUDE":-6.2204004,"STATUS":"BUKA","TANGGAL UPDATE":"27/02/2025","TANGGAL PENGUMPULAN":"Q4 2023","q":27456,"r":-15114}},{"type":"Feature","geometry":{"coordinates":[106.8693613,-6.2894192],"type":"Point"},"properties":{"NAMA":"SATE TEGAL RASA BARU","TIPE_1":"MAKANAN DAN MINUMAN","TIPE_2":"RESTORAN","TIPE_3":"WARUNG TEGAL","TELEPON":"","ALAMAT":"JL. RAYA INPRES NO.5, RT.5/RW.1, KP. TENGAH, KEC. KRAMAT JATI, KOTA JAKARTA TIMUR, DAERAH KHUSUS IBUKOTA JAKARTA 13540","ID_PROV":"31","PROVINSI":"DKI JAKARTA","ID_KABKOT":"31.75","KABKOT":"KOTA ADM. JAKARTA TIMUR","ID_KEC":"31.75.04","KECAMATAN":"KRAMATJATI","ID_DESA":"31.75.04.1002","DESA":"TENGAH","LONGITUDE":106.8693613,"LATITUDE":-6.2894192,"STATUS":"BUKA","TANGGAL UPDATE":"27/02/2025","TANGGAL PENGUMPULAN":"Q4 2023","q":27443,"r":-15123}},{"type":"Feature","geometry":{"coordinates":[106.9064968,-6.2309689],"type":"Point"},"properties":{"NAMA":"WARUNG NASI TEGAL","TIPE_1":"MAKANAN DAN MINUMAN","TIPE_2":"RESTORAN","TIPE_3":"WARUNG TEGAL","TELEPON":"","ALAMAT":"JL. ADAM NO.14, RT.18/RW.6, PD. BAMBU, KEC. DUREN SAWIT, KOTA JAKARTA TIMUR, DAERAH KHUSUS IBUKOTA JAKARTA 13430","ID_PROV":"31","PROVINSI":"DKI JAKARTA","ID_KABKOT":"31.75","KABKOT":"KOTA ADM. JAKARTA TIMUR","ID_KEC":"31.75.07","KECAMATAN":"DUREN SAWIT","ID_DESA":"31.75.07.1002","DESA":"PONDOK BAMBU","LONGITUDE":106.9064968,"LATITUDE":-6.2309689,"STATUS":"BUKA","TANGGAL UPDATE":"27/02/2025","TANGGAL PENGUMPULAN":"Q4 2023","q":27453,"r":-15115}},{"type":"Feature","geometry":{"coordinates":[106.8695999,-6.264101],"type":"Point"},"properties":{"NAMA":"WARTEG PUTRA TEGAL","TIPE_1":"MAKANAN DAN MINUMAN","TIPE_2":"RESTORAN","TIPE_3":"WARUNG TEGAL","TELEPON":"","ALAMAT":"JL. CILILITAN BESAR NO.12, RT.12/RW.2, KRAMAT JATI, KEC. KRAMAT JATI, KOTA JAKARTA TIMUR, DAERAH KHUSUS IBUKOTA JAKARTA 13510","ID_PROV":"31","PROVINSI":"DKI JAKARTA","ID_KABKOT":"31.75","KABKOT":"KOTA ADM. JAKARTA TIMUR","ID_KEC":"31.75.04","KECAMATAN":"KRAMATJATI","ID_DESA":"31.75.04.1001","DESA":"KRAMATJATI","LONGITUDE":106.8695999,"LATITUDE":-6.264101,"STATUS":"BUKA","TANGGAL UPDATE":"27/02/2025","TANGGAL PENGUMPULAN":"Q4 2023","q":27443,"r":-15118}},{"type":"Feature","geometry":{"coordinates":[106.8709467,-6.2619017],"type":"Point"},"properties":{"NAMA":"SATE TEGAL BANG OJI","TIPE_1":"MAKANAN DAN MINUMAN","TIPE_2":"RESTORAN","TIPE_3":"WARUNG TEGAL","TELEPON":"","ALAMAT":"JL. MANDALA V NO.7, RT.7/RW.9, CILILITAN, KEC. KRAMAT JATI, KOTA JAKARTA TIMUR, DAERAH KHUSUS IBUKOTA JAKARTA 13640","ID_PROV":"31","PROVINSI":"DKI JAKARTA","ID_KABKOT":"31.75","KABKOT":"KOTA ADM. JAKARTA TIMUR","ID_KEC":"31.75.04","KECAMATAN":"KRAMATJATI","ID_DESA":"31.75.04.1006","DESA":"CILILITAN","LONGITUDE":106.8709467,"LATITUDE":-6.2619017,"STATUS":"BUKA","TANGGAL UPDATE":"27/02/2025","TANGGAL PENGUMPULAN":"Q4 2023","q":27444,"r":-15117}},{"type":"Feature","geometry":{"coordinates":[106.8551594,-6.2836626],"type":"Point"},"properties":{"NAMA":"WARUNG MAKAN TEGAL","TIPE_1":"MAKANAN DAN MINUMAN","TIPE_2":"RESTORAN","TIPE_3":"WARUNG TEGAL","TELEPON":"","ALAMAT":"JL. RAYA CONDET, RT.5/RW.3, BALEKAMBANG, KEC. KRAMAT JATI, KOTA JAKARTA TIMUR, DAERAH KHUSUS IBUKOTA JAKARTA","ID_PROV":"31","PROVINSI":"DKI JAKARTA","ID_KABKOT":"31.75","KABKOT":"KOTA ADM. JAKARTA TIMUR","ID_KEC":"31.75.04","KECAMATAN":"KRAMATJATI","ID_DESA":"31.75.04.1005","DESA":"BALEKAMBANG","LONGITUDE":106.8551594,"LATITUDE":-6.2836626,"STATUS":"BUKA","TANGGAL UPDATE":"27/02/2025","TANGGAL PENGUMPULAN":"Q4 2023","q":27440,"r":-15120}},{"type":"Feature","geometry":{"coordinates":[106.8685027,-6.2451785],"type":"Point"},"properties":{"NAMA":"SATE TEGAL KAMBING MUDA WEDUS CILIK","TIPE_1":"MAKANAN DAN MINUMAN","TIPE_2":"RESTORAN","TIPE_3":"WARUNG TEGAL","TELEPON":"0851-5695-8660","ALAMAT":"JL. LETJEN M.T. HARYONO NO.1, RT.1/RW.4, CAWANG, KEC. KRAMAT JATI, KOTA JAKARTA TIMUR, DAERAH KHUSUS IBUKOTA JAKARTA 13630","ID_PROV":"31","PROVINSI":"DKI JAKARTA","ID_KABKOT":"31.75","KABKOT":"KOTA ADM. JAKARTA TIMUR","ID_KEC":"31.75.04","KECAMATAN":"KRAMATJATI","ID_DESA":"31.75.04.1007","DESA":"CAWANG","LONGITUDE":106.8685027,"LATITUDE":-6.2451785,"STATUS":"BUKA","TANGGAL UPDATE":"27/02/2025","TANGGAL PENGUMPULAN":"Q4 2023","q":27443,"r":-15113}},{"type":"Feature","geometry":{"coordinates":[106.915209,-6.2212273],"type":"Point"},"properties":{"NAMA":"SATE TEGAL BERKAH DUREN SAWIT","TIPE_1":"MAKANAN DAN MINUMAN","TIPE_2":"RESTORAN","TIPE_3":"WARUNG TEGAL","TELEPON":"0812-1905-2155","ALAMAT":"JL. LKR. DUREN SAWIT, RT.1/RW.8, KLENDER, KEC. DUREN SAWIT, KOTA JAKARTA TIMUR, DAERAH KHUSUS IBUKOTA JAKARTA 13440","ID_PROV":"31","PROVINSI":"DKI JAKARTA","ID_KABKOT":"31.75","KABKOT":"KOTA ADM. JAKARTA TIMUR","ID_KEC":"31.75.07","KECAMATAN":"DUREN SAWIT","ID_DESA":"31.75.07.1003","DESA":"KLENDER","LONGITUDE":106.915209,"LATITUDE":-6.2212273,"STATUS":"BUKA","TANGGAL UPDATE":"27/02/2025","TANGGAL PENGUMPULAN":"Q4 2023","q":27455,"r":-15114}},{"type":"Feature","geometry":{"coordinates":[106.899608,-6.2187187],"type":"Point"},"properties":{"NAMA":"WARUNG MAKAN TEGAL REVOLUSI","TIPE_1":"MAKANAN DAN MINUMAN","TIPE_2":"RESTORAN","TIPE_3":"WARUNG TEGAL","TELEPON":"","ALAMAT":"JL. PAHLAWAN REVOLUSI NO.38, RT.9/RW.4, KLENDER, KEC. DUREN SAWIT, KOTA JAKARTA TIMUR, DAERAH KHUSUS IBUKOTA JAKARTA 13470","ID_PROV":"31","PROVINSI":"DKI JAKARTA","ID_KABKOT":"31.75","KABKOT":"KOTA ADM. JAKARTA TIMUR","ID_KEC":"31.75.07","KECAMATAN":"DUREN SAWIT","ID_DESA":"31.75.07.1003","DESA":"KLENDER","LONGITUDE":106.899608,"LATITUDE":-6.2187187,"STATUS":"BUKA","TANGGAL UPDATE":"27/02/2025","TANGGAL PENGUMPULAN":"Q4 2023","q":27451,"r":-15111}},{"type":"Feature","geometry":{"coordinates":[106.8571796,-6.2727957],"type":"Point"},"properties":{"NAMA":"SATE TEGAL ABU SALIM","TIPE_1":"MAKANAN DAN MINUMAN","TIPE_2":"RESTORAN","TIPE_3":"WARUNG TEGAL","TELEPON":"(021) 80878632","ALAMAT":"JL. RAYA CONDET NO.2, BALEKAMBANG, KEC. KRAMAT JATI, KOTA JAKARTA TIMUR, DAERAH KHUSUS IBUKOTA JAKARTA 13530","ID_PROV":"31","PROVINSI":"DKI JAKARTA","ID_KABKOT":"31.75","KABKOT":"KOTA ADM. JAKARTA TIMUR","ID_KEC":"31.75.04","KECAMATAN":"KRAMATJATI","ID_DESA":"31.75.04.1005","DESA":"BALEKAMBANG","LONGITUDE":106.8571796,"LATITUDE":-6.2727957,"STATUS":"BUKA","TANGGAL UPDATE":"27/02/2025","TANGGAL PENGUMPULAN":"Q4 2023","q":27440,"r":-15118}},{"type":"Feature","geometry":{"coordinates":[106.8597239,-6.2090017],"type":"Point"},"properties":{"NAMA":"SATE TEGAL MATRAMAN","TIPE_1":"MAKANAN DAN MINUMAN","TIPE_2":"RESTORAN","TIPE_3":"WARUNG TEGAL","TELEPON":"0856-1132-818","ALAMAT":"JL. MATRAMAN RAYA NO.131, RW.9, PALMERIAM, KEC. MATRAMAN, KOTA JAKARTA TIMUR, DAERAH KHUSUS IBUKOTA JAKARTA","ID_PROV":"31","PROVINSI":"DKI JAKARTA","ID_KABKOT":"31.75","KABKOT":"KOTA ADM. JAKARTA TIMUR","ID_KEC":"31.75.01","KECAMATAN":"MATRAMAN","ID_DESA":"31.75.01.1004","DESA":"PALMERIAM","LONGITUDE":106.8597239,"LATITUDE":-6.2090017,"STATUS":"BUKA","TANGGAL UPDATE":"27/02/2025","TANGGAL PENGUMPULAN":"Q4 2023","q":27441,"r":-15104}},{"type":"Feature","geometry":{"coordinates":[106.8990299,-6.2251179],"type":"Point"},"properties":{"NAMA":"SATE TEGAL HJJAMILLAH","TIPE_1":"MAKANAN DAN MINUMAN","TIPE_2":"RESTORAN","TIPE_3":"WARUNG TEGAL","TELEPON":"0878-8842-1756","ALAMAT":"JL. PAHLAWAN REVOLUSI, RT.4/RW.1, PD. BAMBU, KEC. DUREN SAWIT, KOTA JAKARTA TIMUR, DAERAH KHUSUS IBUKOTA JAKARTA 13430","ID_PROV":"31","PROVINSI":"DKI JAKARTA","ID_KABKOT":"31.75","KABKOT":"KOTA ADM. JAKARTA TIMUR","ID_KEC":"31.75.07","KECAMATAN":"DUREN SAWIT","ID_DESA":"31.75.07.1002","DESA":"PONDOK BAMBU","LONGITUDE":106.8990299,"LATITUDE":-6.2251179,"STATUS":"BUKA","TANGGAL UPDATE":"27/02/2025","TANGGAL PENGUMPULAN":"Q4 2023","q":27451,"r":-15113}},{"type":"Feature","geometry":{"coordinates":[106.8875787,-6.2284855],"type":"Point"},"properties":{"NAMA":"WARUNG MAKAN TEGAL 77","TIPE_1":"MAKANAN DAN MINUMAN","TIPE_2":"RESTORAN","TIPE_3":"WARUNG TEGAL","TELEPON":"0878-7540-0845","ALAMAT":"SADAR 1 NO.1, RT.1/RW.14, CIPINANG MUARA, KECAMATAN JATINEGARA, KOTA JAKARTA TIMUR, DAERAH KHUSUS IBUKOTA JAKARTA 13420","ID_PROV":"31","PROVINSI":"DKI JAKARTA","ID_KABKOT":"31.75","KABKOT":"KOTA ADM. JAKARTA TIMUR","ID_KEC":"31.75.03","KECAMATAN":"JATINEGARA","ID_DESA":"31.75.03.1006","DESA":"CIPINANG MUARA","LONGITUDE":106.8875787,"LATITUDE":-6.2284855,"STATUS":"BUKA","TANGGAL UPDATE":"27/02/2025","TANGGAL PENGUMPULAN":"Q4 2023","q":27448,"r":-15112}},{"type":"Feature","geometry":{"coordinates":[106.9387801,-6.2245773],"type":"Point"},"properties":{"NAMA":"MARTABAK LEBAKSIU - TEGAL","TIPE_1":"MAKANAN DAN MINUMAN","TIPE_2":"RESTORAN","TIPE_3":"WARUNG TEGAL","TELEPON":"0812-1130-8638","ALAMAT":"8, JL. MAWAR MERAH II NO.12, RT.8/RW.1, PD. KOPI, KEC. DUREN SAWIT, KOTA JAKARTA TIMUR, DAERAH KHUSUS IBUKOTA JAKARTA 13460","ID_PROV":"31","PROVINSI":"DKI JAKARTA","ID_KABKOT":"31.75","KABKOT":"KOTA ADM. JAKARTA TIMUR","ID_KEC":"31.75.07","KECAMATAN":"DUREN SAWIT","ID_DESA":"31.75.07.1007","DESA":"PONDOK KOPI","LONGITUDE":106.9387801,"LATITUDE":-6.2245773,"STATUS":"BUKA","TANGGAL UPDATE":"27/02/2025","TANGGAL PENGUMPULAN":"Q4 2023","q":27461,"r":-15118}},{"type":"Feature","geometry":{"coordinates":[106.9439547,-6.1813564],"type":"Point"},"properties":{"NAMA":"WARUNG MAKAN TEGAL BAHARI","TIPE_1":"MAKANAN DAN MINUMAN","TIPE_2":"RESTORAN","TIPE_3":"WARUNG TEGAL","TELEPON":"","ALAMAT":"JL. INSPEKSI KAYU TINGGI, RT.2/RW.3, CAKUNG TIM., KEC. CAKUNG, KOTA JAKARTA TIMUR, DAERAH KHUSUS IBUKOTA JAKARTA 13910","ID_PROV":"31","PROVINSI":"DKI JAKARTA","ID_KABKOT":"31.75","KABKOT":"KOTA ADM. JAKARTA TIMUR","ID_KEC":"31.75.06","KECAMATAN":"CAKUNG","ID_DESA":"31.75.06.1004","DESA":"CAKUNG TIMUR","LONGITUDE":106.9439547,"LATITUDE":-6.1813564,"STATUS":"BUKA","TANGGAL UPDATE":"27/02/2025","TANGGAL PENGUMPULAN":"Q4 2023","q":27463,"r":-15109}},{"type":"Feature","geometry":{"coordinates":[106.9190122,-6.2050112],"type":"Point"},"properties":{"NAMA":"WARUNG TEGAL MANDIRI","TIPE_1":"MAKANAN DAN MINUMAN","TIPE_2":"RESTORAN","TIPE_3":"WARUNG TEGAL","TELEPON":"","ALAMAT":"JL. PULOBUARAN I NO.9, RW.9, JATINEGARA, KEC. CAKUNG, KOTA JAKARTA TIMUR, DAERAH KHUSUS IBUKOTA JAKARTA 13930","ID_PROV":"31","PROVINSI":"DKI JAKARTA","ID_KABKOT":"31.75","KABKOT":"KOTA ADM. JAKARTA TIMUR","ID_KEC":"31.75.06","KECAMATAN":"CAKUNG","ID_DESA":"31.75.06.1001","DESA":"JATINEGARA","LONGITUDE":106.9190122,"LATITUDE":-6.2050112,"STATUS":"BUKA","TANGGAL UPDATE":"27/02/2025","TANGGAL PENGUMPULAN":"Q4 2023","q":27456,"r":-15111}},{"type":"Feature","geometry":{"coordinates":[106.8732835,-6.1973439],"type":"Point"},"properties":{"NAMA":"WARUNGSATE TEGAL","TIPE_1":"MAKANAN DAN MINUMAN","TIPE_2":"RESTORAN","TIPE_3":"WARUNG TEGAL","TELEPON":"","ALAMAT":"RT.20/RW.10, UTAN KAYU UTARA, KEC. MATRAMAN, KOTA JAKARTA TIMUR, DAERAH KHUSUS IBUKOTA JAKARTA 13120","ID_PROV":"31","PROVINSI":"DKI JAKARTA","ID_KABKOT":"31.75","KABKOT":"KOTA ADM. JAKARTA TIMUR","ID_KEC":"31.75.01","KECAMATAN":"MATRAMAN","ID_DESA":"31.75.01.1002","DESA":"UTAN KAYU UTARA","LONGITUDE":106.8732835,"LATITUDE":-6.1973439,"STATUS":"BUKA","TANGGAL UPDATE":"27/02/2025","TANGGAL PENGUMPULAN":"Q4 2023","q":27444,"r":-15103}},{"type":"Feature","geometry":{"coordinates":[106.8812871,-6.2105541],"type":"Point"},"properties":{"NAMA":"SOTO KHAS TEGAL SEDAP MALAM AMIR (HOME INDUSTRI)","TIPE_1":"MAKANAN DAN MINUMAN","TIPE_2":"RESTORAN","TIPE_3":"WARUNG TEGAL","TELEPON":"0812-9389-5445","ALAMAT":"GG. PORI 4 NO.37, RT.6/RW.12, PISANGAN TIM., KEC. PULO GADUNG, KOTA JAKARTA TIMUR, DAERAH KHUSUS IBUKOTA JAKARTA 13230","ID_PROV":"31","PROVINSI":"DKI JAKARTA","ID_KABKOT":"31.75","KABKOT":"KOTA ADM. JAKARTA TIMUR","ID_KEC":"31.75.02","KECAMATAN":"PULOGADUNG","ID_DESA":"31.75.02.1002","DESA":"PISANGAN TIMUR","LONGITUDE":106.8812871,"LATITUDE":-6.2105541,"STATUS":"BUKA","TANGGAL UPDATE":"27/02/2025","TANGGAL PENGUMPULAN":"Q4 2023","q":27446,"r":-15107}},{"type":"Feature","geometry":{"coordinates":[106.9068731,-6.2147051],"type":"Point"},"properties":{"NAMA":"WARTEG TELAGA BIRU","TIPE_1":"MAKANAN DAN MINUMAN","TIPE_2":"RESTORAN","TIPE_3":"WARUNG TEGAL","TELEPON":"","ALAMAT":"JL. BULAK TIMUR I NO.31, RT.1/RW.15, KLENDER, KEC. DUREN SAWIT, KOTA JAKARTA TIMUR, DAERAH KHUSUS IBUKOTA JAKARTA 13470","ID_PROV":"31","PROVINSI":"DKI JAKARTA","ID_KABKOT":"31.75","KABKOT":"KOTA ADM. JAKARTA TIMUR","ID_KEC":"31.75.07","KECAMATAN":"DUREN SAWIT","ID_DESA":"31.75.07.1003","DESA":"KLENDER","LONGITUDE":106.9068731,"LATITUDE":-6.2147051,"STATUS":"BUKA","TANGGAL UPDATE":"27/02/2025","TANGGAL PENGUMPULAN":"Q4 2023","q":27453,"r":-15111}},{"type":"Feature","geometry":{"coordinates":[106.8993779,-6.2445049],"type":"Point"},"properties":{"NAMA":"WARUNG NASI TEGAL IBU KURNIAWAN","TIPE_1":"MAKANAN DAN MINUMAN","TIPE_2":"RESTORAN","TIPE_3":"WARUNG TEGAL","TELEPON":"","ALAMAT":"JL. INSPEKSI TARUM BAR., RT.1/RW.10, CIPINANG MELAYU, KEC. MAKASAR, KOTA JAKARTA TIMUR, DAERAH KHUSUS IBUKOTA JAKARTA 13620","ID_PROV":"31","PROVINSI":"DKI JAKARTA","ID_KABKOT":"31.75","KABKOT":"KOTA ADM. JAKARTA TIMUR","ID_KEC":"31.75.08","KECAMATAN":"MAKASAR","ID_DESA":"31.75.08.1005","DESA":"CIPINANG MELAYU","LONGITUDE":106.8993779,"LATITUDE":-6.2445049,"STATUS":"BUKA","TANGGAL UPDATE":"27/02/2025","TANGGAL PENGUMPULAN":"Q4 2023","q":27451,"r":-15117}},{"type":"Feature","geometry":{"coordinates":[106.88833260000007,-6.32479479999995],"type":"Point"},"properties":{"NAMA":"BAKMI JAWA (KHAS JOGJA) LAGUNA 2","TIPE_1":"MAKANAN DAN MINUMAN","TIPE_2":"RESTORAN","TIPE_3":"MIE DAN BAKSO","TELEPON":"0817-9161-087","ALAMAT":"JL. BINA MARGA NO.8, RT.10/RW.6, CEGER, KEC. CIPAYUNG, KOTA JAKARTA TIMUR, DAERAH KHUSUS IBUKOTA JAKARTA 13820","ID_PROV":"31","PROVINSI":"DKI JAKARTA","ID_KABKOT":"31.75","KABKOT":"KOTA ADM. JAKARTA TIMUR","ID_KEC":"31.75.10","KECAMATAN":"CIPAYUNG","ID_DESA":"31.75.10.1001","DESA":"CIPAYUNG","LONGITUDE":106.8883326,"LATITUDE":-6.3247948,"STATUS":"BUKA","TANGGAL UPDATE":"27/02/2025","TANGGAL PENGUMPULAN":"Q4 2023","q":27448,"r":-15134}},{"type":"Feature","geometry":{"coordinates":[106.888066,-6.223301],"type":"Point"},"properties":{"NAMA":"BAKMI W3 TOKO EUROPA","TIPE_1":"MAKANAN DAN MINUMAN","TIPE_2":"RESTORAN","TIPE_3":"MIE DAN BAKSO","TELEPON":"0815-1197-2364","ALAMAT":"JL. CIPINANG ELOK II BLOK W NO.3, RT.8/RW.10, CIPINANG MUARA, KECAMATAN JATINEGARA, JAKARTA, DAERAH KHUSUS IBUKOTA JAKARTA 13420","ID_PROV":"31","PROVINSI":"DKI JAKARTA","ID_KABKOT":"31.75","KABKOT":"KOTA ADM. JAKARTA TIMUR","ID_KEC":"31.75.03","KECAMATAN":"JATINEGARA","ID_DESA":"31.75.03.1006","DESA":"CIPINANG MUARA","LONGITUDE":106.888066,"LATITUDE":-6.223301,"STATUS":"BUKA","TANGGAL UPDATE":"27/02/2025","TANGGAL PENGUMPULAN":"Q4 2023","q":27448,"r":-15111}},{"type":"Feature","geometry":{"coordinates":[106.92707980000006,-6.217209299999979],"type":"Point"},"properties":{"NAMA":"DEPOT MIE SURABAYA GROUPDELIMA RAYA","TIPE_1":"MAKANAN DAN MINUMAN","TIPE_2":"RESTORAN","TIPE_3":"MIE DAN BAKSO","TELEPON":"","ALAMAT":"JL. DELIMA RAYA NO.32, RT.2/RW.2, MALAKA SARI, KEC. DUREN SAWIT, KOTA JAKARTA TIMUR, DAERAH KHUSUS IBUKOTA JAKARTA 13460","ID_PROV":"31","PROVINSI":"DKI JAKARTA","ID_KABKOT":"31.75","KABKOT":"KOTA ADM. JAKARTA TIMUR","ID_KEC":"31.75.07","KECAMATAN":"DUREN SAWIT","ID_DESA":"31.75.07.1005","DESA":"MALAKA SARI","LONGITUDE":106.9270798,"LATITUDE":-6.2172093,"STATUS":"BUKA","TANGGAL UPDATE":"27/02/2025","TANGGAL PENGUMPULAN":"Q4 2023","q":27458,"r":-15114}},{"type":"Feature","geometry":{"coordinates":[106.89068280000004,-6.34407189999996],"type":"Point"},"properties":{"NAMA":"DAPOER INDUSTRI","TIPE_1":"MAKANAN DAN MINUMAN","TIPE_2":"RESTORAN","TIPE_3":"MIE DAN BAKSO","TELEPON":"0812-8885-608","ALAMAT":"1, JL. MALAKA NO.11, RT.1/RW.7, MUNJUL, KEC. CIPAYUNG, DAERAH KHUSUS IBUKOTA JAKARTA 13850","ID_PROV":"31","PROVINSI":"DKI JAKARTA","ID_KABKOT":"31.75","KABKOT":"KOTA ADM. JAKARTA TIMUR","ID_KEC":"31.75.10","KECAMATAN":"CIPAYUNG","ID_DESA":"31.75.10.1004","DESA":"MUNJUL","LONGITUDE":106.8906828,"LATITUDE":-6.3440719,"STATUS":"BUKA","TANGGAL UPDATE":"27/02/2025","TANGGAL PENGUMPULAN":"Q4 2023","q":27449,"r":-15138}},{"type":"Feature","geometry":{"coordinates":[106.89068280000004,-6.344072399999959],"type":"Point"},"properties":{"NAMA":"MIE GAHAR","TIPE_1":"MAKANAN DAN MINUMAN","TIPE_2":"RESTORAN","TIPE_3":"MIE DAN BAKSO","TELEPON":"0812-8885-608","ALAMAT":"JL. MALAKA NO.11, RT.1/RW.7, MUNJUL, KEC. CIPAYUNG, KOTA JAKARTA TIMUR, DAERAH KHUSUS IBUKOTA JAKARTA 13850","ID_PROV":"31","PROVINSI":"DKI JAKARTA","ID_KABKOT":"31.75","KABKOT":"KOTA ADM. JAKARTA TIMUR","ID_KEC":"31.75.10","KECAMATAN":"CIPAYUNG","ID_DESA":"31.75.10.1004","DESA":"MUNJUL","LONGITUDE":106.8906828,"LATITUDE":-6.3440724,"STATUS":"BUKA","TANGGAL UPDATE":"27/02/2025","TANGGAL PENGUMPULAN":"Q4 2023","q":27449,"r":-15138}},{"type":"Feature","geometry":{"coordinates":[106.92659910000003,-6.220679799999971],"type":"Point"},"properties":{"NAMA":"WARUNG MAKAN INDOMIE BAH ECO","TIPE_1":"MAKANAN DAN MINUMAN","TIPE_2":"RESTORAN","TIPE_3":"MIE DAN BAKSO","TELEPON":"","ALAMAT":"JL. DELIMA RAYA, RT.1/RW.5, MALAKA SARI, KEC. DUREN SAWIT, KOTA JAKARTA TIMUR, DAERAH KHUSUS IBUKOTA JAKARTA 13460","ID_PROV":"31","PROVINSI":"DKI JAKARTA","ID_KABKOT":"31.75","KABKOT":"KOTA ADM. JAKARTA TIMUR","ID_KEC":"31.75.07","KECAMATAN":"DUREN SAWIT","ID_DESA":"31.75.07.1005","DESA":"MALAKA SARI","LONGITUDE":106.926599099999,"LATITUDE":-6.2206798,"STATUS":"BUKA","TANGGAL UPDATE":"27/02/2025","TANGGAL PENGUMPULAN":"Q4 2023","q":27458,"r":-15115}},{"type":"Feature","geometry":{"coordinates":[106.93103120000006,-6.221333299999969],"type":"Point"},"properties":{"NAMA":"WARUNG MANG ADE PUTRA GALUH","TIPE_1":"MAKANAN DAN MINUMAN","TIPE_2":"RESTORAN","TIPE_3":"MIE DAN BAKSO","TELEPON":"0812-2496-9036","ALAMAT":"TERATAI PUTIH 3 NO.118, RT.15/RW.4, MALAKA SARI, KEC. DUREN SAWIT, KOTA/KAB, DAERAH KHUSUS IBUKOTA JAKARTA 13460","ID_PROV":"31","PROVINSI":"DKI JAKARTA","ID_KABKOT":"31.75","KABKOT":"KOTA ADM. JAKARTA TIMUR","ID_KEC":"31.75.07","KECAMATAN":"DUREN SAWIT","ID_DESA":"31.75.07.1005","DESA":"MALAKA SARI","LONGITUDE":106.931031199999,"LATITUDE":-6.2213333,"STATUS":"BUKA","TANGGAL UPDATE":"27/02/2025","TANGGAL PENGUMPULAN":"Q4 2023","q":27459,"r":-15116}},{"type":"Feature","geometry":{"coordinates":[106.8921075,-6.2420602],"type":"Point"},"properties":{"NAMA":"ASHIAAAPJAKTIM","TIPE_1":"MAKANAN DAN MINUMAN","TIPE_2":"RESTORAN","TIPE_3":"RESTORAN MELAYU","TELEPON":"0815-3334-4609","ALAMAT":"JL. JAWA NO.1, RT.4/RW.14, CIPINANG MELAYU, KEC. MAKASAR, KOTA JAKARTA TIMUR, DAERAH KHUSUS IBUKOTA JAKARTA 13620","ID_PROV":"31","PROVINSI":"DKI JAKARTA","ID_KABKOT":"31.75","KABKOT":"KOTA ADM. JAKARTA TIMUR","ID_KEC":"31.75.08","KECAMATAN":"MAKASAR","ID_DESA":"31.75.08.1004","DESA":"HALIM PERDANA KUSUMA","LONGITUDE":106.8921075,"LATITUDE":-6.2420602,"STATUS":"BUKA","TANGGAL UPDATE":"27/02/2025","TANGGAL PENGUMPULAN":"Q4 2023","q":27449,"r":-15116}},{"type":"Feature","geometry":{"coordinates":[106.8846439,-6.2401916],"type":"Point"},"properties":{"NAMA":"ANGKRINGAN ING KENE","TIPE_1":"MAKANAN DAN MINUMAN","TIPE_2":"RESTORAN","TIPE_3":"RESTORAN MELAYU","TELEPON":"0859-1069-69503","ALAMAT":"RT.3/RW.1, CIPINANG MELAYU, KEC. MAKASAR, KOTA JAKARTA TIMUR, DAERAH KHUSUS IBUKOTA JAKARTA 13620","ID_PROV":"31","PROVINSI":"DKI JAKARTA","ID_KABKOT":"31.75","KABKOT":"KOTA ADM. JAKARTA TIMUR","ID_KEC":"31.75.08","KECAMATAN":"MAKASAR","ID_DESA":"31.75.08.1005","DESA":"CIPINANG MELAYU","LONGITUDE":106.8846439,"LATITUDE":-6.2401916,"STATUS":"BUKA","TANGGAL UPDATE":"27/02/2025","TANGGAL PENGUMPULAN":"Q4 2023","q":27447,"r":-15114}},{"type":"Feature","geometry":{"coordinates":[106.9101211,-6.249106],"type":"Point"},"properties":{"NAMA":"BAKMI SURABAYA CAK JUR","TIPE_1":"MAKANAN DAN MINUMAN","TIPE_2":"RESTORAN","TIPE_3":"RESTORAN MELAYU","TELEPON":"","ALAMAT":"JL. SEULAWAH RAYA NO.4, RT.1/RW.7, CIPINANG MELAYU, KEC. MAKASAR, KOTA JAKARTA TIMUR, DAERAH KHUSUS IBUKOTA JAKARTA 13620","ID_PROV":"31","PROVINSI":"DKI JAKARTA","ID_KABKOT":"31.75","KABKOT":"KOTA ADM. JAKARTA TIMUR","ID_KEC":"31.75.08","KECAMATAN":"MAKASAR","ID_DESA":"31.75.08.1005","DESA":"CIPINANG MELAYU","LONGITUDE":106.9101211,"LATITUDE":-6.249106,"STATUS":"BUKA","TANGGAL UPDATE":"27/02/2025","TANGGAL PENGUMPULAN":"Q4 2023","q":27454,"r":-15119}},{"type":"Feature","geometry":{"coordinates":[106.8894706,-6.2389581],"type":"Point"},"properties":{"NAMA":"RUMAH MAKAN HARAPAN BARU","TIPE_1":"MAKANAN DAN MINUMAN","TIPE_2":"RESTORAN","TIPE_3":"RESTORAN MELAYU","TELEPON":"0821-2540-2147","ALAMAT":"JL. CIPINANG BALI I NO.16, RT.1/RW.13, CIPINANG MUARA, KECAMATAN JATINEGARA, KOTA JAKARTA TIMUR, DAERAH KHUSUS IBUKOTA JAKARTA 13420","ID_PROV":"31","PROVINSI":"DKI JAKARTA","ID_KABKOT":"31.75","KABKOT":"KOTA ADM. JAKARTA TIMUR","ID_KEC":"31.75.03","KECAMATAN":"JATINEGARA","ID_DESA":"31.75.03.1006","DESA":"CIPINANG MUARA","LONGITUDE":106.8894706,"LATITUDE":-6.2389581,"STATUS":"BUKA","TANGGAL UPDATE":"27/02/2025","TANGGAL PENGUMPULAN":"Q4 2023","q":27449,"r":-15115}},{"type":"Feature","geometry":{"coordinates":[106.8574446,-6.2048679],"type":"Point"},"properties":{"NAMA":"MUNIK RESTORAN","TIPE_1":"MAKANAN DAN MINUMAN","TIPE_2":"RESTORAN","TIPE_3":"RESTORAN MELAYU","TELEPON":"(021) 85913104","ALAMAT":"GEDUNG, JL. MATRAMAN RAYA NO.80, RT.9/RW.82, KB. MANGGIS, KEC. MATRAMAN, KOTA JAKARTA TIMUR, DAERAH KHUSUS IBUKOTA JAKARTA 13150","ID_PROV":"31","PROVINSI":"DKI JAKARTA","ID_KABKOT":"31.75","KABKOT":"KOTA ADM. JAKARTA TIMUR","ID_KEC":"31.75.01","KECAMATAN":"MATRAMAN","ID_DESA":"31.75.01.1005","DESA":"KEBON MANGGIS","LONGITUDE":106.8574446,"LATITUDE":-6.2048679,"STATUS":"BUKA","TANGGAL UPDATE":"27/02/2025","TANGGAL PENGUMPULAN":"Q4 2023","q":27440,"r":-15103}},{"type":"Feature","geometry":{"coordinates":[106.8697891,-6.2290885],"type":"Point"},"properties":{"NAMA":"SOTO BETAWI BABE","TIPE_1":"MAKANAN DAN MINUMAN","TIPE_2":"RESTORAN","TIPE_3":"RESTORAN MELAYU","TELEPON":"","ALAMAT":"JL. PEDATI TIMUR DALAM NO.23, RT.5/RW.9, RW. BUNGA, KECAMATAN JATINEGARA, KOTA JAKARTA TIMUR, DAERAH KHUSUS IBUKOTA JAKARTA 13350","ID_PROV":"31","PROVINSI":"DKI JAKARTA","ID_KABKOT":"31.75","KABKOT":"KOTA ADM. JAKARTA TIMUR","ID_KEC":"31.75.03","KECAMATAN":"JATINEGARA","ID_DESA":"31.75.03.1002","DESA":"BIDARA CINA","LONGITUDE":106.8697891,"LATITUDE":-6.2290885,"STATUS":"BUKA","TANGGAL UPDATE":"27/02/2025","TANGGAL PENGUMPULAN":"Q4 2023","q":27443,"r":-15110}},{"type":"Feature","geometry":{"coordinates":[106.914633,-6.255181],"type":"Point"},"properties":{"NAMA":"KEBULI SULAIMAN JATIWARINGIN JAKARTA","TIPE_1":"MAKANAN DAN MINUMAN","TIPE_2":"RESTORAN","TIPE_3":"RESTORAN MELAYU","TELEPON":"0812-8985-0985","ALAMAT":"JL. ELANG MALINDO III NO.24, RT.2/RW.8, CIPINANG MELAYU, KEC. MAKASAR, KOTA JAKARTA TIMUR, DAERAH KHUSUS IBUKOTA JAKARTA 13620","ID_PROV":"31","PROVINSI":"DKI JAKARTA","ID_KABKOT":"31.75","KABKOT":"KOTA ADM. JAKARTA TIMUR","ID_KEC":"31.75.08","KECAMATAN":"MAKASAR","ID_DESA":"31.75.08.1005","DESA":"CIPINANG MELAYU","LONGITUDE":106.914633,"LATITUDE":-6.255181,"STATUS":"BUKA","TANGGAL UPDATE":"27/02/2025","TANGGAL PENGUMPULAN":"Q4 2023","q":27455,"r":-15121}},{"type":"Feature","geometry":{"coordinates":[106.8657806,-6.2154147],"type":"Point"},"properties":{"NAMA":"RUMAH MAKAN MINA MESTER","TIPE_1":"MAKANAN DAN MINUMAN","TIPE_2":"RESTORAN","TIPE_3":"RESTORAN MELAYU","TELEPON":"(021) 93392799","ALAMAT":"JL. MATRAMAN RAYA NO.288 8 6, RT.8/RW.6, BALI MESTER, KECAMATAN JATINEGARA, KOTA JAKARTA TIMUR, DAERAH KHUSUS IBUKOTA JAKARTA 13310","ID_PROV":"31","PROVINSI":"DKI JAKARTA","ID_KABKOT":"31.75","KABKOT":"KOTA ADM. JAKARTA TIMUR","ID_KEC":"31.75.03","KECAMATAN":"JATINEGARA","ID_DESA":"31.75.03.1003","DESA":"BALI MESTER","LONGITUDE":106.8657806,"LATITUDE":-6.2154147,"STATUS":"BUKA","TANGGAL UPDATE":"27/02/2025","TANGGAL PENGUMPULAN":"Q4 2023","q":27442,"r":-15106}},{"type":"Feature","geometry":{"coordinates":[106.8682475,-6.2577151],"type":"Point"},"properties":{"NAMA":"LONTONG MEDAN MELAYU LANCANG KUNING","TIPE_1":"MAKANAN DAN MINUMAN","TIPE_2":"RESTORAN","TIPE_3":"RESTORAN MELAYU","TELEPON":"","ALAMAT":"JL. SMA NEGERI 14 NO.95, RT.4/RW.9, CAWANG, KEC. KRAMAT JATI, KOTA JAKARTA TIMUR, DAERAH KHUSUS IBUKOTA JAKARTA 13630","ID_PROV":"31","PROVINSI":"DKI JAKARTA","ID_KABKOT":"31.75","KABKOT":"KOTA ADM. JAKARTA TIMUR","ID_KEC":"31.75.04","KECAMATAN":"KRAMATJATI","ID_DESA":"31.75.04.1007","DESA":"CAWANG","LONGITUDE":106.8682475,"LATITUDE":-6.2577151,"STATUS":"BUKA","TANGGAL UPDATE":"27/02/2025","TANGGAL PENGUMPULAN":"Q4 2023","q":27443,"r":-15116}},{"type":"Feature","geometry":{"coordinates":[106.8863117,-6.2273815],"type":"Point"},"properties":{"NAMA":"RUMAH MAKAN SITI NURBAYA","TIPE_1":"MAKANAN DAN MINUMAN","TIPE_2":"RESTORAN","TIPE_3":"RESTORAN MELAYU","TELEPON":"(021) 8510907","ALAMAT":"JL CIPINANG MUARA RAYA I 2 006%2F14 CIPINANG MUARA JATINEGARA JAKARTA TIMUR DKI JAKARTA, RT.2/RW.3, CIPINANG MUARA, KECAMATAN JATINEGARA, KOTA JAKARTA TIMUR, DAERAH KHUSUS IBUKOTA JAKARTA 13420","ID_PROV":"31","PROVINSI":"DKI JAKARTA","ID_KABKOT":"31.75","KABKOT":"KOTA ADM. JAKARTA TIMUR","ID_KEC":"31.75.03","KECAMATAN":"JATINEGARA","ID_DESA":"31.75.03.1006","DESA":"CIPINANG MUARA","LONGITUDE":106.8863117,"LATITUDE":-6.2273815,"STATUS":"BUKA","TANGGAL UPDATE":"27/02/2025","TANGGAL PENGUMPULAN":"Q4 2023","q":27448,"r":-15112}},{"type":"Feature","geometry":{"coordinates":[106.90739330000008,-6.297601699999973],"type":"Point"},"properties":{"NAMA":"NGOREA YUK","TIPE_1":"MAKANAN DAN MINUMAN","TIPE_2":"RESTORAN","TIPE_3":"RESTORAN KOREA","TELEPON":"0813-1099-3772","ALAMAT":"5, JL. KRAMAT II JL. RW. BINONG NO.8, RT.5/RW.10, LUBANG BUAYA, KEC. CIPAYUNG, KOTA JAKARTA TIMUR, DAERAH KHUSUS IBUKOTA JAKARTA 13810","ID_PROV":"31","PROVINSI":"DKI JAKARTA","ID_KABKOT":"31.75","KABKOT":"KOTA ADM. JAKARTA TIMUR","ID_KEC":"31.75.10","KECAMATAN":"CIPAYUNG","ID_DESA":"31.75.10.1007","DESA":"LUBANG BUAYA","LONGITUDE":106.9073933,"LATITUDE":-6.2976017,"STATUS":"BUKA","TANGGAL UPDATE":"27/02/2025","TANGGAL PENGUMPULAN":"Q4 2023","q":27453,"r":-15130}},{"type":"Feature","geometry":{"coordinates":[106.90356850000006,-6.238170699999955],"type":"Point"},"properties":{"NAMA":"NGOREA","TIPE_1":"MAKANAN DAN MINUMAN","TIPE_2":"RESTORAN","TIPE_3":"RESTORAN KOREA","TELEPON":"","ALAMAT":"JL. BETUNG RAYA NO.12, RT.12/RW.5, PONDOK BAMBU, DURENSAWIT, EAST JAKARTA CITY, JAKARTA 13430","ID_PROV":"31","PROVINSI":"DKI JAKARTA","ID_KABKOT":"31.75","KABKOT":"KOTA ADM. JAKARTA TIMUR","ID_KEC":"31.75.07","KECAMATAN":"DUREN SAWIT","ID_DESA":"31.75.07.1002","DESA":"PONDOK BAMBU","LONGITUDE":106.903568499999,"LATITUDE":-6.2381707,"STATUS":"BUKA","TANGGAL UPDATE":"27/02/2025","TANGGAL PENGUMPULAN":"Q4 2023","q":27452,"r":-15116}},{"type":"Feature","geometry":{"coordinates":[106.86920880000008,-6.20284259999994],"type":"Point"},"properties":{"NAMA":"ODEN BANG OCIT","TIPE_1":"MAKANAN DAN MINUMAN","TIPE_2":"RESTORAN","TIPE_3":"RESTORAN KOREA","TELEPON":"","ALAMAT":"JL. KRAMAT ASEM NO.11, RT.011/RW.5, UTAN KAYU SEL., KEC. MATRAMAN, KOTA JAKARTA TIMUR, DAERAH KHUSUS IBUKOTA JAKARTA 13120","ID_PROV":"31","PROVINSI":"DKI JAKARTA","ID_KABKOT":"31.75","KABKOT":"KOTA ADM. JAKARTA TIMUR","ID_KEC":"31.75.01","KECAMATAN":"MATRAMAN","ID_DESA":"31.75.01.1006","DESA":"UTAN KAYU SELATAN","LONGITUDE":106.8692088,"LATITUDE":-6.2028426,"STATUS":"BUKA","TANGGAL UPDATE":"27/02/2025","TANGGAL PENGUMPULAN":"Q4 2023","q":27443,"r":-15104}},{"type":"Feature","geometry":{"coordinates":[106.85565840000004,-6.293719899999928],"type":"Point"},"properties":{"NAMA":"POCHAJJANG CONDET","TIPE_1":"MAKANAN DAN MINUMAN","TIPE_2":"RESTORAN","TIPE_3":"RESTORAN KOREA","TELEPON":"0896-0293-9393","ALAMAT":"SEBELAH BCA CONDET, JL. RAYA CONDET NO.1E, RT.5/RW.3, BALEKAMBANG, KEC. KRAMAT JATI, KOTA JAKARTA TIMUR, DAERAH KHUSUS IBUKOTA JAKARTA 13760","ID_PROV":"31","PROVINSI":"DKI JAKARTA","ID_KABKOT":"31.75","KABKOT":"KOTA ADM. JAKARTA TIMUR","ID_KEC":"31.75.04","KECAMATAN":"KRAMATJATI","ID_DESA":"31.75.04.1005","DESA":"BALEKAMBANG","LONGITUDE":106.8556584,"LATITUDE":-6.2937199,"STATUS":"BUKA","TANGGAL UPDATE":"27/02/2025","TANGGAL PENGUMPULAN":"Q4 2023","q":27440,"r":-15122}},{"type":"Feature","geometry":{"coordinates":[106.87825020000008,-6.191553399999975],"type":"Point"},"properties":{"NAMA":"POJANG FOOD KOREAN STREET FOOD","TIPE_1":"MAKANAN DAN MINUMAN","TIPE_2":"RESTORAN","TIPE_3":"RESTORAN KOREA","TELEPON":"0821-2489-2717","ALAMAT":"WISMA INDOCEMENT TUNGGAL PRAKARSA, RAWAMANGUN, KEC. PULO GADUNG, KOTA JAKARTA TIMUR, DAERAH KHUSUS IBUKOTA JAKARTA","ID_PROV":"31","PROVINSI":"DKI JAKARTA","ID_KABKOT":"31.75","KABKOT":"KOTA ADM. JAKARTA TIMUR","ID_KEC":"31.75.02","KECAMATAN":"PULOGADUNG","ID_DESA":"31.75.02.1005","DESA":"RAWAMANGUN","LONGITUDE":106.8782502,"LATITUDE":-6.1915534,"STATUS":"BUKA","TANGGAL UPDATE":"27/02/2025","TANGGAL PENGUMPULAN":"Q4 2023","q":27446,"r":-15102}},{"type":"Feature","geometry":{"coordinates":[106.89810290000008,-6.217088899999965],"type":"Point"},"properties":{"NAMA":"RAMPOKKI DUREN SAWIT","TIPE_1":"MAKANAN DAN MINUMAN","TIPE_2":"RESTORAN","TIPE_3":"RESTORAN KOREA","TELEPON":"0819-0880-5847","ALAMAT":"1A, JL. PERTANIAN SEL. NO.1, RT.2/RW.3, KLENDER, KEC. DUREN SAWIT, KOTA JAKARTA TIMUR, DAERAH KHUSUS IBUKOTA JAKARTA 13470","ID_PROV":"31","PROVINSI":"DKI JAKARTA","ID_KABKOT":"31.75","KABKOT":"KOTA ADM. JAKARTA TIMUR","ID_KEC":"31.75.07","KECAMATAN":"DUREN SAWIT","ID_DESA":"31.75.07.1003","DESA":"KLENDER","LONGITUDE":106.8981029,"LATITUDE":-6.2170889,"STATUS":"BUKA","TANGGAL UPDATE":"27/02/2025","TANGGAL PENGUMPULAN":"Q4 2023","q":27451,"r":-15111}},{"type":"Feature","geometry":{"coordinates":[106.87607860000008,-6.277419599999973],"type":"Point"},"properties":{"NAMA":"PENTOL SEAFOOD KOREA","TIPE_1":"MAKANAN DAN MINUMAN","TIPE_2":"RESTORAN","TIPE_3":"RESTORAN KOREA","TELEPON":"0838-7514-2870","ALAMAT":"JL. KERJA BAKTI II GG. SEMPATI NO.28A, RT.3/RW.4, MAKASAR, KEC. MAKASAR, KOTA JAKARTA TIMUR, DAERAH KHUSUS IBUKOTA JAKARTA 13570","ID_PROV":"31","PROVINSI":"DKI JAKARTA","ID_KABKOT":"31.75","KABKOT":"KOTA ADM. JAKARTA TIMUR","ID_KEC":"31.75.08","KECAMATAN":"MAKASAR","ID_DESA":"31.75.08.1001","DESA":"MAKASAR","LONGITUDE":106.8760786,"LATITUDE":-6.2774196,"STATUS":"BUKA","TANGGAL UPDATE":"27/02/2025","TANGGAL PENGUMPULAN":"Q4 2023","q":27445,"r":-15121}},{"type":"Feature","geometry":{"coordinates":[106.939538,-6.218523299999958],"type":"Point"},"properties":{"NAMA":"OPPANG KOREAN TOAST & STREET FOOD","TIPE_1":"MAKANAN DAN MINUMAN","TIPE_2":"RESTORAN","TIPE_3":"RESTORAN KOREA","TELEPON":"0811-9133-696","ALAMAT":"JL. PD. KOPI RAYA NO.182, RT.1/RW.1, PONDOK KOPI, DURENSAWIT, EAST JAKARTA CITY, JAKARTA 13460","ID_PROV":"31","PROVINSI":"DKI JAKARTA","ID_KABKOT":"31.75","KABKOT":"KOTA ADM. JAKARTA TIMUR","ID_KEC":"31.75.07","KECAMATAN":"DUREN SAWIT","ID_DESA":"31.75.07.1007","DESA":"PONDOK KOPI","LONGITUDE":106.939538,"LATITUDE":-6.2185233,"STATUS":"BUKA","TANGGAL UPDATE":"27/02/2025","TANGGAL PENGUMPULAN":"Q4 2023","q":27461,"r":-15116}},{"type":"Feature","geometry":{"coordinates":[106.86429120000008,-6.262718099999972],"type":"Point"},"properties":{"NAMA":"RUMAH MAKAN PELITA","TIPE_1":"MAKANAN DAN MINUMAN","TIPE_2":"RESTORAN","TIPE_3":"RESTORAN PADANG","TELEPON":"(021) 8017215","ALAMAT":"JL. RAYA CONDET NO.1, RT.7/RW.7, CILILITAN, KEC. KRAMAT JATI, KOTA JAKARTA TIMUR, DAERAH KHUSUS IBUKOTA JAKARTA 13640","ID_PROV":"31","PROVINSI":"DKI JAKARTA","ID_KABKOT":"31.75","KABKOT":"KOTA ADM. JAKARTA TIMUR","ID_KEC":"31.75.04","KECAMATAN":"KRAMATJATI","ID_DESA":"31.75.04.1006","DESA":"CILILITAN","LONGITUDE":106.8642912,"LATITUDE":-6.2627181,"STATUS":"BUKA","TANGGAL UPDATE":"27/02/2025","TANGGAL PENGUMPULAN":"Q4 2023","q":27442,"r":-15117}},{"type":"Feature","geometry":{"coordinates":[106.869586,-6.326567],"type":"Point"},"properties":{"NAMA":"RUMAH MAKAN PADANG SINAR ANDALAS","TIPE_1":"MAKANAN DAN MINUMAN","TIPE_2":"RESTORAN","TIPE_3":"RESTORAN PADANG","TELEPON":"(021) 8727061","ALAMAT":"JL. RAYA PONCOL NO.29 RT 12/07, RT.2/RW.7, CIRACAS, KEC. CIRACAS, KOTA JAKARTA TIMUR, DAERAH KHUSUS IBUKOTA JAKARTA 13740","ID_PROV":"31","PROVINSI":"DKI JAKARTA","ID_KABKOT":"31.75","KABKOT":"KOTA ADM. JAKARTA TIMUR","ID_KEC":"31.75.09","KECAMATAN":"CIRACAS","ID_DESA":"31.75.09.1001","DESA":"CIRACAS","LONGITUDE":106.869586,"LATITUDE":-6.326567,"STATUS":"BUKA","TANGGAL UPDATE":"27/02/2025","TANGGAL PENGUMPULAN":"Q4 2023","q":27443,"r":-15132}},{"type":"Feature","geometry":{"coordinates":[106.88382620000004,-6.193508399999928],"type":"Point"},"properties":{"NAMA":"RUMAH MAKAN PONDOK BASAMO MASAKAN PADANG","TIPE_1":"MAKANAN DAN MINUMAN","TIPE_2":"RESTORAN","TIPE_3":"RESTORAN PADANG","TELEPON":"","ALAMAT":"JL. SUNAN GIRI NO.2, RT.8/RW.15, RAWAMANGUN, KEC. PULO GADUNG, KOTA JAKARTA TIMUR, DAERAH KHUSUS IBUKOTA JAKARTA 13220","ID_PROV":"31","PROVINSI":"DKI JAKARTA","ID_KABKOT":"31.75","KABKOT":"KOTA ADM. JAKARTA TIMUR","ID_KEC":"31.75.02","KECAMATAN":"PULOGADUNG","ID_DESA":"31.75.02.1005","DESA":"RAWAMANGUN","LONGITUDE":106.8838262,"LATITUDE":-6.1935084,"STATUS":"BUKA","TANGGAL UPDATE":"27/02/2025","TANGGAL PENGUMPULAN":"Q4 2023","q":27447,"r":-15104}},{"type":"Feature","geometry":{"coordinates":[106.87177640000004,-6.249397199999976],"type":"Point"},"properties":{"NAMA":"RUMAH MAKAN RESTU MINANG","TIPE_1":"MAKANAN DAN MINUMAN","TIPE_2":"RESTORAN","TIPE_3":"RESTORAN PADANG","TELEPON":"0812-9816-3111","ALAMAT":"JL. JA'ANI NASIR NO.12D, RT.1/RW.10, CAWANG, KEC. KRAMAT JATI, KOTA JAKARTA TIMUR, DAERAH KHUSUS IBUKOTA JAKARTA 13630","ID_PROV":"31","PROVINSI":"DKI JAKARTA","ID_KABKOT":"31.75","KABKOT":"KOTA ADM. JAKARTA TIMUR","ID_KEC":"31.75.04","KECAMATAN":"KRAMATJATI","ID_DESA":"31.75.04.1007","DESA":"CAWANG","LONGITUDE":106.8717764,"LATITUDE":-6.2493972,"STATUS":"BUKA","TANGGAL UPDATE":"27/02/2025","TANGGAL PENGUMPULAN":"Q4 2023","q":27444,"r":-15115}},{"type":"Feature","geometry":{"coordinates":[106.86267690000005,-6.286564399999975],"type":"Point"},"properties":{"NAMA":"RUMAH MAKAN RIRIN MASAKAN PADANG","TIPE_1":"MAKANAN DAN MINUMAN","TIPE_2":"RESTORAN","TIPE_3":"RESTORAN PADANG","TELEPON":"0815-1431-1643","ALAMAT":"JL. RAYA INPRES NO.64, RT.9/RW.9, KP. TENGAH, KEC. KRAMAT JATI, KOTA JAKARTA TIMUR, DAERAH KHUSUS IBUKOTA JAKARTA 13540","ID_PROV":"31","PROVINSI":"DKI JAKARTA","ID_KABKOT":"31.75","KABKOT":"KOTA ADM. JAKARTA TIMUR","ID_KEC":"31.75.04","KECAMATAN":"KRAMATJATI","ID_DESA":"31.75.04.1002","DESA":"TENGAH","LONGITUDE":106.8626769,"LATITUDE":-6.2865644,"STATUS":"BUKA","TANGGAL UPDATE":"27/02/2025","TANGGAL PENGUMPULAN":"Q4 2023","q":27442,"r":-15122}},{"type":"Feature","geometry":{"coordinates":[106.93423990000008,-6.240755099999944],"type":"Point"},"properties":{"NAMA":"RM KOTA BUANA","TIPE_1":"MAKANAN DAN MINUMAN","TIPE_2":"RESTORAN","TIPE_3":"RESTORAN PADANG","TELEPON":"(021) 8640537","ALAMAT":"JL. PD. KELAPA RAYA NO.16, RT.11/RW.4, PD. KLP., KEC. DUREN SAWIT, KOTA JAKARTA TIMUR, DAERAH KHUSUS IBUKOTA JAKARTA 13450","ID_PROV":"31","PROVINSI":"DKI JAKARTA","ID_KABKOT":"31.75","KABKOT":"KOTA ADM. JAKARTA TIMUR","ID_KEC":"31.75.07","KECAMATAN":"DUREN SAWIT","ID_DESA":"31.75.07.1004","DESA":"PONDOK KELAPA","LONGITUDE":106.9342399,"LATITUDE":-6.2407551,"STATUS":"BUKA","TANGGAL UPDATE":"27/02/2025","TANGGAL PENGUMPULAN":"Q4 2023","q":27460,"r":-15121}},{"type":"Feature","geometry":{"coordinates":[106.89064230000008,-6.220938499999932],"type":"Point"},"properties":{"NAMA":"RM MINANG MAIMBAU","TIPE_1":"MAKANAN DAN MINUMAN","TIPE_2":"RESTORAN","TIPE_3":"RESTORAN PADANG","TELEPON":"0812-8869-7125","ALAMAT":"JL. BB NO.8 A, RT.14/RW.4, CIPINANG MUARA, KECAMATAN JATINEGARA, KOTA JAKARTA TIMUR, DAERAH KHUSUS IBUKOTA JAKARTA 13420","ID_PROV":"31","PROVINSI":"DKI JAKARTA","ID_KABKOT":"31.75","KABKOT":"KOTA ADM. JAKARTA TIMUR","ID_KEC":"31.75.03","KECAMATAN":"JATINEGARA","ID_DESA":"31.75.03.1006","DESA":"CIPINANG MUARA","LONGITUDE":106.8906423,"LATITUDE":-6.2209385,"STATUS":"BUKA","TANGGAL UPDATE":"27/02/2025","TANGGAL PENGUMPULAN":"Q4 2023","q":27449,"r":-15111}},{"type":"Feature","geometry":{"coordinates":[106.91019790000007,-6.301315199999976],"type":"Point"},"properties":{"NAMA":"RM PADANG ALLYSA MINANG","TIPE_1":"MAKANAN DAN MINUMAN","TIPE_2":"RESTORAN","TIPE_3":"RESTORAN PADANG","TELEPON":"","ALAMAT":"JL. PAGELARANG NO.5, RT.005/RW.3, SETU, KEC. CIPAYUNG, KOTA JAKARTA TIMUR, DAERAH KHUSUS IBUKOTA JAKARTA 13880","ID_PROV":"31","PROVINSI":"DKI JAKARTA","ID_KABKOT":"31.75","KABKOT":"KOTA ADM. JAKARTA TIMUR","ID_KEC":"31.75.10","KECAMATAN":"CIPAYUNG","ID_DESA":"31.75.10.1007","DESA":"LUBANG BUAYA","LONGITUDE":106.9101979,"LATITUDE":-6.3013152,"STATUS":"BUKA","TANGGAL UPDATE":"27/02/2025","TANGGAL PENGUMPULAN":"Q4 2023","q":27454,"r":-15131}},{"type":"Feature","geometry":{"coordinates":[106.89715250000006,-6.234662499999956],"type":"Point"},"properties":{"NAMA":"RM MINANG SAIYO","TIPE_1":"MAKANAN DAN MINUMAN","TIPE_2":"RESTORAN","TIPE_3":"RESTORAN PADANG","TELEPON":"0813-6385-7587","ALAMAT":"DEPAN PENJARA WANITA, JL. PAHLAWAN REVOLUSI, PD. BAMBU, KEC. DUREN SAWIT, KOTA JAKARTA TIMUR, DAERAH KHUSUS IBUKOTA JAKARTA 13940","ID_PROV":"31","PROVINSI":"DKI JAKARTA","ID_KABKOT":"31.75","KABKOT":"KOTA ADM. JAKARTA TIMUR","ID_KEC":"31.75.07","KECAMATAN":"DUREN SAWIT","ID_DESA":"31.75.07.1002","DESA":"PONDOK BAMBU","LONGITUDE":106.897152499999,"LATITUDE":-6.2346625,"STATUS":"BUKA","TANGGAL UPDATE":"27/02/2025","TANGGAL PENGUMPULAN":"Q4 2023","q":27451,"r":-15115}},{"type":"Feature","geometry":{"coordinates":[106.90285950000003,-6.238128099999926],"type":"Point"},"properties":{"NAMA":"RM MASAKAN PADANG","TIPE_1":"MAKANAN DAN MINUMAN","TIPE_2":"RESTORAN","TIPE_3":"RESTORAN PADANG","TELEPON":"0857-1538-9919","ALAMAT":"JL. KEJAKSAAN NO.13, RT.13/RW.5, PD. BAMBU, KEC. DUREN SAWIT, KOTA JAKARTA TIMUR, DAERAH KHUSUS IBUKOTA JAKARTA 13430","ID_PROV":"31","PROVINSI":"DKI JAKARTA","ID_KABKOT":"31.75","KABKOT":"KOTA ADM. JAKARTA TIMUR","ID_KEC":"31.75.07","KECAMATAN":"DUREN SAWIT","ID_DESA":"31.75.07.1002","DESA":"PONDOK BAMBU","LONGITUDE":106.902859499999,"LATITUDE":-6.2381281,"STATUS":"BUKA","TANGGAL UPDATE":"27/02/2025","TANGGAL PENGUMPULAN":"Q4 2023","q":27452,"r":-15116}},{"type":"Feature","geometry":{"coordinates":[106.918319,-6.246127],"type":"Point"},"properties":{"NAMA":"RM KOTA BUANA MASAKAN PADANG","TIPE_1":"MAKANAN DAN MINUMAN","TIPE_2":"RESTORAN","TIPE_3":"RESTORAN PADANG","TELEPON":"","ALAMAT":"JL. H. DAHLAN NO.7A, RT.2/RW.7, DUREN SAWIT, KEC. DUREN SAWIT, KOTA JAKARTA TIMUR, DAERAH KHUSUS IBUKOTA JAKARTA 13440","ID_PROV":"31","PROVINSI":"DKI JAKARTA","ID_KABKOT":"31.75","KABKOT":"KOTA ADM. JAKARTA TIMUR","ID_KEC":"31.75.07","KECAMATAN":"DUREN SAWIT","ID_DESA":"31.75.07.1001","DESA":"DUREN SAWIT","LONGITUDE":106.918319,"LATITUDE":-6.246127,"STATUS":"BUKA","TANGGAL UPDATE":"27/02/2025","TANGGAL PENGUMPULAN":"Q4 2023","q":27456,"r":-15120}},{"type":"Feature","geometry":{"coordinates":[106.92323690000006,-6.210194799999954],"type":"Point"},"properties":{"NAMA":"RM PADANG REHAN MINANG","TIPE_1":"MAKANAN DAN MINUMAN","TIPE_2":"RESTORAN","TIPE_3":"RESTORAN PADANG","TELEPON":"0812-8286-2606","ALAMAT":"9, JL. AL KAUTSAR RAYA NO.3, RT.9/RW.13, JATINEGARA, KEC. CAKUNG, KOTA JAKARTA TIMUR, DAERAH KHUSUS IBUKOTA JAKARTA 13930","ID_PROV":"31","PROVINSI":"DKI JAKARTA","ID_KABKOT":"31.75","KABKOT":"KOTA ADM. JAKARTA TIMUR","ID_KEC":"31.75.06","KECAMATAN":"CAKUNG","ID_DESA":"31.75.06.1001","DESA":"JATINEGARA","LONGITUDE":106.923236899999,"LATITUDE":-6.2101948,"STATUS":"BUKA","TANGGAL UPDATE":"27/02/2025","TANGGAL PENGUMPULAN":"Q4 2023","q":27457,"r":-15112}},{"type":"Feature","geometry":{"coordinates":[106.91360940000004,-6.23337859999998],"type":"Point"},"properties":{"NAMA":"RM NUSANTARA MINANG POJOK DUREN SAWIT","TIPE_1":"MAKANAN DAN MINUMAN","TIPE_2":"RESTORAN","TIPE_3":"RESTORAN PADANG","TELEPON":"0812-9809-4848","ALAMAT":"JL NO 28 RT/RW 001, JL. KELURAHAN RAYA NO.011, RT.1/RW.11, DUREN SAWIT, KEC. DUREN SAWIT, KOTA JAKARTA TIMUR, DAERAH KHUSUS IBUKOTA JAKARTA 13440","ID_PROV":"31","PROVINSI":"DKI JAKARTA","ID_KABKOT":"31.75","KABKOT":"KOTA ADM. JAKARTA TIMUR","ID_KEC":"31.75.07","KECAMATAN":"DUREN SAWIT","ID_DESA":"31.75.07.1001","DESA":"DUREN SAWIT","LONGITUDE":106.9136094,"LATITUDE":-6.2333786,"STATUS":"BUKA","TANGGAL UPDATE":"27/02/2025","TANGGAL PENGUMPULAN":"Q4 2023","q":27455,"r":-15116}},{"type":"Feature","geometry":{"coordinates":[106.90199310000008,-6.229025799999931],"type":"Point"},"properties":{"NAMA":"RM PADANG RIDHO DUREN SAWIT","TIPE_1":"MAKANAN DAN MINUMAN","TIPE_2":"RESTORAN","TIPE_3":"RESTORAN PADANG","TELEPON":"0823-1387-1310","ALAMAT":"JL. MASJID ABIDIN NO.15, RT.3/RW.1, PD. BAMBU, KEC. DUREN SAWIT, KOTA JAKARTA TIMUR, DAERAH KHUSUS IBUKOTA JAKARTA 13430","ID_PROV":"31","PROVINSI":"DKI JAKARTA","ID_KABKOT":"31.75","KABKOT":"KOTA ADM. JAKARTA TIMUR","ID_KEC":"31.75.07","KECAMATAN":"DUREN SAWIT","ID_DESA":"31.75.07.1002","DESA":"PONDOK BAMBU","LONGITUDE":106.9019931,"LATITUDE":-6.2290258,"STATUS":"BUKA","TANGGAL UPDATE":"27/02/2025","TANGGAL PENGUMPULAN":"Q4 2023","q":27452,"r":-15114}},{"type":"Feature","geometry":{"coordinates":[106.85988290000006,-6.199671599999931],"type":"Point"},"properties":{"NAMA":"RM PADANG SINAR FAMILY","TIPE_1":"MAKANAN DAN MINUMAN","TIPE_2":"RESTORAN","TIPE_3":"RESTORAN PADANG","TELEPON":"0812-8788-1827","ALAMAT":"JL. KAYU MANIS BARAT NO.33, RT.20/RW.2, KAYU MANIS, KEC. MATRAMAN, KOTA JAKARTA TIMUR, DAERAH KHUSUS IBUKOTA JAKARTA 13140","ID_PROV":"31","PROVINSI":"DKI JAKARTA","ID_KABKOT":"31.75","KABKOT":"KOTA ADM. JAKARTA TIMUR","ID_KEC":"31.75.01","KECAMATAN":"MATRAMAN","ID_DESA":"31.75.01.1003","DESA":"KAYU MANIS","LONGITUDE":106.859882899999,"LATITUDE":-6.1996716,"STATUS":"BUKA","TANGGAL UPDATE":"27/02/2025","TANGGAL PENGUMPULAN":"Q4 2023","q":27441,"r":-15102}},{"type":"Feature","geometry":{"coordinates":[106.91702080000005,-6.233356499999957],"type":"Point"},"properties":{"NAMA":"RM PADANG TRIO JAYA","TIPE_1":"MAKANAN DAN MINUMAN","TIPE_2":"RESTORAN","TIPE_3":"RESTORAN PADANG","TELEPON":"","ALAMAT":"JL. SWADAYA RAYA NO.6A, RT.13/RW.5, DUREN SAWIT, KEC. DUREN SAWIT, KOTA JAKARTA TIMUR, DAERAH KHUSUS IBUKOTA JAKARTA 13440","ID_PROV":"31","PROVINSI":"DKI JAKARTA","ID_KABKOT":"31.75","KABKOT":"KOTA ADM. JAKARTA TIMUR","ID_KEC":"31.75.07","KECAMATAN":"DUREN SAWIT","ID_DESA":"31.75.07.1001","DESA":"DUREN SAWIT","LONGITUDE":106.917020799999,"LATITUDE":-6.2333565,"STATUS":"BUKA","TANGGAL UPDATE":"27/02/2025","TANGGAL PENGUMPULAN":"Q4 2023","q":27456,"r":-15117}},{"type":"Feature","geometry":{"coordinates":[106.92866460000005,-6.24773689999995],"type":"Point"},"properties":{"NAMA":"RM PAGI SORE KALIMALANG","TIPE_1":"MAKANAN DAN MINUMAN","TIPE_2":"RESTORAN","TIPE_3":"RESTORAN PADANG","TELEPON":"(021) 86907422","ALAMAT":"JL. RAYA KALIMALANG NO.1, PD. KLP., KEC. DUREN SAWIT, KOTA JAKARTA TIMUR, DAERAH KHUSUS IBUKOTA JAKARTA 13450","ID_PROV":"31","PROVINSI":"DKI JAKARTA","ID_KABKOT":"31.75","KABKOT":"KOTA ADM. JAKARTA TIMUR","ID_KEC":"31.75.07","KECAMATAN":"DUREN SAWIT","ID_DESA":"31.75.07.1004","DESA":"PONDOK KELAPA","LONGITUDE":106.928664599999,"LATITUDE":-6.2477369,"STATUS":"BUKA","TANGGAL UPDATE":"27/02/2025","TANGGAL PENGUMPULAN":"Q4 2023","q":27459,"r":-15121}},{"type":"Feature","geometry":{"coordinates":[106.90458780000006,-6.238479699999971],"type":"Point"},"properties":{"NAMA":"RM PONDOK SALERO","TIPE_1":"MAKANAN DAN MINUMAN","TIPE_2":"RESTORAN","TIPE_3":"RESTORAN PADANG","TELEPON":"0813-7273-1269","ALAMAT":"JL. CENDANI II NO.45, RT.1/RW.8, PD. BAMBU, KEC. DUREN SAWIT, KOTA JAKARTA TIMUR, DAERAH KHUSUS IBUKOTA JAKARTA 13430","ID_PROV":"31","PROVINSI":"DKI JAKARTA","ID_KABKOT":"31.75","KABKOT":"KOTA ADM. JAKARTA TIMUR","ID_KEC":"31.75.07","KECAMATAN":"DUREN SAWIT","ID_DESA":"31.75.07.1002","DESA":"PONDOK BAMBU","LONGITUDE":106.9045878,"LATITUDE":-6.2384797,"STATUS":"BUKA","TANGGAL UPDATE":"27/02/2025","TANGGAL PENGUMPULAN":"Q4 2023","q":27452,"r":-15116}},{"type":"Feature","geometry":{"coordinates":[106.88066670000006,-6.22699549999993],"type":"Point"},"properties":{"NAMA":"RM PADANG SITI NURBAYA","TIPE_1":"MAKANAN DAN MINUMAN","TIPE_2":"RESTORAN","TIPE_3":"RESTORAN PADANG","TELEPON":"","ALAMAT":"JL. CIPINANG BESAR NO.3, RT.5/RW.6, CIPINANG BESAR SEL., KECAMATAN JATINEGARA, KOTA JAKARTA TIMUR, DAERAH KHUSUS IBUKOTA JAKARTA 13410","ID_PROV":"31","PROVINSI":"DKI JAKARTA","ID_KABKOT":"31.75","KABKOT":"KOTA ADM. JAKARTA TIMUR","ID_KEC":"31.75.03","KECAMATAN":"JATINEGARA","ID_DESA":"31.75.03.1007","DESA":"CIPINANG BESAR SELATAN","LONGITUDE":106.880666699999,"LATITUDE":-6.2269955,"STATUS":"BUKA","TANGGAL UPDATE":"27/02/2025","TANGGAL PENGUMPULAN":"Q4 2023","q":27446,"r":-15111}},{"type":"Feature","geometry":{"coordinates":[106.89177860000007,-6.213492],"type":"Point"},"properties":{"NAMA":"RM SAIYO","TIPE_1":"MAKANAN DAN MINUMAN","TIPE_2":"RESTORAN","TIPE_3":"RESTORAN PADANG","TELEPON":"0812-8431-1851","ALAMAT":"KELURAHAN KLENDER, JL. I GUSTI NGURAH RAI NO.10, RT.10/RW.6, CIPINANG MUARA, KECAMATAN JATINEGARA, KOTA JAKARTA TIMUR, DAERAH KHUSUS IBUKOTA JAKARTA 13420","ID_PROV":"31","PROVINSI":"DKI JAKARTA","ID_KABKOT":"31.75","KABKOT":"KOTA ADM. JAKARTA TIMUR","ID_KEC":"31.75.03","KECAMATAN":"JATINEGARA","ID_DESA":"31.75.03.1006","DESA":"CIPINANG MUARA","LONGITUDE":106.8917786,"LATITUDE":-6.213492,"STATUS":"BUKA","TANGGAL UPDATE":"27/02/2025","TANGGAL PENGUMPULAN":"Q4 2023","q":27449,"r":-15109}},{"type":"Feature","geometry":{"coordinates":[106.92343070000004,-6.21800589999998],"type":"Point"},"properties":{"NAMA":"RM SEDERHANA","TIPE_1":"MAKANAN DAN MINUMAN","TIPE_2":"RESTORAN","TIPE_3":"RESTORAN PADANG","TELEPON":"(021) 86614678","ALAMAT":"6, JL. RADIN INTEN II U NO.225, RT.8/RW.14, KLENDER, KEC. DUREN SAWIT, KOTA JAKARTA TIMUR, DAERAH KHUSUS IBUKOTA JAKARTA 13470","ID_PROV":"31","PROVINSI":"DKI JAKARTA","ID_KABKOT":"31.75","KABKOT":"KOTA ADM. JAKARTA TIMUR","ID_KEC":"31.75.07","KECAMATAN":"DUREN SAWIT","ID_DESA":"31.75.07.1003","DESA":"KLENDER","LONGITUDE":106.9234307,"LATITUDE":-6.2180059,"STATUS":"BUKA","TANGGAL UPDATE":"27/02/2025","TANGGAL PENGUMPULAN":"Q4 2023","q":27457,"r":-15114}},{"type":"Feature","geometry":{"coordinates":[106.89810490000008,-6.220048799999972],"type":"Point"},"properties":{"NAMA":"RM SARAH MASAKAN PADANG","TIPE_1":"MAKANAN DAN MINUMAN","TIPE_2":"RESTORAN","TIPE_3":"RESTORAN PADANG","TELEPON":"0813-1021-8389","ALAMAT":"JALAN CIPINANG MUARA NO.3, RT.8/RW.4, KLENDER, KEC. DUREN SAWIT, KOTA JAKARTA TIMUR, DAERAH KHUSUS IBUKOTA JAKARTA 13470","ID_PROV":"31","PROVINSI":"DKI JAKARTA","ID_KABKOT":"31.75","KABKOT":"KOTA ADM. JAKARTA TIMUR","ID_KEC":"31.75.07","KECAMATAN":"DUREN SAWIT","ID_DESA":"31.75.07.1003","DESA":"KLENDER","LONGITUDE":106.898104899999,"LATITUDE":-6.2200488,"STATUS":"BUKA","TANGGAL UPDATE":"27/02/2025","TANGGAL PENGUMPULAN":"Q4 2023","q":27451,"r":-15111}},{"type":"Feature","geometry":{"coordinates":[106.91694170000005,-6.221108],"type":"Point"},"properties":{"NAMA":"RM SITI NURBAYA","TIPE_1":"MAKANAN DAN MINUMAN","TIPE_2":"RESTORAN","TIPE_3":"RESTORAN PADANG","TELEPON":"","ALAMAT":"JL. BUARAN RAYA NO.9, RT.1/RW.15, DUREN SAWIT, KEC. DUREN SAWIT, KOTA JAKARTA TIMUR, DAERAH KHUSUS IBUKOTA JAKARTA 13440","ID_PROV":"31","PROVINSI":"DKI JAKARTA","ID_KABKOT":"31.75","KABKOT":"KOTA ADM. JAKARTA TIMUR","ID_KEC":"31.75.07","KECAMATAN":"DUREN SAWIT","ID_DESA":"31.75.07.1001","DESA":"DUREN SAWIT","LONGITUDE":106.9169417,"LATITUDE":-6.221108,"STATUS":"BUKA","TANGGAL UPDATE":"27/02/2025","TANGGAL PENGUMPULAN":"Q4 2023","q":27456,"r":-15114}},{"type":"Feature","geometry":{"coordinates":[106.90501550000005,-6.229495],"type":"Point"},"properties":{"NAMA":"RM TALAGO INDAH","TIPE_1":"MAKANAN DAN MINUMAN","TIPE_2":"RESTORAN","TIPE_3":"RESTORAN PADANG","TELEPON":"0813-8283-6581","ALAMAT":"JL. WIJAYA KUSUMA NO.12, RT.12/RW.9, PD. BAMBU, KEC. DUREN SAWIT, KOTA JAKARTA TIMUR, DAERAH KHUSUS IBUKOTA JAKARTA 13430","ID_PROV":"31","PROVINSI":"DKI JAKARTA","ID_KABKOT":"31.75","KABKOT":"KOTA ADM. JAKARTA TIMUR","ID_KEC":"31.75.07","KECAMATAN":"DUREN SAWIT","ID_DESA":"31.75.07.1001","DESA":"DUREN SAWIT","LONGITUDE":106.905015499999,"LATITUDE":-6.229495,"STATUS":"BUKA","TANGGAL UPDATE":"27/02/2025","TANGGAL PENGUMPULAN":"Q4 2023","q":27453,"r":-15114}},{"type":"Feature","geometry":{"coordinates":[106.90294290000008,-6.238247299999955],"type":"Point"},"properties":{"NAMA":"RM WARGA MINANG","TIPE_1":"MAKANAN DAN MINUMAN","TIPE_2":"RESTORAN","TIPE_3":"RESTORAN PADANG","TELEPON":"0813-8454-0672","ALAMAT":"JL. KEJAKSAAN NO.59, RT.16/RW.5, PD. BAMBU, KEC. DUREN SAWIT, KOTA JAKARTA TIMUR, DAERAH KHUSUS IBUKOTA JAKARTA 13430","ID_PROV":"31","PROVINSI":"DKI JAKARTA","ID_KABKOT":"31.75","KABKOT":"KOTA ADM. JAKARTA TIMUR","ID_KEC":"31.75.07","KECAMATAN":"DUREN SAWIT","ID_DESA":"31.75.07.1002","DESA":"PONDOK BAMBU","LONGITUDE":106.9029429,"LATITUDE":-6.2382473,"STATUS":"BUKA","TANGGAL UPDATE":"27/02/2025","TANGGAL PENGUMPULAN":"Q4 2023","q":27452,"r":-15116}},{"type":"Feature","geometry":{"coordinates":[106.86049530000008,-6.274250699999925],"type":"Point"},"properties":{"NAMA":"RM ABADAN NASI PADANG 10K","TIPE_1":"MAKANAN DAN MINUMAN","TIPE_2":"RESTORAN","TIPE_3":"RESTORAN PADANG","TELEPON":"","ALAMAT":"JL. BATU AMPAR III NO.59, RT.4/RW.4, BATU AMPAR, KEC. KRAMAT JATI, KOTA JAKARTA TIMUR, DAERAH KHUSUS IBUKOTA JAKARTA 13520","ID_PROV":"31","PROVINSI":"DKI JAKARTA","ID_KABKOT":"31.75","KABKOT":"KOTA ADM. JAKARTA TIMUR","ID_KEC":"31.75.04","KECAMATAN":"KRAMATJATI","ID_DESA":"31.75.04.1004","DESA":"BATU AMPAR","LONGITUDE":106.8604953,"LATITUDE":-6.2742507,"STATUS":"BUKA","TANGGAL UPDATE":"27/02/2025","TANGGAL PENGUMPULAN":"Q4 2023","q":27441,"r":-15119}},{"type":"Feature","geometry":{"coordinates":[106.87351950000004,-6.30125739999994],"type":"Point"},"properties":{"NAMA":"RM BUKIT TINGGI MASAKAN PADANG","TIPE_1":"MAKANAN DAN MINUMAN","TIPE_2":"RESTORAN","TIPE_3":"RESTORAN PADANG","TELEPON":"","ALAMAT":"JL. HADIDJI NO.4, RT.4/RW.2, RAMBUTAN, KEC. CIRACAS, KOTA JAKARTA TIMUR, DAERAH KHUSUS IBUKOTA JAKARTA 13830","ID_PROV":"31","PROVINSI":"DKI JAKARTA","ID_KABKOT":"31.75","KABKOT":"KOTA ADM. JAKARTA TIMUR","ID_KEC":"31.75.09","KECAMATAN":"CIRACAS","ID_DESA":"31.75.09.1005","DESA":"RAMBUTAN","LONGITUDE":106.8735195,"LATITUDE":-6.3012574,"STATUS":"BUKA","TANGGAL UPDATE":"27/02/2025","TANGGAL PENGUMPULAN":"Q4 2023","q":27444,"r":-15126}},{"type":"Feature","geometry":{"coordinates":[106.95497810000006,-6.184380899999951],"type":"Point"},"properties":{"NAMA":"RM PADANG SABRINA","TIPE_1":"MAKANAN DAN MINUMAN","TIPE_2":"RESTORAN","TIPE_3":"RESTORAN PADANG","TELEPON":"0813-1474-6510","ALAMAT":"JL. BALAI RAKYAT NO.9, RT.3/RW.1, CAKUNG TIM., KEC. CAKUNG, KOTA JAKARTA TIMUR, DAERAH KHUSUS IBUKOTA JAKARTA 13910","ID_PROV":"31","PROVINSI":"DKI JAKARTA","ID_KABKOT":"31.75","KABKOT":"KOTA ADM. JAKARTA TIMUR","ID_KEC":"31.75.06","KECAMATAN":"CAKUNG","ID_DESA":"31.75.06.1004","DESA":"CAKUNG TIMUR","LONGITUDE":106.954978099999,"LATITUDE":-6.1843809,"STATUS":"BUKA","TANGGAL UPDATE":"27/02/2025","TANGGAL PENGUMPULAN":"Q4 2023","q":27465,"r":-15111}},{"type":"Feature","geometry":{"coordinates":[106.88450190000003,-6.19271649999996],"type":"Point"},"properties":{"NAMA":"RM PEMUDA JAYA","TIPE_1":"MAKANAN DAN MINUMAN","TIPE_2":"RESTORAN","TIPE_3":"RESTORAN PADANG","TELEPON":"(021) 4704042","ALAMAT":"JL. PEMUDA NO.7, RT.8/RW.4, JATI, KEC. PULO GADUNG, KOTA JAKARTA TIMUR, DAERAH KHUSUS IBUKOTA JAKARTA 13220","ID_PROV":"31","PROVINSI":"DKI JAKARTA","ID_KABKOT":"31.75","KABKOT":"KOTA ADM. JAKARTA TIMUR","ID_KEC":"31.75.02","KECAMATAN":"PULOGADUNG","ID_DESA":"31.75.02.1005","DESA":"RAWAMANGUN","LONGITUDE":106.884501899999,"LATITUDE":-6.1927165,"STATUS":"BUKA","TANGGAL UPDATE":"27/02/2025","TANGGAL PENGUMPULAN":"Q4 2023","q":27447,"r":-15104}},{"type":"Feature","geometry":{"coordinates":[106.90872950000005,-6.21422709999996],"type":"Point"},"properties":{"NAMA":"RM MINANG KABAU","TIPE_1":"MAKANAN DAN MINUMAN","TIPE_2":"RESTORAN","TIPE_3":"RESTORAN PADANG","TELEPON":"0821-1355-1997","ALAMAT":"JL. I GUSTI NGURAH RAI NO.30, RT.1/RW.16, KLENDER, KEC. DUREN SAWIT, KOTA JAKARTA TIMUR, DAERAH KHUSUS IBUKOTA JAKARTA 13470","ID_PROV":"31","PROVINSI":"DKI JAKARTA","ID_KABKOT":"31.75","KABKOT":"KOTA ADM. JAKARTA TIMUR","ID_KEC":"31.75.07","KECAMATAN":"DUREN SAWIT","ID_DESA":"31.75.07.1003","DESA":"KLENDER","LONGITUDE":106.908729499999,"LATITUDE":-6.2142271,"STATUS":"BUKA","TANGGAL UPDATE":"27/02/2025","TANGGAL PENGUMPULAN":"Q4 2023","q":27453,"r":-15111}},{"type":"Feature","geometry":{"coordinates":[106.90520870000006,-6.232190799999955],"type":"Point"},"properties":{"NAMA":"RM PADANG PULANG KABAKO","TIPE_1":"MAKANAN DAN MINUMAN","TIPE_2":"RESTORAN","TIPE_3":"RESTORAN PADANG","TELEPON":"0812-1855-4884","ALAMAT":"1, JL. BAMBU MAS UTARA I NO.72-134, RT.1/RW.6, PD. BAMBU, KEC. DUREN SAWIT, KOTA JAKARTA TIMUR, DAERAH KHUSUS IBUKOTA JAKARTA 13430","ID_PROV":"31","PROVINSI":"DKI JAKARTA","ID_KABKOT":"31.75","KABKOT":"KOTA ADM. JAKARTA TIMUR","ID_KEC":"31.75.07","KECAMATAN":"DUREN SAWIT","ID_DESA":"31.75.07.1002","DESA":"PONDOK BAMBU","LONGITUDE":106.905208699999,"LATITUDE":-6.2321908,"STATUS":"BUKA","TANGGAL UPDATE":"27/02/2025","TANGGAL PENGUMPULAN":"Q4 2023","q":27453,"r":-15115}},{"type":"Feature","geometry":{"coordinates":[106.90402690000008,-6.239101299999959],"type":"Point"},"properties":{"NAMA":"RM TIGO SARANGKAI","TIPE_1":"MAKANAN DAN MINUMAN","TIPE_2":"RESTORAN","TIPE_3":"RESTORAN PADANG","TELEPON":"0813-8785-9626","ALAMAT":"17, JL. KEJAKSAAN NO.RAYA, RT.2/RW.8, PD. BAMBU, KEC. DUREN SAWIT, KOTA JAKARTA TIMUR, DAERAH KHUSUS IBUKOTA JAKARTA 13430","ID_PROV":"31","PROVINSI":"DKI JAKARTA","ID_KABKOT":"31.75","KABKOT":"KOTA ADM. JAKARTA TIMUR","ID_KEC":"31.75.07","KECAMATAN":"DUREN SAWIT","ID_DESA":"31.75.07.1002","DESA":"PONDOK BAMBU","LONGITUDE":106.904026899999,"LATITUDE":-6.2391013,"STATUS":"BUKA","TANGGAL UPDATE":"27/02/2025","TANGGAL PENGUMPULAN":"Q4 2023","q":27452,"r":-15116}},{"type":"Feature","geometry":{"coordinates":[106.90276550000004,-6.229151399999978],"type":"Point"},"properties":{"NAMA":"RM SURYA BARU MASAKAN PADANG","TIPE_1":"MAKANAN DAN MINUMAN","TIPE_2":"RESTORAN","TIPE_3":"RESTORAN PADANG","TELEPON":"0821-1450-4786","ALAMAT":"JL. MASJID ABIDIN NO.28, RT.8/RW.6, PD. BAMBU, KEC. DUREN SAWIT, KOTA JAKARTA TIMUR, DAERAH KHUSUS IBUKOTA JAKARTA 13430","ID_PROV":"31","PROVINSI":"DKI JAKARTA","ID_KABKOT":"31.75","KABKOT":"KOTA ADM. JAKARTA TIMUR","ID_KEC":"31.75.07","KECAMATAN":"DUREN SAWIT","ID_DESA":"31.75.07.1002","DESA":"PONDOK BAMBU","LONGITUDE":106.9027655,"LATITUDE":-6.2291514,"STATUS":"BUKA","TANGGAL UPDATE":"27/02/2025","TANGGAL PENGUMPULAN":"Q4 2023","q":27452,"r":-15114}},{"type":"Feature","geometry":{"coordinates":[106.90032430000008,-6.220434499999953],"type":"Point"},"properties":{"NAMA":"RM PUTERI MINANG","TIPE_1":"MAKANAN DAN MINUMAN","TIPE_2":"RESTORAN","TIPE_3":"RESTORAN PADANG","TELEPON":"(021) 25652585","ALAMAT":"JL. PAHLAWAN REVOLUSI NO.13, RT.1/RW.9, KLENDER, KEC. DUREN SAWIT, KOTA JAKARTA TIMUR, DAERAH KHUSUS IBUKOTA JAKARTA 13420","ID_PROV":"31","PROVINSI":"DKI JAKARTA","ID_KABKOT":"31.75","KABKOT":"KOTA ADM. JAKARTA TIMUR","ID_KEC":"31.75.07","KECAMATAN":"DUREN SAWIT","ID_DESA":"31.75.07.1003","DESA":"KLENDER","LONGITUDE":106.9003243,"LATITUDE":-6.2204345,"STATUS":"BUKA","TANGGAL UPDATE":"27/02/2025","TANGGAL PENGUMPULAN":"Q4 2023","q":27451,"r":-15112}},{"type":"Feature","geometry":{"coordinates":[106.89679110000009,-6.213594699999931],"type":"Point"},"properties":{"NAMA":"RMMASAKAN PADANG","TIPE_1":"MAKANAN DAN MINUMAN","TIPE_2":"RESTORAN","TIPE_3":"RESTORAN PADANG","TELEPON":"","ALAMAT":"RT.12/RW.1, KLENDER, KEC. DUREN SAWIT, KOTA JAKARTA TIMUR, DAERAH KHUSUS IBUKOTA JAKARTA 13470","ID_PROV":"31","PROVINSI":"DKI JAKARTA","ID_KABKOT":"31.75","KABKOT":"KOTA ADM. JAKARTA TIMUR","ID_KEC":"31.75.07","KECAMATAN":"DUREN SAWIT","ID_DESA":"31.75.07.1003","DESA":"KLENDER","LONGITUDE":106.8967911,"LATITUDE":-6.2135947,"STATUS":"BUKA","TANGGAL UPDATE":"27/02/2025","TANGGAL PENGUMPULAN":"Q4 2023","q":27450,"r":-15110}},{"type":"Feature","geometry":{"coordinates":[106.95445470000004,-6.215882799999975],"type":"Point"},"properties":{"NAMA":"BURGER DAN SEBLAK ENAK PULOGEBANG","TIPE_1":"MAKANAN DAN MINUMAN","TIPE_2":"RESTORAN","TIPE_3":"CEPAT SAJI","TELEPON":"","ALAMAT":"JL. RAYA PULO GEBANG NO.21, RT.5/RW.3, PULO GEBANG, KEC. CAKUNG, KOTA JAKARTA TIMUR, DAERAH KHUSUS IBUKOTA JAKARTA 13950","ID_PROV":"31","PROVINSI":"DKI JAKARTA","ID_KABKOT":"31.75","KABKOT":"KOTA ADM. JAKARTA TIMUR","ID_KEC":"31.75.06","KECAMATAN":"CAKUNG","ID_DESA":"31.75.06.1005","DESA":"PULO GEBANG","LONGITUDE":106.9544547,"LATITUDE":-6.2158828,"STATUS":"BUKA","TANGGAL UPDATE":"27/02/2025","TANGGAL PENGUMPULAN":"Q4 2023","q":27465,"r":-15118}},{"type":"Feature","geometry":{"coordinates":[106.85536860000008,-6.283904899999926],"type":"Point"},"properties":{"NAMA":"BURGER BUNDER CONDET","TIPE_1":"MAKANAN DAN MINUMAN","TIPE_2":"RESTORAN","TIPE_3":"CEPAT SAJI","TELEPON":"0821-2580-9106","ALAMAT":"BATU AMPAR, KRAMAT JATI, EAST JAKARTA CITY, JAKARTA","ID_PROV":"31","PROVINSI":"DKI JAKARTA","ID_KABKOT":"31.75","KABKOT":"KOTA ADM. JAKARTA TIMUR","ID_KEC":"31.75.04","KECAMATAN":"KRAMATJATI","ID_DESA":"31.75.04.1004","DESA":"BATU AMPAR","LONGITUDE":106.8553686,"LATITUDE":-6.2839049,"STATUS":"BUKA","TANGGAL UPDATE":"27/02/2025","TANGGAL PENGUMPULAN":"Q4 2023","q":27440,"r":-15120}},{"type":"Feature","geometry":{"coordinates":[106.89299930000006,-6.198098599999987],"type":"Point"},"properties":{"NAMA":"DELILER BURGER N' PIZZA","TIPE_1":"MAKANAN DAN MINUMAN","TIPE_2":"RESTORAN","TIPE_3":"CEPAT SAJI","TELEPON":"0813-1069-8334","ALAMAT":"JL. KEPITING I, JATI, PULO GADUNG, EAST JAKARTA CITY, JAKARTA 13220","ID_PROV":"31","PROVINSI":"DKI JAKARTA","ID_KABKOT":"31.75","KABKOT":"KOTA ADM. JAKARTA TIMUR","ID_KEC":"31.75.02","KECAMATAN":"PULOGADUNG","ID_DESA":"31.75.02.1007","DESA":"JATI","LONGITUDE":106.8929993,"LATITUDE":-6.1980986,"STATUS":"BUKA","TANGGAL UPDATE":"27/02/2025","TANGGAL PENGUMPULAN":"Q4 2023","q":27449,"r":-15106}},{"type":"Feature","geometry":{"coordinates":[106.86734390000004,-6.289802199999933],"type":"Point"},"properties":{"NAMA":"HOLA PERI JAKARTA","TIPE_1":"MAKANAN DAN MINUMAN","TIPE_2":"RESTORAN","TIPE_3":"KAFE DAN RESTO","TELEPON":"","ALAMAT":"KOMP. PASPAMPRES, JL. PIPIT I NO.9, RT.6/RW.6, KP. TENGAH, JAKARTA, KOTA JAKARTA TIMUR, DAERAH KHUSUS IBUKOTA JAKARTA 13540","ID_PROV":"31","PROVINSI":"DKI JAKARTA","ID_KABKOT":"31.75","KABKOT":"KOTA ADM. JAKARTA TIMUR","ID_KEC":"31.75.04","KECAMATAN":"KRAMATJATI","ID_DESA":"31.75.04.1002","DESA":"TENGAH","LONGITUDE":106.8673439,"LATITUDE":-6.2898022,"STATUS":"BUKA","TANGGAL UPDATE":"27/02/2025","TANGGAL PENGUMPULAN":"Q4 2023","q":27443,"r":-15123}},{"type":"Feature","geometry":{"coordinates":[106.87538540000008,-6.244690099999963],"type":"Point"},"properties":{"NAMA":"HEATHER RESTO BEST WESTERN PREMIER THE HIVE","TIPE_1":"MAKANAN DAN MINUMAN","TIPE_2":"RESTORAN","TIPE_3":"MIE DAN BAKSO","TELEPON":"(021) 29821888","ALAMAT":"BEST WESTERN PREMIER, THE HIVE, JL. DONALD ISAAC PANJAITAN NO.KAV. 3-4, RT.7/RW.11, CIPINANG CEMPEDAK, KECAMATAN JATINEGARA, JAKARTA, DAERAH KHUSUS IBUKOTA JAKARTA 13340","ID_PROV":"31","PROVINSI":"DKI JAKARTA","ID_KABKOT":"31.75","KABKOT":"KOTA ADM. JAKARTA TIMUR","ID_KEC":"31.75.03","KECAMATAN":"JATINEGARA","ID_DESA":"31.75.03.1005","DESA":"CIPINANG CEMPEDAK","LONGITUDE":106.8753854,"LATITUDE":-6.2446901,"STATUS":"BUKA","TANGGAL UPDATE":"27/02/2025","TANGGAL PENGUMPULAN":"Q4 2023","q":27445,"r":-15114}},{"type":"Feature","geometry":{"coordinates":[106.90384850000004,-6.216968299999962],"type":"Point"},"properties":{"NAMA":"RUMAH MAKAN BUNDA MASAKAN PADANG","TIPE_1":"MAKANAN DAN MINUMAN","TIPE_2":"RESTORAN","TIPE_3":"RESTORAN PADANG","TELEPON":"","ALAMAT":"JL. BULAK RAYA NO.33, RT.9/RW.7, KLENDER, KEC. DUREN SAWIT, KOTA JAKARTA TIMUR, DAERAH KHUSUS IBUKOTA JAKARTA 13470","ID_PROV":"31","PROVINSI":"DKI JAKARTA","ID_KABKOT":"31.75","KABKOT":"KOTA ADM. JAKARTA TIMUR","ID_KEC":"31.75.07","KECAMATAN":"DUREN SAWIT","ID_DESA":"31.75.07.1003","DESA":"KLENDER","LONGITUDE":106.9038485,"LATITUDE":-6.2169683,"STATUS":"BUKA","TANGGAL UPDATE":"27/02/2025","TANGGAL PENGUMPULAN":"Q4 2023","q":27452,"r":-15111}},{"type":"Feature","geometry":{"coordinates":[106.88644240000008,-6.26222],"type":"Point"},"properties":{"NAMA":"RUMAH MAKAN BUNDO","TIPE_1":"MAKANAN DAN MINUMAN","TIPE_2":"RESTORAN","TIPE_3":"RESTORAN PADANG","TELEPON":"(021) 8090087","ALAMAT":"JL. ANGKASA NO.1, RT.1/RW.9, HALIM PERDANA KUSUMAH, KEC. MAKASAR, KOTA JAKARTA TIMUR, DAERAH KHUSUS IBUKOTA JAKARTA 13610","ID_PROV":"31","PROVINSI":"DKI JAKARTA","ID_KABKOT":"31.75","KABKOT":"KOTA ADM. JAKARTA TIMUR","ID_KEC":"31.75.08","KECAMATAN":"MAKASAR","ID_DESA":"31.75.08.1004","DESA":"HALIM PERDANA KUSUMA","LONGITUDE":106.886442399999,"LATITUDE":-6.26222,"STATUS":"BUKA","TANGGAL UPDATE":"27/02/2025","TANGGAL PENGUMPULAN":"Q4 2023","q":27448,"r":-15119}},{"type":"Feature","geometry":{"coordinates":[106.88689630000005,-6.196726899999931],"type":"Point"},"properties":{"NAMA":"RUMAH MAKAN GADIH MINANG MASAKAN PADANG","TIPE_1":"MAKANAN DAN MINUMAN","TIPE_2":"RESTORAN","TIPE_3":"RESTORAN PADANG","TELEPON":"0822-2546-0510","ALAMAT":"JL. WARU NO.11, RT.2/RW.9, RAWAMANGUN, KEC. PULO GADUNG, KOTA JAKARTA TIMUR, DAERAH KHUSUS IBUKOTA JAKARTA 13220","ID_PROV":"31","PROVINSI":"DKI JAKARTA","ID_KABKOT":"31.75","KABKOT":"KOTA ADM. JAKARTA TIMUR","ID_KEC":"31.75.02","KECAMATAN":"PULOGADUNG","ID_DESA":"31.75.02.1005","DESA":"RAWAMANGUN","LONGITUDE":106.886896299999,"LATITUDE":-6.1967269,"STATUS":"BUKA","TANGGAL UPDATE":"27/02/2025","TANGGAL PENGUMPULAN":"Q4 2023","q":27448,"r":-15105}},{"type":"Feature","geometry":{"coordinates":[106.861102,-6.213807799999927],"type":"Point"},"properties":{"NAMA":"RUMAH MAKAN MASAKAN PADANG CINTO RASO","TIPE_1":"MAKANAN DAN MINUMAN","TIPE_2":"RESTORAN","TIPE_3":"RESTORAN PADANG","TELEPON":"0823-1032-7528","ALAMAT":"JL. KEBON PALA I, RT: 01/05, NO: 22, KELURAHAN: KAMPUNG MELAYU, KEC:, JATINEGARA, RT.1/RW.5, KP. MELAYU, KECAMATAN JATINEGARA, KOTA JAKARTA TIMUR, DAERAH KHUSUS IBUKOTA JAKARTA 13320","ID_PROV":"31","PROVINSI":"DKI JAKARTA","ID_KABKOT":"31.75","KABKOT":"KOTA ADM. JAKARTA TIMUR","ID_KEC":"31.75.03","KECAMATAN":"JATINEGARA","ID_DESA":"31.75.03.1001","DESA":"KAMPUNG MELAYU","LONGITUDE":106.861101999999,"LATITUDE":-6.2138078,"STATUS":"BUKA","TANGGAL UPDATE":"27/02/2025","TANGGAL PENGUMPULAN":"Q4 2023","q":27441,"r":-15105}},{"type":"Feature","geometry":{"coordinates":[106.943446,-6.212715699999933],"type":"Point"},"properties":{"NAMA":"RUMAH MAKAN NASI PADANG NANTONGGA","TIPE_1":"MAKANAN DAN MINUMAN","TIPE_2":"RESTORAN","TIPE_3":"RESTORAN PADANG","TELEPON":"0813-8535-5551","ALAMAT":"JL. DR. SUMARNO NO.30, RT.11/RW.4, PENGGILINGAN, KEC. CAKUNG, KOTA JAKARTA TIMUR, DAERAH KHUSUS IBUKOTA JAKARTA 13940","ID_PROV":"31","PROVINSI":"DKI JAKARTA","ID_KABKOT":"31.75","KABKOT":"KOTA ADM. JAKARTA TIMUR","ID_KEC":"31.75.06","KECAMATAN":"CAKUNG","ID_DESA":"31.75.06.1005","DESA":"PULO GEBANG","LONGITUDE":106.943446,"LATITUDE":-6.2127157,"STATUS":"BUKA","TANGGAL UPDATE":"27/02/2025","TANGGAL PENGUMPULAN":"Q4 2023","q":27462,"r":-15116}},{"type":"Feature","geometry":{"coordinates":[106.89156710000009,-6.223295099999973],"type":"Point"},"properties":{"NAMA":"RUMAH MAKAN NISA MINANG","TIPE_1":"MAKANAN DAN MINUMAN","TIPE_2":"RESTORAN","TIPE_3":"RESTORAN PADANG","TELEPON":"","ALAMAT":"JL. CIPINANG MUARA 2 NO.6, RT.6/RW.3, CIPINANG MUARA, KECAMATAN JATINEGARA, KOTA JAKARTA TIMUR, DAERAH KHUSUS IBUKOTA JAKARTA 13420","ID_PROV":"31","PROVINSI":"DKI JAKARTA","ID_KABKOT":"31.75","KABKOT":"KOTA ADM. JAKARTA TIMUR","ID_KEC":"31.75.03","KECAMATAN":"JATINEGARA","ID_DESA":"31.75.03.1006","DESA":"CIPINANG MUARA","LONGITUDE":106.891567099999,"LATITUDE":-6.2232951,"STATUS":"BUKA","TANGGAL UPDATE":"27/02/2025","TANGGAL PENGUMPULAN":"Q4 2023","q":27449,"r":-15111}},{"type":"Feature","geometry":{"coordinates":[106.85381610000007,-6.199785599999927],"type":"Point"},"properties":{"NAMA":"RUMAH MAKAN MINANG SEPAKAT","TIPE_1":"MAKANAN DAN MINUMAN","TIPE_2":"RESTORAN","TIPE_3":"RESTORAN PADANG","TELEPON":"(021) 8564967","ALAMAT":"JL. MATRAMAN RAYA NO.8, RT.2/RW.1, KB. MANGGIS, KEC. MATRAMAN, KOTA JAKARTA TIMUR, DAERAH KHUSUS IBUKOTA JAKARTA 13150","ID_PROV":"31","PROVINSI":"DKI JAKARTA","ID_KABKOT":"31.75","KABKOT":"KOTA ADM. JAKARTA TIMUR","ID_KEC":"31.75.01","KECAMATAN":"MATRAMAN","ID_DESA":"31.75.01.1005","DESA":"KEBON MANGGIS","LONGITUDE":106.853816099999,"LATITUDE":-6.1997856,"STATUS":"BUKA","TANGGAL UPDATE":"27/02/2025","TANGGAL PENGUMPULAN":"Q4 2023","q":27439,"r":-15101}},{"type":"Feature","geometry":{"coordinates":[106.87076890000009,-6.286405199999933],"type":"Point"},"properties":{"NAMA":"RUMAH MAKAN PADANG AMBUN PAGI","TIPE_1":"MAKANAN DAN MINUMAN","TIPE_2":"RESTORAN","TIPE_3":"RESTORAN PADANG","TELEPON":"0812-9437-414","ALAMAT":"HEK, JL. RAYA BOGOR NO.20, RT.15/RW.11, KP. TENGAH, KEC. KRAMAT JATI, KOTA JAKARTA TIMUR, DAERAH KHUSUS IBUKOTA JAKARTA 13510","ID_PROV":"31","PROVINSI":"DKI JAKARTA","ID_KABKOT":"31.75","KABKOT":"KOTA ADM. JAKARTA TIMUR","ID_KEC":"31.75.04","KECAMATAN":"KRAMATJATI","ID_DESA":"31.75.04.1001","DESA":"KRAMATJATI","LONGITUDE":106.8707689,"LATITUDE":-6.2864052,"STATUS":"BUKA","TANGGAL UPDATE":"27/02/2025","TANGGAL PENGUMPULAN":"Q4 2023","q":27444,"r":-15123}},{"type":"Feature","geometry":{"coordinates":[106.878778,-6.210018],"type":"Point"},"properties":{"NAMA":"RUMAH MAKAN PADANG ANDA","TIPE_1":"MAKANAN DAN MINUMAN","TIPE_2":"RESTORAN","TIPE_3":"RESTORAN PADANG","TELEPON":"0812-8187-7176","ALAMAT":"JL. PISANGAN LAMA III NO.11, RT.7/RW.8, EAST PISANGAN, PULO GADUNG, EAST JAKARTA CITY, JAKARTA 13230","ID_PROV":"31","PROVINSI":"DKI JAKARTA","ID_KABKOT":"31.75","KABKOT":"KOTA ADM. JAKARTA TIMUR","ID_KEC":"31.75.02","KECAMATAN":"PULOGADUNG","ID_DESA":"31.75.02.1002","DESA":"PISANGAN TIMUR","LONGITUDE":106.878778,"LATITUDE":-6.210018,"STATUS":"BUKA","TANGGAL UPDATE":"27/02/2025","TANGGAL PENGUMPULAN":"Q4 2023","q":27446,"r":-15107}},{"type":"Feature","geometry":{"coordinates":[106.90883360000004,-6.246912799999961],"type":"Point"},"properties":{"NAMA":"RUMAH MAKAN PADANG MELAYU JAYA MASAKAN PADANG","TIPE_1":"MAKANAN DAN MINUMAN","TIPE_2":"RESTORAN","TIPE_3":"RESTORAN PADANG","TELEPON":"0813-1776-2554","ALAMAT":"JL. RAYA KALIMALANG NO.6E, RT.6/RW.12, PD. BAMBU, KEC. DUREN SAWIT, KOTA JAKARTA TIMUR, DAERAH KHUSUS IBUKOTA JAKARTA 13430","ID_PROV":"31","PROVINSI":"DKI JAKARTA","ID_KABKOT":"31.75","KABKOT":"KOTA ADM. JAKARTA TIMUR","ID_KEC":"31.75.07","KECAMATAN":"DUREN SAWIT","ID_DESA":"31.75.07.1002","DESA":"PONDOK BAMBU","LONGITUDE":106.9088336,"LATITUDE":-6.2469128,"STATUS":"BUKA","TANGGAL UPDATE":"27/02/2025","TANGGAL PENGUMPULAN":"Q4 2023","q":27454,"r":-15119}},{"type":"Feature","geometry":{"coordinates":[106.86892980000005,-6.327842899999951],"type":"Point"},"properties":{"NAMA":"RUMAH MAKAN PADANG BUNDO","TIPE_1":"MAKANAN DAN MINUMAN","TIPE_2":"RESTORAN","TIPE_3":"RESTORAN PADANG","TELEPON":"0812-8582-6785","ALAMAT":"JL. RAYA PONCOL NO.4, RT.12/RW.8, SUSUKAN, KEC. CIRACAS, KOTA JAKARTA TIMUR, DAERAH KHUSUS IBUKOTA JAKARTA 13750","ID_PROV":"31","PROVINSI":"DKI JAKARTA","ID_KABKOT":"31.75","KABKOT":"KOTA ADM. JAKARTA TIMUR","ID_KEC":"31.75.09","KECAMATAN":"CIRACAS","ID_DESA":"31.75.09.1001","DESA":"CIRACAS","LONGITUDE":106.868929799999,"LATITUDE":-6.3278429,"STATUS":"BUKA","TANGGAL UPDATE":"27/02/2025","TANGGAL PENGUMPULAN":"Q4 2023","q":27443,"r":-15132}},{"type":"Feature","geometry":{"coordinates":[106.93583410000008,-6.248772599999938],"type":"Point"},"properties":{"NAMA":"RUMAH MAKAN PADANG KURNIA","TIPE_1":"MAKANAN DAN MINUMAN","TIPE_2":"RESTORAN","TIPE_3":"RESTORAN PADANG","TELEPON":"(021) 8642509","ALAMAT":"JL. PD. KELAPA RAYA, RT.1/RW.11, PD. KLP., KEC. DUREN SAWIT, KOTA JAKARTA TIMUR, DAERAH KHUSUS IBUKOTA JAKARTA 13450","ID_PROV":"31","PROVINSI":"DKI JAKARTA","ID_KABKOT":"31.75","KABKOT":"KOTA ADM. JAKARTA TIMUR","ID_KEC":"31.75.07","KECAMATAN":"DUREN SAWIT","ID_DESA":"31.75.07.1004","DESA":"PONDOK KELAPA","LONGITUDE":106.9358341,"LATITUDE":-6.2487726,"STATUS":"BUKA","TANGGAL UPDATE":"27/02/2025","TANGGAL PENGUMPULAN":"Q4 2023","q":27460,"r":-15123}},{"type":"Feature","geometry":{"coordinates":[106.943795,-6.25173419999993],"type":"Point"},"properties":{"NAMA":"RUMAH MAKAN PADANG CEMERLANG","TIPE_1":"MAKANAN DAN MINUMAN","TIPE_2":"RESTORAN","TIPE_3":"RESTORAN PADANG","TELEPON":"0813-8532-6499","ALAMAT":"JL. KINCAN RAYA NO.70, RT.1/RW.12, JATIBENING BARU, KEC. PD. GEDE, KOTA BKS, JAWA BARAT 13450","ID_PROV":"31","PROVINSI":"DKI JAKARTA","ID_KABKOT":"31.75","KABKOT":"KOTA ADM. JAKARTA TIMUR","ID_KEC":"31.75.07","KECAMATAN":"DUREN SAWIT","ID_DESA":"31.75.07.1004","DESA":"PONDOK KELAPA","LONGITUDE":106.943795,"LATITUDE":-6.2517342,"STATUS":"BUKA","TANGGAL UPDATE":"27/02/2025","TANGGAL PENGUMPULAN":"Q4 2023","q":27462,"r":-15124}},{"type":"Feature","geometry":{"coordinates":[106.88654810000008,-6.294052699999952],"type":"Point"},"properties":{"NAMA":"RUMAH MAKAN PADANG","TIPE_1":"MAKANAN DAN MINUMAN","TIPE_2":"RESTORAN","TIPE_3":"RESTORAN PADANG","TELEPON":"0812-8536-2240","ALAMAT":"JAKARTA TIMUR, RT.17/RW.2, PINANG RANTI, KEC. MAKASAR, KOTA JAKARTA TIMUR, DAERAH KHUSUS IBUKOTA JAKARTA 13560","ID_PROV":"31","PROVINSI":"DKI JAKARTA","ID_KABKOT":"31.75","KABKOT":"KOTA ADM. JAKARTA TIMUR","ID_KEC":"31.75.08","KECAMATAN":"MAKASAR","ID_DESA":"31.75.08.1002","DESA":"PINANGRANTI","LONGITUDE":106.8865481,"LATITUDE":-6.2940527,"STATUS":"BUKA","TANGGAL UPDATE":"27/02/2025","TANGGAL PENGUMPULAN":"Q4 2023","q":27448,"r":-15126}},{"type":"Feature","geometry":{"coordinates":[106.88883150000004,-6.292800199999931],"type":"Point"},"properties":{"NAMA":"RUMAH MAKAN PADANG","TIPE_1":"MAKANAN DAN MINUMAN","TIPE_2":"RESTORAN","TIPE_3":"RESTORAN PADANG","TELEPON":"0823-9287-9471","ALAMAT":"JL. PINTU 2 RAYA, RT.15/RW.2, PINANG RANTI, KEC. MAKASAR, KOTA JAKARTA TIMUR, DAERAH KHUSUS IBUKOTA JAKARTA 13560","ID_PROV":"31","PROVINSI":"DKI JAKARTA","ID_KABKOT":"31.75","KABKOT":"KOTA ADM. JAKARTA TIMUR","ID_KEC":"31.75.08","KECAMATAN":"MAKASAR","ID_DESA":"31.75.08.1002","DESA":"PINANGRANTI","LONGITUDE":106.8888315,"LATITUDE":-6.2928002,"STATUS":"BUKA","TANGGAL UPDATE":"27/02/2025","TANGGAL PENGUMPULAN":"Q4 2023","q":27448,"r":-15126}},{"type":"Feature","geometry":{"coordinates":[106.93895630000009,-6.216874799999971],"type":"Point"},"properties":{"NAMA":"RUMAH MAKAN PADANG","TIPE_1":"MAKANAN DAN MINUMAN","TIPE_2":"RESTORAN","TIPE_3":"RESTORAN PADANG","TELEPON":"","ALAMAT":"JL. RAYA PENGGILINGAN, RT.10/RW.3, PENGGILINGAN, KEC. CAKUNG, KOTA JAKARTA TIMUR, DAERAH KHUSUS IBUKOTA JAKARTA 13940","ID_PROV":"31","PROVINSI":"DKI JAKARTA","ID_KABKOT":"31.75","KABKOT":"KOTA ADM. JAKARTA TIMUR","ID_KEC":"31.75.06","KECAMATAN":"CAKUNG","ID_DESA":"31.75.06.1003","DESA":"PENGGILINGAN","LONGITUDE":106.9389563,"LATITUDE":-6.2168748,"STATUS":"BUKA","TANGGAL UPDATE":"27/02/2025","TANGGAL PENGUMPULAN":"Q4 2023","q":27461,"r":-15116}},{"type":"Feature","geometry":{"coordinates":[106.87060890000004,-6.256271099999935],"type":"Point"},"properties":{"NAMA":"RUMAH MAKAN PADANG JAYA","TIPE_1":"MAKANAN DAN MINUMAN","TIPE_2":"RESTORAN","TIPE_3":"RESTORAN PADANG","TELEPON":"0897-8252-771","ALAMAT":"JL. MAYJEN SUTOYO NO.37, RT.2/RW.9, CAWANG, KEC. KRAMAT JATI, KOTA JAKARTA TIMUR, DAERAH KHUSUS IBUKOTA JAKARTA 13630","ID_PROV":"31","PROVINSI":"DKI JAKARTA","ID_KABKOT":"31.75","KABKOT":"KOTA ADM. JAKARTA TIMUR","ID_KEC":"31.75.04","KECAMATAN":"KRAMATJATI","ID_DESA":"31.75.04.1007","DESA":"CAWANG","LONGITUDE":106.8706089,"LATITUDE":-6.2562711,"STATUS":"BUKA","TANGGAL UPDATE":"27/02/2025","TANGGAL PENGUMPULAN":"Q4 2023","q":27444,"r":-15116}},{"type":"Feature","geometry":{"coordinates":[106.88749240000004,-6.214503499999978],"type":"Point"},"properties":{"NAMA":"RUMAH MAKAN PADANG SAIYO TAMAN CIPINANG","TIPE_1":"MAKANAN DAN MINUMAN","TIPE_2":"RESTORAN","TIPE_3":"RESTORAN PADANG","TELEPON":"","ALAMAT":"JL. BEKASI TIM. RAYA NO.176, RT.3/RW.6, CIPINANG MUARA, KECAMATAN JATINEGARA, KOTA JAKARTA TIMUR, DAERAH KHUSUS IBUKOTA JAKARTA 13420","ID_PROV":"31","PROVINSI":"DKI JAKARTA","ID_KABKOT":"31.75","KABKOT":"KOTA ADM. JAKARTA TIMUR","ID_KEC":"31.75.03","KECAMATAN":"JATINEGARA","ID_DESA":"31.75.03.1006","DESA":"CIPINANG MUARA","LONGITUDE":106.8874924,"LATITUDE":-6.2145035,"STATUS":"BUKA","TANGGAL UPDATE":"27/02/2025","TANGGAL PENGUMPULAN":"Q4 2023","q":27448,"r":-15109}},{"type":"Feature","geometry":{"coordinates":[106.88873530000006,-6.214238199999954],"type":"Point"},"properties":{"NAMA":"RUMAH MAKAN PADANG SAKATO","TIPE_1":"MAKANAN DAN MINUMAN","TIPE_2":"RESTORAN","TIPE_3":"RESTORAN PADANG","TELEPON":"0812-1941-1870","ALAMAT":"JL. CIPINANG LONTAR NO.23, RT.5/RW.6, CIPINANG MUARA, KECAMATAN JATINEGARA, KOTA JAKARTA TIMUR, DAERAH KHUSUS IBUKOTA JAKARTA 13420","ID_PROV":"31","PROVINSI":"DKI JAKARTA","ID_KABKOT":"31.75","KABKOT":"KOTA ADM. JAKARTA TIMUR","ID_KEC":"31.75.03","KECAMATAN":"JATINEGARA","ID_DESA":"31.75.03.1006","DESA":"CIPINANG MUARA","LONGITUDE":106.8887353,"LATITUDE":-6.2142382,"STATUS":"BUKA","TANGGAL UPDATE":"27/02/2025","TANGGAL PENGUMPULAN":"Q4 2023","q":27448,"r":-15109}},{"type":"Feature","geometry":{"coordinates":[106.87045620000004,-6.198856599999942],"type":"Point"},"properties":{"NAMA":"RUMAH MAKAN PADANG SALERO ANDA","TIPE_1":"MAKANAN DAN MINUMAN","TIPE_2":"RESTORAN","TIPE_3":"RESTORAN PADANG","TELEPON":"0857-7270-0231","ALAMAT":"JL. NANAS NO.33, RT.1/RW.3, UTAN KAYU SEL., KEC. MATRAMAN, KOTA JAKARTA TIMUR, DAERAH KHUSUS IBUKOTA JAKARTA 13120","ID_PROV":"31","PROVINSI":"DKI JAKARTA","ID_KABKOT":"31.75","KABKOT":"KOTA ADM. JAKARTA TIMUR","ID_KEC":"31.75.01","KECAMATAN":"MATRAMAN","ID_DESA":"31.75.01.1006","DESA":"UTAN KAYU SELATAN","LONGITUDE":106.870456199999,"LATITUDE":-6.1988566,"STATUS":"BUKA","TANGGAL UPDATE":"27/02/2025","TANGGAL PENGUMPULAN":"Q4 2023","q":27444,"r":-15103}},{"type":"Feature","geometry":{"coordinates":[106.87005370000008,-6.238188799999932],"type":"Point"},"properties":{"NAMA":"RUMAH MAKAN PADANG PUTRI MINANG OTISTA","TIPE_1":"MAKANAN DAN MINUMAN","TIPE_2":"RESTORAN","TIPE_3":"RESTORAN PADANG","TELEPON":"","ALAMAT":"JL. CIPINANG CEMPEDAK II NO.212, RT.9/RW.6, CIPINANG CEMPEDAK, KECAMATAN JATINEGARA, KOTA JAKARTA TIMUR, DAERAH KHUSUS IBUKOTA JAKARTA 13340","ID_PROV":"31","PROVINSI":"DKI JAKARTA","ID_KABKOT":"31.75","KABKOT":"KOTA ADM. JAKARTA TIMUR","ID_KEC":"31.75.03","KECAMATAN":"JATINEGARA","ID_DESA":"31.75.03.1005","DESA":"CIPINANG CEMPEDAK","LONGITUDE":106.8700537,"LATITUDE":-6.2381888,"STATUS":"BUKA","TANGGAL UPDATE":"27/02/2025","TANGGAL PENGUMPULAN":"Q4 2023","q":27444,"r":-15112}},{"type":"Feature","geometry":{"coordinates":[106.906272,-6.284612599999946],"type":"Point"},"properties":{"NAMA":"RUMAH MAKAN PADANG MINI INDAH","TIPE_1":"MAKANAN DAN MINUMAN","TIPE_2":"RESTORAN","TIPE_3":"RESTORAN PADANG","TELEPON":"0813-1795-7545","ALAMAT":"JL. RAYA PD. GEDE NO.17, RT.3/RW.12, LUBANG BUAYA, KEC. CIPAYUNG, KOTA JAKARTA TIMUR, DAERAH KHUSUS IBUKOTA JAKARTA 13810","ID_PROV":"31","PROVINSI":"DKI JAKARTA","ID_KABKOT":"31.75","KABKOT":"KOTA ADM. JAKARTA TIMUR","ID_KEC":"31.75.08","KECAMATAN":"MAKASAR","ID_DESA":"31.75.08.1004","DESA":"HALIM PERDANA KUSUMA","LONGITUDE":106.906272,"LATITUDE":-6.2846126,"STATUS":"BUKA","TANGGAL UPDATE":"27/02/2025","TANGGAL PENGUMPULAN":"Q4 2023","q":27453,"r":-15127}},{"type":"Feature","geometry":{"coordinates":[106.86525220000004,-6.272346899999945],"type":"Point"},"properties":{"NAMA":"RUMAH MAKAN PADANG RIDHO CONDET","TIPE_1":"MAKANAN DAN MINUMAN","TIPE_2":"RESTORAN","TIPE_3":"RESTORAN PADANG","TELEPON":"0858-6381-2874","ALAMAT":"JL. BATU AMPAR 1 NO.13, RT.10/RW.2, BATU AMPAR, KEC. KRAMAT JATI, KOTA JAKARTA TIMUR, DAERAH KHUSUS IBUKOTA JAKARTA 13520","ID_PROV":"31","PROVINSI":"DKI JAKARTA","ID_KABKOT":"31.75","KABKOT":"KOTA ADM. JAKARTA TIMUR","ID_KEC":"31.75.04","KECAMATAN":"KRAMATJATI","ID_DESA":"31.75.04.1004","DESA":"BATU AMPAR","LONGITUDE":106.8652522,"LATITUDE":-6.2723469,"STATUS":"BUKA","TANGGAL UPDATE":"27/02/2025","TANGGAL PENGUMPULAN":"Q4 2023","q":27442,"r":-15119}},{"type":"Feature","geometry":{"coordinates":[106.93032990000006,-6.214041899999927],"type":"Point"},"properties":{"NAMA":"RUMAH MAKAN PADANG NADYA MINANG","TIPE_1":"MAKANAN DAN MINUMAN","TIPE_2":"RESTORAN","TIPE_3":"RESTORAN PADANG","TELEPON":"","ALAMAT":"JL. MARZUKI 2 NO.2, RT.11/RW.12, PENGGILINGAN, KEC. CAKUNG, KOTA JAKARTA TIMUR, DAERAH KHUSUS IBUKOTA JAKARTA 13940","ID_PROV":"31","PROVINSI":"DKI JAKARTA","ID_KABKOT":"31.75","KABKOT":"KOTA ADM. JAKARTA TIMUR","ID_KEC":"31.75.06","KECAMATAN":"CAKUNG","ID_DESA":"31.75.06.1003","DESA":"PENGGILINGAN","LONGITUDE":106.930329899999,"LATITUDE":-6.2140419,"STATUS":"BUKA","TANGGAL UPDATE":"27/02/2025","TANGGAL PENGUMPULAN":"Q4 2023","q":27459,"r":-15114}},{"type":"Feature","geometry":{"coordinates":[106.90527050000009,-6.245299799999941],"type":"Point"},"properties":{"NAMA":"RUMAH MAKAN PADANG GEMBIRA","TIPE_1":"MAKANAN DAN MINUMAN","TIPE_2":"RESTORAN","TIPE_3":"RESTORAN PADANG","TELEPON":"","ALAMAT":"JL. PAHLAWAN REVOLUSI NO.4, RT.11/RW.7, PD. BAMBU, KEC. DUREN SAWIT, KOTA JAKARTA TIMUR, DAERAH KHUSUS IBUKOTA JAKARTA 13430","ID_PROV":"31","PROVINSI":"DKI JAKARTA","ID_KABKOT":"31.75","KABKOT":"KOTA ADM. JAKARTA TIMUR","ID_KEC":"31.75.07","KECAMATAN":"DUREN SAWIT","ID_DESA":"31.75.07.1002","DESA":"PONDOK BAMBU","LONGITUDE":106.9052705,"LATITUDE":-6.2452998,"STATUS":"BUKA","TANGGAL UPDATE":"27/02/2025","TANGGAL PENGUMPULAN":"Q4 2023","q":27453,"r":-15118}},{"type":"Feature","geometry":{"coordinates":[106.907589,-6.247350499999925],"type":"Point"},"properties":{"NAMA":"RUMAH MAKAN PADANG DELIMA","TIPE_1":"MAKANAN DAN MINUMAN","TIPE_2":"RESTORAN","TIPE_3":"RESTORAN PADANG","TELEPON":"0812-1010-1139","ALAMAT":"JL. RAYA JATIWARINGIN NO.1, RT.2/RW.13, CIPINANG MELAYU, KEC. MAKASAR, KOTA JAKARTA TIMUR, DAERAH KHUSUS IBUKOTA JAKARTA 13620","ID_PROV":"31","PROVINSI":"DKI JAKARTA","ID_KABKOT":"31.75","KABKOT":"KOTA ADM. JAKARTA TIMUR","ID_KEC":"31.75.08","KECAMATAN":"MAKASAR","ID_DESA":"31.75.08.1005","DESA":"CIPINANG MELAYU","LONGITUDE":106.907589,"LATITUDE":-6.2473505,"STATUS":"BUKA","TANGGAL UPDATE":"27/02/2025","TANGGAL PENGUMPULAN":"Q4 2023","q":27453,"r":-15119}},{"type":"Feature","geometry":{"coordinates":[106.942772,-6.20172969999993],"type":"Point"},"properties":{"NAMA":"RUMAH MAKAN PADANG TANJUNG RAYA","TIPE_1":"MAKANAN DAN MINUMAN","TIPE_2":"RESTORAN","TIPE_3":"RESTORAN PADANG","TELEPON":"","ALAMAT":"JL. KOMARUDIN LAMA NO.01C, RT.7/RW.5, PULO GEBANG, KEC. CAKUNG, KOTA JAKARTA TIMUR, DAERAH KHUSUS IBUKOTA JAKARTA 13950","ID_PROV":"31","PROVINSI":"DKI JAKARTA","ID_KABKOT":"31.75","KABKOT":"KOTA ADM. JAKARTA TIMUR","ID_KEC":"31.75.06","KECAMATAN":"CAKUNG","ID_DESA":"31.75.06.1005","DESA":"PULO GEBANG","LONGITUDE":106.942772,"LATITUDE":-6.2017297,"STATUS":"BUKA","TANGGAL UPDATE":"27/02/2025","TANGGAL PENGUMPULAN":"Q4 2023","q":27462,"r":-15113}},{"type":"Feature","geometry":{"coordinates":[106.88025130000005,-6.213536699999963],"type":"Point"},"properties":{"NAMA":"RUMAH MAKAN PAGI SORE","TIPE_1":"MAKANAN DAN MINUMAN","TIPE_2":"RESTORAN","TIPE_3":"RESTORAN PADANG","TELEPON":"0858-8052-3774","ALAMAT":"KOMP. PS. INDUK BERAS CIPINANG, SEBELAH POLSEK PISANGAN LAMA III, JL. PISANGAN LAMA SEL., RT.8/RW.8, PISANGAN TIM., KEC. PULO GADUNG, KOTA JAKARTA TIMUR, DAERAH KHUSUS IBUKOTA JAKARTA 13230","ID_PROV":"31","PROVINSI":"DKI JAKARTA","ID_KABKOT":"31.75","KABKOT":"KOTA ADM. JAKARTA TIMUR","ID_KEC":"31.75.02","KECAMATAN":"PULOGADUNG","ID_DESA":"31.75.02.1002","DESA":"PISANGAN TIMUR","LONGITUDE":106.8802513,"LATITUDE":-6.2135367,"STATUS":"BUKA","TANGGAL UPDATE":"27/02/2025","TANGGAL PENGUMPULAN":"Q4 2023","q":27446,"r":-15108}},{"type":"Feature","geometry":{"coordinates":[106.87916010000004,-6.227289299999939],"type":"Point"},"properties":{"NAMA":"RUMAH MAKAN PADANG SALERO BASAMO","TIPE_1":"MAKANAN DAN MINUMAN","TIPE_2":"RESTORAN","TIPE_3":"RESTORAN PADANG","TELEPON":"0812-9157-8479","ALAMAT":"JL. CIPINANG BESAR NO.1A, RT.1/RW.10, CIPINANG BESAR SEL., KECAMATAN JATINEGARA, KOTA JAKARTA TIMUR, DAERAH KHUSUS IBUKOTA JAKARTA 13410","ID_PROV":"31","PROVINSI":"DKI JAKARTA","ID_KABKOT":"31.75","KABKOT":"KOTA ADM. JAKARTA TIMUR","ID_KEC":"31.75.03","KECAMATAN":"JATINEGARA","ID_DESA":"31.75.03.1007","DESA":"CIPINANG BESAR SELATAN","LONGITUDE":106.879160099999,"LATITUDE":-6.2272893,"STATUS":"BUKA","TANGGAL UPDATE":"27/02/2025","TANGGAL PENGUMPULAN":"Q4 2023","q":27446,"r":-15111}},{"type":"Feature","geometry":{"coordinates":[106.908839,-6.249324699999931],"type":"Point"},"properties":{"NAMA":"RUMAH MAKAN PADANG SEDERHANA JATIWARINGIN","TIPE_1":"MAKANAN DAN MINUMAN","TIPE_2":"RESTORAN","TIPE_3":"RESTORAN PADANG","TELEPON":"(021) 86613234","ALAMAT":"JL. RAYA JATIWARINGIN NO.1, RT.8/RW.7, CIPINANG MELAYU, KEC. MAKASAR, KOTA JAKARTA TIMUR, DAERAH KHUSUS IBUKOTA JAKARTA 13620","ID_PROV":"31","PROVINSI":"DKI JAKARTA","ID_KABKOT":"31.75","KABKOT":"KOTA ADM. JAKARTA TIMUR","ID_KEC":"31.75.08","KECAMATAN":"MAKASAR","ID_DESA":"31.75.08.1005","DESA":"CIPINANG MELAYU","LONGITUDE":106.908839,"LATITUDE":-6.2493247,"STATUS":"BUKA","TANGGAL UPDATE":"27/02/2025","TANGGAL PENGUMPULAN":"Q4 2023","q":27454,"r":-15119}},{"type":"Feature","geometry":{"coordinates":[106.92140880000005,-6.198575499999947],"type":"Point"},"properties":{"NAMA":"RUMAH MAKAN PADANG TIGA SAUDARA","TIPE_1":"MAKANAN DAN MINUMAN","TIPE_2":"RESTORAN","TIPE_3":"RESTORAN PADANG","TELEPON":"0878-2088-4808","ALAMAT":"JL. PENGARENGAN NO.34, RT.3/RW.14, JATINEGARA, KEC. CAKUNG, KOTA JAKARTA TIMUR, DAERAH KHUSUS IBUKOTA JAKARTA 13930","ID_PROV":"31","PROVINSI":"DKI JAKARTA","ID_KABKOT":"31.75","KABKOT":"KOTA ADM. JAKARTA TIMUR","ID_KEC":"31.75.06","KECAMATAN":"CAKUNG","ID_DESA":"31.75.06.1001","DESA":"JATINEGARA","LONGITUDE":106.9214088,"LATITUDE":-6.1985755,"STATUS":"BUKA","TANGGAL UPDATE":"27/02/2025","TANGGAL PENGUMPULAN":"Q4 2023","q":27457,"r":-15110}},{"type":"Feature","geometry":{"coordinates":[106.92035070000009,-6.211155499999961],"type":"Point"},"properties":{"NAMA":"RUMAH MAKAN PADANG UNI","TIPE_1":"MAKANAN DAN MINUMAN","TIPE_2":"RESTORAN","TIPE_3":"RESTORAN PADANG","TELEPON":"","ALAMAT":"NO., JL. PENGARENGAN NO.5, RT.2, JATINEGARA, KEC. CAKUNG, KOTA JAKARTA TIMUR, DAERAH KHUSUS IBUKOTA JAKARTA 13930","ID_PROV":"31","PROVINSI":"DKI JAKARTA","ID_KABKOT":"31.75","KABKOT":"KOTA ADM. JAKARTA TIMUR","ID_KEC":"31.75.06","KECAMATAN":"CAKUNG","ID_DESA":"31.75.06.1001","DESA":"JATINEGARA","LONGITUDE":106.9203507,"LATITUDE":-6.2111555,"STATUS":"BUKA","TANGGAL UPDATE":"27/02/2025","TANGGAL PENGUMPULAN":"Q4 2023","q":27456,"r":-15112}},{"type":"Feature","geometry":{"coordinates":[106.86241310000008,-6.304781],"type":"Point"},"properties":{"NAMA":"RUMAH MAKAN PADANG TUAH BUNDO","TIPE_1":"MAKANAN DAN MINUMAN","TIPE_2":"RESTORAN","TIPE_3":"RESTORAN PADANG","TELEPON":"(021) 8403998","ALAMAT":"JL. TERM. SIMATUPANG NO.RT. 03, RT.3/RW.11, GEDONG, KEC. PS. REBO, KOTA JAKARTA TIMUR, DAERAH KHUSUS IBUKOTA JAKARTA 13760","ID_PROV":"31","PROVINSI":"DKI JAKARTA","ID_KABKOT":"31.75","KABKOT":"KOTA ADM. JAKARTA TIMUR","ID_KEC":"31.75.05","KECAMATAN":"PASAR REBO","ID_DESA":"31.75.05.1001","DESA":"GEDONG","LONGITUDE":106.8624131,"LATITUDE":-6.304781,"STATUS":"BUKA","TANGGAL UPDATE":"27/02/2025","TANGGAL PENGUMPULAN":"Q4 2023","q":27442,"r":-15126}},{"type":"Feature","geometry":{"coordinates":[106.88687450000003,-6.192883899999969],"type":"Point"},"properties":{"NAMA":"ILYSM AURA","TIPE_1":"MAKANAN DAN MINUMAN","TIPE_2":"RESTORAN","TIPE_3":"KAFE DAN RESTO","TELEPON":"","ALAMAT":"8, JL. PEMUDA NO.19, RT.8/RW.5, RAWAMANGUN, PULO GADUNG, EAST JAKARTA CITY, JAKARTA 13220","ID_PROV":"31","PROVINSI":"DKI JAKARTA","ID_KABKOT":"31.75","KABKOT":"KOTA ADM. JAKARTA TIMUR","ID_KEC":"31.75.02","KECAMATAN":"PULOGADUNG","ID_DESA":"31.75.02.1005","DESA":"RAWAMANGUN","LONGITUDE":106.8868745,"LATITUDE":-6.1928839,"STATUS":"BUKA","TANGGAL UPDATE":"27/02/2025","TANGGAL PENGUMPULAN":"Q4 2023","q":27448,"r":-15104}},{"type":"Feature","geometry":{"coordinates":[106.8557,-6.326817],"type":"Point"},"properties":{"NAMA":"BURGER KADET","TIPE_1":"MAKANAN DAN MINUMAN","TIPE_2":"RESTORAN","TIPE_3":"CEPAT SAJI","TELEPON":"","ALAMAT":"JLN.KALISARI 3 NO.17 RT.006 RW.009 KELURAHAN BARU KECAMATAN PASAR REBO, JAKARTA TIMUR, RT.9/RW.9, BARU, KEC. PS. REBO, KOTA JAKARTA TIMUR, DAERAH KHUSUS IBUKOTA JAKARTA 13780","ID_PROV":"31","PROVINSI":"DKI JAKARTA","ID_KABKOT":"31.75","KABKOT":"KOTA ADM. JAKARTA TIMUR","ID_KEC":"31.75.05","KECAMATAN":"PASAR REBO","ID_DESA":"31.75.05.1002","DESA":"BARU","LONGITUDE":106.8557,"LATITUDE":-6.326817,"STATUS":"BUKA","TANGGAL UPDATE":"27/02/2025","TANGGAL PENGUMPULAN":"Q4 2023","q":27440,"r":-15130}},{"type":"Feature","geometry":{"coordinates":[106.88347850000008,-6.325180299999941],"type":"Point"},"properties":{"NAMA":"SUPER CHESE BURGER","TIPE_1":"MAKANAN DAN MINUMAN","TIPE_2":"RESTORAN","TIPE_3":"CEPAT SAJI","TELEPON":"","ALAMAT":"JL. PENGANTIN ALI NO.105, RT.4/RW.6, CIRACAS, KEC. CIRACAS, KOTA JAKARTA TIMUR, DAERAH KHUSUS IBUKOTA JAKARTA 13740","ID_PROV":"31","PROVINSI":"DKI JAKARTA","ID_KABKOT":"31.75","KABKOT":"KOTA ADM. JAKARTA TIMUR","ID_KEC":"31.75.09","KECAMATAN":"CIRACAS","ID_DESA":"31.75.09.1001","DESA":"CIRACAS","LONGITUDE":106.8834785,"LATITUDE":-6.3251803,"STATUS":"BUKA","TANGGAL UPDATE":"27/02/2025","TANGGAL PENGUMPULAN":"Q4 2023","q":27447,"r":-15133}},{"type":"Feature","geometry":{"coordinates":[106.8532865000001,-6.331680399999923],"type":"Point"},"properties":{"NAMA":"KEBAB & BURGER","TIPE_1":"MAKANAN DAN MINUMAN","TIPE_2":"RESTORAN","TIPE_3":"CEPAT SAJI","TELEPON":"0877-8874-6376","ALAMAT":"JL. KALISARI III NO.19, RT.7/RW.10, KALISARI, KEC. PS. REBO, KOTA JAKARTA TIMUR, DAERAH KHUSUS IBUKOTA JAKARTA 13780","ID_PROV":"31","PROVINSI":"DKI JAKARTA","ID_KABKOT":"31.75","KABKOT":"KOTA ADM. JAKARTA TIMUR","ID_KEC":"31.75.05","KECAMATAN":"PASAR REBO","ID_DESA":"31.75.05.1004","DESA":"KALISARI","LONGITUDE":106.8532865,"LATITUDE":-6.3316804,"STATUS":"BUKA","TANGGAL UPDATE":"27/02/2025","TANGGAL PENGUMPULAN":"Q4 2023","q":27439,"r":-15131}},{"type":"Feature","geometry":{"coordinates":[106.86192920000008,-6.312318599999964],"type":"Point"},"properties":{"NAMA":"HOME BURGER","TIPE_1":"MAKANAN DAN MINUMAN","TIPE_2":"RESTORAN","TIPE_3":"CEPAT SAJI","TELEPON":"","ALAMAT":"MAL CIJANTUNG FOOD COURT 7 ( 17-18 ), JL. PENDIDIKAN I, RT.1/RW.4, CIJANTUNG, KEC. PS. REBO, KOTA JAKARTA TIMUR, DAERAH KHUSUS IBUKOTA JAKARTA 13760","ID_PROV":"31","PROVINSI":"DKI JAKARTA","ID_KABKOT":"31.75","KABKOT":"KOTA ADM. JAKARTA TIMUR","ID_KEC":"31.75.05","KECAMATAN":"PASAR REBO","ID_DESA":"31.75.05.1003","DESA":"CIJANTUNG","LONGITUDE":106.8619292,"LATITUDE":-6.3123186,"STATUS":"BUKA","TANGGAL UPDATE":"27/02/2025","TANGGAL PENGUMPULAN":"Q4 2023","q":27441,"r":-15127}},{"type":"Feature","geometry":{"coordinates":[106.86906580000004,-6.353773699999982],"type":"Point"},"properties":{"NAMA":"CHICKEN CRISPY & BURGER JAKARTA","TIPE_1":"MAKANAN DAN MINUMAN","TIPE_2":"RESTORAN","TIPE_3":"CEPAT SAJI","TELEPON":"","ALAMAT":"JL. TIPAR NO.9, RT.9/RW.7, MEKARSARI, KEC. CIMANGGIS, KOTA DEPOK, JAWA BARAT 16452","ID_PROV":"31","PROVINSI":"DKI JAKARTA","ID_KABKOT":"31.75","KABKOT":"KOTA ADM. JAKARTA TIMUR","ID_KEC":"31.75.09","KECAMATAN":"CIRACAS","ID_DESA":"31.75.09.1002","DESA":"CIBUBUR","LONGITUDE":106.8690658,"LATITUDE":-6.3537737,"STATUS":"BUKA","TANGGAL UPDATE":"27/02/2025","TANGGAL PENGUMPULAN":"Q4 2023","q":27443,"r":-15138}},{"type":"Feature","geometry":{"coordinates":[106.87404330000004,-6.329948299999947],"type":"Point"},"properties":{"NAMA":"OBIN BURGER BAKAR","TIPE_1":"MAKANAN DAN MINUMAN","TIPE_2":"RESTORAN","TIPE_3":"CEPAT SAJI","TELEPON":"0812-8121-7857","ALAMAT":"JL.RAYA CIRACAS RT/RW 01/005 NO.8, RT.1/RW.5, CIRACAS, KEC. CIRACAS, KOTA JAKARTA TIMUR, DAERAH KHUSUS IBUKOTA JAKARTA 13740","ID_PROV":"31","PROVINSI":"DKI JAKARTA","ID_KABKOT":"31.75","KABKOT":"KOTA ADM. JAKARTA TIMUR","ID_KEC":"31.75.09","KECAMATAN":"CIRACAS","ID_DESA":"31.75.09.1001","DESA":"CIRACAS","LONGITUDE":106.8740433,"LATITUDE":-6.3299483,"STATUS":"BUKA","TANGGAL UPDATE":"27/02/2025","TANGGAL PENGUMPULAN":"Q4 2023","q":27445,"r":-15133}},{"type":"Feature","geometry":{"coordinates":[106.88837050000006,-6.331094199999942],"type":"Point"},"properties":{"NAMA":"DOMINO'S PIZZA CIPAYUNG","TIPE_1":"MAKANAN DAN MINUMAN","TIPE_2":"RESTORAN","TIPE_3":"PIZZA","TELEPON":"1 500 366","ALAMAT":"JL. BINA MARGA, RT.6/RW.2, CIPAYUNG, KEC. CIPAYUNG, KOTA JAKARTA TIMUR, DAERAH KHUSUS IBUKOTA JAKARTA 13840","ID_PROV":"31","PROVINSI":"DKI JAKARTA","ID_KABKOT":"31.75","KABKOT":"KOTA ADM. JAKARTA TIMUR","ID_KEC":"31.75.10","KECAMATAN":"CIPAYUNG","ID_DESA":"31.75.10.1001","DESA":"CIPAYUNG","LONGITUDE":106.8883705,"LATITUDE":-6.3310942,"STATUS":"BUKA","TANGGAL UPDATE":"27/02/2025","TANGGAL PENGUMPULAN":"Q4 2023","q":27448,"r":-15135}},{"type":"Feature","geometry":{"coordinates":[106.87381080000006,-6.342291099999953],"type":"Point"},"properties":{"NAMA":"BAIM BURGER","TIPE_1":"MAKANAN DAN MINUMAN","TIPE_2":"RESTORAN","TIPE_3":"CEPAT SAJI","TELEPON":"","ALAMAT":"JL. CIBUBUR I NO.12C, RT.3/RW.12, CIBUBUR, KEC. CIRACAS, KOTA JAKARTA TIMUR, DAERAH KHUSUS IBUKOTA JAKARTA 13720","ID_PROV":"31","PROVINSI":"DKI JAKARTA","ID_KABKOT":"31.75","KABKOT":"KOTA ADM. JAKARTA TIMUR","ID_KEC":"31.75.09","KECAMATAN":"CIRACAS","ID_DESA":"31.75.09.1002","DESA":"CIBUBUR","LONGITUDE":106.8738108,"LATITUDE":-6.3422911,"STATUS":"BUKA","TANGGAL UPDATE":"27/02/2025","TANGGAL PENGUMPULAN":"Q4 2023","q":27445,"r":-15136}},{"type":"Feature","geometry":{"coordinates":[106.86170090000009,-6.313377499999953],"type":"Point"},"properties":{"NAMA":"AM'S BURGER","TIPE_1":"MAKANAN DAN MINUMAN","TIPE_2":"RESTORAN","TIPE_3":"CEPAT SAJI","TELEPON":"","ALAMAT":"JL. PENDIDIKAN NO.1, RT.1/RW.4, CIJANTUNG, KEC. PS. REBO, KOTA JAKARTA TIMUR, DAERAH KHUSUS IBUKOTA JAKARTA 13770","ID_PROV":"31","PROVINSI":"DKI JAKARTA","ID_KABKOT":"31.75","KABKOT":"KOTA ADM. JAKARTA TIMUR","ID_KEC":"31.75.05","KECAMATAN":"PASAR REBO","ID_DESA":"31.75.05.1003","DESA":"CIJANTUNG","LONGITUDE":106.8617009,"LATITUDE":-6.3133775,"STATUS":"BUKA","TANGGAL UPDATE":"27/02/2025","TANGGAL PENGUMPULAN":"Q4 2023","q":27441,"r":-15128}},{"type":"Feature","geometry":{"coordinates":[106.87963580000007,-6.334830899999925],"type":"Point"},"properties":{"NAMA":"BURGER SNACK BY MARYAM","TIPE_1":"MAKANAN DAN MINUMAN","TIPE_2":"RESTORAN","TIPE_3":"CEPAT SAJI","TELEPON":"","ALAMAT":"JL.DEWA RT09, RW07 NO.19A, RT.11/RW.12, CIRACAS, KEC. CIRACAS, KOTA JAKARTA TIMUR, DAERAH KHUSUS IBUKOTA JAKARTA 13730","ID_PROV":"31","PROVINSI":"DKI JAKARTA","ID_KABKOT":"31.75","KABKOT":"KOTA ADM. JAKARTA TIMUR","ID_KEC":"31.75.09","KECAMATAN":"CIRACAS","ID_DESA":"31.75.09.1003","DESA":"KELAPA DUA WETAN","LONGITUDE":106.8796358,"LATITUDE":-6.3348309,"STATUS":"BUKA","TANGGAL UPDATE":"27/02/2025","TANGGAL PENGUMPULAN":"Q4 2023","q":27446,"r":-15135}},{"type":"Feature","geometry":{"coordinates":[106.88129320000007,-6.351575299999987],"type":"Point"},"properties":{"NAMA":"KEBAB & BURGER","TIPE_1":"MAKANAN DAN MINUMAN","TIPE_2":"RESTORAN","TIPE_3":"CEPAT SAJI","TELEPON":"","ALAMAT":"GG. TAQWA NO.2, RT.4/RW.10, KLP. DUA WETAN, KEC. CIRACAS, KOTA JAKARTA TIMUR, DAERAH KHUSUS IBUKOTA JAKARTA 13730","ID_PROV":"31","PROVINSI":"DKI JAKARTA","ID_KABKOT":"31.75","KABKOT":"KOTA ADM. JAKARTA TIMUR","ID_KEC":"31.75.09","KECAMATAN":"CIRACAS","ID_DESA":"31.75.09.1003","DESA":"KELAPA DUA WETAN","LONGITUDE":106.8812932,"LATITUDE":-6.3515753,"STATUS":"BUKA","TANGGAL UPDATE":"27/02/2025","TANGGAL PENGUMPULAN":"Q4 2023","q":27446,"r":-15139}},{"type":"Feature","geometry":{"coordinates":[106.90203260000006,-6.351943399999916],"type":"Point"},"properties":{"NAMA":"LADIES JULIA BURGER","TIPE_1":"MAKANAN DAN MINUMAN","TIPE_2":"RESTORAN","TIPE_3":"CEPAT SAJI","TELEPON":"(021) 9191966","ALAMAT":"JL. CILANGKAP BARU, RT.1/RW.1, CILANGKAP, KEC. CIPAYUNG, KOTA JAKARTA TIMUR, DAERAH KHUSUS IBUKOTA JAKARTA 13850","ID_PROV":"31","PROVINSI":"DKI JAKARTA","ID_KABKOT":"31.75","KABKOT":"KOTA ADM. JAKARTA TIMUR","ID_KEC":"31.75.10","KECAMATAN":"CIPAYUNG","ID_DESA":"31.75.10.1002","DESA":"CILANGKAP","LONGITUDE":106.9020326,"LATITUDE":-6.3519434,"STATUS":"BUKA","TANGGAL UPDATE":"27/02/2025","TANGGAL PENGUMPULAN":"Q4 2023","q":27452,"r":-15141}},{"type":"Feature","geometry":{"coordinates":[106.90162810000004,-6.32145109999994],"type":"Point"},"properties":{"NAMA":"BURGER THE ASIK","TIPE_1":"MAKANAN DAN MINUMAN","TIPE_2":"RESTORAN","TIPE_3":"CEPAT SAJI","TELEPON":"0878-8000-6038","ALAMAT":"JL. BAMBU PETUNG NO.79, RT.5/RW.5, BAMBU APUS, CIPAYUNG, EAST JAKARTA CITY, JAKARTA 13890","ID_PROV":"31","PROVINSI":"DKI JAKARTA","ID_KABKOT":"31.75","KABKOT":"KOTA ADM. JAKARTA TIMUR","ID_KEC":"31.75.10","KECAMATAN":"CIPAYUNG","ID_DESA":"31.75.10.1006","DESA":"BAMBU APUS","LONGITUDE":106.9016281,"LATITUDE":-6.3214511,"STATUS":"BUKA","TANGGAL UPDATE":"27/02/2025","TANGGAL PENGUMPULAN":"Q4 2023","q":27452,"r":-15135}},{"type":"Feature","geometry":{"coordinates":[106.903436,-6.352152799999945],"type":"Point"},"properties":{"NAMA":"BURGER KINGDOM","TIPE_1":"MAKANAN DAN MINUMAN","TIPE_2":"RESTORAN","TIPE_3":"CEPAT SAJI","TELEPON":"0821-2539-3020","ALAMAT":"JL. PD. RANGON NO.1, RT.1/RW.5, PD. RANGGON, KEC. CIPAYUNG, KOTA JAKARTA TIMUR, DAERAH KHUSUS IBUKOTA JAKARTA 13860","ID_PROV":"31","PROVINSI":"DKI JAKARTA","ID_KABKOT":"31.75","KABKOT":"KOTA ADM. JAKARTA TIMUR","ID_KEC":"31.75.10","KECAMATAN":"CIPAYUNG","ID_DESA":"31.75.10.1003","DESA":"PONDOK RANGGON","LONGITUDE":106.903436,"LATITUDE":-6.3521528,"STATUS":"BUKA","TANGGAL UPDATE":"27/02/2025","TANGGAL PENGUMPULAN":"Q4 2023","q":27452,"r":-15142}},{"type":"Feature","geometry":{"coordinates":[106.89521110000005,-6.352716599999948],"type":"Point"},"properties":{"NAMA":"JIDDY KEBAB & BURGER","TIPE_1":"MAKANAN DAN MINUMAN","TIPE_2":"RESTORAN","TIPE_3":"CEPAT SAJI","TELEPON":"","ALAMAT":"JL. MASJID AL-AKBAR NO.55, RT.3/RW.2, MUNJUL, KEC. CIPAYUNG, KOTA JAKARTA TIMUR, DAERAH KHUSUS IBUKOTA JAKARTA 13850","ID_PROV":"31","PROVINSI":"DKI JAKARTA","ID_KABKOT":"31.75","KABKOT":"KOTA ADM. JAKARTA TIMUR","ID_KEC":"31.75.10","KECAMATAN":"CIPAYUNG","ID_DESA":"31.75.10.1004","DESA":"MUNJUL","LONGITUDE":106.8952111,"LATITUDE":-6.3527166,"STATUS":"BUKA","TANGGAL UPDATE":"27/02/2025","TANGGAL PENGUMPULAN":"Q4 2023","q":27450,"r":-15141}},{"type":"Feature","geometry":{"coordinates":[106.89254620000008,-6.332926599999942],"type":"Point"},"properties":{"NAMA":"DUAR BURGER","TIPE_1":"MAKANAN DAN MINUMAN","TIPE_2":"RESTORAN","TIPE_3":"CEPAT SAJI","TELEPON":"0812-1235-8123","ALAMAT":"JL. CIPAYUNG RAYA NO.55, RT.2/RW.2, CIPAYUNG, KEC. CIPAYUNG, KOTA JAKARTA TIMUR, DAERAH KHUSUS IBUKOTA JAKARTA 13840","ID_PROV":"31","PROVINSI":"DKI JAKARTA","ID_KABKOT":"31.75","KABKOT":"KOTA ADM. JAKARTA TIMUR","ID_KEC":"31.75.10","KECAMATAN":"CIPAYUNG","ID_DESA":"31.75.10.1001","DESA":"CIPAYUNG","LONGITUDE":106.8925462,"LATITUDE":-6.3329266,"STATUS":"BUKA","TANGGAL UPDATE":"27/02/2025","TANGGAL PENGUMPULAN":"Q4 2023","q":27449,"r":-15136}},{"type":"Feature","geometry":{"coordinates":[106.89428320000007,-6.347022699999972],"type":"Point"},"properties":{"NAMA":"ANISSA BURGER / KEBAB PANGGANG","TIPE_1":"MAKANAN DAN MINUMAN","TIPE_2":"RESTORAN","TIPE_3":"CEPAT SAJI","TELEPON":"0813-9832-6489","ALAMAT":"JL. BUNI NO.86-95, RT.1/RW.2, MUNJUL, KEC. CIPAYUNG, KOTA JAKARTA TIMUR, DAERAH KHUSUS IBUKOTA JAKARTA 13850","ID_PROV":"31","PROVINSI":"DKI JAKARTA","ID_KABKOT":"31.75","KABKOT":"KOTA ADM. JAKARTA TIMUR","ID_KEC":"31.75.10","KECAMATAN":"CIPAYUNG","ID_DESA":"31.75.10.1004","DESA":"MUNJUL","LONGITUDE":106.8942832,"LATITUDE":-6.3470227,"STATUS":"BUKA","TANGGAL UPDATE":"27/02/2025","TANGGAL PENGUMPULAN":"Q4 2023","q":27450,"r":-15139}},{"type":"Feature","geometry":{"coordinates":[106.907061,-6.298802099999931],"type":"Point"},"properties":{"NAMA":"BBQ BURGER BAKAR & STEAK","TIPE_1":"MAKANAN DAN MINUMAN","TIPE_2":"RESTORAN","TIPE_3":"CEPAT SAJI","TELEPON":"0856-9546-3389","ALAMAT":"JL. RW. BINONG, RT.3/RW.10, LUBANG BUAYA, CIPAYUNG, EAST JAKARTA CITY, JAKARTA 13810","ID_PROV":"31","PROVINSI":"DKI JAKARTA","ID_KABKOT":"31.75","KABKOT":"KOTA ADM. JAKARTA TIMUR","ID_KEC":"31.75.10","KECAMATAN":"CIPAYUNG","ID_DESA":"31.75.10.1007","DESA":"LUBANG BUAYA","LONGITUDE":106.907061,"LATITUDE":-6.2988021,"STATUS":"BUKA","TANGGAL UPDATE":"27/02/2025","TANGGAL PENGUMPULAN":"Q4 2023","q":27453,"r":-15130}},{"type":"Feature","geometry":{"coordinates":[106.89053430000007,-6.194133799999975],"type":"Point"},"properties":{"NAMA":"HOKBEN ARION","TIPE_1":"MAKANAN DAN MINUMAN","TIPE_2":"RESTORAN","TIPE_3":"CEPAT SAJI","TELEPON":"(021) 4701495","ALAMAT":"KAV. 3 ARION MALL, JL. PEMUDA NO.2, RT.2/RW.7, RAWAMANGUN, KEC. PULO GADUNG, KOTA JAKARTA TIMUR, DAERAH KHUSUS IBUKOTA JAKARTA 13220","ID_PROV":"31","PROVINSI":"DKI JAKARTA","ID_KABKOT":"31.75","KABKOT":"KOTA ADM. JAKARTA TIMUR","ID_KEC":"31.75.02","KECAMATAN":"PULOGADUNG","ID_DESA":"31.75.02.1005","DESA":"RAWAMANGUN","LONGITUDE":106.8905343,"LATITUDE":-6.1941338,"STATUS":"BUKA","TANGGAL UPDATE":"27/02/2025","TANGGAL PENGUMPULAN":"Q4 2023","q":27449,"r":-15105}},{"type":"Feature","geometry":{"coordinates":[106.89449760000008,-6.369820199999936],"type":"Point"},"properties":{"NAMA":"RAMEN 1 CJ","TIPE_1":"MAKANAN DAN MINUMAN","TIPE_2":"RESTORAN","TIPE_3":"RAMEN","TELEPON":"(021) 87756735","ALAMAT":"JL. JAMBORE NO.01, CIBUBUR, KEC. CIRACAS, KOTA JAKARTA TIMUR, DAERAH KHUSUS IBUKOTA JAKARTA 13720","ID_PROV":"31","PROVINSI":"DKI JAKARTA","ID_KABKOT":"31.75","KABKOT":"KOTA ADM. JAKARTA TIMUR","ID_KEC":"31.75.09","KECAMATAN":"CIRACAS","ID_DESA":"31.75.09.1002","DESA":"CIBUBUR","LONGITUDE":106.8944976,"LATITUDE":-6.3698202,"STATUS":"BUKA","TANGGAL UPDATE":"27/02/2025","TANGGAL PENGUMPULAN":"Q4 2023","q":27450,"r":-15144}},{"type":"Feature","geometry":{"coordinates":[106.923549,-6.24757429999994],"type":"Point"},"properties":{"NAMA":"TANOSHI SUSHI","TIPE_1":"MAKANAN DAN MINUMAN","TIPE_2":"RESTORAN","TIPE_3":"SUSHI","TELEPON":"","ALAMAT":"RT.4/RW.10, PD. KLP., KEC. DUREN SAWIT, KOTA JAKARTA TIMUR, DAERAH KHUSUS IBUKOTA JAKARTA 13450","ID_PROV":"31","PROVINSI":"DKI JAKARTA","ID_KABKOT":"31.75","KABKOT":"KOTA ADM. JAKARTA TIMUR","ID_KEC":"31.75.07","KECAMATAN":"DUREN SAWIT","ID_DESA":"31.75.07.1004","DESA":"PONDOK KELAPA","LONGITUDE":106.923549,"LATITUDE":-6.2475743,"STATUS":"BUKA","TANGGAL UPDATE":"27/02/2025","TANGGAL PENGUMPULAN":"Q4 2023","q":27457,"r":-15121}},{"type":"Feature","geometry":{"coordinates":[106.952308,-6.172627699999964],"type":"Point"},"properties":{"NAMA":"SUKIYA AEON MALL","TIPE_1":"MAKANAN DAN MINUMAN","TIPE_2":"RESTORAN","TIPE_3":"RESTORAN JEPANG","TELEPON":"(021) 22463154","ALAMAT":"AEON MALL JAKARTA GARDEN CITY 1/6, RT.8/RW.6, EAST CAKUNG, CAKUNG, EAST JAKARTA CITY, JAKARTA 13910","ID_PROV":"31","PROVINSI":"DKI JAKARTA","ID_KABKOT":"31.75","KABKOT":"KOTA ADM. JAKARTA TIMUR","ID_KEC":"31.75.06","KECAMATAN":"CAKUNG","ID_DESA":"31.75.06.1004","DESA":"CAKUNG TIMUR","LONGITUDE":106.952308,"LATITUDE":-6.1726277,"STATUS":"BUKA","TANGGAL UPDATE":"27/02/2025","TANGGAL PENGUMPULAN":"Q4 2023","q":27465,"r":-15108}},{"type":"Feature","geometry":{"coordinates":[106.87356970000008,-6.21112409999995],"type":"Point"},"properties":{"NAMA":"DEPOT TAICHAN (CABANG)","TIPE_1":"MAKANAN DAN MINUMAN","TIPE_2":"RESTORAN","TIPE_3":"RESTORAN JEPANG","TELEPON":"0878-8859-2754","ALAMAT":"JL. PISANGAN BARU TENGAH, RT.14/RW.14, PISANGAN BARU, MATRAMAN, EAST JAKARTA CITY, JAKARTA 13110","ID_PROV":"31","PROVINSI":"DKI JAKARTA","ID_KABKOT":"31.75","KABKOT":"KOTA ADM. JAKARTA TIMUR","ID_KEC":"31.75.01","KECAMATAN":"MATRAMAN","ID_DESA":"31.75.01.1001","DESA":"PISANGAN BARU","LONGITUDE":106.873569699999,"LATITUDE":-6.2111241,"STATUS":"BUKA","TANGGAL UPDATE":"27/02/2025","TANGGAL PENGUMPULAN":"Q4 2023","q":27444,"r":-15106}},{"type":"Feature","geometry":{"coordinates":[106.85755250000005,-6.275151899999969],"type":"Point"},"properties":{"NAMA":"ALFARIZKY SUSHI","TIPE_1":"MAKANAN DAN MINUMAN","TIPE_2":"RESTORAN","TIPE_3":"SUSHI","TELEPON":"","ALAMAT":"JL. BATU KINYANG III B GG. BHOMAN NO.43, RT.2/RW.4, BATU AMPAR, KEC. KRAMAT JATI, KOTA JAKARTA TIMUR, DAERAH KHUSUS IBUKOTA JAKARTA 13520","ID_PROV":"31","PROVINSI":"DKI JAKARTA","ID_KABKOT":"31.75","KABKOT":"KOTA ADM. JAKARTA TIMUR","ID_KEC":"31.75.04","KECAMATAN":"KRAMATJATI","ID_DESA":"31.75.04.1004","DESA":"BATU AMPAR","LONGITUDE":106.8575525,"LATITUDE":-6.2751519,"STATUS":"BUKA","TANGGAL UPDATE":"27/02/2025","TANGGAL PENGUMPULAN":"Q4 2023","q":27440,"r":-15119}},{"type":"Feature","geometry":{"coordinates":[106.88590080000006,-6.19821],"type":"Point"},"properties":{"NAMA":"UMMA RAMEN RAWAMANGUN","TIPE_1":"MAKANAN DAN MINUMAN","TIPE_2":"RESTORAN","TIPE_3":"RAMEN","TELEPON":"","ALAMAT":"JL. BALAI PUSTAKA NO.C/3, RT.5/RW.10, RAWAMANGUN, KEC. PULO GADUNG, KOTA JAKARTA TIMUR, DAERAH KHUSUS IBUKOTA JAKARTA 13220","ID_PROV":"31","PROVINSI":"DKI JAKARTA","ID_KABKOT":"31.75","KABKOT":"KOTA ADM. JAKARTA TIMUR","ID_KEC":"31.75.02","KECAMATAN":"PULOGADUNG","ID_DESA":"31.75.02.1005","DESA":"RAWAMANGUN","LONGITUDE":106.8859008,"LATITUDE":-6.19821,"STATUS":"BUKA","TANGGAL UPDATE":"27/02/2025","TANGGAL PENGUMPULAN":"Q4 2023","q":27448,"r":-15105}},{"type":"Feature","geometry":{"coordinates":[106.89412320000008,-6.239651499999979],"type":"Point"},"properties":{"NAMA":"AI SUSHI MALL CIPINANG INDAH","TIPE_1":"MAKANAN DAN MINUMAN","TIPE_2":"RESTORAN","TIPE_3":"SUSHI","TELEPON":"(021) 29486910","ALAMAT":"MALLCIPINANG INDAH 1 GROUND FLOOR, JL. CENDRAWASIH NO.RT.18, RT.18/RW.3, PD. BAMBU, KEC. DUREN SAWIT, KOTA JAKARTA TIMUR, DAERAH KHUSUS IBUKOTA JAKARTA 13430","ID_PROV":"31","PROVINSI":"DKI JAKARTA","ID_KABKOT":"31.75","KABKOT":"KOTA ADM. JAKARTA TIMUR","ID_KEC":"31.75.07","KECAMATAN":"DUREN SAWIT","ID_DESA":"31.75.07.1002","DESA":"PONDOK BAMBU","LONGITUDE":106.8941232,"LATITUDE":-6.2396515,"STATUS":"BUKA","TANGGAL UPDATE":"27/02/2025","TANGGAL PENGUMPULAN":"Q4 2023","q":27450,"r":-15115}},{"type":"Feature","geometry":{"coordinates":[106.86799,-6.249068],"type":"Point"},"properties":{"NAMA":"RAMEN SHUKUFUKU","TIPE_1":"MAKANAN DAN MINUMAN","TIPE_2":"RESTORAN","TIPE_3":"RAMEN","TELEPON":"0812-8546-9929","ALAMAT":"JALAN DEWI SARTIKA NO. 6 RT. 007/010 KELURAHAN CAWANG KECAMATAN KRAMAT, RT.7/RW.6, JATI PADANG, JAKARTA TIMUR, KOTA JAKARTA TIMUR, DAERAH KHUSUS IBUKOTA JAKARTA 13630","ID_PROV":"31","PROVINSI":"DKI JAKARTA","ID_KABKOT":"31.75","KABKOT":"KOTA ADM. JAKARTA TIMUR","ID_KEC":"31.75.04","KECAMATAN":"KRAMATJATI","ID_DESA":"31.75.04.1007","DESA":"CAWANG","LONGITUDE":106.86799,"LATITUDE":-6.249068,"STATUS":"BUKA","TANGGAL UPDATE":"27/02/2025","TANGGAL PENGUMPULAN":"Q4 2023","q":27443,"r":-15114}},{"type":"Feature","geometry":{"coordinates":[106.886267,-6.199127199999964],"type":"Point"},"properties":{"NAMA":"HOKBEN RUKO RAWAMANGUN","TIPE_1":"MAKANAN DAN MINUMAN","TIPE_2":"RESTORAN","TIPE_3":"CEPAT SAJI","TELEPON":"(021) 1500505","ALAMAT":"JL. BALAI PUSTAKA TIMUR NO.29, RT.8/RW.9, RAWAMANGUN, KEC. PULO GADUNG, KOTA JAKARTA TIMUR, DAERAH KHUSUS IBUKOTA JAKARTA 13220","ID_PROV":"31","PROVINSI":"DKI JAKARTA","ID_KABKOT":"31.75","KABKOT":"KOTA ADM. JAKARTA TIMUR","ID_KEC":"31.75.02","KECAMATAN":"PULOGADUNG","ID_DESA":"31.75.02.1005","DESA":"RAWAMANGUN","LONGITUDE":106.886266999999,"LATITUDE":-6.1991272,"STATUS":"BUKA","TANGGAL UPDATE":"27/02/2025","TANGGAL PENGUMPULAN":"Q4 2023","q":27448,"r":-15105}},{"type":"Feature","geometry":{"coordinates":[106.92332330000005,-6.219622399999935],"type":"Point"},"properties":{"NAMA":"MADAM LEE KBBQ BUARAN","TIPE_1":"MAKANAN DAN MINUMAN","TIPE_2":"RESTORAN","TIPE_3":"RESTORAN KOREA","TELEPON":"0878-8125-8889","ALAMAT":"JL. RADIN INTEN II JL. DUREN SAWIT BLK. B NO.20, RT.8/RW.15, KLENDER, DURENSAWIT, EAST JAKARTA CITY, JAKARTA 13470","ID_PROV":"31","PROVINSI":"DKI JAKARTA","ID_KABKOT":"31.75","KABKOT":"KOTA ADM. JAKARTA TIMUR","ID_KEC":"31.75.07","KECAMATAN":"DUREN SAWIT","ID_DESA":"31.75.07.1003","DESA":"KLENDER","LONGITUDE":106.923323299999,"LATITUDE":-6.2196224,"STATUS":"BUKA","TANGGAL UPDATE":"27/02/2025","TANGGAL PENGUMPULAN":"Q4 2023","q":27457,"r":-15115}},{"type":"Feature","geometry":{"coordinates":[106.88510070000007,-6.201797099999965],"type":"Point"},"properties":{"NAMA":"MAEM SOK KOREAN STREET FOOD","TIPE_1":"MAKANAN DAN MINUMAN","TIPE_2":"RESTORAN","TIPE_3":"RESTORAN KOREA","TELEPON":"","ALAMAT":"JL. WISMA JAYA NO.2, RT.4/RW.11, RAWAMANGUN, KEC. PULO GADUNG, KOTA JAKARTA TIMUR, DAERAH KHUSUS IBUKOTA JAKARTA 13220","ID_PROV":"31","PROVINSI":"DKI JAKARTA","ID_KABKOT":"31.75","KABKOT":"KOTA ADM. JAKARTA TIMUR","ID_KEC":"31.75.02","KECAMATAN":"PULOGADUNG","ID_DESA":"31.75.02.1005","DESA":"RAWAMANGUN","LONGITUDE":106.8851007,"LATITUDE":-6.2017971,"STATUS":"BUKA","TANGGAL UPDATE":"27/02/2025","TANGGAL PENGUMPULAN":"Q4 2023","q":27447,"r":-15106}},{"type":"Feature","geometry":{"coordinates":[106.87050360000006,-6.269606799999963],"type":"Point"},"properties":{"NAMA":"HOKBEN","TIPE_1":"MAKANAN DAN MINUMAN","TIPE_2":"RESTORAN","TIPE_3":"CEPAT SAJI","TELEPON":"1 500 505","ALAMAT":"UNNAMED ROAD, RT.1/RW.5, KRAMAT JATI, KEC. KRAMAT JATI, KOTA JAKARTA TIMUR, DAERAH KHUSUS IBUKOTA JAKARTA 13510","ID_PROV":"31","PROVINSI":"DKI JAKARTA","ID_KABKOT":"31.75","KABKOT":"KOTA ADM. JAKARTA TIMUR","ID_KEC":"31.75.04","KECAMATAN":"KRAMATJATI","ID_DESA":"31.75.04.1001","DESA":"KRAMATJATI","LONGITUDE":106.870503599999,"LATITUDE":-6.2696068,"STATUS":"BUKA","TANGGAL UPDATE":"27/02/2025","TANGGAL PENGUMPULAN":"Q4 2023","q":27444,"r":-15119}},{"type":"Feature","geometry":{"coordinates":[106.890758,-6.22605249999998],"type":"Point"},"properties":{"NAMA":"KEDAI TAKKASI TAKOYAKI DAN MAKLOR CAB CIPINANG MUARA","TIPE_1":"MAKANAN DAN MINUMAN","TIPE_2":"RESTORAN","TIPE_3":"RESTORAN JEPANG","TELEPON":"0895-0269-3094","ALAMAT":"JL. CIPINANG MUARA RAYA NO.1-32, RT.16/RW.3, CIPINANG MUARA, KECAMATAN JATINEGARA, KOTA JAKARTA TIMUR, DAERAH KHUSUS IBUKOTA JAKARTA 13420","ID_PROV":"31","PROVINSI":"DKI JAKARTA","ID_KABKOT":"31.75","KABKOT":"KOTA ADM. JAKARTA TIMUR","ID_KEC":"31.75.03","KECAMATAN":"JATINEGARA","ID_DESA":"31.75.03.1006","DESA":"CIPINANG MUARA","LONGITUDE":106.890758,"LATITUDE":-6.2260525,"STATUS":"BUKA","TANGGAL UPDATE":"27/02/2025","TANGGAL PENGUMPULAN":"Q4 2023","q":27449,"r":-15112}},{"type":"Feature","geometry":{"coordinates":[106.881147,-6.291142],"type":"Point"},"properties":{"NAMA":"ROBINSON'S JAPANESE RESTAURANT","TIPE_1":"MAKANAN DAN MINUMAN","TIPE_2":"RESTORAN","TIPE_3":"RESTORAN JEPANG","TELEPON":"(021) 87785888","ALAMAT":"L2, SS, TAMINI SQUARE, JL. RAYA TAMAN MINI 1, PINANG RANTI, 15, MAKASAR, 13560 JAKARTA TIMUR, DKI JAKARTA, RT.3/RW.2, PINANG RANTI, MAKASAR, EAST JAKARTA CITY, JAKARTA 13560","ID_PROV":"31","PROVINSI":"DKI JAKARTA","ID_KABKOT":"31.75","KABKOT":"KOTA ADM. JAKARTA TIMUR","ID_KEC":"31.75.08","KECAMATAN":"MAKASAR","ID_DESA":"31.75.08.1002","DESA":"PINANGRANTI","LONGITUDE":106.881147,"LATITUDE":-6.291142,"STATUS":"BUKA","TANGGAL UPDATE":"27/02/2025","TANGGAL PENGUMPULAN":"Q4 2023","q":27446,"r":-15125}},{"type":"Feature","geometry":{"coordinates":[106.90876730000008,-6.251087299999938],"type":"Point"},"properties":{"NAMA":"MARUGAME UDON","TIPE_1":"MAKANAN DAN MINUMAN","TIPE_2":"RESTORAN","TIPE_3":"RESTORAN JEPANG","TELEPON":"0811-3077-585","ALAMAT":"JL. RAYA JATIWARINGIN NO.7, CIPINANG MELAYU, KEC. MAKASAR, KOTA JAKARTA TIMUR, DAERAH KHUSUS IBUKOTA JAKARTA 13620","ID_PROV":"31","PROVINSI":"DKI JAKARTA","ID_KABKOT":"31.75","KABKOT":"KOTA ADM. JAKARTA TIMUR","ID_KEC":"31.75.08","KECAMATAN":"MAKASAR","ID_DESA":"31.75.08.1005","DESA":"CIPINANG MELAYU","LONGITUDE":106.9087673,"LATITUDE":-6.2510873,"STATUS":"BUKA","TANGGAL UPDATE":"27/02/2025","TANGGAL PENGUMPULAN":"Q4 2023","q":27453,"r":-15120}},{"type":"Feature","geometry":{"coordinates":[106.91579510000008,-6.254824],"type":"Point"},"properties":{"NAMA":"EBIFURAI JAKARTA TIMUR","TIPE_1":"MAKANAN DAN MINUMAN","TIPE_2":"RESTORAN","TIPE_3":"RESTORAN JEPANG","TELEPON":"","ALAMAT":"JL. ELANG MALINDO III NO.2, RT.2/RW.8, CIPINANG MELAYU, MAKASAR, EAST JAKARTA CITY, JAKARTA 13620","ID_PROV":"31","PROVINSI":"DKI JAKARTA","ID_KABKOT":"31.75","KABKOT":"KOTA ADM. JAKARTA TIMUR","ID_KEC":"31.75.08","KECAMATAN":"MAKASAR","ID_DESA":"31.75.08.1005","DESA":"CIPINANG MELAYU","LONGITUDE":106.9157951,"LATITUDE":-6.254824,"STATUS":"BUKA","TANGGAL UPDATE":"27/02/2025","TANGGAL PENGUMPULAN":"Q4 2023","q":27455,"r":-15121}},{"type":"Feature","geometry":{"coordinates":[106.88001270000007,-6.269086199999947],"type":"Point"},"properties":{"NAMA":"OISHII JAPANESE FOOD HALIM","TIPE_1":"MAKANAN DAN MINUMAN","TIPE_2":"RESTORAN","TIPE_3":"RESTORAN JEPANG","TELEPON":"0822-9229-5346","ALAMAT":"SESUAI TITIK, 38, JL. KP. BARU 1 GG. PROKALINO NO.38, RT.8/RW.5, HALIM PERDANA KUSUMAH, KEC. MAKASAR, KOTA JAKARTA TIMUR, DAERAH KHUSUS IBUKOTA JAKARTA 13610","ID_PROV":"31","PROVINSI":"DKI JAKARTA","ID_KABKOT":"31.75","KABKOT":"KOTA ADM. JAKARTA TIMUR","ID_KEC":"31.75.08","KECAMATAN":"MAKASAR","ID_DESA":"31.75.08.1004","DESA":"HALIM PERDANA KUSUMA","LONGITUDE":106.8800127,"LATITUDE":-6.2690862,"STATUS":"BUKA","TANGGAL UPDATE":"27/02/2025","TANGGAL PENGUMPULAN":"Q4 2023","q":27446,"r":-15120}},{"type":"Feature","geometry":{"coordinates":[106.915412,-6.22567],"type":"Point"},"properties":{"NAMA":"MIKU SUSHI","TIPE_1":"MAKANAN DAN MINUMAN","TIPE_2":"RESTORAN","TIPE_3":"SUSHI","TELEPON":"0813-1777-5405","ALAMAT":"JL. LKR. TIMUR DUREN SAWIT NO.6 RT07/08, RT.7/RW.8, DUREN SAWIT, KEC. DUREN SAWIT, KOTA JAKARTA TIMUR, DAERAH KHUSUS IBUKOTA JAKARTA 13440","ID_PROV":"31","PROVINSI":"DKI JAKARTA","ID_KABKOT":"31.75","KABKOT":"KOTA ADM. JAKARTA TIMUR","ID_KEC":"31.75.07","KECAMATAN":"DUREN SAWIT","ID_DESA":"31.75.07.1001","DESA":"DUREN SAWIT","LONGITUDE":106.915411999999,"LATITUDE":-6.22567,"STATUS":"BUKA","TANGGAL UPDATE":"27/02/2025","TANGGAL PENGUMPULAN":"Q4 2023","q":27455,"r":-15115}},{"type":"Feature","geometry":{"coordinates":[106.89946110000005,-6.230762499999969],"type":"Point"},"properties":{"NAMA":"KOREAN JAPANESE MEALS BY DHIL","TIPE_1":"MAKANAN DAN MINUMAN","TIPE_2":"RESTORAN","TIPE_3":"RESTORAN JEPANG","TELEPON":"0857-7757-2827","ALAMAT":"JLN, BAMBU ASRI UTARA 4 NO.24, RT.8/RW.9, PD. BAMBU, KEC. DUREN SAWIT, KOTA JAKARTA TIMUR, DAERAH KHUSUS IBUKOTA JAKARTA 13430","ID_PROV":"31","PROVINSI":"DKI JAKARTA","ID_KABKOT":"31.75","KABKOT":"KOTA ADM. JAKARTA TIMUR","ID_KEC":"31.75.07","KECAMATAN":"DUREN SAWIT","ID_DESA":"31.75.07.1002","DESA":"PONDOK BAMBU","LONGITUDE":106.8994611,"LATITUDE":-6.2307625,"STATUS":"BUKA","TANGGAL UPDATE":"27/02/2025","TANGGAL PENGUMPULAN":"Q4 2023","q":27451,"r":-15114}},{"type":"Feature","geometry":{"coordinates":[106.94910880000003,-6.186368099999925],"type":"Point"},"properties":{"NAMA":"KISAKU JAPANESE RESTAURANT","TIPE_1":"MAKANAN DAN MINUMAN","TIPE_2":"RESTORAN","TIPE_3":"RESTORAN JEPANG","TELEPON":"","ALAMAT":"UJUNG MENTENG, KEC. CAKUNG, KOTA JAKARTA TIMUR, DAERAH KHUSUS IBUKOTA JAKARTA 13960","ID_PROV":"31","PROVINSI":"DKI JAKARTA","ID_KABKOT":"31.75","KABKOT":"KOTA ADM. JAKARTA TIMUR","ID_KEC":"31.75.06","KECAMATAN":"CAKUNG","ID_DESA":"31.75.06.1006","DESA":"UJUNG MENTENG","LONGITUDE":106.949108799999,"LATITUDE":-6.1863681,"STATUS":"BUKA","TANGGAL UPDATE":"27/02/2025","TANGGAL PENGUMPULAN":"Q4 2023","q":27464,"r":-15110}},{"type":"Feature","geometry":{"coordinates":[106.87519390000006,-6.287848],"type":"Point"},"properties":{"NAMA":"RAMEN DAN TEPPAN RESTO","TIPE_1":"MAKANAN DAN MINUMAN","TIPE_2":"RESTORAN","TIPE_3":"RAMEN","TELEPON":"","ALAMAT":"JL. RAYA PD. GEDE NO.30 AB, RT.4/RW.2, DUKUH, KEC. KRAMAT JATI, KOTA JAKARTA TIMUR, DAERAH KHUSUS IBUKOTA JAKARTA 13550","ID_PROV":"31","PROVINSI":"DKI JAKARTA","ID_KABKOT":"31.75","KABKOT":"KOTA ADM. JAKARTA TIMUR","ID_KEC":"31.75.04","KECAMATAN":"KRAMATJATI","ID_DESA":"31.75.04.1003","DESA":"DUKUH","LONGITUDE":106.8751939,"LATITUDE":-6.287848,"STATUS":"BUKA","TANGGAL UPDATE":"27/02/2025","TANGGAL PENGUMPULAN":"Q4 2023","q":27445,"r":-15124}},{"type":"Feature","geometry":{"coordinates":[106.86829380000006,-6.270561499999928],"type":"Point"},"properties":{"NAMA":"OSUKI","TIPE_1":"MAKANAN DAN MINUMAN","TIPE_2":"RESTORAN","TIPE_3":"RESTORAN JEPANG","TELEPON":"","ALAMAT":"JL. RAYA JAKARTA-BOGOR NO.19, RT.14/RW.6, KRAMAT JATI, KEC. KRAMAT JATI, KOTA JAKARTA TIMUR, DAERAH KHUSUS IBUKOTA JAKARTA 13510","ID_PROV":"31","PROVINSI":"DKI JAKARTA","ID_KABKOT":"31.75","KABKOT":"KOTA ADM. JAKARTA TIMUR","ID_KEC":"31.75.04","KECAMATAN":"KRAMATJATI","ID_DESA":"31.75.04.1001","DESA":"KRAMATJATI","LONGITUDE":106.868293799999,"LATITUDE":-6.2705615,"STATUS":"BUKA","TANGGAL UPDATE":"27/02/2025","TANGGAL PENGUMPULAN":"Q4 2023","q":27443,"r":-15119}},{"type":"Feature","geometry":{"coordinates":[106.89695980000005,-6.23253619999997],"type":"Point"},"properties":{"NAMA":"NARISAWA RESTORAN","TIPE_1":"MAKANAN DAN MINUMAN","TIPE_2":"RESTORAN","TIPE_3":"RESTORAN JEPANG","TELEPON":"(021) 22322958","ALAMAT":"JL. PAHLAWAN REVOLUSI NO.4, RT.4/RW.3, PD. BAMBU, KEC. DUREN SAWIT, KOTA JAKARTA TIMUR, DAERAH KHUSUS IBUKOTA JAKARTA 13430","ID_PROV":"31","PROVINSI":"DKI JAKARTA","ID_KABKOT":"31.75","KABKOT":"KOTA ADM. JAKARTA TIMUR","ID_KEC":"31.75.07","KECAMATAN":"DUREN SAWIT","ID_DESA":"31.75.07.1002","DESA":"PONDOK BAMBU","LONGITUDE":106.896959799999,"LATITUDE":-6.2325362,"STATUS":"BUKA","TANGGAL UPDATE":"27/02/2025","TANGGAL PENGUMPULAN":"Q4 2023","q":27450,"r":-15114}},{"type":"Feature","geometry":{"coordinates":[106.87679310000004,-6.272916499999951],"type":"Point"},"properties":{"NAMA":"AKKASUSHI","TIPE_1":"MAKANAN DAN MINUMAN","TIPE_2":"RESTORAN","TIPE_3":"SUSHI","TELEPON":"","ALAMAT":"JL. MELATI, KEBON PALA, MAKASAR, EAST JAKARTA CITY, JAKARTA 13570","ID_PROV":"31","PROVINSI":"DKI JAKARTA","ID_KABKOT":"31.75","KABKOT":"KOTA ADM. JAKARTA TIMUR","ID_KEC":"31.75.08","KECAMATAN":"MAKASAR","ID_DESA":"31.75.08.1001","DESA":"MAKASAR","LONGITUDE":106.8767931,"LATITUDE":-6.2729165,"STATUS":"BUKA","TANGGAL UPDATE":"27/02/2025","TANGGAL PENGUMPULAN":"Q4 2023","q":27445,"r":-15120}},{"type":"Feature","geometry":{"coordinates":[106.87291170000009,-6.318277199999955],"type":"Point"},"properties":{"NAMA":"ROUJIN JAPANESE","TIPE_1":"MAKANAN DAN MINUMAN","TIPE_2":"RESTORAN","TIPE_3":"RESTORAN JEPANG","TELEPON":"0812-8650-3884","ALAMAT":"JL. H. BAPING NO.17A, RT.10/RW.9, SUSUKAN, KEC. CIRACAS, KOTA JAKARTA TIMUR, DAERAH KHUSUS IBUKOTA JAKARTA 13740","ID_PROV":"31","PROVINSI":"DKI JAKARTA","ID_KABKOT":"31.75","KABKOT":"KOTA ADM. JAKARTA TIMUR","ID_KEC":"31.75.09","KECAMATAN":"CIRACAS","ID_DESA":"31.75.09.1004","DESA":"SUSUKAN","LONGITUDE":106.872911699999,"LATITUDE":-6.3182772,"STATUS":"BUKA","TANGGAL UPDATE":"27/02/2025","TANGGAL PENGUMPULAN":"Q4 2023","q":27444,"r":-15130}},{"type":"Feature","geometry":{"coordinates":[106.86556670000004,-6.262817699999971],"type":"Point"},"properties":{"NAMA":"YOSHINOYA JAPANESSE RESTAURANT","TIPE_1":"MAKANAN DAN MINUMAN","TIPE_2":"RESTORAN","TIPE_3":"RESTORAN JEPANG","TELEPON":"(021) 1500566","ALAMAT":"PUSAT GROSIR CILILITAN, JL. MAYJEN SUTOYO NO.13, RT.2/RW.13, CILILITAN, KEC. KRAMAT JATI, KOTA JAKARTA TIMUR, DAERAH KHUSUS IBUKOTA JAKARTA 13640","ID_PROV":"31","PROVINSI":"DKI JAKARTA","ID_KABKOT":"31.75","KABKOT":"KOTA ADM. JAKARTA TIMUR","ID_KEC":"31.75.04","KECAMATAN":"KRAMATJATI","ID_DESA":"31.75.04.1006","DESA":"CILILITAN","LONGITUDE":106.8655667,"LATITUDE":-6.2628177,"STATUS":"BUKA","TANGGAL UPDATE":"27/02/2025","TANGGAL PENGUMPULAN":"Q4 2023","q":27442,"r":-15117}},{"type":"Feature","geometry":{"coordinates":[106.91275360000009,-6.247664],"type":"Point"},"properties":{"NAMA":"SUKINABE JAPANESE SUKI & GRILL","TIPE_1":"MAKANAN DAN MINUMAN","TIPE_2":"RESTORAN","TIPE_3":"RESTORAN JEPANG","TELEPON":"0815-1315-0218","ALAMAT":"JALAN RAYA KALIMALANG E/4F, RT.2/RW.16, DUREN SAWIT, JAKARTA 13440","ID_PROV":"31","PROVINSI":"DKI JAKARTA","ID_KABKOT":"31.75","KABKOT":"KOTA ADM. JAKARTA TIMUR","ID_KEC":"31.75.07","KECAMATAN":"DUREN SAWIT","ID_DESA":"31.75.07.1001","DESA":"DUREN SAWIT","LONGITUDE":106.9127536,"LATITUDE":-6.247664,"STATUS":"BUKA","TANGGAL UPDATE":"27/02/2025","TANGGAL PENGUMPULAN":"Q4 2023","q":27455,"r":-15119}},{"type":"Feature","geometry":{"coordinates":[106.91387930000008,-6.217785299999946],"type":"Point"},"properties":{"NAMA":"OISHIITAKO KLENDER","TIPE_1":"MAKANAN DAN MINUMAN","TIPE_2":"RESTORAN","TIPE_3":"RESTORAN JEPANG","TELEPON":"0812-9583-3286","ALAMAT":"JL. KP. SUMUR NO.121, RT.8/RW.17, KLENDER, KEC. DUREN SAWIT, KOTA JAKARTA TIMUR, DAERAH KHUSUS IBUKOTA JAKARTA 13470","ID_PROV":"31","PROVINSI":"DKI JAKARTA","ID_KABKOT":"31.75","KABKOT":"KOTA ADM. JAKARTA TIMUR","ID_KEC":"31.75.07","KECAMATAN":"DUREN SAWIT","ID_DESA":"31.75.07.1003","DESA":"KLENDER","LONGITUDE":106.913879299999,"LATITUDE":-6.2177853,"STATUS":"BUKA","TANGGAL UPDATE":"27/02/2025","TANGGAL PENGUMPULAN":"Q4 2023","q":27455,"r":-15113}},{"type":"Feature","geometry":{"coordinates":[106.88281020000005,-6.191509799999949],"type":"Point"},"properties":{"NAMA":"TAKOYAKI GOTAKO JAPANESE FOOD","TIPE_1":"MAKANAN DAN MINUMAN","TIPE_2":"RESTORAN","TIPE_3":"RESTORAN JEPANG","TELEPON":"0811-9411-805","ALAMAT":"11, JL. PEMUDA ASLI 4 NO.11, RT.12/RW.3, RAWAMANGUN, KEC. PULO GADUNG, KOTA JAKARTA TIMUR, DAERAH KHUSUS IBUKOTA JAKARTA 13120","ID_PROV":"31","PROVINSI":"DKI JAKARTA","ID_KABKOT":"31.75","KABKOT":"KOTA ADM. JAKARTA TIMUR","ID_KEC":"31.75.02","KECAMATAN":"PULOGADUNG","ID_DESA":"31.75.02.1005","DESA":"RAWAMANGUN","LONGITUDE":106.8828102,"LATITUDE":-6.1915098,"STATUS":"BUKA","TANGGAL UPDATE":"27/02/2025","TANGGAL PENGUMPULAN":"Q4 2023","q":27447,"r":-15103}},{"type":"Feature","geometry":{"coordinates":[106.86658120000004,-6.266376699999967],"type":"Point"},"properties":{"NAMA":"SUSHI ICHI RESTAURANT","TIPE_1":"MAKANAN DAN MINUMAN","TIPE_2":"RESTORAN","TIPE_3":"SUSHI","TELEPON":"","ALAMAT":"JL. RAYA BOGOR NO.4D, RT.1/RW.4, CILILITAN, KEC. KRAMAT JATI, KOTA JAKARTA TIMUR, DAERAH KHUSUS IBUKOTA JAKARTA 13510","ID_PROV":"31","PROVINSI":"DKI JAKARTA","ID_KABKOT":"31.75","KABKOT":"KOTA ADM. JAKARTA TIMUR","ID_KEC":"31.75.04","KECAMATAN":"KRAMATJATI","ID_DESA":"31.75.04.1001","DESA":"KRAMATJATI","LONGITUDE":106.8665812,"LATITUDE":-6.2663767,"STATUS":"BUKA","TANGGAL UPDATE":"27/02/2025","TANGGAL PENGUMPULAN":"Q4 2023","q":27443,"r":-15118}},{"type":"Feature","geometry":{"coordinates":[106.86146890000003,-6.265456899999947],"type":"Point"},"properties":{"NAMA":"SATORU JAKARTA","TIPE_1":"MAKANAN DAN MINUMAN","TIPE_2":"RESTORAN","TIPE_3":"RESTORAN JEPANG","TELEPON":"0813-8901-9197","ALAMAT":"8, JL. RAYA CONDET NO.8, RT.8/RW.5, CILILITAN, KEC. KRAMAT JATI, KOTA JAKARTA TIMUR, DAERAH KHUSUS IBUKOTA JAKARTA 13640","ID_PROV":"31","PROVINSI":"DKI JAKARTA","ID_KABKOT":"31.75","KABKOT":"KOTA ADM. JAKARTA TIMUR","ID_KEC":"31.75.04","KECAMATAN":"KRAMATJATI","ID_DESA":"31.75.04.1006","DESA":"CILILITAN","LONGITUDE":106.861468899999,"LATITUDE":-6.2654569,"STATUS":"BUKA","TANGGAL UPDATE":"27/02/2025","TANGGAL PENGUMPULAN":"Q4 2023","q":27441,"r":-15117}},{"type":"Feature","geometry":{"coordinates":[106.92243530000007,-6.220316],"type":"Point"},"properties":{"NAMA":"FUJIYAMA MENTAIKO","TIPE_1":"MAKANAN DAN MINUMAN","TIPE_2":"RESTORAN","TIPE_3":"RESTORAN JEPANG","TELEPON":"","ALAMAT":"JL. BUARAN JAYA NO.103, RT.1/RW.14, KLENDER, KEC. DUREN SAWIT, KOTA JAKARTA TIMUR, DAERAH KHUSUS IBUKOTA JAKARTA 13470","ID_PROV":"31","PROVINSI":"DKI JAKARTA","ID_KABKOT":"31.75","KABKOT":"KOTA ADM. JAKARTA TIMUR","ID_KEC":"31.75.07","KECAMATAN":"DUREN SAWIT","ID_DESA":"31.75.07.1003","DESA":"KLENDER","LONGITUDE":106.922435299999,"LATITUDE":-6.220316,"STATUS":"BUKA","TANGGAL UPDATE":"27/02/2025","TANGGAL PENGUMPULAN":"Q4 2023","q":27457,"r":-15115}},{"type":"Feature","geometry":{"coordinates":[106.89417810000003,-6.369194499999935],"type":"Point"},"properties":{"NAMA":"ICHIBAN SUSHI CIBUBUR JUNCTION","TIPE_1":"MAKANAN DAN MINUMAN","TIPE_2":"RESTORAN","TIPE_3":"SUSHI","TELEPON":"(021) 87756484","ALAMAT":"CIBUBUR JUNCTION LANTAI LG UNIT 10 JALAN JAMBORE NO. 1 CIBUBUR RT.8/RW.7 RT.8, RT.3/RW.7, CILANGKAP, KEC. CIPAYUNG, KOTA JAKARTA TIMUR, DAERAH KHUSUS IBUKOTA JAKARTA 13720","ID_PROV":"31","PROVINSI":"DKI JAKARTA","ID_KABKOT":"31.75","KABKOT":"KOTA ADM. JAKARTA TIMUR","ID_KEC":"31.75.09","KECAMATAN":"CIRACAS","ID_DESA":"31.75.09.1002","DESA":"CIBUBUR","LONGITUDE":106.894178099999,"LATITUDE":-6.3691945,"STATUS":"BUKA","TANGGAL UPDATE":"27/02/2025","TANGGAL PENGUMPULAN":"Q4 2023","q":27450,"r":-15144}},{"type":"Feature","geometry":{"coordinates":[106.87795180000006,-6.224408299999936],"type":"Point"},"properties":{"NAMA":"RAMEN NÂ€™ SUSHI BOX BASSURA","TIPE_1":"MAKANAN DAN MINUMAN","TIPE_2":"RESTORAN","TIPE_3":"SUSHI","TELEPON":"0816-1950-150","ALAMAT":"MALL@BASSURA, JL. JEND. BASUKI RACHMAT NO.1A, RT.8/RW.10, SOUTH CIPINANG BESAR, JATINEGARA, EAST JAKARTA CITY, JAKARTA 13420","ID_PROV":"31","PROVINSI":"DKI JAKARTA","ID_KABKOT":"31.75","KABKOT":"KOTA ADM. JAKARTA TIMUR","ID_KEC":"31.75.03","KECAMATAN":"JATINEGARA","ID_DESA":"31.75.03.1007","DESA":"CIPINANG BESAR SELATAN","LONGITUDE":106.877951799999,"LATITUDE":-6.2244083,"STATUS":"BUKA","TANGGAL UPDATE":"27/02/2025","TANGGAL PENGUMPULAN":"Q4 2023","q":27446,"r":-15110}},{"type":"Feature","geometry":{"coordinates":[106.86810610000003,-6.223051099999964],"type":"Point"},"properties":{"NAMA":"SUSHI KASHIMURA","TIPE_1":"MAKANAN DAN MINUMAN","TIPE_2":"RESTORAN","TIPE_3":"SUSHI","TELEPON":"0813-5888-3783","ALAMAT":"JL. JATINEGARA TIMUR. 101 RUKO A2, BALI MESTER, KECAMATAN JATINEGARA, KOTA JAKARTA TIMUR, DAERAH KHUSUS IBUKOTA JAKARTA 13310","ID_PROV":"31","PROVINSI":"DKI JAKARTA","ID_KABKOT":"31.75","KABKOT":"KOTA ADM. JAKARTA TIMUR","ID_KEC":"31.75.03","KECAMATAN":"JATINEGARA","ID_DESA":"31.75.03.1003","DESA":"BALI MESTER","LONGITUDE":106.868106099999,"LATITUDE":-6.2230511,"STATUS":"BUKA","TANGGAL UPDATE":"27/02/2025","TANGGAL PENGUMPULAN":"Q4 2023","q":27443,"r":-15108}},{"type":"Feature","geometry":{"coordinates":[106.88070450000004,-6.220499699999948],"type":"Point"},"properties":{"NAMA":"RUTE","TIPE_1":"MAKANAN DAN MINUMAN","TIPE_2":"RESTORAN","TIPE_3":"RESTORAN JEPANG","TELEPON":"","ALAMAT":"JL. PRUMPUNG TIMUR NO.60, RT.11/RW.5, CIPINANG BESAR UTARA, KECAMATAN JATINEGARA, KOTA JAKARTA TIMUR, DAERAH KHUSUS IBUKOTA JAKARTA 13410","ID_PROV":"31","PROVINSI":"DKI JAKARTA","ID_KABKOT":"31.75","KABKOT":"KOTA ADM. JAKARTA TIMUR","ID_KEC":"31.75.03","KECAMATAN":"JATINEGARA","ID_DESA":"31.75.03.1008","DESA":"CIPINANG BESAR UTARA","LONGITUDE":106.8807045,"LATITUDE":-6.2204997,"STATUS":"BUKA","TANGGAL UPDATE":"27/02/2025","TANGGAL PENGUMPULAN":"Q4 2023","q":27446,"r":-15109}},{"type":"Feature","geometry":{"coordinates":[106.85981840000005,-6.265212599999927],"type":"Point"},"properties":{"NAMA":"RUMAH GYOZA","TIPE_1":"MAKANAN DAN MINUMAN","TIPE_2":"RESTORAN","TIPE_3":"RESTORAN JEPANG","TELEPON":"0896-8894-1441","ALAMAT":"JL. RAYA CONDET JL. ANGGREK NO.27, RT.6/RW.16, CILILITAN, KEC. KRAMAT JATI, KOTA JAKARTA TIMUR, DAERAH KHUSUS IBUKOTA JAKARTA 13640","ID_PROV":"31","PROVINSI":"DKI JAKARTA","ID_KABKOT":"31.75","KABKOT":"KOTA ADM. JAKARTA TIMUR","ID_KEC":"31.75.04","KECAMATAN":"KRAMATJATI","ID_DESA":"31.75.04.1006","DESA":"CILILITAN","LONGITUDE":106.8598184,"LATITUDE":-6.2652126,"STATUS":"BUKA","TANGGAL UPDATE":"27/02/2025","TANGGAL PENGUMPULAN":"Q4 2023","q":27441,"r":-15117}},{"type":"Feature","geometry":{"coordinates":[106.88213920000004,-6.200767499999927],"type":"Point"},"properties":{"NAMA":"SUSHI STOP RAWAMANGUN","TIPE_1":"MAKANAN DAN MINUMAN","TIPE_2":"RESTORAN","TIPE_3":"SUSHI","TELEPON":"0813-1777-2089","ALAMAT":"JL. RAWAMANGUN MUKA TIMUR NO.68, RT.6/RW.12, RAWAMANGUN, KEC. PULO GADUNG, KOTA JAKARTA TIMUR, DAERAH KHUSUS IBUKOTA JAKARTA 13220","ID_PROV":"31","PROVINSI":"DKI JAKARTA","ID_KABKOT":"31.75","KABKOT":"KOTA ADM. JAKARTA TIMUR","ID_KEC":"31.75.02","KECAMATAN":"PULOGADUNG","ID_DESA":"31.75.02.1005","DESA":"RAWAMANGUN","LONGITUDE":106.8821392,"LATITUDE":-6.2007675,"STATUS":"BUKA","TANGGAL UPDATE":"27/02/2025","TANGGAL PENGUMPULAN":"Q4 2023","q":27447,"r":-15105}},{"type":"Feature","geometry":{"coordinates":[106.88869560000006,-6.198013799999956],"type":"Point"},"properties":{"NAMA":"HAUCE JAPANESE & FUSION","TIPE_1":"MAKANAN DAN MINUMAN","TIPE_2":"RESTORAN","TIPE_3":"RESTORAN JEPANG","TELEPON":"","ALAMAT":"JL. PINANG KALIJATI JL. PINANG KALI JATI GG. K.KOJA NO6A.RT08/09, RT.4/RW.8, PD. LABU, KEC. PULO GADUNG, KOTA JAKARTA TIMUR, DAERAH KHUSUS IBUKOTA JAKARTA 12450","ID_PROV":"31","PROVINSI":"DKI JAKARTA","ID_KABKOT":"31.75","KABKOT":"KOTA ADM. JAKARTA TIMUR","ID_KEC":"31.75.02","KECAMATAN":"PULOGADUNG","ID_DESA":"31.75.02.1005","DESA":"RAWAMANGUN","LONGITUDE":106.888695599999,"LATITUDE":-6.1980138,"STATUS":"BUKA","TANGGAL UPDATE":"27/02/2025","TANGGAL PENGUMPULAN":"Q4 2023","q":27448,"r":-15105}},{"type":"Feature","geometry":{"coordinates":[106.90298290000004,-6.214304899999945],"type":"Point"},"properties":{"NAMA":"TAPOYAKI GRILL SHABU","TIPE_1":"MAKANAN DAN MINUMAN","TIPE_2":"RESTORAN","TIPE_3":"RESTORAN JEPANG","TELEPON":"0821-1331-7831","ALAMAT":"KLENDER, KEC. DUREN SAWIT, KOTA JAKARTA TIMUR, DAERAH KHUSUS IBUKOTA JAKARTA 12620","ID_PROV":"31","PROVINSI":"DKI JAKARTA","ID_KABKOT":"31.75","KABKOT":"KOTA ADM. JAKARTA TIMUR","ID_KEC":"31.75.07","KECAMATAN":"DUREN SAWIT","ID_DESA":"31.75.07.1003","DESA":"KLENDER","LONGITUDE":106.9029829,"LATITUDE":-6.2143049,"STATUS":"BUKA","TANGGAL UPDATE":"27/02/2025","TANGGAL PENGUMPULAN":"Q4 2023","q":27452,"r":-15111}},{"type":"Feature","geometry":{"coordinates":[106.93425020000006,-6.236135899999965],"type":"Point"},"properties":{"NAMA":"RAYAKINIKU","TIPE_1":"MAKANAN DAN MINUMAN","TIPE_2":"RESTORAN","TIPE_3":"RESTORAN JEPANG","TELEPON":"(021) 22848844","ALAMAT":"JL. PD. KELAPA RAYA NO.3, PONDOK KELAPA, DURENSAWIT, EAST JAKARTA CITY, JAKARTA 13450","ID_PROV":"31","PROVINSI":"DKI JAKARTA","ID_KABKOT":"31.75","KABKOT":"KOTA ADM. JAKARTA TIMUR","ID_KEC":"31.75.07","KECAMATAN":"DUREN SAWIT","ID_DESA":"31.75.07.1004","DESA":"PONDOK KELAPA","LONGITUDE":106.9342502,"LATITUDE":-6.2361359,"STATUS":"BUKA","TANGGAL UPDATE":"27/02/2025","TANGGAL PENGUMPULAN":"Q4 2023","q":27460,"r":-15120}},{"type":"Feature","geometry":{"coordinates":[106.91622290000004,-6.24587379999997],"type":"Point"},"properties":{"NAMA":"OTW SUSHI JAKARTA","TIPE_1":"MAKANAN DAN MINUMAN","TIPE_2":"RESTORAN","TIPE_3":"SUSHI","TELEPON":"0838-0588-3311","ALAMAT":"JL. RAWA DOMBA NO.4, RT.8/RW.16, DUREN SAWIT, KEC. DUREN SAWIT, KOTA JAKARTA TIMUR, DAERAH KHUSUS IBUKOTA JAKARTA 13440","ID_PROV":"31","PROVINSI":"DKI JAKARTA","ID_KABKOT":"31.75","KABKOT":"KOTA ADM. JAKARTA TIMUR","ID_KEC":"31.75.07","KECAMATAN":"DUREN SAWIT","ID_DESA":"31.75.07.1001","DESA":"DUREN SAWIT","LONGITUDE":106.9162229,"LATITUDE":-6.2458738,"STATUS":"BUKA","TANGGAL UPDATE":"27/02/2025","TANGGAL PENGUMPULAN":"Q4 2023","q":27455,"r":-15119}},{"type":"Feature","geometry":{"coordinates":[106.94432680000006,-6.225237099999958],"type":"Point"},"properties":{"NAMA":"SUSHIKUMURA","TIPE_1":"MAKANAN DAN MINUMAN","TIPE_2":"RESTORAN","TIPE_3":"SUSHI","TELEPON":"(021) 8624783","ALAMAT":"JL. ROBUSTA I NO.1, RT.1/RW.6, PD. KOPI, KEC. DUREN SAWIT, KOTA JAKARTA TIMUR, DAERAH KHUSUS IBUKOTA JAKARTA 13460","ID_PROV":"31","PROVINSI":"DKI JAKARTA","ID_KABKOT":"31.75","KABKOT":"KOTA ADM. JAKARTA TIMUR","ID_KEC":"31.75.07","KECAMATAN":"DUREN SAWIT","ID_DESA":"31.75.07.1007","DESA":"PONDOK KOPI","LONGITUDE":106.9443268,"LATITUDE":-6.2252371,"STATUS":"BUKA","TANGGAL UPDATE":"27/02/2025","TANGGAL PENGUMPULAN":"Q4 2023","q":27463,"r":-15118}},{"type":"Feature","geometry":{"coordinates":[106.920366,-6.208609],"type":"Point"},"properties":{"NAMA":"TAKONOMINAMI","TIPE_1":"MAKANAN DAN MINUMAN","TIPE_2":"RESTORAN","TIPE_3":"RESTORAN JEPANG","TELEPON":"","ALAMAT":"JL. SWADAYA KP. RW. BADUNG NO.57, RT.8/RW.13, JATINEGARA, KEC. CAKUNG, KOTA JAKARTA TIMUR, DAERAH KHUSUS IBUKOTA JAKARTA 13930","ID_PROV":"31","PROVINSI":"DKI JAKARTA","ID_KABKOT":"31.75","KABKOT":"KOTA ADM. JAKARTA TIMUR","ID_KEC":"31.75.06","KECAMATAN":"CAKUNG","ID_DESA":"31.75.06.1001","DESA":"JATINEGARA","LONGITUDE":106.920366,"LATITUDE":-6.208609,"STATUS":"BUKA","TANGGAL UPDATE":"27/02/2025","TANGGAL PENGUMPULAN":"Q4 2023","q":27456,"r":-15112}},{"type":"Feature","geometry":{"coordinates":[106.86910770000009,-6.223778799999934],"type":"Point"},"properties":{"NAMA":"GOKANA","TIPE_1":"MAKANAN DAN MINUMAN","TIPE_2":"RESTORAN","TIPE_3":"RESTORAN JEPANG","TELEPON":"(021) 85915023","ALAMAT":"JL. JATINEGARA TIMUR NO.2, RT.4/RW.2, BIDARA CINA, KECAMATAN JATINEGARA, KOTA JAKARTA TIMUR, DAERAH KHUSUS IBUKOTA JAKARTA 13310","ID_PROV":"31","PROVINSI":"DKI JAKARTA","ID_KABKOT":"31.75","KABKOT":"KOTA ADM. JAKARTA TIMUR","ID_KEC":"31.75.03","KECAMATAN":"JATINEGARA","ID_DESA":"31.75.03.1003","DESA":"BALI MESTER","LONGITUDE":106.8691077,"LATITUDE":-6.2237788,"STATUS":"BUKA","TANGGAL UPDATE":"27/02/2025","TANGGAL PENGUMPULAN":"Q4 2023","q":27443,"r":-15108}},{"type":"Feature","geometry":{"coordinates":[106.88373390000004,-6.353616],"type":"Point"},"properties":{"NAMA":"KOREAN OPPA","TIPE_1":"MAKANAN DAN MINUMAN","TIPE_2":"RESTORAN","TIPE_3":"RESTORAN KOREA","TELEPON":"0857-1925-5189","ALAMAT":"BLOK A2 NO 16, JL. KERINCI NO.A2, RT.2/RW.11, CIBUBUR, CIRACAS, EAST JAKARTA CITY, JAKARTA 13720","ID_PROV":"31","PROVINSI":"DKI JAKARTA","ID_KABKOT":"31.75","KABKOT":"KOTA ADM. JAKARTA TIMUR","ID_KEC":"31.75.09","KECAMATAN":"CIRACAS","ID_DESA":"31.75.09.1002","DESA":"CIBUBUR","LONGITUDE":106.8837339,"LATITUDE":-6.353616,"STATUS":"BUKA","TANGGAL UPDATE":"27/02/2025","TANGGAL PENGUMPULAN":"Q4 2023","q":27447,"r":-15139}},{"type":"Feature","geometry":{"coordinates":[106.872677,-6.304952699999944],"type":"Point"},"properties":{"NAMA":"KOREAN FOOD 3A UHAMKA","TIPE_1":"MAKANAN DAN MINUMAN","TIPE_2":"RESTORAN","TIPE_3":"RESTORAN KOREA","TELEPON":"","ALAMAT":"JL. TANAH MERDEKA, RT.14/RW.5, RAMBUTAN, KEC. CIRACAS, KOTA JAKARTA TIMUR, DAERAH KHUSUS IBUKOTA JAKARTA 13830","ID_PROV":"31","PROVINSI":"DKI JAKARTA","ID_KABKOT":"31.75","KABKOT":"KOTA ADM. JAKARTA TIMUR","ID_KEC":"31.75.09","KECAMATAN":"CIRACAS","ID_DESA":"31.75.09.1005","DESA":"RAMBUTAN","LONGITUDE":106.872677,"LATITUDE":-6.3049527,"STATUS":"BUKA","TANGGAL UPDATE":"27/02/2025","TANGGAL PENGUMPULAN":"Q4 2023","q":27444,"r":-15127}},{"type":"Feature","geometry":{"coordinates":[106.95181920000005,-6.181913],"type":"Point"},"properties":{"NAMA":"KOKODAK CHICKEN","TIPE_1":"MAKANAN DAN MINUMAN","TIPE_2":"RESTORAN","TIPE_3":"RESTORAN KOREA","TELEPON":"0821-2508-3060","ALAMAT":"RUKO THE WALK, JL. JKT GARDEN CITY BOULEVARD NO.8, CAKUNG TIM., KEC. CAKUNG, KOTA JAKARTA TIMUR, DAERAH KHUSUS IBUKOTA JAKARTA 13910","ID_PROV":"31","PROVINSI":"DKI JAKARTA","ID_KABKOT":"31.75","KABKOT":"KOTA ADM. JAKARTA TIMUR","ID_KEC":"31.75.06","KECAMATAN":"CAKUNG","ID_DESA":"31.75.06.1004","DESA":"CAKUNG TIMUR","LONGITUDE":106.951819199999,"LATITUDE":-6.181913,"STATUS":"BUKA","TANGGAL UPDATE":"27/02/2025","TANGGAL PENGUMPULAN":"Q4 2023","q":27465,"r":-15110}},{"type":"Feature","geometry":{"coordinates":[106.87788240000003,-6.223930699999926],"type":"Point"},"properties":{"NAMA":"KKULDAK","TIPE_1":"MAKANAN DAN MINUMAN","TIPE_2":"RESTORAN","TIPE_3":"RESTORAN KOREA","TELEPON":"","ALAMAT":"JL. JEND. BASUKI RACHMAT NO.1, RT.8/RW.6, CIPINANG BESAR SEL., KECAMATAN JATINEGARA, KOTA JAKARTA TIMUR, DAERAH KHUSUS IBUKOTA JAKARTA 13410","ID_PROV":"31","PROVINSI":"DKI JAKARTA","ID_KABKOT":"31.75","KABKOT":"KOTA ADM. JAKARTA TIMUR","ID_KEC":"31.75.03","KECAMATAN":"JATINEGARA","ID_DESA":"31.75.03.1007","DESA":"CIPINANG BESAR SELATAN","LONGITUDE":106.877882399999,"LATITUDE":-6.2239307,"STATUS":"BUKA","TANGGAL UPDATE":"27/02/2025","TANGGAL PENGUMPULAN":"Q4 2023","q":27446,"r":-15110}},{"type":"Feature","geometry":{"coordinates":[106.90770720000006,-6.24744759999993],"type":"Point"},"properties":{"NAMA":"KOREAN HALAL STREET FOOD JATIWARINGIN","TIPE_1":"MAKANAN DAN MINUMAN","TIPE_2":"RESTORAN","TIPE_3":"RESTORAN KOREA","TELEPON":"","ALAMAT":"JL. RAYA JATIWARINGIN NO.2, RT.2/RW.13, CIPINANG MELAYU, MAKASAR, EAST JAKARTA CITY, JAKARTA","ID_PROV":"31","PROVINSI":"DKI JAKARTA","ID_KABKOT":"31.75","KABKOT":"KOTA ADM. JAKARTA TIMUR","ID_KEC":"31.75.08","KECAMATAN":"MAKASAR","ID_DESA":"31.75.08.1005","DESA":"CIPINANG MELAYU","LONGITUDE":106.907707199999,"LATITUDE":-6.2474476,"STATUS":"BUKA","TANGGAL UPDATE":"27/02/2025","TANGGAL PENGUMPULAN":"Q4 2023","q":27453,"r":-15119}},{"type":"Feature","geometry":{"coordinates":[106.88752160000007,-6.346965499999953],"type":"Point"},"properties":{"NAMA":"KOREAN HONGDAE STREET FOOD (MASINEUN BUNSIK)","TIPE_1":"MAKANAN DAN MINUMAN","TIPE_2":"RESTORAN","TIPE_3":"RESTORAN KOREA","TELEPON":"","ALAMAT":"JL. PRAJI II NO.41, RT.2/RW.1, KLP. DUA WETAN, KEC. CIRACAS, KOTA JAKARTA TIMUR, DAERAH KHUSUS IBUKOTA JAKARTA 13730","ID_PROV":"31","PROVINSI":"DKI JAKARTA","ID_KABKOT":"31.75","KABKOT":"KOTA ADM. JAKARTA TIMUR","ID_KEC":"31.75.09","KECAMATAN":"CIRACAS","ID_DESA":"31.75.09.1003","DESA":"KELAPA DUA WETAN","LONGITUDE":106.8875216,"LATITUDE":-6.3469655,"STATUS":"BUKA","TANGGAL UPDATE":"27/02/2025","TANGGAL PENGUMPULAN":"Q4 2023","q":27448,"r":-15138}},{"type":"Feature","geometry":{"coordinates":[106.93549770000004,-6.231151099999977],"type":"Point"},"properties":{"NAMA":"KOBER GRILL (KOREAN BBQ & GRILL) -HALAL THAYYIBAN-","TIPE_1":"MAKANAN DAN MINUMAN","TIPE_2":"RESTORAN","TIPE_3":"RESTORAN KOREA","TELEPON":"0877-8740-1419","ALAMAT":"TPU MALAKA, RT.13/RW.9, PD. KOPI, KEC. DUREN SAWIT, KOTA JAKARTA TIMUR, DAERAH KHUSUS IBUKOTA JAKARTA 13450","ID_PROV":"31","PROVINSI":"DKI JAKARTA","ID_KABKOT":"31.75","KABKOT":"KOTA ADM. JAKARTA TIMUR","ID_KEC":"31.75.07","KECAMATAN":"DUREN SAWIT","ID_DESA":"31.75.07.1007","DESA":"PONDOK KOPI","LONGITUDE":106.9354977,"LATITUDE":-6.2311511,"STATUS":"BUKA","TANGGAL UPDATE":"27/02/2025","TANGGAL PENGUMPULAN":"Q4 2023","q":27460,"r":-15119}},{"type":"Feature","geometry":{"coordinates":[106.93120680000004,-6.205160599999942],"type":"Point"},"properties":{"NAMA":"KULINER BAKSO KOREA","TIPE_1":"MAKANAN DAN MINUMAN","TIPE_2":"RESTORAN","TIPE_3":"RESTORAN KOREA","TELEPON":"","ALAMAT":"RT.6/RW.10, PENGGILINGAN, KEC. CAKUNG, KOTA JAKARTA TIMUR, DAERAH KHUSUS IBUKOTA JAKARTA 13940","ID_PROV":"31","PROVINSI":"DKI JAKARTA","ID_KABKOT":"31.75","KABKOT":"KOTA ADM. JAKARTA TIMUR","ID_KEC":"31.75.06","KECAMATAN":"CAKUNG","ID_DESA":"31.75.06.1003","DESA":"PENGGILINGAN","LONGITUDE":106.9312068,"LATITUDE":-6.2051606,"STATUS":"BUKA","TANGGAL UPDATE":"27/02/2025","TANGGAL PENGUMPULAN":"Q4 2023","q":27459,"r":-15112}},{"type":"Feature","geometry":{"coordinates":[106.88629410000004,-6.199017799999979],"type":"Point"},"properties":{"NAMA":"MANJOG BBQ RAWAMANGUN","TIPE_1":"MAKANAN DAN MINUMAN","TIPE_2":"RESTORAN","TIPE_3":"RESTORAN KOREA","TELEPON":"(021) 22476738","ALAMAT":"JL. BALAI PUSTAKA TIMUR NO.39, RT.4/RW.9, RAWAMANGUN, PULO GADUNG, EAST JAKARTA CITY, JAKARTA 13220","ID_PROV":"31","PROVINSI":"DKI JAKARTA","ID_KABKOT":"31.75","KABKOT":"KOTA ADM. JAKARTA TIMUR","ID_KEC":"31.75.02","KECAMATAN":"PULOGADUNG","ID_DESA":"31.75.02.1005","DESA":"RAWAMANGUN","LONGITUDE":106.8862941,"LATITUDE":-6.1990178,"STATUS":"BUKA","TANGGAL UPDATE":"27/02/2025","TANGGAL PENGUMPULAN":"Q4 2023","q":27448,"r":-15105}},{"type":"Feature","geometry":{"coordinates":[106.89907850000009,-6.202716399999929],"type":"Point"},"properties":{"NAMA":"KOREAN STREET FOOD","TIPE_1":"MAKANAN DAN MINUMAN","TIPE_2":"RESTORAN","TIPE_3":"RESTORAN KOREA","TELEPON":"0813-2452-3633","ALAMAT":"JAKARTA TIMUR, RT.11/RW.3, JATINEGARA KAUM, KEC. PULO GADUNG, KOTA JAKARTA TIMUR, DAERAH KHUSUS IBUKOTA JAKARTA 13250","ID_PROV":"31","PROVINSI":"DKI JAKARTA","ID_KABKOT":"31.75","KABKOT":"KOTA ADM. JAKARTA TIMUR","ID_KEC":"31.75.02","KECAMATAN":"PULOGADUNG","ID_DESA":"31.75.02.1004","DESA":"JATINEGARA KAUM","LONGITUDE":106.8990785,"LATITUDE":-6.2027164,"STATUS":"BUKA","TANGGAL UPDATE":"27/02/2025","TANGGAL PENGUMPULAN":"Q4 2023","q":27451,"r":-15108}},{"type":"Feature","geometry":{"coordinates":[106.96968380000004,-6.158146299999942],"type":"Point"},"properties":{"NAMA":"KRAVING KIMCHI","TIPE_1":"MAKANAN DAN MINUMAN","TIPE_2":"RESTORAN","TIPE_3":"RESTORAN KOREA","TELEPON":"0813-1096-9413","ALAMAT":"JL. SHINANO 6 NO.7, EAST CAKUNG, CAKUNG, EAST JAKARTA CITY, JAKARTA 13910","ID_PROV":"31","PROVINSI":"DKI JAKARTA","ID_KABKOT":"31.75","KABKOT":"KOTA ADM. JAKARTA TIMUR","ID_KEC":"31.75.06","KECAMATAN":"CAKUNG","ID_DESA":"31.75.06.1004","DESA":"CAKUNG TIMUR","LONGITUDE":106.9696838,"LATITUDE":-6.1581463,"STATUS":"BUKA","TANGGAL UPDATE":"27/02/2025","TANGGAL PENGUMPULAN":"Q4 2023","q":27469,"r":-15107}},{"type":"Feature","geometry":{"coordinates":[106.89273040000006,-6.214883499999928],"type":"Point"},"properties":{"NAMA":"KOREANFOOD FROZEN","TIPE_1":"MAKANAN DAN MINUMAN","TIPE_2":"RESTORAN","TIPE_3":"RESTORAN KOREA","TELEPON":"0813-8744-3564","ALAMAT":"JL. CIPINANG LONTAR NO. 15 RT 010 %2F RW 06 CIPINANG MUARA JATINEGARA JAKARTA TIMUR DKI JAKARTA RT.3, RT.3/RW.5, CIPINANG MUARA, JATINEGARA, EAST JAKARTA CITY, JAKARTA 13420","ID_PROV":"31","PROVINSI":"DKI JAKARTA","ID_KABKOT":"31.75","KABKOT":"KOTA ADM. JAKARTA TIMUR","ID_KEC":"31.75.03","KECAMATAN":"JATINEGARA","ID_DESA":"31.75.03.1006","DESA":"CIPINANG MUARA","LONGITUDE":106.892730399999,"LATITUDE":-6.2148835,"STATUS":"BUKA","TANGGAL UPDATE":"27/02/2025","TANGGAL PENGUMPULAN":"Q4 2023","q":27449,"r":-15110}},{"type":"Feature","geometry":{"coordinates":[106.94982460000006,-6.204519299999959],"type":"Point"},"properties":{"NAMA":"JOA JOA KOREAN FOOD","TIPE_1":"MAKANAN DAN MINUMAN","TIPE_2":"RESTORAN","TIPE_3":"RESTORAN KOREA","TELEPON":"","ALAMAT":"RW.6, PULO GEBANG, CAKUNG, EAST JAKARTA CITY, JAKARTA 13950","ID_PROV":"31","PROVINSI":"DKI JAKARTA","ID_KABKOT":"31.75","KABKOT":"KOTA ADM. JAKARTA TIMUR","ID_KEC":"31.75.06","KECAMATAN":"CAKUNG","ID_DESA":"31.75.06.1005","DESA":"PULO GEBANG","LONGITUDE":106.9498246,"LATITUDE":-6.2045193,"STATUS":"BUKA","TANGGAL UPDATE":"27/02/2025","TANGGAL PENGUMPULAN":"Q4 2023","q":27464,"r":-15115}},{"type":"Feature","geometry":{"coordinates":[106.85839710000005,-6.33334119999995],"type":"Point"},"properties":{"NAMA":"KARNEVORIDJAKTIM","TIPE_1":"MAKANAN DAN MINUMAN","TIPE_2":"RESTORAN","TIPE_3":"RESTORAN KOREA","TELEPON":"0812-1000-7328","ALAMAT":"JL. PESONA KALISARI NO.321, KALISARI, PASAR REBO, EAST JAKARTA CITY, JAKARTA 13790","ID_PROV":"31","PROVINSI":"DKI JAKARTA","ID_KABKOT":"31.75","KABKOT":"KOTA ADM. JAKARTA TIMUR","ID_KEC":"31.75.05","KECAMATAN":"PASAR REBO","ID_DESA":"31.75.05.1004","DESA":"KALISARI","LONGITUDE":106.858397099999,"LATITUDE":-6.3333412,"STATUS":"BUKA","TANGGAL UPDATE":"27/02/2025","TANGGAL PENGUMPULAN":"Q4 2023","q":27441,"r":-15132}},{"type":"Feature","geometry":{"coordinates":[106.88097620000008,-6.23838539999997],"type":"Point"},"properties":{"NAMA":"JAJANAN KOREA-PANCAWARGA","TIPE_1":"MAKANAN DAN MINUMAN","TIPE_2":"RESTORAN","TIPE_3":"RESTORAN KOREA","TELEPON":"0882-9352-1457","ALAMAT":"JL. PANCA WARGA SATU NO.5, RT.6/RW.1, CIPINANG BESAR SEL., KECAMATAN JATINEGARA, KOTA JAKARTA TIMUR, DAERAH KHUSUS IBUKOTA JAKARTA 13410","ID_PROV":"31","PROVINSI":"DKI JAKARTA","ID_KABKOT":"31.75","KABKOT":"KOTA ADM. JAKARTA TIMUR","ID_KEC":"31.75.03","KECAMATAN":"JATINEGARA","ID_DESA":"31.75.03.1007","DESA":"CIPINANG BESAR SELATAN","LONGITUDE":106.880976199999,"LATITUDE":-6.2383854,"STATUS":"BUKA","TANGGAL UPDATE":"27/02/2025","TANGGAL PENGUMPULAN":"Q4 2023","q":27446,"r":-15113}},{"type":"Feature","geometry":{"coordinates":[106.85277060000004,-6.279625199999941],"type":"Point"},"properties":{"NAMA":"JIGA BENTO","TIPE_1":"MAKANAN DAN MINUMAN","TIPE_2":"RESTORAN","TIPE_3":"RESTORAN KOREA","TELEPON":"0878-9830-1369","ALAMAT":"JL. PUCUNG I NO.47, RT.3/RW.2, BALEKAMBANG, KEC. KRAMAT JATI, KOTA JAKARTA TIMUR, DAERAH KHUSUS IBUKOTA JAKARTA 13530","ID_PROV":"31","PROVINSI":"DKI JAKARTA","ID_KABKOT":"31.75","KABKOT":"KOTA ADM. JAKARTA TIMUR","ID_KEC":"31.75.04","KECAMATAN":"KRAMATJATI","ID_DESA":"31.75.04.1005","DESA":"BALEKAMBANG","LONGITUDE":106.8527706,"LATITUDE":-6.2796252,"STATUS":"BUKA","TANGGAL UPDATE":"27/02/2025","TANGGAL PENGUMPULAN":"Q4 2023","q":27439,"r":-15119}},{"type":"Feature","geometry":{"coordinates":[106.86871080000009,-6.283113399999934],"type":"Point"},"properties":{"NAMA":"JAJANAN KOREA TEH LULU","TIPE_1":"MAKANAN DAN MINUMAN","TIPE_2":"RESTORAN","TIPE_3":"RESTORAN KOREA","TELEPON":"0877-8155-8981","ALAMAT":"TAMAN BULAK RANTAI, KP. TENGAH, KEC. KRAMAT JATI, KOTA JAKARTA TIMUR, DAERAH KHUSUS IBUKOTA JAKARTA 13520","ID_PROV":"31","PROVINSI":"DKI JAKARTA","ID_KABKOT":"31.75","KABKOT":"KOTA ADM. JAKARTA TIMUR","ID_KEC":"31.75.04","KECAMATAN":"KRAMATJATI","ID_DESA":"31.75.04.1002","DESA":"TENGAH","LONGITUDE":106.868710799999,"LATITUDE":-6.2831134,"STATUS":"BUKA","TANGGAL UPDATE":"27/02/2025","TANGGAL PENGUMPULAN":"Q4 2023","q":27443,"r":-15122}},{"type":"Feature","geometry":{"coordinates":[106.87356380000006,-6.327493199999935],"type":"Point"},"properties":{"NAMA":"K2 KOREAN FOOD","TIPE_1":"MAKANAN DAN MINUMAN","TIPE_2":"RESTORAN","TIPE_3":"RESTORAN KOREA","TELEPON":"","ALAMAT":"10, JL. KP. CIRACAS I NO.133F, RT.12/RW.7, CIRACAS, KEC. CIRACAS, KOTA JAKARTA TIMUR, DAERAH KHUSUS IBUKOTA JAKARTA 13740","ID_PROV":"31","PROVINSI":"DKI JAKARTA","ID_KABKOT":"31.75","KABKOT":"KOTA ADM. JAKARTA TIMUR","ID_KEC":"31.75.09","KECAMATAN":"CIRACAS","ID_DESA":"31.75.09.1001","DESA":"CIRACAS","LONGITUDE":106.8735638,"LATITUDE":-6.3274932,"STATUS":"BUKA","TANGGAL UPDATE":"27/02/2025","TANGGAL PENGUMPULAN":"Q4 2023","q":27444,"r":-15132}},{"type":"Feature","geometry":{"coordinates":[106.90464780000008,-6.293929699999978],"type":"Point"},"properties":{"NAMA":"KIMS TOPOKKI LUBANG BUAYA","TIPE_1":"MAKANAN DAN MINUMAN","TIPE_2":"RESTORAN","TIPE_3":"RESTORAN KOREA","TELEPON":"0858-8100-0012","ALAMAT":"JL. MONUMEN PANCASILA SAKTI NO.29, RT.5/RW.2, LUBANG BUAYA, KEC. CIPAYUNG, KOTA JAKARTA TIMUR, DAERAH KHUSUS IBUKOTA JAKARTA 13810","ID_PROV":"31","PROVINSI":"DKI JAKARTA","ID_KABKOT":"31.75","KABKOT":"KOTA ADM. JAKARTA TIMUR","ID_KEC":"31.75.10","KECAMATAN":"CIPAYUNG","ID_DESA":"31.75.10.1007","DESA":"LUBANG BUAYA","LONGITUDE":106.904647799999,"LATITUDE":-6.2939297,"STATUS":"BUKA","TANGGAL UPDATE":"27/02/2025","TANGGAL PENGUMPULAN":"Q4 2023","q":27452,"r":-15129}},{"type":"Feature","geometry":{"coordinates":[106.89454850000004,-6.333568],"type":"Point"},"properties":{"NAMA":"KIMS TOPOKKI CIPAYUNG JAKARTA TIMUR","TIPE_1":"MAKANAN DAN MINUMAN","TIPE_2":"RESTORAN","TIPE_3":"RESTORAN KOREA","TELEPON":"","ALAMAT":"JL. CIPAYUNG RAYA NO.10, RT.10/RW.1, CIPAYUNG, KEC. CIPAYUNG, KOTA JAKARTA TIMUR, DAERAH KHUSUS IBUKOTA JAKARTA 13840","ID_PROV":"31","PROVINSI":"DKI JAKARTA","ID_KABKOT":"31.75","KABKOT":"KOTA ADM. JAKARTA TIMUR","ID_KEC":"31.75.10","KECAMATAN":"CIPAYUNG","ID_DESA":"31.75.10.1001","DESA":"CIPAYUNG","LONGITUDE":106.8945485,"LATITUDE":-6.333568,"STATUS":"BUKA","TANGGAL UPDATE":"27/02/2025","TANGGAL PENGUMPULAN":"Q4 2023","q":27450,"r":-15136}},{"type":"Feature","geometry":{"coordinates":[106.86771540000007,-6.255626199999938],"type":"Point"},"properties":{"NAMA":"KEDAI ADAM","TIPE_1":"MAKANAN DAN MINUMAN","TIPE_2":"RESTORAN","TIPE_3":"RESTORAN KOREA","TELEPON":"0812-9826-1196","ALAMAT":"JL. G, RT.9/RW.9, HGUMAT II, KEC. KRAMAT JATI, KOTA JAKARTA TIMUR, DAERAH KHUSUS IBUKOTA JAKARTA 13630","ID_PROV":"31","PROVINSI":"DKI JAKARTA","ID_KABKOT":"31.75","KABKOT":"KOTA ADM. JAKARTA TIMUR","ID_KEC":"31.75.04","KECAMATAN":"KRAMATJATI","ID_DESA":"31.75.04.1007","DESA":"CAWANG","LONGITUDE":106.8677154,"LATITUDE":-6.2556262,"STATUS":"BUKA","TANGGAL UPDATE":"27/02/2025","TANGGAL PENGUMPULAN":"Q4 2023","q":27443,"r":-15115}},{"type":"Feature","geometry":{"coordinates":[106.85820760000007,-6.273133],"type":"Point"},"properties":{"NAMA":"KEDAI ARRASEO","TIPE_1":"MAKANAN DAN MINUMAN","TIPE_2":"RESTORAN","TIPE_3":"RESTORAN KOREA","TELEPON":"","ALAMAT":"JL. BATU AMPAR 1 NO.52, RT.13/RW.4, BATU AMPAR, KEC. KRAMAT JATI, KOTA JAKARTA TIMUR, DAERAH KHUSUS IBUKOTA JAKARTA 13520","ID_PROV":"31","PROVINSI":"DKI JAKARTA","ID_KABKOT":"31.75","KABKOT":"KOTA ADM. JAKARTA TIMUR","ID_KEC":"31.75.04","KECAMATAN":"KRAMATJATI","ID_DESA":"31.75.04.1004","DESA":"BATU AMPAR","LONGITUDE":106.8582076,"LATITUDE":-6.273133,"STATUS":"BUKA","TANGGAL UPDATE":"27/02/2025","TANGGAL PENGUMPULAN":"Q4 2023","q":27441,"r":-15118}},{"type":"Feature","geometry":{"coordinates":[106.87796590000005,-6.223838399999977],"type":"Point"},"properties":{"NAMA":"KHULDAK","TIPE_1":"MAKANAN DAN MINUMAN","TIPE_2":"RESTORAN","TIPE_3":"RESTORAN KOREA","TELEPON":"","ALAMAT":"RT.8/RW.10, CIPINANG BESAR SEL., KECAMATAN JATINEGARA, KOTA JAKARTA TIMUR, DAERAH KHUSUS IBUKOTA JAKARTA 13410","ID_PROV":"31","PROVINSI":"DKI JAKARTA","ID_KABKOT":"31.75","KABKOT":"KOTA ADM. JAKARTA TIMUR","ID_KEC":"31.75.03","KECAMATAN":"JATINEGARA","ID_DESA":"31.75.03.1007","DESA":"CIPINANG BESAR SELATAN","LONGITUDE":106.877965899999,"LATITUDE":-6.2238384,"STATUS":"BUKA","TANGGAL UPDATE":"27/02/2025","TANGGAL PENGUMPULAN":"Q4 2023","q":27446,"r":-15110}},{"type":"Feature","geometry":{"coordinates":[106.88783340000003,-6.197370299999932],"type":"Point"},"properties":{"NAMA":"HANKI KOREAN FOOD","TIPE_1":"MAKANAN DAN MINUMAN","TIPE_2":"RESTORAN","TIPE_3":"RESTORAN KOREA","TELEPON":"","ALAMAT":"JL. AREN III NO.22, RT.2/RW.9, RAWAMANGUN, KEC. PULO GADUNG, KOTA JAKARTA TIMUR, DAERAH KHUSUS IBUKOTA JAKARTA 13220","ID_PROV":"31","PROVINSI":"DKI JAKARTA","ID_KABKOT":"31.75","KABKOT":"KOTA ADM. JAKARTA TIMUR","ID_KEC":"31.75.02","KECAMATAN":"PULOGADUNG","ID_DESA":"31.75.02.1005","DESA":"RAWAMANGUN","LONGITUDE":106.887833399999,"LATITUDE":-6.1973703,"STATUS":"BUKA","TANGGAL UPDATE":"27/02/2025","TANGGAL PENGUMPULAN":"Q4 2023","q":27448,"r":-15105}},{"type":"Feature","geometry":{"coordinates":[106.914373,-6.221601],"type":"Point"},"properties":{"NAMA":"GUBHIDA KOREAN BBQ","TIPE_1":"MAKANAN DAN MINUMAN","TIPE_2":"RESTORAN","TIPE_3":"RESTORAN KOREA","TELEPON":"0819-2982-5761","ALAMAT":"JALAN DUREN SAWIT K3 NO 17, RT.9/RW.11, KLENDER, JAKARTA, KOTA JAKARTA TIMUR, DAERAH KHUSUS IBUKOTA JAKARTA 13470","ID_PROV":"31","PROVINSI":"DKI JAKARTA","ID_KABKOT":"31.75","KABKOT":"KOTA ADM. JAKARTA TIMUR","ID_KEC":"31.75.07","KECAMATAN":"DUREN SAWIT","ID_DESA":"31.75.07.1003","DESA":"KLENDER","LONGITUDE":106.914373,"LATITUDE":-6.221601,"STATUS":"BUKA","TANGGAL UPDATE":"27/02/2025","TANGGAL PENGUMPULAN":"Q4 2023","q":27455,"r":-15114}},{"type":"Feature","geometry":{"coordinates":[106.90550980000006,-6.238976599999944],"type":"Point"},"properties":{"NAMA":"GROBBAK KOREA","TIPE_1":"MAKANAN DAN MINUMAN","TIPE_2":"RESTORAN","TIPE_3":"RESTORAN KOREA","TELEPON":"","ALAMAT":"JL. KEJAKSAAN JL. TARUNA NO.208, RT.10/RW.11, PD. BAMBU, KEC. DUREN SAWIT, KOTA JAKARTA TIMUR, DAERAH KHUSUS IBUKOTA JAKARTA 13430","ID_PROV":"31","PROVINSI":"DKI JAKARTA","ID_KABKOT":"31.75","KABKOT":"KOTA ADM. JAKARTA TIMUR","ID_KEC":"31.75.07","KECAMATAN":"DUREN SAWIT","ID_DESA":"31.75.07.1002","DESA":"PONDOK BAMBU","LONGITUDE":106.905509799999,"LATITUDE":-6.2389766,"STATUS":"BUKA","TANGGAL UPDATE":"27/02/2025","TANGGAL PENGUMPULAN":"Q4 2023","q":27453,"r":-15117}},{"type":"Feature","geometry":{"coordinates":[106.87996370000008,-6.223629099999926],"type":"Point"},"properties":{"NAMA":"GOODLE NOODLE BAR EXPRESS","TIPE_1":"MAKANAN DAN MINUMAN","TIPE_2":"RESTORAN","TIPE_3":"RESTORAN KOREA","TELEPON":"","ALAMAT":"MALL BASSURA CITY, CIPINANG BESAR SEL., KECAMATAN JATINEGARA, KOTA JAKARTA TIMUR, DAERAH KHUSUS IBUKOTA JAKARTA 13410","ID_PROV":"31","PROVINSI":"DKI JAKARTA","ID_KABKOT":"31.75","KABKOT":"KOTA ADM. JAKARTA TIMUR","ID_KEC":"31.75.03","KECAMATAN":"JATINEGARA","ID_DESA":"31.75.03.1007","DESA":"CIPINANG BESAR SELATAN","LONGITUDE":106.879963699999,"LATITUDE":-6.2236291,"STATUS":"BUKA","TANGGAL UPDATE":"27/02/2025","TANGGAL PENGUMPULAN":"Q4 2023","q":27446,"r":-15110}},{"type":"Feature","geometry":{"coordinates":[106.89703570000006,-6.232283399999972],"type":"Point"},"properties":{"NAMA":"GOOD BEEF PONDOK BAMBU","TIPE_1":"MAKANAN DAN MINUMAN","TIPE_2":"RESTORAN","TIPE_3":"RESTORAN KOREA","TELEPON":"0851-5990-9421","ALAMAT":"JL. PAHLAWAN REVOLUSI, RT.4/RW.3, PONDOK BAMBU, DURENSAWIT, EAST JAKARTA CITY, JAKARTA 13430","ID_PROV":"31","PROVINSI":"DKI JAKARTA","ID_KABKOT":"31.75","KABKOT":"KOTA ADM. JAKARTA TIMUR","ID_KEC":"31.75.07","KECAMATAN":"DUREN SAWIT","ID_DESA":"31.75.07.1002","DESA":"PONDOK BAMBU","LONGITUDE":106.897035699999,"LATITUDE":-6.2322834,"STATUS":"BUKA","TANGGAL UPDATE":"27/02/2025","TANGGAL PENGUMPULAN":"Q4 2023","q":27450,"r":-15114}},{"type":"Feature","geometry":{"coordinates":[106.86867650000005,-6.353359299999966],"type":"Point"},"properties":{"NAMA":"HIMNAEYO JAJANAN ALA KOREA","TIPE_1":"MAKANAN DAN MINUMAN","TIPE_2":"RESTORAN","TIPE_3":"RESTORAN KOREA","TELEPON":"","ALAMAT":"DANAU SETU TIPAR JL. TIPAR, PEKAYON, KEC. PS. REBO, KOTA JAKARTA TIMUR, DAERAH KHUSUS IBUKOTA JAKARTA 13710","ID_PROV":"31","PROVINSI":"DKI JAKARTA","ID_KABKOT":"31.75","KABKOT":"KOTA ADM. JAKARTA TIMUR","ID_KEC":"31.75.05","KECAMATAN":"PASAR REBO","ID_DESA":"31.75.05.1005","DESA":"PEKAYON","LONGITUDE":106.868676499999,"LATITUDE":-6.3533593,"STATUS":"BUKA","TANGGAL UPDATE":"27/02/2025","TANGGAL PENGUMPULAN":"Q4 2023","q":27443,"r":-15137}},{"type":"Feature","geometry":{"coordinates":[106.872613,-6.211742],"type":"Point"},"properties":{"NAMA":"TOPOCI MATRAMAN JAKARTA TIMUR","TIPE_1":"MAKANAN DAN MINUMAN","TIPE_2":"RESTORAN","TIPE_3":"RESTORAN KOREA","TELEPON":"0813-3556-6654","ALAMAT":"JL. PISANGAN BARU TIMUR NO.14, PISANGAN BARU, KEC. MATRAMAN, KOTA JAKARTA TIMUR, DAERAH KHUSUS IBUKOTA JAKARTA 13110","ID_PROV":"31","PROVINSI":"DKI JAKARTA","ID_KABKOT":"31.75","KABKOT":"KOTA ADM. JAKARTA TIMUR","ID_KEC":"31.75.01","KECAMATAN":"MATRAMAN","ID_DESA":"31.75.01.1001","DESA":"PISANGAN BARU","LONGITUDE":106.872613,"LATITUDE":-6.211742,"STATUS":"BUKA","TANGGAL UPDATE":"27/02/2025","TANGGAL PENGUMPULAN":"Q4 2023","q":27444,"r":-15106}},{"type":"Feature","geometry":{"coordinates":[106.93474020000008,-6.236113299999943],"type":"Point"},"properties":{"NAMA":"TOPOCI PONDOK KELAPA","TIPE_1":"MAKANAN DAN MINUMAN","TIPE_2":"RESTORAN","TIPE_3":"RESTORAN KOREA","TELEPON":"0877-3071-0540","ALAMAT":"JL. PD. KELAPA RAYA NO.80, RT.1/RW.1, PONDOK KELAPA, DURENSAWIT, EAST JAKARTA CITY, JAKARTA 13450","ID_PROV":"31","PROVINSI":"DKI JAKARTA","ID_KABKOT":"31.75","KABKOT":"KOTA ADM. JAKARTA TIMUR","ID_KEC":"31.75.07","KECAMATAN":"DUREN SAWIT","ID_DESA":"31.75.07.1004","DESA":"PONDOK KELAPA","LONGITUDE":106.9347402,"LATITUDE":-6.2361133,"STATUS":"BUKA","TANGGAL UPDATE":"27/02/2025","TANGGAL PENGUMPULAN":"Q4 2023","q":27460,"r":-15120}},{"type":"Feature","geometry":{"coordinates":[106.89399230000004,-6.238794],"type":"Point"},"properties":{"NAMA":"TOK-POKI","TIPE_1":"MAKANAN DAN MINUMAN","TIPE_2":"RESTORAN","TIPE_3":"RESTORAN KOREA","TELEPON":"","ALAMAT":"JL. RAYA KALIMALANG NO.KAV. 88, RT.18/RW.3, PD. BAMBU, KEC. DUREN SAWIT MALL CIPINANG INDAH, RT.18/RW.3, PD. BAMBU, KEC. DUREN SAWIT, KOTA JAKARTA TIMUR, DAERAH KHUSUS IBUKOTA JAKARTA 13430","ID_PROV":"31","PROVINSI":"DKI JAKARTA","ID_KABKOT":"31.75","KABKOT":"KOTA ADM. JAKARTA TIMUR","ID_KEC":"31.75.07","KECAMATAN":"DUREN SAWIT","ID_DESA":"31.75.07.1002","DESA":"PONDOK BAMBU","LONGITUDE":106.8939923,"LATITUDE":-6.238794,"STATUS":"BUKA","TANGGAL UPDATE":"27/02/2025","TANGGAL PENGUMPULAN":"Q4 2023","q":27450,"r":-15115}},{"type":"Feature","geometry":{"coordinates":[106.85087660000005,-6.279340199999979],"type":"Point"},"properties":{"NAMA":"TOPOKKI KOREAN FOOD BALEKAMBANG CONDET","TIPE_1":"MAKANAN DAN MINUMAN","TIPE_2":"RESTORAN","TIPE_3":"RESTORAN KOREA","TELEPON":"","ALAMAT":"JL. PUCUNG RAYA NO.28, RT.2/RW.11, BALEKAMBANG, KEC. KRAMAT JATI, KOTA JAKARTA TIMUR, DAERAH KHUSUS IBUKOTA JAKARTA 13530","ID_PROV":"31","PROVINSI":"DKI JAKARTA","ID_KABKOT":"31.75","KABKOT":"KOTA ADM. JAKARTA TIMUR","ID_KEC":"31.75.04","KECAMATAN":"KRAMATJATI","ID_DESA":"31.75.04.1005","DESA":"BALEKAMBANG","LONGITUDE":106.850876599999,"LATITUDE":-6.2793402,"STATUS":"BUKA","TANGGAL UPDATE":"27/02/2025","TANGGAL PENGUMPULAN":"Q4 2023","q":27439,"r":-15119}},{"type":"Feature","geometry":{"coordinates":[106.87877140000006,-6.209865499999978],"type":"Point"},"properties":{"NAMA":"TOPOKKI KOREAN FOOD","TIPE_1":"MAKANAN DAN MINUMAN","TIPE_2":"RESTORAN","TIPE_3":"RESTORAN KOREA","TELEPON":"","ALAMAT":"JL. PISANGAN LAMA III NO.3B, RT.3/RW.11, PISANGAN TIM., KEC. PULO GADUNG, KOTA JAKARTA TIMUR, DAERAH KHUSUS IBUKOTA JAKARTA 13230","ID_PROV":"31","PROVINSI":"DKI JAKARTA","ID_KABKOT":"31.75","KABKOT":"KOTA ADM. JAKARTA TIMUR","ID_KEC":"31.75.02","KECAMATAN":"PULOGADUNG","ID_DESA":"31.75.02.1002","DESA":"PISANGAN TIMUR","LONGITUDE":106.878771399999,"LATITUDE":-6.2098655,"STATUS":"BUKA","TANGGAL UPDATE":"27/02/2025","TANGGAL PENGUMPULAN":"Q4 2023","q":27446,"r":-15107}},{"type":"Feature","geometry":{"coordinates":[106.91637730000008,-6.22117389999994],"type":"Point"},"properties":{"NAMA":"TOPOKKI BUARAN","TIPE_1":"MAKANAN DAN MINUMAN","TIPE_2":"RESTORAN","TIPE_3":"RESTORAN KOREA","TELEPON":"0878-8729-1222","ALAMAT":"JL. BUARAN RAYA, RT.4/RW.12, DUREN SAWIT, KEC. DUREN SAWIT, KOTA JAKARTA TIMUR, DAERAH KHUSUS IBUKOTA JAKARTA 13440","ID_PROV":"31","PROVINSI":"DKI JAKARTA","ID_KABKOT":"31.75","KABKOT":"KOTA ADM. JAKARTA TIMUR","ID_KEC":"31.75.07","KECAMATAN":"DUREN SAWIT","ID_DESA":"31.75.07.1003","DESA":"KLENDER","LONGITUDE":106.9163773,"LATITUDE":-6.2211739,"STATUS":"BUKA","TANGGAL UPDATE":"27/02/2025","TANGGAL PENGUMPULAN":"Q4 2023","q":27455,"r":-15114}},{"type":"Feature","geometry":{"coordinates":[106.89451940000004,-6.333352199999979],"type":"Point"},"properties":{"NAMA":"TOKPOKKI JUSEYO","TIPE_1":"MAKANAN DAN MINUMAN","TIPE_2":"RESTORAN","TIPE_3":"RESTORAN KOREA","TELEPON":"","ALAMAT":"JL. CILANGKAP BARU, RT.5/RW.3, CIPAYUNG, KEC. CIPAYUNG, KOTA JAKARTA TIMUR, DAERAH KHUSUS IBUKOTA JAKARTA 13840","ID_PROV":"31","PROVINSI":"DKI JAKARTA","ID_KABKOT":"31.75","KABKOT":"KOTA ADM. JAKARTA TIMUR","ID_KEC":"31.75.10","KECAMATAN":"CIPAYUNG","ID_DESA":"31.75.10.1001","DESA":"CIPAYUNG","LONGITUDE":106.8945194,"LATITUDE":-6.3333522,"STATUS":"BUKA","TANGGAL UPDATE":"27/02/2025","TANGGAL PENGUMPULAN":"Q4 2023","q":27450,"r":-15136}},{"type":"Feature","geometry":{"coordinates":[106.86581610000007,-6.210554499999944],"type":"Point"},"properties":{"NAMA":"SSANGJEONG KITCHEN","TIPE_1":"MAKANAN DAN MINUMAN","TIPE_2":"RESTORAN","TIPE_3":"RESTORAN KOREA","TELEPON":"0851-5675-0598","ALAMAT":"JL. PISANGAN BARU TENGAH IV NO.9, RT.7/RW.4, PISANGAN BARU, MATRAMAN, EAST JAKARTA CITY, JAKARTA 13110","ID_PROV":"31","PROVINSI":"DKI JAKARTA","ID_KABKOT":"31.75","KABKOT":"KOTA ADM. JAKARTA TIMUR","ID_KEC":"31.75.01","KECAMATAN":"MATRAMAN","ID_DESA":"31.75.01.1001","DESA":"PISANGAN BARU","LONGITUDE":106.865816099999,"LATITUDE":-6.2105545,"STATUS":"BUKA","TANGGAL UPDATE":"27/02/2025","TANGGAL PENGUMPULAN":"Q4 2023","q":27442,"r":-15105}},{"type":"Feature","geometry":{"coordinates":[106.86233440000007,-6.199154399999941],"type":"Point"},"properties":{"NAMA":"GIMKU KOREAN STREETFOOD","TIPE_1":"MAKANAN DAN MINUMAN","TIPE_2":"RESTORAN","TIPE_3":"RESTORAN KOREA","TELEPON":"","ALAMAT":"JL. KAYU MANIS TIMUR, RT.6/RW.2, UTAN KAYU UTARA, KEC. MATRAMAN, KOTA JAKARTA TIMUR, DAERAH KHUSUS IBUKOTA JAKARTA 13130","ID_PROV":"31","PROVINSI":"DKI JAKARTA","ID_KABKOT":"31.75","KABKOT":"KOTA ADM. JAKARTA TIMUR","ID_KEC":"31.75.01","KECAMATAN":"MATRAMAN","ID_DESA":"31.75.01.1003","DESA":"KAYU MANIS","LONGITUDE":106.8623344,"LATITUDE":-6.1991544,"STATUS":"BUKA","TANGGAL UPDATE":"27/02/2025","TANGGAL PENGUMPULAN":"Q4 2023","q":27442,"r":-15102}},{"type":"Feature","geometry":{"coordinates":[106.88202850000005,-6.323869299999956],"type":"Point"},"properties":{"NAMA":"TOPPOKI & TELORGULUNG KEBAGUSAN GG MAWAR PENGANTEN ALI","TIPE_1":"MAKANAN DAN MINUMAN","TIPE_2":"RESTORAN","TIPE_3":"RESTORAN KOREA","TELEPON":"0812-9392-9035","ALAMAT":"JAKARTA TIMUR, RT.13/RW.6, CIRACAS, KEC. CIRACAS, KOTA JAKARTA TIMUR, DAERAH KHUSUS IBUKOTA JAKARTA 13750","ID_PROV":"31","PROVINSI":"DKI JAKARTA","ID_KABKOT":"31.75","KABKOT":"KOTA ADM. JAKARTA TIMUR","ID_KEC":"31.75.09","KECAMATAN":"CIRACAS","ID_DESA":"31.75.09.1001","DESA":"CIRACAS","LONGITUDE":106.882028499999,"LATITUDE":-6.3238693,"STATUS":"BUKA","TANGGAL UPDATE":"27/02/2025","TANGGAL PENGUMPULAN":"Q4 2023","q":27447,"r":-15133}},{"type":"Feature","geometry":{"coordinates":[106.88740830000006,-6.196793099999979],"type":"Point"},"properties":{"NAMA":"GILDAK RAWAMANGUN","TIPE_1":"MAKANAN DAN MINUMAN","TIPE_2":"RESTORAN","TIPE_3":"RESTORAN KOREA","TELEPON":"","ALAMAT":"JL. WARU NO.14, RT.2/RW.9, RAWAMANGUN, KEC. PULO GADUNG, KOTA JAKARTA TIMUR, DAERAH KHUSUS IBUKOTA JAKARTA 13220","ID_PROV":"31","PROVINSI":"DKI JAKARTA","ID_KABKOT":"31.75","KABKOT":"KOTA ADM. JAKARTA TIMUR","ID_KEC":"31.75.02","KECAMATAN":"PULOGADUNG","ID_DESA":"31.75.02.1005","DESA":"RAWAMANGUN","LONGITUDE":106.887408299999,"LATITUDE":-6.1967931,"STATUS":"BUKA","TANGGAL UPDATE":"27/02/2025","TANGGAL PENGUMPULAN":"Q4 2023","q":27448,"r":-15105}},{"type":"Feature","geometry":{"coordinates":[106.94166150000007,-6.240152599999931],"type":"Point"},"properties":{"NAMA":"GO N GO RESTO","TIPE_1":"MAKANAN DAN MINUMAN","TIPE_2":"RESTORAN","TIPE_3":"RESTORAN KOREA","TELEPON":"0878-7393-8712","ALAMAT":"JL. H. NAMAN/KOMPLEK DKI NO.15, RT.14/RW.2, PD. KLP., KEC. DUREN SAWIT, KOTA JAKARTA TIMUR, DAERAH KHUSUS IBUKOTA JAKARTA 13450","ID_PROV":"31","PROVINSI":"DKI JAKARTA","ID_KABKOT":"31.75","KABKOT":"KOTA ADM. JAKARTA TIMUR","ID_KEC":"31.75.07","KECAMATAN":"DUREN SAWIT","ID_DESA":"31.75.07.1004","DESA":"PONDOK KELAPA","LONGITUDE":106.9416615,"LATITUDE":-6.2401526,"STATUS":"BUKA","TANGGAL UPDATE":"27/02/2025","TANGGAL PENGUMPULAN":"Q4 2023","q":27462,"r":-15121}},{"type":"Feature","geometry":{"coordinates":[106.95336740000005,-6.208542],"type":"Point"},"properties":{"NAMA":"GO GRILL KOREAN BABERQUE SNACK AND DRINK","TIPE_1":"MAKANAN DAN MINUMAN","TIPE_2":"RESTORAN","TIPE_3":"RESTORAN KOREA","TELEPON":"0857-7123-4474","ALAMAT":"JALAN RAYA, RT.10/RW.6, PULO GEBANG, KEC. CAKUNG, KOTA JAKARTA TIMUR, DAERAH KHUSUS IBUKOTA JAKARTA 13950","ID_PROV":"31","PROVINSI":"DKI JAKARTA","ID_KABKOT":"31.75","KABKOT":"KOTA ADM. JAKARTA TIMUR","ID_KEC":"31.75.06","KECAMATAN":"CAKUNG","ID_DESA":"31.75.06.1005","DESA":"PULO GEBANG","LONGITUDE":106.953367399999,"LATITUDE":-6.208542,"STATUS":"BUKA","TANGGAL UPDATE":"27/02/2025","TANGGAL PENGUMPULAN":"Q4 2023","q":27465,"r":-15116}},{"type":"Feature","geometry":{"coordinates":[106.94325010000006,-6.199015599999939],"type":"Point"},"properties":{"NAMA":"TTEOKBOKKI TOPOKKI KOREAN FOOD","TIPE_1":"MAKANAN DAN MINUMAN","TIPE_2":"RESTORAN","TIPE_3":"RESTORAN KOREA","TELEPON":"0856-8204-273","ALAMAT":"JL. KOMARUDIN LAMA NO.13, RT. 03 / 06, RT.13/RW.5, PULO GEBANG, KEC. CAKUNG, KOTA JAKARTA TIMUR, DAERAH KHUSUS IBUKOTA JAKARTA 13950","ID_PROV":"31","PROVINSI":"DKI JAKARTA","ID_KABKOT":"31.75","KABKOT":"KOTA ADM. JAKARTA TIMUR","ID_KEC":"31.75.06","KECAMATAN":"CAKUNG","ID_DESA":"31.75.06.1005","DESA":"PULO GEBANG","LONGITUDE":106.9432501,"LATITUDE":-6.1990156,"STATUS":"BUKA","TANGGAL UPDATE":"27/02/2025","TANGGAL PENGUMPULAN":"Q4 2023","q":27462,"r":-15112}},{"type":"Feature","geometry":{"coordinates":[106.95509880000009,-6.205394499999954],"type":"Point"},"properties":{"NAMA":"TTEOKBOKKI KOREAN FOOD","TIPE_1":"MAKANAN DAN MINUMAN","TIPE_2":"RESTORAN","TIPE_3":"RESTORAN KOREA","TELEPON":"0812-9668-4800","ALAMAT":"JL. RAYA PULO GEBANG NO.2, RT.14/RW.6, PULO GEBANG, KEC. CAKUNG, KOTA JAKARTA TIMUR, DAERAH KHUSUS IBUKOTA JAKARTA 13950","ID_PROV":"31","PROVINSI":"DKI JAKARTA","ID_KABKOT":"31.75","KABKOT":"KOTA ADM. JAKARTA TIMUR","ID_KEC":"31.75.06","KECAMATAN":"CAKUNG","ID_DESA":"31.75.06.1005","DESA":"PULO GEBANG","LONGITUDE":106.9550988,"LATITUDE":-6.2053945,"STATUS":"BUKA","TANGGAL UPDATE":"27/02/2025","TANGGAL PENGUMPULAN":"Q4 2023","q":27465,"r":-15115}},{"type":"Feature","geometry":{"coordinates":[106.95402110000003,-6.207138],"type":"Point"},"properties":{"NAMA":"TOPGOGI KOREAN GRILL & SUKI","TIPE_1":"MAKANAN DAN MINUMAN","TIPE_2":"RESTORAN","TIPE_3":"RESTORAN KOREA","TELEPON":"0822-4995-4965","ALAMAT":"BATAVIA KULINER, JL. RAYA PULO GEBANG, PULO GEBANG, KEC. CAKUNG, KOTA JAKARTA TIMUR, DAERAH KHUSUS IBUKOTA JAKARTA 13950","ID_PROV":"31","PROVINSI":"DKI JAKARTA","ID_KABKOT":"31.75","KABKOT":"KOTA ADM. JAKARTA TIMUR","ID_KEC":"31.75.06","KECAMATAN":"CAKUNG","ID_DESA":"31.75.06.1005","DESA":"PULO GEBANG","LONGITUDE":106.954021099999,"LATITUDE":-6.207138,"STATUS":"BUKA","TANGGAL UPDATE":"27/02/2025","TANGGAL PENGUMPULAN":"Q4 2023","q":27465,"r":-15116}},{"type":"Feature","geometry":{"coordinates":[106.88701090000006,-6.352365],"type":"Point"},"properties":{"NAMA":"TOPOKKI KUY","TIPE_1":"MAKANAN DAN MINUMAN","TIPE_2":"RESTORAN","TIPE_3":"RESTORAN KOREA","TELEPON":"0812-8792-447","ALAMAT":"JL. LAP. TEMBAK NO.B1, RT.1/RW.11, CIBUBUR, KEC. CIRACAS, KOTA JAKARTA TIMUR, DAERAH KHUSUS IBUKOTA JAKARTA 13720","ID_PROV":"31","PROVINSI":"DKI JAKARTA","ID_KABKOT":"31.75","KABKOT":"KOTA ADM. JAKARTA TIMUR","ID_KEC":"31.75.09","KECAMATAN":"CIRACAS","ID_DESA":"31.75.09.1002","DESA":"CIBUBUR","LONGITUDE":106.887010899999,"LATITUDE":-6.352365,"STATUS":"BUKA","TANGGAL UPDATE":"27/02/2025","TANGGAL PENGUMPULAN":"Q4 2023","q":27448,"r":-15140}},{"type":"Feature","geometry":{"coordinates":[106.86150190000006,-6.297068099999933],"type":"Point"},"properties":{"NAMA":"TOPOKKI KOREAN FOOD JLTENGAH CONDET","TIPE_1":"MAKANAN DAN MINUMAN","TIPE_2":"RESTORAN","TIPE_3":"RESTORAN KOREA","TELEPON":"0812-9379-3294","ALAMAT":"JL. RAYA TENGAH NO.8, RT.2/RW.12, GEDONG, KEC. PS. REBO, KOTA JAKARTA TIMUR, DAERAH KHUSUS IBUKOTA JAKARTA 13760","ID_PROV":"31","PROVINSI":"DKI JAKARTA","ID_KABKOT":"31.75","KABKOT":"KOTA ADM. JAKARTA TIMUR","ID_KEC":"31.75.05","KECAMATAN":"PASAR REBO","ID_DESA":"31.75.05.1001","DESA":"GEDONG","LONGITUDE":106.8615019,"LATITUDE":-6.2970681,"STATUS":"BUKA","TANGGAL UPDATE":"27/02/2025","TANGGAL PENGUMPULAN":"Q4 2023","q":27441,"r":-15124}},{"type":"Feature","geometry":{"coordinates":[106.86448170000006,-6.203455299999973],"type":"Point"},"properties":{"NAMA":"POSARANG KOREAN BBQ KAYU MANIS","TIPE_1":"MAKANAN DAN MINUMAN","TIPE_2":"RESTORAN","TIPE_3":"RESTORAN KOREA","TELEPON":"0877-0203-1978","ALAMAT":"JALAN KAYU MANIS TIMUR RT. 16 / RW. 13 (ROTI KUPI KAYU MANIS, RT.16/RW.13, UTAN KAYU SEL., KEC. MATRAMAN, KOTA JAKARTA TIMUR, DAERAH KHUSUS IBUKOTA JAKARTA 13120","ID_PROV":"31","PROVINSI":"DKI JAKARTA","ID_KABKOT":"31.75","KABKOT":"KOTA ADM. JAKARTA TIMUR","ID_KEC":"31.75.01","KECAMATAN":"MATRAMAN","ID_DESA":"31.75.01.1006","DESA":"UTAN KAYU SELATAN","LONGITUDE":106.8644817,"LATITUDE":-6.2034553,"STATUS":"BUKA","TANGGAL UPDATE":"27/02/2025","TANGGAL PENGUMPULAN":"Q4 2023","q":27442,"r":-15103}},{"type":"Feature","geometry":{"coordinates":[106.90633150000008,-6.199761299999977],"type":"Point"},"properties":{"NAMA":"PRINCESS MOZARELLA CORNDOG","TIPE_1":"MAKANAN DAN MINUMAN","TIPE_2":"RESTORAN","TIPE_3":"RESTORAN KOREA","TELEPON":"0815-8667-8472","ALAMAT":"JL. JATINEGARA LIO 2 RT.8/RW.4 NO.20, RT.8/RW.4, JATINEGARA, KECAMATAN JATINEGARA, KOTA JAKARTA TIMUR, DAERAH KHUSUS IBUKOTA JAKARTA 13930","ID_PROV":"31","PROVINSI":"DKI JAKARTA","ID_KABKOT":"31.75","KABKOT":"KOTA ADM. JAKARTA TIMUR","ID_KEC":"31.75.06","KECAMATAN":"CAKUNG","ID_DESA":"31.75.06.1001","DESA":"JATINEGARA","LONGITUDE":106.9063315,"LATITUDE":-6.1997613,"STATUS":"BUKA","TANGGAL UPDATE":"27/02/2025","TANGGAL PENGUMPULAN":"Q4 2023","q":27453,"r":-15108}},{"type":"Feature","geometry":{"coordinates":[106.93176430000005,-6.204628399999933],"type":"Point"},"properties":{"NAMA":"RIMAH HOTANG PENGGILINGAN","TIPE_1":"MAKANAN DAN MINUMAN","TIPE_2":"RESTORAN","TIPE_3":"RESTORAN KOREA","TELEPON":"0882-1040-5223","ALAMAT":"RT.2/RW.10, PENGGILINGAN, KEC. CAKUNG, KOTA JAKARTA TIMUR, DAERAH KHUSUS IBUKOTA JAKARTA 13940","ID_PROV":"31","PROVINSI":"DKI JAKARTA","ID_KABKOT":"31.75","KABKOT":"KOTA ADM. JAKARTA TIMUR","ID_KEC":"31.75.06","KECAMATAN":"CAKUNG","ID_DESA":"31.75.06.1003","DESA":"PENGGILINGAN","LONGITUDE":106.9317643,"LATITUDE":-6.2046284,"STATUS":"BUKA","TANGGAL UPDATE":"27/02/2025","TANGGAL PENGUMPULAN":"Q4 2023","q":27459,"r":-15112}},{"type":"Feature","geometry":{"coordinates":[106.90039560000008,-6.285399199999972],"type":"Point"},"properties":{"NAMA":"SOGOGI SHABU & GRILL PONDOK GEDE","TIPE_1":"MAKANAN DAN MINUMAN","TIPE_2":"RESTORAN","TIPE_3":"RESTORAN KOREA","TELEPON":"0821-1118-898","ALAMAT":"JL. RAYA PD. GEDE NO.12A, LUBANG BUAYA, KEC. CIPAYUNG, KOTA JAKARTA TIMUR, DAERAH KHUSUS IBUKOTA JAKARTA 13810","ID_PROV":"31","PROVINSI":"DKI JAKARTA","ID_KABKOT":"31.75","KABKOT":"KOTA ADM. JAKARTA TIMUR","ID_KEC":"31.75.10","KECAMATAN":"CIPAYUNG","ID_DESA":"31.75.10.1007","DESA":"LUBANG BUAYA","LONGITUDE":106.9003956,"LATITUDE":-6.2853992,"STATUS":"BUKA","TANGGAL UPDATE":"27/02/2025","TANGGAL PENGUMPULAN":"Q4 2023","q":27451,"r":-15126}},{"type":"Feature","geometry":{"coordinates":[106.93815920000009,-6.243792699999972],"type":"Point"},"properties":{"NAMA":"SEOUL TTEOKBOKKI K-FOOD","TIPE_1":"MAKANAN DAN MINUMAN","TIPE_2":"RESTORAN","TIPE_3":"RESTORAN KOREA","TELEPON":"","ALAMAT":"RT.8/RW.3, PONDOK KELAPA, DURENSAWIT, EAST JAKARTA CITY, JAKARTA 13450","ID_PROV":"31","PROVINSI":"DKI JAKARTA","ID_KABKOT":"31.75","KABKOT":"KOTA ADM. JAKARTA TIMUR","ID_KEC":"31.75.07","KECAMATAN":"DUREN SAWIT","ID_DESA":"31.75.07.1004","DESA":"PONDOK KELAPA","LONGITUDE":106.9381592,"LATITUDE":-6.2437927,"STATUS":"BUKA","TANGGAL UPDATE":"27/02/2025","TANGGAL PENGUMPULAN":"Q4 2023","q":27461,"r":-15122}},{"type":"Feature","geometry":{"coordinates":[106.92250580000007,-6.22031329999993],"type":"Point"},"properties":{"NAMA":"SOGOGI SHABU & GRILL BUARAN","TIPE_1":"MAKANAN DAN MINUMAN","TIPE_2":"RESTORAN","TIPE_3":"RESTORAN KOREA","TELEPON":"(021) 29195053","ALAMAT":"SAMPING BAKS COFFEE, JL. BUARAN RAYA NO.104-108, DUREN SAWIT, DURENSAWIT, EAST JAKARTA CITY, JAKARTA 13470","ID_PROV":"31","PROVINSI":"DKI JAKARTA","ID_KABKOT":"31.75","KABKOT":"KOTA ADM. JAKARTA TIMUR","ID_KEC":"31.75.07","KECAMATAN":"DUREN SAWIT","ID_DESA":"31.75.07.1003","DESA":"KLENDER","LONGITUDE":106.9225058,"LATITUDE":-6.2203133,"STATUS":"BUKA","TANGGAL UPDATE":"27/02/2025","TANGGAL PENGUMPULAN":"Q4 2023","q":27457,"r":-15115}},{"type":"Feature","geometry":{"coordinates":[106.87235110000006,-6.211366399999974],"type":"Point"},"properties":{"NAMA":"SATE DAEBAK KOREAN FOOD","TIPE_1":"MAKANAN DAN MINUMAN","TIPE_2":"RESTORAN","TIPE_3":"RESTORAN KOREA","TELEPON":"","ALAMAT":"JL. PISANGAN BARU TENGAH NO.3, RT.10/RW.14, PISANGAN BARU, KEC. MATRAMAN, KOTA JAKARTA TIMUR, DAERAH KHUSUS IBUKOTA JAKARTA 13110","ID_PROV":"31","PROVINSI":"DKI JAKARTA","ID_KABKOT":"31.75","KABKOT":"KOTA ADM. JAKARTA TIMUR","ID_KEC":"31.75.01","KECAMATAN":"MATRAMAN","ID_DESA":"31.75.01.1001","DESA":"PISANGAN BARU","LONGITUDE":106.872351099999,"LATITUDE":-6.2113664,"STATUS":"BUKA","TANGGAL UPDATE":"27/02/2025","TANGGAL PENGUMPULAN":"Q4 2023","q":27444,"r":-15106}},{"type":"Feature","geometry":{"coordinates":[106.90434330000005,-6.354367199999957],"type":"Point"},"properties":{"NAMA":"BURGER Z HOTDOG","TIPE_1":"MAKANAN DAN MINUMAN","TIPE_2":"RESTORAN","TIPE_3":"CEPAT SAJI","TELEPON":"(021) 84302503","ALAMAT":"JL. ASRI III NO.5, RT.5/RW.5, PD. RANGGON, KEC. CIPAYUNG, KOTA JAKARTA TIMUR, DAERAH KHUSUS IBUKOTA JAKARTA 13850","ID_PROV":"31","PROVINSI":"DKI JAKARTA","ID_KABKOT":"31.75","KABKOT":"KOTA ADM. JAKARTA TIMUR","ID_KEC":"31.75.10","KECAMATAN":"CIPAYUNG","ID_DESA":"31.75.10.1003","DESA":"PONDOK RANGGON","LONGITUDE":106.9043433,"LATITUDE":-6.3543672,"STATUS":"BUKA","TANGGAL UPDATE":"27/02/2025","TANGGAL PENGUMPULAN":"Q4 2023","q":27452,"r":-15142}},{"type":"Feature","geometry":{"coordinates":[106.90895740000008,-6.343396299999943],"type":"Point"},"properties":{"NAMA":"BURGER BAKAR SI ENTONK","TIPE_1":"MAKANAN DAN MINUMAN","TIPE_2":"RESTORAN","TIPE_3":"CEPAT SAJI","TELEPON":"0896-2359-1110","ALAMAT":"JL. CILANGKAP BARU, RT.4/RW.1, CILANGKAP, KEC. CIPAYUNG, KOTA JAKARTA TIMUR, DAERAH KHUSUS IBUKOTA JAKARTA 13870","ID_PROV":"31","PROVINSI":"DKI JAKARTA","ID_KABKOT":"31.75","KABKOT":"KOTA ADM. JAKARTA TIMUR","ID_KEC":"31.75.10","KECAMATAN":"CIPAYUNG","ID_DESA":"31.75.10.1002","DESA":"CILANGKAP","LONGITUDE":106.9089574,"LATITUDE":-6.3433963,"STATUS":"BUKA","TANGGAL UPDATE":"27/02/2025","TANGGAL PENGUMPULAN":"Q4 2023","q":27454,"r":-15140}},{"type":"Feature","geometry":{"coordinates":[106.91307950000004,-6.342821],"type":"Point"},"properties":{"NAMA":"JAJANAN NDABUN","TIPE_1":"MAKANAN DAN MINUMAN","TIPE_2":"RESTORAN","TIPE_3":"JAJANAN","TELEPON":"0813-8583-8850","ALAMAT":"JL. JINAN II NO.27, RT.11/RW.6, PONDOK RANGGON, CIPAYUNG, EAST JAKARTA CITY, JAKARTA 13860","ID_PROV":"31","PROVINSI":"DKI JAKARTA","ID_KABKOT":"31.75","KABKOT":"KOTA ADM. JAKARTA TIMUR","ID_KEC":"31.75.10","KECAMATAN":"CIPAYUNG","ID_DESA":"31.75.10.1003","DESA":"PONDOK RANGGON","LONGITUDE":106.9130795,"LATITUDE":-6.342821,"STATUS":"BUKA","TANGGAL UPDATE":"27/02/2025","TANGGAL PENGUMPULAN":"Q4 2023","q":27455,"r":-15141}},{"type":"Feature","geometry":{"coordinates":[106.91495950000007,-6.308979599999923],"type":"Point"},"properties":{"NAMA":"ASSYIIK RESTO SETU CIPAYUNG","TIPE_1":"MAKANAN DAN MINUMAN","TIPE_2":"RESTORAN","TIPE_3":"KAFE DAN RESTO","TELEPON":"(021) 85525584","ALAMAT":"JL. SETU CIPAYUNG TIMUR, RT.5/RW.1, SETU, KEC. CIPAYUNG, KOTA JAKARTA TIMUR, DAERAH KHUSUS IBUKOTA JAKARTA 13880","ID_PROV":"31","PROVINSI":"DKI JAKARTA","ID_KABKOT":"31.75","KABKOT":"KOTA ADM. JAKARTA TIMUR","ID_KEC":"31.75.10","KECAMATAN":"CIPAYUNG","ID_DESA":"31.75.10.1005","DESA":"SETU","LONGITUDE":106.9149595,"LATITUDE":-6.3089796,"STATUS":"BUKA","TANGGAL UPDATE":"27/02/2025","TANGGAL PENGUMPULAN":"Q4 2023","q":27455,"r":-15133}},{"type":"Feature","geometry":{"coordinates":[106.86240110000006,-6.34236],"type":"Point"},"properties":{"NAMA":"OVERGERID","TIPE_1":"MAKANAN DAN MINUMAN","TIPE_2":"RESTORAN","TIPE_3":"CEPAT SAJI","TELEPON":"0812-2003-4074","ALAMAT":"JALAN MADRASAH V NO.15, PEKAYON, KEC. PS. REBO, KOTA JAKARTA TIMUR, DAERAH KHUSUS IBUKOTA JAKARTA 13710","ID_PROV":"31","PROVINSI":"DKI JAKARTA","ID_KABKOT":"31.75","KABKOT":"KOTA ADM. JAKARTA TIMUR","ID_KEC":"31.75.05","KECAMATAN":"PASAR REBO","ID_DESA":"31.75.05.1005","DESA":"PEKAYON","LONGITUDE":106.8624011,"LATITUDE":-6.34236,"STATUS":"BUKA","TANGGAL UPDATE":"27/02/2025","TANGGAL PENGUMPULAN":"Q4 2023","q":27442,"r":-15134}},{"type":"Feature","geometry":{"coordinates":[106.88483740000004,-6.31308119999994],"type":"Point"},"properties":{"NAMA":"MIRZA KEBAB&BURGER","TIPE_1":"MAKANAN DAN MINUMAN","TIPE_2":"RESTORAN","TIPE_3":"CEPAT SAJI","TELEPON":"","ALAMAT":"JL. BUNGUR NO.16, RT.16/RW.6, RAMBUTAN, KEC. CIRACAS, KOTA JAKARTA TIMUR, DAERAH KHUSUS IBUKOTA JAKARTA 13830","ID_PROV":"31","PROVINSI":"DKI JAKARTA","ID_KABKOT":"31.75","KABKOT":"KOTA ADM. JAKARTA TIMUR","ID_KEC":"31.75.09","KECAMATAN":"CIRACAS","ID_DESA":"31.75.09.1005","DESA":"RAMBUTAN","LONGITUDE":106.8848374,"LATITUDE":-6.3130812,"STATUS":"BUKA","TANGGAL UPDATE":"27/02/2025","TANGGAL PENGUMPULAN":"Q4 2023","q":27447,"r":-15130}},{"type":"Feature","geometry":{"coordinates":[106.85541890000007,-6.324478699999922],"type":"Point"},"properties":{"NAMA":"BURGER ASAP CIJANTUNG","TIPE_1":"MAKANAN DAN MINUMAN","TIPE_2":"RESTORAN","TIPE_3":"CEPAT SAJI","TELEPON":"","ALAMAT":"JL. KAMBOJA NO.RT. 07, RT.7/RW.3, CIJANTUNG, KEC. PS. REBO, KOTA JAKARTA TIMUR, DAERAH KHUSUS IBUKOTA JAKARTA 13770","ID_PROV":"31","PROVINSI":"DKI JAKARTA","ID_KABKOT":"31.75","KABKOT":"KOTA ADM. JAKARTA TIMUR","ID_KEC":"31.75.05","KECAMATAN":"PASAR REBO","ID_DESA":"31.75.05.1003","DESA":"CIJANTUNG","LONGITUDE":106.8554189,"LATITUDE":-6.3244787,"STATUS":"BUKA","TANGGAL UPDATE":"27/02/2025","TANGGAL PENGUMPULAN":"Q4 2023","q":27440,"r":-15129}},{"type":"Feature","geometry":{"coordinates":[106.85890220000005,-6.307585199999955],"type":"Point"},"properties":{"NAMA":"MELTED CHEESE BURGER CIJANTUNG","TIPE_1":"MAKANAN DAN MINUMAN","TIPE_2":"RESTORAN","TIPE_3":"CEPAT SAJI","TELEPON":"0813-8270-5020","ALAMAT":"MAHONI JL. WARU NO.4, RT.2/RW.6, GEDONG, KEC PASAREBO, KOTA JAKARTA TIMUR, DAERAH KHUSUS IBUKOTA JAKARTA 13760","ID_PROV":"31","PROVINSI":"DKI JAKARTA","ID_KABKOT":"31.75","KABKOT":"KOTA ADM. JAKARTA TIMUR","ID_KEC":"31.75.05","KECAMATAN":"PASAR REBO","ID_DESA":"31.75.05.1001","DESA":"GEDONG","LONGITUDE":106.8589022,"LATITUDE":-6.3075852,"STATUS":"BUKA","TANGGAL UPDATE":"27/02/2025","TANGGAL PENGUMPULAN":"Q4 2023","q":27441,"r":-15126}},{"type":"Feature","geometry":{"coordinates":[106.85721950000004,-6.321429299999971],"type":"Point"},"properties":{"NAMA":"RUSH BURGER","TIPE_1":"MAKANAN DAN MINUMAN","TIPE_2":"RESTORAN","TIPE_3":"CEPAT SAJI","TELEPON":"0813-8407-0990","ALAMAT":"GANG NIMAN, NO. 36A RT. 11/03, DAERAH KHUSUS IBUKOTA JAKARTA 13770","ID_PROV":"31","PROVINSI":"DKI JAKARTA","ID_KABKOT":"31.75","KABKOT":"KOTA ADM. JAKARTA TIMUR","ID_KEC":"31.75.05","KECAMATAN":"PASAR REBO","ID_DESA":"31.75.05.1003","DESA":"CIJANTUNG","LONGITUDE":106.8572195,"LATITUDE":-6.3214293,"STATUS":"BUKA","TANGGAL UPDATE":"27/02/2025","TANGGAL PENGUMPULAN":"Q4 2023","q":27440,"r":-15129}},{"type":"Feature","geometry":{"coordinates":[106.88584970000005,-6.347472299999934],"type":"Point"},"properties":{"NAMA":"TAMBUNAN MART & BURGER BAHAGIA","TIPE_1":"MAKANAN DAN MINUMAN","TIPE_2":"RESTORAN","TIPE_3":"CEPAT SAJI","TELEPON":"0812-7294-9434","ALAMAT":"JL. RAYA KLP. DUA WETAN NO.1B, RT.2/RW.1, KLP. DUA WETAN, KEC. CIRACAS, KOTA JAKARTA TIMUR, DAERAH KHUSUS IBUKOTA JAKARTA 13730","ID_PROV":"31","PROVINSI":"DKI JAKARTA","ID_KABKOT":"31.75","KABKOT":"KOTA ADM. JAKARTA TIMUR","ID_KEC":"31.75.09","KECAMATAN":"CIRACAS","ID_DESA":"31.75.09.1003","DESA":"KELAPA DUA WETAN","LONGITUDE":106.8858497,"LATITUDE":-6.3474723,"STATUS":"BUKA","TANGGAL UPDATE":"27/02/2025","TANGGAL PENGUMPULAN":"Q4 2023","q":27448,"r":-15138}},{"type":"Feature","geometry":{"coordinates":[106.89177920000009,-6.336014399999952],"type":"Point"},"properties":{"NAMA":"BURGER NGALONG","TIPE_1":"MAKANAN DAN MINUMAN","TIPE_2":"RESTORAN","TIPE_3":"CEPAT SAJI","TELEPON":"","ALAMAT":"RT.3/RW.1, CIPAYUNG, KEC. CIPAYUNG, KOTA JAKARTA TIMUR, DAERAH KHUSUS IBUKOTA JAKARTA 13840","ID_PROV":"31","PROVINSI":"DKI JAKARTA","ID_KABKOT":"31.75","KABKOT":"KOTA ADM. JAKARTA TIMUR","ID_KEC":"31.75.10","KECAMATAN":"CIPAYUNG","ID_DESA":"31.75.10.1001","DESA":"CIPAYUNG","LONGITUDE":106.8917792,"LATITUDE":-6.3360144,"STATUS":"BUKA","TANGGAL UPDATE":"27/02/2025","TANGGAL PENGUMPULAN":"Q4 2023","q":27449,"r":-15137}},{"type":"Feature","geometry":{"coordinates":[106.85729850000007,-6.303040699999937],"type":"Point"},"properties":{"NAMA":"HAPPY HOURS BURGER & COFFEE","TIPE_1":"MAKANAN DAN MINUMAN","TIPE_2":"RESTORAN","TIPE_3":"CEPAT SAJI","TELEPON":"0878-3937-8910","ALAMAT":"JL. TB SIMATUPANG NO.57, RT.13/RW.5, RAMBUTAN, KEC. CIRACAS, KOTA JAKARTA TIMUR, DAERAH KHUSUS IBUKOTA JAKARTA 13830","ID_PROV":"31","PROVINSI":"DKI JAKARTA","ID_KABKOT":"31.75","KABKOT":"KOTA ADM. JAKARTA TIMUR","ID_KEC":"31.75.05","KECAMATAN":"PASAR REBO","ID_DESA":"31.75.05.1001","DESA":"GEDONG","LONGITUDE":106.8572985,"LATITUDE":-6.3030407,"STATUS":"BUKA","TANGGAL UPDATE":"27/02/2025","TANGGAL PENGUMPULAN":"Q4 2023","q":27440,"r":-15125}},{"type":"Feature","geometry":{"coordinates":[106.85347640000005,-6.323427099999953],"type":"Point"},"properties":{"NAMA":"BURGER BOTONG","TIPE_1":"MAKANAN DAN MINUMAN","TIPE_2":"RESTORAN","TIPE_3":"CEPAT SAJI","TELEPON":"","ALAMAT":"JL. KAMBOJA NO.DALAM, RT.7/RW.2, CIJANTUNG, KEC. PS. REBO, KOTA JAKARTA TIMUR, DAERAH KHUSUS IBUKOTA JAKARTA 13770","ID_PROV":"31","PROVINSI":"DKI JAKARTA","ID_KABKOT":"31.75","KABKOT":"KOTA ADM. JAKARTA TIMUR","ID_KEC":"31.75.05","KECAMATAN":"PASAR REBO","ID_DESA":"31.75.05.1003","DESA":"CIJANTUNG","LONGITUDE":106.8534764,"LATITUDE":-6.3234271,"STATUS":"BUKA","TANGGAL UPDATE":"27/02/2025","TANGGAL PENGUMPULAN":"Q4 2023","q":27439,"r":-15129}},{"type":"Feature","geometry":{"coordinates":[106.87587790000003,-6.349378899999972],"type":"Point"},"properties":{"NAMA":"DZIYA BURGER & CILOK","TIPE_1":"MAKANAN DAN MINUMAN","TIPE_2":"RESTORAN","TIPE_3":"CEPAT SAJI","TELEPON":"0812-9086-1853","ALAMAT":"JL. CIBUBUR II NO.27-35, RT.4/RW.2, CIBUBUR, KEC. CIRACAS, KOTA JAKARTA TIMUR, DAERAH KHUSUS IBUKOTA JAKARTA 13720","ID_PROV":"31","PROVINSI":"DKI JAKARTA","ID_KABKOT":"31.75","KABKOT":"KOTA ADM. JAKARTA TIMUR","ID_KEC":"31.75.09","KECAMATAN":"CIRACAS","ID_DESA":"31.75.09.1002","DESA":"CIBUBUR","LONGITUDE":106.8758779,"LATITUDE":-6.3493789,"STATUS":"BUKA","TANGGAL UPDATE":"27/02/2025","TANGGAL PENGUMPULAN":"Q4 2023","q":27445,"r":-15137}},{"type":"Feature","geometry":{"coordinates":[106.88105850000005,-6.357522099999933],"type":"Point"},"properties":{"NAMA":"START UP UFO BURGER","TIPE_1":"MAKANAN DAN MINUMAN","TIPE_2":"RESTORAN","TIPE_3":"CEPAT SAJI","TELEPON":"","ALAMAT":"JL. TARUNA JAYA, RT.1/RW.9, CIBUBUR, KEC. CIRACAS, KOTA JAKARTA TIMUR, DAERAH KHUSUS IBUKOTA JAKARTA 13720","ID_PROV":"31","PROVINSI":"DKI JAKARTA","ID_KABKOT":"31.75","KABKOT":"KOTA ADM. JAKARTA TIMUR","ID_KEC":"31.75.09","KECAMATAN":"CIRACAS","ID_DESA":"31.75.09.1002","DESA":"CIBUBUR","LONGITUDE":106.8810585,"LATITUDE":-6.3575221,"STATUS":"BUKA","TANGGAL UPDATE":"27/02/2025","TANGGAL PENGUMPULAN":"Q4 2023","q":27446,"r":-15140}},{"type":"Feature","geometry":{"coordinates":[106.86877940000005,-6.329712899999945],"type":"Point"},"properties":{"NAMA":"BURGER PANGGANG HOLIC","TIPE_1":"MAKANAN DAN MINUMAN","TIPE_2":"RESTORAN","TIPE_3":"CEPAT SAJI","TELEPON":"0857-1891-3524","ALAMAT":"GG. NUSA INDAH, RT.7/RW.8, CIRACAS, KEC. CIRACAS, KOTA JAKARTA TIMUR, DAERAH KHUSUS IBUKOTA JAKARTA 13750","ID_PROV":"31","PROVINSI":"DKI JAKARTA","ID_KABKOT":"31.75","KABKOT":"KOTA ADM. JAKARTA TIMUR","ID_KEC":"31.75.09","KECAMATAN":"CIRACAS","ID_DESA":"31.75.09.1001","DESA":"CIRACAS","LONGITUDE":106.8687794,"LATITUDE":-6.3297129,"STATUS":"BUKA","TANGGAL UPDATE":"27/02/2025","TANGGAL PENGUMPULAN":"Q4 2023","q":27443,"r":-15132}},{"type":"Feature","geometry":{"coordinates":[106.89601590000007,-6.342017799999947],"type":"Point"},"properties":{"NAMA":"MAKANBURGER MUNJUL","TIPE_1":"MAKANAN DAN MINUMAN","TIPE_2":"RESTORAN","TIPE_3":"CEPAT SAJI","TELEPON":"0813-4276-4698","ALAMAT":"JALAN JAMBU MALAKA NO. 56 RT 03 RW 08, MUNJUL, CIPAYUNG 13850, RT.2/RW.4, CILANGKAP, KEC. CIPAYUNG, KOTA JAKARTA TIMUR, DAERAH KHUSUS IBUKOTA JAKARTA 13870","ID_PROV":"31","PROVINSI":"DKI JAKARTA","ID_KABKOT":"31.75","KABKOT":"KOTA ADM. JAKARTA TIMUR","ID_KEC":"31.75.10","KECAMATAN":"CIPAYUNG","ID_DESA":"31.75.10.1004","DESA":"MUNJUL","LONGITUDE":106.8960159,"LATITUDE":-6.3420178,"STATUS":"BUKA","TANGGAL UPDATE":"27/02/2025","TANGGAL PENGUMPULAN":"Q4 2023","q":27450,"r":-15138}},{"type":"Feature","geometry":{"coordinates":[106.85847030000008,-6.338502299999958],"type":"Point"},"properties":{"NAMA":"BURGER KALISARI","TIPE_1":"MAKANAN DAN MINUMAN","TIPE_2":"RESTORAN","TIPE_3":"CEPAT SAJI","TELEPON":"0838-7554-8915","ALAMAT":"JL.KALISARI RAYA NO.5 RT 6 RW 2 KEL.KALISARI KEC.PASAR, RT.4/RW.1, REBO, JAKARTA, KOTA JAKARTA TIMUR, DAERAH KHUSUS IBUKOTA JAKARTA 17930","ID_PROV":"31","PROVINSI":"DKI JAKARTA","ID_KABKOT":"31.75","KABKOT":"KOTA ADM. JAKARTA TIMUR","ID_KEC":"31.75.05","KECAMATAN":"PASAR REBO","ID_DESA":"31.75.05.1004","DESA":"KALISARI","LONGITUDE":106.8584703,"LATITUDE":-6.3385023,"STATUS":"BUKA","TANGGAL UPDATE":"27/02/2025","TANGGAL PENGUMPULAN":"Q4 2023","q":27441,"r":-15133}},{"type":"Feature","geometry":{"coordinates":[106.85206,-6.325858099999951],"type":"Point"},"properties":{"NAMA":"STAND FOOD KUY BURGERS GONGSENG RAYA","TIPE_1":"MAKANAN DAN MINUMAN","TIPE_2":"RESTORAN","TIPE_3":"CEPAT SAJI","TELEPON":"","ALAMAT":"JL. GONGSENG RAYA NO.2, RT.4/RW.9, BARU, KEC. PS. REBO, KOTA JAKARTA TIMUR, DAERAH KHUSUS IBUKOTA JAKARTA 13780","ID_PROV":"31","PROVINSI":"DKI JAKARTA","ID_KABKOT":"31.75","KABKOT":"KOTA ADM. JAKARTA TIMUR","ID_KEC":"31.75.05","KECAMATAN":"PASAR REBO","ID_DESA":"31.75.05.1002","DESA":"BARU","LONGITUDE":106.85206,"LATITUDE":-6.3258581,"STATUS":"BUKA","TANGGAL UPDATE":"27/02/2025","TANGGAL PENGUMPULAN":"Q4 2023","q":27439,"r":-15129}},{"type":"Feature","geometry":{"coordinates":[106.87772010000003,-6.350787499999966],"type":"Point"},"properties":{"NAMA":"BURGER PANGGANG HOLIC CIBUBUR","TIPE_1":"MAKANAN DAN MINUMAN","TIPE_2":"RESTORAN","TIPE_3":"CEPAT SAJI","TELEPON":"0819-0588-225","ALAMAT":"JL. LAP. TEMBAK NO.RT. 10, RT.5/RW.2, CIBUBUR, KEC. CIRACAS, KOTA JAKARTA TIMUR, DAERAH KHUSUS IBUKOTA JAKARTA 13720","ID_PROV":"31","PROVINSI":"DKI JAKARTA","ID_KABKOT":"31.75","KABKOT":"KOTA ADM. JAKARTA TIMUR","ID_KEC":"31.75.09","KECAMATAN":"CIRACAS","ID_DESA":"31.75.09.1002","DESA":"CIBUBUR","LONGITUDE":106.8777201,"LATITUDE":-6.3507875,"STATUS":"BUKA","TANGGAL UPDATE":"27/02/2025","TANGGAL PENGUMPULAN":"Q4 2023","q":27446,"r":-15138}},{"type":"Feature","geometry":{"coordinates":[106.85223580000007,-6.329773299999937],"type":"Point"},"properties":{"NAMA":"BURGER PANGGANG HOLIC KALISARI","TIPE_1":"MAKANAN DAN MINUMAN","TIPE_2":"RESTORAN","TIPE_3":"CEPAT SAJI","TELEPON":"0816-877-991","ALAMAT":"JL. H. HASAN NO.33, RT.1/RW.10, BARU, KEC. PS. REBO, KOTA JAKARTA TIMUR, DAERAH KHUSUS IBUKOTA JAKARTA 13780","ID_PROV":"31","PROVINSI":"DKI JAKARTA","ID_KABKOT":"31.75","KABKOT":"KOTA ADM. JAKARTA TIMUR","ID_KEC":"31.75.05","KECAMATAN":"PASAR REBO","ID_DESA":"31.75.05.1002","DESA":"BARU","LONGITUDE":106.8522358,"LATITUDE":-6.3297733,"STATUS":"BUKA","TANGGAL UPDATE":"27/02/2025","TANGGAL PENGUMPULAN":"Q4 2023","q":27439,"r":-15130}},{"type":"Feature","geometry":{"coordinates":[106.86539970000007,-6.321009599999972],"type":"Point"},"properties":{"NAMA":"BURGER UNCH","TIPE_1":"MAKANAN DAN MINUMAN","TIPE_2":"RESTORAN","TIPE_3":"CEPAT SAJI","TELEPON":"","ALAMAT":"SPBU, JL. RAYA JAKARTA-BOGOR, RT.3/RW.7, SUSUKAN, KEC. CIRACAS, KOTA JAKARTA TIMUR, DAERAH KHUSUS IBUKOTA JAKARTA 13750","ID_PROV":"31","PROVINSI":"DKI JAKARTA","ID_KABKOT":"31.75","KABKOT":"KOTA ADM. JAKARTA TIMUR","ID_KEC":"31.75.09","KECAMATAN":"CIRACAS","ID_DESA":"31.75.09.1004","DESA":"SUSUKAN","LONGITUDE":106.8653997,"LATITUDE":-6.3210096,"STATUS":"BUKA","TANGGAL UPDATE":"27/02/2025","TANGGAL PENGUMPULAN":"Q4 2023","q":27442,"r":-15130}},{"type":"Feature","geometry":{"coordinates":[106.88409940000008,-6.315493899999978],"type":"Point"},"properties":{"NAMA":"EBOY BURGER","TIPE_1":"MAKANAN DAN MINUMAN","TIPE_2":"RESTORAN","TIPE_3":"CEPAT SAJI","TELEPON":"0858-8315-9956","ALAMAT":"JL. BUNGUR NO.11B, RT.10/RW.6, RAMBUTAN, KEC. CIRACAS, KOTA JAKARTA TIMUR, DAERAH KHUSUS IBUKOTA JAKARTA 13830","ID_PROV":"31","PROVINSI":"DKI JAKARTA","ID_KABKOT":"31.75","KABKOT":"KOTA ADM. JAKARTA TIMUR","ID_KEC":"31.75.09","KECAMATAN":"CIRACAS","ID_DESA":"31.75.09.1005","DESA":"RAMBUTAN","LONGITUDE":106.8840994,"LATITUDE":-6.3154939,"STATUS":"BUKA","TANGGAL UPDATE":"27/02/2025","TANGGAL PENGUMPULAN":"Q4 2023","q":27447,"r":-15131}},{"type":"Feature","geometry":{"coordinates":[106.85980810000007,-6.321043099999933],"type":"Point"},"properties":{"NAMA":"WYN'S BURGER","TIPE_1":"MAKANAN DAN MINUMAN","TIPE_2":"RESTORAN","TIPE_3":"CEPAT SAJI","TELEPON":"0877-8441-6686","ALAMAT":"JL. BULAK INDAH III NO. 63, RT.2/RW.6, CIJANTUNG, KEC. PS. REBO, DAERAH KHUSUS IBUKOTA JAKARTA 13770","ID_PROV":"31","PROVINSI":"DKI JAKARTA","ID_KABKOT":"31.75","KABKOT":"KOTA ADM. JAKARTA TIMUR","ID_KEC":"31.75.05","KECAMATAN":"PASAR REBO","ID_DESA":"31.75.05.1003","DESA":"CIJANTUNG","LONGITUDE":106.8598081,"LATITUDE":-6.3210431,"STATUS":"BUKA","TANGGAL UPDATE":"27/02/2025","TANGGAL PENGUMPULAN":"Q4 2023","q":27441,"r":-15129}},{"type":"Feature","geometry":{"coordinates":[106.8920583000001,-6.316339299999985],"type":"Point"},"properties":{"NAMA":"MAKANBURGER CIPAYUNG","TIPE_1":"MAKANAN DAN MINUMAN","TIPE_2":"RESTORAN","TIPE_3":"CEPAT SAJI","TELEPON":"","ALAMAT":"FOODCOURT CEMAL CEMIL (MAKANBURGER, DEPAN SEKOLAH KOREA, JL. BINA MARGA NO.83, RT.5/RW.08, CEGER, KEC. CIPAYUNG, DAERAH KHUSUS IBUKOTA JAKARTA 13820","ID_PROV":"31","PROVINSI":"DKI JAKARTA","ID_KABKOT":"31.75","KABKOT":"KOTA ADM. JAKARTA TIMUR","ID_KEC":"31.75.10","KECAMATAN":"CIPAYUNG","ID_DESA":"31.75.10.1008","DESA":"CEGER","LONGITUDE":106.8920583,"LATITUDE":-6.3163393,"STATUS":"BUKA","TANGGAL UPDATE":"27/02/2025","TANGGAL PENGUMPULAN":"Q4 2023","q":27449,"r":-15132}},{"type":"Feature","geometry":{"coordinates":[106.906586,-6.314139199999945],"type":"Point"},"properties":{"NAMA":"SALAM RESTO & CAFE","TIPE_1":"MAKANAN DAN MINUMAN","TIPE_2":"RESTORAN","TIPE_3":"KAFE DAN RESTO","TELEPON":"0818-767-657","ALAMAT":"JL. RAYA MABES HANKAM NO.53, RT.9/RW.3, SETU, KEC. CIPAYUNG, KOTA JAKARTA TIMUR, DAERAH KHUSUS IBUKOTA JAKARTA 13880","ID_PROV":"31","PROVINSI":"DKI JAKARTA","ID_KABKOT":"31.75","KABKOT":"KOTA ADM. JAKARTA TIMUR","ID_KEC":"31.75.10","KECAMATAN":"CIPAYUNG","ID_DESA":"31.75.10.1005","DESA":"SETU","LONGITUDE":106.906586,"LATITUDE":-6.3141392,"STATUS":"BUKA","TANGGAL UPDATE":"27/02/2025","TANGGAL PENGUMPULAN":"Q4 2023","q":27453,"r":-15134}},{"type":"Feature","geometry":{"coordinates":[106.892538,-6.332894],"type":"Point"},"properties":{"NAMA":"FAKE BURGER CIPAYUNG","TIPE_1":"MAKANAN DAN MINUMAN","TIPE_2":"RESTORAN","TIPE_3":"CEPAT SAJI","TELEPON":"0812-9354-4014","ALAMAT":"JL. CIPAYUNG RAYA NO.62, RT.2/RW.2, CIPAYUNG, KEC. CIPAYUNG, KOTA JAKARTA TIMUR, DAERAH KHUSUS IBUKOTA JAKARTA 13840","ID_PROV":"31","PROVINSI":"DKI JAKARTA","ID_KABKOT":"31.75","KABKOT":"KOTA ADM. JAKARTA TIMUR","ID_KEC":"31.75.10","KECAMATAN":"CIPAYUNG","ID_DESA":"31.75.10.1001","DESA":"CIPAYUNG","LONGITUDE":106.892538,"LATITUDE":-6.332894,"STATUS":"BUKA","TANGGAL UPDATE":"27/02/2025","TANGGAL PENGUMPULAN":"Q4 2023","q":27449,"r":-15136}},{"type":"Feature","geometry":{"coordinates":[106.88143880000008,-6.174955799999957],"type":"Point"},"properties":{"NAMA":"BURGER ROAD PULO MAS","TIPE_1":"MAKANAN DAN MINUMAN","TIPE_2":"RESTORAN","TIPE_3":"CEPAT SAJI","TELEPON":"0811-9931-170","ALAMAT":"PUJASERA QTA, 10, JL. PULO MAS BARAT V NO.45, RT.10/RW.12, KAYU PUTIH, KEC. PULO GADUNG, KOTA JAKARTA TIMUR, DAERAH KHUSUS IBUKOTA JAKARTA 13210","ID_PROV":"31","PROVINSI":"DKI JAKARTA","ID_KABKOT":"31.75","KABKOT":"KOTA ADM. JAKARTA TIMUR","ID_KEC":"31.75.02","KECAMATAN":"PULOGADUNG","ID_DESA":"31.75.02.1006","DESA":"KAYU PUTIH","LONGITUDE":106.8814388,"LATITUDE":-6.1749558,"STATUS":"BUKA","TANGGAL UPDATE":"27/02/2025","TANGGAL PENGUMPULAN":"Q4 2023","q":27446,"r":-15099}},{"type":"Feature","geometry":{"coordinates":[106.912791,-6.342645899999984],"type":"Point"},"properties":{"NAMA":"CHICKEN BURGER RESTO","TIPE_1":"MAKANAN DAN MINUMAN","TIPE_2":"RESTORAN","TIPE_3":"CEPAT SAJI","TELEPON":"","ALAMAT":"JL. WARGA NO.49 9 6, RT.11/RW.6, PD. RANGGON, KEC. CIPAYUNG, KOTA JAKARTA TIMUR, DAERAH KHUSUS IBUKOTA JAKARTA 13860","ID_PROV":"31","PROVINSI":"DKI JAKARTA","ID_KABKOT":"31.75","KABKOT":"KOTA ADM. JAKARTA TIMUR","ID_KEC":"31.75.10","KECAMATAN":"CIPAYUNG","ID_DESA":"31.75.10.1003","DESA":"PONDOK RANGGON","LONGITUDE":106.912791,"LATITUDE":-6.3426459,"STATUS":"BUKA","TANGGAL UPDATE":"27/02/2025","TANGGAL PENGUMPULAN":"Q4 2023","q":27455,"r":-15141}},{"type":"Feature","geometry":{"coordinates":[106.91145360000007,-6.315340299999945],"type":"Point"},"properties":{"NAMA":"AEKO BURGER & KEBAB","TIPE_1":"MAKANAN DAN MINUMAN","TIPE_2":"RESTORAN","TIPE_3":"CEPAT SAJI","TELEPON":"0813-1110-0821","ALAMAT":"JL. SETU CIPAYUNG NO.56, RT.10/RW.3, SETU, CIPAYUNG, EAST JAKARTA CITY, JAKARTA 13880","ID_PROV":"31","PROVINSI":"DKI JAKARTA","ID_KABKOT":"31.75","KABKOT":"KOTA ADM. JAKARTA TIMUR","ID_KEC":"31.75.10","KECAMATAN":"CIPAYUNG","ID_DESA":"31.75.10.1005","DESA":"SETU","LONGITUDE":106.9114536,"LATITUDE":-6.3153403,"STATUS":"BUKA","TANGGAL UPDATE":"27/02/2025","TANGGAL PENGUMPULAN":"Q4 2023","q":27454,"r":-15134}},{"type":"Feature","geometry":{"coordinates":[106.90043530000008,-6.347721899999949],"type":"Point"},"properties":{"NAMA":"ANISSA BURGER / KEBAB & ANEKA BAKARAN","TIPE_1":"MAKANAN DAN MINUMAN","TIPE_2":"RESTORAN","TIPE_3":"CEPAT SAJI","TELEPON":"0813-9832-6489","ALAMAT":"JL. RAYA MUNJUL, RT.6/RW.1, MUNJUL, KEC. CIPAYUNG, KOTA JAKARTA TIMUR, DAERAH KHUSUS IBUKOTA JAKARTA 13850","ID_PROV":"31","PROVINSI":"DKI JAKARTA","ID_KABKOT":"31.75","KABKOT":"KOTA ADM. JAKARTA TIMUR","ID_KEC":"31.75.10","KECAMATAN":"CIPAYUNG","ID_DESA":"31.75.10.1004","DESA":"MUNJUL","LONGITUDE":106.9004353,"LATITUDE":-6.3477219,"STATUS":"BUKA","TANGGAL UPDATE":"27/02/2025","TANGGAL PENGUMPULAN":"Q4 2023","q":27451,"r":-15140}},{"type":"Feature","geometry":{"coordinates":[106.902263,-6.351920699999941],"type":"Point"},"properties":{"NAMA":"BURGER KINGDOM","TIPE_1":"MAKANAN DAN MINUMAN","TIPE_2":"RESTORAN","TIPE_3":"CEPAT SAJI","TELEPON":"0857-8070-6777","ALAMAT":"DEPAN KAFE, JL. RAYA MUNJUL, UPSOLUTE, KEC. CIPAYUNG, KOTA JAKARTA TIMUR, DAERAH KHUSUS IBUKOTA JAKARTA 13850","ID_PROV":"31","PROVINSI":"DKI JAKARTA","ID_KABKOT":"31.75","KABKOT":"KOTA ADM. JAKARTA TIMUR","ID_KEC":"31.75.10","KECAMATAN":"CIPAYUNG","ID_DESA":"31.75.10.1002","DESA":"CILANGKAP","LONGITUDE":106.902263,"LATITUDE":-6.3519207,"STATUS":"BUKA","TANGGAL UPDATE":"27/02/2025","TANGGAL PENGUMPULAN":"Q4 2023","q":27452,"r":-15141}},{"type":"Feature","geometry":{"coordinates":[106.89206450000006,-6.332917399999936],"type":"Point"},"properties":{"NAMA":"SAY BURGER INDOMARET CIPAYUNG 2","TIPE_1":"MAKANAN DAN MINUMAN","TIPE_2":"RESTORAN","TIPE_3":"CEPAT SAJI","TELEPON":"","ALAMAT":"JL. CIPAYUNG RAYA NO.3, RT.3/RW.1, CIPAYUNG, EAST JAKARTA CITY, JAKARTA 13840","ID_PROV":"31","PROVINSI":"DKI JAKARTA","ID_KABKOT":"31.75","KABKOT":"KOTA ADM. JAKARTA TIMUR","ID_KEC":"31.75.10","KECAMATAN":"CIPAYUNG","ID_DESA":"31.75.10.1001","DESA":"CIPAYUNG","LONGITUDE":106.8920645,"LATITUDE":-6.3329174,"STATUS":"BUKA","TANGGAL UPDATE":"27/02/2025","TANGGAL PENGUMPULAN":"Q4 2023","q":27449,"r":-15136}},{"type":"Feature","geometry":{"coordinates":[106.90013320000008,-6.296244099999959],"type":"Point"},"properties":{"NAMA":"KAMPUNG BURGER TMII","TIPE_1":"MAKANAN DAN MINUMAN","TIPE_2":"RESTORAN","TIPE_3":"CEPAT SAJI","TELEPON":"0813-1845-4407","ALAMAT":"NEAR MUKTI CELL, JL. AL.BAIDHO I NO.9, RT.4/RW.6, LUBANG BUAYA, KEC. CIPAYUNG, KOTA JAKARTA TIMUR, DAERAH KHUSUS IBUKOTA JAKARTA 13810","ID_PROV":"31","PROVINSI":"DKI JAKARTA","ID_KABKOT":"31.75","KABKOT":"KOTA ADM. JAKARTA TIMUR","ID_KEC":"31.75.10","KECAMATAN":"CIPAYUNG","ID_DESA":"31.75.10.1007","DESA":"LUBANG BUAYA","LONGITUDE":106.9001332,"LATITUDE":-6.2962441,"STATUS":"BUKA","TANGGAL UPDATE":"27/02/2025","TANGGAL PENGUMPULAN":"Q4 2023","q":27451,"r":-15129}},{"type":"Feature","geometry":{"coordinates":[106.89165140000006,-6.332821],"type":"Point"},"properties":{"NAMA":"CHEESE CHICKEN CIPAYUNG","TIPE_1":"MAKANAN DAN MINUMAN","TIPE_2":"RESTORAN","TIPE_3":"RESTORAN AYAM","TELEPON":"0857-2166-8551","ALAMAT":"JL. CIPAYUNG RAYA NO.10, RT.5/RW.1, CIPAYUNG, KEC. CIPAYUNG, KOTA JAKARTA TIMUR, DAERAH KHUSUS IBUKOTA JAKARTA 13840","ID_PROV":"31","PROVINSI":"DKI JAKARTA","ID_KABKOT":"31.75","KABKOT":"KOTA ADM. JAKARTA TIMUR","ID_KEC":"31.75.10","KECAMATAN":"CIPAYUNG","ID_DESA":"31.75.10.1001","DESA":"CIPAYUNG","LONGITUDE":106.8916514,"LATITUDE":-6.332821,"STATUS":"BUKA","TANGGAL UPDATE":"27/02/2025","TANGGAL PENGUMPULAN":"Q4 2023","q":27449,"r":-15136}},{"type":"Feature","geometry":{"coordinates":[106.89545620000007,-6.293655],"type":"Point"},"properties":{"NAMA":"BURGER POJOK KIRI","TIPE_1":"MAKANAN DAN MINUMAN","TIPE_2":"RESTORAN","TIPE_3":"CEPAT SAJI","TELEPON":"0813-8568-0831","ALAMAT":"6, JL. AMIL SAALIH NO.5 NO.86, RT.6/RW.5, LUBANG BUAYA, KEC. CIPAYUNG, KOTA JAKARTA TIMUR, DAERAH KHUSUS IBUKOTA JAKARTA 13810","ID_PROV":"31","PROVINSI":"DKI JAKARTA","ID_KABKOT":"31.75","KABKOT":"KOTA ADM. JAKARTA TIMUR","ID_KEC":"31.75.10","KECAMATAN":"CIPAYUNG","ID_DESA":"31.75.10.1007","DESA":"LUBANG BUAYA","LONGITUDE":106.8954562,"LATITUDE":-6.293655,"STATUS":"BUKA","TANGGAL UPDATE":"27/02/2025","TANGGAL PENGUMPULAN":"Q4 2023","q":27450,"r":-15128}},{"type":"Feature","geometry":{"coordinates":[106.88986110000008,-6.33987189999993],"type":"Point"},"properties":{"NAMA":"BURGER KING CIBUBUR SQUARE","TIPE_1":"MAKANAN DAN MINUMAN","TIPE_2":"RESTORAN","TIPE_3":"CEPAT SAJI","TELEPON":"(021) 29068267","ALAMAT":"JL. TOL JAGORAWI JL. REST AREA KM X NO.5, RT.7/RW.1, CIPAYUNG, KEC. CIPAYUNG, KOTA JAKARTA TIMUR, DAERAH KHUSUS IBUKOTA JAKARTA 13840","ID_PROV":"31","PROVINSI":"DKI JAKARTA","ID_KABKOT":"31.75","KABKOT":"KOTA ADM. JAKARTA TIMUR","ID_KEC":"31.75.10","KECAMATAN":"CIPAYUNG","ID_DESA":"31.75.10.1001","DESA":"CIPAYUNG","LONGITUDE":106.8898611,"LATITUDE":-6.3398719,"STATUS":"BUKA","TANGGAL UPDATE":"27/02/2025","TANGGAL PENGUMPULAN":"Q4 2023","q":27449,"r":-15137}},{"type":"Feature","geometry":{"coordinates":[106.89036910000004,-6.318730199999947],"type":"Point"},"properties":{"NAMA":"RASA BURGERKU","TIPE_1":"MAKANAN DAN MINUMAN","TIPE_2":"RESTORAN","TIPE_3":"CEPAT SAJI","TELEPON":"0813-1954-0808","ALAMAT":"JL. BINA MARGA NO.34, RT.7/RW.5, CIPAYUNG, KEC. CIPAYUNG, KOTA JAKARTA TIMUR, DAERAH KHUSUS IBUKOTA JAKARTA 13840","ID_PROV":"31","PROVINSI":"DKI JAKARTA","ID_KABKOT":"31.75","KABKOT":"KOTA ADM. JAKARTA TIMUR","ID_KEC":"31.75.10","KECAMATAN":"CIPAYUNG","ID_DESA":"31.75.10.1008","DESA":"CEGER","LONGITUDE":106.8903691,"LATITUDE":-6.3187302,"STATUS":"BUKA","TANGGAL UPDATE":"27/02/2025","TANGGAL PENGUMPULAN":"Q4 2023","q":27449,"r":-15132}},{"type":"Feature","geometry":{"coordinates":[106.89631370000006,-6.339849199999951],"type":"Point"},"properties":{"NAMA":"UFO BURGER CIPAYUNG","TIPE_1":"MAKANAN DAN MINUMAN","TIPE_2":"RESTORAN","TIPE_3":"CEPAT SAJI","TELEPON":"0888-1253-414","ALAMAT":"JL. BUNI NO.RT.5, CILANGKAP, KEC. CIPAYUNG, KOTA JAKARTA TIMUR, DAERAH KHUSUS IBUKOTA JAKARTA 13870","ID_PROV":"31","PROVINSI":"DKI JAKARTA","ID_KABKOT":"31.75","KABKOT":"KOTA ADM. JAKARTA TIMUR","ID_KEC":"31.75.10","KECAMATAN":"CIPAYUNG","ID_DESA":"31.75.10.1002","DESA":"CILANGKAP","LONGITUDE":106.8963137,"LATITUDE":-6.3398492,"STATUS":"BUKA","TANGGAL UPDATE":"27/02/2025","TANGGAL PENGUMPULAN":"Q4 2023","q":27450,"r":-15138}},{"type":"Feature","geometry":{"coordinates":[106.89751940000008,-6.351636099999946],"type":"Point"},"properties":{"NAMA":"TOTALLY BURN","TIPE_1":"MAKANAN DAN MINUMAN","TIPE_2":"RESTORAN","TIPE_3":"KAFE DAN RESTO","TELEPON":"0851-5892-2361","ALAMAT":"GG. H. KASIM NO.1, RT.1/RW.1, MUNJUL, CIPAYUNG, EAST JAKARTA CITY, JAKARTA 13850","ID_PROV":"31","PROVINSI":"DKI JAKARTA","ID_KABKOT":"31.75","KABKOT":"KOTA ADM. JAKARTA TIMUR","ID_KEC":"31.75.10","KECAMATAN":"CIPAYUNG","ID_DESA":"31.75.10.1004","DESA":"MUNJUL","LONGITUDE":106.8975194,"LATITUDE":-6.3516361,"STATUS":"BUKA","TANGGAL UPDATE":"27/02/2025","TANGGAL PENGUMPULAN":"Q4 2023","q":27451,"r":-15141}},{"type":"Feature","geometry":{"coordinates":[106.89795590000006,-6.35039749999992],"type":"Point"},"properties":{"NAMA":"NASYA BURGER & PIZZA 2","TIPE_1":"MAKANAN DAN MINUMAN","TIPE_2":"RESTORAN","TIPE_3":"CEPAT SAJI","TELEPON":"0857-1196-7512","ALAMAT":"JL. RAYA MUNJUL NO.1, RT.4/RW.1, MUNJUL, KEC. CIPAYUNG, KOTA JAKARTA TIMUR, DAERAH KHUSUS IBUKOTA JAKARTA 13850","ID_PROV":"31","PROVINSI":"DKI JAKARTA","ID_KABKOT":"31.75","KABKOT":"KOTA ADM. JAKARTA TIMUR","ID_KEC":"31.75.10","KECAMATAN":"CIPAYUNG","ID_DESA":"31.75.10.1004","DESA":"MUNJUL","LONGITUDE":106.8979559,"LATITUDE":-6.3503975,"STATUS":"BUKA","TANGGAL UPDATE":"27/02/2025","TANGGAL PENGUMPULAN":"Q4 2023","q":27451,"r":-15141}},{"type":"Feature","geometry":{"coordinates":[106.92732430000007,-6.227185899999934],"type":"Point"},"properties":{"NAMA":"EDAM BURGER & CAFE","TIPE_1":"MAKANAN DAN MINUMAN","TIPE_2":"RESTORAN","TIPE_3":"CEPAT SAJI","TELEPON":"(021) 8621610","ALAMAT":"JL. MALAKA RAYA NO.104, MALAKA SARI, KEC. DUREN SAWIT, KOTA JAKARTA TIMUR, DAERAH KHUSUS IBUKOTA JAKARTA 13460","ID_PROV":"31","PROVINSI":"DKI JAKARTA","ID_KABKOT":"31.75","KABKOT":"KOTA ADM. JAKARTA TIMUR","ID_KEC":"31.75.07","KECAMATAN":"DUREN SAWIT","ID_DESA":"31.75.07.1005","DESA":"MALAKA SARI","LONGITUDE":106.9273243,"LATITUDE":-6.2271859,"STATUS":"BUKA","TANGGAL UPDATE":"27/02/2025","TANGGAL PENGUMPULAN":"Q4 2023","q":27458,"r":-15117}},{"type":"Feature","geometry":{"coordinates":[106.910244,-6.24336209999995],"type":"Point"},"properties":{"NAMA":"WOODFIREJAKTIM","TIPE_1":"MAKANAN DAN MINUMAN","TIPE_2":"RESTORAN","TIPE_3":"KAFE DAN RESTO","TELEPON":"","ALAMAT":"JL. H. DOGOL, PONDOK BAMBU, DURENSAWIT, EAST JAKARTA CITY, JAKARTA 13430","ID_PROV":"31","PROVINSI":"DKI JAKARTA","ID_KABKOT":"31.75","KABKOT":"KOTA ADM. JAKARTA TIMUR","ID_KEC":"31.75.07","KECAMATAN":"DUREN SAWIT","ID_DESA":"31.75.07.1002","DESA":"PONDOK BAMBU","LONGITUDE":106.910244,"LATITUDE":-6.2433621,"STATUS":"BUKA","TANGGAL UPDATE":"27/02/2025","TANGGAL PENGUMPULAN":"Q4 2023","q":27454,"r":-15118}},{"type":"Feature","geometry":{"coordinates":[106.93791730000004,-6.217888],"type":"Point"},"properties":{"NAMA":"BAGS BURGER AND DRINK","TIPE_1":"MAKANAN DAN MINUMAN","TIPE_2":"RESTORAN","TIPE_3":"CEPAT SAJI","TELEPON":"0859-3615-2053","ALAMAT":"RUMAH SUSUN KLENDER BLOK 1 LANTAI 1 NOMOR 2, RT.8/RW.2, PD. KOPI, KEC. DUREN SAWIT, JAKARTA, DAERAH KHUSUS IBUKOTA JAKARTA 13460","ID_PROV":"31","PROVINSI":"DKI JAKARTA","ID_KABKOT":"31.75","KABKOT":"KOTA ADM. JAKARTA TIMUR","ID_KEC":"31.75.07","KECAMATAN":"DUREN SAWIT","ID_DESA":"31.75.07.1006","DESA":"MALAKA JAYA","LONGITUDE":106.9379173,"LATITUDE":-6.217888,"STATUS":"BUKA","TANGGAL UPDATE":"27/02/2025","TANGGAL PENGUMPULAN":"Q4 2023","q":27461,"r":-15116}},{"type":"Feature","geometry":{"coordinates":[106.914492,-6.245677],"type":"Point"},"properties":{"NAMA":"HITS BURGER","TIPE_1":"MAKANAN DAN MINUMAN","TIPE_2":"RESTORAN","TIPE_3":"CEPAT SAJI","TELEPON":"0811-1616-516","ALAMAT":"JL. RAWA DOMBA NO.16A, DUREN SAWIT, KEC. DUREN SAWIT, KOTA JAKARTA TIMUR, DAERAH KHUSUS IBUKOTA JAKARTA 13440","ID_PROV":"31","PROVINSI":"DKI JAKARTA","ID_KABKOT":"31.75","KABKOT":"KOTA ADM. JAKARTA TIMUR","ID_KEC":"31.75.07","KECAMATAN":"DUREN SAWIT","ID_DESA":"31.75.07.1001","DESA":"DUREN SAWIT","LONGITUDE":106.914492,"LATITUDE":-6.245677,"STATUS":"BUKA","TANGGAL UPDATE":"27/02/2025","TANGGAL PENGUMPULAN":"Q4 2023","q":27455,"r":-15119}},{"type":"Feature","geometry":{"coordinates":[106.93143,-6.221701],"type":"Point"},"properties":{"NAMA":"KEDAI FAIQ","TIPE_1":"MAKANAN DAN MINUMAN","TIPE_2":"RESTORAN","TIPE_3":"KAFE DAN RESTO","TELEPON":"0852-1739-9730","ALAMAT":"PS. PERUMNAS KLENDER, JL. TERATAI PUTIH RAYA NO.MOR 249, RT.7/RW.7, MALAKA SARI, KEC. DUREN SAWIT, KOTA JAKARTA TIMUR, DAERAH KHUSUS IBUKOTA JAKARTA 13460","ID_PROV":"31","PROVINSI":"DKI JAKARTA","ID_KABKOT":"31.75","KABKOT":"KOTA ADM. JAKARTA TIMUR","ID_KEC":"31.75.07","KECAMATAN":"DUREN SAWIT","ID_DESA":"31.75.07.1005","DESA":"MALAKA SARI","LONGITUDE":106.93143,"LATITUDE":-6.221701,"STATUS":"BUKA","TANGGAL UPDATE":"27/02/2025","TANGGAL PENGUMPULAN":"Q4 2023","q":27459,"r":-15116}},{"type":"Feature","geometry":{"coordinates":[106.89681630000007,-6.237214599999956],"type":"Point"},"properties":{"NAMA":"HAMBURGER JAYA","TIPE_1":"MAKANAN DAN MINUMAN","TIPE_2":"RESTORAN","TIPE_3":"CEPAT SAJI","TELEPON":"0812-2882-0154","ALAMAT":"JL. H. AHMAD R. NO.8, PD. BAMBU, KEC. DUREN SAWIT, KOTA JAKARTA TIMUR, DAERAH KHUSUS IBUKOTA JAKARTA 13430","ID_PROV":"31","PROVINSI":"DKI JAKARTA","ID_KABKOT":"31.75","KABKOT":"KOTA ADM. JAKARTA TIMUR","ID_KEC":"31.75.07","KECAMATAN":"DUREN SAWIT","ID_DESA":"31.75.07.1002","DESA":"PONDOK BAMBU","LONGITUDE":106.8968163,"LATITUDE":-6.2372146,"STATUS":"BUKA","TANGGAL UPDATE":"27/02/2025","TANGGAL PENGUMPULAN":"Q4 2023","q":27450,"r":-15115}},{"type":"Feature","geometry":{"coordinates":[106.91726190000009,-6.247765699999944],"type":"Point"},"properties":{"NAMA":"THE HOLY BURGER","TIPE_1":"MAKANAN DAN MINUMAN","TIPE_2":"RESTORAN","TIPE_3":"CEPAT SAJI","TELEPON":"0882-1374-7635","ALAMAT":"JL. TAMAN DUREN SAWIT NO.RT.3, RT.3/RW.16, DUREN SAWIT, KEC. DUREN SAWIT, KOTA JAKARTA TIMUR, DAERAH KHUSUS IBUKOTA JAKARTA 13440","ID_PROV":"31","PROVINSI":"DKI JAKARTA","ID_KABKOT":"31.75","KABKOT":"KOTA ADM. JAKARTA TIMUR","ID_KEC":"31.75.07","KECAMATAN":"DUREN SAWIT","ID_DESA":"31.75.07.1001","DESA":"DUREN SAWIT","LONGITUDE":106.9172619,"LATITUDE":-6.2477657,"STATUS":"BUKA","TANGGAL UPDATE":"27/02/2025","TANGGAL PENGUMPULAN":"Q4 2023","q":27456,"r":-15120}},{"type":"Feature","geometry":{"coordinates":[106.91708,-6.244798],"type":"Point"},"properties":{"NAMA":"BURGER BATOK","TIPE_1":"MAKANAN DAN MINUMAN","TIPE_2":"RESTORAN","TIPE_3":"CEPAT SAJI","TELEPON":"","ALAMAT":"JL. SWADAYA RAYA NO.22, RT.8/RW.7, PD. BAMBU, KEC. DUREN SAWIT, KOTA JAKARTA TIMUR, DAERAH KHUSUS IBUKOTA JAKARTA 13430","ID_PROV":"31","PROVINSI":"DKI JAKARTA","ID_KABKOT":"31.75","KABKOT":"KOTA ADM. JAKARTA TIMUR","ID_KEC":"31.75.07","KECAMATAN":"DUREN SAWIT","ID_DESA":"31.75.07.1001","DESA":"DUREN SAWIT","LONGITUDE":106.91708,"LATITUDE":-6.244798,"STATUS":"BUKA","TANGGAL UPDATE":"27/02/2025","TANGGAL PENGUMPULAN":"Q4 2023","q":27456,"r":-15119}},{"type":"Feature","geometry":{"coordinates":[106.91989430000007,-6.245355699999954],"type":"Point"},"properties":{"NAMA":"EDAM BURGER","TIPE_1":"MAKANAN DAN MINUMAN","TIPE_2":"RESTORAN","TIPE_3":"CEPAT SAJI","TELEPON":"","ALAMAT":"JL. RADIN INTEN II NO.231, RT.2/RW.7, KLENDER, KEC. DUREN SAWIT, KOTA JAKARTA TIMUR, DAERAH KHUSUS IBUKOTA JAKARTA 13440","ID_PROV":"31","PROVINSI":"DKI JAKARTA","ID_KABKOT":"31.75","KABKOT":"KOTA ADM. JAKARTA TIMUR","ID_KEC":"31.75.07","KECAMATAN":"DUREN SAWIT","ID_DESA":"31.75.07.1001","DESA":"DUREN SAWIT","LONGITUDE":106.9198943,"LATITUDE":-6.2453557,"STATUS":"BUKA","TANGGAL UPDATE":"27/02/2025","TANGGAL PENGUMPULAN":"Q4 2023","q":27456,"r":-15120}},{"type":"Feature","geometry":{"coordinates":[106.89800590000004,-6.230848199999962],"type":"Point"},"properties":{"NAMA":"SAY BURGER INDOMARET PAHLAWAN REVOLUSI","TIPE_1":"MAKANAN DAN MINUMAN","TIPE_2":"RESTORAN","TIPE_3":"CEPAT SAJI","TELEPON":"","ALAMAT":"JL. PAHLAWAN REVOLUSI NO.1, RT.5/RW.6, PD. BAMBU, KEC. DUREN SAWIT, KOTA JAKARTA TIMUR, DAERAH KHUSUS IBUKOTA JAKARTA 13430","ID_PROV":"31","PROVINSI":"DKI JAKARTA","ID_KABKOT":"31.75","KABKOT":"KOTA ADM. JAKARTA TIMUR","ID_KEC":"31.75.07","KECAMATAN":"DUREN SAWIT","ID_DESA":"31.75.07.1002","DESA":"PONDOK BAMBU","LONGITUDE":106.8980059,"LATITUDE":-6.2308482,"STATUS":"BUKA","TANGGAL UPDATE":"27/02/2025","TANGGAL PENGUMPULAN":"Q4 2023","q":27451,"r":-15114}},{"type":"Feature","geometry":{"coordinates":[106.94286270000003,-6.231968899999965],"type":"Point"},"properties":{"NAMA":"BURGER KINGSY","TIPE_1":"MAKANAN DAN MINUMAN","TIPE_2":"RESTORAN","TIPE_3":"CEPAT SAJI","TELEPON":"","ALAMAT":"JL. PD. KOPI RAYA NO.43, RT.2/RW.3, PD. KOPI, KEC. DUREN SAWIT, KOTA JAKARTA TIMUR, DAERAH KHUSUS IBUKOTA JAKARTA 13460","ID_PROV":"31","PROVINSI":"DKI JAKARTA","ID_KABKOT":"31.75","KABKOT":"KOTA ADM. JAKARTA TIMUR","ID_KEC":"31.75.07","KECAMATAN":"DUREN SAWIT","ID_DESA":"31.75.07.1007","DESA":"PONDOK KOPI","LONGITUDE":106.9428627,"LATITUDE":-6.2319689,"STATUS":"BUKA","TANGGAL UPDATE":"27/02/2025","TANGGAL PENGUMPULAN":"Q4 2023","q":27462,"r":-15120}},{"type":"Feature","geometry":{"coordinates":[106.94469810000004,-6.232628699999957],"type":"Point"},"properties":{"NAMA":"BURGERRY","TIPE_1":"MAKANAN DAN MINUMAN","TIPE_2":"RESTORAN","TIPE_3":"CEPAT SAJI","TELEPON":"0851-5728-3661","ALAMAT":"JL. RAWA JAYA, RT.3/RW.4, PD. KOPI, KEC. DUREN SAWIT, KOTA JAKARTA TIMUR, DAERAH KHUSUS IBUKOTA JAKARTA 13460","ID_PROV":"31","PROVINSI":"DKI JAKARTA","ID_KABKOT":"31.75","KABKOT":"KOTA ADM. JAKARTA TIMUR","ID_KEC":"31.75.07","KECAMATAN":"DUREN SAWIT","ID_DESA":"31.75.07.1007","DESA":"PONDOK KOPI","LONGITUDE":106.9446981,"LATITUDE":-6.2326287,"STATUS":"BUKA","TANGGAL UPDATE":"27/02/2025","TANGGAL PENGUMPULAN":"Q4 2023","q":27463,"r":-15120}},{"type":"Feature","geometry":{"coordinates":[106.93113250000005,-6.221609899999968],"type":"Point"},"properties":{"NAMA":"EDAM BURGER","TIPE_1":"MAKANAN DAN MINUMAN","TIPE_2":"RESTORAN","TIPE_3":"CEPAT SAJI","TELEPON":"0812-8235-9986","ALAMAT":"PS. PERUMNAS KLENDER, JL. TERATAI PUTIH RAYA NO.7, RW.7, MALAKA SARI, KEC. DUREN SAWIT, KOTA JAKARTA TIMUR, DAERAH KHUSUS IBUKOTA JAKARTA 13460","ID_PROV":"31","PROVINSI":"DKI JAKARTA","ID_KABKOT":"31.75","KABKOT":"KOTA ADM. JAKARTA TIMUR","ID_KEC":"31.75.07","KECAMATAN":"DUREN SAWIT","ID_DESA":"31.75.07.1005","DESA":"MALAKA SARI","LONGITUDE":106.9311325,"LATITUDE":-6.2216099,"STATUS":"BUKA","TANGGAL UPDATE":"27/02/2025","TANGGAL PENGUMPULAN":"Q4 2023","q":27459,"r":-15116}},{"type":"Feature","geometry":{"coordinates":[106.93144890000009,-6.247959099999948],"type":"Point"},"properties":{"NAMA":"HOLYCOW! STEAKHOUSE BY CHEF AFIT","TIPE_1":"MAKANAN DAN MINUMAN","TIPE_2":"RESTORAN","TIPE_3":"STEAK DAN BBQ","TELEPON":"0877-4659-0007","ALAMAT":"RUKO GREEN TERRACE, JL. RAYA KALIMALANG NO.1, RT.1/RW.10, PD. KLP., KEC. DUREN SAWIT, KOTA JAKARTA TIMUR, DAERAH KHUSUS IBUKOTA JAKARTA 13450","ID_PROV":"31","PROVINSI":"DKI JAKARTA","ID_KABKOT":"31.75","KABKOT":"KOTA ADM. JAKARTA TIMUR","ID_KEC":"31.75.07","KECAMATAN":"DUREN SAWIT","ID_DESA":"31.75.07.1004","DESA":"PONDOK KELAPA","LONGITUDE":106.9314489,"LATITUDE":-6.2479591,"STATUS":"BUKA","TANGGAL UPDATE":"27/02/2025","TANGGAL PENGUMPULAN":"Q4 2023","q":27459,"r":-15122}},{"type":"Feature","geometry":{"coordinates":[106.90186570000009,-6.214592],"type":"Point"},"properties":{"NAMA":"WARUNG BURGER MBUN","TIPE_1":"MAKANAN DAN MINUMAN","TIPE_2":"RESTORAN","TIPE_3":"CEPAT SAJI","TELEPON":"0856-9588-2924","ALAMAT":"KP. KAPUK 1 RT8/6 KLENDER SAMPING MUSHOLA AL MAKMUR, RT.7/RW.6, KLENDER, KEC. DUREN SAWIT, KOTA JAKARTA TIMUR, DAERAH KHUSUS IBUKOTA JAKARTA 13470","ID_PROV":"31","PROVINSI":"DKI JAKARTA","ID_KABKOT":"31.75","KABKOT":"KOTA ADM. JAKARTA TIMUR","ID_KEC":"31.75.07","KECAMATAN":"DUREN SAWIT","ID_DESA":"31.75.07.1003","DESA":"KLENDER","LONGITUDE":106.9018657,"LATITUDE":-6.214592,"STATUS":"BUKA","TANGGAL UPDATE":"27/02/2025","TANGGAL PENGUMPULAN":"Q4 2023","q":27452,"r":-15111}},{"type":"Feature","geometry":{"coordinates":[106.92815640000003,-6.247782799999917],"type":"Point"},"properties":{"NAMA":"PASCO","TIPE_1":"MAKANAN DAN MINUMAN","TIPE_2":"RESTORAN","TIPE_3":"KAFE DAN RESTO","TELEPON":"","ALAMAT":"JL. KELAPA SAWIT 7 BLOK L3 NO.11 BILLYMOON, RT.3/RW.10, PONDOK KELAPA, DURENSAWIT, EAST JAKARTA CITY, JAKARTA 13450","ID_PROV":"31","PROVINSI":"DKI JAKARTA","ID_KABKOT":"31.75","KABKOT":"KOTA ADM. JAKARTA TIMUR","ID_KEC":"31.75.07","KECAMATAN":"DUREN SAWIT","ID_DESA":"31.75.07.1004","DESA":"PONDOK KELAPA","LONGITUDE":106.9281564,"LATITUDE":-6.2477828,"STATUS":"BUKA","TANGGAL UPDATE":"27/02/2025","TANGGAL PENGUMPULAN":"Q4 2023","q":27458,"r":-15121}},{"type":"Feature","geometry":{"coordinates":[106.93842660000007,-6.23980889999995],"type":"Point"},"properties":{"NAMA":"BURGER KOMPLEK","TIPE_1":"MAKANAN DAN MINUMAN","TIPE_2":"RESTORAN","TIPE_3":"CEPAT SAJI","TELEPON":"0877-8409-3305","ALAMAT":"JL. H. DOGON KOMP. DKI NO.19, RT.11/RW.2, PD. KLP., KEC. DUREN SAWIT, KOTA JAKARTA TIMUR, DAERAH KHUSUS IBUKOTA JAKARTA 13450","ID_PROV":"31","PROVINSI":"DKI JAKARTA","ID_KABKOT":"31.75","KABKOT":"KOTA ADM. JAKARTA TIMUR","ID_KEC":"31.75.07","KECAMATAN":"DUREN SAWIT","ID_DESA":"31.75.07.1004","DESA":"PONDOK KELAPA","LONGITUDE":106.9384266,"LATITUDE":-6.2398089,"STATUS":"BUKA","TANGGAL UPDATE":"27/02/2025","TANGGAL PENGUMPULAN":"Q4 2023","q":27461,"r":-15121}},{"type":"Feature","geometry":{"coordinates":[106.85483520000008,-6.319933899999961],"type":"Point"},"properties":{"NAMA":"MCDONALD'S MARKER MALL","TIPE_1":"MAKANAN DAN MINUMAN","TIPE_2":"RESTORAN","TIPE_3":"CEPAT SAJI","TELEPON":"","ALAMAT":"JL. LEBAK PARA, RT.2/RW.2, CIJANTUNG, KEC. PS. REBO, KOTA JAKARTA TIMUR, DAERAH KHUSUS IBUKOTA JAKARTA 13770","ID_PROV":"31","PROVINSI":"DKI JAKARTA","ID_KABKOT":"31.75","KABKOT":"KOTA ADM. JAKARTA TIMUR","ID_KEC":"31.75.05","KECAMATAN":"PASAR REBO","ID_DESA":"31.75.05.1003","DESA":"CIJANTUNG","LONGITUDE":106.8548352,"LATITUDE":-6.3199339,"STATUS":"BUKA","TANGGAL UPDATE":"27/02/2025","TANGGAL PENGUMPULAN":"Q4 2023","q":27440,"r":-15128}},{"type":"Feature","geometry":{"coordinates":[106.88353710000007,-6.174276599999923],"type":"Point"},"properties":{"NAMA":"BURGER PAKDE BUAS (MRBEAST BURGER)","TIPE_1":"MAKANAN DAN MINUMAN","TIPE_2":"RESTORAN","TIPE_3":"CEPAT SAJI","TELEPON":"","ALAMAT":"JL. PULO MAS UTARA II C NO.9, RT.7/RW.14, KAYU PUTIH, PULO GADUNG, EAST JAKARTA CITY, JAKARTA 13210","ID_PROV":"31","PROVINSI":"DKI JAKARTA","ID_KABKOT":"31.75","KABKOT":"KOTA ADM. JAKARTA TIMUR","ID_KEC":"31.75.02","KECAMATAN":"PULOGADUNG","ID_DESA":"31.75.02.1006","DESA":"KAYU PUTIH","LONGITUDE":106.8835371,"LATITUDE":-6.1742766,"STATUS":"BUKA","TANGGAL UPDATE":"27/02/2025","TANGGAL PENGUMPULAN":"Q4 2023","q":27447,"r":-15099}},{"type":"Feature","geometry":{"coordinates":[106.87060190000005,-6.218138599999971],"type":"Point"},"properties":{"NAMA":"RESTORAN SEDERHANA JATINEGARA","TIPE_1":"MAKANAN DAN MINUMAN","TIPE_2":"RESTORAN","TIPE_3":"KAFE DAN RESTO","TELEPON":"0812-8006-1836","ALAMAT":"JL. BEKASI I NO.31, RT.3/RW.4, RW. BUNGA, KECAMATAN JATINEGARA, KOTA JAKARTA TIMUR, DAERAH KHUSUS IBUKOTA JAKARTA 13350","ID_PROV":"31","PROVINSI":"DKI JAKARTA","ID_KABKOT":"31.75","KABKOT":"KOTA ADM. JAKARTA TIMUR","ID_KEC":"31.75.03","KECAMATAN":"JATINEGARA","ID_DESA":"31.75.03.1004","DESA":"RAWA BUNGA","LONGITUDE":106.8706019,"LATITUDE":-6.2181386,"STATUS":"BUKA","TANGGAL UPDATE":"27/02/2025","TANGGAL PENGUMPULAN":"Q4 2023","q":27444,"r":-15107}},{"type":"Feature","geometry":{"coordinates":[106.884617,-6.240867],"type":"Point"},"properties":{"NAMA":"DAPUR BUNDA ALESHA","TIPE_1":"MAKANAN DAN MINUMAN","TIPE_2":"RESTORAN","TIPE_3":"RESTORAN NUSANTARA","TELEPON":"0878-8889-0971","ALAMAT":"GG. REMAJA NO.23, RT.4/RW.2, CIPINANG MELAYU, KEC. MAKASAR, KOTA JAKARTA TIMUR, DAERAH KHUSUS IBUKOTA JAKARTA 13620","ID_PROV":"31","PROVINSI":"DKI JAKARTA","ID_KABKOT":"31.75","KABKOT":"KOTA ADM. JAKARTA TIMUR","ID_KEC":"31.75.08","KECAMATAN":"MAKASAR","ID_DESA":"31.75.08.1005","DESA":"CIPINANG MELAYU","LONGITUDE":106.884617,"LATITUDE":-6.240867,"STATUS":"BUKA","TANGGAL UPDATE":"27/02/2025","TANGGAL PENGUMPULAN":"Q4 2023","q":27447,"r":-15114}},{"type":"Feature","geometry":{"coordinates":[106.87138560000005,-6.22925179999992],"type":"Point"},"properties":{"NAMA":"SHALL KEBAB & BURGER HJ YAHYA","TIPE_1":"MAKANAN DAN MINUMAN","TIPE_2":"RESTORAN","TIPE_3":"CEPAT SAJI","TELEPON":"0812-8525-1655","ALAMAT":"JL. H. YAHYA NO.40, RT.7/RW.7, CIPINANG CEMPEDAK, KECAMATAN JATINEGARA, KOTA JAKARTA TIMUR, DAERAH KHUSUS IBUKOTA JAKARTA 13330","ID_PROV":"31","PROVINSI":"DKI JAKARTA","ID_KABKOT":"31.75","KABKOT":"KOTA ADM. JAKARTA TIMUR","ID_KEC":"31.75.03","KECAMATAN":"JATINEGARA","ID_DESA":"31.75.03.1005","DESA":"CIPINANG CEMPEDAK","LONGITUDE":106.8713856,"LATITUDE":-6.2292518,"STATUS":"BUKA","TANGGAL UPDATE":"27/02/2025","TANGGAL PENGUMPULAN":"Q4 2023","q":27444,"r":-15110}},{"type":"Feature","geometry":{"coordinates":[106.86449040000008,-6.213889599999964],"type":"Point"},"properties":{"NAMA":"RICHEESE FACTORY CITY PLAZA JATINEGARA","TIPE_1":"MAKANAN DAN MINUMAN","TIPE_2":"RESTORAN","TIPE_3":"CEPAT SAJI","TELEPON":"1 500 220","ALAMAT":"TELP. 1500220, JL. MATRAMAN RAYA NO.175, BALI MESTER, KECAMATAN JATINEGARA, KOTA JAKARTA TIMUR, DAERAH KHUSUS IBUKOTA JAKARTA 13310","ID_PROV":"31","PROVINSI":"DKI JAKARTA","ID_KABKOT":"31.75","KABKOT":"KOTA ADM. JAKARTA TIMUR","ID_KEC":"31.75.03","KECAMATAN":"JATINEGARA","ID_DESA":"31.75.03.1003","DESA":"BALI MESTER","LONGITUDE":106.8644904,"LATITUDE":-6.2138896,"STATUS":"BUKA","TANGGAL UPDATE":"27/02/2025","TANGGAL PENGUMPULAN":"Q4 2023","q":27442,"r":-15106}},{"type":"Feature","geometry":{"coordinates":[106.865215,-6.220385],"type":"Point"},"properties":{"NAMA":"CHINESE FOOD KTT","TIPE_1":"MAKANAN DAN MINUMAN","TIPE_2":"RESTORAN","TIPE_3":"RESTORAN CINA","TELEPON":"0878-8881-0898","ALAMAT":"JL. JATINEGARA BAR. JL. JATINEGARA TIMUR NO.149, RT.10/RW.3, BALI MESTER, KECAMATAN JATINEGARA, KOTA JAKARTA TIMUR, DAERAH KHUSUS IBUKOTA JAKARTA 13320","ID_PROV":"31","PROVINSI":"DKI JAKARTA","ID_KABKOT":"31.75","KABKOT":"KOTA ADM. JAKARTA TIMUR","ID_KEC":"31.75.03","KECAMATAN":"JATINEGARA","ID_DESA":"31.75.03.1003","DESA":"BALI MESTER","LONGITUDE":106.865215,"LATITUDE":-6.220385,"STATUS":"BUKA","TANGGAL UPDATE":"27/02/2025","TANGGAL PENGUMPULAN":"Q4 2023","q":27442,"r":-15107}},{"type":"Feature","geometry":{"coordinates":[106.88929910000009,-6.22789679999994],"type":"Point"},"properties":{"NAMA":"FOX BURGER KORO","TIPE_1":"MAKANAN DAN MINUMAN","TIPE_2":"RESTORAN","TIPE_3":"CEPAT SAJI","TELEPON":"0812-8746-3472","ALAMAT":"JL. CIPINANG MUARA RAYA NO.50, RT.14/RW.3, CIPINANG MUARA, JATINEGARA, EAST JAKARTA CITY, JAKARTA 13420","ID_PROV":"31","PROVINSI":"DKI JAKARTA","ID_KABKOT":"31.75","KABKOT":"KOTA ADM. JAKARTA TIMUR","ID_KEC":"31.75.03","KECAMATAN":"JATINEGARA","ID_DESA":"31.75.03.1006","DESA":"CIPINANG MUARA","LONGITUDE":106.8892991,"LATITUDE":-6.2278968,"STATUS":"BUKA","TANGGAL UPDATE":"27/02/2025","TANGGAL PENGUMPULAN":"Q4 2023","q":27448,"r":-15112}},{"type":"Feature","geometry":{"coordinates":[106.86497150000008,-6.214069],"type":"Point"},"properties":{"NAMA":"PIZZA HUT RESTORAN - CITY PLAZA JATINEGARA","TIPE_1":"MAKANAN DAN MINUMAN","TIPE_2":"RESTORAN","TIPE_3":"PIZZA","TELEPON":"0811-3077-543","ALAMAT":"CITY PLAZA JATINEGARA, GROUND FLOOR, UNIT. 11, JL. JATINEGARA TIMUR NO.173, BALI MESTER, KECAMATAN JATINEGARA, KOTA JAKARTA TIMUR, DAERAH KHUSUS IBUKOTA JAKARTA 13310","ID_PROV":"31","PROVINSI":"DKI JAKARTA","ID_KABKOT":"31.75","KABKOT":"KOTA ADM. JAKARTA TIMUR","ID_KEC":"31.75.03","KECAMATAN":"JATINEGARA","ID_DESA":"31.75.03.1003","DESA":"BALI MESTER","LONGITUDE":106.8649715,"LATITUDE":-6.214069,"STATUS":"BUKA","TANGGAL UPDATE":"27/02/2025","TANGGAL PENGUMPULAN":"Q4 2023","q":27442,"r":-15106}},{"type":"Feature","geometry":{"coordinates":[106.86722620000006,-6.217171699999928],"type":"Point"},"properties":{"NAMA":"RESTO 99","TIPE_1":"MAKANAN DAN MINUMAN","TIPE_2":"RESTORAN","TIPE_3":"KAFE DAN RESTO","TELEPON":"0851-0375-2000","ALAMAT":"JL. JATINEGARA TIMUR NO.29C, RT.8/RW.4, BALI MESTER, KECAMATAN JATINEGARA, KOTA JAKARTA TIMUR, DAERAH KHUSUS IBUKOTA JAKARTA 13310","ID_PROV":"31","PROVINSI":"DKI JAKARTA","ID_KABKOT":"31.75","KABKOT":"KOTA ADM. JAKARTA TIMUR","ID_KEC":"31.75.03","KECAMATAN":"JATINEGARA","ID_DESA":"31.75.03.1003","DESA":"BALI MESTER","LONGITUDE":106.8672262,"LATITUDE":-6.2171717,"STATUS":"BUKA","TANGGAL UPDATE":"27/02/2025","TANGGAL PENGUMPULAN":"Q4 2023","q":27443,"r":-15107}},{"type":"Feature","geometry":{"coordinates":[106.86456050000004,-6.214192499999974],"type":"Point"},"properties":{"NAMA":"KFC JATINEGARA CITY PLAZA","TIPE_1":"MAKANAN DAN MINUMAN","TIPE_2":"RESTORAN","TIPE_3":"CEPAT SAJI","TELEPON":"(021) 14022","ALAMAT":"JL. MATRAMAN RAYA NO.173 - 175, RT.7/RW.6, BALI MESTER, KECAMATAN JATINEGARA, KOTA JAKARTA TIMUR, DAERAH KHUSUS IBUKOTA JAKARTA 13310","ID_PROV":"31","PROVINSI":"DKI JAKARTA","ID_KABKOT":"31.75","KABKOT":"KOTA ADM. JAKARTA TIMUR","ID_KEC":"31.75.03","KECAMATAN":"JATINEGARA","ID_DESA":"31.75.03.1003","DESA":"BALI MESTER","LONGITUDE":106.8645605,"LATITUDE":-6.2141925,"STATUS":"BUKA","TANGGAL UPDATE":"27/02/2025","TANGGAL PENGUMPULAN":"Q4 2023","q":27442,"r":-15106}},{"type":"Feature","geometry":{"coordinates":[106.90717,-6.221129],"type":"Point"},"properties":{"NAMA":"AYAM TALIWANG & CECILS BURGER","TIPE_1":"MAKANAN DAN MINUMAN","TIPE_2":"RESTORAN","TIPE_3":"CEPAT SAJI","TELEPON":"0813-9899-4706","ALAMAT":"JL DUREN SAWIT RAYA, RT.2/RW.17, KLENDER, KEC. DUREN SAWIT, KOTA JAKARTA TIMUR, DAERAH KHUSUS IBUKOTA JAKARTA 13470","ID_PROV":"31","PROVINSI":"DKI JAKARTA","ID_KABKOT":"31.75","KABKOT":"KOTA ADM. JAKARTA TIMUR","ID_KEC":"31.75.07","KECAMATAN":"DUREN SAWIT","ID_DESA":"31.75.07.1003","DESA":"KLENDER","LONGITUDE":106.90717,"LATITUDE":-6.221129,"STATUS":"BUKA","TANGGAL UPDATE":"27/02/2025","TANGGAL PENGUMPULAN":"Q4 2023","q":27453,"r":-15113}},{"type":"Feature","geometry":{"coordinates":[106.89040570000009,-6.227530599999966],"type":"Point"},"properties":{"NAMA":"KEBAV KBEEV  KEBAB DAN BURGER ","TIPE_1":"MAKANAN DAN MINUMAN","TIPE_2":"RESTORAN","TIPE_3":"CEPAT SAJI","TELEPON":"0838-0596-9355","ALAMAT":"JL. CIPINANG MUARA RAYA, RT.15/RW.3, CIPINANG MUARA, KECAMATAN JATINEGARA, KOTA JAKARTA TIMUR, DAERAH KHUSUS IBUKOTA JAKARTA 13420","ID_PROV":"31","PROVINSI":"DKI JAKARTA","ID_KABKOT":"31.75","KABKOT":"KOTA ADM. JAKARTA TIMUR","ID_KEC":"31.75.03","KECAMATAN":"JATINEGARA","ID_DESA":"31.75.03.1006","DESA":"CIPINANG MUARA","LONGITUDE":106.8904057,"LATITUDE":-6.2275306,"STATUS":"BUKA","TANGGAL UPDATE":"27/02/2025","TANGGAL PENGUMPULAN":"Q4 2023","q":27449,"r":-15112}},{"type":"Feature","geometry":{"coordinates":[106.937311,-6.232746699999955],"type":"Point"},"properties":{"NAMA":"KEBAB BUCIN | KEBAB | KEBAB MURAH | KEBAB ENAK | BURGER | HOTDOG","TIPE_1":"MAKANAN DAN MINUMAN","TIPE_2":"RESTORAN","TIPE_3":"CEPAT SAJI","TELEPON":"0812-1926-9853","ALAMAT":"3, JL. BINA KARYA NO.35, RT.3/RW.2, PD. KOPI, KEC. DUREN SAWIT, KOTA ADM. JAKARTA TIMUR, DAERAH KHUSUS IBUKOTA JAKARTA 13460","ID_PROV":"31","PROVINSI":"DKI JAKARTA","ID_KABKOT":"31.75","KABKOT":"KOTA ADM. JAKARTA TIMUR","ID_KEC":"31.75.07","KECAMATAN":"DUREN SAWIT","ID_DESA":"31.75.07.1007","DESA":"PONDOK KOPI","LONGITUDE":106.937311,"LATITUDE":-6.2327467,"STATUS":"BUKA","TANGGAL UPDATE":"27/02/2025","TANGGAL PENGUMPULAN":"Q4 2023","q":27461,"r":-15119}},{"type":"Feature","geometry":{"coordinates":[106.91477610000004,-6.222114799999935],"type":"Point"},"properties":{"NAMA":"ALOLE STEAK BY UNCLE BEN","TIPE_1":"MAKANAN DAN MINUMAN","TIPE_2":"RESTORAN","TIPE_3":"STEAK DAN BBQ","TELEPON":"0812-3737-6886","ALAMAT":"BLOK L2.2, JL. LKR. DUREN SAWIT NO.2, RT.1/RW.8, DUREN SAWIT, KEC. DUREN SAWIT, DAERAH KHUSUS IBUKOTA JAKARTA 13440","ID_PROV":"31","PROVINSI":"DKI JAKARTA","ID_KABKOT":"31.75","KABKOT":"KOTA ADM. JAKARTA TIMUR","ID_KEC":"31.75.07","KECAMATAN":"DUREN SAWIT","ID_DESA":"31.75.07.1001","DESA":"DUREN SAWIT","LONGITUDE":106.9147761,"LATITUDE":-6.2221148,"STATUS":"BUKA","TANGGAL UPDATE":"27/02/2025","TANGGAL PENGUMPULAN":"Q4 2023","q":27455,"r":-15114}},{"type":"Feature","geometry":{"coordinates":[106.93458540000006,-6.233982899999945],"type":"Point"},"properties":{"NAMA":"D'BESTO CHICKEN & BURGER","TIPE_1":"MAKANAN DAN MINUMAN","TIPE_2":"RESTORAN","TIPE_3":"CEPAT SAJI","TELEPON":"0813-8822-2800","ALAMAT":"JL. KAV. DKI NO.5, RT.5/RW.9, PONDOK KELAPA, DURENSAWIT, EAST JAKARTA CITY, JAKARTA 13450","ID_PROV":"31","PROVINSI":"DKI JAKARTA","ID_KABKOT":"31.75","KABKOT":"KOTA ADM. JAKARTA TIMUR","ID_KEC":"31.75.07","KECAMATAN":"DUREN SAWIT","ID_DESA":"31.75.07.1004","DESA":"PONDOK KELAPA","LONGITUDE":106.9345854,"LATITUDE":-6.2339829,"STATUS":"BUKA","TANGGAL UPDATE":"27/02/2025","TANGGAL PENGUMPULAN":"Q4 2023","q":27460,"r":-15119}},{"type":"Feature","geometry":{"coordinates":[106.935387,-6.247982899999958],"type":"Point"},"properties":{"NAMA":"BURGER BANGOR PONDOK KELAPA","TIPE_1":"MAKANAN DAN MINUMAN","TIPE_2":"RESTORAN","TIPE_3":"CEPAT SAJI","TELEPON":"","ALAMAT":"JL. PD. KELAPA RAYA NO.17, RT.1/RW.4, PONDOK KOPI, DURENSAWIT, EAST JAKARTA CITY, JAKARTA 13450","ID_PROV":"31","PROVINSI":"DKI JAKARTA","ID_KABKOT":"31.75","KABKOT":"KOTA ADM. JAKARTA TIMUR","ID_KEC":"31.75.07","KECAMATAN":"DUREN SAWIT","ID_DESA":"31.75.07.1004","DESA":"PONDOK KELAPA","LONGITUDE":106.935387,"LATITUDE":-6.2479829,"STATUS":"BUKA","TANGGAL UPDATE":"27/02/2025","TANGGAL PENGUMPULAN":"Q4 2023","q":27460,"r":-15122}},{"type":"Feature","geometry":{"coordinates":[106.945467,-6.22490559999995],"type":"Point"},"properties":{"NAMA":"MEATNION BURGER","TIPE_1":"MAKANAN DAN MINUMAN","TIPE_2":"RESTORAN","TIPE_3":"CEPAT SAJI","TELEPON":"0812-9852-7232","ALAMAT":"ALAM PERMAI, JL. BINTARA JALAN ALAM UTAMA RAYA I, RT.2/RW.14, BINTARA, BEKASI BARAT, EAST JAKARTA CITY, WEST JAVA 17134","ID_PROV":"31","PROVINSI":"DKI JAKARTA","ID_KABKOT":"31.75","KABKOT":"KOTA ADM. JAKARTA TIMUR","ID_KEC":"31.75.07","KECAMATAN":"DUREN SAWIT","ID_DESA":"31.75.07.1007","DESA":"PONDOK KOPI","LONGITUDE":106.945467,"LATITUDE":-6.2249056,"STATUS":"BUKA","TANGGAL UPDATE":"27/02/2025","TANGGAL PENGUMPULAN":"Q4 2023","q":27463,"r":-15119}},{"type":"Feature","geometry":{"coordinates":[106.86995810000008,-6.230718799999978],"type":"Point"},"properties":{"NAMA":"BAGEUR HUGS","TIPE_1":"MAKANAN DAN MINUMAN","TIPE_2":"RESTORAN","TIPE_3":"KAFE DAN RESTO","TELEPON":"0897-7802-316","ALAMAT":"JL. KB. NANAS UTARA I NO.13, RT.3/RW.7, CIPINANG CEMPEDAK, KECAMATAN JATINEGARA, KOTA JAKARTA TIMUR, DAERAH KHUSUS IBUKOTA JAKARTA 13340","ID_PROV":"31","PROVINSI":"DKI JAKARTA","ID_KABKOT":"31.75","KABKOT":"KOTA ADM. JAKARTA TIMUR","ID_KEC":"31.75.03","KECAMATAN":"JATINEGARA","ID_DESA":"31.75.03.1005","DESA":"CIPINANG CEMPEDAK","LONGITUDE":106.8699581,"LATITUDE":-6.2307188,"STATUS":"BUKA","TANGGAL UPDATE":"27/02/2025","TANGGAL PENGUMPULAN":"Q4 2023","q":27444,"r":-15110}},{"type":"Feature","geometry":{"coordinates":[106.92387760000008,-6.218758499999985],"type":"Point"},"properties":{"NAMA":"ABUBA STEAK","TIPE_1":"MAKANAN DAN MINUMAN","TIPE_2":"RESTORAN","TIPE_3":"STEAK DAN BBQ","TELEPON":"(021) 8630088","ALAMAT":"JL. RADIN INTEN II NO.113, RT.1/RW.14, KLENDER, KEC. DUREN SAWIT, KOTA JAKARTA TIMUR, DAERAH KHUSUS IBUKOTA JAKARTA 13440","ID_PROV":"31","PROVINSI":"DKI JAKARTA","ID_KABKOT":"31.75","KABKOT":"KOTA ADM. JAKARTA TIMUR","ID_KEC":"31.75.07","KECAMATAN":"DUREN SAWIT","ID_DESA":"31.75.07.1003","DESA":"KLENDER","LONGITUDE":106.9238776,"LATITUDE":-6.2187585,"STATUS":"BUKA","TANGGAL UPDATE":"27/02/2025","TANGGAL PENGUMPULAN":"Q4 2023","q":27457,"r":-15114}},{"type":"Feature","geometry":{"coordinates":[106.90217050000008,-6.243636],"type":"Point"},"properties":{"NAMA":"EDAM BURGER","TIPE_1":"MAKANAN DAN MINUMAN","TIPE_2":"RESTORAN","TIPE_3":"CEPAT SAJI","TELEPON":"","ALAMAT":"JL. PAHLAWAN REVOLUSI NO.25, RT.6/RW.12, PD. BAMBU, KEC. DUREN SAWIT, KOTA JAKARTA TIMUR, DAERAH KHUSUS IBUKOTA JAKARTA 13430","ID_PROV":"31","PROVINSI":"DKI JAKARTA","ID_KABKOT":"31.75","KABKOT":"KOTA ADM. JAKARTA TIMUR","ID_KEC":"31.75.07","KECAMATAN":"DUREN SAWIT","ID_DESA":"31.75.07.1002","DESA":"PONDOK BAMBU","LONGITUDE":106.9021705,"LATITUDE":-6.243636,"STATUS":"BUKA","TANGGAL UPDATE":"27/02/2025","TANGGAL PENGUMPULAN":"Q4 2023","q":27452,"r":-15117}},{"type":"Feature","geometry":{"coordinates":[106.91893490000007,-6.22072509999998],"type":"Point"},"properties":{"NAMA":"BURGER BANGOR BUARAN","TIPE_1":"MAKANAN DAN MINUMAN","TIPE_2":"RESTORAN","TIPE_3":"CEPAT SAJI","TELEPON":"0812-2624-0426","ALAMAT":"JL. BUARAN RAYA NO.10, RT.8/RW.15, DUREN SAWIT, KEC. DUREN SAWIT, KOTA JAKARTA TIMUR, DAERAH KHUSUS IBUKOTA JAKARTA 13440","ID_PROV":"31","PROVINSI":"DKI JAKARTA","ID_KABKOT":"31.75","KABKOT":"KOTA ADM. JAKARTA TIMUR","ID_KEC":"31.75.07","KECAMATAN":"DUREN SAWIT","ID_DESA":"31.75.07.1001","DESA":"DUREN SAWIT","LONGITUDE":106.9189349,"LATITUDE":-6.2207251,"STATUS":"BUKA","TANGGAL UPDATE":"27/02/2025","TANGGAL PENGUMPULAN":"Q4 2023","q":27456,"r":-15114}},{"type":"Feature","geometry":{"coordinates":[106.89943810000005,-6.239120499999964],"type":"Point"},"properties":{"NAMA":"BURGER BATOK","TIPE_1":"MAKANAN DAN MINUMAN","TIPE_2":"RESTORAN","TIPE_3":"CEPAT SAJI","TELEPON":"","ALAMAT":"JL. PAHLAWAN REVOLUSI NO.5, RT.3/RW.4, PD. BAMBU, KEC. DUREN SAWIT, KOTA JAKARTA TIMUR, DAERAH KHUSUS IBUKOTA JAKARTA 13430","ID_PROV":"31","PROVINSI":"DKI JAKARTA","ID_KABKOT":"31.75","KABKOT":"KOTA ADM. JAKARTA TIMUR","ID_KEC":"31.75.07","KECAMATAN":"DUREN SAWIT","ID_DESA":"31.75.07.1002","DESA":"PONDOK BAMBU","LONGITUDE":106.8994381,"LATITUDE":-6.2391205,"STATUS":"BUKA","TANGGAL UPDATE":"27/02/2025","TANGGAL PENGUMPULAN":"Q4 2023","q":27451,"r":-15116}},{"type":"Feature","geometry":{"coordinates":[106.90853050000004,-6.209498299999951],"type":"Point"},"properties":{"NAMA":"HAR FOOD","TIPE_1":"MAKANAN DAN MINUMAN","TIPE_2":"RESTORAN","TIPE_3":"KAFE DAN RESTO","TELEPON":"0857-7911-6301","ALAMAT":"KO PULO KAMBING, RT.7/RW.2, JATINEGARA, KEC. CAKUNG, KOTA JAKARTA TIMUR, DAERAH KHUSUS IBUKOTA JAKARTA 13930","ID_PROV":"31","PROVINSI":"DKI JAKARTA","ID_KABKOT":"31.75","KABKOT":"KOTA ADM. JAKARTA TIMUR","ID_KEC":"31.75.06","KECAMATAN":"CAKUNG","ID_DESA":"31.75.06.1001","DESA":"JATINEGARA","LONGITUDE":106.9085305,"LATITUDE":-6.2094983,"STATUS":"BUKA","TANGGAL UPDATE":"27/02/2025","TANGGAL PENGUMPULAN":"Q4 2023","q":27453,"r":-15110}},{"type":"Feature","geometry":{"coordinates":[106.91453970000003,-6.247861699999936],"type":"Point"},"properties":{"NAMA":"SUBWAY KALIMALANG","TIPE_1":"MAKANAN DAN MINUMAN","TIPE_2":"RESTORAN","TIPE_3":"CEPAT SAJI","TELEPON":"","ALAMAT":"JL. RAYA KALIMALANG NO.12B, RT.2/RW.16, DUREN SAWIT, DURENSAWIT, EAST JAKARTA CITY, JAKARTA 13440","ID_PROV":"31","PROVINSI":"DKI JAKARTA","ID_KABKOT":"31.75","KABKOT":"KOTA ADM. JAKARTA TIMUR","ID_KEC":"31.75.07","KECAMATAN":"DUREN SAWIT","ID_DESA":"31.75.07.1001","DESA":"DUREN SAWIT","LONGITUDE":106.9145397,"LATITUDE":-6.2478617,"STATUS":"BUKA","TANGGAL UPDATE":"27/02/2025","TANGGAL PENGUMPULAN":"Q4 2023","q":27455,"r":-15120}},{"type":"Feature","geometry":{"coordinates":[106.93279380000007,-6.222577099999961],"type":"Point"},"properties":{"NAMA":"KAMPUNG BURGER DUREN SAWIT","TIPE_1":"MAKANAN DAN MINUMAN","TIPE_2":"RESTORAN","TIPE_3":"CEPAT SAJI","TELEPON":"0812-8579-6361","ALAMAT":"JL. BUNGA RAMPAI X NO.8, RT.8/RW.6, MALAKA JAYA, KEC. DUREN SAWIT, KOTA JAKARTA TIMUR, DAERAH KHUSUS IBUKOTA JAKARTA 13460","ID_PROV":"31","PROVINSI":"DKI JAKARTA","ID_KABKOT":"31.75","KABKOT":"KOTA ADM. JAKARTA TIMUR","ID_KEC":"31.75.07","KECAMATAN":"DUREN SAWIT","ID_DESA":"31.75.07.1006","DESA":"MALAKA JAYA","LONGITUDE":106.9327938,"LATITUDE":-6.2225771,"STATUS":"BUKA","TANGGAL UPDATE":"27/02/2025","TANGGAL PENGUMPULAN":"Q4 2023","q":27460,"r":-15116}},{"type":"Feature","geometry":{"coordinates":[106.87953920000007,-6.310557],"type":"Point"},"properties":{"NAMA":"MR HH BURGER","TIPE_1":"MAKANAN DAN MINUMAN","TIPE_2":"RESTORAN","TIPE_3":"CEPAT SAJI","TELEPON":"0857-2714-7128","ALAMAT":"JL. TANAH MERDEKA 2A NO.1, RT.2/RW.6, RAMBUTAN, KEC. CIRACAS, KOTA JAKARTA TIMUR, DAERAH KHUSUS IBUKOTA JAKARTA 13830","ID_PROV":"31","PROVINSI":"DKI JAKARTA","ID_KABKOT":"31.75","KABKOT":"KOTA ADM. JAKARTA TIMUR","ID_KEC":"31.75.09","KECAMATAN":"CIRACAS","ID_DESA":"31.75.09.1005","DESA":"RAMBUTAN","LONGITUDE":106.8795392,"LATITUDE":-6.310557,"STATUS":"BUKA","TANGGAL UPDATE":"27/02/2025","TANGGAL PENGUMPULAN":"Q4 2023","q":27446,"r":-15129}},{"type":"Feature","geometry":{"coordinates":[106.87700160000009,-6.348621499999978],"type":"Point"},"properties":{"NAMA":"BURGER ASAP WAGYU","TIPE_1":"MAKANAN DAN MINUMAN","TIPE_2":"RESTORAN","TIPE_3":"CEPAT SAJI","TELEPON":"0858-6376-4717","ALAMAT":"RT.3/RW.2, KLP. DUA WETAN, KEC. CIRACAS, KOTA JAKARTA TIMUR, DAERAH KHUSUS IBUKOTA JAKARTA 13720","ID_PROV":"31","PROVINSI":"DKI JAKARTA","ID_KABKOT":"31.75","KABKOT":"KOTA ADM. JAKARTA TIMUR","ID_KEC":"31.75.09","KECAMATAN":"CIRACAS","ID_DESA":"31.75.09.1003","DESA":"KELAPA DUA WETAN","LONGITUDE":106.8770016,"LATITUDE":-6.3486215,"STATUS":"BUKA","TANGGAL UPDATE":"27/02/2025","TANGGAL PENGUMPULAN":"Q4 2023","q":27445,"r":-15137}},{"type":"Feature","geometry":{"coordinates":[106.87883170000003,-6.354477599999937],"type":"Point"},"properties":{"NAMA":"BURGER ZIK","TIPE_1":"MAKANAN DAN MINUMAN","TIPE_2":"RESTORAN","TIPE_3":"CEPAT SAJI","TELEPON":"0821-2399-6900","ALAMAT":"JL. MASJID, RT.2/RW.4, CIBUBUR, KEC. CIRACAS, KOTA JAKARTA TIMUR, DAERAH KHUSUS IBUKOTA JAKARTA 13720","ID_PROV":"31","PROVINSI":"DKI JAKARTA","ID_KABKOT":"31.75","KABKOT":"KOTA ADM. JAKARTA TIMUR","ID_KEC":"31.75.09","KECAMATAN":"CIRACAS","ID_DESA":"31.75.09.1002","DESA":"CIBUBUR","LONGITUDE":106.8788317,"LATITUDE":-6.3544776,"STATUS":"BUKA","TANGGAL UPDATE":"27/02/2025","TANGGAL PENGUMPULAN":"Q4 2023","q":27446,"r":-15139}},{"type":"Feature","geometry":{"coordinates":[106.867506,-6.331497099999982],"type":"Point"},"properties":{"NAMA":"BURGER BANGOR CIRACAS","TIPE_1":"MAKANAN DAN MINUMAN","TIPE_2":"RESTORAN","TIPE_3":"CEPAT SAJI","TELEPON":"","ALAMAT":"NAGA SEBELAH PARKIRAN SEPEDA MOTOR, JL. RAYA BOGOR BERADA DI DALAM NO.KM 26, RT.1/RW.8, CIRACAS, KEC. CIRACAS, KOTA JAKARTA TIMUR, DAERAH KHUSUS IBUKOTA JAKARTA 13740","ID_PROV":"31","PROVINSI":"DKI JAKARTA","ID_KABKOT":"31.75","KABKOT":"KOTA ADM. JAKARTA TIMUR","ID_KEC":"31.75.09","KECAMATAN":"CIRACAS","ID_DESA":"31.75.09.1001","DESA":"CIRACAS","LONGITUDE":106.867506,"LATITUDE":-6.3314971,"STATUS":"BUKA","TANGGAL UPDATE":"27/02/2025","TANGGAL PENGUMPULAN":"Q4 2023","q":27443,"r":-15132}},{"type":"Feature","geometry":{"coordinates":[106.891744,-6.365181399999928],"type":"Point"},"properties":{"NAMA":"CIBU BURGER","TIPE_1":"MAKANAN DAN MINUMAN","TIPE_2":"RESTORAN","TIPE_3":"CEPAT SAJI","TELEPON":"","ALAMAT":"8, RT.8/RW.7, CIBUBUR, KEC. CIRACAS, KOTA JAKARTA TIMUR, DAERAH KHUSUS IBUKOTA JAKARTA 13720","ID_PROV":"31","PROVINSI":"DKI JAKARTA","ID_KABKOT":"31.75","KABKOT":"KOTA ADM. JAKARTA TIMUR","ID_KEC":"31.75.09","KECAMATAN":"CIRACAS","ID_DESA":"31.75.09.1002","DESA":"CIBUBUR","LONGITUDE":106.891744,"LATITUDE":-6.3651814,"STATUS":"BUKA","TANGGAL UPDATE":"27/02/2025","TANGGAL PENGUMPULAN":"Q4 2023","q":27449,"r":-15143}},{"type":"Feature","geometry":{"coordinates":[106.88248490000007,-6.351480599999942],"type":"Point"},"properties":{"NAMA":"MAX BURGER","TIPE_1":"MAKANAN DAN MINUMAN","TIPE_2":"RESTORAN","TIPE_3":"CEPAT SAJI","TELEPON":"(021) 87710291","ALAMAT":"JALAN LAPANGAN TEMBAK BLOK F1 NP. 10 DEPAN RUKO CIBUBUR INDAH CIRACAS, RT.4/RW.10, CIBUBUR, JAWA BARAT, DAERAH KHUSUS IBUKOTA JAKARTA 13720","ID_PROV":"31","PROVINSI":"DKI JAKARTA","ID_KABKOT":"31.75","KABKOT":"KOTA ADM. JAKARTA TIMUR","ID_KEC":"31.75.09","KECAMATAN":"CIRACAS","ID_DESA":"31.75.09.1003","DESA":"KELAPA DUA WETAN","LONGITUDE":106.8824849,"LATITUDE":-6.3514806,"STATUS":"BUKA","TANGGAL UPDATE":"27/02/2025","TANGGAL PENGUMPULAN":"Q4 2023","q":27447,"r":-15139}},{"type":"Feature","geometry":{"coordinates":[106.87576970000003,-6.329035199999972],"type":"Point"},"properties":{"NAMA":"KENTANG HOTDOG MPO DESSY","TIPE_1":"MAKANAN DAN MINUMAN","TIPE_2":"RESTORAN","TIPE_3":"CEPAT SAJI","TELEPON":"0896-0354-1696","ALAMAT":"RT.5/RW.2, CIRACAS, KEC. CIRACAS, KOTA JAKARTA TIMUR, DAERAH KHUSUS IBUKOTA JAKARTA 13740","ID_PROV":"31","PROVINSI":"DKI JAKARTA","ID_KABKOT":"31.75","KABKOT":"KOTA ADM. JAKARTA TIMUR","ID_KEC":"31.75.09","KECAMATAN":"CIRACAS","ID_DESA":"31.75.09.1001","DESA":"CIRACAS","LONGITUDE":106.8757697,"LATITUDE":-6.3290352,"STATUS":"BUKA","TANGGAL UPDATE":"27/02/2025","TANGGAL PENGUMPULAN":"Q4 2023","q":27445,"r":-15133}},{"type":"Feature","geometry":{"coordinates":[106.87918090000005,-6.361460799999977],"type":"Point"},"properties":{"NAMA":"RICE BOWL BAKAR & BURGER JUMBO","TIPE_1":"MAKANAN DAN MINUMAN","TIPE_2":"RESTORAN","TIPE_3":"CEPAT SAJI","TELEPON":"0882-9582-3959","ALAMAT":"JL. ABDUL RAHMAN 1 NO.201. RT 03 / 10, RT.11/RW.5, CIBUBUR, KEC. CIRACAS, KOTA JAKARTA TIMUR, DAERAH KHUSUS IBUKOTA JAKARTA 13720","ID_PROV":"31","PROVINSI":"DKI JAKARTA","ID_KABKOT":"31.75","KABKOT":"KOTA ADM. JAKARTA TIMUR","ID_KEC":"31.75.09","KECAMATAN":"CIRACAS","ID_DESA":"31.75.09.1002","DESA":"CIBUBUR","LONGITUDE":106.8791809,"LATITUDE":-6.3614608,"STATUS":"BUKA","TANGGAL UPDATE":"27/02/2025","TANGGAL PENGUMPULAN":"Q4 2023","q":27446,"r":-15141}},{"type":"Feature","geometry":{"coordinates":[106.85759440000004,-6.326656699999951],"type":"Point"},"properties":{"NAMA":"BENTO BURGER","TIPE_1":"MAKANAN DAN MINUMAN","TIPE_2":"RESTORAN","TIPE_3":"CEPAT SAJI","TELEPON":"","ALAMAT":"JL. GONGSENG RAYA NO.7, RT.4/RW.11, CIJANTUNG, KEC. PS. REBO, KOTA JAKARTA TIMUR, DAERAH KHUSUS IBUKOTA JAKARTA 13770","ID_PROV":"31","PROVINSI":"DKI JAKARTA","ID_KABKOT":"31.75","KABKOT":"KOTA ADM. JAKARTA TIMUR","ID_KEC":"31.75.05","KECAMATAN":"PASAR REBO","ID_DESA":"31.75.05.1003","DESA":"CIJANTUNG","LONGITUDE":106.8575944,"LATITUDE":-6.3266567,"STATUS":"BUKA","TANGGAL UPDATE":"27/02/2025","TANGGAL PENGUMPULAN":"Q4 2023","q":27440,"r":-15130}},{"type":"Feature","geometry":{"coordinates":[106.88358540000007,-6.334839599999947],"type":"Point"},"properties":{"NAMA":"RESTAURANT","TIPE_1":"MAKANAN DAN MINUMAN","TIPE_2":"RESTORAN","TIPE_3":"KAFE DAN RESTO","TELEPON":"","ALAMAT":"JL. USMAN NAIM NO.14, RT.9/RW.4, KLP. DUA WETAN, KEC. CIRACAS, KOTA JAKARTA TIMUR, DAERAH KHUSUS IBUKOTA JAKARTA 13730","ID_PROV":"31","PROVINSI":"DKI JAKARTA","ID_KABKOT":"31.75","KABKOT":"KOTA ADM. JAKARTA TIMUR","ID_KEC":"31.75.09","KECAMATAN":"CIRACAS","ID_DESA":"31.75.09.1003","DESA":"KELAPA DUA WETAN","LONGITUDE":106.8835854,"LATITUDE":-6.3348396,"STATUS":"BUKA","TANGGAL UPDATE":"27/02/2025","TANGGAL PENGUMPULAN":"Q4 2023","q":27447,"r":-15135}},{"type":"Feature","geometry":{"coordinates":[106.88720410000008,-6.362808899999947],"type":"Point"},"properties":{"NAMA":"BURGER CELUP","TIPE_1":"MAKANAN DAN MINUMAN","TIPE_2":"RESTORAN","TIPE_3":"CEPAT SAJI","TELEPON":"","ALAMAT":"JL. JAMBORE BLOK FATAHILLAH 1 NO.2, RT.6/RW.13, CIBUBUR, KEC. CIRACAS, KOTA JAKARTA TIMUR, DAERAH KHUSUS IBUKOTA JAKARTA 13720","ID_PROV":"31","PROVINSI":"DKI JAKARTA","ID_KABKOT":"31.75","KABKOT":"KOTA ADM. JAKARTA TIMUR","ID_KEC":"31.75.09","KECAMATAN":"CIRACAS","ID_DESA":"31.75.09.1002","DESA":"CIBUBUR","LONGITUDE":106.8872041,"LATITUDE":-6.3628089,"STATUS":"BUKA","TANGGAL UPDATE":"27/02/2025","TANGGAL PENGUMPULAN":"Q4 2023","q":27448,"r":-15142}},{"type":"Feature","geometry":{"coordinates":[106.87142130000007,-6.290003699999939],"type":"Point"},"properties":{"NAMA":"CHICAGO FRIED CHICKEN CIRACAS","TIPE_1":"MAKANAN DAN MINUMAN","TIPE_2":"RESTORAN","TIPE_3":"RESTORAN AYAM","TELEPON":"","ALAMAT":"ALFAMART JL. RAYA BOGOR NO.21, RT.7/RW.5, RAMBUTAN, KEC. CIRACAS, KOTA JAKARTA TIMUR, DAERAH KHUSUS IBUKOTA JAKARTA 13830","ID_PROV":"31","PROVINSI":"DKI JAKARTA","ID_KABKOT":"31.75","KABKOT":"KOTA ADM. JAKARTA TIMUR","ID_KEC":"31.75.09","KECAMATAN":"CIRACAS","ID_DESA":"31.75.09.1005","DESA":"RAMBUTAN","LONGITUDE":106.8714213,"LATITUDE":-6.2900037,"STATUS":"BUKA","TANGGAL UPDATE":"27/02/2025","TANGGAL PENGUMPULAN":"Q4 2023","q":27444,"r":-15124}},{"type":"Feature","geometry":{"coordinates":[106.86553320000007,-6.328127599999958],"type":"Point"},"properties":{"NAMA":"KFC CIRACAS","TIPE_1":"MAKANAN DAN MINUMAN","TIPE_2":"RESTORAN","TIPE_3":"CEPAT SAJI","TELEPON":"0811-7157-147","ALAMAT":"JL. RAYA JAKARTA-BOGOR NO.KM. 25, CIRACAS, KEC. CIRACAS, KOTA JAKARTA TIMUR, DAERAH KHUSUS IBUKOTA JAKARTA 13770","ID_PROV":"31","PROVINSI":"DKI JAKARTA","ID_KABKOT":"31.75","KABKOT":"KOTA ADM. JAKARTA TIMUR","ID_KEC":"31.75.09","KECAMATAN":"CIRACAS","ID_DESA":"31.75.09.1001","DESA":"CIRACAS","LONGITUDE":106.8655332,"LATITUDE":-6.3281276,"STATUS":"BUKA","TANGGAL UPDATE":"27/02/2025","TANGGAL PENGUMPULAN":"Q4 2023","q":27442,"r":-15131}},{"type":"Feature","geometry":{"coordinates":[106.87716570000003,-6.316940299999947],"type":"Point"},"properties":{"NAMA":"AYAM LEPAAS CX WATERPARK CIRACAS","TIPE_1":"MAKANAN DAN MINUMAN","TIPE_2":"RESTORAN","TIPE_3":"RESTORAN AYAM","TELEPON":"0812-9006-7251","ALAMAT":"JL. PULE RAYA NO.11, RT.11/RW.10, CIRACAS, KEC. CIRACAS, KOTA JAKARTA TIMUR, DAERAH KHUSUS IBUKOTA JAKARTA 13740","ID_PROV":"31","PROVINSI":"DKI JAKARTA","ID_KABKOT":"31.75","KABKOT":"KOTA ADM. JAKARTA TIMUR","ID_KEC":"31.75.09","KECAMATAN":"CIRACAS","ID_DESA":"31.75.09.1001","DESA":"CIRACAS","LONGITUDE":106.8771657,"LATITUDE":-6.3169403,"STATUS":"BUKA","TANGGAL UPDATE":"27/02/2025","TANGGAL PENGUMPULAN":"Q4 2023","q":27445,"r":-15130}},{"type":"Feature","geometry":{"coordinates":[106.88429890000003,-6.349410599999947],"type":"Point"},"properties":{"NAMA":"BURGER BANGOR KELAPA DUA WETAN","TIPE_1":"MAKANAN DAN MINUMAN","TIPE_2":"RESTORAN","TIPE_3":"CEPAT SAJI","TELEPON":"0881-5838-807","ALAMAT":"SEBERANG MENANTEA CIRACAS DEKAT ARUNDINA MART, JL. RAYA KLP. DUA WETAN NO.1, RT.7/RW.5, KLP. DUA WETAN, KEC. CIRACAS, DAERAH KHUSUS IBUKOTA JAKARTA 13730","ID_PROV":"31","PROVINSI":"DKI JAKARTA","ID_KABKOT":"31.75","KABKOT":"KOTA ADM. JAKARTA TIMUR","ID_KEC":"31.75.09","KECAMATAN":"CIRACAS","ID_DESA":"31.75.09.1003","DESA":"KELAPA DUA WETAN","LONGITUDE":106.8842989,"LATITUDE":-6.3494106,"STATUS":"BUKA","TANGGAL UPDATE":"27/02/2025","TANGGAL PENGUMPULAN":"Q4 2023","q":27447,"r":-15139}},{"type":"Feature","geometry":{"coordinates":[106.87515750000006,-6.329512799999968],"type":"Point"},"properties":{"NAMA":"KLENGER BURGER","TIPE_1":"MAKANAN DAN MINUMAN","TIPE_2":"RESTORAN","TIPE_3":"CEPAT SAJI","TELEPON":"","ALAMAT":"JL. RAYA CIRACAS NO.38, RT.9/RW.2, CIRACAS, KEC. CIRACAS, KOTA JAKARTA TIMUR, DAERAH KHUSUS IBUKOTA JAKARTA 13740","ID_PROV":"31","PROVINSI":"DKI JAKARTA","ID_KABKOT":"31.75","KABKOT":"KOTA ADM. JAKARTA TIMUR","ID_KEC":"31.75.09","KECAMATAN":"CIRACAS","ID_DESA":"31.75.09.1001","DESA":"CIRACAS","LONGITUDE":106.8751575,"LATITUDE":-6.3295128,"STATUS":"BUKA","TANGGAL UPDATE":"27/02/2025","TANGGAL PENGUMPULAN":"Q4 2023","q":27445,"r":-15133}},{"type":"Feature","geometry":{"coordinates":[106.9069023,-6.2591201],"type":"Point"},"properties":{"NAMA":"NASI UDUK NENEK","TIPE_1":"MAKANAN DAN MINUMAN","TIPE_2":"RESTORAN","TIPE_3":"RESTORAN MELAYU","TELEPON":"0814-1355-7352","ALAMAT":"RT.4/RW.5, CIPINANG MELAYU, KEC. MAKASAR, KOTA BKS, JAWA BARAT 13620","ID_PROV":"31","PROVINSI":"DKI JAKARTA","ID_KABKOT":"31.75","KABKOT":"KOTA ADM. JAKARTA TIMUR","ID_KEC":"31.75.08","KECAMATAN":"MAKASAR","ID_DESA":"31.75.08.1005","DESA":"CIPINANG MELAYU","LONGITUDE":106.9069023,"LATITUDE":-6.2591201,"STATUS":"BUKA","TANGGAL UPDATE":"27/02/2025","TANGGAL PENGUMPULAN":"Q4 2023","q":27453,"r":-15121}},{"type":"Feature","geometry":{"coordinates":[106.89711140000009,-6.224601099999973],"type":"Point"},"properties":{"NAMA":"MOM'S KITCHEN","TIPE_1":"MAKANAN DAN MINUMAN","TIPE_2":"RESTORAN","TIPE_3":"RESTORAN KOREA","TELEPON":"0811-840-909","ALAMAT":"CASABLANCA EAST RESIDENCES JAKARTA, RT.1/RW.2, PD. BAMBU, KEC. DUREN SAWIT, KOTA JAKARTA TIMUR, DAERAH KHUSUS IBUKOTA JAKARTA 13440","ID_PROV":"31","PROVINSI":"DKI JAKARTA","ID_KABKOT":"31.75","KABKOT":"KOTA ADM. JAKARTA TIMUR","ID_KEC":"31.75.07","KECAMATAN":"DUREN SAWIT","ID_DESA":"31.75.07.1002","DESA":"PONDOK BAMBU","LONGITUDE":106.8971114,"LATITUDE":-6.2246011,"STATUS":"BUKA","TANGGAL UPDATE":"27/02/2025","TANGGAL PENGUMPULAN":"Q4 2023","q":27451,"r":-15112}},{"type":"Feature","geometry":{"coordinates":[106.89518450000008,-6.22946769999993],"type":"Point"},"properties":{"NAMA":"MUJIGAE KOREAN DELIVERY BASUKI RAHMAT","TIPE_1":"MAKANAN DAN MINUMAN","TIPE_2":"RESTORAN","TIPE_3":"RESTORAN KOREA","TELEPON":"0811-1905-0313","ALAMAT":"JL. JEND. BASUKI RACHMAT NO.101, RT.1/RW.3, PD. BAMBU, KEC. DUREN SAWIT, KOTA JAKARTA TIMUR, DAERAH KHUSUS IBUKOTA JAKARTA 13420","ID_PROV":"31","PROVINSI":"DKI JAKARTA","ID_KABKOT":"31.75","KABKOT":"KOTA ADM. JAKARTA TIMUR","ID_KEC":"31.75.07","KECAMATAN":"DUREN SAWIT","ID_DESA":"31.75.07.1002","DESA":"PONDOK BAMBU","LONGITUDE":106.8951845,"LATITUDE":-6.2294677,"STATUS":"BUKA","TANGGAL UPDATE":"27/02/2025","TANGGAL PENGUMPULAN":"Q4 2023","q":27450,"r":-15113}},{"type":"Feature","geometry":{"coordinates":[106.93546730000008,-6.247405899999933],"type":"Point"},"properties":{"NAMA":"MUJIGAE KOREAN DELIVERY PONDOK KELAPA","TIPE_1":"MAKANAN DAN MINUMAN","TIPE_2":"RESTORAN","TIPE_3":"RESTORAN KOREA","TELEPON":"0811-1905-0306","ALAMAT":"JL. PD. KELAPA RAYA NO.7, RT.2/RW.11, PD. KLP., KEC. DUREN SAWIT, KOTA JAKARTA TIMUR, DAERAH KHUSUS IBUKOTA JAKARTA 13450","ID_PROV":"31","PROVINSI":"DKI JAKARTA","ID_KABKOT":"31.75","KABKOT":"KOTA ADM. JAKARTA TIMUR","ID_KEC":"31.75.07","KECAMATAN":"DUREN SAWIT","ID_DESA":"31.75.07.1004","DESA":"PONDOK KELAPA","LONGITUDE":106.9354673,"LATITUDE":-6.2474059,"STATUS":"BUKA","TANGGAL UPDATE":"27/02/2025","TANGGAL PENGUMPULAN":"Q4 2023","q":27460,"r":-15122}},{"type":"Feature","geometry":{"coordinates":[106.88712850000007,-6.196848699999975],"type":"Point"},"properties":{"NAMA":"MUJIGAE KOREAN DELIVERY RAWAMANGUN","TIPE_1":"MAKANAN DAN MINUMAN","TIPE_2":"RESTORAN","TIPE_3":"RESTORAN KOREA","TELEPON":"0811-1905-2366","ALAMAT":"JL. WARU NO.13, RT.1/RW.7, RAWAMANGUN, KEC. PULO GADUNG, KOTA JAKARTA TIMUR, DAERAH KHUSUS IBUKOTA JAKARTA 13220","ID_PROV":"31","PROVINSI":"DKI JAKARTA","ID_KABKOT":"31.75","KABKOT":"KOTA ADM. JAKARTA TIMUR","ID_KEC":"31.75.02","KECAMATAN":"PULOGADUNG","ID_DESA":"31.75.02.1005","DESA":"RAWAMANGUN","LONGITUDE":106.887128499999,"LATITUDE":-6.1968487,"STATUS":"BUKA","TANGGAL UPDATE":"27/02/2025","TANGGAL PENGUMPULAN":"Q4 2023","q":27448,"r":-15105}},{"type":"Feature","geometry":{"coordinates":[106.90551170000003,-6.231837799999937],"type":"Point"},"properties":{"NAMA":"XUKA XUKA KOREAN STREET FOOD DUREN SAWIT","TIPE_1":"MAKANAN DAN MINUMAN","TIPE_2":"RESTORAN","TIPE_3":"RESTORAN KOREA","TELEPON":"0877-9944-1900","ALAMAT":"JL. SAWAH BARAT DALAM 2 NO.1, RT.1/RW.6, PD. BAMBU, KEC. DUREN SAWIT, KOTA JAKARTA TIMUR, DAERAH KHUSUS IBUKOTA JAKARTA 13430","ID_PROV":"31","PROVINSI":"DKI JAKARTA","ID_KABKOT":"31.75","KABKOT":"KOTA ADM. JAKARTA TIMUR","ID_KEC":"31.75.07","KECAMATAN":"DUREN SAWIT","ID_DESA":"31.75.07.1002","DESA":"PONDOK BAMBU","LONGITUDE":106.905511699999,"LATITUDE":-6.2318378,"STATUS":"BUKA","TANGGAL UPDATE":"27/02/2025","TANGGAL PENGUMPULAN":"Q4 2023","q":27453,"r":-15115}},{"type":"Feature","geometry":{"coordinates":[106.8811537,-6.2430674],"type":"Point"},"properties":{"NAMA":"TACO FRIDAY - HALIM PERDANA KUSUMA","TIPE_1":"MAKANAN DAN MINUMAN","TIPE_2":"RESTORAN","TIPE_3":"RESTORAN MEKSIKO","TELEPON":"0812-8379-2657","ALAMAT":"JL. SUHADI JL. TRIKORA NO.4, HALIM PERDANA KUSUMAH, KEC. MAKASAR, KOTA JAKARTA TIMUR, DAERAH KHUSUS IBUKOTA JAKARTA 13610","ID_PROV":"31","PROVINSI":"DKI JAKARTA","ID_KABKOT":"31.75","KABKOT":"KOTA ADM. JAKARTA TIMUR","ID_KEC":"31.75.08","KECAMATAN":"MAKASAR","ID_DESA":"31.75.08.1004","DESA":"HALIM PERDANA KUSUMA","LONGITUDE":106.8811537,"LATITUDE":-6.2430674,"STATUS":"BUKA","TANGGAL UPDATE":"27/02/2025","TANGGAL PENGUMPULAN":"Q4 2023","q":27446,"r":-15114}},{"type":"Feature","geometry":{"coordinates":[106.894315,-6.3127874],"type":"Point"},"properties":{"NAMA":"TACO FRIDAY - CIPAYUNG","TIPE_1":"MAKANAN DAN MINUMAN","TIPE_2":"RESTORAN","TIPE_3":"RESTORAN MEKSIKO","TELEPON":"0812-8379-2657","ALAMAT":"JL. GEMPOL RAYA NO.74, RT.12/RW.2, CEGER, CIPAYUNG, EAST JAKARTA CITY, JAKARTA 13820","ID_PROV":"31","PROVINSI":"DKI JAKARTA","ID_KABKOT":"31.75","KABKOT":"KOTA ADM. JAKARTA TIMUR","ID_KEC":"31.75.10","KECAMATAN":"CIPAYUNG","ID_DESA":"31.75.10.1006","DESA":"BAMBU APUS","LONGITUDE":106.894315,"LATITUDE":-6.3127874,"STATUS":"BUKA","TANGGAL UPDATE":"27/02/2025","TANGGAL PENGUMPULAN":"Q4 2023","q":27450,"r":-15132}},{"type":"Feature","geometry":{"coordinates":[106.8987893,-6.2174213],"type":"Point"},"properties":{"NAMA":"NGGENDANGAR","TIPE_1":"MAKANAN DAN MINUMAN","TIPE_2":"RESTORAN","TIPE_3":"RESTORAN MEKSIKO","TELEPON":"","ALAMAT":"JL. PERTANIAN SEL. NO.70, RT.12/RW.3, KLENDER, KEC. DUREN SAWIT, KOTA JAKARTA TIMUR, DAERAH KHUSUS IBUKOTA JAKARTA 13470","ID_PROV":"31","PROVINSI":"DKI JAKARTA","ID_KABKOT":"31.75","KABKOT":"KOTA ADM. JAKARTA TIMUR","ID_KEC":"31.75.07","KECAMATAN":"DUREN SAWIT","ID_DESA":"31.75.07.1003","DESA":"KLENDER","LONGITUDE":106.8987893,"LATITUDE":-6.2174213,"STATUS":"BUKA","TANGGAL UPDATE":"27/02/2025","TANGGAL PENGUMPULAN":"Q4 2023","q":27451,"r":-15111}},{"type":"Feature","geometry":{"coordinates":[106.9289203,-6.2307237],"type":"Point"},"properties":{"NAMA":"CLOSED","TIPE_1":"MAKANAN DAN MINUMAN","TIPE_2":"RESTORAN","TIPE_3":"RESTORAN MEKSIKO","TELEPON":"0859-4558-1155","ALAMAT":"8 BLOK C5 NO, JL. TAMAN MALAKA UTARA NO.8, RT.3/RW.11, MALAKA JAYA, KEC. DUREN SAWIT, KOTA JAKARTA TIMUR, DAERAH KHUSUS IBUKOTA JAKARTA 13460","ID_PROV":"31","PROVINSI":"DKI JAKARTA","ID_KABKOT":"31.75","KABKOT":"KOTA ADM. JAKARTA TIMUR","ID_KEC":"31.75.07","KECAMATAN":"DUREN SAWIT","ID_DESA":"31.75.07.1005","DESA":"MALAKA SARI","LONGITUDE":106.9289203,"LATITUDE":-6.2307237,"STATUS":"BUKA","TANGGAL UPDATE":"27/02/2025","TANGGAL PENGUMPULAN":"Q4 2023","q":27459,"r":-15118}},{"type":"Feature","geometry":{"coordinates":[106.8853604,-6.302937],"type":"Point"},"properties":{"NAMA":"LYMA BRISKET GREEN TERRACE","TIPE_1":"MAKANAN DAN MINUMAN","TIPE_2":"RESTORAN","TIPE_3":"RESTORAN MEKSIKO","TELEPON":"0812-6888-5055","ALAMAT":"JL. RAYA MABES HANKAM NO.10, CEGER, KEC. CIPAYUNG, KOTA JAKARTA TIMUR, DAERAH KHUSUS IBUKOTA JAKARTA 13820","ID_PROV":"31","PROVINSI":"DKI JAKARTA","ID_KABKOT":"31.75","KABKOT":"KOTA ADM. JAKARTA TIMUR","ID_KEC":"31.75.10","KECAMATAN":"CIPAYUNG","ID_DESA":"31.75.10.1008","DESA":"CEGER","LONGITUDE":106.8853604,"LATITUDE":-6.302937,"STATUS":"BUKA","TANGGAL UPDATE":"27/02/2025","TANGGAL PENGUMPULAN":"Q4 2023","q":27447,"r":-15128}},{"type":"Feature","geometry":{"coordinates":[106.8788,-6.208468],"type":"Point"},"properties":{"NAMA":"GEDJROT","TIPE_1":"MAKANAN DAN MINUMAN","TIPE_2":"RESTORAN","TIPE_3":"RESTORAN MEKSIKO","TELEPON":"0896-0272-1461","ALAMAT":"JL. PISANGAN LAMA III NO.4, RT.8/RW.7, PISANGAN TIM., KEC. PULO GADUNG, KOTA JAKARTA TIMUR, DAERAH KHUSUS IBUKOTA JAKARTA 13230","ID_PROV":"31","PROVINSI":"DKI JAKARTA","ID_KABKOT":"31.75","KABKOT":"KOTA ADM. JAKARTA TIMUR","ID_KEC":"31.75.02","KECAMATAN":"PULOGADUNG","ID_DESA":"31.75.02.1002","DESA":"PISANGAN TIMUR","LONGITUDE":106.8788,"LATITUDE":-6.208468,"STATUS":"BUKA","TANGGAL UPDATE":"27/02/2025","TANGGAL PENGUMPULAN":"Q4 2023","q":27446,"r":-15106}},{"type":"Feature","geometry":{"coordinates":[106.91872730000006,-6.310980299999926],"type":"Point"},"properties":{"NAMA":"WARTEG NAGIH KOREAN STREET FOOD","TIPE_1":"MAKANAN DAN MINUMAN","TIPE_2":"RESTORAN","TIPE_3":"RESTORAN KOREA","TELEPON":"0882-9104-1918","ALAMAT":"JL. BANTAR JATI, RT.4/RW.2, SETU, KEC. CIPAYUNG, KOTA JAKARTA TIMUR, DAERAH KHUSUS IBUKOTA JAKARTA 13880","ID_PROV":"31","PROVINSI":"DKI JAKARTA","ID_KABKOT":"31.75","KABKOT":"KOTA ADM. JAKARTA TIMUR","ID_KEC":"31.75.10","KECAMATAN":"CIPAYUNG","ID_DESA":"31.75.10.1005","DESA":"SETU","LONGITUDE":106.9187273,"LATITUDE":-6.3109803,"STATUS":"BUKA","TANGGAL UPDATE":"27/02/2025","TANGGAL PENGUMPULAN":"Q4 2023","q":27456,"r":-15134}},{"type":"Feature","geometry":{"coordinates":[106.8784612,-6.3094121],"type":"Point"},"properties":{"NAMA":"PECEL AYAM MELAYU","TIPE_1":"MAKANAN DAN MINUMAN","TIPE_2":"RESTORAN","TIPE_3":"RESTORAN MELAYU","TELEPON":"","ALAMAT":"RAMBUTAN, KEC. CIRACAS, KOTA JAKARTA TIMUR, DAERAH KHUSUS IBUKOTA JAKARTA","ID_PROV":"31","PROVINSI":"DKI JAKARTA","ID_KABKOT":"31.75","KABKOT":"KOTA ADM. JAKARTA TIMUR","ID_KEC":"31.75.09","KECAMATAN":"CIRACAS","ID_DESA":"31.75.09.1005","DESA":"RAMBUTAN","LONGITUDE":106.8784612,"LATITUDE":-6.3094121,"STATUS":"BUKA","TANGGAL UPDATE":"27/02/2025","TANGGAL PENGUMPULAN":"Q4 2023","q":27446,"r":-15129}},{"type":"Feature","geometry":{"coordinates":[106.8673396,-6.3451733],"type":"Point"},"properties":{"NAMA":"WARTEG UTAMI","TIPE_1":"MAKANAN DAN MINUMAN","TIPE_2":"RESTORAN","TIPE_3":"RESTORAN MELAYU","TELEPON":"","ALAMAT":"PEKAYON, KEC. PS. REBO, KOTA JAKARTA TIMUR, DAERAH KHUSUS IBUKOTA JAKARTA","ID_PROV":"31","PROVINSI":"DKI JAKARTA","ID_KABKOT":"31.75","KABKOT":"KOTA ADM. JAKARTA TIMUR","ID_KEC":"31.75.05","KECAMATAN":"PASAR REBO","ID_DESA":"31.75.05.1005","DESA":"PEKAYON","LONGITUDE":106.8673396,"LATITUDE":-6.3451733,"STATUS":"BUKA","TANGGAL UPDATE":"27/02/2025","TANGGAL PENGUMPULAN":"Q4 2023","q":27443,"r":-15135}},{"type":"Feature","geometry":{"coordinates":[106.95239850000007,-6.217268599999954],"type":"Point"},"properties":{"NAMA":"DEJAGONGAN","TIPE_1":"MAKANAN DAN MINUMAN","TIPE_2":"RESTORAN","TIPE_3":"RESTORAN KOREA","TELEPON":"","ALAMAT":"20, JL. RAYA ST. CAKUNG NO.20, RT.10/RW.3, PULO GEBANG, CAKUNG, EAST JAKARTA CITY, JAKARTA 13950","ID_PROV":"31","PROVINSI":"DKI JAKARTA","ID_KABKOT":"31.75","KABKOT":"KOTA ADM. JAKARTA TIMUR","ID_KEC":"31.75.06","KECAMATAN":"CAKUNG","ID_DESA":"31.75.06.1005","DESA":"PULO GEBANG","LONGITUDE":106.9523985,"LATITUDE":-6.2172686,"STATUS":"BUKA","TANGGAL UPDATE":"27/02/2025","TANGGAL PENGUMPULAN":"Q4 2023","q":27465,"r":-15118}},{"type":"Feature","geometry":{"coordinates":[106.88264230000004,-6.351661599999943],"type":"Point"},"properties":{"NAMA":"DAEBAK TOKPOKI CIBUBUR","TIPE_1":"MAKANAN DAN MINUMAN","TIPE_2":"RESTORAN","TIPE_3":"RESTORAN KOREA","TELEPON":"","ALAMAT":"JL. LAP. TEMBAK JL. CIBUBUR VIII NO.SAMPING, RT.2/RW.11, CIBUBUR, CIRACAS, EAST JAKARTA CITY, JAKARTA 13720","ID_PROV":"31","PROVINSI":"DKI JAKARTA","ID_KABKOT":"31.75","KABKOT":"KOTA ADM. JAKARTA TIMUR","ID_KEC":"31.75.09","KECAMATAN":"CIRACAS","ID_DESA":"31.75.09.1003","DESA":"KELAPA DUA WETAN","LONGITUDE":106.8826423,"LATITUDE":-6.3516616,"STATUS":"BUKA","TANGGAL UPDATE":"27/02/2025","TANGGAL PENGUMPULAN":"Q4 2023","q":27447,"r":-15139}},{"type":"Feature","geometry":{"coordinates":[106.89801110000008,-6.187913299999934],"type":"Point"},"properties":{"NAMA":"DAEBAK TOKPOKI TARUNA PULOGADUNG","TIPE_1":"MAKANAN DAN MINUMAN","TIPE_2":"RESTORAN","TIPE_3":"RESTORAN KOREA","TELEPON":"0877-7650-7943","ALAMAT":"JL. TARUNA NO.7, RT.13/RW.4, JATI, KEC. PULO GADUNG, KOTA JAKARTA TIMUR, DAERAH KHUSUS IBUKOTA JAKARTA 13220","ID_PROV":"31","PROVINSI":"DKI JAKARTA","ID_KABKOT":"31.75","KABKOT":"KOTA ADM. JAKARTA TIMUR","ID_KEC":"31.75.02","KECAMATAN":"PULOGADUNG","ID_DESA":"31.75.02.1007","DESA":"JATI","LONGITUDE":106.898011099999,"LATITUDE":-6.1879133,"STATUS":"BUKA","TANGGAL UPDATE":"27/02/2025","TANGGAL PENGUMPULAN":"Q4 2023","q":27451,"r":-15104}},{"type":"Feature","geometry":{"coordinates":[106.88566950000006,-6.303431],"type":"Point"},"properties":{"NAMA":"DEUSEYO KOREAN BBQ & JJIGAE - GREEN TERRACE TMII","TIPE_1":"MAKANAN DAN MINUMAN","TIPE_2":"RESTORAN","TIPE_3":"RESTORAN KOREA","TELEPON":"(021) 22095807","ALAMAT":"GREEN TERRACE TMII, JL. RAYA MABES HANKAM NO.10, CEGER, KEC. CIPAYUNG, KOTA JAKARTA TIMUR, DAERAH KHUSUS IBUKOTA JAKARTA 13820","ID_PROV":"31","PROVINSI":"DKI JAKARTA","ID_KABKOT":"31.75","KABKOT":"KOTA ADM. JAKARTA TIMUR","ID_KEC":"31.75.10","KECAMATAN":"CIPAYUNG","ID_DESA":"31.75.10.1008","DESA":"CEGER","LONGITUDE":106.885669499999,"LATITUDE":-6.303431,"STATUS":"BUKA","TANGGAL UPDATE":"27/02/2025","TANGGAL PENGUMPULAN":"Q4 2023","q":27448,"r":-15128}},{"type":"Feature","geometry":{"coordinates":[106.89104660000004,-6.194524399999978],"type":"Point"},"properties":{"NAMA":"FONDRE CREAMY KOREAN DRINK - RAWAMANGUN","TIPE_1":"MAKANAN DAN MINUMAN","TIPE_2":"RESTORAN","TIPE_3":"RESTORAN KOREA","TELEPON":"0811-1390-4528","ALAMAT":"JL. PAUS NO.2, RT.1/RW.7, RAWAMANGUN, KEC. PULO GADUNG, KOTA JAKARTA TIMUR, DAERAH KHUSUS IBUKOTA JAKARTA 13220","ID_PROV":"31","PROVINSI":"DKI JAKARTA","ID_KABKOT":"31.75","KABKOT":"KOTA ADM. JAKARTA TIMUR","ID_KEC":"31.75.02","KECAMATAN":"PULOGADUNG","ID_DESA":"31.75.02.1005","DESA":"RAWAMANGUN","LONGITUDE":106.8910466,"LATITUDE":-6.1945244,"STATUS":"BUKA","TANGGAL UPDATE":"27/02/2025","TANGGAL PENGUMPULAN":"Q4 2023","q":27449,"r":-15105}},{"type":"Feature","geometry":{"coordinates":[106.89275,-6.229305599999975],"type":"Point"},"properties":{"NAMA":"FONDRE CREAMY KOREAN DRINK - BASUKI RACHMAT","TIPE_1":"MAKANAN DAN MINUMAN","TIPE_2":"RESTORAN","TIPE_3":"RESTORAN KOREA","TELEPON":"0811-1390-4516","ALAMAT":"JL. JEND. BASUKI RACHMAT NO.12, RT.2/RW.3, PD. BAMBU, KEC. DUREN SAWIT, KOTA JAKARTA TIMUR, DAERAH KHUSUS IBUKOTA JAKARTA 13420","ID_PROV":"31","PROVINSI":"DKI JAKARTA","ID_KABKOT":"31.75","KABKOT":"KOTA ADM. JAKARTA TIMUR","ID_KEC":"31.75.07","KECAMATAN":"DUREN SAWIT","ID_DESA":"31.75.07.1002","DESA":"PONDOK BAMBU","LONGITUDE":106.89275,"LATITUDE":-6.2293056,"STATUS":"BUKA","TANGGAL UPDATE":"27/02/2025","TANGGAL PENGUMPULAN":"Q4 2023","q":27449,"r":-15113}},{"type":"Feature","geometry":{"coordinates":[106.92709930000007,-6.220574699999929],"type":"Point"},"properties":{"NAMA":"FOOD DELIMA","TIPE_1":"MAKANAN DAN MINUMAN","TIPE_2":"RESTORAN","TIPE_3":"RESTORAN KOREA","TELEPON":"0812-2636-9788","ALAMAT":"JL. DELIMA III GG. 2 PERUMNAS NO.18, RT.13/RW.3, KLENDER, KEC. DUREN SAWIT, KOTA JAKARTA TIMUR, DAERAH KHUSUS IBUKOTA JAKARTA 13460","ID_PROV":"31","PROVINSI":"DKI JAKARTA","ID_KABKOT":"31.75","KABKOT":"KOTA ADM. JAKARTA TIMUR","ID_KEC":"31.75.07","KECAMATAN":"DUREN SAWIT","ID_DESA":"31.75.07.1005","DESA":"MALAKA SARI","LONGITUDE":106.9270993,"LATITUDE":-6.2205747,"STATUS":"BUKA","TANGGAL UPDATE":"27/02/2025","TANGGAL PENGUMPULAN":"Q4 2023","q":27458,"r":-15115}},{"type":"Feature","geometry":{"coordinates":[106.90969660000007,-6.316234099999974],"type":"Point"},"properties":{"NAMA":"ENDOL KOREAN FOOD JAKARTA","TIPE_1":"MAKANAN DAN MINUMAN","TIPE_2":"RESTORAN","TIPE_3":"RESTORAN KOREA","TELEPON":"0859-6708-9839","ALAMAT":"JLN PUSKESMAS RT.004/03 NO.28A, SETU, KEC. CIPAYUNG, DAERAH KHUSUS IBUKOTA JAKARTA 13880","ID_PROV":"31","PROVINSI":"DKI JAKARTA","ID_KABKOT":"31.75","KABKOT":"KOTA ADM. JAKARTA TIMUR","ID_KEC":"31.75.10","KECAMATAN":"CIPAYUNG","ID_DESA":"31.75.10.1005","DESA":"SETU","LONGITUDE":106.909696599999,"LATITUDE":-6.3162341,"STATUS":"BUKA","TANGGAL UPDATE":"27/02/2025","TANGGAL PENGUMPULAN":"Q4 2023","q":27454,"r":-15134}},{"type":"Feature","geometry":{"coordinates":[106.86506170000007,-6.206318499999952],"type":"Point"},"properties":{"NAMA":"BULGOY KOREAN FOOD & DALGONA COFFE","TIPE_1":"MAKANAN DAN MINUMAN","TIPE_2":"RESTORAN","TIPE_3":"RESTORAN KOREA","TELEPON":"","ALAMAT":"JL. KAYU MANIS VIII NO.68, RT.16/RW.8, KAYU MANIS, KEC. MATRAMAN, KOTA JAKARTA TIMUR, DAERAH KHUSUS IBUKOTA JAKARTA 13130","ID_PROV":"31","PROVINSI":"DKI JAKARTA","ID_KABKOT":"31.75","KABKOT":"KOTA ADM. JAKARTA TIMUR","ID_KEC":"31.75.01","KECAMATAN":"MATRAMAN","ID_DESA":"31.75.01.1003","DESA":"KAYU MANIS","LONGITUDE":106.8650617,"LATITUDE":-6.2063185,"STATUS":"BUKA","TANGGAL UPDATE":"27/02/2025","TANGGAL PENGUMPULAN":"Q4 2023","q":27442,"r":-15104}},{"type":"Feature","geometry":{"coordinates":[106.84903270000007,-6.33147839999998],"type":"Point"},"properties":{"NAMA":"BUCHEONARA - KALISARI JAKARTA TIMUR","TIPE_1":"MAKANAN DAN MINUMAN","TIPE_2":"RESTORAN","TIPE_3":"RESTORAN KOREA","TELEPON":"0813-1918-235","ALAMAT":"JLN. BARET BIRU III, GG HAJI BONTONG 1, NO 97B RT 05/03, DAERAH KHUSUS IBUKOTA JAKARTA 13790","ID_PROV":"31","PROVINSI":"DKI JAKARTA","ID_KABKOT":"31.75","KABKOT":"KOTA ADM. JAKARTA TIMUR","ID_KEC":"31.75.05","KECAMATAN":"PASAR REBO","ID_DESA":"31.75.05.1004","DESA":"KALISARI","LONGITUDE":106.8490327,"LATITUDE":-6.3314784,"STATUS":"BUKA","TANGGAL UPDATE":"27/02/2025","TANGGAL PENGUMPULAN":"Q4 2023","q":27438,"r":-15130}},{"type":"Feature","geometry":{"coordinates":[106.89741430000004,-6.232374299999947],"type":"Point"},"properties":{"NAMA":"BULGOGI YAA! AYCE KOREAN RESTAURANT","TIPE_1":"MAKANAN DAN MINUMAN","TIPE_2":"RESTORAN","TIPE_3":"RESTORAN KOREA","TELEPON":"0817-7418-9990","ALAMAT":"LT. 2 THE VIEW BUILDING, JL. PAHLAWAN REVOLUSI NO.5, RT.8/RW.9, PD. BAMBU, KEC. DUREN SAWIT, KOTA JAKARTA TIMUR, DAERAH KHUSUS IBUKOTA JAKARTA 13430","ID_PROV":"31","PROVINSI":"DKI JAKARTA","ID_KABKOT":"31.75","KABKOT":"KOTA ADM. JAKARTA TIMUR","ID_KEC":"31.75.07","KECAMATAN":"DUREN SAWIT","ID_DESA":"31.75.07.1002","DESA":"PONDOK BAMBU","LONGITUDE":106.8974143,"LATITUDE":-6.2323743,"STATUS":"BUKA","TANGGAL UPDATE":"27/02/2025","TANGGAL PENGUMPULAN":"Q4 2023","q":27451,"r":-15114}},{"type":"Feature","geometry":{"coordinates":[106.89335280000006,-6.223906199999931],"type":"Point"},"properties":{"NAMA":"CAMILAN KOREA CIPINANG MUARA","TIPE_1":"MAKANAN DAN MINUMAN","TIPE_2":"RESTORAN","TIPE_3":"RESTORAN KOREA","TELEPON":"0877-8612-7002","ALAMAT":"JL. CIPINANG MUARA 2, RT.14/RW.2, CIPINANG MUARA, KECAMATAN JATINEGARA, KOTA JAKARTA TIMUR, DAERAH KHUSUS IBUKOTA JAKARTA 13420","ID_PROV":"31","PROVINSI":"DKI JAKARTA","ID_KABKOT":"31.75","KABKOT":"KOTA ADM. JAKARTA TIMUR","ID_KEC":"31.75.03","KECAMATAN":"JATINEGARA","ID_DESA":"31.75.03.1006","DESA":"CIPINANG MUARA","LONGITUDE":106.893352799999,"LATITUDE":-6.2239062,"STATUS":"BUKA","TANGGAL UPDATE":"27/02/2025","TANGGAL PENGUMPULAN":"Q4 2023","q":27450,"r":-15112}},{"type":"Feature","geometry":{"coordinates":[106.85259110000004,-6.331162599999971],"type":"Point"},"properties":{"NAMA":"CORNDOG DAN TOPOKI KEY DESSERT KALISARI","TIPE_1":"MAKANAN DAN MINUMAN","TIPE_2":"RESTORAN","TIPE_3":"RESTORAN KOREA","TELEPON":"0812-9530-6313","ALAMAT":"SAMPING SMPN 179, JL. KALISARI RAYA NO.113, BARU, KEC. PS. REBO, KOTA JAKARTA TIMUR, DAERAH KHUSUS IBUKOTA JAKARTA 13790","ID_PROV":"31","PROVINSI":"DKI JAKARTA","ID_KABKOT":"31.75","KABKOT":"KOTA ADM. JAKARTA TIMUR","ID_KEC":"31.75.05","KECAMATAN":"PASAR REBO","ID_DESA":"31.75.05.1004","DESA":"KALISARI","LONGITUDE":106.8525911,"LATITUDE":-6.3311626,"STATUS":"BUKA","TANGGAL UPDATE":"27/02/2025","TANGGAL PENGUMPULAN":"Q4 2023","q":27439,"r":-15130}},{"type":"Feature","geometry":{"coordinates":[106.89145650000006,-6.196225199999958],"type":"Point"},"properties":{"NAMA":"CUPBOP RAWAMANGUN PAUS","TIPE_1":"MAKANAN DAN MINUMAN","TIPE_2":"RESTORAN","TIPE_3":"RESTORAN KOREA","TELEPON":"","ALAMAT":"JALAN PAUS NO.91 A, KEL. JATI KEC.PULOGADUNG JAKARTA TIMUR, DAERAH KHUSUS IBUKOTA JAKARTA 13220","ID_PROV":"31","PROVINSI":"DKI JAKARTA","ID_KABKOT":"31.75","KABKOT":"KOTA ADM. JAKARTA TIMUR","ID_KEC":"31.75.02","KECAMATAN":"PULOGADUNG","ID_DESA":"31.75.02.1007","DESA":"JATI","LONGITUDE":106.891456499999,"LATITUDE":-6.1962252,"STATUS":"BUKA","TANGGAL UPDATE":"27/02/2025","TANGGAL PENGUMPULAN":"Q4 2023","q":27449,"r":-15105}},{"type":"Feature","geometry":{"coordinates":[106.86265140000006,-6.202056899999945],"type":"Point"},"properties":{"NAMA":"COOLMATJIB","TIPE_1":"MAKANAN DAN MINUMAN","TIPE_2":"RESTORAN","TIPE_3":"RESTORAN KOREA","TELEPON":"","ALAMAT":"JL. KAYU MANIS V BARU NO.RT.7, RT.7/RW.4, KAYU MANIS, KEC. MATRAMAN, KOTA JAKARTA TIMUR, DAERAH KHUSUS IBUKOTA JAKARTA 13130","ID_PROV":"31","PROVINSI":"DKI JAKARTA","ID_KABKOT":"31.75","KABKOT":"KOTA ADM. JAKARTA TIMUR","ID_KEC":"31.75.01","KECAMATAN":"MATRAMAN","ID_DESA":"31.75.01.1003","DESA":"KAYU MANIS","LONGITUDE":106.862651399999,"LATITUDE":-6.2020569,"STATUS":"BUKA","TANGGAL UPDATE":"27/02/2025","TANGGAL PENGUMPULAN":"Q4 2023","q":27442,"r":-15103}},{"type":"Feature","geometry":{"coordinates":[106.86880180000009,-6.329390299999943],"type":"Point"},"properties":{"NAMA":"CORNDOG ALUMA PONCOL","TIPE_1":"MAKANAN DAN MINUMAN","TIPE_2":"RESTORAN","TIPE_3":"RESTORAN KOREA","TELEPON":"0897-1509-002","ALAMAT":"JL. RAYA PONCOL NO.10A, RT.3/RW.7, CIRACAS, KEC. CIRACAS, KOTA JAKARTA TIMUR, DAERAH KHUSUS IBUKOTA JAKARTA 13740","ID_PROV":"31","PROVINSI":"DKI JAKARTA","ID_KABKOT":"31.75","KABKOT":"KOTA ADM. JAKARTA TIMUR","ID_KEC":"31.75.09","KECAMATAN":"CIRACAS","ID_DESA":"31.75.09.1001","DESA":"CIRACAS","LONGITUDE":106.8688018,"LATITUDE":-6.3293903,"STATUS":"BUKA","TANGGAL UPDATE":"27/02/2025","TANGGAL PENGUMPULAN":"Q4 2023","q":27443,"r":-15132}},{"type":"Feature","geometry":{"coordinates":[106.87322910000006,-6.346700299999952],"type":"Point"},"properties":{"NAMA":"CHUGBOG KOREAN STREET FOOD","TIPE_1":"MAKANAN DAN MINUMAN","TIPE_2":"RESTORAN","TIPE_3":"RESTORAN KOREA","TELEPON":"0813-8103-4520","ALAMAT":"RT.12/RW.2, CIBUBUR, KEC. CIRACAS, KOTA JAKARTA TIMUR, DAERAH KHUSUS IBUKOTA JAKARTA 13720","ID_PROV":"31","PROVINSI":"DKI JAKARTA","ID_KABKOT":"31.75","KABKOT":"KOTA ADM. JAKARTA TIMUR","ID_KEC":"31.75.09","KECAMATAN":"CIRACAS","ID_DESA":"31.75.09.1002","DESA":"CIBUBUR","LONGITUDE":106.873229099999,"LATITUDE":-6.3467003,"STATUS":"BUKA","TANGGAL UPDATE":"27/02/2025","TANGGAL PENGUMPULAN":"Q4 2023","q":27444,"r":-15137}},{"type":"Feature","geometry":{"coordinates":[106.89239520000007,-6.341801499999974],"type":"Point"},"properties":{"NAMA":"CENTRAL KITCHEN ANNYEONG","TIPE_1":"MAKANAN DAN MINUMAN","TIPE_2":"RESTORAN","TIPE_3":"RESTORAN KOREA","TELEPON":"0813-8100-0036","ALAMAT":"JL. MALAKA NO.6, RT.6/RW.4, MUNJUL, KEC. CIPAYUNG, KOTA JAKARTA TIMUR, DAERAH KHUSUS IBUKOTA JAKARTA 13850","ID_PROV":"31","PROVINSI":"DKI JAKARTA","ID_KABKOT":"31.75","KABKOT":"KOTA ADM. JAKARTA TIMUR","ID_KEC":"31.75.10","KECAMATAN":"CIPAYUNG","ID_DESA":"31.75.10.1004","DESA":"MUNJUL","LONGITUDE":106.8923952,"LATITUDE":-6.3418015,"STATUS":"BUKA","TANGGAL UPDATE":"27/02/2025","TANGGAL PENGUMPULAN":"Q4 2023","q":27449,"r":-15138}},{"type":"Feature","geometry":{"coordinates":[106.88997380000006,-6.34271549999994],"type":"Point"},"properties":{"NAMA":"3A KOREAN FOOD","TIPE_1":"MAKANAN DAN MINUMAN","TIPE_2":"RESTORAN","TIPE_3":"RESTORAN KOREA","TELEPON":"0811-1343-472","ALAMAT":"JL. TAMAN NO.39, RT.7/RW.1, CIPAYUNG, KEC. CIPAYUNG, KOTA JAKARTA TIMUR, DAERAH KHUSUS IBUKOTA JAKARTA 13850","ID_PROV":"31","PROVINSI":"DKI JAKARTA","ID_KABKOT":"31.75","KABKOT":"KOTA ADM. JAKARTA TIMUR","ID_KEC":"31.75.10","KECAMATAN":"CIPAYUNG","ID_DESA":"31.75.10.1004","DESA":"MUNJUL","LONGITUDE":106.889973799999,"LATITUDE":-6.3427155,"STATUS":"BUKA","TANGGAL UPDATE":"27/02/2025","TANGGAL PENGUMPULAN":"Q4 2023","q":27449,"r":-15138}},{"type":"Feature","geometry":{"coordinates":[106.85738990000004,-6.197256299999935],"type":"Point"},"properties":{"NAMA":"YUJIRO","TIPE_1":"MAKANAN DAN MINUMAN","TIPE_2":"RESTORAN","TIPE_3":"RESTORAN JEPANG","TELEPON":"0813-9938-8022","ALAMAT":"ARGA MEDICAL, JL. PRAMUKA NO.12A, PALMERIAM, KEC. MATRAMAN, KOTA JAKARTA TIMUR, DAERAH KHUSUS IBUKOTA JAKARTA 13140","ID_PROV":"31","PROVINSI":"DKI JAKARTA","ID_KABKOT":"31.75","KABKOT":"KOTA ADM. JAKARTA TIMUR","ID_KEC":"31.75.01","KECAMATAN":"MATRAMAN","ID_DESA":"31.75.01.1004","DESA":"PALMERIAM","LONGITUDE":106.8573899,"LATITUDE":-6.1972563,"STATUS":"BUKA","TANGGAL UPDATE":"27/02/2025","TANGGAL PENGUMPULAN":"Q4 2023","q":27440,"r":-15101}},{"type":"Feature","geometry":{"coordinates":[106.94291130000005,-6.210735899999975],"type":"Point"},"properties":{"NAMA":"MASISSDA RICE BOX","TIPE_1":"MAKANAN DAN MINUMAN","TIPE_2":"RESTORAN","TIPE_3":"RESTORAN KOREA","TELEPON":"","ALAMAT":"JL. H. HASAN NO.47, RT.14/RW.8, PENGGILINGAN, KEC. CAKUNG, KOTA JAKARTA TIMUR, DAERAH KHUSUS IBUKOTA JAKARTA 13940","ID_PROV":"31","PROVINSI":"DKI JAKARTA","ID_KABKOT":"31.75","KABKOT":"KOTA ADM. JAKARTA TIMUR","ID_KEC":"31.75.06","KECAMATAN":"CAKUNG","ID_DESA":"31.75.06.1005","DESA":"PULO GEBANG","LONGITUDE":106.942911299999,"LATITUDE":-6.2107359,"STATUS":"BUKA","TANGGAL UPDATE":"27/02/2025","TANGGAL PENGUMPULAN":"Q4 2023","q":27462,"r":-15115}},{"type":"Feature","geometry":{"coordinates":[106.926303,-6.223021899999935],"type":"Point"},"properties":{"NAMA":"MASIJONG KOREAN BBQ","TIPE_1":"MAKANAN DAN MINUMAN","TIPE_2":"RESTORAN","TIPE_3":"RESTORAN KOREA","TELEPON":"","ALAMAT":"JL. DELIMA RAYA NO.7, RT.6/RW.5, MALAKA SARI, KEC. DUREN SAWIT, KOTA JAKARTA TIMUR, DAERAH KHUSUS IBUKOTA JAKARTA 13460","ID_PROV":"31","PROVINSI":"DKI JAKARTA","ID_KABKOT":"31.75","KABKOT":"KOTA ADM. JAKARTA TIMUR","ID_KEC":"31.75.07","KECAMATAN":"DUREN SAWIT","ID_DESA":"31.75.07.1005","DESA":"MALAKA SARI","LONGITUDE":106.926303,"LATITUDE":-6.2230219,"STATUS":"BUKA","TANGGAL UPDATE":"27/02/2025","TANGGAL PENGUMPULAN":"Q4 2023","q":27458,"r":-15116}},{"type":"Feature","geometry":{"coordinates":[106.85097120000006,-6.324483599999951],"type":"Point"},"properties":{"NAMA":"MASISSEOYO KOREAN KITCHEN","TIPE_1":"MAKANAN DAN MINUMAN","TIPE_2":"RESTORAN","TIPE_3":"RESTORAN KOREA","TELEPON":"","ALAMAT":"JL. SERBAGUNA B NO.9F, RT.002/01, KELURAHAN BARU, GG. SERBAGUNA. B NO.9F, RT.2/RW.1, BARU, KEC. PS. REBO, KOTA JAKARTA TIMUR, DAERAH KHUSUS IBUKOTA JAKARTA 13780","ID_PROV":"31","PROVINSI":"DKI JAKARTA","ID_KABKOT":"31.75","KABKOT":"KOTA ADM. JAKARTA TIMUR","ID_KEC":"31.75.05","KECAMATAN":"PASAR REBO","ID_DESA":"31.75.05.1002","DESA":"BARU","LONGITUDE":106.850971199999,"LATITUDE":-6.3244836,"STATUS":"BUKA","TANGGAL UPDATE":"27/02/2025","TANGGAL PENGUMPULAN":"Q4 2023","q":27439,"r":-15129}},{"type":"Feature","geometry":{"coordinates":[106.89161230000008,-6.335187699999949],"type":"Point"},"properties":{"NAMA":"SUSHI MATE CIPAYUNG","TIPE_1":"MAKANAN DAN MINUMAN","TIPE_2":"RESTORAN","TIPE_3":"SUSHI","TELEPON":"0811-8696-607","ALAMAT":"JL. PERJUANGAN NO.3B, RT.3/RW.1, CIPAYUNG, KEC. CIPAYUNG, KOTA JAKARTA TIMUR, DAERAH KHUSUS IBUKOTA JAKARTA 13840","ID_PROV":"31","PROVINSI":"DKI JAKARTA","ID_KABKOT":"31.75","KABKOT":"KOTA ADM. JAKARTA TIMUR","ID_KEC":"31.75.10","KECAMATAN":"CIPAYUNG","ID_DESA":"31.75.10.1001","DESA":"CIPAYUNG","LONGITUDE":106.891612299999,"LATITUDE":-6.3351877,"STATUS":"BUKA","TANGGAL UPDATE":"27/02/2025","TANGGAL PENGUMPULAN":"Q4 2023","q":27449,"r":-15136}},{"type":"Feature","geometry":{"coordinates":[106.877756,-6.224286],"type":"Point"},"properties":{"NAMA":"GOKANA RAMEN & TEPPAN MALL BASSURA","TIPE_1":"MAKANAN DAN MINUMAN","TIPE_2":"RESTORAN","TIPE_3":"RAMEN","TELEPON":"","ALAMAT":"CIPINANG BESAR SEL., KECAMATAN JATINEGARA, KOTA JAKARTA TIMUR, DAERAH KHUSUS IBUKOTA JAKARTA","ID_PROV":"31","PROVINSI":"DKI JAKARTA","ID_KABKOT":"31.75","KABKOT":"KOTA ADM. JAKARTA TIMUR","ID_KEC":"31.75.03","KECAMATAN":"JATINEGARA","ID_DESA":"31.75.03.1007","DESA":"CIPINANG BESAR SELATAN","LONGITUDE":106.877756,"LATITUDE":-6.224286,"STATUS":"BUKA","TANGGAL UPDATE":"27/02/2025","TANGGAL PENGUMPULAN":"Q4 2023","q":27446,"r":-15110}},{"type":"Feature","geometry":{"coordinates":[106.89071470000005,-6.226427399999977],"type":"Point"},"properties":{"NAMA":"BOSS TAKOYAKI","TIPE_1":"MAKANAN DAN MINUMAN","TIPE_2":"RESTORAN","TIPE_3":"RESTORAN JEPANG","TELEPON":"0813-1200-0896","ALAMAT":"RT.16/RW.3, CIPINANG MUARA, KECAMATAN JATINEGARA, KOTA JAKARTA TIMUR, DAERAH KHUSUS IBUKOTA JAKARTA","ID_PROV":"31","PROVINSI":"DKI JAKARTA","ID_KABKOT":"31.75","KABKOT":"KOTA ADM. JAKARTA TIMUR","ID_KEC":"31.75.03","KECAMATAN":"JATINEGARA","ID_DESA":"31.75.03.1006","DESA":"CIPINANG MUARA","LONGITUDE":106.890714699999,"LATITUDE":-6.2264274,"STATUS":"BUKA","TANGGAL UPDATE":"27/02/2025","TANGGAL PENGUMPULAN":"Q4 2023","q":27449,"r":-15112}},{"type":"Feature","geometry":{"coordinates":[106.89094430000006,-6.318067699999972],"type":"Point"},"properties":{"NAMA":"STREET SUSHI CIPAYUNG","TIPE_1":"MAKANAN DAN MINUMAN","TIPE_2":"RESTORAN","TIPE_3":"SUSHI","TELEPON":"","ALAMAT":"D'LIGHT ONE (FOOD COURT, JL. BINA MARGA NO.31, RT.2/RW.4, CEGER, KEC. CIPAYUNG, KOTA JAKARTA TIMUR, DAERAH KHUSUS IBUKOTA JAKARTA 13820","ID_PROV":"31","PROVINSI":"DKI JAKARTA","ID_KABKOT":"31.75","KABKOT":"KOTA ADM. JAKARTA TIMUR","ID_KEC":"31.75.10","KECAMATAN":"CIPAYUNG","ID_DESA":"31.75.10.1008","DESA":"CEGER","LONGITUDE":106.8909443,"LATITUDE":-6.3180677,"STATUS":"BUKA","TANGGAL UPDATE":"27/02/2025","TANGGAL PENGUMPULAN":"Q4 2023","q":27449,"r":-15132}},{"type":"Feature","geometry":{"coordinates":[106.88799250000005,-6.361825499999952],"type":"Point"},"properties":{"NAMA":"TM KITCHEN JAMBORE","TIPE_1":"MAKANAN DAN MINUMAN","TIPE_2":"RESTORAN","TIPE_3":"RESTORAN JEPANG","TELEPON":"0812-1173-6898","ALAMAT":"6, JL. JAMBORE NO.6, RT.6/RW.13, CIBUBUR, KEC. CIRACAS, KOTA JAKARTA TIMUR, DAERAH KHUSUS IBUKOTA JAKARTA 13720","ID_PROV":"31","PROVINSI":"DKI JAKARTA","ID_KABKOT":"31.75","KABKOT":"KOTA ADM. JAKARTA TIMUR","ID_KEC":"31.75.09","KECAMATAN":"CIRACAS","ID_DESA":"31.75.09.1002","DESA":"CIBUBUR","LONGITUDE":106.8879925,"LATITUDE":-6.3618255,"STATUS":"BUKA","TANGGAL UPDATE":"27/02/2025","TANGGAL PENGUMPULAN":"Q4 2023","q":27448,"r":-15142}},{"type":"Feature","geometry":{"coordinates":[106.86430340000004,-6.214299199999971],"type":"Point"},"properties":{"NAMA":"GOKANA RAMEN & TEPPAN CITYPLAZA JATINEGARA","TIPE_1":"MAKANAN DAN MINUMAN","TIPE_2":"RESTORAN","TIPE_3":"RAMEN","TELEPON":"(021) 85915023","ALAMAT":"CITY PLAZA JATINEGARA, JL. JATINEGARA TIMUR NO.60, RT.7/RW.3, BALI MESTER, KECAMATAN JATINEGARA, KOTA JAKARTA TIMUR, DAERAH KHUSUS IBUKOTA JAKARTA 10350","ID_PROV":"31","PROVINSI":"DKI JAKARTA","ID_KABKOT":"31.75","KABKOT":"KOTA ADM. JAKARTA TIMUR","ID_KEC":"31.75.03","KECAMATAN":"JATINEGARA","ID_DESA":"31.75.03.1003","DESA":"BALI MESTER","LONGITUDE":106.8643034,"LATITUDE":-6.2142992,"STATUS":"BUKA","TANGGAL UPDATE":"27/02/2025","TANGGAL PENGUMPULAN":"Q4 2023","q":27442,"r":-15106}},{"type":"Feature","geometry":{"coordinates":[106.95189990000006,-6.172344],"type":"Point"},"properties":{"NAMA":"ZENBU AEON JGC","TIPE_1":"MAKANAN DAN MINUMAN","TIPE_2":"RESTORAN","TIPE_3":"RESTORAN JEPANG","TELEPON":"(021) 22463061","ALAMAT":"AEON MALL, JL. JKT GARDEN CITY BOULEVARD, RT.8/RW.6, CAKUNG TIM., KEC. CAKUNG, KOTA JAKARTA TIMUR, DAERAH KHUSUS IBUKOTA JAKARTA 13910","ID_PROV":"31","PROVINSI":"DKI JAKARTA","ID_KABKOT":"31.75","KABKOT":"KOTA ADM. JAKARTA TIMUR","ID_KEC":"31.75.06","KECAMATAN":"CAKUNG","ID_DESA":"31.75.06.1004","DESA":"CAKUNG TIMUR","LONGITUDE":106.9518999,"LATITUDE":-6.172344,"STATUS":"BUKA","TANGGAL UPDATE":"27/02/2025","TANGGAL PENGUMPULAN":"Q4 2023","q":27465,"r":-15108}},{"type":"Feature","geometry":{"coordinates":[106.92146160000004,-6.201063599999941],"type":"Point"},"properties":{"NAMA":"TAKOYAKI","TIPE_1":"MAKANAN DAN MINUMAN","TIPE_2":"RESTORAN","TIPE_3":"RESTORAN JEPANG","TELEPON":"","ALAMAT":"JL. PENGARENGAN NO.129, RT.3/RW.12, JATINEGARA, KEC. CAKUNG, KOTA JAKARTA TIMUR, DAERAH KHUSUS IBUKOTA JAKARTA 13930","ID_PROV":"31","PROVINSI":"DKI JAKARTA","ID_KABKOT":"31.75","KABKOT":"KOTA ADM. JAKARTA TIMUR","ID_KEC":"31.75.06","KECAMATAN":"CAKUNG","ID_DESA":"31.75.06.1001","DESA":"JATINEGARA","LONGITUDE":106.9214616,"LATITUDE":-6.2010636,"STATUS":"BUKA","TANGGAL UPDATE":"27/02/2025","TANGGAL PENGUMPULAN":"Q4 2023","q":27457,"r":-15110}},{"type":"Feature","geometry":{"coordinates":[106.92440910000005,-6.217787],"type":"Point"},"properties":{"NAMA":"HOKBEN - BUARAN PLAZA","TIPE_1":"MAKANAN DAN MINUMAN","TIPE_2":"RESTORAN","TIPE_3":"CEPAT SAJI","TELEPON":"(021) 1500505","ALAMAT":"BUARAN PLAZA, LANTAI DASAR NO.37, JL. RADEN INTAN RAYA NO.1, RT.1/RW.14, KLENDER, KEC. DUREN SAWIT, KOTA JAKARTA TIMUR, DAERAH KHUSUS IBUKOTA JAKARTA 13470","ID_PROV":"31","PROVINSI":"DKI JAKARTA","ID_KABKOT":"31.75","KABKOT":"KOTA ADM. JAKARTA TIMUR","ID_KEC":"31.75.07","KECAMATAN":"DUREN SAWIT","ID_DESA":"31.75.07.1003","DESA":"KLENDER","LONGITUDE":106.924409099999,"LATITUDE":-6.217787,"STATUS":"BUKA","TANGGAL UPDATE":"27/02/2025","TANGGAL PENGUMPULAN":"Q4 2023","q":27458,"r":-15114}},{"type":"Feature","geometry":{"coordinates":[106.86034940000008,-6.291093699999976],"type":"Point"},"properties":{"NAMA":"YATAIKITORI JAKARTA - YAKITORI RAMEN RICE BOWL","TIPE_1":"MAKANAN DAN MINUMAN","TIPE_2":"RESTORAN","TIPE_3":"RAMEN","TELEPON":"0851-5613-0430","ALAMAT":"JL. RAYA TENGAH NO.5B, RT.7/RW.9, KAMPUNG TENGAH, KRAMAT JATI, EAST JAKARTA CITY, JAKARTA 13540","ID_PROV":"31","PROVINSI":"DKI JAKARTA","ID_KABKOT":"31.75","KABKOT":"KOTA ADM. JAKARTA TIMUR","ID_KEC":"31.75.04","KECAMATAN":"KRAMATJATI","ID_DESA":"31.75.04.1002","DESA":"TENGAH","LONGITUDE":106.860349399999,"LATITUDE":-6.2910937,"STATUS":"BUKA","TANGGAL UPDATE":"27/02/2025","TANGGAL PENGUMPULAN":"Q4 2023","q":27441,"r":-15122}},{"type":"Feature","geometry":{"coordinates":[106.91529690000004,-6.182943299999977],"type":"Point"},"properties":{"NAMA":"YOSHINOYA","TIPE_1":"MAKANAN DAN MINUMAN","TIPE_2":"RESTORAN","TIPE_3":"RESTORAN JEPANG","TELEPON":"(021) 500566","ALAMAT":"1, JL. RAYA BEKASI NO.26, RT.1/RW.3, RW. TERATE, KEC. CAKUNG, KOTA JAKARTA TIMUR, DAERAH KHUSUS IBUKOTA JAKARTA 13920","ID_PROV":"31","PROVINSI":"DKI JAKARTA","ID_KABKOT":"31.75","KABKOT":"KOTA ADM. JAKARTA TIMUR","ID_KEC":"31.75.06","KECAMATAN":"CAKUNG","ID_DESA":"31.75.06.1002","DESA":"RAWA TERATE","LONGITUDE":106.9152969,"LATITUDE":-6.1829433,"STATUS":"BUKA","TANGGAL UPDATE":"27/02/2025","TANGGAL PENGUMPULAN":"Q4 2023","q":27455,"r":-15105}},{"type":"Feature","geometry":{"coordinates":[106.89035090000004,-6.356476399999963],"type":"Point"},"properties":{"NAMA":"UMAI SUSHI","TIPE_1":"MAKANAN DAN MINUMAN","TIPE_2":"RESTORAN","TIPE_3":"SUSHI","TELEPON":"0878-8177-8360","ALAMAT":"TERAS RIMBUN, JL. JAMBORE NO.05, RT.5/RW.6, CIBUBUR, KEC. CIRACAS, KOTA JAKARTA TIMUR, DAERAH KHUSUS IBUKOTA JAKARTA 13720","ID_PROV":"31","PROVINSI":"DKI JAKARTA","ID_KABKOT":"31.75","KABKOT":"KOTA ADM. JAKARTA TIMUR","ID_KEC":"31.75.09","KECAMATAN":"CIRACAS","ID_DESA":"31.75.09.1002","DESA":"CIBUBUR","LONGITUDE":106.8903509,"LATITUDE":-6.3564764,"STATUS":"BUKA","TANGGAL UPDATE":"27/02/2025","TANGGAL PENGUMPULAN":"Q4 2023","q":27449,"r":-15141}},{"type":"Feature","geometry":{"coordinates":[106.95391690000008,-6.17286439999998],"type":"Point"},"properties":{"NAMA":"MARUGAME UDON AEON JAKARTA GARDEN CITY","TIPE_1":"MAKANAN DAN MINUMAN","TIPE_2":"RESTORAN","TIPE_3":"RESTORAN JEPANG","TELEPON":"0811-3334-7422","ALAMAT":"AEON MALL, JL. JKT GARDEN CITY BOULEVARD, RT.8/RW.6, CAKUNG TIM., KEC. CAKUNG, KOTA JAKARTA TIMUR, DAERAH KHUSUS IBUKOTA JAKARTA 13910","ID_PROV":"31","PROVINSI":"DKI JAKARTA","ID_KABKOT":"31.75","KABKOT":"KOTA ADM. JAKARTA TIMUR","ID_KEC":"31.75.06","KECAMATAN":"CAKUNG","ID_DESA":"31.75.06.1004","DESA":"CAKUNG TIMUR","LONGITUDE":106.9539169,"LATITUDE":-6.1728644,"STATUS":"BUKA","TANGGAL UPDATE":"27/02/2025","TANGGAL PENGUMPULAN":"Q4 2023","q":27465,"r":-15108}},{"type":"Feature","geometry":{"coordinates":[106.87104120000004,-6.209135899999978],"type":"Point"},"properties":{"NAMA":"GITSU PISANGAN BARU","TIPE_1":"MAKANAN DAN MINUMAN","TIPE_2":"RESTORAN","TIPE_3":"RESTORAN JEPANG","TELEPON":"0878-7675-7175","ALAMAT":"AREA PARKIRAN MOBIL BPK. ADIN/AUDRIN, BELAKANG KANTOR LURAH, RT.8/RW.14, PISANGAN BARU, KEC. MATRAMAN, KOTA JAKARTA TIMUR, DAERAH KHUSUS IBUKOTA JAKARTA 13110","ID_PROV":"31","PROVINSI":"DKI JAKARTA","ID_KABKOT":"31.75","KABKOT":"KOTA ADM. JAKARTA TIMUR","ID_KEC":"31.75.01","KECAMATAN":"MATRAMAN","ID_DESA":"31.75.01.1001","DESA":"PISANGAN BARU","LONGITUDE":106.8710412,"LATITUDE":-6.2091359,"STATUS":"BUKA","TANGGAL UPDATE":"27/02/2025","TANGGAL PENGUMPULAN":"Q4 2023","q":27444,"r":-15105}},{"type":"Feature","geometry":{"coordinates":[106.87954860000008,-6.279811399999971],"type":"Point"},"properties":{"NAMA":"SENSEI TAKOYAKI AND JUICE","TIPE_1":"MAKANAN DAN MINUMAN","TIPE_2":"RESTORAN","TIPE_3":"RESTORAN JEPANG","TELEPON":"0856-9358-4420","ALAMAT":"JL. SUMUR JAMBU 2 GG JAMBU AIR NO.41, RT.6/RW.5, MAKASAR, EAST JAKARTA CITY, JAKARTA 13570","ID_PROV":"31","PROVINSI":"DKI JAKARTA","ID_KABKOT":"31.75","KABKOT":"KOTA ADM. JAKARTA TIMUR","ID_KEC":"31.75.08","KECAMATAN":"MAKASAR","ID_DESA":"31.75.08.1001","DESA":"MAKASAR","LONGITUDE":106.879548599999,"LATITUDE":-6.2798114,"STATUS":"BUKA","TANGGAL UPDATE":"27/02/2025","TANGGAL PENGUMPULAN":"Q4 2023","q":27446,"r":-15122}},{"type":"Feature","geometry":{"coordinates":[106.85824730000007,-6.32634939999997],"type":"Point"},"properties":{"NAMA":"ANEKA DIMSUM","TIPE_1":"MAKANAN DAN MINUMAN","TIPE_2":"RESTORAN","TIPE_3":"RESTORAN JEPANG","TELEPON":"","ALAMAT":"JL. GONGSENG TIMUR RAYA NO.5, RT.4/RW.11, CIJANTUNG, KEC. PS. REBO, KOTA JAKARTA TIMUR, DAERAH KHUSUS IBUKOTA JAKARTA 13770","ID_PROV":"31","PROVINSI":"DKI JAKARTA","ID_KABKOT":"31.75","KABKOT":"KOTA ADM. JAKARTA TIMUR","ID_KEC":"31.75.05","KECAMATAN":"PASAR REBO","ID_DESA":"31.75.05.1003","DESA":"CIJANTUNG","LONGITUDE":106.8582473,"LATITUDE":-6.3263494,"STATUS":"BUKA","TANGGAL UPDATE":"27/02/2025","TANGGAL PENGUMPULAN":"Q4 2023","q":27441,"r":-15130}},{"type":"Feature","geometry":{"coordinates":[106.861555,-6.196807],"type":"Point"},"properties":{"NAMA":"MASHDA KOREAN SEAFOOD SNACK","TIPE_1":"MAKANAN DAN MINUMAN","TIPE_2":"RESTORAN","TIPE_3":"RESTORAN KOREA","TELEPON":"","ALAMAT":"JL. KAYU MANIS TIMUR NO.10, RT.10/RW.1, NORTH UTAN KAYU, MATRAMAN, EAST JAKARTA CITY, JAKARTA 13130","ID_PROV":"31","PROVINSI":"DKI JAKARTA","ID_KABKOT":"31.75","KABKOT":"KOTA ADM. JAKARTA TIMUR","ID_KEC":"31.75.01","KECAMATAN":"MATRAMAN","ID_DESA":"31.75.01.1002","DESA":"UTAN KAYU UTARA","LONGITUDE":106.861555,"LATITUDE":-6.196807,"STATUS":"BUKA","TANGGAL UPDATE":"27/02/2025","TANGGAL PENGUMPULAN":"Q4 2023","q":27441,"r":-15101}},{"type":"Feature","geometry":{"coordinates":[106.88616840000009,-6.303939199999945],"type":"Point"},"properties":{"NAMA":"SUSHI TERRACE - GREEN TERRACE TMII","TIPE_1":"MAKANAN DAN MINUMAN","TIPE_2":"RESTORAN","TIPE_3":"SUSHI","TELEPON":"(021) 29825002","ALAMAT":"GREEN TERRACE, JL. TAMAN MINI INDONESIA INDAH JALAN PINTU UTAMA NO.1, CEGER, KEC. CIPAYUNG, KOTA JAKARTA TIMUR, DAERAH KHUSUS IBUKOTA JAKARTA 13560","ID_PROV":"31","PROVINSI":"DKI JAKARTA","ID_KABKOT":"31.75","KABKOT":"KOTA ADM. JAKARTA TIMUR","ID_KEC":"31.75.10","KECAMATAN":"CIPAYUNG","ID_DESA":"31.75.10.1008","DESA":"CEGER","LONGITUDE":106.886168399999,"LATITUDE":-6.3039392,"STATUS":"BUKA","TANGGAL UPDATE":"27/02/2025","TANGGAL PENGUMPULAN":"Q4 2023","q":27448,"r":-15129}},{"type":"Feature","geometry":{"coordinates":[106.92393460000005,-6.218258899999967],"type":"Point"},"properties":{"NAMA":"ICHIBAN SUSHI BUARAN PLAZA","TIPE_1":"MAKANAN DAN MINUMAN","TIPE_2":"RESTORAN","TIPE_3":"SUSHI","TELEPON":"(021) 86609405","ALAMAT":"BUARAN PLAZA, 8, JL. RADIN INTEN II NO.14, RT.8/RW.14, KLENDER, KEC. DUREN SAWIT, KOTA JAKARTA TIMUR, DAERAH KHUSUS IBUKOTA JAKARTA 13470","ID_PROV":"31","PROVINSI":"DKI JAKARTA","ID_KABKOT":"31.75","KABKOT":"KOTA ADM. JAKARTA TIMUR","ID_KEC":"31.75.07","KECAMATAN":"DUREN SAWIT","ID_DESA":"31.75.07.1003","DESA":"KLENDER","LONGITUDE":106.9239346,"LATITUDE":-6.2182589,"STATUS":"BUKA","TANGGAL UPDATE":"27/02/2025","TANGGAL PENGUMPULAN":"Q4 2023","q":27457,"r":-15114}},{"type":"Feature","geometry":{"coordinates":[106.85581920000004,-6.326941],"type":"Point"},"properties":{"NAMA":"TANOSHI SUSHI KALISARI","TIPE_1":"MAKANAN DAN MINUMAN","TIPE_2":"RESTORAN","TIPE_3":"SUSHI","TELEPON":"0857-2431-9578","ALAMAT":"JL. KALISARI III NO.28, RT.6/RW.9, CIJANTUNG, KEC. PS. REBO, KOTA JAKARTA TIMUR, DAERAH KHUSUS IBUKOTA JAKARTA 13780","ID_PROV":"31","PROVINSI":"DKI JAKARTA","ID_KABKOT":"31.75","KABKOT":"KOTA ADM. JAKARTA TIMUR","ID_KEC":"31.75.05","KECAMATAN":"PASAR REBO","ID_DESA":"31.75.05.1003","DESA":"CIJANTUNG","LONGITUDE":106.8558192,"LATITUDE":-6.326941,"STATUS":"BUKA","TANGGAL UPDATE":"27/02/2025","TANGGAL PENGUMPULAN":"Q4 2023","q":27440,"r":-15130}},{"type":"Feature","geometry":{"coordinates":[106.87248160000007,-6.311876099999949],"type":"Point"},"properties":{"NAMA":"TAKOYAKI KU","TIPE_1":"MAKANAN DAN MINUMAN","TIPE_2":"RESTORAN","TIPE_3":"RESTORAN JEPANG","TELEPON":"","ALAMAT":"SDN 09, BHP, RT.06/RW.6, DUKUH, KEC. KRAMAT JATI, KOTA JAKARTA TIMUR, DAERAH KHUSUS IBUKOTA JAKARTA 12550","ID_PROV":"31","PROVINSI":"DKI JAKARTA","ID_KABKOT":"31.75","KABKOT":"KOTA ADM. JAKARTA TIMUR","ID_KEC":"31.75.09","KECAMATAN":"CIRACAS","ID_DESA":"31.75.09.1004","DESA":"SUSUKAN","LONGITUDE":106.8724816,"LATITUDE":-6.3118761,"STATUS":"BUKA","TANGGAL UPDATE":"27/02/2025","TANGGAL PENGUMPULAN":"Q4 2023","q":27444,"r":-15129}},{"type":"Feature","geometry":{"coordinates":[106.90712450000007,-6.230478599999969],"type":"Point"},"properties":{"NAMA":"MAMAM TAKOYAKI","TIPE_1":"MAKANAN DAN MINUMAN","TIPE_2":"RESTORAN","TIPE_3":"RESTORAN JEPANG","TELEPON":"","ALAMAT":"JALUR BANJIR KANAL TIMUR, RT.18/RW.6, PD. BAMBU, KEC. DUREN SAWIT, KOTA JAKARTA TIMUR, DAERAH KHUSUS IBUKOTA JAKARTA 13430","ID_PROV":"31","PROVINSI":"DKI JAKARTA","ID_KABKOT":"31.75","KABKOT":"KOTA ADM. JAKARTA TIMUR","ID_KEC":"31.75.07","KECAMATAN":"DUREN SAWIT","ID_DESA":"31.75.07.1001","DESA":"DUREN SAWIT","LONGITUDE":106.9071245,"LATITUDE":-6.2304786,"STATUS":"BUKA","TANGGAL UPDATE":"27/02/2025","TANGGAL PENGUMPULAN":"Q4 2023","q":27453,"r":-15115}},{"type":"Feature","geometry":{"coordinates":[106.94829370000008,-6.181011199999944],"type":"Point"},"properties":{"NAMA":"CHINNESEGOOD","TIPE_1":"MAKANAN DAN MINUMAN","TIPE_2":"RESTORAN","TIPE_3":"RESTORAN JEPANG","TELEPON":"","ALAMAT":"RXC3+22, JL. JKT GARDEN CITY BOULEVARD NO.52, RT.11/RW.8, CAKUNG TIM., KEC. CAKUNG, KOTA JAKARTA TIMUR, DAERAH KHUSUS IBUKOTA JAKARTA 13910","ID_PROV":"31","PROVINSI":"DKI JAKARTA","ID_KABKOT":"31.75","KABKOT":"KOTA ADM. JAKARTA TIMUR","ID_KEC":"31.75.06","KECAMATAN":"CAKUNG","ID_DESA":"31.75.06.1004","DESA":"CAKUNG TIMUR","LONGITUDE":106.9482937,"LATITUDE":-6.1810112,"STATUS":"BUKA","TANGGAL UPDATE":"27/02/2025","TANGGAL PENGUMPULAN":"Q4 2023","q":27464,"r":-15109}},{"type":"Feature","geometry":{"coordinates":[106.94369430000006,-6.226050799999939],"type":"Point"},"properties":{"NAMA":"RAMEN JODO","TIPE_1":"MAKANAN DAN MINUMAN","TIPE_2":"RESTORAN","TIPE_3":"RAMEN","TELEPON":"0823-1076-1715","ALAMAT":"JL. PD. KOPI RAYA NO.3-E, RT.4/RW.6, PD. KOPI, KEC. DUREN SAWIT, KOTA JAKARTA TIMUR, DAERAH KHUSUS IBUKOTA JAKARTA 13460","ID_PROV":"31","PROVINSI":"DKI JAKARTA","ID_KABKOT":"31.75","KABKOT":"KOTA ADM. JAKARTA TIMUR","ID_KEC":"31.75.07","KECAMATAN":"DUREN SAWIT","ID_DESA":"31.75.07.1007","DESA":"PONDOK KOPI","LONGITUDE":106.943694299999,"LATITUDE":-6.2260508,"STATUS":"BUKA","TANGGAL UPDATE":"27/02/2025","TANGGAL PENGUMPULAN":"Q4 2023","q":27462,"r":-15119}},{"type":"Feature","geometry":{"coordinates":[106.95300870000005,-6.173122699999965],"type":"Point"},"properties":{"NAMA":"SEIROCK-YA AEON MALL GC","TIPE_1":"MAKANAN DAN MINUMAN","TIPE_2":"RESTORAN","TIPE_3":"RESTORAN JEPANG","TELEPON":"","ALAMAT":"AEON MALL, 1ST F, JL. CASSIA UTAMA,, JAKARTA GARDEN CITY CAKUNG, RT.8/RW.9,EAST CAKUNG, CAKUNG, RT.8/RW.9, CAKUNG TIM., KEC. CAKUNG, KOTA JAKARTA TIMUR, DAERAH KHUSUS IBUKOTA JAKARTA 13910","ID_PROV":"31","PROVINSI":"DKI JAKARTA","ID_KABKOT":"31.75","KABKOT":"KOTA ADM. JAKARTA TIMUR","ID_KEC":"31.75.06","KECAMATAN":"CAKUNG","ID_DESA":"31.75.06.1004","DESA":"CAKUNG TIMUR","LONGITUDE":106.9530087,"LATITUDE":-6.1731227,"STATUS":"BUKA","TANGGAL UPDATE":"27/02/2025","TANGGAL PENGUMPULAN":"Q4 2023","q":27465,"r":-15108}},{"type":"Feature","geometry":{"coordinates":[106.89439,-6.369306199999926],"type":"Point"},"properties":{"NAMA":"SHIGERU CIBUBUR JUNCTION","TIPE_1":"MAKANAN DAN MINUMAN","TIPE_2":"RESTORAN","TIPE_3":"RESTORAN JEPANG","TELEPON":"0821-2438-8876","ALAMAT":"RT.8/RW.7, CIBUBUR, KEC. CIRACAS, KOTA JAKARTA TIMUR, DAERAH KHUSUS IBUKOTA JAKARTA 13720","ID_PROV":"31","PROVINSI":"DKI JAKARTA","ID_KABKOT":"31.75","KABKOT":"KOTA ADM. JAKARTA TIMUR","ID_KEC":"31.75.09","KECAMATAN":"CIRACAS","ID_DESA":"31.75.09.1002","DESA":"CIBUBUR","LONGITUDE":106.89439,"LATITUDE":-6.3693062,"STATUS":"BUKA","TANGGAL UPDATE":"27/02/2025","TANGGAL PENGUMPULAN":"Q4 2023","q":27450,"r":-15144}},{"type":"Feature","geometry":{"coordinates":[106.947666,-6.182616399999972],"type":"Point"},"properties":{"NAMA":"RAMEN 38","TIPE_1":"MAKANAN DAN MINUMAN","TIPE_2":"RESTORAN","TIPE_3":"RAMEN","TELEPON":"0812-1953-9480","ALAMAT":"FOOD GARDEN BLOK A1 JGC, TIMUR., RT.2/RW.11, CAKUNG TIM., KEC. CAKUNG, KOTA JAKARTA TIMUR, DAERAH KHUSUS IBUKOTA JAKARTA 13910","ID_PROV":"31","PROVINSI":"DKI JAKARTA","ID_KABKOT":"31.75","KABKOT":"KOTA ADM. JAKARTA TIMUR","ID_KEC":"31.75.06","KECAMATAN":"CAKUNG","ID_DESA":"31.75.06.1004","DESA":"CAKUNG TIMUR","LONGITUDE":106.947666,"LATITUDE":-6.1826164,"STATUS":"BUKA","TANGGAL UPDATE":"27/02/2025","TANGGAL PENGUMPULAN":"Q4 2023","q":27463,"r":-15109}},{"type":"Feature","geometry":{"coordinates":[106.93498430000005,-6.229586899999958],"type":"Point"},"properties":{"NAMA":"NIKURI GRILL FROM HOME","TIPE_1":"MAKANAN DAN MINUMAN","TIPE_2":"RESTORAN","TIPE_3":"RESTORAN JEPANG","TELEPON":"0813-8888-1067","ALAMAT":"BLOK C4, JL. PD. KELAPA RAYA NO.1C, RT.4/RW.11, MALAKA JAYA, KEC. DUREN SAWIT, KOTA JAKARTA TIMUR, DAERAH KHUSUS IBUKOTA JAKARTA 13450","ID_PROV":"31","PROVINSI":"DKI JAKARTA","ID_KABKOT":"31.75","KABKOT":"KOTA ADM. JAKARTA TIMUR","ID_KEC":"31.75.07","KECAMATAN":"DUREN SAWIT","ID_DESA":"31.75.07.1006","DESA":"MALAKA JAYA","LONGITUDE":106.9349843,"LATITUDE":-6.2295869,"STATUS":"BUKA","TANGGAL UPDATE":"27/02/2025","TANGGAL PENGUMPULAN":"Q4 2023","q":27460,"r":-15118}},{"type":"Feature","geometry":{"coordinates":[106.881179,-6.290551499999935],"type":"Point"},"properties":{"NAMA":"HOKBEN","TIPE_1":"MAKANAN DAN MINUMAN","TIPE_2":"RESTORAN","TIPE_3":"CEPAT SAJI","TELEPON":"(021) 1500505","ALAMAT":"JL. TAMAN MINI I NO.1, RT.3/RW.2, PINANG RANTI, KEC. MAKASAR, KOTA JAKARTA TIMUR, DAERAH KHUSUS IBUKOTA JAKARTA 13560","ID_PROV":"31","PROVINSI":"DKI JAKARTA","ID_KABKOT":"31.75","KABKOT":"KOTA ADM. JAKARTA TIMUR","ID_KEC":"31.75.08","KECAMATAN":"MAKASAR","ID_DESA":"31.75.08.1002","DESA":"PINANGRANTI","LONGITUDE":106.881178999999,"LATITUDE":-6.2905515,"STATUS":"BUKA","TANGGAL UPDATE":"27/02/2025","TANGGAL PENGUMPULAN":"Q4 2023","q":27446,"r":-15125}},{"type":"Feature","geometry":{"coordinates":[106.86056070000006,-6.275352299999952],"type":"Point"},"properties":{"NAMA":"RANBOX TAKOYAKI KRAMAT JATI","TIPE_1":"MAKANAN DAN MINUMAN","TIPE_2":"RESTORAN","TIPE_3":"RESTORAN JEPANG","TELEPON":"","ALAMAT":"RT.11/RW.4, BATU AMPAR, KEC. KRAMAT JATI, KOTA JAKARTA TIMUR, DAERAH KHUSUS IBUKOTA JAKARTA 13520","ID_PROV":"31","PROVINSI":"DKI JAKARTA","ID_KABKOT":"31.75","KABKOT":"KOTA ADM. JAKARTA TIMUR","ID_KEC":"31.75.04","KECAMATAN":"KRAMATJATI","ID_DESA":"31.75.04.1004","DESA":"BATU AMPAR","LONGITUDE":106.8605607,"LATITUDE":-6.2753523,"STATUS":"BUKA","TANGGAL UPDATE":"27/02/2025","TANGGAL PENGUMPULAN":"Q4 2023","q":27441,"r":-15119}},{"type":"Feature","geometry":{"coordinates":[106.86902210000005,-6.239986599999952],"type":"Point"},"properties":{"NAMA":"SUSHI YAY!","TIPE_1":"MAKANAN DAN MINUMAN","TIPE_2":"RESTORAN","TIPE_3":"SUSHI","TELEPON":"","ALAMAT":"JL. OTISTA RAYA NO.84 B, RT.1/RW.7, BIDARA CINA, JATINEGARA, EAST JAKARTA CITY, JAKARTA 13330","ID_PROV":"31","PROVINSI":"DKI JAKARTA","ID_KABKOT":"31.75","KABKOT":"KOTA ADM. JAKARTA TIMUR","ID_KEC":"31.75.03","KECAMATAN":"JATINEGARA","ID_DESA":"31.75.03.1002","DESA":"BIDARA CINA","LONGITUDE":106.8690221,"LATITUDE":-6.2399866,"STATUS":"BUKA","TANGGAL UPDATE":"27/02/2025","TANGGAL PENGUMPULAN":"Q4 2023","q":27443,"r":-15112}},{"type":"Feature","geometry":{"coordinates":[106.89308970000008,-6.193661899999938],"type":"Point"},"properties":{"NAMA":"NOMINOMI DELIGHT RAWAMANGUN","TIPE_1":"MAKANAN DAN MINUMAN","TIPE_2":"RESTORAN","TIPE_3":"RESTORAN JEPANG","TELEPON":"(021) 22868326","ALAMAT":"JL. RAYA PEMUDA NO. 72-73 DE, RAWAMANGUN, RT.1/RW.8, JATI, KEC. PULO GADUNG, DAERAH KHUSUS IBUKOTA JAKARTA 13220","ID_PROV":"31","PROVINSI":"DKI JAKARTA","ID_KABKOT":"31.75","KABKOT":"KOTA ADM. JAKARTA TIMUR","ID_KEC":"31.75.02","KECAMATAN":"PULOGADUNG","ID_DESA":"31.75.02.1007","DESA":"JATI","LONGITUDE":106.893089699999,"LATITUDE":-6.1936619,"STATUS":"BUKA","TANGGAL UPDATE":"27/02/2025","TANGGAL PENGUMPULAN":"Q4 2023","q":27449,"r":-15105}},{"type":"Feature","geometry":{"coordinates":[106.863861,-6.203714099999956],"type":"Point"},"properties":{"NAMA":"MICHIBEN JAPANESE FOOD","TIPE_1":"MAKANAN DAN MINUMAN","TIPE_2":"RESTORAN","TIPE_3":"RESTORAN JEPANG","TELEPON":"0812-1822-4379","ALAMAT":"JL. JARAK VII JL. PENEGAK GG. VI NO.11, RT.13/RW.6, KAYU MANIS, KEC. MATRAMAN, JAKARTA, DAERAH KHUSUS IBUKOTA JAKARTA 13130","ID_PROV":"31","PROVINSI":"DKI JAKARTA","ID_KABKOT":"31.75","KABKOT":"KOTA ADM. JAKARTA TIMUR","ID_KEC":"31.75.01","KECAMATAN":"MATRAMAN","ID_DESA":"31.75.01.1003","DESA":"KAYU MANIS","LONGITUDE":106.863861,"LATITUDE":-6.2037141,"STATUS":"BUKA","TANGGAL UPDATE":"27/02/2025","TANGGAL PENGUMPULAN":"Q4 2023","q":27442,"r":-15103}},{"type":"Feature","geometry":{"coordinates":[106.86862690000004,-6.270576299999959],"type":"Point"},"properties":{"NAMA":"RAMEN & SUSHI BOX","TIPE_1":"MAKANAN DAN MINUMAN","TIPE_2":"RESTORAN","TIPE_3":"SUSHI","TELEPON":"","ALAMAT":"JL. RAYA BOGOR NO.19, RT.14/RW.6, KRAMAT JATI, KEC. KRAMAT JATI, KOTA JAKARTA TIMUR, DAERAH KHUSUS IBUKOTA JAKARTA 13510","ID_PROV":"31","PROVINSI":"DKI JAKARTA","ID_KABKOT":"31.75","KABKOT":"KOTA ADM. JAKARTA TIMUR","ID_KEC":"31.75.04","KECAMATAN":"KRAMATJATI","ID_DESA":"31.75.04.1001","DESA":"KRAMATJATI","LONGITUDE":106.8686269,"LATITUDE":-6.2705763,"STATUS":"BUKA","TANGGAL UPDATE":"27/02/2025","TANGGAL PENGUMPULAN":"Q4 2023","q":27443,"r":-15119}},{"type":"Feature","geometry":{"coordinates":[106.87782970000006,-6.350822499999936],"type":"Point"},"properties":{"NAMA":"YASHOKU JAPANESE FOOD","TIPE_1":"MAKANAN DAN MINUMAN","TIPE_2":"RESTORAN","TIPE_3":"RESTORAN JEPANG","TELEPON":"","ALAMAT":"JL. LAP. TEMBAK NO.7, RT.1/RW.9, CIBUBUR, KEC. CIRACAS, KOTA JAKARTA TIMUR, DAERAH KHUSUS IBUKOTA JAKARTA 13720","ID_PROV":"31","PROVINSI":"DKI JAKARTA","ID_KABKOT":"31.75","KABKOT":"KOTA ADM. JAKARTA TIMUR","ID_KEC":"31.75.09","KECAMATAN":"CIRACAS","ID_DESA":"31.75.09.1002","DESA":"CIBUBUR","LONGITUDE":106.877829699999,"LATITUDE":-6.3508225,"STATUS":"BUKA","TANGGAL UPDATE":"27/02/2025","TANGGAL PENGUMPULAN":"Q4 2023","q":27446,"r":-15138}},{"type":"Feature","geometry":{"coordinates":[106.87790990000008,-6.224139699999967],"type":"Point"},"properties":{"NAMA":"ICHIBAN SUSHI - MALL BASSURA","TIPE_1":"MAKANAN DAN MINUMAN","TIPE_2":"RESTORAN","TIPE_3":"SUSHI","TELEPON":"(021) 22807261","ALAMAT":"JL. JEND. BASUKI RACHMAT NO.1, RT.8/RW.10, CIPINANG BESAR SEL., KECAMATAN JATINEGARA, KOTA JAKARTA TIMUR, DAERAH KHUSUS IBUKOTA JAKARTA 13410","ID_PROV":"31","PROVINSI":"DKI JAKARTA","ID_KABKOT":"31.75","KABKOT":"KOTA ADM. JAKARTA TIMUR","ID_KEC":"31.75.03","KECAMATAN":"JATINEGARA","ID_DESA":"31.75.03.1007","DESA":"CIPINANG BESAR SELATAN","LONGITUDE":106.877909899999,"LATITUDE":-6.2241397,"STATUS":"BUKA","TANGGAL UPDATE":"27/02/2025","TANGGAL PENGUMPULAN":"Q4 2023","q":27446,"r":-15110}},{"type":"Feature","geometry":{"coordinates":[106.92587280000004,-6.227725299999975],"type":"Point"},"properties":{"NAMA":"OSAKA RAMEN","TIPE_1":"MAKANAN DAN MINUMAN","TIPE_2":"RESTORAN","TIPE_3":"RAMEN","TELEPON":"","ALAMAT":"JALAN JENDERAL R S SOEKAMTO NO 26 RT 010 RW 10, DUREN SAWIT, MALAKA SARI, RT.6, RW.6, MALAKA SARI, KEC. DUREN SAWIT, KOTA JAKARTA TIMUR, DAERAH KHUSUS IBUKOTA JAKARTA 13460","ID_PROV":"31","PROVINSI":"DKI JAKARTA","ID_KABKOT":"31.75","KABKOT":"KOTA ADM. JAKARTA TIMUR","ID_KEC":"31.75.07","KECAMATAN":"DUREN SAWIT","ID_DESA":"31.75.07.1005","DESA":"MALAKA SARI","LONGITUDE":106.9258728,"LATITUDE":-6.2277253,"STATUS":"BUKA","TANGGAL UPDATE":"27/02/2025","TANGGAL PENGUMPULAN":"Q4 2023","q":27458,"r":-15117}},{"type":"Feature","geometry":{"coordinates":[106.87901530000005,-6.214961],"type":"Point"},"properties":{"NAMA":"SHUSI OK RESTAURANT (OFFICE)","TIPE_1":"MAKANAN DAN MINUMAN","TIPE_2":"RESTORAN","TIPE_3":"RESTORAN JEPANG","TELEPON":"","ALAMAT":"JL. BEKASI TIM. RAYA NO.151-156, RT.8/RW.9, CIPINANG BESAR UTARA, KECAMATAN JATINEGARA, KOTA JAKARTA TIMUR, DAERAH KHUSUS IBUKOTA JAKARTA 13410","ID_PROV":"31","PROVINSI":"DKI JAKARTA","ID_KABKOT":"31.75","KABKOT":"KOTA ADM. JAKARTA TIMUR","ID_KEC":"31.75.03","KECAMATAN":"JATINEGARA","ID_DESA":"31.75.03.1008","DESA":"CIPINANG BESAR UTARA","LONGITUDE":106.879015299999,"LATITUDE":-6.214961,"STATUS":"BUKA","TANGGAL UPDATE":"27/02/2025","TANGGAL PENGUMPULAN":"Q4 2023","q":27446,"r":-15108}},{"type":"Feature","geometry":{"coordinates":[106.86522390000005,-6.262415199999964],"type":"Point"},"properties":{"NAMA":"RAMEN N SUSHI BOX","TIPE_1":"MAKANAN DAN MINUMAN","TIPE_2":"RESTORAN","TIPE_3":"SUSHI","TELEPON":"0816-1950-150","ALAMAT":"PUSAT GROSIR CILILITAN, JL. MAYJEN SUTOYO NO.76, RW.11, CILILITAN, KEC. KRAMAT JATI, KOTA JAKARTA TIMUR, DAERAH KHUSUS IBUKOTA JAKARTA 13640","ID_PROV":"31","PROVINSI":"DKI JAKARTA","ID_KABKOT":"31.75","KABKOT":"KOTA ADM. JAKARTA TIMUR","ID_KEC":"31.75.04","KECAMATAN":"KRAMATJATI","ID_DESA":"31.75.04.1006","DESA":"CILILITAN","LONGITUDE":106.865223899999,"LATITUDE":-6.2624152,"STATUS":"BUKA","TANGGAL UPDATE":"27/02/2025","TANGGAL PENGUMPULAN":"Q4 2023","q":27442,"r":-15117}},{"type":"Feature","geometry":{"coordinates":[106.87785020000007,-6.22411969999996],"type":"Point"},"properties":{"NAMA":"YOSHINOYA BASSURA MALL","TIPE_1":"MAKANAN DAN MINUMAN","TIPE_2":"RESTORAN","TIPE_3":"RESTORAN JEPANG","TELEPON":"(021) 85407852","ALAMAT":"NO.45, RT.8/RW.10, CIPINANG BESAR SEL., KECAMATAN JATINEGARA, KOTA JAKARTA TIMUR, DAERAH KHUSUS IBUKOTA JAKARTA 13410","ID_PROV":"31","PROVINSI":"DKI JAKARTA","ID_KABKOT":"31.75","KABKOT":"KOTA ADM. JAKARTA TIMUR","ID_KEC":"31.75.03","KECAMATAN":"JATINEGARA","ID_DESA":"31.75.03.1007","DESA":"CIPINANG BESAR SELATAN","LONGITUDE":106.8778502,"LATITUDE":-6.2241197,"STATUS":"BUKA","TANGGAL UPDATE":"27/02/2025","TANGGAL PENGUMPULAN":"Q4 2023","q":27446,"r":-15110}},{"type":"Feature","geometry":{"coordinates":[106.87091870000006,-6.27961659999994],"type":"Point"},"properties":{"NAMA":"WARUNG JEPANG 28","TIPE_1":"MAKANAN DAN MINUMAN","TIPE_2":"RESTORAN","TIPE_3":"RESTORAN JEPANG","TELEPON":"0877-8568-5236","ALAMAT":"JL. RAYA JAKARTA-BOGOR NO.RT. 05, RT.5/RW.10, KRAMAT JATI, KEC. KRAMAT JATI, KOTA JAKARTA TIMUR, DAERAH KHUSUS IBUKOTA JAKARTA 13510","ID_PROV":"31","PROVINSI":"DKI JAKARTA","ID_KABKOT":"31.75","KABKOT":"KOTA ADM. JAKARTA TIMUR","ID_KEC":"31.75.04","KECAMATAN":"KRAMATJATI","ID_DESA":"31.75.04.1001","DESA":"KRAMATJATI","LONGITUDE":106.870918699999,"LATITUDE":-6.2796166,"STATUS":"BUKA","TANGGAL UPDATE":"27/02/2025","TANGGAL PENGUMPULAN":"Q4 2023","q":27444,"r":-15121}},{"type":"Feature","geometry":{"coordinates":[106.89779150000004,-6.231562399999973],"type":"Point"},"properties":{"NAMA":"HOKBEN RUKO PAHLAWAN REVOLUSI","TIPE_1":"MAKANAN DAN MINUMAN","TIPE_2":"RESTORAN","TIPE_3":"CEPAT SAJI","TELEPON":"(021) 1500505","ALAMAT":"JL. PAHLAWAN REVOLUSI NO.100, RT.4/RW.3, PD. BAMBU, KEC. DUREN SAWIT, KOTA JAKARTA TIMUR, DAERAH KHUSUS IBUKOTA JAKARTA 13470","ID_PROV":"31","PROVINSI":"DKI JAKARTA","ID_KABKOT":"31.75","KABKOT":"KOTA ADM. JAKARTA TIMUR","ID_KEC":"31.75.07","KECAMATAN":"DUREN SAWIT","ID_DESA":"31.75.07.1002","DESA":"PONDOK BAMBU","LONGITUDE":106.8977915,"LATITUDE":-6.2315624,"STATUS":"BUKA","TANGGAL UPDATE":"27/02/2025","TANGGAL PENGUMPULAN":"Q4 2023","q":27451,"r":-15114}},{"type":"Feature","geometry":{"coordinates":[106.89815030000005,-6.309824499999934],"type":"Point"},"properties":{"NAMA":"PABRIK SUSHI","TIPE_1":"MAKANAN DAN MINUMAN","TIPE_2":"RESTORAN","TIPE_3":"SUSHI","TELEPON":"0878-2730-7418","ALAMAT":"JL. BAMBU KUNING NO.35, RT.6/RW.2, BAMBU APUS, KEC. CIPAYUNG, KOTA JAKARTA TIMUR, DAERAH KHUSUS IBUKOTA JAKARTA 13890","ID_PROV":"31","PROVINSI":"DKI JAKARTA","ID_KABKOT":"31.75","KABKOT":"KOTA ADM. JAKARTA TIMUR","ID_KEC":"31.75.10","KECAMATAN":"CIPAYUNG","ID_DESA":"31.75.10.1006","DESA":"BAMBU APUS","LONGITUDE":106.8981503,"LATITUDE":-6.3098245,"STATUS":"BUKA","TANGGAL UPDATE":"27/02/2025","TANGGAL PENGUMPULAN":"Q4 2023","q":27451,"r":-15131}},{"type":"Feature","geometry":{"coordinates":[106.88584770000006,-6.200450499999931],"type":"Point"},"properties":{"NAMA":"AKATORI RAMEN RAWAMANGUN","TIPE_1":"MAKANAN DAN MINUMAN","TIPE_2":"RESTORAN","TIPE_3":"RAMEN","TELEPON":"0819-9087-7877","ALAMAT":"JL. BALAI PUSTAKA NO.6, RAWAMANGUN, KEC. PULO GADUNG, KOTA JAKARTA TIMUR, DAERAH KHUSUS IBUKOTA JAKARTA 13220","ID_PROV":"31","PROVINSI":"DKI JAKARTA","ID_KABKOT":"31.75","KABKOT":"KOTA ADM. JAKARTA TIMUR","ID_KEC":"31.75.02","KECAMATAN":"PULOGADUNG","ID_DESA":"31.75.02.1005","DESA":"RAWAMANGUN","LONGITUDE":106.8858477,"LATITUDE":-6.2004505,"STATUS":"BUKA","TANGGAL UPDATE":"27/02/2025","TANGGAL PENGUMPULAN":"Q4 2023","q":27448,"r":-15105}},{"type":"Feature","geometry":{"coordinates":[106.86565960000007,-6.256400099999951],"type":"Point"},"properties":{"NAMA":"APINKA FROZEN & BENTO EXPRESS","TIPE_1":"MAKANAN DAN MINUMAN","TIPE_2":"RESTORAN","TIPE_3":"RESTORAN JEPANG","TELEPON":"0881-9911-642","ALAMAT":"JL. SMA 14 NO.46, RT.2/RW.4, CILILITAN, KEC. KRAMAT JATI, KOTA JAKARTA TIMUR, DAERAH KHUSUS IBUKOTA JAKARTA 13630","ID_PROV":"31","PROVINSI":"DKI JAKARTA","ID_KABKOT":"31.75","KABKOT":"KOTA ADM. JAKARTA TIMUR","ID_KEC":"31.75.04","KECAMATAN":"KRAMATJATI","ID_DESA":"31.75.04.1006","DESA":"CILILITAN","LONGITUDE":106.8656596,"LATITUDE":-6.2564001,"STATUS":"BUKA","TANGGAL UPDATE":"27/02/2025","TANGGAL PENGUMPULAN":"Q4 2023","q":27442,"r":-15115}},{"type":"Feature","geometry":{"coordinates":[106.93598930000007,-6.248905499999978],"type":"Point"},"properties":{"NAMA":"NAWAII SUSHI","TIPE_1":"MAKANAN DAN MINUMAN","TIPE_2":"RESTORAN","TIPE_3":"SUSHI","TELEPON":"0877-8756-7055","ALAMAT":"JL. RAYA KALIMALANG NO.10, RT.1/RW.11, PD. KLP., KEC. DUREN SAWIT, KOTA JAKARTA TIMUR, DAERAH KHUSUS IBUKOTA JAKARTA 13450","ID_PROV":"31","PROVINSI":"DKI JAKARTA","ID_KABKOT":"31.75","KABKOT":"KOTA ADM. JAKARTA TIMUR","ID_KEC":"31.75.07","KECAMATAN":"DUREN SAWIT","ID_DESA":"31.75.07.1004","DESA":"PONDOK KELAPA","LONGITUDE":106.935989299999,"LATITUDE":-6.2489055,"STATUS":"BUKA","TANGGAL UPDATE":"27/02/2025","TANGGAL PENGUMPULAN":"Q4 2023","q":27460,"r":-15123}},{"type":"Feature","geometry":{"coordinates":[106.89709430000005,-6.207676599999957],"type":"Point"},"properties":{"NAMA":"JAJANAN JEPANG SUNDA NAUBIL - JATINEGARA KAUM","TIPE_1":"MAKANAN DAN MINUMAN","TIPE_2":"RESTORAN","TIPE_3":"RESTORAN JEPANG","TELEPON":"0857-8024-5547","ALAMAT":"JL. ASOKA NO.65, RT.4/RW.5, JATINEGARA KAUM, KEC. PULO GADUNG, KOTA JAKARTA TIMUR, DAERAH KHUSUS IBUKOTA JAKARTA 13240","ID_PROV":"31","PROVINSI":"DKI JAKARTA","ID_KABKOT":"31.75","KABKOT":"KOTA ADM. JAKARTA TIMUR","ID_KEC":"31.75.02","KECAMATAN":"PULOGADUNG","ID_DESA":"31.75.02.1004","DESA":"JATINEGARA KAUM","LONGITUDE":106.897094299999,"LATITUDE":-6.2076766,"STATUS":"BUKA","TANGGAL UPDATE":"27/02/2025","TANGGAL PENGUMPULAN":"Q4 2023","q":27450,"r":-15108}},{"type":"Feature","geometry":{"coordinates":[106.88861460000004,-6.198044299999935],"type":"Point"},"properties":{"NAMA":"KEN KARAAGE RAWAMANGUN","TIPE_1":"MAKANAN DAN MINUMAN","TIPE_2":"RESTORAN","TIPE_3":"RESTORAN JEPANG","TELEPON":"","ALAMAT":"JL. PINANG RAYA NO.27-47, RT.4/RW.8, RAWAMANGUN, KEC. PULO GADUNG, KOTA JAKARTA TIMUR, DAERAH KHUSUS IBUKOTA JAKARTA 13220","ID_PROV":"31","PROVINSI":"DKI JAKARTA","ID_KABKOT":"31.75","KABKOT":"KOTA ADM. JAKARTA TIMUR","ID_KEC":"31.75.02","KECAMATAN":"PULOGADUNG","ID_DESA":"31.75.02.1005","DESA":"RAWAMANGUN","LONGITUDE":106.8886146,"LATITUDE":-6.1980443,"STATUS":"BUKA","TANGGAL UPDATE":"27/02/2025","TANGGAL PENGUMPULAN":"Q4 2023","q":27448,"r":-15105}},{"type":"Feature","geometry":{"coordinates":[106.86806710000008,-6.270535699999925],"type":"Point"},"properties":{"NAMA":"GOKANA TEPPAN","TIPE_1":"MAKANAN DAN MINUMAN","TIPE_2":"RESTORAN","TIPE_3":"RESTORAN JEPANG","TELEPON":"(021) 80877994","ALAMAT":"RT.12/RW.4, KRAMAT JATI, EAST JAKARTA CITY, JAKARTA 13520","ID_PROV":"31","PROVINSI":"DKI JAKARTA","ID_KABKOT":"31.75","KABKOT":"KOTA ADM. JAKARTA TIMUR","ID_KEC":"31.75.04","KECAMATAN":"KRAMATJATI","ID_DESA":"31.75.04.1001","DESA":"KRAMATJATI","LONGITUDE":106.868067099999,"LATITUDE":-6.2705357,"STATUS":"BUKA","TANGGAL UPDATE":"27/02/2025","TANGGAL PENGUMPULAN":"Q4 2023","q":27443,"r":-15119}},{"type":"Feature","geometry":{"coordinates":[106.86604220000004,-6.249700699999948],"type":"Point"},"properties":{"NAMA":"RESTAURAN SHUSI RAMEN","TIPE_1":"MAKANAN DAN MINUMAN","TIPE_2":"RESTORAN","TIPE_3":"RAMEN","TELEPON":"","ALAMAT":"JL. DEWI SARTIKA NO.44, RT.9/RW.4, CAWANG, KEC. KRAMAT JATI, KOTA JAKARTA TIMUR, DAERAH KHUSUS IBUKOTA JAKARTA 13630","ID_PROV":"31","PROVINSI":"DKI JAKARTA","ID_KABKOT":"31.75","KABKOT":"KOTA ADM. JAKARTA TIMUR","ID_KEC":"31.75.04","KECAMATAN":"KRAMATJATI","ID_DESA":"31.75.04.1007","DESA":"CAWANG","LONGITUDE":106.8660422,"LATITUDE":-6.2497007,"STATUS":"BUKA","TANGGAL UPDATE":"27/02/2025","TANGGAL PENGUMPULAN":"Q4 2023","q":27443,"r":-15114}},{"type":"Feature","geometry":{"coordinates":[106.90653170000007,-6.21331159999994],"type":"Point"},"properties":{"NAMA":"GIFTA BENTO","TIPE_1":"MAKANAN DAN MINUMAN","TIPE_2":"RESTORAN","TIPE_3":"RESTORAN JEPANG","TELEPON":"0815-9885-970","ALAMAT":"JL. SWADAYA PLN NO.5, RT.9/RW.2, JATINEGARA, KEC. CAKUNG, KOTA JAKARTA TIMUR, DAERAH KHUSUS IBUKOTA JAKARTA 13930","ID_PROV":"31","PROVINSI":"DKI JAKARTA","ID_KABKOT":"31.75","KABKOT":"KOTA ADM. JAKARTA TIMUR","ID_KEC":"31.75.06","KECAMATAN":"CAKUNG","ID_DESA":"31.75.06.1001","DESA":"JATINEGARA","LONGITUDE":106.9065317,"LATITUDE":-6.2133116,"STATUS":"BUKA","TANGGAL UPDATE":"27/02/2025","TANGGAL PENGUMPULAN":"Q4 2023","q":27453,"r":-15111}},{"type":"Feature","geometry":{"coordinates":[106.85909940000005,-6.272817199999963],"type":"Point"},"properties":{"NAMA":"SANTAKO BATU AMPAR","TIPE_1":"MAKANAN DAN MINUMAN","TIPE_2":"RESTORAN","TIPE_3":"RESTORAN JEPANG","TELEPON":"","ALAMAT":"JLN BATU AMPAR SATU RT013 RW04. 62, RT.13/RW.4, KEC. KRAMAT JATI, KOTA JAKARTA TIMUR, DAERAH KHUSUS IBUKOTA JAKARTA 13520","ID_PROV":"31","PROVINSI":"DKI JAKARTA","ID_KABKOT":"31.75","KABKOT":"KOTA ADM. JAKARTA TIMUR","ID_KEC":"31.75.04","KECAMATAN":"KRAMATJATI","ID_DESA":"31.75.04.1004","DESA":"BATU AMPAR","LONGITUDE":106.859099399999,"LATITUDE":-6.2728172,"STATUS":"BUKA","TANGGAL UPDATE":"27/02/2025","TANGGAL PENGUMPULAN":"Q4 2023","q":27441,"r":-15118}},{"type":"Feature","geometry":{"coordinates":[106.88105910000007,-6.211048499999947],"type":"Point"},"properties":{"NAMA":"OKOSAMA RAMEN","TIPE_1":"MAKANAN DAN MINUMAN","TIPE_2":"RESTORAN","TIPE_3":"RAMEN","TELEPON":"0889-7754-6205","ALAMAT":"JL. PISANGAN LAMA III NO.002/012, RT.2/RW.12, PISANGAN TIM., KEC. PULO GADUNG, KOTA JAKARTA TIMUR, DAERAH KHUSUS IBUKOTA JAKARTA 13230","ID_PROV":"31","PROVINSI":"DKI JAKARTA","ID_KABKOT":"31.75","KABKOT":"KOTA ADM. JAKARTA TIMUR","ID_KEC":"31.75.02","KECAMATAN":"PULOGADUNG","ID_DESA":"31.75.02.1002","DESA":"PISANGAN TIMUR","LONGITUDE":106.8810591,"LATITUDE":-6.2110485,"STATUS":"BUKA","TANGGAL UPDATE":"27/02/2025","TANGGAL PENGUMPULAN":"Q4 2023","q":27446,"r":-15107}},{"type":"Feature","geometry":{"coordinates":[106.90882060000007,-6.246720899999957],"type":"Point"},"properties":{"NAMA":"HOKBEN KALIMALANG","TIPE_1":"MAKANAN DAN MINUMAN","TIPE_2":"RESTORAN","TIPE_3":"CEPAT SAJI","TELEPON":"(021) 1500505","ALAMAT":"RUKO KALIMALANG BLOK E.15 EF, JL. S. KALIMALANG TARUM BARAT NO.8, RT.8/RW.7, PD. BAMBU, KEC. DUREN SAWIT, DAERAH KHUSUS IBUKOTA JAKARTA 13620","ID_PROV":"31","PROVINSI":"DKI JAKARTA","ID_KABKOT":"31.75","KABKOT":"KOTA ADM. JAKARTA TIMUR","ID_KEC":"31.75.07","KECAMATAN":"DUREN SAWIT","ID_DESA":"31.75.07.1002","DESA":"PONDOK BAMBU","LONGITUDE":106.9088206,"LATITUDE":-6.2467209,"STATUS":"BUKA","TANGGAL UPDATE":"27/02/2025","TANGGAL PENGUMPULAN":"Q4 2023","q":27454,"r":-15119}},{"type":"Feature","geometry":{"coordinates":[106.92421040000005,-6.217644199999938],"type":"Point"},"properties":{"NAMA":"SUSHI DON","TIPE_1":"MAKANAN DAN MINUMAN","TIPE_2":"RESTORAN","TIPE_3":"SUSHI","TELEPON":"(021) 86615141","ALAMAT":"BUARAN PLAZA, JL. TAMAN BUARAN DALAM, RT.8/RW.14, KLENDER, KEC. DUREN SAWIT, KOTA JAKARTA TIMUR, DAERAH KHUSUS IBUKOTA JAKARTA 13470","ID_PROV":"31","PROVINSI":"DKI JAKARTA","ID_KABKOT":"31.75","KABKOT":"KOTA ADM. JAKARTA TIMUR","ID_KEC":"31.75.07","KECAMATAN":"DUREN SAWIT","ID_DESA":"31.75.07.1003","DESA":"KLENDER","LONGITUDE":106.924210399999,"LATITUDE":-6.2176442,"STATUS":"BUKA","TANGGAL UPDATE":"27/02/2025","TANGGAL PENGUMPULAN":"Q4 2023","q":27457,"r":-15114}},{"type":"Feature","geometry":{"coordinates":[106.88402050000008,-6.360388099999966],"type":"Point"},"properties":{"NAMA":"RAMEN RAKYAT - JAPANESE FOOD","TIPE_1":"MAKANAN DAN MINUMAN","TIPE_2":"RESTORAN","TIPE_3":"RAMEN","TELEPON":"0896-0440-5558","ALAMAT":"JL. TARUNA JAYA NO.7, RT.7/RW.5, CIBUBUR, KEC. CIRACAS, KOTA JAKARTA TIMUR, DAERAH KHUSUS IBUKOTA JAKARTA 13720","ID_PROV":"31","PROVINSI":"DKI JAKARTA","ID_KABKOT":"31.75","KABKOT":"KOTA ADM. JAKARTA TIMUR","ID_KEC":"31.75.09","KECAMATAN":"CIRACAS","ID_DESA":"31.75.09.1002","DESA":"CIBUBUR","LONGITUDE":106.884020499999,"LATITUDE":-6.3603881,"STATUS":"BUKA","TANGGAL UPDATE":"27/02/2025","TANGGAL PENGUMPULAN":"Q4 2023","q":27447,"r":-15141}},{"type":"Feature","geometry":{"coordinates":[106.88604770000006,-6.204426599999977],"type":"Point"},"properties":{"NAMA":"TENT SUKI & BARBEQUE","TIPE_1":"MAKANAN DAN MINUMAN","TIPE_2":"RESTORAN","TIPE_3":"RESTORAN JEPANG","TELEPON":"(021) 47867397","ALAMAT":"JL. PERSAHABATAN RAYA, RT.12/RW18/RW.NO.12, CIPINANG, KEC. PULO GADUNG, KOTA JAKARTA TIMUR, DAERAH KHUSUS IBUKOTA JAKARTA 13240","ID_PROV":"31","PROVINSI":"DKI JAKARTA","ID_KABKOT":"31.75","KABKOT":"KOTA ADM. JAKARTA TIMUR","ID_KEC":"31.75.02","KECAMATAN":"PULOGADUNG","ID_DESA":"31.75.02.1003","DESA":"CIPINANG","LONGITUDE":106.886047699999,"LATITUDE":-6.2044266,"STATUS":"BUKA","TANGGAL UPDATE":"27/02/2025","TANGGAL PENGUMPULAN":"Q4 2023","q":27448,"r":-15106}},{"type":"Feature","geometry":{"coordinates":[106.86021280000006,-6.29105839999994],"type":"Point"},"properties":{"NAMA":"SUSHIMAS","TIPE_1":"MAKANAN DAN MINUMAN","TIPE_2":"RESTORAN","TIPE_3":"SUSHI","TELEPON":"","ALAMAT":"14, JL. RAYA TENGAH NO.14, RT.14/RW.3, KP. TENGAH, KEC. KRAMAT JATI, KOTA JAKARTA TIMUR, DAERAH KHUSUS IBUKOTA JAKARTA 13540","ID_PROV":"31","PROVINSI":"DKI JAKARTA","ID_KABKOT":"31.75","KABKOT":"KOTA ADM. JAKARTA TIMUR","ID_KEC":"31.75.04","KECAMATAN":"KRAMATJATI","ID_DESA":"31.75.04.1004","DESA":"BATU AMPAR","LONGITUDE":106.8602128,"LATITUDE":-6.2910584,"STATUS":"BUKA","TANGGAL UPDATE":"27/02/2025","TANGGAL PENGUMPULAN":"Q4 2023","q":27441,"r":-15122}},{"type":"Feature","geometry":{"coordinates":[106.894493,-6.369767],"type":"Point"},"properties":{"NAMA":"YOSHINOYA CIBUBUR JUNCTION","TIPE_1":"MAKANAN DAN MINUMAN","TIPE_2":"RESTORAN","TIPE_3":"RESTORAN JEPANG","TELEPON":"","ALAMAT":"JL. JAMBORE NO.1, RT.8/RW.7, CIBUBUR, KEC. CIRACAS, KOTA JAKARTA TIMUR, DAERAH KHUSUS IBUKOTA JAKARTA 13720","ID_PROV":"31","PROVINSI":"DKI JAKARTA","ID_KABKOT":"31.75","KABKOT":"KOTA ADM. JAKARTA TIMUR","ID_KEC":"31.75.09","KECAMATAN":"CIRACAS","ID_DESA":"31.75.09.1002","DESA":"CIBUBUR","LONGITUDE":106.894493,"LATITUDE":-6.369767,"STATUS":"BUKA","TANGGAL UPDATE":"27/02/2025","TANGGAL PENGUMPULAN":"Q4 2023","q":27450,"r":-15144}},{"type":"Feature","geometry":{"coordinates":[106.93433180000005,-6.243303599999933],"type":"Point"},"properties":{"NAMA":"CAFE ROOVEE JAKARTA","TIPE_1":"MAKANAN DAN MINUMAN","TIPE_2":"RESTORAN","TIPE_3":"RESTORAN JEPANG","TELEPON":"0811-9766-833","ALAMAT":"JL. PD. KELAPA RAYA NO.5E, RT.6/RW.4, PD. KLP., KEC. DUREN SAWIT, KOTA JAKARTA TIMUR, DAERAH KHUSUS IBUKOTA JAKARTA 13450","ID_PROV":"31","PROVINSI":"DKI JAKARTA","ID_KABKOT":"31.75","KABKOT":"KOTA ADM. JAKARTA TIMUR","ID_KEC":"31.75.07","KECAMATAN":"DUREN SAWIT","ID_DESA":"31.75.07.1004","DESA":"PONDOK KELAPA","LONGITUDE":106.9343318,"LATITUDE":-6.2433036,"STATUS":"BUKA","TANGGAL UPDATE":"27/02/2025","TANGGAL PENGUMPULAN":"Q4 2023","q":27460,"r":-15121}},{"type":"Feature","geometry":{"coordinates":[106.90953190000005,-6.246922699999971],"type":"Point"},"properties":{"NAMA":"TAKOYAKI MENTAI BY WAKOYAKI STREET FOOD PONDOK BAMBU","TIPE_1":"MAKANAN DAN MINUMAN","TIPE_2":"RESTORAN","TIPE_3":"RESTORAN JEPANG","TELEPON":"","ALAMAT":"PONDOK BAMBU, RT.8/RW.7, DUREN SAWIT, KEC. DUREN SAWIT, KOTA JAKARTA TIMUR, DAERAH KHUSUS IBUKOTA JAKARTA 13430","ID_PROV":"31","PROVINSI":"DKI JAKARTA","ID_KABKOT":"31.75","KABKOT":"KOTA ADM. JAKARTA TIMUR","ID_KEC":"31.75.07","KECAMATAN":"DUREN SAWIT","ID_DESA":"31.75.07.1002","DESA":"PONDOK BAMBU","LONGITUDE":106.909531899999,"LATITUDE":-6.2469227,"STATUS":"BUKA","TANGGAL UPDATE":"27/02/2025","TANGGAL PENGUMPULAN":"Q4 2023","q":27454,"r":-15119}},{"type":"Feature","geometry":{"coordinates":[106.88997380000006,-6.194282499999929],"type":"Point"},"properties":{"NAMA":"SHIGERU SUSHI ARION MALL","TIPE_1":"MAKANAN DAN MINUMAN","TIPE_2":"RESTORAN","TIPE_3":"SUSHI","TELEPON":"0813-8481-1210","ALAMAT":"ARION MALL, JL. PEMUDA NO.4, RAWAMANGUN, KEC. PULO GADUNG, KOTA JAKARTA TIMUR, DAERAH KHUSUS IBUKOTA JAKARTA 13220","ID_PROV":"31","PROVINSI":"DKI JAKARTA","ID_KABKOT":"31.75","KABKOT":"KOTA ADM. JAKARTA TIMUR","ID_KEC":"31.75.02","KECAMATAN":"PULOGADUNG","ID_DESA":"31.75.02.1005","DESA":"RAWAMANGUN","LONGITUDE":106.889973799999,"LATITUDE":-6.1942825,"STATUS":"BUKA","TANGGAL UPDATE":"27/02/2025","TANGGAL PENGUMPULAN":"Q4 2023","q":27449,"r":-15105}},{"type":"Feature","geometry":{"coordinates":[106.8537949,-6.3359036],"type":"Point"},"properties":{"NAMA":"D'BRO CHICKEN & BURGER","TIPE_1":"MAKANAN DAN MINUMAN","TIPE_2":"RESTORAN","TIPE_3":"CEPAT SAJI","TELEPON":"","ALAMAT":"JL. KALISARI NO.11, RT.11/RW.2, KALISARI, KEC. PS. REBO, KOTA JAKARTA TIMUR, DAERAH KHUSUS IBUKOTA JAKARTA 13790","ID_PROV":"31","PROVINSI":"DKI JAKARTA","ID_KABKOT":"31.75","KABKOT":"KOTA ADM. JAKARTA TIMUR","ID_KEC":"31.75.05","KECAMATAN":"PASAR REBO","ID_DESA":"31.75.05.1004","DESA":"KALISARI","LONGITUDE":106.8537949,"LATITUDE":-6.3359036,"STATUS":"BUKA","TANGGAL UPDATE":"27/02/2025","TANGGAL PENGUMPULAN":"Q4 2023","q":27439,"r":-15132}},{"type":"Feature","geometry":{"coordinates":[106.8687693,-6.21148],"type":"Point"},"properties":{"NAMA":"D'BESTO - PISANGAN BARU TIMUR","TIPE_1":"MAKANAN DAN MINUMAN","TIPE_2":"RESTORAN","TIPE_3":"CEPAT SAJI","TELEPON":"","ALAMAT":"JL. PISANGAN BARU TIMUR NO.4, RT.3/RW.15, PISANGAN BARU, KEC. MATRAMAN, KOTA JAKARTA TIMUR, DAERAH KHUSUS IBUKOTA JAKARTA 13110","ID_PROV":"31","PROVINSI":"DKI JAKARTA","ID_KABKOT":"31.75","KABKOT":"KOTA ADM. JAKARTA TIMUR","ID_KEC":"31.75.01","KECAMATAN":"MATRAMAN","ID_DESA":"31.75.01.1001","DESA":"PISANGAN BARU","LONGITUDE":106.8687693,"LATITUDE":-6.21148,"STATUS":"BUKA","TANGGAL UPDATE":"27/02/2025","TANGGAL PENGUMPULAN":"Q4 2023","q":27443,"r":-15106}},{"type":"Feature","geometry":{"coordinates":[106.9171714,-6.2311666],"type":"Point"},"properties":{"NAMA":"D'BESTO CHIKEN BURGER DUREN SAWIT","TIPE_1":"MAKANAN DAN MINUMAN","TIPE_2":"RESTORAN","TIPE_3":"CEPAT SAJI","TELEPON":"0812-1666-0727","ALAMAT":"3, JL. SWADAYA RAYA NO.32, RT.3/RW.1, DUREN SAWIT, KEC. DUREN SAWIT, KOTA JAKARTA TIMUR, DAERAH KHUSUS IBUKOTA JAKARTA 13440","ID_PROV":"31","PROVINSI":"DKI JAKARTA","ID_KABKOT":"31.75","KABKOT":"KOTA ADM. JAKARTA TIMUR","ID_KEC":"31.75.07","KECAMATAN":"DUREN SAWIT","ID_DESA":"31.75.07.1001","DESA":"DUREN SAWIT","LONGITUDE":106.9171714,"LATITUDE":-6.2311666,"STATUS":"BUKA","TANGGAL UPDATE":"27/02/2025","TANGGAL PENGUMPULAN":"Q4 2023","q":27456,"r":-15116}},{"type":"Feature","geometry":{"coordinates":[106.8712776,-6.2645517],"type":"Point"},"properties":{"NAMA":"D'BESTO  CHICKEN & BURGER","TIPE_1":"MAKANAN DAN MINUMAN","TIPE_2":"RESTORAN","TIPE_3":"CEPAT SAJI","TELEPON":"0812-8410-5764","ALAMAT":"JL. CILILITAN BESAR NO.1B, RT.8/RW.3, KRAMAT JATI, KEC. KRAMAT JATI, KOTA JAKARTA TIMUR, DAERAH KHUSUS IBUKOTA JAKARTA 13510","ID_PROV":"31","PROVINSI":"DKI JAKARTA","ID_KABKOT":"31.75","KABKOT":"KOTA ADM. JAKARTA TIMUR","ID_KEC":"31.75.04","KECAMATAN":"KRAMATJATI","ID_DESA":"31.75.04.1001","DESA":"KRAMATJATI","LONGITUDE":106.8712776,"LATITUDE":-6.2645517,"STATUS":"BUKA","TANGGAL UPDATE":"27/02/2025","TANGGAL PENGUMPULAN":"Q4 2023","q":27444,"r":-15118}},{"type":"Feature","geometry":{"coordinates":[106.8626803,-6.2000045],"type":"Point"},"properties":{"NAMA":"D'BESTO CHICKEN & BURGER","TIPE_1":"MAKANAN DAN MINUMAN","TIPE_2":"RESTORAN","TIPE_3":"CEPAT SAJI","TELEPON":"0812-8410-5764","ALAMAT":"JL. KAYU MANIS TIMUR NO.44, RT.8/RW.4, KAYU MANIS, KEC. MATRAMAN, KOTA JAKARTA TIMUR, DAERAH KHUSUS IBUKOTA JAKARTA 13130","ID_PROV":"31","PROVINSI":"DKI JAKARTA","ID_KABKOT":"31.75","KABKOT":"KOTA ADM. JAKARTA TIMUR","ID_KEC":"31.75.01","KECAMATAN":"MATRAMAN","ID_DESA":"31.75.01.1003","DESA":"KAYU MANIS","LONGITUDE":106.8626803,"LATITUDE":-6.2000045,"STATUS":"BUKA","TANGGAL UPDATE":"27/02/2025","TANGGAL PENGUMPULAN":"Q4 2023","q":27442,"r":-15102}},{"type":"Feature","geometry":{"coordinates":[106.9122844,-6.2250004],"type":"Point"},"properties":{"NAMA":"DKRIUK FRIED CHICKEN","TIPE_1":"MAKANAN DAN MINUMAN","TIPE_2":"RESTORAN","TIPE_3":"CEPAT SAJI","TELEPON":"0853-1106-9319","ALAMAT":"JL. NAGA RAYA, RT.5/RW.3, DUREN SAWIT, KEC. DUREN SAWIT, KOTA JAKARTA TIMUR, DAERAH KHUSUS IBUKOTA JAKARTA 13440","ID_PROV":"31","PROVINSI":"DKI JAKARTA","ID_KABKOT":"31.75","KABKOT":"KOTA ADM. JAKARTA TIMUR","ID_KEC":"31.75.07","KECAMATAN":"DUREN SAWIT","ID_DESA":"31.75.07.1003","DESA":"KLENDER","LONGITUDE":106.9122844,"LATITUDE":-6.2250004,"STATUS":"BUKA","TANGGAL UPDATE":"27/02/2025","TANGGAL PENGUMPULAN":"Q4 2023","q":27454,"r":-15114}},{"type":"Feature","geometry":{"coordinates":[106.9361766,-6.1766171],"type":"Point"},"properties":{"NAMA":"D'KRIUK FRIED CHICKEN TIPAR CAKUNG JAKARTA TIMUR","TIPE_1":"MAKANAN DAN MINUMAN","TIPE_2":"RESTORAN","TIPE_3":"CEPAT SAJI","TELEPON":"0812-8257-4994","ALAMAT":"MASJID JAMI AL-HUDA, JALAN TIPAR CAKUNG NO.7 RW.7 CAKUNG BARAT KECAMATAN CAKUNG SEBARANG, TIPAR, CAKUNG BAR., KOTA JAKARTA TIMUR, DAERAH KHUSUS IBUKOTA JAKARTA 13910","ID_PROV":"31","PROVINSI":"DKI JAKARTA","ID_KABKOT":"31.75","KABKOT":"KOTA ADM. JAKARTA TIMUR","ID_KEC":"31.75.06","KECAMATAN":"CAKUNG","ID_DESA":"31.75.06.1007","DESA":"CAKUNG BARAT","LONGITUDE":106.9361766,"LATITUDE":-6.1766171,"STATUS":"BUKA","TANGGAL UPDATE":"27/02/2025","TANGGAL PENGUMPULAN":"Q4 2023","q":27461,"r":-15107}},{"type":"Feature","geometry":{"coordinates":[106.910011,-6.2445663],"type":"Point"},"properties":{"NAMA":"DKRIUK PONDOK BAMBU","TIPE_1":"MAKANAN DAN MINUMAN","TIPE_2":"RESTORAN","TIPE_3":"CEPAT SAJI","TELEPON":"0812-4205-0418","ALAMAT":"JL. H. DOGOL NO.17, RT.17/RW.7, DUREN SAWIT, KEC. DUREN SAWIT, KOTA JAKARTA TIMUR, DAERAH KHUSUS IBUKOTA JAKARTA 13440","ID_PROV":"31","PROVINSI":"DKI JAKARTA","ID_KABKOT":"31.75","KABKOT":"KOTA ADM. JAKARTA TIMUR","ID_KEC":"31.75.07","KECAMATAN":"DUREN SAWIT","ID_DESA":"31.75.07.1002","DESA":"PONDOK BAMBU","LONGITUDE":106.910011,"LATITUDE":-6.2445663,"STATUS":"BUKA","TANGGAL UPDATE":"27/02/2025","TANGGAL PENGUMPULAN":"Q4 2023","q":27454,"r":-15118}},{"type":"Feature","geometry":{"coordinates":[106.9042683,-6.2389076],"type":"Point"},"properties":{"NAMA":"DKRIUK PONDOK BAMBU 2","TIPE_1":"MAKANAN DAN MINUMAN","TIPE_2":"RESTORAN","TIPE_3":"CEPAT SAJI","TELEPON":"","ALAMAT":"NO.198RT, JL. KEJAKSAAN NO.4, RW.8, PD. BAMBU, KEC. DUREN SAWIT, KOTA JAKARTA TIMUR, DAERAH KHUSUS IBUKOTA JAKARTA 13430","ID_PROV":"31","PROVINSI":"DKI JAKARTA","ID_KABKOT":"31.75","KABKOT":"KOTA ADM. JAKARTA TIMUR","ID_KEC":"31.75.07","KECAMATAN":"DUREN SAWIT","ID_DESA":"31.75.07.1002","DESA":"PONDOK BAMBU","LONGITUDE":106.9042683,"LATITUDE":-6.2389076,"STATUS":"BUKA","TANGGAL UPDATE":"27/02/2025","TANGGAL PENGUMPULAN":"Q4 2023","q":27452,"r":-15116}},{"type":"Feature","geometry":{"coordinates":[106.8845361,-6.2895633],"type":"Point"},"properties":{"NAMA":"FAST FOOD INDONESIA","TIPE_1":"MAKANAN DAN MINUMAN","TIPE_2":"RESTORAN","TIPE_3":"CEPAT SAJI","TELEPON":"(021) 87785891","ALAMAT":"GEDUNGTAMINI SQUARE NO.1, RT.3/RW.1, PINANG RANTI, KEC. MAKASAR, KOTA JAKARTA TIMUR, DAERAH KHUSUS IBUKOTA JAKARTA 13560","ID_PROV":"31","PROVINSI":"DKI JAKARTA","ID_KABKOT":"31.75","KABKOT":"KOTA ADM. JAKARTA TIMUR","ID_KEC":"31.75.08","KECAMATAN":"MAKASAR","ID_DESA":"31.75.08.1002","DESA":"PINANGRANTI","LONGITUDE":106.8845361,"LATITUDE":-6.2895633,"STATUS":"BUKA","TANGGAL UPDATE":"27/02/2025","TANGGAL PENGUMPULAN":"Q4 2023","q":27447,"r":-15125}},{"type":"Feature","geometry":{"coordinates":[106.859004,-6.2001655],"type":"Point"},"properties":{"NAMA":"TOKO APIK","TIPE_1":"MAKANAN DAN MINUMAN","TIPE_2":"RESTORAN","TIPE_3":"CEPAT SAJI","TELEPON":"0899-9222-397","ALAMAT":"JL. SIAGA RAYA NO.1, RT.13/RW.3, PALMERIAM, KEC. MATRAMAN, KOTA JAKARTA TIMUR, DAERAH KHUSUS IBUKOTA JAKARTA 13140","ID_PROV":"31","PROVINSI":"DKI JAKARTA","ID_KABKOT":"31.75","KABKOT":"KOTA ADM. JAKARTA TIMUR","ID_KEC":"31.75.01","KECAMATAN":"MATRAMAN","ID_DESA":"31.75.01.1004","DESA":"PALMERIAM","LONGITUDE":106.859004,"LATITUDE":-6.2001655,"STATUS":"BUKA","TANGGAL UPDATE":"27/02/2025","TANGGAL PENGUMPULAN":"Q4 2023","q":27441,"r":-15102}},{"type":"Feature","geometry":{"coordinates":[106.8780527,-6.2243025],"type":"Point"},"properties":{"NAMA":"TEXAS CHICKEN BASSURA CITY MALL","TIPE_1":"MAKANAN DAN MINUMAN","TIPE_2":"RESTORAN","TIPE_3":"CEPAT SAJI","TELEPON":"(021) 85851055","ALAMAT":"BASSURA CITY MALL, JL. JEND. BASUKI RACHMAT NO.25, RT.7/RW.10, CIPINANG BESAR SEL., KECAMATAN JATINEGARA, KOTA JAKARTA TIMUR, DAERAH KHUSUS IBUKOTA JAKARTA 13410","ID_PROV":"31","PROVINSI":"DKI JAKARTA","ID_KABKOT":"31.75","KABKOT":"KOTA ADM. JAKARTA TIMUR","ID_KEC":"31.75.03","KECAMATAN":"JATINEGARA","ID_DESA":"31.75.03.1007","DESA":"CIPINANG BESAR SELATAN","LONGITUDE":106.8780527,"LATITUDE":-6.2243025,"STATUS":"BUKA","TANGGAL UPDATE":"27/02/2025","TANGGAL PENGUMPULAN":"Q4 2023","q":27446,"r":-15110}},{"type":"Feature","geometry":{"coordinates":[106.8877924,-6.228517],"type":"Point"},"properties":{"NAMA":"WAROENG MAMA KAYLA","TIPE_1":"MAKANAN DAN MINUMAN","TIPE_2":"RESTORAN","TIPE_3":"CEPAT SAJI","TELEPON":"0878-7857-0334","ALAMAT":"SADAR 1 NO.28, RT.1/RW.14, CIPINANG MUARA, KECAMATAN JATINEGARA, KOTA JAKARTA TIMUR, DAERAH KHUSUS IBUKOTA JAKARTA 13420","ID_PROV":"31","PROVINSI":"DKI JAKARTA","ID_KABKOT":"31.75","KABKOT":"KOTA ADM. JAKARTA TIMUR","ID_KEC":"31.75.03","KECAMATAN":"JATINEGARA","ID_DESA":"31.75.03.1006","DESA":"CIPINANG MUARA","LONGITUDE":106.8877924,"LATITUDE":-6.228517,"STATUS":"BUKA","TANGGAL UPDATE":"27/02/2025","TANGGAL PENGUMPULAN":"Q4 2023","q":27448,"r":-15112}},{"type":"Feature","geometry":{"coordinates":[106.8932914,-6.2123341],"type":"Point"},"properties":{"NAMA":"VILLA MAYA","TIPE_1":"MAKANAN DAN MINUMAN","TIPE_2":"RESTORAN","TIPE_3":"CEPAT SAJI","TELEPON":"","ALAMAT":"16, JL. CIPINANG JAGAL NO.5, RT.16/RW.16, CIPINANG, KEC. PULO GADUNG, KOTA JAKARTA TIMUR, DAERAH KHUSUS IBUKOTA JAKARTA 13240","ID_PROV":"31","PROVINSI":"DKI JAKARTA","ID_KABKOT":"31.75","KABKOT":"KOTA ADM. JAKARTA TIMUR","ID_KEC":"31.75.02","KECAMATAN":"PULOGADUNG","ID_DESA":"31.75.02.1003","DESA":"CIPINANG","LONGITUDE":106.8932914,"LATITUDE":-6.2123341,"STATUS":"BUKA","TANGGAL UPDATE":"27/02/2025","TANGGAL PENGUMPULAN":"Q4 2023","q":27450,"r":-15109}},{"type":"Feature","geometry":{"coordinates":[106.894166,-6.208936],"type":"Point"},"properties":{"NAMA":"WARGAL (WARUNG GALAU)","TIPE_1":"MAKANAN DAN MINUMAN","TIPE_2":"RESTORAN","TIPE_3":"CEPAT SAJI","TELEPON":"","ALAMAT":"JL. CIPINANG EMPANG II NO.18-3, RT.1/RW.15, CIPINANG, KEC. PULO GADUNG, KOTA JAKARTA TIMUR, DAERAH KHUSUS IBUKOTA JAKARTA 13240","ID_PROV":"31","PROVINSI":"DKI JAKARTA","ID_KABKOT":"31.75","KABKOT":"KOTA ADM. JAKARTA TIMUR","ID_KEC":"31.75.02","KECAMATAN":"PULOGADUNG","ID_DESA":"31.75.02.1003","DESA":"CIPINANG","LONGITUDE":106.894166,"LATITUDE":-6.208936,"STATUS":"BUKA","TANGGAL UPDATE":"27/02/2025","TANGGAL PENGUMPULAN":"Q4 2023","q":27450,"r":-15108}},{"type":"Feature","geometry":{"coordinates":[106.949124,-6.2147831],"type":"Point"},"properties":{"NAMA":"FAST FOOD RESTAURANT","TIPE_1":"MAKANAN DAN MINUMAN","TIPE_2":"RESTORAN","TIPE_3":"CEPAT SAJI","TELEPON":"","ALAMAT":"JL. SAWO KECIK NO.3, RT.2/RW.8, PULO GEBANG, KEC. CAKUNG, KOTA JAKARTA TIMUR, DAERAH KHUSUS IBUKOTA JAKARTA 13950","ID_PROV":"31","PROVINSI":"DKI JAKARTA","ID_KABKOT":"31.75","KABKOT":"KOTA ADM. JAKARTA TIMUR","ID_KEC":"31.75.06","KECAMATAN":"CAKUNG","ID_DESA":"31.75.06.1005","DESA":"PULO GEBANG","LONGITUDE":106.949124,"LATITUDE":-6.2147831,"STATUS":"BUKA","TANGGAL UPDATE":"27/02/2025","TANGGAL PENGUMPULAN":"Q4 2023","q":27464,"r":-15117}},{"type":"Feature","geometry":{"coordinates":[106.8910427,-6.2415051],"type":"Point"},"properties":{"NAMA":"FAST FOOD RESTAURANT","TIPE_1":"MAKANAN DAN MINUMAN","TIPE_2":"RESTORAN","TIPE_3":"CEPAT SAJI","TELEPON":"","ALAMAT":"JL. H. SULAIMAN NO.19, RT.9/RW.3, CIPINANG MELAYU, KEC. MAKASAR, KOTA JAKARTA TIMUR, DAERAH KHUSUS IBUKOTA JAKARTA 13620","ID_PROV":"31","PROVINSI":"DKI JAKARTA","ID_KABKOT":"31.75","KABKOT":"KOTA ADM. JAKARTA TIMUR","ID_KEC":"31.75.08","KECAMATAN":"MAKASAR","ID_DESA":"31.75.08.1004","DESA":"HALIM PERDANA KUSUMA","LONGITUDE":106.8910427,"LATITUDE":-6.2415051,"STATUS":"BUKA","TANGGAL UPDATE":"27/02/2025","TANGGAL PENGUMPULAN":"Q4 2023","q":27449,"r":-15115}},{"type":"Feature","geometry":{"coordinates":[106.9065554,-6.1935414],"type":"Point"},"properties":{"NAMA":"FAST FOOD RESTAURANT","TIPE_1":"MAKANAN DAN MINUMAN","TIPE_2":"RESTORAN","TIPE_3":"CEPAT SAJI","TELEPON":"","ALAMAT":"JL. PULOLIO NO.23, RT.8/RW.11, JATINEGARA, KEC. CAKUNG, KOTA JAKARTA TIMUR, DAERAH KHUSUS IBUKOTA JAKARTA 13930","ID_PROV":"31","PROVINSI":"DKI JAKARTA","ID_KABKOT":"31.75","KABKOT":"KOTA ADM. JAKARTA TIMUR","ID_KEC":"31.75.06","KECAMATAN":"CAKUNG","ID_DESA":"31.75.06.1001","DESA":"JATINEGARA","LONGITUDE":106.9065554,"LATITUDE":-6.1935414,"STATUS":"BUKA","TANGGAL UPDATE":"27/02/2025","TANGGAL PENGUMPULAN":"Q4 2023","q":27453,"r":-15107}},{"type":"Feature","geometry":{"coordinates":[106.9130829,-6.2177098],"type":"Point"},"properties":{"NAMA":"FAST FOOD RESTAURANT","TIPE_1":"MAKANAN DAN MINUMAN","TIPE_2":"RESTORAN","TIPE_3":"CEPAT SAJI","TELEPON":"","ALAMAT":"JL. MASJID ALHUSNIYAH NO.11, RT.8/RW.10, KLENDER, KEC. DUREN SAWIT, KOTA JAKARTA TIMUR, DAERAH KHUSUS IBUKOTA JAKARTA 13470","ID_PROV":"31","PROVINSI":"DKI JAKARTA","ID_KABKOT":"31.75","KABKOT":"KOTA ADM. JAKARTA TIMUR","ID_KEC":"31.75.07","KECAMATAN":"DUREN SAWIT","ID_DESA":"31.75.07.1003","DESA":"KLENDER","LONGITUDE":106.9130829,"LATITUDE":-6.2177098,"STATUS":"BUKA","TANGGAL UPDATE":"27/02/2025","TANGGAL PENGUMPULAN":"Q4 2023","q":27455,"r":-15113}},{"type":"Feature","geometry":{"coordinates":[106.9139614,-6.2521348],"type":"Point"},"properties":{"NAMA":"FAST FOOD RESTAURANT","TIPE_1":"MAKANAN DAN MINUMAN","TIPE_2":"RESTORAN","TIPE_3":"CEPAT SAJI","TELEPON":"","ALAMAT":"JL. PERHUBUNGAN NO.1, RT.1/RW.6, CIPINANG MELAYU, KEC. MAKASAR, KOTA JAKARTA TIMUR, DAERAH KHUSUS IBUKOTA JAKARTA 13620","ID_PROV":"31","PROVINSI":"DKI JAKARTA","ID_KABKOT":"31.75","KABKOT":"KOTA ADM. JAKARTA TIMUR","ID_KEC":"31.75.08","KECAMATAN":"MAKASAR","ID_DESA":"31.75.08.1005","DESA":"CIPINANG MELAYU","LONGITUDE":106.9139614,"LATITUDE":-6.2521348,"STATUS":"BUKA","TANGGAL UPDATE":"27/02/2025","TANGGAL PENGUMPULAN":"Q4 2023","q":27455,"r":-15121}},{"type":"Feature","geometry":{"coordinates":[106.9105591,-6.1835319],"type":"Point"},"properties":{"NAMA":"FAST FOOD RESTAURANT","TIPE_1":"MAKANAN DAN MINUMAN","TIPE_2":"RESTORAN","TIPE_3":"CEPAT SAJI","TELEPON":"","ALAMAT":"JL. SWADAYA III NO.6, RT.6/RW.2, RAWA TERATE, CAKUNG, EAST JAKARTA CITY, JAKARTA 13920","ID_PROV":"31","PROVINSI":"DKI JAKARTA","ID_KABKOT":"31.75","KABKOT":"KOTA ADM. JAKARTA TIMUR","ID_KEC":"31.75.06","KECAMATAN":"CAKUNG","ID_DESA":"31.75.06.1002","DESA":"RAWA TERATE","LONGITUDE":106.9105591,"LATITUDE":-6.1835319,"STATUS":"BUKA","TANGGAL UPDATE":"27/02/2025","TANGGAL PENGUMPULAN":"Q4 2023","q":27454,"r":-15105}},{"type":"Feature","geometry":{"coordinates":[106.9138413,-6.2215666],"type":"Point"},"properties":{"NAMA":"FISHLAB KLENDER","TIPE_1":"MAKANAN DAN MINUMAN","TIPE_2":"RESTORAN","TIPE_3":"CEPAT SAJI","TELEPON":"0812-1818-6448","ALAMAT":"JL. DUREN SAWIT RAYA (DERMAGA), RT.9/RW.11, KLENDER, KEC. DUREN SAWIT, KOTA JAKARTA TIMUR, DAERAH KHUSUS IBUKOTA JAKARTA 13440","ID_PROV":"31","PROVINSI":"DKI JAKARTA","ID_KABKOT":"31.75","KABKOT":"KOTA ADM. JAKARTA TIMUR","ID_KEC":"31.75.07","KECAMATAN":"DUREN SAWIT","ID_DESA":"31.75.07.1003","DESA":"KLENDER","LONGITUDE":106.9138413,"LATITUDE":-6.2215666,"STATUS":"BUKA","TANGGAL UPDATE":"27/02/2025","TANGGAL PENGUMPULAN":"Q4 2023","q":27455,"r":-15114}},{"type":"Feature","geometry":{"coordinates":[106.89531679999999,-6.2418007],"type":"Point"},"properties":{"NAMA":"FRIED CHICKEN","TIPE_1":"MAKANAN DAN MINUMAN","TIPE_2":"RESTORAN","TIPE_3":"CEPAT SAJI","TELEPON":"","ALAMAT":"JL. H. AMSIR NO.3, RT.3/RW.4, CIPINANG MELAYU, KEC. MAKASAR, KOTA JAKARTA TIMUR, DAERAH KHUSUS IBUKOTA JAKARTA 13620","ID_PROV":"31","PROVINSI":"DKI JAKARTA","ID_KABKOT":"31.75","KABKOT":"KOTA ADM. JAKARTA TIMUR","ID_KEC":"31.75.08","KECAMATAN":"MAKASAR","ID_DESA":"31.75.08.1005","DESA":"CIPINANG MELAYU","LONGITUDE":106.8953168,"LATITUDE":-6.2418007,"STATUS":"BUKA","TANGGAL UPDATE":"27/02/2025","TANGGAL PENGUMPULAN":"Q4 2023","q":27450,"r":-15116}},{"type":"Feature","geometry":{"coordinates":[106.87257419999999,-6.2770575],"type":"Point"},"properties":{"NAMA":"FRIED CHICKEN JHON","TIPE_1":"MAKANAN DAN MINUMAN","TIPE_2":"RESTORAN","TIPE_3":"CEPAT SAJI","TELEPON":"0857-1419-9924","ALAMAT":"JL. KERJA BAKTI NO.7, RT.1/RW.10, KRAMAT JATI, KEC. KRAMAT JATI, KOTA JAKARTA TIMUR, DAERAH KHUSUS IBUKOTA JAKARTA 13510","ID_PROV":"31","PROVINSI":"DKI JAKARTA","ID_KABKOT":"31.75","KABKOT":"KOTA ADM. JAKARTA TIMUR","ID_KEC":"31.75.04","KECAMATAN":"KRAMATJATI","ID_DESA":"31.75.04.1001","DESA":"KRAMATJATI","LONGITUDE":106.8725742,"LATITUDE":-6.2770575,"STATUS":"BUKA","TANGGAL UPDATE":"27/02/2025","TANGGAL PENGUMPULAN":"Q4 2023","q":27444,"r":-15121}},{"type":"Feature","geometry":{"coordinates":[106.8862478,-6.2620668],"type":"Point"},"properties":{"NAMA":"GEPREK ANGKASA","TIPE_1":"MAKANAN DAN MINUMAN","TIPE_2":"RESTORAN","TIPE_3":"CEPAT SAJI","TELEPON":"0813-8834-5345","ALAMAT":"JL. ANGKASA NO.8, RT.1/RW.9, HALIM PERDANA KUSUMAH, MAKASAR, EAST JAKARTA CITY, JAKARTA 13610","ID_PROV":"31","PROVINSI":"DKI JAKARTA","ID_KABKOT":"31.75","KABKOT":"KOTA ADM. JAKARTA TIMUR","ID_KEC":"31.75.08","KECAMATAN":"MAKASAR","ID_DESA":"31.75.08.1004","DESA":"HALIM PERDANA KUSUMA","LONGITUDE":106.8862478,"LATITUDE":-6.2620668,"STATUS":"BUKA","TANGGAL UPDATE":"27/02/2025","TANGGAL PENGUMPULAN":"Q4 2023","q":27448,"r":-15119}},{"type":"Feature","geometry":{"coordinates":[106.9040929,-6.226001],"type":"Point"},"properties":{"NAMA":"GEPREK AYAM KOKOK","TIPE_1":"MAKANAN DAN MINUMAN","TIPE_2":"RESTORAN","TIPE_3":"CEPAT SAJI","TELEPON":"0851-5647-6837","ALAMAT":"JL. GENDANG NO.2, RT.2/RW.1, PD. BAMBU, KEC. DUREN SAWIT, KOTA JAKARTA TIMUR, DAERAH KHUSUS IBUKOTA JAKARTA 13430","ID_PROV":"31","PROVINSI":"DKI JAKARTA","ID_KABKOT":"31.75","KABKOT":"KOTA ADM. JAKARTA TIMUR","ID_KEC":"31.75.07","KECAMATAN":"DUREN SAWIT","ID_DESA":"31.75.07.1002","DESA":"PONDOK BAMBU","LONGITUDE":106.9040929,"LATITUDE":-6.226001,"STATUS":"BUKA","TANGGAL UPDATE":"27/02/2025","TANGGAL PENGUMPULAN":"Q4 2023","q":27452,"r":-15113}},{"type":"Feature","geometry":{"coordinates":[106.9227357,-6.2206477],"type":"Point"},"properties":{"NAMA":"GOLD CHICKEN","TIPE_1":"MAKANAN DAN MINUMAN","TIPE_2":"RESTORAN","TIPE_3":"CEPAT SAJI","TELEPON":"","ALAMAT":"RT.8/RW.15, DUREN SAWIT, KEC. DUREN SAWIT, KOTA JAKARTA TIMUR, DAERAH KHUSUS IBUKOTA JAKARTA 13440","ID_PROV":"31","PROVINSI":"DKI JAKARTA","ID_KABKOT":"31.75","KABKOT":"KOTA ADM. JAKARTA TIMUR","ID_KEC":"31.75.07","KECAMATAN":"DUREN SAWIT","ID_DESA":"31.75.07.1001","DESA":"DUREN SAWIT","LONGITUDE":106.9227357,"LATITUDE":-6.2206477,"STATUS":"BUKA","TANGGAL UPDATE":"27/02/2025","TANGGAL PENGUMPULAN":"Q4 2023","q":27457,"r":-15115}},{"type":"Feature","geometry":{"coordinates":[106.8715465,-6.2871111],"type":"Point"},"properties":{"NAMA":"GRAB KITCHEN CILILITAN JALAN RAYA PONDOK GEDE JAKARTA TIMUR","TIPE_1":"MAKANAN DAN MINUMAN","TIPE_2":"RESTORAN","TIPE_3":"CEPAT SAJI","TELEPON":"","ALAMAT":"RT.15/RW.11, KRAMAT JATI, KEC. KRAMAT JATI, KOTA JAKARTA TIMUR, DAERAH KHUSUS IBUKOTA JAKARTA","ID_PROV":"31","PROVINSI":"DKI JAKARTA","ID_KABKOT":"31.75","KABKOT":"KOTA ADM. JAKARTA TIMUR","ID_KEC":"31.75.04","KECAMATAN":"KRAMATJATI","ID_DESA":"31.75.04.1001","DESA":"KRAMATJATI","LONGITUDE":106.8715465,"LATITUDE":-6.2871111,"STATUS":"BUKA","TANGGAL UPDATE":"27/02/2025","TANGGAL PENGUMPULAN":"Q4 2023","q":27444,"r":-15123}},{"type":"Feature","geometry":{"coordinates":[106.884142,-6.2085481],"type":"Point"},"properties":{"NAMA":"GEBU JAJANAN SEHAT KANTI LESTARI","TIPE_1":"MAKANAN DAN MINUMAN","TIPE_2":"RESTORAN","TIPE_3":"CEPAT SAJI","TELEPON":"0858-9000-8786","ALAMAT":"GG. KEBEMBEM II NO.7, RT.7/RW.13, PISANGAN TIM., KEC. PULO GADUNG, KOTA JAKARTA TIMUR, DAERAH KHUSUS IBUKOTA JAKARTA 13230","ID_PROV":"31","PROVINSI":"DKI JAKARTA","ID_KABKOT":"31.75","KABKOT":"KOTA ADM. JAKARTA TIMUR","ID_KEC":"31.75.02","KECAMATAN":"PULOGADUNG","ID_DESA":"31.75.02.1002","DESA":"PISANGAN TIMUR","LONGITUDE":106.884142,"LATITUDE":-6.2085481,"STATUS":"BUKA","TANGGAL UPDATE":"27/02/2025","TANGGAL PENGUMPULAN":"Q4 2023","q":27447,"r":-15107}},{"type":"Feature","geometry":{"coordinates":[106.8659749,-6.1934746],"type":"Point"},"properties":{"NAMA":"HOKBEN KITCHEN UTANKAYU","TIPE_1":"MAKANAN DAN MINUMAN","TIPE_2":"RESTORAN","TIPE_3":"CEPAT SAJI","TELEPON":"0813-9876-6002","ALAMAT":"JL. UTAN KAYU RAYA NO.45A, RT.1/RW.5, UTAN KAYU UTARA, KEC. MATRAMAN, KOTA JAKARTA TIMUR, DAERAH KHUSUS IBUKOTA JAKARTA 13120","ID_PROV":"31","PROVINSI":"DKI JAKARTA","ID_KABKOT":"31.75","KABKOT":"KOTA ADM. JAKARTA TIMUR","ID_KEC":"31.75.01","KECAMATAN":"MATRAMAN","ID_DESA":"31.75.01.1002","DESA":"UTAN KAYU UTARA","LONGITUDE":106.8659749,"LATITUDE":-6.1934746,"STATUS":"BUKA","TANGGAL UPDATE":"27/02/2025","TANGGAL PENGUMPULAN":"Q4 2023","q":27443,"r":-15101}},{"type":"Feature","geometry":{"coordinates":[106.9547207,-6.1965416],"type":"Point"},"properties":{"NAMA":"JAVANIS FRIED CHICKEN & BURGER","TIPE_1":"MAKANAN DAN MINUMAN","TIPE_2":"RESTORAN","TIPE_3":"CEPAT SAJI","TELEPON":"(021) 84222259","ALAMAT":"KOMPLEK PERTOKOAN, JL. RAYA PULO GEBANG, RT.6/RW.12, PULO GEBANG, PERMAI, KOTA JAKARTA TIMUR, DAERAH KHUSUS IBUKOTA JAKARTA 13720","ID_PROV":"31","PROVINSI":"DKI JAKARTA","ID_KABKOT":"31.75","KABKOT":"KOTA ADM. JAKARTA TIMUR","ID_KEC":"31.75.06","KECAMATAN":"CAKUNG","ID_DESA":"31.75.06.1005","DESA":"PULO GEBANG","LONGITUDE":106.9547207,"LATITUDE":-6.1965416,"STATUS":"BUKA","TANGGAL UPDATE":"27/02/2025","TANGGAL PENGUMPULAN":"Q4 2023","q":27465,"r":-15113}},{"type":"Feature","geometry":{"coordinates":[106.943504,-6.2169301],"type":"Point"},"properties":{"NAMA":"KEBAB BURGER 'N' DRINKS BYIRFI SHOP","TIPE_1":"MAKANAN DAN MINUMAN","TIPE_2":"RESTORAN","TIPE_3":"CEPAT SAJI","TELEPON":"0813-1604-0031","ALAMAT":"11, JL. KP. BULAK JAYA NO.23A, RT.12/RW.8, PULO GEBANG, KEC. CAKUNG, KOTA JAKARTA TIMUR, DAERAH KHUSUS IBUKOTA JAKARTA 13950","ID_PROV":"31","PROVINSI":"DKI JAKARTA","ID_KABKOT":"31.75","KABKOT":"KOTA ADM. JAKARTA TIMUR","ID_KEC":"31.75.06","KECAMATAN":"CAKUNG","ID_DESA":"31.75.06.1005","DESA":"PULO GEBANG","LONGITUDE":106.943504,"LATITUDE":-6.2169301,"STATUS":"BUKA","TANGGAL UPDATE":"27/02/2025","TANGGAL PENGUMPULAN":"Q4 2023","q":27462,"r":-15117}},{"type":"Feature","geometry":{"coordinates":[106.8941574,-6.2392764],"type":"Point"},"properties":{"NAMA":"KFC BOX CIPINANG","TIPE_1":"MAKANAN DAN MINUMAN","TIPE_2":"RESTORAN","TIPE_3":"CEPAT SAJI","TELEPON":"(021) 14022","ALAMAT":"JL. RAYA KALIMALANG NO.88, RT.18/RW.3, PD. BAMBU, KEC. DUREN SAWIT, KOTA JAKARTA TIMUR, DAERAH KHUSUS IBUKOTA JAKARTA 13430","ID_PROV":"31","PROVINSI":"DKI JAKARTA","ID_KABKOT":"31.75","KABKOT":"KOTA ADM. JAKARTA TIMUR","ID_KEC":"31.75.07","KECAMATAN":"DUREN SAWIT","ID_DESA":"31.75.07.1002","DESA":"PONDOK BAMBU","LONGITUDE":106.8941574,"LATITUDE":-6.2392764,"STATUS":"BUKA","TANGGAL UPDATE":"27/02/2025","TANGGAL PENGUMPULAN":"Q4 2023","q":27450,"r":-15115}},{"type":"Feature","geometry":{"coordinates":[106.9238578,-6.2184142],"type":"Point"},"properties":{"NAMA":"KFC BUARAN PLAZA","TIPE_1":"MAKANAN DAN MINUMAN","TIPE_2":"RESTORAN","TIPE_3":"CEPAT SAJI","TELEPON":"","ALAMAT":"JL. RADIN INTEN II NO.1, RT.8/RW.14, KLENDER, KEC. DUREN SAWIT, KOTA JAKARTA TIMUR, DAERAH KHUSUS IBUKOTA JAKARTA 13470","ID_PROV":"31","PROVINSI":"DKI JAKARTA","ID_KABKOT":"31.75","KABKOT":"KOTA ADM. JAKARTA TIMUR","ID_KEC":"31.75.07","KECAMATAN":"DUREN SAWIT","ID_DESA":"31.75.07.1003","DESA":"KLENDER","LONGITUDE":106.9238578,"LATITUDE":-6.2184142,"STATUS":"BUKA","TANGGAL UPDATE":"27/02/2025","TANGGAL PENGUMPULAN":"Q4 2023","q":27457,"r":-15114}},{"type":"Feature","geometry":{"coordinates":[106.903012,-6.2140571],"type":"Point"},"properties":{"NAMA":"KFC CITRA MALL KLENDER","TIPE_1":"MAKANAN DAN MINUMAN","TIPE_2":"RESTORAN","TIPE_3":"CEPAT SAJI","TELEPON":"(021) 14022","ALAMAT":"JL. I GUSTI NGURAH RAI, RT.4/RW.6, KLENDER, KEC. DUREN SAWIT, KOTA JAKARTA TIMUR, DAERAH KHUSUS IBUKOTA JAKARTA 13470","ID_PROV":"31","PROVINSI":"DKI JAKARTA","ID_KABKOT":"31.75","KABKOT":"KOTA ADM. JAKARTA TIMUR","ID_KEC":"31.75.07","KECAMATAN":"DUREN SAWIT","ID_DESA":"31.75.07.1003","DESA":"KLENDER","LONGITUDE":106.903012,"LATITUDE":-6.2140571,"STATUS":"BUKA","TANGGAL UPDATE":"27/02/2025","TANGGAL PENGUMPULAN":"Q4 2023","q":27452,"r":-15111}},{"type":"Feature","geometry":{"coordinates":[106.9190016,-6.2207118],"type":"Point"},"properties":{"NAMA":"KETOPRAQU BUARAN","TIPE_1":"MAKANAN DAN MINUMAN","TIPE_2":"RESTORAN","TIPE_3":"CEPAT SAJI","TELEPON":"0811-1668-989","ALAMAT":"RT.2/RW.15, DUREN SAWIT, KEC. DUREN SAWIT, KOTA JAKARTA TIMUR, DAERAH KHUSUS IBUKOTA JAKARTA 13440","ID_PROV":"31","PROVINSI":"DKI JAKARTA","ID_KABKOT":"31.75","KABKOT":"KOTA ADM. JAKARTA TIMUR","ID_KEC":"31.75.07","KECAMATAN":"DUREN SAWIT","ID_DESA":"31.75.07.1001","DESA":"DUREN SAWIT","LONGITUDE":106.9190016,"LATITUDE":-6.2207118,"STATUS":"BUKA","TANGGAL UPDATE":"27/02/2025","TANGGAL PENGUMPULAN":"Q4 2023","q":27456,"r":-15114}},{"type":"Feature","geometry":{"coordinates":[106.881298,-6.291032],"type":"Point"},"properties":{"NAMA":"KFC - TAMINI SQUARE","TIPE_1":"MAKANAN DAN MINUMAN","TIPE_2":"RESTORAN","TIPE_3":"CEPAT SAJI","TELEPON":"(021) 14022","ALAMAT":"JL. RAYA PD. GEDE GARUDA NO.15, RT.3/RW.2, PINANG RANTI, KEC. MAKASAR, KOTA JAKARTA TIMUR, DAERAH KHUSUS IBUKOTA JAKARTA 13560","ID_PROV":"31","PROVINSI":"DKI JAKARTA","ID_KABKOT":"31.75","KABKOT":"KOTA ADM. JAKARTA TIMUR","ID_KEC":"31.75.08","KECAMATAN":"MAKASAR","ID_DESA":"31.75.08.1002","DESA":"PINANGRANTI","LONGITUDE":106.881298,"LATITUDE":-6.291032,"STATUS":"BUKA","TANGGAL UPDATE":"27/02/2025","TANGGAL PENGUMPULAN":"Q4 2023","q":27446,"r":-15125}},{"type":"Feature","geometry":{"coordinates":[106.884493,-6.265638],"type":"Point"},"properties":{"NAMA":"KFC","TIPE_1":"MAKANAN DAN MINUMAN","TIPE_2":"RESTORAN","TIPE_3":"CEPAT SAJI","TELEPON":"(021) 14022","ALAMAT":"JL. KOMODOR HALIM PERDANA KUSUMA, RT.13/RW.4, HALIM PERDANA KUSUMAH, MAKASAR, EAST JAKARTA CITY, JAKARTA 13610","ID_PROV":"31","PROVINSI":"DKI JAKARTA","ID_KABKOT":"31.75","KABKOT":"KOTA ADM. JAKARTA TIMUR","ID_KEC":"31.75.08","KECAMATAN":"MAKASAR","ID_DESA":"31.75.08.1004","DESA":"HALIM PERDANA KUSUMA","LONGITUDE":106.884493,"LATITUDE":-6.265638,"STATUS":"BUKA","TANGGAL UPDATE":"27/02/2025","TANGGAL PENGUMPULAN":"Q4 2023","q":27447,"r":-15120}},{"type":"Feature","geometry":{"coordinates":[106.8661761,-6.2622093],"type":"Point"},"properties":{"NAMA":"KFC","TIPE_1":"MAKANAN DAN MINUMAN","TIPE_2":"RESTORAN","TIPE_3":"CEPAT SAJI","TELEPON":"(021) 30019651","ALAMAT":"JL. MAYOR JENDRAL SUTOYO NO.76, RT.3/RW.11, CILILITAN, KEC. KRAMAT JATI, KOTA JAKARTA TIMUR, DAERAH KHUSUS IBUKOTA JAKARTA 13640","ID_PROV":"31","PROVINSI":"DKI JAKARTA","ID_KABKOT":"31.75","KABKOT":"KOTA ADM. JAKARTA TIMUR","ID_KEC":"31.75.04","KECAMATAN":"KRAMATJATI","ID_DESA":"31.75.04.1006","DESA":"CILILITAN","LONGITUDE":106.8661761,"LATITUDE":-6.2622093,"STATUS":"BUKA","TANGGAL UPDATE":"27/02/2025","TANGGAL PENGUMPULAN":"Q4 2023","q":27443,"r":-15117}},{"type":"Feature","geometry":{"coordinates":[106.9587633,-6.1867953],"type":"Point"},"properties":{"NAMA":"KFC","TIPE_1":"MAKANAN DAN MINUMAN","TIPE_2":"RESTORAN","TIPE_3":"CEPAT SAJI","TELEPON":"(021) 14022","ALAMAT":"JALAN RAYA BEKASI, KM 25, CAKUNG, KOTA JAKARTA TIMUR, 17143, RT.1/RW.1, UJUNG MENTENG, CAKUNG, EAST JAKARTA CITY, JAKARTA 13960","ID_PROV":"31","PROVINSI":"DKI JAKARTA","ID_KABKOT":"31.75","KABKOT":"KOTA ADM. JAKARTA TIMUR","ID_KEC":"31.75.06","KECAMATAN":"CAKUNG","ID_DESA":"31.75.06.1006","DESA":"UJUNG MENTENG","LONGITUDE":106.9587633,"LATITUDE":-6.1867953,"STATUS":"BUKA","TANGGAL UPDATE":"27/02/2025","TANGGAL PENGUMPULAN":"Q4 2023","q":27466,"r":-15112}},{"type":"Feature","geometry":{"coordinates":[106.87799229999999,-6.22409],"type":"Point"},"properties":{"NAMA":"KFC","TIPE_1":"MAKANAN DAN MINUMAN","TIPE_2":"RESTORAN","TIPE_3":"CEPAT SAJI","TELEPON":"(021) 14022","ALAMAT":"JL. JEND. BASUKI RACHMAT NO.8, RT.8/RW.10, SOUTH CIPINANG BESAR, JATINEGARA, EAST JAKARTA CITY, JAKARTA 13410","ID_PROV":"31","PROVINSI":"DKI JAKARTA","ID_KABKOT":"31.75","KABKOT":"KOTA ADM. JAKARTA TIMUR","ID_KEC":"31.75.03","KECAMATAN":"JATINEGARA","ID_DESA":"31.75.03.1007","DESA":"CIPINANG BESAR SELATAN","LONGITUDE":106.8779923,"LATITUDE":-6.22409,"STATUS":"BUKA","TANGGAL UPDATE":"27/02/2025","TANGGAL PENGUMPULAN":"Q4 2023","q":27446,"r":-15110}},{"type":"Feature","geometry":{"coordinates":[106.857296,-6.30305],"type":"Point"},"properties":{"NAMA":"KFC - PASAR REBO","TIPE_1":"MAKANAN DAN MINUMAN","TIPE_2":"RESTORAN","TIPE_3":"CEPAT SAJI","TELEPON":"(021) 14022","ALAMAT":"JL. TB SIMATUPANG NO.57, GEDONG, KEC. PS. REBO, KOTA JAKARTA TIMUR, DAERAH KHUSUS IBUKOTA JAKARTA 13220","ID_PROV":"31","PROVINSI":"DKI JAKARTA","ID_KABKOT":"31.75","KABKOT":"KOTA ADM. JAKARTA TIMUR","ID_KEC":"31.75.05","KECAMATAN":"PASAR REBO","ID_DESA":"31.75.05.1001","DESA":"GEDONG","LONGITUDE":106.857296,"LATITUDE":-6.30305,"STATUS":"BUKA","TANGGAL UPDATE":"27/02/2025","TANGGAL PENGUMPULAN":"Q4 2023","q":27440,"r":-15125}},{"type":"Feature","geometry":{"coordinates":[106.89068239999999,-6.1999801],"type":"Point"},"properties":{"NAMA":"KFC - RAWAMANGUN SQUARE","TIPE_1":"MAKANAN DAN MINUMAN","TIPE_2":"RESTORAN","TIPE_3":"CEPAT SAJI","TELEPON":"(021) 14022","ALAMAT":"JL. PEGAMBIRAN NO.55, RT.8/RW.6, RAWAMANGUN, PULO GADUNG, EAST JAKARTA CITY, JAKARTA 13220","ID_PROV":"31","PROVINSI":"DKI JAKARTA","ID_KABKOT":"31.75","KABKOT":"KOTA ADM. JAKARTA TIMUR","ID_KEC":"31.75.02","KECAMATAN":"PULOGADUNG","ID_DESA":"31.75.02.1007","DESA":"JATI","LONGITUDE":106.8906824,"LATITUDE":-6.1999801,"STATUS":"BUKA","TANGGAL UPDATE":"27/02/2025","TANGGAL PENGUMPULAN":"Q4 2023","q":27449,"r":-15106}},{"type":"Feature","geometry":{"coordinates":[106.890409,-6.1940007],"type":"Point"},"properties":{"NAMA":"KFC ARION PLAZA","TIPE_1":"MAKANAN DAN MINUMAN","TIPE_2":"RESTORAN","TIPE_3":"CEPAT SAJI","TELEPON":"(021) 14022","ALAMAT":"JL. PEMUDA NO.3, RT.2/RW.7, RAWAMANGUN, KEC. PULO GADUNG, KOTA JAKARTA TIMUR, DAERAH KHUSUS IBUKOTA JAKARTA 13220","ID_PROV":"31","PROVINSI":"DKI JAKARTA","ID_KABKOT":"31.75","KABKOT":"KOTA ADM. JAKARTA TIMUR","ID_KEC":"31.75.02","KECAMATAN":"PULOGADUNG","ID_DESA":"31.75.02.1005","DESA":"RAWAMANGUN","LONGITUDE":106.890409,"LATITUDE":-6.1940007,"STATUS":"BUKA","TANGGAL UPDATE":"27/02/2025","TANGGAL PENGUMPULAN":"Q4 2023","q":27449,"r":-15105}},{"type":"Feature","geometry":{"coordinates":[106.907942,-6.2463335],"type":"Point"},"properties":{"NAMA":"KFC - KALIMALANG","TIPE_1":"MAKANAN DAN MINUMAN","TIPE_2":"RESTORAN","TIPE_3":"CEPAT SAJI","TELEPON":"(021) 8614077","ALAMAT":"JL. INSPEKSI SALURAN KALIMALANG NO.9, PD. BAMBU, KEC. DUREN SAWIT, KOTA JAKARTA TIMUR, DAERAH KHUSUS IBUKOTA JAKARTA 13430","ID_PROV":"31","PROVINSI":"DKI JAKARTA","ID_KABKOT":"31.75","KABKOT":"KOTA ADM. JAKARTA TIMUR","ID_KEC":"31.75.07","KECAMATAN":"DUREN SAWIT","ID_DESA":"31.75.07.1002","DESA":"PONDOK BAMBU","LONGITUDE":106.907942,"LATITUDE":-6.2463335,"STATUS":"BUKA","TANGGAL UPDATE":"27/02/2025","TANGGAL PENGUMPULAN":"Q4 2023","q":27453,"r":-15119}},{"type":"Feature","geometry":{"coordinates":[106.886327,-6.2000119],"type":"Point"},"properties":{"NAMA":"KFC BALAI PUSTAKA RAWAMANGUN","TIPE_1":"MAKANAN DAN MINUMAN","TIPE_2":"RESTORAN","TIPE_3":"CEPAT SAJI","TELEPON":"0811-7156-912","ALAMAT":"JL. BALAI PUSTAKA TIMUR NO.7, RT.7/RW.9, RAWAMANGUN, KEC. PULO GADUNG, KOTA JAKARTA TIMUR, DAERAH KHUSUS IBUKOTA JAKARTA 13220","ID_PROV":"31","PROVINSI":"DKI JAKARTA","ID_KABKOT":"31.75","KABKOT":"KOTA ADM. JAKARTA TIMUR","ID_KEC":"31.75.02","KECAMATAN":"PULOGADUNG","ID_DESA":"31.75.02.1005","DESA":"RAWAMANGUN","LONGITUDE":106.886327,"LATITUDE":-6.2000119,"STATUS":"BUKA","TANGGAL UPDATE":"27/02/2025","TANGGAL PENGUMPULAN":"Q4 2023","q":27448,"r":-15105}},{"type":"Feature","geometry":{"coordinates":[106.8619648,-6.3129145],"type":"Point"},"properties":{"NAMA":"KFC MALL CIJANTUNG","TIPE_1":"MAKANAN DAN MINUMAN","TIPE_2":"RESTORAN","TIPE_3":"CEPAT SAJI","TELEPON":"(021) 87793435","ALAMAT":"JL. PENDIDIKAN I, RT.1/RW.4, CIJANTUNG, KEC. PS. REBO, KOTA JAKARTA TIMUR, DAERAH KHUSUS IBUKOTA JAKARTA 13770","ID_PROV":"31","PROVINSI":"DKI JAKARTA","ID_KABKOT":"31.75","KABKOT":"KOTA ADM. JAKARTA TIMUR","ID_KEC":"31.75.05","KECAMATAN":"PASAR REBO","ID_DESA":"31.75.05.1003","DESA":"CIJANTUNG","LONGITUDE":106.8619648,"LATITUDE":-6.3129145,"STATUS":"BUKA","TANGGAL UPDATE":"27/02/2025","TANGGAL PENGUMPULAN":"Q4 2023","q":27441,"r":-15128}},{"type":"Feature","geometry":{"coordinates":[106.9236466,-6.2223442],"type":"Point"},"properties":{"NAMA":"KFC RADEN INTEN JAKARTA","TIPE_1":"MAKANAN DAN MINUMAN","TIPE_2":"RESTORAN","TIPE_3":"CEPAT SAJI","TELEPON":"(021) 14022","ALAMAT":"JL. RADIN INTEN II, KLENDER, KEC. DUREN SAWIT, KOTA JAKARTA TIMUR, DAERAH KHUSUS IBUKOTA JAKARTA 13440","ID_PROV":"31","PROVINSI":"DKI JAKARTA","ID_KABKOT":"31.75","KABKOT":"KOTA ADM. JAKARTA TIMUR","ID_KEC":"31.75.07","KECAMATAN":"DUREN SAWIT","ID_DESA":"31.75.07.1001","DESA":"DUREN SAWIT","LONGITUDE":106.9236466,"LATITUDE":-6.2223442,"STATUS":"BUKA","TANGGAL UPDATE":"27/02/2025","TANGGAL PENGUMPULAN":"Q4 2023","q":27457,"r":-15115}},{"type":"Feature","geometry":{"coordinates":[106.8994312,-6.2211576],"type":"Point"},"properties":{"NAMA":"KFC PONDOK BAMBU","TIPE_1":"MAKANAN DAN MINUMAN","TIPE_2":"RESTORAN","TIPE_3":"CEPAT SAJI","TELEPON":"(021) 14022","ALAMAT":"JL. PAHLAWAN REVOLUSI NO.7, RT.1/RW.4, KLENDER, KEC. DUREN SAWIT, KOTA JAKARTA TIMUR, DAERAH KHUSUS IBUKOTA JAKARTA 13470","ID_PROV":"31","PROVINSI":"DKI JAKARTA","ID_KABKOT":"31.75","KABKOT":"KOTA ADM. JAKARTA TIMUR","ID_KEC":"31.75.07","KECAMATAN":"DUREN SAWIT","ID_DESA":"31.75.07.1003","DESA":"KLENDER","LONGITUDE":106.8994312,"LATITUDE":-6.2211576,"STATUS":"BUKA","TANGGAL UPDATE":"27/02/2025","TANGGAL PENGUMPULAN":"Q4 2023","q":27451,"r":-15112}},{"type":"Feature","geometry":{"coordinates":[106.9062575,-6.2318838],"type":"Point"},"properties":{"NAMA":"KULINER ABBASY FOURS","TIPE_1":"MAKANAN DAN MINUMAN","TIPE_2":"RESTORAN","TIPE_3":"CEPAT SAJI","TELEPON":"","ALAMAT":"JL. SAWAH BARAT DALAM 2 NO.1, RT.1/RW.6, PD. BAMBU, KEC. DUREN SAWIT, KOTA JAKARTA TIMUR, DAERAH KHUSUS IBUKOTA JAKARTA 13430","ID_PROV":"31","PROVINSI":"DKI JAKARTA","ID_KABKOT":"31.75","KABKOT":"KOTA ADM. JAKARTA TIMUR","ID_KEC":"31.75.07","KECAMATAN":"DUREN SAWIT","ID_DESA":"31.75.07.1002","DESA":"PONDOK BAMBU","LONGITUDE":106.9062575,"LATITUDE":-6.2318838,"STATUS":"BUKA","TANGGAL UPDATE":"27/02/2025","TANGGAL PENGUMPULAN":"Q4 2023","q":27453,"r":-15115}},{"type":"Feature","geometry":{"coordinates":[106.9020742,-6.2197534],"type":"Point"},"properties":{"NAMA":"LAWSON DERMAGA","TIPE_1":"MAKANAN DAN MINUMAN","TIPE_2":"RESTORAN","TIPE_3":"CEPAT SAJI","TELEPON":"","ALAMAT":"JL. DERMAGA RAYA NO.31, RW.8, KLENDER, DURENSAWIT, EAST JAKARTA CITY, JAKARTA 13470","ID_PROV":"31","PROVINSI":"DKI JAKARTA","ID_KABKOT":"31.75","KABKOT":"KOTA ADM. JAKARTA TIMUR","ID_KEC":"31.75.07","KECAMATAN":"DUREN SAWIT","ID_DESA":"31.75.07.1003","DESA":"KLENDER","LONGITUDE":106.9020742,"LATITUDE":-6.2197534,"STATUS":"BUKA","TANGGAL UPDATE":"27/02/2025","TANGGAL PENGUMPULAN":"Q4 2023","q":27452,"r":-15112}},{"type":"Feature","geometry":{"coordinates":[106.9428062,-6.2006295],"type":"Point"},"properties":{"NAMA":"LAZATTO CHICKEN","TIPE_1":"MAKANAN DAN MINUMAN","TIPE_2":"RESTORAN","TIPE_3":"CEPAT SAJI","TELEPON":"","ALAMAT":"JAKARTA TIMUR, RT.7/RW.5, PULO GEBANG, KEC. CAKUNG, KOTA JAKARTA TIMUR, DAERAH KHUSUS IBUKOTA JAKARTA 13940","ID_PROV":"31","PROVINSI":"DKI JAKARTA","ID_KABKOT":"31.75","KABKOT":"KOTA ADM. JAKARTA TIMUR","ID_KEC":"31.75.06","KECAMATAN":"CAKUNG","ID_DESA":"31.75.06.1005","DESA":"PULO GEBANG","LONGITUDE":106.9428062,"LATITUDE":-6.2006295,"STATUS":"BUKA","TANGGAL UPDATE":"27/02/2025","TANGGAL PENGUMPULAN":"Q4 2023","q":27462,"r":-15113}},{"type":"Feature","geometry":{"coordinates":[106.9095402,-6.2157217],"type":"Point"},"properties":{"NAMA":"MASAKAN KHAS SOLO","TIPE_1":"MAKANAN DAN MINUMAN","TIPE_2":"RESTORAN","TIPE_3":"CEPAT SAJI","TELEPON":"0878-3890-4795","ALAMAT":"JL JAGUAR IV 65-A RT 018%2F03 KLENDER DUREN SAWIT JAKARTA TIMUR DKI JAKARTA, RT.15, RT.15/RW.17, KLENDER, KEC. DUREN SAWIT, KOTA JAKARTA TIMUR, DAERAH KHUSUS IBUKOTA JAKARTA 13470","ID_PROV":"31","PROVINSI":"DKI JAKARTA","ID_KABKOT":"31.75","KABKOT":"KOTA ADM. JAKARTA TIMUR","ID_KEC":"31.75.07","KECAMATAN":"DUREN SAWIT","ID_DESA":"31.75.07.1003","DESA":"KLENDER","LONGITUDE":106.9095402,"LATITUDE":-6.2157217,"STATUS":"BUKA","TANGGAL UPDATE":"27/02/2025","TANGGAL PENGUMPULAN":"Q4 2023","q":27454,"r":-15112}},{"type":"Feature","geometry":{"coordinates":[106.9366348,-6.2162529],"type":"Point"},"properties":{"NAMA":"LICI FRESH","TIPE_1":"MAKANAN DAN MINUMAN","TIPE_2":"RESTORAN","TIPE_3":"CEPAT SAJI","TELEPON":"","ALAMAT":"JAKARTA TIMUR, RT.9/RW.3, PENGGILINGAN, KEC. CAKUNG, KOTA JAKARTA TIMUR, DAERAH KHUSUS IBUKOTA JAKARTA 13940","ID_PROV":"31","PROVINSI":"DKI JAKARTA","ID_KABKOT":"31.75","KABKOT":"KOTA ADM. JAKARTA TIMUR","ID_KEC":"31.75.06","KECAMATAN":"CAKUNG","ID_DESA":"31.75.06.1003","DESA":"PENGGILINGAN","LONGITUDE":106.9366348,"LATITUDE":-6.2162529,"STATUS":"BUKA","TANGGAL UPDATE":"27/02/2025","TANGGAL PENGUMPULAN":"Q4 2023","q":27461,"r":-15115}},{"type":"Feature","geometry":{"coordinates":[106.8883443,-6.3313765],"type":"Point"},"properties":{"NAMA":"MCDONALD'S CIPAYUNG","TIPE_1":"MAKANAN DAN MINUMAN","TIPE_2":"RESTORAN","TIPE_3":"CEPAT SAJI","TELEPON":"","ALAMAT":"JL. CIPAYUNG RAYA, RT.6/RW.2, CIPAYUNG, KEC. CIPAYUNG, KOTA JAKARTA TIMUR, DAERAH KHUSUS IBUKOTA JAKARTA 13840","ID_PROV":"31","PROVINSI":"DKI JAKARTA","ID_KABKOT":"31.75","KABKOT":"KOTA ADM. JAKARTA TIMUR","ID_KEC":"31.75.10","KECAMATAN":"CIPAYUNG","ID_DESA":"31.75.10.1001","DESA":"CIPAYUNG","LONGITUDE":106.8883443,"LATITUDE":-6.3313765,"STATUS":"BUKA","TANGGAL UPDATE":"27/02/2025","TANGGAL PENGUMPULAN":"Q4 2023","q":27448,"r":-15135}},{"type":"Feature","geometry":{"coordinates":[106.8658098,-6.2627286],"type":"Point"},"properties":{"NAMA":"MCDONALD'S","TIPE_1":"MAKANAN DAN MINUMAN","TIPE_2":"RESTORAN","TIPE_3":"CEPAT SAJI","TELEPON":"0811-1927-549","ALAMAT":"JL. MAYJEN SUTOYO NO.2, RT.2/RW.13, CILILITAN, KEC. KRAMAT JATI, KOTA JAKARTA TIMUR, DAERAH KHUSUS IBUKOTA JAKARTA 13640","ID_PROV":"31","PROVINSI":"DKI JAKARTA","ID_KABKOT":"31.75","KABKOT":"KOTA ADM. JAKARTA TIMUR","ID_KEC":"31.75.04","KECAMATAN":"KRAMATJATI","ID_DESA":"31.75.04.1006","DESA":"CILILITAN","LONGITUDE":106.8658098,"LATITUDE":-6.2627286,"STATUS":"BUKA","TANGGAL UPDATE":"27/02/2025","TANGGAL PENGUMPULAN":"Q4 2023","q":27442,"r":-15117}},{"type":"Feature","geometry":{"coordinates":[106.9018898,-6.2454671],"type":"Point"},"properties":{"NAMA":"MAIL FRIED CHICKEN","TIPE_1":"MAKANAN DAN MINUMAN","TIPE_2":"RESTORAN","TIPE_3":"CEPAT SAJI","TELEPON":"0877-7581-9479","ALAMAT":"JL. INSPEKSI KALIMALANG NO.5, RT.5/RW.10, CIPINANG MELAYU, KEC. MAKASAR, KOTA JAKARTA TIMUR, DAERAH KHUSUS IBUKOTA JAKARTA 13620","ID_PROV":"31","PROVINSI":"DKI JAKARTA","ID_KABKOT":"31.75","KABKOT":"KOTA ADM. JAKARTA TIMUR","ID_KEC":"31.75.08","KECAMATAN":"MAKASAR","ID_DESA":"31.75.08.1005","DESA":"CIPINANG MELAYU","LONGITUDE":106.9018898,"LATITUDE":-6.2454671,"STATUS":"BUKA","TANGGAL UPDATE":"27/02/2025","TANGGAL PENGUMPULAN":"Q4 2023","q":27452,"r":-15118}},{"type":"Feature","geometry":{"coordinates":[106.8997062,-6.238565],"type":"Point"},"properties":{"NAMA":"MC DONALDS PAHLAWAN REVOLUSI","TIPE_1":"MAKANAN DAN MINUMAN","TIPE_2":"RESTORAN","TIPE_3":"CEPAT SAJI","TELEPON":"0811-8176-951","ALAMAT":"JL. PAHLAWAN REVOLUSI NO.122-123, PD. BAMBU, KEC. DUREN SAWIT, KOTA JAKARTA TIMUR, DAERAH KHUSUS IBUKOTA JAKARTA 13430","ID_PROV":"31","PROVINSI":"DKI JAKARTA","ID_KABKOT":"31.75","KABKOT":"KOTA ADM. JAKARTA TIMUR","ID_KEC":"31.75.07","KECAMATAN":"DUREN SAWIT","ID_DESA":"31.75.07.1002","DESA":"PONDOK BAMBU","LONGITUDE":106.8997062,"LATITUDE":-6.238565,"STATUS":"BUKA","TANGGAL UPDATE":"27/02/2025","TANGGAL PENGUMPULAN":"Q4 2023","q":27451,"r":-15116}},{"type":"Feature","geometry":{"coordinates":[106.8648474,-6.2050375],"type":"Point"},"properties":{"NAMA":"MAKLOR BANG AMIN MURAH MERIAH","TIPE_1":"MAKANAN DAN MINUMAN","TIPE_2":"RESTORAN","TIPE_3":"CEPAT SAJI","TELEPON":"0895-8034-40807","ALAMAT":"JL. KAYU MANIS TIMUR NO.8, RT.5/RW.14, UTAN KAYU SEL., KEC. MATRAMAN, KOTA JAKARTA TIMUR, DAERAH KHUSUS IBUKOTA JAKARTA 13130","ID_PROV":"31","PROVINSI":"DKI JAKARTA","ID_KABKOT":"31.75","KABKOT":"KOTA ADM. JAKARTA TIMUR","ID_KEC":"31.75.01","KECAMATAN":"MATRAMAN","ID_DESA":"31.75.01.1006","DESA":"UTAN KAYU SELATAN","LONGITUDE":106.8648474,"LATITUDE":-6.2050375,"STATUS":"BUKA","TANGGAL UPDATE":"27/02/2025","TANGGAL PENGUMPULAN":"Q4 2023","q":27442,"r":-15104}},{"type":"Feature","geometry":{"coordinates":[106.9228532,-6.2273361],"type":"Point"},"properties":{"NAMA":"MCDONALD'S DUREN SAWIT","TIPE_1":"MAKANAN DAN MINUMAN","TIPE_2":"RESTORAN","TIPE_3":"CEPAT SAJI","TELEPON":"0811-1927-559","ALAMAT":"JL. RADIN INTEN II, DUREN SAWIT, KEC. DUREN SAWIT, KOTA JAKARTA TIMUR, DAERAH KHUSUS IBUKOTA JAKARTA 13440","ID_PROV":"31","PROVINSI":"DKI JAKARTA","ID_KABKOT":"31.75","KABKOT":"KOTA ADM. JAKARTA TIMUR","ID_KEC":"31.75.07","KECAMATAN":"DUREN SAWIT","ID_DESA":"31.75.07.1001","DESA":"DUREN SAWIT","LONGITUDE":106.9228532,"LATITUDE":-6.2273361,"STATUS":"BUKA","TANGGAL UPDATE":"27/02/2025","TANGGAL PENGUMPULAN":"Q4 2023","q":27457,"r":-15116}},{"type":"Feature","geometry":{"coordinates":[106.8636097,-6.3522996],"type":"Point"},"properties":{"NAMA":"MCDONALD'S GANDARIA PASAR REBO","TIPE_1":"MAKANAN DAN MINUMAN","TIPE_2":"RESTORAN","TIPE_3":"CEPAT SAJI","TELEPON":"0811-1964-3104","ALAMAT":"JL. RAYA JAKARTA-BOGOR NO.28, RT.8/RW.7, PEKAYON, KEC. PS. REBO, KABUPATEN BOGOR, JAWA BARAT 13710","ID_PROV":"31","PROVINSI":"DKI JAKARTA","ID_KABKOT":"31.75","KABKOT":"KOTA ADM. JAKARTA TIMUR","ID_KEC":"31.75.05","KECAMATAN":"PASAR REBO","ID_DESA":"31.75.05.1005","DESA":"PEKAYON","LONGITUDE":106.8636097,"LATITUDE":-6.3522996,"STATUS":"BUKA","TANGGAL UPDATE":"27/02/2025","TANGGAL PENGUMPULAN":"Q4 2023","q":27442,"r":-15137}},{"type":"Feature","geometry":{"coordinates":[106.9564272,-6.175508],"type":"Point"},"properties":{"NAMA":"MCDONALD'S JGC - JAKARTA GARDEN CITY","TIPE_1":"MAKANAN DAN MINUMAN","TIPE_2":"RESTORAN","TIPE_3":"CEPAT SAJI","TELEPON":"","ALAMAT":"KOMPLEK GARDEN CITY, JL. CAKUNG CILINCING RAYA KM 0, JL. CASSIA UTAMA NO.298, RT.11/RW.8, CAKUNG TIM., KEC. CAKUNG, KOTA JAKARTA TIMUR, DAERAH KHUSUS IBUKOTA JAKARTA 13910","ID_PROV":"31","PROVINSI":"DKI JAKARTA","ID_KABKOT":"31.75","KABKOT":"KOTA ADM. JAKARTA TIMUR","ID_KEC":"31.75.06","KECAMATAN":"CAKUNG","ID_DESA":"31.75.06.1004","DESA":"CAKUNG TIMUR","LONGITUDE":106.9564272,"LATITUDE":-6.175508,"STATUS":"BUKA","TANGGAL UPDATE":"27/02/2025","TANGGAL PENGUMPULAN":"Q4 2023","q":27466,"r":-15109}},{"type":"Feature","geometry":{"coordinates":[106.8690813,-6.2369158],"type":"Point"},"properties":{"NAMA":"MCDONALD'S OTISTA RAYA","TIPE_1":"MAKANAN DAN MINUMAN","TIPE_2":"RESTORAN","TIPE_3":"CEPAT SAJI","TELEPON":"0811-8162-857","ALAMAT":"JL. OTTO ISKANDARDINATA NO.7, RT.7/RW.8, BIDARA CINA, KECAMATAN JATINEGARA, KOTA JAKARTA TIMUR, DAERAH KHUSUS IBUKOTA JAKARTA 13330","ID_PROV":"31","PROVINSI":"DKI JAKARTA","ID_KABKOT":"31.75","KABKOT":"KOTA ADM. JAKARTA TIMUR","ID_KEC":"31.75.03","KECAMATAN":"JATINEGARA","ID_DESA":"31.75.03.1002","DESA":"BIDARA CINA","LONGITUDE":106.8690813,"LATITUDE":-6.2369158,"STATUS":"BUKA","TANGGAL UPDATE":"27/02/2025","TANGGAL PENGUMPULAN":"Q4 2023","q":27443,"r":-15111}},{"type":"Feature","geometry":{"coordinates":[106.8816069,-6.1925865],"type":"Point"},"properties":{"NAMA":"MCDONALD'S PEMUDA","TIPE_1":"MAKANAN DAN MINUMAN","TIPE_2":"RESTORAN","TIPE_3":"CEPAT SAJI","TELEPON":"","ALAMAT":"JL. PEMUDA NO.19, RAWAMANGUN, KEC. PULO GADUNG, KOTA JAKARTA TIMUR, DAERAH KHUSUS IBUKOTA JAKARTA 13220","ID_PROV":"31","PROVINSI":"DKI JAKARTA","ID_KABKOT":"31.75","KABKOT":"KOTA ADM. JAKARTA TIMUR","ID_KEC":"31.75.02","KECAMATAN":"PULOGADUNG","ID_DESA":"31.75.02.1005","DESA":"RAWAMANGUN","LONGITUDE":106.8816069,"LATITUDE":-6.1925865,"STATUS":"BUKA","TANGGAL UPDATE":"27/02/2025","TANGGAL PENGUMPULAN":"Q4 2023","q":27447,"r":-15103}},{"type":"Feature","geometry":{"coordinates":[106.9017942,-6.2379779],"type":"Point"},"properties":{"NAMA":"MI AYAM DAN BAKSO WONOGIRI","TIPE_1":"MAKANAN DAN MINUMAN","TIPE_2":"RESTORAN","TIPE_3":"CEPAT SAJI","TELEPON":"","ALAMAT":"RT.4/RW.5, DUREN SAWIT, DURENSAWIT, EAST JAKARTA CITY, JAKARTA 13430","ID_PROV":"31","PROVINSI":"DKI JAKARTA","ID_KABKOT":"31.75","KABKOT":"KOTA ADM. JAKARTA TIMUR","ID_KEC":"31.75.07","KECAMATAN":"DUREN SAWIT","ID_DESA":"31.75.07.1002","DESA":"PONDOK BAMBU","LONGITUDE":106.9017942,"LATITUDE":-6.2379779,"STATUS":"BUKA","TANGGAL UPDATE":"27/02/2025","TANGGAL PENGUMPULAN":"Q4 2023","q":27452,"r":-15116}},{"type":"Feature","geometry":{"coordinates":[106.8619256,-6.3118875],"type":"Point"},"properties":{"NAMA":"MCDONALD'S MALL CIJANTUNG","TIPE_1":"MAKANAN DAN MINUMAN","TIPE_2":"RESTORAN","TIPE_3":"CEPAT SAJI","TELEPON":"(021) 87793325","ALAMAT":"MALL GRAHA CIJANTUNG, JL. PENDIDIKAN I NO.1, RT.1/RW.4, CIJANTUNG, KEC. PS. REBO, KOTA JAKARTA TIMUR, DAERAH KHUSUS IBUKOTA JAKARTA 13770","ID_PROV":"31","PROVINSI":"DKI JAKARTA","ID_KABKOT":"31.75","KABKOT":"KOTA ADM. JAKARTA TIMUR","ID_KEC":"31.75.05","KECAMATAN":"PASAR REBO","ID_DESA":"31.75.05.1003","DESA":"CIJANTUNG","LONGITUDE":106.8619256,"LATITUDE":-6.3118875,"STATUS":"BUKA","TANGGAL UPDATE":"27/02/2025","TANGGAL PENGUMPULAN":"Q4 2023","q":27441,"r":-15127}},{"type":"Feature","geometry":{"coordinates":[106.8811497,-6.2905907],"type":"Point"},"properties":{"NAMA":"MCDONALD'S MALL TAMINI SQUARE","TIPE_1":"MAKANAN DAN MINUMAN","TIPE_2":"RESTORAN","TIPE_3":"CEPAT SAJI","TELEPON":"0811-1927-553","ALAMAT":"TAMINI SQUARE, JL. TAMAN MINI I NO.RAYA, RT.3/RW.2, PINANG RANTI, KEC. MAKASAR, KOTA JAKARTA TIMUR, DAERAH KHUSUS IBUKOTA JAKARTA 13560","ID_PROV":"31","PROVINSI":"DKI JAKARTA","ID_KABKOT":"31.75","KABKOT":"KOTA ADM. JAKARTA TIMUR","ID_KEC":"31.75.08","KECAMATAN":"MAKASAR","ID_DESA":"31.75.08.1002","DESA":"PINANGRANTI","LONGITUDE":106.8811497,"LATITUDE":-6.2905907,"STATUS":"BUKA","TANGGAL UPDATE":"27/02/2025","TANGGAL PENGUMPULAN":"Q4 2023","q":27446,"r":-15125}},{"type":"Feature","geometry":{"coordinates":[106.8952317,-6.2307621],"type":"Point"},"properties":{"NAMA":"MELAYANI PESANAN NASI BOXSNACK BOX TUMPENG DLL","TIPE_1":"MAKANAN DAN MINUMAN","TIPE_2":"RESTORAN","TIPE_3":"CEPAT SAJI","TELEPON":"","ALAMAT":"RT.4/RW.3, PD. BAMBU, KEC. DUREN SAWIT, KOTA JAKARTA TIMUR, DAERAH KHUSUS IBUKOTA JAKARTA 13430","ID_PROV":"31","PROVINSI":"DKI JAKARTA","ID_KABKOT":"31.75","KABKOT":"KOTA ADM. JAKARTA TIMUR","ID_KEC":"31.75.07","KECAMATAN":"DUREN SAWIT","ID_DESA":"31.75.07.1002","DESA":"PONDOK BAMBU","LONGITUDE":106.8952317,"LATITUDE":-6.2307621,"STATUS":"BUKA","TANGGAL UPDATE":"27/02/2025","TANGGAL PENGUMPULAN":"Q4 2023","q":27450,"r":-15113}},{"type":"Feature","geometry":{"coordinates":[106.8951292,-6.2126661],"type":"Point"},"properties":{"NAMA":"NASI UDUK NENEK KALEM","TIPE_1":"MAKANAN DAN MINUMAN","TIPE_2":"RESTORAN","TIPE_3":"CEPAT SAJI","TELEPON":"","ALAMAT":"JALAN CIPINANG JAGAL, RT.7, RT.6/RW.10, CIPINANG, KEC. PULO GADUNG, KOTA JAKARTA TIMUR, DAERAH KHUSUS IBUKOTA JAKARTA 13240","ID_PROV":"31","PROVINSI":"DKI JAKARTA","ID_KABKOT":"31.75","KABKOT":"KOTA ADM. JAKARTA TIMUR","ID_KEC":"31.75.02","KECAMATAN":"PULOGADUNG","ID_DESA":"31.75.02.1003","DESA":"CIPINANG","LONGITUDE":106.8951292,"LATITUDE":-6.2126661,"STATUS":"BUKA","TANGGAL UPDATE":"27/02/2025","TANGGAL PENGUMPULAN":"Q4 2023","q":27450,"r":-15109}},{"type":"Feature","geometry":{"coordinates":[106.8557918,-6.2916432],"type":"Point"},"properties":{"NAMA":"PIZZA HUT DELIVERY - PHD INDONESIA","TIPE_1":"MAKANAN DAN MINUMAN","TIPE_2":"RESTORAN","TIPE_3":"CEPAT SAJI","TELEPON":"1 500 600","ALAMAT":"JALAN RAYA CONDET CILILITAN NO.27C, BATU AMPAR, KEC. KRAMAT JATI, KOTA JAKARTA TIMUR, DAERAH KHUSUS IBUKOTA JAKARTA 13520","ID_PROV":"31","PROVINSI":"DKI JAKARTA","ID_KABKOT":"31.75","KABKOT":"KOTA ADM. JAKARTA TIMUR","ID_KEC":"31.75.04","KECAMATAN":"KRAMATJATI","ID_DESA":"31.75.04.1004","DESA":"BATU AMPAR","LONGITUDE":106.8557918,"LATITUDE":-6.2916432,"STATUS":"BUKA","TANGGAL UPDATE":"27/02/2025","TANGGAL PENGUMPULAN":"Q4 2023","q":27440,"r":-15122}},{"type":"Feature","geometry":{"coordinates":[106.8680717,-6.2230601],"type":"Point"},"properties":{"NAMA":"NYINYIRENG JATINEGARA","TIPE_1":"MAKANAN DAN MINUMAN","TIPE_2":"RESTORAN","TIPE_3":"CEPAT SAJI","TELEPON":"0822-9813-5998","ALAMAT":"JL. JATINEGARA TIMUR NO.8, RT.8/RW.2, BALI MESTER, KECAMATAN JATINEGARA, KOTA JAKARTA TIMUR, DAERAH KHUSUS IBUKOTA JAKARTA 13310","ID_PROV":"31","PROVINSI":"DKI JAKARTA","ID_KABKOT":"31.75","KABKOT":"KOTA ADM. JAKARTA TIMUR","ID_KEC":"31.75.03","KECAMATAN":"JATINEGARA","ID_DESA":"31.75.03.1003","DESA":"BALI MESTER","LONGITUDE":106.8680717,"LATITUDE":-6.2230601,"STATUS":"BUKA","TANGGAL UPDATE":"27/02/2025","TANGGAL PENGUMPULAN":"Q4 2023","q":27443,"r":-15108}},{"type":"Feature","geometry":{"coordinates":[106.9085235,-6.2465686],"type":"Point"},"properties":{"NAMA":"RAFFEL'S SANDWICH KALIMALANG","TIPE_1":"MAKANAN DAN MINUMAN","TIPE_2":"RESTORAN","TIPE_3":"CEPAT SAJI","TELEPON":"0877-7750-8822","ALAMAT":"KOMPLEK RUKO KALIMALANG EMAS JALAN TARUM BARAT KAV. E7 BLOK 11, RT.8/RW.7, PD. BAMBU, KEC. DUREN SAWIT, KOTA JAKARTA TIMUR, DAERAH KHUSUS IBUKOTA JAKARTA 13430","ID_PROV":"31","PROVINSI":"DKI JAKARTA","ID_KABKOT":"31.75","KABKOT":"KOTA ADM. JAKARTA TIMUR","ID_KEC":"31.75.07","KECAMATAN":"DUREN SAWIT","ID_DESA":"31.75.07.1002","DESA":"PONDOK BAMBU","LONGITUDE":106.9085235,"LATITUDE":-6.2465686,"STATUS":"BUKA","TANGGAL UPDATE":"27/02/2025","TANGGAL PENGUMPULAN":"Q4 2023","q":27453,"r":-15119}},{"type":"Feature","geometry":{"coordinates":[106.9300548,-6.2237957],"type":"Point"},"properties":{"NAMA":"RESTO AYU","TIPE_1":"MAKANAN DAN MINUMAN","TIPE_2":"RESTORAN","TIPE_3":"CEPAT SAJI","TELEPON":"0815-2892-9682","ALAMAT":"JL KASTURI 1 JL. WIJAYA KUSUMA 2 GG. 13 NO.MOR 25, RT.034/RW.7, MALAKA SARI, KEC. DUREN SAWIT, KOTA JAKARTA TIMUR, DAERAH KHUSUS IBUKOTA JAKARTA 13460","ID_PROV":"31","PROVINSI":"DKI JAKARTA","ID_KABKOT":"31.75","KABKOT":"KOTA ADM. JAKARTA TIMUR","ID_KEC":"31.75.07","KECAMATAN":"DUREN SAWIT","ID_DESA":"31.75.07.1005","DESA":"MALAKA SARI","LONGITUDE":106.9300548,"LATITUDE":-6.2237957,"STATUS":"BUKA","TANGGAL UPDATE":"27/02/2025","TANGGAL PENGUMPULAN":"Q4 2023","q":27459,"r":-15116}},{"type":"Feature","geometry":{"coordinates":[106.8909044,-6.1940639],"type":"Point"},"properties":{"NAMA":"RICHEESE FACTORY ARION MALL","TIPE_1":"MAKANAN DAN MINUMAN","TIPE_2":"RESTORAN","TIPE_3":"CEPAT SAJI","TELEPON":"(021) 1500220","ALAMAT":"ARION MALL, 2ND, JL. PEMUDA NO.KAV 3-4, RT.2/RW.7, RAWAMANGUN, KEC. PULO GADUNG, KOTA JAKARTA TIMUR, DAERAH KHUSUS IBUKOTA JAKARTA 13220","ID_PROV":"31","PROVINSI":"DKI JAKARTA","ID_KABKOT":"31.75","KABKOT":"KOTA ADM. JAKARTA TIMUR","ID_KEC":"31.75.02","KECAMATAN":"PULOGADUNG","ID_DESA":"31.75.02.1005","DESA":"RAWAMANGUN","LONGITUDE":106.8909044,"LATITUDE":-6.1940639,"STATUS":"BUKA","TANGGAL UPDATE":"27/02/2025","TANGGAL PENGUMPULAN":"Q4 2023","q":27449,"r":-15105}},{"type":"Feature","geometry":{"coordinates":[106.9138203,-6.2477967],"type":"Point"},"properties":{"NAMA":"RICHEESE FACTORY KALIMALANG","TIPE_1":"MAKANAN DAN MINUMAN","TIPE_2":"RESTORAN","TIPE_3":"CEPAT SAJI","TELEPON":"1 500 220","ALAMAT":"JL. INSPEKSI SALURAN KAV. AGRARIAN NO. 9 RT 002 RW 04, KALIMALANG, RT.2/RW.16, DUREN SAWIT, KEC. DUREN SAWIT, KOTA JAKARTA TIMUR, DAERAH KHUSUS IBUKOTA JAKARTA 13440","ID_PROV":"31","PROVINSI":"DKI JAKARTA","ID_KABKOT":"31.75","KABKOT":"KOTA ADM. JAKARTA TIMUR","ID_KEC":"31.75.07","KECAMATAN":"DUREN SAWIT","ID_DESA":"31.75.07.1001","DESA":"DUREN SAWIT","LONGITUDE":106.9138203,"LATITUDE":-6.2477967,"STATUS":"BUKA","TANGGAL UPDATE":"27/02/2025","TANGGAL PENGUMPULAN":"Q4 2023","q":27455,"r":-15120}},{"type":"Feature","geometry":{"coordinates":[106.8992006,-6.2257375],"type":"Point"},"properties":{"NAMA":"RICHEESE FACTORY PAHLAWAN REVOLUSI","TIPE_1":"MAKANAN DAN MINUMAN","TIPE_2":"RESTORAN","TIPE_3":"CEPAT SAJI","TELEPON":"","ALAMAT":"JL. PAHLAWAN REVOLUSI NO.5, PD. BAMBU, KEC. DUREN SAWIT, KOTA JAKARTA TIMUR, DAERAH KHUSUS IBUKOTA JAKARTA 13470","ID_PROV":"31","PROVINSI":"DKI JAKARTA","ID_KABKOT":"31.75","KABKOT":"KOTA ADM. JAKARTA TIMUR","ID_KEC":"31.75.07","KECAMATAN":"DUREN SAWIT","ID_DESA":"31.75.07.1002","DESA":"PONDOK BAMBU","LONGITUDE":106.8992006,"LATITUDE":-6.2257375,"STATUS":"BUKA","TANGGAL UPDATE":"27/02/2025","TANGGAL PENGUMPULAN":"Q4 2023","q":27451,"r":-15113}},{"type":"Feature","geometry":{"coordinates":[106.861834,-6.312408],"type":"Point"},"properties":{"NAMA":"RICHEESE FACTORY CIJANTUNG","TIPE_1":"MAKANAN DAN MINUMAN","TIPE_2":"RESTORAN","TIPE_3":"CEPAT SAJI","TELEPON":"1 500 220","ALAMAT":"MALL GRAHA CIJANTUNG LT. 3 PASAR REBO, JL. PENDIDIKAN I NO.1, RT.1/RW.4, CIJANTUNG, KEC. CIRACAS, KOTA JAKARTA TIMUR, DAERAH KHUSUS IBUKOTA JAKARTA 13770","ID_PROV":"31","PROVINSI":"DKI JAKARTA","ID_KABKOT":"31.75","KABKOT":"KOTA ADM. JAKARTA TIMUR","ID_KEC":"31.75.05","KECAMATAN":"PASAR REBO","ID_DESA":"31.75.05.1003","DESA":"CIJANTUNG","LONGITUDE":106.861834,"LATITUDE":-6.312408,"STATUS":"BUKA","TANGGAL UPDATE":"27/02/2025","TANGGAL PENGUMPULAN":"Q4 2023","q":27441,"r":-15127}},{"type":"Feature","geometry":{"coordinates":[106.8862824,-6.2015391],"type":"Point"},"properties":{"NAMA":"ROTI KUKUS  CITY RAWAMANGOEN(JAKARTA TIMUR)","TIPE_1":"MAKANAN DAN MINUMAN","TIPE_2":"RESTORAN","TIPE_3":"CEPAT SAJI","TELEPON":"0813-1478-8708","ALAMAT":"GEREJA KRISTEN JAWA, RT.7/RW.9, RAWAMANGUN, KEC. PULO GADUNG, KOTA JAKARTA TIMUR, DAERAH KHUSUS IBUKOTA JAKARTA 13220","ID_PROV":"31","PROVINSI":"DKI JAKARTA","ID_KABKOT":"31.75","KABKOT":"KOTA ADM. JAKARTA TIMUR","ID_KEC":"31.75.02","KECAMATAN":"PULOGADUNG","ID_DESA":"31.75.02.1005","DESA":"RAWAMANGUN","LONGITUDE":106.8862824,"LATITUDE":-6.2015391,"STATUS":"BUKA","TANGGAL UPDATE":"27/02/2025","TANGGAL PENGUMPULAN":"Q4 2023","q":27448,"r":-15106}},{"type":"Feature","geometry":{"coordinates":[106.9000979,-6.2244181],"type":"Point"},"properties":{"NAMA":"SABANA FRIED CHICKEN","TIPE_1":"MAKANAN DAN MINUMAN","TIPE_2":"RESTORAN","TIPE_3":"CEPAT SAJI","TELEPON":"0818-0841-4746","ALAMAT":"12, JL. BALAI RAKYAT NO.12, RT.10/RW.9, KLENDER, KEC. DUREN SAWIT, KOTA JAKARTA TIMUR, DAERAH KHUSUS IBUKOTA JAKARTA 13470","ID_PROV":"31","PROVINSI":"DKI JAKARTA","ID_KABKOT":"31.75","KABKOT":"KOTA ADM. JAKARTA TIMUR","ID_KEC":"31.75.07","KECAMATAN":"DUREN SAWIT","ID_DESA":"31.75.07.1003","DESA":"KLENDER","LONGITUDE":106.9000979,"LATITUDE":-6.2244181,"STATUS":"BUKA","TANGGAL UPDATE":"27/02/2025","TANGGAL PENGUMPULAN":"Q4 2023","q":27451,"r":-15113}},{"type":"Feature","geometry":{"coordinates":[106.9014754,-6.2393439],"type":"Point"},"properties":{"NAMA":"SALAD BUAH MAMACIO","TIPE_1":"MAKANAN DAN MINUMAN","TIPE_2":"RESTORAN","TIPE_3":"CEPAT SAJI","TELEPON":"","ALAMAT":"2, JL. KEAMANAN NO.67, RT.2/RW.5, PD. BAMBU, KEC. DUREN SAWIT, KOTA JAKARTA TIMUR, DAERAH KHUSUS IBUKOTA JAKARTA 13430","ID_PROV":"31","PROVINSI":"DKI JAKARTA","ID_KABKOT":"31.75","KABKOT":"KOTA ADM. JAKARTA TIMUR","ID_KEC":"31.75.07","KECAMATAN":"DUREN SAWIT","ID_DESA":"31.75.07.1002","DESA":"PONDOK BAMBU","LONGITUDE":106.9014754,"LATITUDE":-6.2393439,"STATUS":"BUKA","TANGGAL UPDATE":"27/02/2025","TANGGAL PENGUMPULAN":"Q4 2023","q":27452,"r":-15116}},{"type":"Feature","geometry":{"coordinates":[106.8963393,-6.220782],"type":"Point"},"properties":{"NAMA":"SEBLAKKEDAIREMPONG","TIPE_1":"MAKANAN DAN MINUMAN","TIPE_2":"RESTORAN","TIPE_3":"CEPAT SAJI","TELEPON":"0821-1004-6186","ALAMAT":"17, JL. CIPINANG MUARA 3 NO.44, RT.17/RW.4, KLENDER, KEC. DUREN SAWIT, KOTA JAKARTA TIMUR, DAERAH KHUSUS IBUKOTA JAKARTA 13470","ID_PROV":"31","PROVINSI":"DKI JAKARTA","ID_KABKOT":"31.75","KABKOT":"KOTA ADM. JAKARTA TIMUR","ID_KEC":"31.75.07","KECAMATAN":"DUREN SAWIT","ID_DESA":"31.75.07.1003","DESA":"KLENDER","LONGITUDE":106.8963393,"LATITUDE":-6.220782,"STATUS":"BUKA","TANGGAL UPDATE":"27/02/2025","TANGGAL PENGUMPULAN":"Q4 2023","q":27450,"r":-15111}},{"type":"Feature","geometry":{"coordinates":[106.8958936,-6.2327864],"type":"Point"},"properties":{"NAMA":"SATE MADURA HAJI HERI","TIPE_1":"MAKANAN DAN MINUMAN","TIPE_2":"RESTORAN","TIPE_3":"CEPAT SAJI","TELEPON":"0878-7508-2845","ALAMAT":"JL. PAHLAWAN REVOLUSI GG. H. MUTHOLIB NO.19, RT.4/RW.3, PD. BAMBU, KEC. DUREN SAWIT, KOTA JAKARTA TIMUR, DAERAH KHUSUS IBUKOTA JAKARTA 13430","ID_PROV":"31","PROVINSI":"DKI JAKARTA","ID_KABKOT":"31.75","KABKOT":"KOTA ADM. JAKARTA TIMUR","ID_KEC":"31.75.07","KECAMATAN":"DUREN SAWIT","ID_DESA":"31.75.07.1002","DESA":"PONDOK BAMBU","LONGITUDE":106.8958936,"LATITUDE":-6.2327864,"STATUS":"BUKA","TANGGAL UPDATE":"27/02/2025","TANGGAL PENGUMPULAN":"Q4 2023","q":27450,"r":-15114}},{"type":"Feature","geometry":{"coordinates":[106.8815516,-6.2620915],"type":"Point"},"properties":{"NAMA":"WARUNG TIMBUL","TIPE_1":"MAKANAN DAN MINUMAN","TIPE_2":"RESTORAN","TIPE_3":"CEPAT SAJI","TELEPON":"0882-1469-6583","ALAMAT":"RT.1/RW.10, KB. PALA, KEC. MAKASAR, KOTA JAKARTA TIMUR, DAERAH KHUSUS IBUKOTA JAKARTA 13610","ID_PROV":"31","PROVINSI":"DKI JAKARTA","ID_KABKOT":"31.75","KABKOT":"KOTA ADM. JAKARTA TIMUR","ID_KEC":"31.75.08","KECAMATAN":"MAKASAR","ID_DESA":"31.75.08.1003","DESA":"KEBON PALA","LONGITUDE":106.8815516,"LATITUDE":-6.2620915,"STATUS":"BUKA","TANGGAL UPDATE":"27/02/2025","TANGGAL PENGUMPULAN":"Q4 2023","q":27447,"r":-15119}},{"type":"Feature","geometry":{"coordinates":[106.8938608,-6.220245],"type":"Point"},"properties":{"NAMA":"WARUNG PAK JAKI","TIPE_1":"MAKANAN DAN MINUMAN","TIPE_2":"RESTORAN","TIPE_3":"CEPAT SAJI","TELEPON":"","ALAMAT":"JL. CIPINANG MUARA 3 NO.21, RT.19RT.9/RW.15, CIPINANG MUARA, MUARAKECAMATAN JATINEGARA, KOTA JAKARTA TIMUR, DAERAH KHUSUS IBUKOTA JAKARTA 13420","ID_PROV":"31","PROVINSI":"DKI JAKARTA","ID_KABKOT":"31.75","KABKOT":"KOTA ADM. JAKARTA TIMUR","ID_KEC":"31.75.03","KECAMATAN":"JATINEGARA","ID_DESA":"31.75.03.1006","DESA":"CIPINANG MUARA","LONGITUDE":106.8938608,"LATITUDE":-6.220245,"STATUS":"BUKA","TANGGAL UPDATE":"27/02/2025","TANGGAL PENGUMPULAN":"Q4 2023","q":27450,"r":-15111}},{"type":"Feature","geometry":{"coordinates":[106.8995,-6.2143349],"type":"Point"},"properties":{"NAMA":"WARUNG NASI JOGJA","TIPE_1":"MAKANAN DAN MINUMAN","TIPE_2":"RESTORAN","TIPE_3":"CEPAT SAJI","TELEPON":"0813-2464-6872","ALAMAT":"JL. PERTANIAN RAYA NO.13, RT.15/RW.2, KLENDER, KEC. DUREN SAWIT, KOTA JAKARTA TIMUR, DAERAH KHUSUS IBUKOTA JAKARTA 13470","ID_PROV":"31","PROVINSI":"DKI JAKARTA","ID_KABKOT":"31.75","KABKOT":"KOTA ADM. JAKARTA TIMUR","ID_KEC":"31.75.07","KECAMATAN":"DUREN SAWIT","ID_DESA":"31.75.07.1003","DESA":"KLENDER","LONGITUDE":106.8995,"LATITUDE":-6.2143349,"STATUS":"BUKA","TANGGAL UPDATE":"27/02/2025","TANGGAL PENGUMPULAN":"Q4 2023","q":27451,"r":-15110}},{"type":"Feature","geometry":{"coordinates":[106.8977766,-6.2196708],"type":"Point"},"properties":{"NAMA":"WARUNG MOZA KLENDER","TIPE_1":"MAKANAN DAN MINUMAN","TIPE_2":"RESTORAN","TIPE_3":"CEPAT SAJI","TELEPON":"","ALAMAT":"JL. KP. KAPITAN, RT.8/RW.4, KLENDER, KEC. DUREN SAWIT, KOTA JAKARTA TIMUR, DAERAH KHUSUS IBUKOTA JAKARTA 13470","ID_PROV":"31","PROVINSI":"DKI JAKARTA","ID_KABKOT":"31.75","KABKOT":"KOTA ADM. JAKARTA TIMUR","ID_KEC":"31.75.07","KECAMATAN":"DUREN SAWIT","ID_DESA":"31.75.07.1003","DESA":"KLENDER","LONGITUDE":106.8977766,"LATITUDE":-6.2196708,"STATUS":"BUKA","TANGGAL UPDATE":"27/02/2025","TANGGAL PENGUMPULAN":"Q4 2023","q":27451,"r":-15111}},{"type":"Feature","geometry":{"coordinates":[106.88986949999999,-6.227625],"type":"Point"},"properties":{"NAMA":"ZERO POINT","TIPE_1":"MAKANAN DAN MINUMAN","TIPE_2":"RESTORAN","TIPE_3":"CEPAT SAJI","TELEPON":"","ALAMAT":"JL. CIPINANG MUARA RAYA NO.14, RT.6/RW.3, CIPINANG MUARA, KECAMATAN JATINEGARA, KOTA JAKARTA TIMUR, DAERAH KHUSUS IBUKOTA JAKARTA 13420","ID_PROV":"31","PROVINSI":"DKI JAKARTA","ID_KABKOT":"31.75","KABKOT":"KOTA ADM. JAKARTA TIMUR","ID_KEC":"31.75.03","KECAMATAN":"JATINEGARA","ID_DESA":"31.75.03.1006","DESA":"CIPINANG MUARA","LONGITUDE":106.8898695,"LATITUDE":-6.227625,"STATUS":"BUKA","TANGGAL UPDATE":"27/02/2025","TANGGAL PENGUMPULAN":"Q4 2023","q":27449,"r":-15112}},{"type":"Feature","geometry":{"coordinates":[106.86557570000008,-6.262816],"type":"Point"},"properties":{"NAMA":"BURGER QUEEN","TIPE_1":"MAKANAN DAN MINUMAN","TIPE_2":"RESTORAN","TIPE_3":"CEPAT SAJI","TELEPON":"","ALAMAT":"BASEMENT & L3, PUSAT GROSIR CILILITAN (PGC), JL. MAYJEN SUTOYO, CILILITAN, 76, KRAMAT JATI, 13640 JAKARTA TIMUR, DKI JAKARTA, RW.11, CILILITAN, KRAMAT JATI, EAST JAKARTA CITY, JAKARTA 13640","ID_PROV":"31","PROVINSI":"DKI JAKARTA","ID_KABKOT":"31.75","KABKOT":"KOTA ADM. JAKARTA TIMUR","ID_KEC":"31.75.04","KECAMATAN":"KRAMATJATI","ID_DESA":"31.75.04.1006","DESA":"CILILITAN","LONGITUDE":106.8655757,"LATITUDE":-6.262816,"STATUS":"BUKA","TANGGAL UPDATE":"27/02/2025","TANGGAL PENGUMPULAN":"Q4 2023","q":27442,"r":-15117}},{"type":"Feature","geometry":{"coordinates":[106.85994590000007,-6.285712099999957],"type":"Point"},"properties":{"NAMA":"BESTIE BURGER","TIPE_1":"MAKANAN DAN MINUMAN","TIPE_2":"RESTORAN","TIPE_3":"CEPAT SAJI","TELEPON":"","ALAMAT":"JL. BATU AMPAR III NO.34, RT.12/RW.3, BATU AMPAR, KEC. KRAMAT JATI, KOTA JAKARTA TIMUR, DAERAH KHUSUS IBUKOTA JAKARTA 13520","ID_PROV":"31","PROVINSI":"DKI JAKARTA","ID_KABKOT":"31.75","KABKOT":"KOTA ADM. JAKARTA TIMUR","ID_KEC":"31.75.04","KECAMATAN":"KRAMATJATI","ID_DESA":"31.75.04.1004","DESA":"BATU AMPAR","LONGITUDE":106.8599459,"LATITUDE":-6.2857121,"STATUS":"BUKA","TANGGAL UPDATE":"27/02/2025","TANGGAL PENGUMPULAN":"Q4 2023","q":27441,"r":-15121}},{"type":"Feature","geometry":{"coordinates":[106.86821070000008,-6.28890989999997],"type":"Point"},"properties":{"NAMA":"BURGER HOUSE","TIPE_1":"MAKANAN DAN MINUMAN","TIPE_2":"RESTORAN","TIPE_3":"CEPAT SAJI","TELEPON":"0895-3758-06451","ALAMAT":"JL. RAYA INPRES GG. SAMPURNA IV, RT.2/RW.2, KP. TENGAH, KEC. KRAMAT JATI, KOTA JAKARTA TIMUR, DAERAH KHUSUS IBUKOTA JAKARTA 13540","ID_PROV":"31","PROVINSI":"DKI JAKARTA","ID_KABKOT":"31.75","KABKOT":"KOTA ADM. JAKARTA TIMUR","ID_KEC":"31.75.04","KECAMATAN":"KRAMATJATI","ID_DESA":"31.75.04.1002","DESA":"TENGAH","LONGITUDE":106.8682107,"LATITUDE":-6.2889099,"STATUS":"BUKA","TANGGAL UPDATE":"27/02/2025","TANGGAL PENGUMPULAN":"Q4 2023","q":27443,"r":-15123}},{"type":"Feature","geometry":{"coordinates":[106.87619660000009,-6.295763499999959],"type":"Point"},"properties":{"NAMA":"BURGER DONG","TIPE_1":"MAKANAN DAN MINUMAN","TIPE_2":"RESTORAN","TIPE_3":"CEPAT SAJI","TELEPON":"0812-5173-4357","ALAMAT":"RT.6/RW.6, DUKUH, KEC. KRAMAT JATI, KOTA JAKARTA TIMUR, DAERAH KHUSUS IBUKOTA JAKARTA 13550","ID_PROV":"31","PROVINSI":"DKI JAKARTA","ID_KABKOT":"31.75","KABKOT":"KOTA ADM. JAKARTA TIMUR","ID_KEC":"31.75.04","KECAMATAN":"KRAMATJATI","ID_DESA":"31.75.04.1003","DESA":"DUKUH","LONGITUDE":106.8761966,"LATITUDE":-6.2957635,"STATUS":"BUKA","TANGGAL UPDATE":"27/02/2025","TANGGAL PENGUMPULAN":"Q4 2023","q":27445,"r":-15126}},{"type":"Feature","geometry":{"coordinates":[106.85418040000008,-6.285651899999939],"type":"Point"},"properties":{"NAMA":"CHICKING FOOD & WINGS BURGER","TIPE_1":"MAKANAN DAN MINUMAN","TIPE_2":"RESTORAN","TIPE_3":"CEPAT SAJI","TELEPON":"","ALAMAT":"JL. MESJID AL-MABRUK NO.36A, RT.7/RW.3, BALEKAMBANG, KEC. KRAMAT JATI, KOTA JAKARTA TIMUR, DAERAH KHUSUS IBUKOTA JAKARTA 13530","ID_PROV":"31","PROVINSI":"DKI JAKARTA","ID_KABKOT":"31.75","KABKOT":"KOTA ADM. JAKARTA TIMUR","ID_KEC":"31.75.04","KECAMATAN":"KRAMATJATI","ID_DESA":"31.75.04.1005","DESA":"BALEKAMBANG","LONGITUDE":106.8541804,"LATITUDE":-6.2856519,"STATUS":"BUKA","TANGGAL UPDATE":"27/02/2025","TANGGAL PENGUMPULAN":"Q4 2023","q":27439,"r":-15120}},{"type":"Feature","geometry":{"coordinates":[106.86728730000004,-6.272306899999938],"type":"Point"},"properties":{"NAMA":"KAMPUNG BURGER KRAMAT JATI","TIPE_1":"MAKANAN DAN MINUMAN","TIPE_2":"RESTORAN","TIPE_3":"CEPAT SAJI","TELEPON":"0856-9328-2425","ALAMAT":"1, JL. RAYA BOGOR NO.56, RT.1/RW.6, KRAMAT JATI, KEC. KRAMAT JATI, KOTA JAKARTA TIMUR, DAERAH KHUSUS IBUKOTA JAKARTA 13510","ID_PROV":"31","PROVINSI":"DKI JAKARTA","ID_KABKOT":"31.75","KABKOT":"KOTA ADM. JAKARTA TIMUR","ID_KEC":"31.75.04","KECAMATAN":"KRAMATJATI","ID_DESA":"31.75.04.1001","DESA":"KRAMATJATI","LONGITUDE":106.8672873,"LATITUDE":-6.2723069,"STATUS":"BUKA","TANGGAL UPDATE":"27/02/2025","TANGGAL PENGUMPULAN":"Q4 2023","q":27443,"r":-15119}},{"type":"Feature","geometry":{"coordinates":[106.86365960000006,-6.26709939999995],"type":"Point"},"properties":{"NAMA":"BURGER PANGGANG HOLIC CONDET","TIPE_1":"MAKANAN DAN MINUMAN","TIPE_2":"RESTORAN","TIPE_3":"CEPAT SAJI","TELEPON":"0858-9213-1235","ALAMAT":"JL. BATU AMPAR NO.111 NO 27, RT.10/RW.5, CILILITAN, KEC. KRAMAT JATI, KOTA JAKARTA TIMUR, DAERAH KHUSUS IBUKOTA JAKARTA 13640","ID_PROV":"31","PROVINSI":"DKI JAKARTA","ID_KABKOT":"31.75","KABKOT":"KOTA ADM. JAKARTA TIMUR","ID_KEC":"31.75.04","KECAMATAN":"KRAMATJATI","ID_DESA":"31.75.04.1006","DESA":"CILILITAN","LONGITUDE":106.8636596,"LATITUDE":-6.2670994,"STATUS":"BUKA","TANGGAL UPDATE":"27/02/2025","TANGGAL PENGUMPULAN":"Q4 2023","q":27442,"r":-15117}},{"type":"Feature","geometry":{"coordinates":[106.86308540000005,-6.276431899999984],"type":"Point"},"properties":{"NAMA":"BURGER OPPA","TIPE_1":"MAKANAN DAN MINUMAN","TIPE_2":"RESTORAN","TIPE_3":"CEPAT SAJI","TELEPON":"","ALAMAT":"14, JL. BATU JAMBRUT NO.40, RT.14/RW.2, BATU AMPAR, KRAMAT JATI, EAST JAKARTA CITY, JAKARTA 13520","ID_PROV":"31","PROVINSI":"DKI JAKARTA","ID_KABKOT":"31.75","KABKOT":"KOTA ADM. JAKARTA TIMUR","ID_KEC":"31.75.04","KECAMATAN":"KRAMATJATI","ID_DESA":"31.75.04.1004","DESA":"BATU AMPAR","LONGITUDE":106.8630854,"LATITUDE":-6.2764319,"STATUS":"BUKA","TANGGAL UPDATE":"27/02/2025","TANGGAL PENGUMPULAN":"Q4 2023","q":27442,"r":-15119}},{"type":"Feature","geometry":{"coordinates":[106.85684630000009,-6.263407699999964],"type":"Point"},"properties":{"NAMA":"BURGER HR","TIPE_1":"MAKANAN DAN MINUMAN","TIPE_2":"RESTORAN","TIPE_3":"CEPAT SAJI","TELEPON":"0852-1519-3621","ALAMAT":"GG. H. ASMAWI NO.RT 09/06, RT.9/RW.6, CILILITAN, KEC. KRAMAT JATI, KOTA JAKARTA TIMUR, DAERAH KHUSUS IBUKOTA JAKARTA 13640","ID_PROV":"31","PROVINSI":"DKI JAKARTA","ID_KABKOT":"31.75","KABKOT":"KOTA ADM. JAKARTA TIMUR","ID_KEC":"31.75.04","KECAMATAN":"KRAMATJATI","ID_DESA":"31.75.04.1006","DESA":"CILILITAN","LONGITUDE":106.8568463,"LATITUDE":-6.2634077,"STATUS":"BUKA","TANGGAL UPDATE":"27/02/2025","TANGGAL PENGUMPULAN":"Q4 2023","q":27440,"r":-15116}},{"type":"Feature","geometry":{"coordinates":[106.87187470000003,-6.281692699999944],"type":"Point"},"properties":{"NAMA":"VEGAS FRIED CHICKEN KRAMAT JATI","TIPE_1":"MAKANAN DAN MINUMAN","TIPE_2":"RESTORAN","TIPE_3":"RESTORAN AYAM","TELEPON":"","ALAMAT":"JL. RAYA JAKARTA-BOGOR, RT.10/RW.10, KRAMAT JATI, KEC. KRAMAT JATI, KOTA JAKARTA TIMUR, DAERAH KHUSUS IBUKOTA JAKARTA, RT.10, KP. TENGAH, KEC. KRAMAT JATI, KOTA JAKARTA TIMUR, DAERAH KHUSUS IBUKOTA JAKARTA 13540","ID_PROV":"31","PROVINSI":"DKI JAKARTA","ID_KABKOT":"31.75","KABKOT":"KOTA ADM. JAKARTA TIMUR","ID_KEC":"31.75.04","KECAMATAN":"KRAMATJATI","ID_DESA":"31.75.04.1001","DESA":"KRAMATJATI","LONGITUDE":106.8718747,"LATITUDE":-6.2816927,"STATUS":"BUKA","TANGGAL UPDATE":"27/02/2025","TANGGAL PENGUMPULAN":"Q4 2023","q":27444,"r":-15122}},{"type":"Feature","geometry":{"coordinates":[106.855336,-6.280957],"type":"Point"},"properties":{"NAMA":"BON APPETIT BURGER","TIPE_1":"MAKANAN DAN MINUMAN","TIPE_2":"RESTORAN","TIPE_3":"CEPAT SAJI","TELEPON":"0813-1975-5987","ALAMAT":"JL. RAYA CONDET NO.1, RT.4/RW.3, BALEKAMBANG, KEC. KRAMAT JATI, KOTA JAKARTA TIMUR, DAERAH KHUSUS IBUKOTA JAKARTA 13530","ID_PROV":"31","PROVINSI":"DKI JAKARTA","ID_KABKOT":"31.75","KABKOT":"KOTA ADM. JAKARTA TIMUR","ID_KEC":"31.75.04","KECAMATAN":"KRAMATJATI","ID_DESA":"31.75.04.1004","DESA":"BATU AMPAR","LONGITUDE":106.855336,"LATITUDE":-6.280957,"STATUS":"BUKA","TANGGAL UPDATE":"27/02/2025","TANGGAL PENGUMPULAN":"Q4 2023","q":27440,"r":-15120}},{"type":"Feature","geometry":{"coordinates":[106.96505880000008,-6.198917399999979],"type":"Point"},"properties":{"NAMA":"BURGERHAUS - BURGER HOTDOG COFFEE (PULOGEBANG)","TIPE_1":"MAKANAN DAN MINUMAN","TIPE_2":"RESTORAN","TIPE_3":"CEPAT SAJI","TELEPON":"0856-9779-9771","ALAMAT":"RUSUNAWA RAWABEBEK. FOODCOURT IPR, JL. INSPEKSI BKT TIMUR, PULO GEBANG, CAKUNG, JAKARTA, 13950","ID_PROV":"31","PROVINSI":"DKI JAKARTA","ID_KABKOT":"31.75","KABKOT":"KOTA ADM. JAKARTA TIMUR","ID_KEC":"31.75.06","KECAMATAN":"CAKUNG","ID_DESA":"31.75.06.1005","DESA":"PULO GEBANG","LONGITUDE":106.9650588,"LATITUDE":-6.1989174,"STATUS":"BUKA","TANGGAL UPDATE":"27/02/2025","TANGGAL PENGUMPULAN":"Q4 2023","q":27468,"r":-15115}},{"type":"Feature","geometry":{"coordinates":[106.88360710000006,-6.206435799999957],"type":"Point"},"properties":{"NAMA":"BURGER DAN PIZZA HOTMEALS","TIPE_1":"MAKANAN DAN MINUMAN","TIPE_2":"RESTORAN","TIPE_3":"CEPAT SAJI","TELEPON":"0857-7488-4757","ALAMAT":"JL. GADING RAYA II NO.21, RT.3/RW.13, PISANGAN TIM., KEC. PULO GADUNG, KOTA JAKARTA TIMUR, DAERAH KHUSUS IBUKOTA JAKARTA 13230","ID_PROV":"31","PROVINSI":"DKI JAKARTA","ID_KABKOT":"31.75","KABKOT":"KOTA ADM. JAKARTA TIMUR","ID_KEC":"31.75.02","KECAMATAN":"PULOGADUNG","ID_DESA":"31.75.02.1002","DESA":"PISANGAN TIMUR","LONGITUDE":106.8836071,"LATITUDE":-6.2064358,"STATUS":"BUKA","TANGGAL UPDATE":"27/02/2025","TANGGAL PENGUMPULAN":"Q4 2023","q":27447,"r":-15106}},{"type":"Feature","geometry":{"coordinates":[106.89009550000009,-6.199837699999927],"type":"Point"},"properties":{"NAMA":"IFC BURGER","TIPE_1":"MAKANAN DAN MINUMAN","TIPE_2":"RESTORAN","TIPE_3":"CEPAT SAJI","TELEPON":"0857-8053-8732","ALAMAT":"JL. PEGAMBIRAN NO.35, RT.10/RW.8, JATI, KEC. PULO GADUNG, KOTA JAKARTA TIMUR, DAERAH KHUSUS IBUKOTA JAKARTA 13220","ID_PROV":"31","PROVINSI":"DKI JAKARTA","ID_KABKOT":"31.75","KABKOT":"KOTA ADM. JAKARTA TIMUR","ID_KEC":"31.75.02","KECAMATAN":"PULOGADUNG","ID_DESA":"31.75.02.1005","DESA":"RAWAMANGUN","LONGITUDE":106.8900955,"LATITUDE":-6.1998377,"STATUS":"BUKA","TANGGAL UPDATE":"27/02/2025","TANGGAL PENGUMPULAN":"Q4 2023","q":27449,"r":-15106}},{"type":"Feature","geometry":{"coordinates":[106.90323740000008,-6.229188399999937],"type":"Point"},"properties":{"NAMA":"SALZA BURGER","TIPE_1":"MAKANAN DAN MINUMAN","TIPE_2":"RESTORAN","TIPE_3":"CEPAT SAJI","TELEPON":"","ALAMAT":"JL. MASJID ABIDIN NO.3, RT.3/RW.6, PD. BAMBU, KEC. DUREN SAWIT, KOTA JAKARTA TIMUR, DAERAH KHUSUS IBUKOTA JAKARTA 13430","ID_PROV":"31","PROVINSI":"DKI JAKARTA","ID_KABKOT":"31.75","KABKOT":"KOTA ADM. JAKARTA TIMUR","ID_KEC":"31.75.07","KECAMATAN":"DUREN SAWIT","ID_DESA":"31.75.07.1002","DESA":"PONDOK BAMBU","LONGITUDE":106.9032374,"LATITUDE":-6.2291884,"STATUS":"BUKA","TANGGAL UPDATE":"27/02/2025","TANGGAL PENGUMPULAN":"Q4 2023","q":27452,"r":-15114}},{"type":"Feature","geometry":{"coordinates":[106.92405490000004,-6.217851499999944],"type":"Point"},"properties":{"NAMA":"AUSTY BURGER","TIPE_1":"MAKANAN DAN MINUMAN","TIPE_2":"RESTORAN","TIPE_3":"CEPAT SAJI","TELEPON":"","ALAMAT":"BUARAN PLAZA, JL. RADIN INTEN II NO.8, RT.8/RW.14, KLENDER, KEC. DUREN SAWIT, KOTA JAKARTA TIMUR, DAERAH KHUSUS IBUKOTA JAKARTA 13470","ID_PROV":"31","PROVINSI":"DKI JAKARTA","ID_KABKOT":"31.75","KABKOT":"KOTA ADM. JAKARTA TIMUR","ID_KEC":"31.75.07","KECAMATAN":"DUREN SAWIT","ID_DESA":"31.75.07.1003","DESA":"KLENDER","LONGITUDE":106.9240549,"LATITUDE":-6.2178515,"STATUS":"BUKA","TANGGAL UPDATE":"27/02/2025","TANGGAL PENGUMPULAN":"Q4 2023","q":27457,"r":-15114}},{"type":"Feature","geometry":{"coordinates":[106.95112710000006,-6.201204199999952],"type":"Point"},"properties":{"NAMA":"BURGER WAKU","TIPE_1":"MAKANAN DAN MINUMAN","TIPE_2":"RESTORAN","TIPE_3":"CEPAT SAJI","TELEPON":"0896-0183-6136","ALAMAT":"JL. PG INDAH NO.35B, RT.8/RW.6, PULO GEBANG, KEC. CAKUNG, KOTA JAKARTA TIMUR, DAERAH KHUSUS IBUKOTA JAKARTA 13950","ID_PROV":"31","PROVINSI":"DKI JAKARTA","ID_KABKOT":"31.75","KABKOT":"KOTA ADM. JAKARTA TIMUR","ID_KEC":"31.75.06","KECAMATAN":"CAKUNG","ID_DESA":"31.75.06.1005","DESA":"PULO GEBANG","LONGITUDE":106.9511271,"LATITUDE":-6.2012042,"STATUS":"BUKA","TANGGAL UPDATE":"27/02/2025","TANGGAL PENGUMPULAN":"Q4 2023","q":27464,"r":-15114}},{"type":"Feature","geometry":{"coordinates":[106.934303,-6.202610699999981],"type":"Point"},"properties":{"NAMA":"BURGER MAGER (BM)","TIPE_1":"MAKANAN DAN MINUMAN","TIPE_2":"RESTORAN","TIPE_3":"CEPAT SAJI","TELEPON":"","ALAMAT":"JL. PENGGILINGAN NO.213, RT.9/RW.6, PENGGILINGAN, KEC. CAKUNG, KOTA JAKARTA TIMUR, DAERAH KHUSUS IBUKOTA JAKARTA 13940","ID_PROV":"31","PROVINSI":"DKI JAKARTA","ID_KABKOT":"31.75","KABKOT":"KOTA ADM. JAKARTA TIMUR","ID_KEC":"31.75.06","KECAMATAN":"CAKUNG","ID_DESA":"31.75.06.1003","DESA":"PENGGILINGAN","LONGITUDE":106.934303,"LATITUDE":-6.2026107,"STATUS":"BUKA","TANGGAL UPDATE":"27/02/2025","TANGGAL PENGUMPULAN":"Q4 2023","q":27460,"r":-15112}},{"type":"Feature","geometry":{"coordinates":[106.89671430000004,-6.199679699999929],"type":"Point"},"properties":{"NAMA":"HOMIE BURGER","TIPE_1":"MAKANAN DAN MINUMAN","TIPE_2":"RESTORAN","TIPE_3":"CEPAT SAJI","TELEPON":"0877-8611-8160","ALAMAT":"JL. GABUS II NO.11, RT.5/RW.011, RAWAMANGUN, PULO GADUNG, EAST JAKARTA CITY, JAKARTA 13220","ID_PROV":"31","PROVINSI":"DKI JAKARTA","ID_KABKOT":"31.75","KABKOT":"KOTA ADM. JAKARTA TIMUR","ID_KEC":"31.75.02","KECAMATAN":"PULOGADUNG","ID_DESA":"31.75.02.1007","DESA":"JATI","LONGITUDE":106.8967143,"LATITUDE":-6.1996797,"STATUS":"BUKA","TANGGAL UPDATE":"27/02/2025","TANGGAL PENGUMPULAN":"Q4 2023","q":27450,"r":-15107}},{"type":"Feature","geometry":{"coordinates":[106.951043,-6.174806],"type":"Point"},"properties":{"NAMA":"BURGER MAMA ALDI","TIPE_1":"MAKANAN DAN MINUMAN","TIPE_2":"RESTORAN","TIPE_3":"CEPAT SAJI","TELEPON":"0881-0246-50988","ALAMAT":"JL. CEMPAKA V NO.24, RT.6/RW.9, CAKUNG TIM., KEC. CAKUNG, KOTA JAKARTA TIMUR, DAERAH KHUSUS IBUKOTA JAKARTA 13910","ID_PROV":"31","PROVINSI":"DKI JAKARTA","ID_KABKOT":"31.75","KABKOT":"KOTA ADM. JAKARTA TIMUR","ID_KEC":"31.75.06","KECAMATAN":"CAKUNG","ID_DESA":"31.75.06.1004","DESA":"CAKUNG TIMUR","LONGITUDE":106.951043,"LATITUDE":-6.174806,"STATUS":"BUKA","TANGGAL UPDATE":"27/02/2025","TANGGAL PENGUMPULAN":"Q4 2023","q":27464,"r":-15108}},{"type":"Feature","geometry":{"coordinates":[106.90056830000009,-6.201676099999931],"type":"Point"},"properties":{"NAMA":"ASEP BURGER","TIPE_1":"MAKANAN DAN MINUMAN","TIPE_2":"RESTORAN","TIPE_3":"CEPAT SAJI","TELEPON":"0821-1371-3498","ALAMAT":"KP.PONCOL BAWAH, JATINEGARA KAUM, KEC. PULO GADUNG, KOTA JAKARTA TIMUR, DAERAH KHUSUS IBUKOTA JAKARTA 13220","ID_PROV":"31","PROVINSI":"DKI JAKARTA","ID_KABKOT":"31.75","KABKOT":"KOTA ADM. JAKARTA TIMUR","ID_KEC":"31.75.02","KECAMATAN":"PULOGADUNG","ID_DESA":"31.75.02.1007","DESA":"JATI","LONGITUDE":106.9005683,"LATITUDE":-6.2016761,"STATUS":"BUKA","TANGGAL UPDATE":"27/02/2025","TANGGAL PENGUMPULAN":"Q4 2023","q":27451,"r":-15108}},{"type":"Feature","geometry":{"coordinates":[106.9048602000001,-6.181450099999957],"type":"Point"},"properties":{"NAMA":"BURGER BANGOR PULO GADUNG","TIPE_1":"MAKANAN DAN MINUMAN","TIPE_2":"RESTORAN","TIPE_3":"CEPAT SAJI","TELEPON":"0851-5605-2366","ALAMAT":"APARTMENT GADING ICON BLOK 2D NO. 27, RT.1/RW.1, PULO GADUNG, KEC. PULO GADUNG, KOTA JAKARTA TIMUR, DAERAH KHUSUS IBUKOTA JAKARTA 13210","ID_PROV":"31","PROVINSI":"DKI JAKARTA","ID_KABKOT":"31.75","KABKOT":"KOTA ADM. JAKARTA TIMUR","ID_KEC":"31.75.02","KECAMATAN":"PULOGADUNG","ID_DESA":"31.75.02.1001","DESA":"PULO GADUNG","LONGITUDE":106.9048602,"LATITUDE":-6.1814501,"STATUS":"BUKA","TANGGAL UPDATE":"27/02/2025","TANGGAL PENGUMPULAN":"Q4 2023","q":27452,"r":-15104}},{"type":"Feature","geometry":{"coordinates":[106.90433670000004,-6.180023499999942],"type":"Point"},"properties":{"NAMA":"BURDOGIID","TIPE_1":"MAKANAN DAN MINUMAN","TIPE_2":"RESTORAN","TIPE_3":"KAFE DAN RESTO","TELEPON":"0813-8449-1253","ALAMAT":"JL. PERINTIS KEMERDEKAAN NO.KAVLING 99, PULO GADUNG, EAST JAKARTA CITY, JAKARTA 13260","ID_PROV":"31","PROVINSI":"DKI JAKARTA","ID_KABKOT":"31.75","KABKOT":"KOTA ADM. JAKARTA TIMUR","ID_KEC":"31.75.02","KECAMATAN":"PULOGADUNG","ID_DESA":"31.75.02.1001","DESA":"PULO GADUNG","LONGITUDE":106.9043367,"LATITUDE":-6.1800235,"STATUS":"BUKA","TANGGAL UPDATE":"27/02/2025","TANGGAL PENGUMPULAN":"Q4 2023","q":27452,"r":-15103}},{"type":"Feature","geometry":{"coordinates":[106.899798,-6.17942959999993],"type":"Point"},"properties":{"NAMA":"BURGER KEBAB TAKOYAKI AIBA","TIPE_1":"MAKANAN DAN MINUMAN","TIPE_2":"RESTORAN","TIPE_3":"CEPAT SAJI","TELEPON":"","ALAMAT":"JL. KAYU MAS UTARA NO.7, RT.7/RW.9, PULO GADUNG, KEC. PULO GADUNG, KOTA JAKARTA TIMUR, DAERAH KHUSUS IBUKOTA JAKARTA 13260","ID_PROV":"31","PROVINSI":"DKI JAKARTA","ID_KABKOT":"31.75","KABKOT":"KOTA ADM. JAKARTA TIMUR","ID_KEC":"31.75.02","KECAMATAN":"PULOGADUNG","ID_DESA":"31.75.02.1001","DESA":"PULO GADUNG","LONGITUDE":106.899798,"LATITUDE":-6.1794296,"STATUS":"BUKA","TANGGAL UPDATE":"27/02/2025","TANGGAL PENGUMPULAN":"Q4 2023","q":27451,"r":-15103}},{"type":"Feature","geometry":{"coordinates":[106.88746410000005,-6.197901499999945],"type":"Point"},"properties":{"NAMA":"START UP UFO BURGER","TIPE_1":"MAKANAN DAN MINUMAN","TIPE_2":"RESTORAN","TIPE_3":"CEPAT SAJI","TELEPON":"","ALAMAT":"JL. PINANG RAYA NO.15, RT.3/RW.9, RAWAMANGUN, KEC. PULO GADUNG, KOTA JAKARTA TIMUR, DAERAH KHUSUS IBUKOTA JAKARTA 13220","ID_PROV":"31","PROVINSI":"DKI JAKARTA","ID_KABKOT":"31.75","KABKOT":"KOTA ADM. JAKARTA TIMUR","ID_KEC":"31.75.02","KECAMATAN":"PULOGADUNG","ID_DESA":"31.75.02.1005","DESA":"RAWAMANGUN","LONGITUDE":106.8874641,"LATITUDE":-6.1979015,"STATUS":"BUKA","TANGGAL UPDATE":"27/02/2025","TANGGAL PENGUMPULAN":"Q4 2023","q":27448,"r":-15105}},{"type":"Feature","geometry":{"coordinates":[106.90730450000007,-6.184515099999945],"type":"Point"},"properties":{"NAMA":"KEBAB & BURGER FURQON","TIPE_1":"MAKANAN DAN MINUMAN","TIPE_2":"RESTORAN","TIPE_3":"CEPAT SAJI","TELEPON":"","ALAMAT":"JALAN H. DALIM BLOK MASJID ATTOYIBAH, RT.6/RW.2, PULO GADUNG, KEC. PULO GADUNG, KOTA JAKARTA TIMUR, DAERAH KHUSUS IBUKOTA JAKARTA 13260","ID_PROV":"31","PROVINSI":"DKI JAKARTA","ID_KABKOT":"31.75","KABKOT":"KOTA ADM. JAKARTA TIMUR","ID_KEC":"31.75.02","KECAMATAN":"PULOGADUNG","ID_DESA":"31.75.02.1001","DESA":"PULO GADUNG","LONGITUDE":106.9073045,"LATITUDE":-6.1845151,"STATUS":"BUKA","TANGGAL UPDATE":"27/02/2025","TANGGAL PENGUMPULAN":"Q4 2023","q":27453,"r":-15105}},{"type":"Feature","geometry":{"coordinates":[106.89139420000004,-6.195469399999981],"type":"Point"},"properties":{"NAMA":"SUBWAY - RAWAMANGUN","TIPE_1":"MAKANAN DAN MINUMAN","TIPE_2":"RESTORAN","TIPE_3":"CEPAT SAJI","TELEPON":"","ALAMAT":"JL. PAUS NO.88, RT.1/RW.8, JATI, PULO GADUNG, EAST JAKARTA CITY, JAKARTA 13220","ID_PROV":"31","PROVINSI":"DKI JAKARTA","ID_KABKOT":"31.75","KABKOT":"KOTA ADM. JAKARTA TIMUR","ID_KEC":"31.75.02","KECAMATAN":"PULOGADUNG","ID_DESA":"31.75.02.1007","DESA":"JATI","LONGITUDE":106.8913942,"LATITUDE":-6.1954694,"STATUS":"BUKA","TANGGAL UPDATE":"27/02/2025","TANGGAL PENGUMPULAN":"Q4 2023","q":27449,"r":-15105}},{"type":"Feature","geometry":{"coordinates":[106.85280630000005,-6.332957499999956],"type":"Point"},"properties":{"NAMA":"D'BURGER","TIPE_1":"MAKANAN DAN MINUMAN","TIPE_2":"RESTORAN","TIPE_3":"CEPAT SAJI","TELEPON":"0857-1459-7782","ALAMAT":"SAMPING DOKTER GIGI, JL. KALISARI RAYA, RT.3/RW.3, MAYANG SARI, KEC. PS. REBO, KOTA JAKARTA TIMUR, DAERAH KHUSUS IBUKOTA JAKARTA 13790","ID_PROV":"31","PROVINSI":"DKI JAKARTA","ID_KABKOT":"31.75","KABKOT":"KOTA ADM. JAKARTA TIMUR","ID_KEC":"31.75.05","KECAMATAN":"PASAR REBO","ID_DESA":"31.75.05.1004","DESA":"KALISARI","LONGITUDE":106.8528063,"LATITUDE":-6.3329575,"STATUS":"BUKA","TANGGAL UPDATE":"27/02/2025","TANGGAL PENGUMPULAN":"Q4 2023","q":27439,"r":-15131}},{"type":"Feature","geometry":{"coordinates":[106.86186290000006,-6.313004799999923],"type":"Point"},"properties":{"NAMA":"ALY FRESH BURGER","TIPE_1":"MAKANAN DAN MINUMAN","TIPE_2":"RESTORAN","TIPE_3":"CEPAT SAJI","TELEPON":"","ALAMAT":"JL. PENDIDIKAN NO.1, RT.1/RW.4, CIJANTUNG, KEC. PS. REBO, KOTA JAKARTA TIMUR, DAERAH KHUSUS IBUKOTA JAKARTA 13770","ID_PROV":"31","PROVINSI":"DKI JAKARTA","ID_KABKOT":"31.75","KABKOT":"KOTA ADM. JAKARTA TIMUR","ID_KEC":"31.75.05","KECAMATAN":"PASAR REBO","ID_DESA":"31.75.05.1003","DESA":"CIJANTUNG","LONGITUDE":106.8618629,"LATITUDE":-6.3130048,"STATUS":"BUKA","TANGGAL UPDATE":"27/02/2025","TANGGAL PENGUMPULAN":"Q4 2023","q":27441,"r":-15128}},{"type":"Feature","geometry":{"coordinates":[106.85884740000006,-6.330469199999927],"type":"Point"},"properties":{"NAMA":"RIZA BURGER KALISARI","TIPE_1":"MAKANAN DAN MINUMAN","TIPE_2":"RESTORAN","TIPE_3":"CEPAT SAJI","TELEPON":"0815-7420-1448","ALAMAT":"JALAN INTISARI RAYA GG.INTISARI LV NO.33, RT.1/RW.9, KALISARI, KEC. PS. REBO, KOTA JAKARTA TIMUR, DAERAH KHUSUS IBUKOTA JAKARTA 13790","ID_PROV":"31","PROVINSI":"DKI JAKARTA","ID_KABKOT":"31.75","KABKOT":"KOTA ADM. JAKARTA TIMUR","ID_KEC":"31.75.05","KECAMATAN":"PASAR REBO","ID_DESA":"31.75.05.1004","DESA":"KALISARI","LONGITUDE":106.8588474,"LATITUDE":-6.3304692,"STATUS":"BUKA","TANGGAL UPDATE":"27/02/2025","TANGGAL PENGUMPULAN":"Q4 2023","q":27441,"r":-15131}},{"type":"Feature","geometry":{"coordinates":[106.852967,-6.326825799999934],"type":"Point"},"properties":{"NAMA":"GIGIT","TIPE_1":"MAKANAN DAN MINUMAN","TIPE_2":"RESTORAN","TIPE_3":"KAFE DAN RESTO","TELEPON":"0812-8607-2083","ALAMAT":"RT.3/RW.9, BARU, KEC. PS. REBO, KOTA JAKARTA TIMUR, DAERAH KHUSUS IBUKOTA JAKARTA 13780","ID_PROV":"31","PROVINSI":"DKI JAKARTA","ID_KABKOT":"31.75","KABKOT":"KOTA ADM. JAKARTA TIMUR","ID_KEC":"31.75.05","KECAMATAN":"PASAR REBO","ID_DESA":"31.75.05.1002","DESA":"BARU","LONGITUDE":106.852967,"LATITUDE":-6.3268258,"STATUS":"BUKA","TANGGAL UPDATE":"27/02/2025","TANGGAL PENGUMPULAN":"Q4 2023","q":27439,"r":-15129}},{"type":"Feature","geometry":{"coordinates":[106.85073130000006,-6.328224299999929],"type":"Point"},"properties":{"NAMA":"TANTOZ STEAK & RESTO","TIPE_1":"MAKANAN DAN MINUMAN","TIPE_2":"RESTORAN","TIPE_3":"STEAK DAN BBQ","TELEPON":"0812-8095-7334","ALAMAT":"CIJANTUNG - PS. REBO, KEL.BARU, JL. HAJI HASAN NO.31, RT.2/RW.1, BARU, KEC. PS. REBO, KOTA JAKARTA TIMUR, DAERAH KHUSUS IBUKOTA JAKARTA 13780","ID_PROV":"31","PROVINSI":"DKI JAKARTA","ID_KABKOT":"31.75","KABKOT":"KOTA ADM. JAKARTA TIMUR","ID_KEC":"31.75.05","KECAMATAN":"PASAR REBO","ID_DESA":"31.75.05.1002","DESA":"BARU","LONGITUDE":106.8507313,"LATITUDE":-6.3282243,"STATUS":"BUKA","TANGGAL UPDATE":"27/02/2025","TANGGAL PENGUMPULAN":"Q4 2023","q":27439,"r":-15129}},{"type":"Feature","geometry":{"coordinates":[106.85724770000007,-6.345330699999979],"type":"Point"},"properties":{"NAMA":"ON BURGER","TIPE_1":"MAKANAN DAN MINUMAN","TIPE_2":"RESTORAN","TIPE_3":"CEPAT SAJI","TELEPON":"0858-8550-2913","ALAMAT":"JL. BBKK DALAM NO.15, RT.15/RW.9, PEKAYON, KEC. PS. REBO, KOTA JAKARTA TIMUR, DAERAH KHUSUS IBUKOTA JAKARTA 13790","ID_PROV":"31","PROVINSI":"DKI JAKARTA","ID_KABKOT":"31.75","KABKOT":"KOTA ADM. JAKARTA TIMUR","ID_KEC":"31.75.05","KECAMATAN":"PASAR REBO","ID_DESA":"31.75.05.1005","DESA":"PEKAYON","LONGITUDE":106.8572477,"LATITUDE":-6.3453307,"STATUS":"BUKA","TANGGAL UPDATE":"27/02/2025","TANGGAL PENGUMPULAN":"Q4 2023","q":27440,"r":-15134}},{"type":"Feature","geometry":{"coordinates":[106.85128370000007,-6.328187199999949],"type":"Point"},"properties":{"NAMA":"D'BRO CHICKEN & BURGER","TIPE_1":"MAKANAN DAN MINUMAN","TIPE_2":"RESTORAN","TIPE_3":"CEPAT SAJI","TELEPON":"0857-7172-9680","ALAMAT":"JL. H. HASAN NO.RT.5, RT.4/RW.7, CIJANTUNG, KEC. PS. REBO, KOTA JAKARTA TIMUR, DAERAH KHUSUS IBUKOTA JAKARTA 13770","ID_PROV":"31","PROVINSI":"DKI JAKARTA","ID_KABKOT":"31.75","KABKOT":"KOTA ADM. JAKARTA TIMUR","ID_KEC":"31.75.05","KECAMATAN":"PASAR REBO","ID_DESA":"31.75.05.1002","DESA":"BARU","LONGITUDE":106.8512837,"LATITUDE":-6.3281872,"STATUS":"BUKA","TANGGAL UPDATE":"27/02/2025","TANGGAL PENGUMPULAN":"Q4 2023","q":27439,"r":-15130}},{"type":"Feature","geometry":{"coordinates":[106.89672320000005,-6.198151199999931],"type":"Point"},"properties":{"NAMA":"TWO MEN BURGER HOUSE","TIPE_1":"MAKANAN DAN MINUMAN","TIPE_2":"RESTORAN","TIPE_3":"CEPAT SAJI","TELEPON":"0812-8694-2768","ALAMAT":"JL. LELE I NO.4, RT.10/RW.011, JATI, KEC. PULO GADUNG, KOTA JAKARTA TIMUR, DAERAH KHUSUS IBUKOTA JAKARTA 13220","ID_PROV":"31","PROVINSI":"DKI JAKARTA","ID_KABKOT":"31.75","KABKOT":"KOTA ADM. JAKARTA TIMUR","ID_KEC":"31.75.02","KECAMATAN":"PULOGADUNG","ID_DESA":"31.75.02.1007","DESA":"JATI","LONGITUDE":106.8967232,"LATITUDE":-6.1981512,"STATUS":"BUKA","TANGGAL UPDATE":"27/02/2025","TANGGAL PENGUMPULAN":"Q4 2023","q":27450,"r":-15106}},{"type":"Feature","geometry":{"coordinates":[106.92508520000007,-6.196226],"type":"Point"},"properties":{"NAMA":"SATSI RESTO","TIPE_1":"MAKANAN DAN MINUMAN","TIPE_2":"RESTORAN","TIPE_3":"KAFE DAN RESTO","TELEPON":"0888-0122-2233","ALAMAT":"JL. PULO JAHE NO.8, RT.8/RW.5, JATINEGARA, KEC. CAKUNG, KOTA JAKARTA TIMUR, DAERAH KHUSUS IBUKOTA JAKARTA 13930","ID_PROV":"31","PROVINSI":"DKI JAKARTA","ID_KABKOT":"31.75","KABKOT":"KOTA ADM. JAKARTA TIMUR","ID_KEC":"31.75.06","KECAMATAN":"CAKUNG","ID_DESA":"31.75.06.1001","DESA":"JATINEGARA","LONGITUDE":106.9250852,"LATITUDE":-6.196226,"STATUS":"BUKA","TANGGAL UPDATE":"27/02/2025","TANGGAL PENGUMPULAN":"Q4 2023","q":27458,"r":-15110}},{"type":"Feature","geometry":{"coordinates":[106.88414550000005,-6.191424399999961],"type":"Point"},"properties":{"NAMA":"LEMOE BURGER","TIPE_1":"MAKANAN DAN MINUMAN","TIPE_2":"RESTORAN","TIPE_3":"CEPAT SAJI","TELEPON":"0857-1723-4555","ALAMAT":"JL. KAYU JATI RAYA NO.10A, RT.1/RW.4, RAWAMANGUN, KEC. PULO GADUNG, KOTA JAKARTA TIMUR, DAERAH KHUSUS IBUKOTA JAKARTA 13220","ID_PROV":"31","PROVINSI":"DKI JAKARTA","ID_KABKOT":"31.75","KABKOT":"KOTA ADM. JAKARTA TIMUR","ID_KEC":"31.75.02","KECAMATAN":"PULOGADUNG","ID_DESA":"31.75.02.1005","DESA":"RAWAMANGUN","LONGITUDE":106.8841455,"LATITUDE":-6.1914244,"STATUS":"BUKA","TANGGAL UPDATE":"27/02/2025","TANGGAL PENGUMPULAN":"Q4 2023","q":27447,"r":-15103}},{"type":"Feature","geometry":{"coordinates":[106.88311280000005,-6.233245899999926],"type":"Point"},"properties":{"NAMA":"KEBAB & BURGER DJ AR","TIPE_1":"MAKANAN DAN MINUMAN","TIPE_2":"RESTORAN","TIPE_3":"CEPAT SAJI","TELEPON":"0818-0881-3337","ALAMAT":"JL. GRIYA WARTAWAN NO.8, RT.8/RW.5, CIPINANG BESAR SEL., KECAMATAN JATINEGARA, KOTA JAKARTA TIMUR, DAERAH KHUSUS IBUKOTA JAKARTA 13410","ID_PROV":"31","PROVINSI":"DKI JAKARTA","ID_KABKOT":"31.75","KABKOT":"KOTA ADM. JAKARTA TIMUR","ID_KEC":"31.75.03","KECAMATAN":"JATINEGARA","ID_DESA":"31.75.03.1007","DESA":"CIPINANG BESAR SELATAN","LONGITUDE":106.8831128,"LATITUDE":-6.2332459,"STATUS":"BUKA","TANGGAL UPDATE":"27/02/2025","TANGGAL PENGUMPULAN":"Q4 2023","q":27447,"r":-15112}},{"type":"Feature","geometry":{"coordinates":[106.91595510000008,-6.183151099999968],"type":"Point"},"properties":{"NAMA":"EDAM BURGER","TIPE_1":"MAKANAN DAN MINUMAN","TIPE_2":"RESTORAN","TIPE_3":"CEPAT SAJI","TELEPON":"(021) 91061020","ALAMAT":"JL. RAYA BEKASI NO.27, RT.3/RW.3, RW. TERATE, KEC. CAKUNG, KOTA JAKARTA TIMUR, DAERAH KHUSUS IBUKOTA JAKARTA 13920","ID_PROV":"31","PROVINSI":"DKI JAKARTA","ID_KABKOT":"31.75","KABKOT":"KOTA ADM. JAKARTA TIMUR","ID_KEC":"31.75.06","KECAMATAN":"CAKUNG","ID_DESA":"31.75.06.1002","DESA":"RAWA TERATE","LONGITUDE":106.9159551,"LATITUDE":-6.1831511,"STATUS":"BUKA","TANGGAL UPDATE":"27/02/2025","TANGGAL PENGUMPULAN":"Q4 2023","q":27455,"r":-15105}},{"type":"Feature","geometry":{"coordinates":[106.86976960000004,-6.236812499999922],"type":"Point"},"properties":{"NAMA":"ROHIM BURGER","TIPE_1":"MAKANAN DAN MINUMAN","TIPE_2":"RESTORAN","TIPE_3":"CEPAT SAJI","TELEPON":"","ALAMAT":"JL. CIPINANG CEMPEDAK RAYA, BIDARA CINA, KECAMATAN JATINEGARA, KOTA JAKARTA TIMUR, DAERAH KHUSUS IBUKOTA JAKARTA 13330","ID_PROV":"31","PROVINSI":"DKI JAKARTA","ID_KABKOT":"31.75","KABKOT":"KOTA ADM. JAKARTA TIMUR","ID_KEC":"31.75.03","KECAMATAN":"JATINEGARA","ID_DESA":"31.75.03.1002","DESA":"BIDARA CINA","LONGITUDE":106.8697696,"LATITUDE":-6.2368125,"STATUS":"BUKA","TANGGAL UPDATE":"27/02/2025","TANGGAL PENGUMPULAN":"Q4 2023","q":27443,"r":-15111}},{"type":"Feature","geometry":{"coordinates":[106.8568,-6.347063399999975],"type":"Point"},"properties":{"NAMA":"LAH!! BURGER","TIPE_1":"MAKANAN DAN MINUMAN","TIPE_2":"RESTORAN","TIPE_3":"CEPAT SAJI","TELEPON":"0813-8191-5201","ALAMAT":"JL. TELAGA NO.13, RT.13/RW.9, PEKAYON, KEC. PS. REBO, KOTA JAKARTA TIMUR, DAERAH KHUSUS IBUKOTA JAKARTA 16451","ID_PROV":"31","PROVINSI":"DKI JAKARTA","ID_KABKOT":"31.75","KABKOT":"KOTA ADM. JAKARTA TIMUR","ID_KEC":"31.75.05","KECAMATAN":"PASAR REBO","ID_DESA":"31.75.05.1005","DESA":"PEKAYON","LONGITUDE":106.8568,"LATITUDE":-6.3470634,"STATUS":"BUKA","TANGGAL UPDATE":"27/02/2025","TANGGAL PENGUMPULAN":"Q4 2023","q":27440,"r":-15134}},{"type":"Feature","geometry":{"coordinates":[106.96160050000009,-6.210039199999932],"type":"Point"},"properties":{"NAMA":"BURGREAL","TIPE_1":"MAKANAN DAN MINUMAN","TIPE_2":"RESTORAN","TIPE_3":"CEPAT SAJI","TELEPON":"0815-1126-5120","ALAMAT":"JL. SWADAYA VI NO.12 (BKT, RT.8/RW.1, PULO GEBANG, KEC. CAKUNG, KOTA JAKARTA TIMUR, DAERAH KHUSUS IBUKOTA JAKARTA 13950","ID_PROV":"31","PROVINSI":"DKI JAKARTA","ID_KABKOT":"31.75","KABKOT":"KOTA ADM. JAKARTA TIMUR","ID_KEC":"31.75.06","KECAMATAN":"CAKUNG","ID_DESA":"31.75.06.1005","DESA":"PULO GEBANG","LONGITUDE":106.9616005,"LATITUDE":-6.2100392,"STATUS":"BUKA","TANGGAL UPDATE":"27/02/2025","TANGGAL PENGUMPULAN":"Q4 2023","q":27467,"r":-15117}},{"type":"Feature","geometry":{"coordinates":[106.93426650000004,-6.236119699999967],"type":"Point"},"properties":{"NAMA":"BURGER KOTAK","TIPE_1":"MAKANAN DAN MINUMAN","TIPE_2":"RESTORAN","TIPE_3":"CEPAT SAJI","TELEPON":"0812-1900-7351","ALAMAT":"JL. PD. KELAPA RAYA NO.5, RT.5/RW.9, PD. KLP., KEC. DUREN SAWIT, KOTA JAKARTA TIMUR, DAERAH KHUSUS IBUKOTA JAKARTA 13450","ID_PROV":"31","PROVINSI":"DKI JAKARTA","ID_KABKOT":"31.75","KABKOT":"KOTA ADM. JAKARTA TIMUR","ID_KEC":"31.75.07","KECAMATAN":"DUREN SAWIT","ID_DESA":"31.75.07.1004","DESA":"PONDOK KELAPA","LONGITUDE":106.9342665,"LATITUDE":-6.2361197,"STATUS":"BUKA","TANGGAL UPDATE":"27/02/2025","TANGGAL PENGUMPULAN":"Q4 2023","q":27460,"r":-15120}},{"type":"Feature","geometry":{"coordinates":[106.89356710000006,-6.196965199999964],"type":"Point"},"properties":{"NAMA":"BURGERDAY","TIPE_1":"MAKANAN DAN MINUMAN","TIPE_2":"RESTORAN","TIPE_3":"CEPAT SAJI","TELEPON":"0812-8884-5556","ALAMAT":"6, JL. SUNAN SEDAYU NO.26, RT.3/RW.8, JATI, KEC. PULO GADUNG, KOTA JAKARTA TIMUR, DAERAH KHUSUS IBUKOTA JAKARTA 13220","ID_PROV":"31","PROVINSI":"DKI JAKARTA","ID_KABKOT":"31.75","KABKOT":"KOTA ADM. JAKARTA TIMUR","ID_KEC":"31.75.02","KECAMATAN":"PULOGADUNG","ID_DESA":"31.75.02.1007","DESA":"JATI","LONGITUDE":106.8935671,"LATITUDE":-6.1969652,"STATUS":"BUKA","TANGGAL UPDATE":"27/02/2025","TANGGAL PENGUMPULAN":"Q4 2023","q":27450,"r":-15106}},{"type":"Feature","geometry":{"coordinates":[106.94069380000008,-6.206438899999972],"type":"Point"},"properties":{"NAMA":"KEDAI BURGER RINDU","TIPE_1":"MAKANAN DAN MINUMAN","TIPE_2":"RESTORAN","TIPE_3":"CEPAT SAJI","TELEPON":"0877-8569-8800","ALAMAT":"RT 05/05, JL. KOMARUDIN LAMA, RT.5/RW.5, PENGGILINGAN, KEC. CAKUNG, KOTA JAKARTA TIMUR, DAERAH KHUSUS IBUKOTA JAKARTA 13940","ID_PROV":"31","PROVINSI":"DKI JAKARTA","ID_KABKOT":"31.75","KABKOT":"KOTA ADM. JAKARTA TIMUR","ID_KEC":"31.75.06","KECAMATAN":"CAKUNG","ID_DESA":"31.75.06.1003","DESA":"PENGGILINGAN","LONGITUDE":106.9406938,"LATITUDE":-6.2064389,"STATUS":"BUKA","TANGGAL UPDATE":"27/02/2025","TANGGAL PENGUMPULAN":"Q4 2023","q":27462,"r":-15114}},{"type":"Feature","geometry":{"coordinates":[106.89774880000004,-6.197837799999946],"type":"Point"},"properties":{"NAMA":"KLENGER BURGER","TIPE_1":"MAKANAN DAN MINUMAN","TIPE_2":"RESTORAN","TIPE_3":"CEPAT SAJI","TELEPON":"0851-7405-6554","ALAMAT":"JL. LAYUR NO.1, JATI, KEC. PULO GADUNG, KOTA JAKARTA TIMUR, DAERAH KHUSUS IBUKOTA JAKARTA 13220","ID_PROV":"31","PROVINSI":"DKI JAKARTA","ID_KABKOT":"31.75","KABKOT":"KOTA ADM. JAKARTA TIMUR","ID_KEC":"31.75.02","KECAMATAN":"PULOGADUNG","ID_DESA":"31.75.02.1007","DESA":"JATI","LONGITUDE":106.8977488,"LATITUDE":-6.1978378,"STATUS":"BUKA","TANGGAL UPDATE":"27/02/2025","TANGGAL PENGUMPULAN":"Q4 2023","q":27451,"r":-15106}},{"type":"Feature","geometry":{"coordinates":[106.93170090000007,-6.204948199999935],"type":"Point"},"properties":{"NAMA":"KAMPUNG BURGER CAKUNG","TIPE_1":"MAKANAN DAN MINUMAN","TIPE_2":"RESTORAN","TIPE_3":"CEPAT SAJI","TELEPON":"0812-6061-2669","ALAMAT":"JL. PIK PENGGILINGAN, RT.2/RW.10, PENGGILINGAN, KEC. CAKUNG, KOTA JAKARTA TIMUR, DAERAH KHUSUS IBUKOTA JAKARTA 13940","ID_PROV":"31","PROVINSI":"DKI JAKARTA","ID_KABKOT":"31.75","KABKOT":"KOTA ADM. JAKARTA TIMUR","ID_KEC":"31.75.06","KECAMATAN":"CAKUNG","ID_DESA":"31.75.06.1003","DESA":"PENGGILINGAN","LONGITUDE":106.9317009,"LATITUDE":-6.2049482,"STATUS":"BUKA","TANGGAL UPDATE":"27/02/2025","TANGGAL PENGUMPULAN":"Q4 2023","q":27459,"r":-15112}},{"type":"Feature","geometry":{"coordinates":[106.86896910000007,-6.292546299999972],"type":"Point"},"properties":{"NAMA":"SUGI BURGER","TIPE_1":"MAKANAN DAN MINUMAN","TIPE_2":"RESTORAN","TIPE_3":"CEPAT SAJI","TELEPON":"","ALAMAT":"JL. ELANG NO.28, RT.2/RW.6, KP. TENGAH, KEC. KRAMAT JATI, KOTA JAKARTA TIMUR, DAERAH KHUSUS IBUKOTA JAKARTA 13540","ID_PROV":"31","PROVINSI":"DKI JAKARTA","ID_KABKOT":"31.75","KABKOT":"KOTA ADM. JAKARTA TIMUR","ID_KEC":"31.75.04","KECAMATAN":"KRAMATJATI","ID_DESA":"31.75.04.1002","DESA":"TENGAH","LONGITUDE":106.8689691,"LATITUDE":-6.2925463,"STATUS":"BUKA","TANGGAL UPDATE":"27/02/2025","TANGGAL PENGUMPULAN":"Q4 2023","q":27443,"r":-15124}},{"type":"Feature","geometry":{"coordinates":[106.93905270000006,-6.210548499999963],"type":"Point"},"properties":{"NAMA":"LAZZATO CHICKEN AND BURGER","TIPE_1":"MAKANAN DAN MINUMAN","TIPE_2":"RESTORAN","TIPE_3":"CEPAT SAJI","TELEPON":"","ALAMAT":"JL. RAYA PENGGILINGAN NO.144, RT.6/RW.5, PENGGILINGAN, KEC. CAKUNG, KOTA JAKARTA TIMUR, DAERAH KHUSUS IBUKOTA JAKARTA 13940","ID_PROV":"31","PROVINSI":"DKI JAKARTA","ID_KABKOT":"31.75","KABKOT":"KOTA ADM. JAKARTA TIMUR","ID_KEC":"31.75.06","KECAMATAN":"CAKUNG","ID_DESA":"31.75.06.1003","DESA":"PENGGILINGAN","LONGITUDE":106.9390527,"LATITUDE":-6.2105485,"STATUS":"BUKA","TANGGAL UPDATE":"27/02/2025","TANGGAL PENGUMPULAN":"Q4 2023","q":27461,"r":-15115}},{"type":"Feature","geometry":{"coordinates":[106.88714770000007,-6.196689699999975],"type":"Point"},"properties":{"NAMA":"NAKAM","TIPE_1":"MAKANAN DAN MINUMAN","TIPE_2":"RESTORAN","TIPE_3":"KAFE DAN RESTO","TELEPON":"0877-7454-2275","ALAMAT":"2, JL. WARU NO.13, RT.2/RW.9, RAWAMANGUN, KEC. PULO GADUNG, KOTA JAKARTA TIMUR, DAERAH KHUSUS IBUKOTA JAKARTA 13220","ID_PROV":"31","PROVINSI":"DKI JAKARTA","ID_KABKOT":"31.75","KABKOT":"KOTA ADM. JAKARTA TIMUR","ID_KEC":"31.75.02","KECAMATAN":"PULOGADUNG","ID_DESA":"31.75.02.1005","DESA":"RAWAMANGUN","LONGITUDE":106.8871477,"LATITUDE":-6.1966897,"STATUS":"BUKA","TANGGAL UPDATE":"27/02/2025","TANGGAL PENGUMPULAN":"Q4 2023","q":27448,"r":-15105}},{"type":"Feature","geometry":{"coordinates":[106.8540874000001,-6.330690699999938],"type":"Point"},"properties":{"NAMA":"ENGAP BURGER","TIPE_1":"MAKANAN DAN MINUMAN","TIPE_2":"RESTORAN","TIPE_3":"CEPAT SAJI","TELEPON":"0856-9272-2071","ALAMAT":"8, JL. KALISARI III NO.5-59, RT.8/RW.10, KALISARI, KEC. PS. REBO, KOTA JAKARTA TIMUR, DAERAH KHUSUS IBUKOTA JAKARTA 13780","ID_PROV":"31","PROVINSI":"DKI JAKARTA","ID_KABKOT":"31.75","KABKOT":"KOTA ADM. JAKARTA TIMUR","ID_KEC":"31.75.05","KECAMATAN":"PASAR REBO","ID_DESA":"31.75.05.1004","DESA":"KALISARI","LONGITUDE":106.8540874,"LATITUDE":-6.3306907,"STATUS":"BUKA","TANGGAL UPDATE":"27/02/2025","TANGGAL PENGUMPULAN":"Q4 2023","q":27439,"r":-15130}},{"type":"Feature","geometry":{"coordinates":[106.85912190000005,-6.341908899999969],"type":"Point"},"properties":{"NAMA":"DADO BURGER & COFFEE","TIPE_1":"MAKANAN DAN MINUMAN","TIPE_2":"RESTORAN","TIPE_3":"CEPAT SAJI","TELEPON":"0856-9939-100","ALAMAT":"15, JL. RAYA LAPAN NO.32 A, RT.13/RW.1, PEKAYON KALISARI, KEC. PS. REBO, KOTA JAKARTA TIMUR, DAERAH KHUSUS IBUKOTA JAKARTA 13790","ID_PROV":"31","PROVINSI":"DKI JAKARTA","ID_KABKOT":"31.75","KABKOT":"KOTA ADM. JAKARTA TIMUR","ID_KEC":"31.75.05","KECAMATAN":"PASAR REBO","ID_DESA":"31.75.05.1005","DESA":"PEKAYON","LONGITUDE":106.8591219,"LATITUDE":-6.3419089,"STATUS":"BUKA","TANGGAL UPDATE":"27/02/2025","TANGGAL PENGUMPULAN":"Q4 2023","q":27441,"r":-15134}},{"type":"Feature","geometry":{"coordinates":[106.85534610000008,-6.329178099999981],"type":"Point"},"properties":{"NAMA":"BURGIL (BURGER GILA)","TIPE_1":"MAKANAN DAN MINUMAN","TIPE_2":"RESTORAN","TIPE_3":"CEPAT SAJI","TELEPON":"0822-6097-6790","ALAMAT":"JL. MAWAR RAYA NO.11, RT.5/RW.9, CIJANTUNG, KEC. PS. REBO, KOTA JAKARTA TIMUR, DAERAH KHUSUS IBUKOTA JAKARTA 13770","ID_PROV":"31","PROVINSI":"DKI JAKARTA","ID_KABKOT":"31.75","KABKOT":"KOTA ADM. JAKARTA TIMUR","ID_KEC":"31.75.05","KECAMATAN":"PASAR REBO","ID_DESA":"31.75.05.1004","DESA":"KALISARI","LONGITUDE":106.8553461,"LATITUDE":-6.3291781,"STATUS":"BUKA","TANGGAL UPDATE":"27/02/2025","TANGGAL PENGUMPULAN":"Q4 2023","q":27440,"r":-15130}},{"type":"Feature","geometry":{"coordinates":[106.95326320000004,-6.172846699999987],"type":"Point"},"properties":{"NAMA":"BURGER KING AEON MALL JGC","TIPE_1":"MAKANAN DAN MINUMAN","TIPE_2":"RESTORAN","TIPE_3":"CEPAT SAJI","TELEPON":"1 500 025","ALAMAT":"AEON MALL JGC LANTAI 3 UNIT FC 308, JL. JKT GARDEN CITY BOULEVARD, RT.8/RW.9, CAKUNG TIM., KEC. CAKUNG, KOTA JAKARTA TIMUR, DAERAH KHUSUS IBUKOTA JAKARTA 13910","ID_PROV":"31","PROVINSI":"DKI JAKARTA","ID_KABKOT":"31.75","KABKOT":"KOTA ADM. JAKARTA TIMUR","ID_KEC":"31.75.06","KECAMATAN":"CAKUNG","ID_DESA":"31.75.06.1004","DESA":"CAKUNG TIMUR","LONGITUDE":106.9532632,"LATITUDE":-6.1728467,"STATUS":"BUKA","TANGGAL UPDATE":"27/02/2025","TANGGAL PENGUMPULAN":"Q4 2023","q":27465,"r":-15108}},{"type":"Feature","geometry":{"coordinates":[106.94295020000004,-6.196824299999945],"type":"Point"},"properties":{"NAMA":"BURGER BANGOR PULO GEBANG","TIPE_1":"MAKANAN DAN MINUMAN","TIPE_2":"RESTORAN","TIPE_3":"CEPAT SAJI","TELEPON":"0859-3325-5982","ALAMAT":"JL. KOMARUDIN LAMA NO.34, RT.7/RW.5, PULO GEBANG, CAKUNG, EAST JAKARTA CITY, JAKARTA 13950","ID_PROV":"31","PROVINSI":"DKI JAKARTA","ID_KABKOT":"31.75","KABKOT":"KOTA ADM. JAKARTA TIMUR","ID_KEC":"31.75.06","KECAMATAN":"CAKUNG","ID_DESA":"31.75.06.1005","DESA":"PULO GEBANG","LONGITUDE":106.9429502,"LATITUDE":-6.1968243,"STATUS":"BUKA","TANGGAL UPDATE":"27/02/2025","TANGGAL PENGUMPULAN":"Q4 2023","q":27462,"r":-15112}},{"type":"Feature","geometry":{"coordinates":[106.93422340000006,-6.236694399999982],"type":"Point"},"properties":{"NAMA":"KAMPUNG BURGER - PONDOK KELAPA","TIPE_1":"MAKANAN DAN MINUMAN","TIPE_2":"RESTORAN","TIPE_3":"CEPAT SAJI","TELEPON":"0812-8249-6095","ALAMAT":"JL. PD. KELAPA RAYA NO.8, RT.4/RW.9, PD. KLP., KEC. DUREN SAWIT, KOTA JAKARTA TIMUR, DAERAH KHUSUS IBUKOTA JAKARTA 13450","ID_PROV":"31","PROVINSI":"DKI JAKARTA","ID_KABKOT":"31.75","KABKOT":"KOTA ADM. JAKARTA TIMUR","ID_KEC":"31.75.07","KECAMATAN":"DUREN SAWIT","ID_DESA":"31.75.07.1004","DESA":"PONDOK KELAPA","LONGITUDE":106.9342234,"LATITUDE":-6.2366944,"STATUS":"BUKA","TANGGAL UPDATE":"27/02/2025","TANGGAL PENGUMPULAN":"Q4 2023","q":27460,"r":-15120}},{"type":"Feature","geometry":{"coordinates":[106.94198160000008,-6.209231899999963],"type":"Point"},"properties":{"NAMA":"LAZATTO CHICKEN AND BURGER KOMARUDIN 1","TIPE_1":"MAKANAN DAN MINUMAN","TIPE_2":"RESTORAN","TIPE_3":"CEPAT SAJI","TELEPON":"0838-6187-8940","ALAMAT":"JL. KOMARUDIN LAMA NO.29, RT.4/RW.8, PULO GEBANG, KEC. CAKUNG, KOTA JAKARTA TIMUR, DAERAH KHUSUS IBUKOTA JAKARTA 13940","ID_PROV":"31","PROVINSI":"DKI JAKARTA","ID_KABKOT":"31.75","KABKOT":"KOTA ADM. JAKARTA TIMUR","ID_KEC":"31.75.06","KECAMATAN":"CAKUNG","ID_DESA":"31.75.06.1003","DESA":"PENGGILINGAN","LONGITUDE":106.9419816,"LATITUDE":-6.2092319,"STATUS":"BUKA","TANGGAL UPDATE":"27/02/2025","TANGGAL PENGUMPULAN":"Q4 2023","q":27462,"r":-15115}},{"type":"Feature","geometry":{"coordinates":[106.92304240000004,-6.192840599999958],"type":"Point"},"properties":{"NAMA":"BURGER AZURA","TIPE_1":"MAKANAN DAN MINUMAN","TIPE_2":"RESTORAN","TIPE_3":"CEPAT SAJI","TELEPON":"","ALAMAT":"JL. DR. KRT RADJIMAN WIDYODININGRAT NO.6, RT.6/RW.6, RW. TERATE, KEC. CAKUNG, KOTA JAKARTA TIMUR, DAERAH KHUSUS IBUKOTA JAKARTA 13920","ID_PROV":"31","PROVINSI":"DKI JAKARTA","ID_KABKOT":"31.75","KABKOT":"KOTA ADM. JAKARTA TIMUR","ID_KEC":"31.75.06","KECAMATAN":"CAKUNG","ID_DESA":"31.75.06.1002","DESA":"RAWA TERATE","LONGITUDE":106.9230424,"LATITUDE":-6.1928406,"STATUS":"BUKA","TANGGAL UPDATE":"27/02/2025","TANGGAL PENGUMPULAN":"Q4 2023","q":27457,"r":-15108}},{"type":"Feature","geometry":{"coordinates":[106.94745550000006,-6.176595899999946],"type":"Point"},"properties":{"NAMA":"DOBREAK FRIED CHICKEN & BURGER","TIPE_1":"MAKANAN DAN MINUMAN","TIPE_2":"RESTORAN","TIPE_3":"CEPAT SAJI","TELEPON":"0878-6888-6930","ALAMAT":"RT.8/RW.5, CAKUNG TIM., KEC. CAKUNG, KOTA JAKARTA TIMUR, DAERAH KHUSUS IBUKOTA JAKARTA 13910","ID_PROV":"31","PROVINSI":"DKI JAKARTA","ID_KABKOT":"31.75","KABKOT":"KOTA ADM. JAKARTA TIMUR","ID_KEC":"31.75.06","KECAMATAN":"CAKUNG","ID_DESA":"31.75.06.1004","DESA":"CAKUNG TIMUR","LONGITUDE":106.9474555,"LATITUDE":-6.1765959,"STATUS":"BUKA","TANGGAL UPDATE":"27/02/2025","TANGGAL PENGUMPULAN":"Q4 2023","q":27463,"r":-15108}},{"type":"Feature","geometry":{"coordinates":[106.89064370000006,-6.201853],"type":"Point"},"properties":{"NAMA":"KAWA BBQ","TIPE_1":"MAKANAN DAN MINUMAN","TIPE_2":"RESTORAN","TIPE_3":"STEAK DAN BBQ","TELEPON":"0812-8977-2005","ALAMAT":"JL. ALU-ALU NO.1, RT.12/RW.7, RAWAMANGUN, KEC. PULO GADUNG, KOTA JAKARTA TIMUR, DAERAH KHUSUS IBUKOTA JAKARTA 13220","ID_PROV":"31","PROVINSI":"DKI JAKARTA","ID_KABKOT":"31.75","KABKOT":"KOTA ADM. JAKARTA TIMUR","ID_KEC":"31.75.02","KECAMATAN":"PULOGADUNG","ID_DESA":"31.75.02.1007","DESA":"JATI","LONGITUDE":106.8906437,"LATITUDE":-6.201853,"STATUS":"BUKA","TANGGAL UPDATE":"27/02/2025","TANGGAL PENGUMPULAN":"Q4 2023","q":27449,"r":-15106}},{"type":"Feature","geometry":{"coordinates":[106.86128510000009,-6.214667899999938],"type":"Point"},"properties":{"NAMA":"CEKER PAPA ROCK N ROLL","TIPE_1":"MAKANAN DAN MINUMAN","TIPE_2":"RESTORAN","TIPE_3":"KAFE DAN RESTO","TELEPON":"0838-1871-8075","ALAMAT":"JL. KB. PALA II NO.2, RT.1/RW.5, KP. MELAYU, KECAMATAN JATINEGARA, KOTA JAKARTA TIMUR, DAERAH KHUSUS IBUKOTA JAKARTA 13320","ID_PROV":"31","PROVINSI":"DKI JAKARTA","ID_KABKOT":"31.75","KABKOT":"KOTA ADM. JAKARTA TIMUR","ID_KEC":"31.75.03","KECAMATAN":"JATINEGARA","ID_DESA":"31.75.03.1001","DESA":"KAMPUNG MELAYU","LONGITUDE":106.8612851,"LATITUDE":-6.2146679,"STATUS":"BUKA","TANGGAL UPDATE":"27/02/2025","TANGGAL PENGUMPULAN":"Q4 2023","q":27441,"r":-15105}},{"type":"Feature","geometry":{"coordinates":[106.90240570000009,-6.187668499999965],"type":"Point"},"properties":{"NAMA":"HOOP BURGERS","TIPE_1":"MAKANAN DAN MINUMAN","TIPE_2":"RESTORAN","TIPE_3":"CEPAT SAJI","TELEPON":"0852-3303-3520","ALAMAT":"JL. JATI PERWIRA NO.26, RT.13/RW.3, JATI, PULO GADUNG, EAST JAKARTA CITY, JAKARTA 13220","ID_PROV":"31","PROVINSI":"DKI JAKARTA","ID_KABKOT":"31.75","KABKOT":"KOTA ADM. JAKARTA TIMUR","ID_KEC":"31.75.02","KECAMATAN":"PULOGADUNG","ID_DESA":"31.75.02.1007","DESA":"JATI","LONGITUDE":106.9024057,"LATITUDE":-6.1876685,"STATUS":"BUKA","TANGGAL UPDATE":"27/02/2025","TANGGAL PENGUMPULAN":"Q4 2023","q":27452,"r":-15105}},{"type":"Feature","geometry":{"coordinates":[106.89875230000007,-6.228713199999959],"type":"Point"},"properties":{"NAMA":"RUMAH MAKAN SIANG MALAM","TIPE_1":"MAKANAN DAN MINUMAN","TIPE_2":"RESTORAN","TIPE_3":"RESTORAN PADANG","TELEPON":"(021) 86617108","ALAMAT":"8, JL. PAHLAWAN REVOLUSI NO.9, RT.8/RW.1, PD. BAMBU, KEC. DUREN SAWIT, KOTA JAKARTA TIMUR, DAERAH KHUSUS IBUKOTA JAKARTA 13430","ID_PROV":"31","PROVINSI":"DKI JAKARTA","ID_KABKOT":"31.75","KABKOT":"KOTA ADM. JAKARTA TIMUR","ID_KEC":"31.75.07","KECAMATAN":"DUREN SAWIT","ID_DESA":"31.75.07.1002","DESA":"PONDOK BAMBU","LONGITUDE":106.8987523,"LATITUDE":-6.2287132,"STATUS":"BUKA","TANGGAL UPDATE":"27/02/2025","TANGGAL PENGUMPULAN":"Q4 2023","q":27451,"r":-15113}},{"type":"Feature","geometry":{"coordinates":[106.875256,-6.224104],"type":"Point"},"properties":{"NAMA":"EDAM BURGER","TIPE_1":"MAKANAN DAN MINUMAN","TIPE_2":"RESTORAN","TIPE_3":"CEPAT SAJI","TELEPON":"(021) 8192566","ALAMAT":"GF, GIANT CIPINANG, JL. BASUKI RACHMAT, CIPINANG BESAR SELATAN, JATINEGARA, 13420 JAKARTA TIMUR, DKI JAKARTA, RT.8/RW.1, NORTH CIPINANG BESAR, JATINEGARA, EAST JAKARTA CITY, JAKARTA 13410","ID_PROV":"31","PROVINSI":"DKI JAKARTA","ID_KABKOT":"31.75","KABKOT":"KOTA ADM. JAKARTA TIMUR","ID_KEC":"31.75.03","KECAMATAN":"JATINEGARA","ID_DESA":"31.75.03.1008","DESA":"CIPINANG BESAR UTARA","LONGITUDE":106.875256,"LATITUDE":-6.224104,"STATUS":"BUKA","TANGGAL UPDATE":"27/02/2025","TANGGAL PENGUMPULAN":"Q4 2023","q":27445,"r":-15109}},{"type":"Feature","geometry":{"coordinates":[106.88004190000004,-6.250508399999944],"type":"Point"},"properties":{"NAMA":"RUMAH MAKAN TANJUNG RAYA","TIPE_1":"MAKANAN DAN MINUMAN","TIPE_2":"RESTORAN","TIPE_3":"RESTORAN PADANG","TELEPON":"(021) 80885462","ALAMAT":"JL. HALIM PERDANA KUSUMA NO.RT..08, RT.8/RW.8, KB. PALA, KEC. MAKASAR, KOTA JAKARTA TIMUR, DAERAH KHUSUS IBUKOTA JAKARTA 13650","ID_PROV":"31","PROVINSI":"DKI JAKARTA","ID_KABKOT":"31.75","KABKOT":"KOTA ADM. JAKARTA TIMUR","ID_KEC":"31.75.08","KECAMATAN":"MAKASAR","ID_DESA":"31.75.08.1003","DESA":"KEBON PALA","LONGITUDE":106.8800419,"LATITUDE":-6.2505084,"STATUS":"BUKA","TANGGAL UPDATE":"27/02/2025","TANGGAL PENGUMPULAN":"Q4 2023","q":27446,"r":-15116}},{"type":"Feature","geometry":{"coordinates":[106.866093,-6.208315899999945],"type":"Point"},"properties":{"NAMA":"RUMAH MAKAN SUTAN NARO MASAKAN PADANG","TIPE_1":"MAKANAN DAN MINUMAN","TIPE_2":"RESTORAN","TIPE_3":"RESTORAN PADANG","TELEPON":"0822-9827-7858","ALAMAT":"JALAN KELAPA SAWIT NO.21, RT.10/RW.10, UTAN KAYU SELATAN, MATRAMAN, RT.10/RW.10, UTAN KAYU SEL., KEC. MATRAMAN, KOTA JAKARTA TIMUR, DAERAH KHUSUS IBUKOTA JAKARTA 13110","ID_PROV":"31","PROVINSI":"DKI JAKARTA","ID_KABKOT":"31.75","KABKOT":"KOTA ADM. JAKARTA TIMUR","ID_KEC":"31.75.01","KECAMATAN":"MATRAMAN","ID_DESA":"31.75.01.1003","DESA":"KAYU MANIS","LONGITUDE":106.866093,"LATITUDE":-6.2083159,"STATUS":"BUKA","TANGGAL UPDATE":"27/02/2025","TANGGAL PENGUMPULAN":"Q4 2023","q":27443,"r":-15105}},{"type":"Feature","geometry":{"coordinates":[106.87615970000007,-6.224884599999939],"type":"Point"},"properties":{"NAMA":"RUMAH MAKAN UN MASAKAN PADANG","TIPE_1":"MAKANAN DAN MINUMAN","TIPE_2":"RESTORAN","TIPE_3":"RESTORAN PADANG","TELEPON":"","ALAMAT":"JL. JEND. BASUKI RACHMAT NO.40, RT.6/RW.10, CIPINANG BESAR SEL., KECAMATAN JATINEGARA, KOTA JAKARTA TIMUR, DAERAH KHUSUS IBUKOTA JAKARTA 13410","ID_PROV":"31","PROVINSI":"DKI JAKARTA","ID_KABKOT":"31.75","KABKOT":"KOTA ADM. JAKARTA TIMUR","ID_KEC":"31.75.03","KECAMATAN":"JATINEGARA","ID_DESA":"31.75.03.1008","DESA":"CIPINANG BESAR UTARA","LONGITUDE":106.876159699999,"LATITUDE":-6.2248846,"STATUS":"BUKA","TANGGAL UPDATE":"27/02/2025","TANGGAL PENGUMPULAN":"Q4 2023","q":27445,"r":-15110}},{"type":"Feature","geometry":{"coordinates":[106.89118670000005,-6.210930599999926],"type":"Point"},"properties":{"NAMA":"RUMAH MAKAN UNI IDA","TIPE_1":"MAKANAN DAN MINUMAN","TIPE_2":"RESTORAN","TIPE_3":"RESTORAN PADANG","TELEPON":"0818-654-094","ALAMAT":"JL. BEKASI TIMUR RAYA NO.199, RT.1/RW.9, CIPINANG, KEC. PULO GADUNG, KOTA JAKARTA TIMUR, DAERAH KHUSUS IBUKOTA JAKARTA 13240","ID_PROV":"31","PROVINSI":"DKI JAKARTA","ID_KABKOT":"31.75","KABKOT":"KOTA ADM. JAKARTA TIMUR","ID_KEC":"31.75.02","KECAMATAN":"PULOGADUNG","ID_DESA":"31.75.02.1003","DESA":"CIPINANG","LONGITUDE":106.891186699999,"LATITUDE":-6.2109306,"STATUS":"BUKA","TANGGAL UPDATE":"27/02/2025","TANGGAL PENGUMPULAN":"Q4 2023","q":27449,"r":-15108}},{"type":"Feature","geometry":{"coordinates":[106.90567530000004,-6.245264299999974],"type":"Point"},"properties":{"NAMA":"SATE PADANG RAJO BUNGSU","TIPE_1":"MAKANAN DAN MINUMAN","TIPE_2":"RESTORAN","TIPE_3":"RESTORAN PADANG","TELEPON":"","ALAMAT":"JL. MASJID AL-WUSTHO NO.2, RT.11/RW.7, PD. BAMBU, KEC. DUREN SAWIT, KOTA JAKARTA TIMUR, DAERAH KHUSUS IBUKOTA JAKARTA 13430","ID_PROV":"31","PROVINSI":"DKI JAKARTA","ID_KABKOT":"31.75","KABKOT":"KOTA ADM. JAKARTA TIMUR","ID_KEC":"31.75.07","KECAMATAN":"DUREN SAWIT","ID_DESA":"31.75.07.1002","DESA":"PONDOK BAMBU","LONGITUDE":106.9056753,"LATITUDE":-6.2452643,"STATUS":"BUKA","TANGGAL UPDATE":"27/02/2025","TANGGAL PENGUMPULAN":"Q4 2023","q":27453,"r":-15118}},{"type":"Feature","geometry":{"coordinates":[106.89327760000003,-6.17844],"type":"Point"},"properties":{"NAMA":"WARUNG NASI PADANG LINTAU BUO","TIPE_1":"MAKANAN DAN MINUMAN","TIPE_2":"RESTORAN","TIPE_3":"RESTORAN PADANG","TELEPON":"0812-9458-1815","ALAMAT":"JL. PULO NANGKA TIMUR NO.3, RT.9/RW.8, PULO GADUNG, KEC. PULO GADUNG, KOTA JAKARTA TIMUR, DAERAH KHUSUS IBUKOTA JAKARTA 13260","ID_PROV":"31","PROVINSI":"DKI JAKARTA","ID_KABKOT":"31.75","KABKOT":"KOTA ADM. JAKARTA TIMUR","ID_KEC":"31.75.02","KECAMATAN":"PULOGADUNG","ID_DESA":"31.75.02.1001","DESA":"PULO GADUNG","LONGITUDE":106.893277599999,"LATITUDE":-6.17844,"STATUS":"BUKA","TANGGAL UPDATE":"27/02/2025","TANGGAL PENGUMPULAN":"Q4 2023","q":27450,"r":-15101}},{"type":"Feature","geometry":{"coordinates":[106.89496190000006,-6.292161399999941],"type":"Point"},"properties":{"NAMA":"WARUNG NASI PADANG","TIPE_1":"MAKANAN DAN MINUMAN","TIPE_2":"RESTORAN","TIPE_3":"RESTORAN PADANG","TELEPON":"0813-8921-7316","ALAMAT":"JL. MAKMUR, RT.4/RW.7, LUBANG BUAYA, KEC. CIPAYUNG, KOTA JAKARTA TIMUR, DAERAH KHUSUS IBUKOTA JAKARTA 13810","ID_PROV":"31","PROVINSI":"DKI JAKARTA","ID_KABKOT":"31.75","KABKOT":"KOTA ADM. JAKARTA TIMUR","ID_KEC":"31.75.10","KECAMATAN":"CIPAYUNG","ID_DESA":"31.75.10.1007","DESA":"LUBANG BUAYA","LONGITUDE":106.8949619,"LATITUDE":-6.2921614,"STATUS":"BUKA","TANGGAL UPDATE":"27/02/2025","TANGGAL PENGUMPULAN":"Q4 2023","q":27450,"r":-15127}},{"type":"Feature","geometry":{"coordinates":[106.94256330000007,-6.249363399999927],"type":"Point"},"properties":{"NAMA":"NOMINOMI DELIGHT - KALIMALANG","TIPE_1":"MAKANAN DAN MINUMAN","TIPE_2":"RESTORAN","TIPE_3":"KAFE DAN RESTO","TELEPON":"0811-1274-412","ALAMAT":"JL. RAYA KALIMALANG NO.1, RT.005/RW.3, BINTARA JAYA, KEC. BEKASI BAR., KOTA BKS, JAWA BARAT 17136","ID_PROV":"31","PROVINSI":"DKI JAKARTA","ID_KABKOT":"31.75","KABKOT":"KOTA ADM. JAKARTA TIMUR","ID_KEC":"31.75.07","KECAMATAN":"DUREN SAWIT","ID_DESA":"31.75.07.1004","DESA":"PONDOK KELAPA","LONGITUDE":106.9425633,"LATITUDE":-6.2493634,"STATUS":"BUKA","TANGGAL UPDATE":"27/02/2025","TANGGAL PENGUMPULAN":"Q4 2023","q":27462,"r":-15124}},{"type":"Feature","geometry":{"coordinates":[106.8941148,-6.2156258],"type":"Point"},"properties":{"NAMA":"NASGOR BANG JON","TIPE_1":"MAKANAN DAN MINUMAN","TIPE_2":"RESTORAN","TIPE_3":"NASI GORENG","TELEPON":"0831-4919-5805","ALAMAT":"JL. CIPINANG MUARAILIR 2 NO.2, RT.3/RW.5, CIPINANG MUARA, KECAMATAN JATINEGARA, KOTA JAKARTA TIMUR, DAERAH KHUSUS IBUKOTA JAKARTA 13420","ID_PROV":"31","PROVINSI":"DKI JAKARTA","ID_KABKOT":"31.75","KABKOT":"KOTA ADM. JAKARTA TIMUR","ID_KEC":"31.75.03","KECAMATAN":"JATINEGARA","ID_DESA":"31.75.03.1006","DESA":"CIPINANG MUARA","LONGITUDE":106.8941148,"LATITUDE":-6.2156258,"STATUS":"BUKA","TANGGAL UPDATE":"27/02/2025","TANGGAL PENGUMPULAN":"Q4 2023","q":27450,"r":-15110}},{"type":"Feature","geometry":{"coordinates":[106.8903013,-6.1940842],"type":"Point"},"properties":{"NAMA":"MONTATO","TIPE_1":"MAKANAN DAN MINUMAN","TIPE_2":"RESTORAN","TIPE_3":"CEPAT SAJI","TELEPON":"","ALAMAT":"2, RT.2/RW.7, RAWAMANGUN, KEC. PULO GADUNG, KOTA JAKARTA TIMUR, DAERAH KHUSUS IBUKOTA JAKARTA 13220","ID_PROV":"31","PROVINSI":"DKI JAKARTA","ID_KABKOT":"31.75","KABKOT":"KOTA ADM. JAKARTA TIMUR","ID_KEC":"31.75.02","KECAMATAN":"PULOGADUNG","ID_DESA":"31.75.02.1005","DESA":"RAWAMANGUN","LONGITUDE":106.8903013,"LATITUDE":-6.1940842,"STATUS":"BUKA","TANGGAL UPDATE":"27/02/2025","TANGGAL PENGUMPULAN":"Q4 2023","q":27449,"r":-15105}},{"type":"Feature","geometry":{"coordinates":[106.9050442,-6.2226164],"type":"Point"},"properties":{"NAMA":"NASI BEBEK DAN AYAM GORENG DIVA KHAS MADURA","TIPE_1":"MAKANAN DAN MINUMAN","TIPE_2":"RESTORAN","TIPE_3":"CEPAT SAJI","TELEPON":"","ALAMAT":"JL. TEGAL AMBA NO.39, RT.1/RW.9, KLENDER, KEC. DUREN SAWIT, KOTA JAKARTA TIMUR, DAERAH KHUSUS IBUKOTA JAKARTA 13470","ID_PROV":"31","PROVINSI":"DKI JAKARTA","ID_KABKOT":"31.75","KABKOT":"KOTA ADM. JAKARTA TIMUR","ID_KEC":"31.75.07","KECAMATAN":"DUREN SAWIT","ID_DESA":"31.75.07.1003","DESA":"KLENDER","LONGITUDE":106.9050442,"LATITUDE":-6.2226164,"STATUS":"BUKA","TANGGAL UPDATE":"27/02/2025","TANGGAL PENGUMPULAN":"Q4 2023","q":27453,"r":-15113}},{"type":"Feature","geometry":{"coordinates":[106.8855575,-6.30326],"type":"Point"},"properties":{"NAMA":"A&W RESTORAN - TERAS TAMAN MINI","TIPE_1":"MAKANAN DAN MINUMAN","TIPE_2":"RESTORAN","TIPE_3":"CEPAT SAJI","TELEPON":"(021) 14061","ALAMAT":"TAMAN MINI GREEN TERRACE, BLK. B JL. PINTU SATU NO.9, CEGER, KEC. CIPAYUNG, KOTA JAKARTA TIMUR, DAERAH KHUSUS IBUKOTA JAKARTA 13890","ID_PROV":"31","PROVINSI":"DKI JAKARTA","ID_KABKOT":"31.75","KABKOT":"KOTA ADM. JAKARTA TIMUR","ID_KEC":"31.75.10","KECAMATAN":"CIPAYUNG","ID_DESA":"31.75.10.1008","DESA":"CEGER","LONGITUDE":106.8855575,"LATITUDE":-6.30326,"STATUS":"BUKA","TANGGAL UPDATE":"27/02/2025","TANGGAL PENGUMPULAN":"Q4 2023","q":27448,"r":-15128}},{"type":"Feature","geometry":{"coordinates":[106.9158555,-6.1829748],"type":"Point"},"properties":{"NAMA":"A&W RESTAURANT - PULO GADUNG TRADE CENTRE","TIPE_1":"MAKANAN DAN MINUMAN","TIPE_2":"RESTORAN","TIPE_3":"CEPAT SAJI","TELEPON":"(021) 46800068","ALAMAT":"PULO GADUNG TRADE CENTER JALAN RAYA BEKASI KM.21 RUKO B 1 NO. 17, CAFE GROUND FLOOR, KIOS BLOK A NO. 32 & 33, RW.3, RW. TERATE, KEC. CAKUNG, KOTA JAKARTA TIMUR, DAERAH KHUSUS IBUKOTA JAKARTA 13920","ID_PROV":"31","PROVINSI":"DKI JAKARTA","ID_KABKOT":"31.75","KABKOT":"KOTA ADM. JAKARTA TIMUR","ID_KEC":"31.75.06","KECAMATAN":"CAKUNG","ID_DESA":"31.75.06.1002","DESA":"RAWA TERATE","LONGITUDE":106.9158555,"LATITUDE":-6.1829748,"STATUS":"BUKA","TANGGAL UPDATE":"27/02/2025","TANGGAL PENGUMPULAN":"Q4 2023","q":27455,"r":-15105}},{"type":"Feature","geometry":{"coordinates":[106.8850852,-6.2651238],"type":"Point"},"properties":{"NAMA":"A&W RESTORAN - BANDARA HALIM PERDANAKUSUNA","TIPE_1":"MAKANAN DAN MINUMAN","TIPE_2":"RESTORAN","TIPE_3":"CEPAT SAJI","TELEPON":"(021) 14061","ALAMAT":"NO, JL. KOMODOR HALIM PERDANA KUSUMA NO.15, RT.1/RW.9, HALIM PERDANA KUSUMAH, KEC. MAKASAR, KOTA JAKARTA TIMUR, DAERAH KHUSUS IBUKOTA JAKARTA 13610","ID_PROV":"31","PROVINSI":"DKI JAKARTA","ID_KABKOT":"31.75","KABKOT":"KOTA ADM. JAKARTA TIMUR","ID_KEC":"31.75.08","KECAMATAN":"MAKASAR","ID_DESA":"31.75.08.1004","DESA":"HALIM PERDANA KUSUMA","LONGITUDE":106.8850852,"LATITUDE":-6.2651238,"STATUS":"BUKA","TANGGAL UPDATE":"27/02/2025","TANGGAL PENGUMPULAN":"Q4 2023","q":27447,"r":-15120}},{"type":"Feature","geometry":{"coordinates":[106.8652821,-6.2623014],"type":"Point"},"properties":{"NAMA":"A&W RESTORAN - PUSAT GROSIR CILILITAN","TIPE_1":"MAKANAN DAN MINUMAN","TIPE_2":"RESTORAN","TIPE_3":"CEPAT SAJI","TELEPON":"(021) 30019404","ALAMAT":"PUSAT GROSIR CILILITAN, JL. DEWI SARTIKA NO.11, RW.11, CILILITAN, KEC. KRAMAT JATI, KOTA JAKARTA TIMUR, DAERAH KHUSUS IBUKOTA JAKARTA 13640","ID_PROV":"31","PROVINSI":"DKI JAKARTA","ID_KABKOT":"31.75","KABKOT":"KOTA ADM. JAKARTA TIMUR","ID_KEC":"31.75.04","KECAMATAN":"KRAMATJATI","ID_DESA":"31.75.04.1006","DESA":"CILILITAN","LONGITUDE":106.8652821,"LATITUDE":-6.2623014,"STATUS":"BUKA","TANGGAL UPDATE":"27/02/2025","TANGGAL PENGUMPULAN":"Q4 2023","q":27442,"r":-15117}},{"type":"Feature","geometry":{"coordinates":[106.8914011,-6.1947296],"type":"Point"},"properties":{"NAMA":"A&W RESTORAN - RAWAMANGUN","TIPE_1":"MAKANAN DAN MINUMAN","TIPE_2":"RESTORAN","TIPE_3":"CEPAT SAJI","TELEPON":"(021) 4758787","ALAMAT":"JL. PAUS NO.85, RT.1/RW.8, RAWAMANGUN, KEC. PULO GADUNG, KOTA JAKARTA TIMUR, DAERAH KHUSUS IBUKOTA JAKARTA 13220","ID_PROV":"31","PROVINSI":"DKI JAKARTA","ID_KABKOT":"31.75","KABKOT":"KOTA ADM. JAKARTA TIMUR","ID_KEC":"31.75.02","KECAMATAN":"PULOGADUNG","ID_DESA":"31.75.02.1007","DESA":"JATI","LONGITUDE":106.8914011,"LATITUDE":-6.1947296,"STATUS":"BUKA","TANGGAL UPDATE":"27/02/2025","TANGGAL PENGUMPULAN":"Q4 2023","q":27449,"r":-15105}},{"type":"Feature","geometry":{"coordinates":[106.8655987,-6.2628352],"type":"Point"},"properties":{"NAMA":"A&W RESTORAN - PUSAT GROSIR CILILITAN","TIPE_1":"MAKANAN DAN MINUMAN","TIPE_2":"RESTORAN","TIPE_3":"CEPAT SAJI","TELEPON":"","ALAMAT":"PUSAT GROSIR CILILITAN, JL. MAYOR JENDRAL SUTOYO NO.223, RW.11, CILILITAN, KRAMAT JATI, EAST JAKARTA CITY, JAKARTA 13640","ID_PROV":"31","PROVINSI":"DKI JAKARTA","ID_KABKOT":"31.75","KABKOT":"KOTA ADM. JAKARTA TIMUR","ID_KEC":"31.75.04","KECAMATAN":"KRAMATJATI","ID_DESA":"31.75.04.1006","DESA":"CILILITAN","LONGITUDE":106.8655987,"LATITUDE":-6.2628352,"STATUS":"BUKA","TANGGAL UPDATE":"27/02/2025","TANGGAL PENGUMPULAN":"Q4 2023","q":27442,"r":-15117}},{"type":"Feature","geometry":{"coordinates":[106.88420269999999,-6.2279659],"type":"Point"},"properties":{"NAMA":"ANATOLIA DONER","TIPE_1":"MAKANAN DAN MINUMAN","TIPE_2":"RESTORAN","TIPE_3":"CEPAT SAJI","TELEPON":"0811-1008-678","ALAMAT":"1, JL. JEND. BASUKI RACHMAT NO.46, RT.1/RW.2, CIPINANG MUARA, KECAMATAN JATINEGARA, KOTA JAKARTA TIMUR, DAERAH KHUSUS IBUKOTA JAKARTA 13420","ID_PROV":"31","PROVINSI":"DKI JAKARTA","ID_KABKOT":"31.75","KABKOT":"KOTA ADM. JAKARTA TIMUR","ID_KEC":"31.75.03","KECAMATAN":"JATINEGARA","ID_DESA":"31.75.03.1006","DESA":"CIPINANG MUARA","LONGITUDE":106.8842027,"LATITUDE":-6.2279659,"STATUS":"BUKA","TANGGAL UPDATE":"27/02/2025","TANGGAL PENGUMPULAN":"Q4 2023","q":27447,"r":-15111}},{"type":"Feature","geometry":{"coordinates":[106.9608837,-6.1864438],"type":"Point"},"properties":{"NAMA":"A&W RESTORAN - GIANT UJUNG MENTENG","TIPE_1":"MAKANAN DAN MINUMAN","TIPE_2":"RESTORAN","TIPE_3":"CEPAT SAJI","TELEPON":"","ALAMAT":"JL. KOMP. RUKO UJUNG MENTENG NO.8, RT.15/RW.1, UJUNG MENTENG, CAKUNG, EAST JAKARTA CITY, JAKARTA 13960","ID_PROV":"31","PROVINSI":"DKI JAKARTA","ID_KABKOT":"31.75","KABKOT":"KOTA ADM. JAKARTA TIMUR","ID_KEC":"31.75.06","KECAMATAN":"CAKUNG","ID_DESA":"31.75.06.1006","DESA":"UJUNG MENTENG","LONGITUDE":106.9608837,"LATITUDE":-6.1864438,"STATUS":"BUKA","TANGGAL UPDATE":"27/02/2025","TANGGAL PENGUMPULAN":"Q4 2023","q":27467,"r":-15112}},{"type":"Feature","geometry":{"coordinates":[106.8683012,-6.2710575],"type":"Point"},"properties":{"NAMA":"A&W RESTORAN - LIPPO PLAZA KRAMAT JATI","TIPE_1":"MAKANAN DAN MINUMAN","TIPE_2":"RESTORAN","TIPE_3":"CEPAT SAJI","TELEPON":"(021) 8007922","ALAMAT":"14, JL. RAYA BOGOR NO.19, RT.14/RW.6, KRAMAT JATI, KEC. KRAMAT JATI, KOTA JAKARTA TIMUR, DAERAH KHUSUS IBUKOTA JAKARTA 13510","ID_PROV":"31","PROVINSI":"DKI JAKARTA","ID_KABKOT":"31.75","KABKOT":"KOTA ADM. JAKARTA TIMUR","ID_KEC":"31.75.04","KECAMATAN":"KRAMATJATI","ID_DESA":"31.75.04.1001","DESA":"KRAMATJATI","LONGITUDE":106.8683012,"LATITUDE":-6.2710575,"STATUS":"BUKA","TANGGAL UPDATE":"27/02/2025","TANGGAL PENGUMPULAN":"Q4 2023","q":27443,"r":-15119}},{"type":"Feature","geometry":{"coordinates":[106.8765303,-6.2655647],"type":"Point"},"properties":{"NAMA":"AYAM BERSIH BERKAH CILILITAN","TIPE_1":"MAKANAN DAN MINUMAN","TIPE_2":"RESTORAN","TIPE_3":"CEPAT SAJI","TELEPON":"0811-2103-090","ALAMAT":"JL. CILILITAN BESAR NO.62, RT.13/RW.1, MAKASAR, KEC. MAKASAR, KOTA JAKARTA TIMUR, DAERAH KHUSUS IBUKOTA JAKARTA 13570","ID_PROV":"31","PROVINSI":"DKI JAKARTA","ID_KABKOT":"31.75","KABKOT":"KOTA ADM. JAKARTA TIMUR","ID_KEC":"31.75.08","KECAMATAN":"MAKASAR","ID_DESA":"31.75.08.1001","DESA":"MAKASAR","LONGITUDE":106.8765303,"LATITUDE":-6.2655647,"STATUS":"BUKA","TANGGAL UPDATE":"27/02/2025","TANGGAL PENGUMPULAN":"Q4 2023","q":27445,"r":-15119}},{"type":"Feature","geometry":{"coordinates":[106.9105027,-6.2154785],"type":"Point"},"properties":{"NAMA":"AYAM GEPREK OH YES","TIPE_1":"MAKANAN DAN MINUMAN","TIPE_2":"RESTORAN","TIPE_3":"CEPAT SAJI","TELEPON":"0811-192-204","ALAMAT":"JL. INDUSTRI SANDANG NO.15, RT.15/RW.17, KLENDER, KEC. DUREN SAWIT, KOTA JAKARTA TIMUR, DAERAH KHUSUS IBUKOTA JAKARTA 13470","ID_PROV":"31","PROVINSI":"DKI JAKARTA","ID_KABKOT":"31.75","KABKOT":"KOTA ADM. JAKARTA TIMUR","ID_KEC":"31.75.07","KECAMATAN":"DUREN SAWIT","ID_DESA":"31.75.07.1003","DESA":"KLENDER","LONGITUDE":106.9105027,"LATITUDE":-6.2154785,"STATUS":"BUKA","TANGGAL UPDATE":"27/02/2025","TANGGAL PENGUMPULAN":"Q4 2023","q":27454,"r":-15112}},{"type":"Feature","geometry":{"coordinates":[106.9531783,-6.2170457],"type":"Point"},"properties":{"NAMA":"BURGER ONE","TIPE_1":"MAKANAN DAN MINUMAN","TIPE_2":"RESTORAN","TIPE_3":"CEPAT SAJI","TELEPON":"0815-1000-2759","ALAMAT":"JL. RAYA PULO GEBANG NO.22, RT.14/RW.3, PULO GEBANG, KEC. CAKUNG, KOTA JAKARTA TIMUR, DAERAH KHUSUS IBUKOTA JAKARTA 13950","ID_PROV":"31","PROVINSI":"DKI JAKARTA","ID_KABKOT":"31.75","KABKOT":"KOTA ADM. JAKARTA TIMUR","ID_KEC":"31.75.06","KECAMATAN":"CAKUNG","ID_DESA":"31.75.06.1005","DESA":"PULO GEBANG","LONGITUDE":106.9531783,"LATITUDE":-6.2170457,"STATUS":"BUKA","TANGGAL UPDATE":"27/02/2025","TANGGAL PENGUMPULAN":"Q4 2023","q":27465,"r":-15118}},{"type":"Feature","geometry":{"coordinates":[106.8973259,-6.2323114],"type":"Point"},"properties":{"NAMA":"BURGER KING","TIPE_1":"MAKANAN DAN MINUMAN","TIPE_2":"RESTORAN","TIPE_3":"CEPAT SAJI","TELEPON":"(021) 1500025","ALAMAT":"JL. PAHLAWAN REVOLUSI NO.19, RT.5/RW.3, PD. BAMBU, KEC. DUREN SAWIT, KOTA JAKARTA TIMUR, DAERAH KHUSUS IBUKOTA JAKARTA 13430","ID_PROV":"31","PROVINSI":"DKI JAKARTA","ID_KABKOT":"31.75","KABKOT":"KOTA ADM. JAKARTA TIMUR","ID_KEC":"31.75.07","KECAMATAN":"DUREN SAWIT","ID_DESA":"31.75.07.1002","DESA":"PONDOK BAMBU","LONGITUDE":106.8973259,"LATITUDE":-6.2323114,"STATUS":"BUKA","TANGGAL UPDATE":"27/02/2025","TANGGAL PENGUMPULAN":"Q4 2023","q":27451,"r":-15114}},{"type":"Feature","geometry":{"coordinates":[106.9015979,-6.2096457],"type":"Point"},"properties":{"NAMA":"BUBUR AYAM PAKDE","TIPE_1":"MAKANAN DAN MINUMAN","TIPE_2":"RESTORAN","TIPE_3":"CEPAT SAJI","TELEPON":"","ALAMAT":"JL. BEKASI TIMUR RAYA, JATINEGARA KAUM, KEC. PULO GADUNG, KOTA JAKARTA TIMUR, DAERAH KHUSUS IBUKOTA JAKARTA","ID_PROV":"31","PROVINSI":"DKI JAKARTA","ID_KABKOT":"31.75","KABKOT":"KOTA ADM. JAKARTA TIMUR","ID_KEC":"31.75.02","KECAMATAN":"PULOGADUNG","ID_DESA":"31.75.02.1004","DESA":"JATINEGARA KAUM","LONGITUDE":106.9015979,"LATITUDE":-6.2096457,"STATUS":"BUKA","TANGGAL UPDATE":"27/02/2025","TANGGAL PENGUMPULAN":"Q4 2023","q":27452,"r":-15110}},{"type":"Feature","geometry":{"coordinates":[106.9118669,-6.2186863],"type":"Point"},"properties":{"NAMA":"BEBEK RATU LADZIDZA","TIPE_1":"MAKANAN DAN MINUMAN","TIPE_2":"RESTORAN","TIPE_3":"CEPAT SAJI","TELEPON":"0821-1464-0886","ALAMAT":"JL. KP. SUMUR UTARA NO.69, RT.12/RW.10, KLENDER, KEC. DUREN SAWIT, KOTA JAKARTA TIMUR, DAERAH KHUSUS IBUKOTA JAKARTA 13470","ID_PROV":"31","PROVINSI":"DKI JAKARTA","ID_KABKOT":"31.75","KABKOT":"KOTA ADM. JAKARTA TIMUR","ID_KEC":"31.75.07","KECAMATAN":"DUREN SAWIT","ID_DESA":"31.75.07.1003","DESA":"KLENDER","LONGITUDE":106.9118669,"LATITUDE":-6.2186863,"STATUS":"BUKA","TANGGAL UPDATE":"27/02/2025","TANGGAL PENGUMPULAN":"Q4 2023","q":27454,"r":-15113}},{"type":"Feature","geometry":{"coordinates":[106.8898906,-6.3398889],"type":"Point"},"properties":{"NAMA":"BURGER KING KM10 CIBUBUR REST AREA","TIPE_1":"MAKANAN DAN MINUMAN","TIPE_2":"RESTORAN","TIPE_3":"CEPAT SAJI","TELEPON":"1 500 025","ALAMAT":"CIBUBUR SQUARE, REST AREA KM. 10.5, JL. TOL JAGORAWI, CIBUBUR, DAERAH KHUSUS IBUKOTA JAKARTA 13720","ID_PROV":"31","PROVINSI":"DKI JAKARTA","ID_KABKOT":"31.75","KABKOT":"KOTA ADM. JAKARTA TIMUR","ID_KEC":"31.75.10","KECAMATAN":"CIPAYUNG","ID_DESA":"31.75.10.1001","DESA":"CIPAYUNG","LONGITUDE":106.8898906,"LATITUDE":-6.3398889,"STATUS":"BUKA","TANGGAL UPDATE":"27/02/2025","TANGGAL PENGUMPULAN":"Q4 2023","q":27449,"r":-15137}},{"type":"Feature","geometry":{"coordinates":[106.8871188,-6.3044348],"type":"Point"},"properties":{"NAMA":"BURGER KING GREEN TERRACE TAMAN MINI","TIPE_1":"MAKANAN DAN MINUMAN","TIPE_2":"RESTORAN","TIPE_3":"CEPAT SAJI","TELEPON":"1 500 025","ALAMAT":"GREEN TERRACE TAMAN MINI GF BLOK D NO. 8, JL. PINTU UTAMA 1 TMII RT.3/RW.2 PINANG RANTI MAKASAR, KEC. CIPAYUNG, KOTA JAKARTA TIMUR, DAERAH KHUSUS IBUKOTA JAKARTA 13820","ID_PROV":"31","PROVINSI":"DKI JAKARTA","ID_KABKOT":"31.75","KABKOT":"KOTA ADM. JAKARTA TIMUR","ID_KEC":"31.75.10","KECAMATAN":"CIPAYUNG","ID_DESA":"31.75.10.1008","DESA":"CEGER","LONGITUDE":106.8871188,"LATITUDE":-6.3044348,"STATUS":"BUKA","TANGGAL UPDATE":"27/02/2025","TANGGAL PENGUMPULAN":"Q4 2023","q":27448,"r":-15129}},{"type":"Feature","geometry":{"coordinates":[106.9225006,-6.2273898],"type":"Point"},"properties":{"NAMA":"BURGER KING DUREN SAWIT","TIPE_1":"MAKANAN DAN MINUMAN","TIPE_2":"RESTORAN","TIPE_3":"CEPAT SAJI","TELEPON":"1 500 025","ALAMAT":"2, JL. KOLONEL SUGIONO NO.25, RT.3/RW.3, DUREN SAWIT, KEC. DUREN SAWIT, KOTA JAKARTA TIMUR, 13440","ID_PROV":"31","PROVINSI":"DKI JAKARTA","ID_KABKOT":"31.75","KABKOT":"KOTA ADM. JAKARTA TIMUR","ID_KEC":"31.75.07","KECAMATAN":"DUREN SAWIT","ID_DESA":"31.75.07.1001","DESA":"DUREN SAWIT","LONGITUDE":106.9225006,"LATITUDE":-6.2273898,"STATUS":"BUKA","TANGGAL UPDATE":"27/02/2025","TANGGAL PENGUMPULAN":"Q4 2023","q":27457,"r":-15116}},{"type":"Feature","geometry":{"coordinates":[106.8724211,-6.2517898],"type":"Point"},"properties":{"NAMA":"CFC - RS UKI","TIPE_1":"MAKANAN DAN MINUMAN","TIPE_2":"RESTORAN","TIPE_3":"CEPAT SAJI","TELEPON":"0888-1172-608","ALAMAT":"JL. MAYJEN SUTOYO NO.2, RT.2/RW.11, CAWANG, KEC. KRAMAT JATI, KOTA JAKARTA TIMUR, DAERAH KHUSUS IBUKOTA JAKARTA 13630","ID_PROV":"31","PROVINSI":"DKI JAKARTA","ID_KABKOT":"31.75","KABKOT":"KOTA ADM. JAKARTA TIMUR","ID_KEC":"31.75.04","KECAMATAN":"KRAMATJATI","ID_DESA":"31.75.04.1007","DESA":"CAWANG","LONGITUDE":106.8724211,"LATITUDE":-6.2517898,"STATUS":"BUKA","TANGGAL UPDATE":"27/02/2025","TANGGAL PENGUMPULAN":"Q4 2023","q":27444,"r":-15115}},{"type":"Feature","geometry":{"coordinates":[106.92372,-6.2206297],"type":"Point"},"properties":{"NAMA":"CARL'S JR BUARAN","TIPE_1":"MAKANAN DAN MINUMAN","TIPE_2":"RESTORAN","TIPE_3":"CEPAT SAJI","TELEPON":"0813-1361-2727","ALAMAT":"JL. RADEN INTAN RAYA NO.6, DUREN SAWIT, KEC. DUREN SAWIT, KOTA JAKARTA TIMUR, DAERAH KHUSUS IBUKOTA JAKARTA 13440","ID_PROV":"31","PROVINSI":"DKI JAKARTA","ID_KABKOT":"31.75","KABKOT":"KOTA ADM. JAKARTA TIMUR","ID_KEC":"31.75.07","KECAMATAN":"DUREN SAWIT","ID_DESA":"31.75.07.1001","DESA":"DUREN SAWIT","LONGITUDE":106.92372,"LATITUDE":-6.2206297,"STATUS":"BUKA","TANGGAL UPDATE":"27/02/2025","TANGGAL PENGUMPULAN":"Q4 2023","q":27457,"r":-15115}},{"type":"Feature","geometry":{"coordinates":[106.8693658,-6.1954925],"type":"Point"},"properties":{"NAMA":"C'BEZT FRIED CHICKEN","TIPE_1":"MAKANAN DAN MINUMAN","TIPE_2":"RESTORAN","TIPE_3":"CEPAT SAJI","TELEPON":"(021) 22807702","ALAMAT":"JL. UTAN KAYU RAYA NO.71, RT.2/RW.1, UTAN KAYU UTARA, KEC. MATRAMAN, KOTA JAKARTA TIMUR, DAERAH KHUSUS IBUKOTA JAKARTA 13120","ID_PROV":"31","PROVINSI":"DKI JAKARTA","ID_KABKOT":"31.75","KABKOT":"KOTA ADM. JAKARTA TIMUR","ID_KEC":"31.75.01","KECAMATAN":"MATRAMAN","ID_DESA":"31.75.01.1002","DESA":"UTAN KAYU UTARA","LONGITUDE":106.8693658,"LATITUDE":-6.1954925,"STATUS":"BUKA","TANGGAL UPDATE":"27/02/2025","TANGGAL PENGUMPULAN":"Q4 2023","q":27443,"r":-15102}},{"type":"Feature","geometry":{"coordinates":[106.8875409,-6.2231751],"type":"Point"},"properties":{"NAMA":"BUBUR AYAM CAKALANG & MIE GORENG CAKALANG","TIPE_1":"MAKANAN DAN MINUMAN","TIPE_2":"RESTORAN","TIPE_3":"CEPAT SAJI","TELEPON":"0812-8131-2155","ALAMAT":"JL. CIPINANG ELOK II NO.8, RT.8/RW.10, CIPINANG MUARA, KECAMATAN JATINEGARA, KOTA JAKARTA TIMUR, DAERAH KHUSUS IBUKOTA JAKARTA 13420","ID_PROV":"31","PROVINSI":"DKI JAKARTA","ID_KABKOT":"31.75","KABKOT":"KOTA ADM. JAKARTA TIMUR","ID_KEC":"31.75.03","KECAMATAN":"JATINEGARA","ID_DESA":"31.75.03.1006","DESA":"CIPINANG MUARA","LONGITUDE":106.8875409,"LATITUDE":-6.2231751,"STATUS":"BUKA","TANGGAL UPDATE":"27/02/2025","TANGGAL PENGUMPULAN":"Q4 2023","q":27448,"r":-15111}},{"type":"Feature","geometry":{"coordinates":[106.8906448,-6.2112603],"type":"Point"},"properties":{"NAMA":"C'BEZT FRIEDCHICKEN POINT","TIPE_1":"MAKANAN DAN MINUMAN","TIPE_2":"RESTORAN","TIPE_3":"CEPAT SAJI","TELEPON":"0852-1078-3698","ALAMAT":"JL. BEKASI TIMUR RAYA NO.2, RT.1/RW.8, CIPINANG, KEC. PULO GADUNG, KOTA JAKARTA TIMUR, DAERAH KHUSUS IBUKOTA JAKARTA 13240","ID_PROV":"31","PROVINSI":"DKI JAKARTA","ID_KABKOT":"31.75","KABKOT":"KOTA ADM. JAKARTA TIMUR","ID_KEC":"31.75.02","KECAMATAN":"PULOGADUNG","ID_DESA":"31.75.02.1003","DESA":"CIPINANG","LONGITUDE":106.8906448,"LATITUDE":-6.2112603,"STATUS":"BUKA","TANGGAL UPDATE":"27/02/2025","TANGGAL PENGUMPULAN":"Q4 2023","q":27449,"r":-15108}},{"type":"Feature","geometry":{"coordinates":[106.912791,-6.3426459],"type":"Point"},"properties":{"NAMA":"CHICKEN BURGER RESTO","TIPE_1":"MAKANAN DAN MINUMAN","TIPE_2":"RESTORAN","TIPE_3":"CEPAT SAJI","TELEPON":"","ALAMAT":"JL. WARGA NO.49 9 6, RT.11/RW.6, PD. RANGGON, KEC. CIPAYUNG, KOTA JAKARTA TIMUR, DAERAH KHUSUS IBUKOTA JAKARTA 13860","ID_PROV":"31","PROVINSI":"DKI JAKARTA","ID_KABKOT":"31.75","KABKOT":"KOTA ADM. JAKARTA TIMUR","ID_KEC":"31.75.10","KECAMATAN":"CIPAYUNG","ID_DESA":"31.75.10.1003","DESA":"PONDOK RANGGON","LONGITUDE":106.912791,"LATITUDE":-6.3426459,"STATUS":"BUKA","TANGGAL UPDATE":"27/02/2025","TANGGAL PENGUMPULAN":"Q4 2023","q":27455,"r":-15141}},{"type":"Feature","geometry":{"coordinates":[106.8975555,-6.2238835],"type":"Point"},"properties":{"NAMA":"CRISPYKU CASABLANCA","TIPE_1":"MAKANAN DAN MINUMAN","TIPE_2":"RESTORAN","TIPE_3":"CEPAT SAJI","TELEPON":"","ALAMAT":"EAST RESIDENCE, RT.1/RW.2, PD. BAMBU, KEC. DUREN SAWIT, KOTA JAKARTA TIMUR, DAERAH KHUSUS IBUKOTA JAKARTA 13430","ID_PROV":"31","PROVINSI":"DKI JAKARTA","ID_KABKOT":"31.75","KABKOT":"KOTA ADM. JAKARTA TIMUR","ID_KEC":"31.75.07","KECAMATAN":"DUREN SAWIT","ID_DESA":"31.75.07.1002","DESA":"PONDOK BAMBU","LONGITUDE":106.8975555,"LATITUDE":-6.2238835,"STATUS":"BUKA","TANGGAL UPDATE":"27/02/2025","TANGGAL PENGUMPULAN":"Q4 2023","q":27451,"r":-15112}},{"type":"Feature","geometry":{"coordinates":[106.87130360000003,-6.285754199999926],"type":"Point"},"properties":{"NAMA":"WILLIAM RESTAURANT","TIPE_1":"MAKANAN DAN MINUMAN","TIPE_2":"RESTORAN","TIPE_3":"KAFE DAN RESTO","TELEPON":"(021) 8400473","ALAMAT":"JL. RAYA BOGOR KM NO.22, RT.14/RW.11, RAMBUTAN, KEC. CIRACAS, KOTA JAKARTA TIMUR, DAERAH KHUSUS IBUKOTA JAKARTA 13510","ID_PROV":"31","PROVINSI":"DKI JAKARTA","ID_KABKOT":"31.75","KABKOT":"KOTA ADM. JAKARTA TIMUR","ID_KEC":"31.75.04","KECAMATAN":"KRAMATJATI","ID_DESA":"31.75.04.1001","DESA":"KRAMATJATI","LONGITUDE":106.8713036,"LATITUDE":-6.2857542,"STATUS":"BUKA","TANGGAL UPDATE":"27/02/2025","TANGGAL PENGUMPULAN":"Q4 2023","q":27444,"r":-15123}},{"type":"Feature","geometry":{"coordinates":[106.88289550000007,-6.345255899999934],"type":"Point"},"properties":{"NAMA":"CILOK ISI BANG BOY","TIPE_1":"MAKANAN DAN MINUMAN","TIPE_2":"RESTORAN","TIPE_3":"JAJANAN","TELEPON":"0856-7553-116","ALAMAT":"JL. RAYA KLP. DUA WETAN, RT.4/RW.8, KLP. DUA WETAN, KEC. CIRACAS, JAKARTA, DAERAH KHUSUS IBUKOTA JAKARTA 13730","ID_PROV":"31","PROVINSI":"DKI JAKARTA","ID_KABKOT":"31.75","KABKOT":"KOTA ADM. JAKARTA TIMUR","ID_KEC":"31.75.09","KECAMATAN":"CIRACAS","ID_DESA":"31.75.09.1003","DESA":"KELAPA DUA WETAN","LONGITUDE":106.8828955,"LATITUDE":-6.3452559,"STATUS":"BUKA","TANGGAL UPDATE":"27/02/2025","TANGGAL PENGUMPULAN":"Q4 2023","q":27447,"r":-15137}},{"type":"Feature","geometry":{"coordinates":[106.88845690000005,-6.36320889999996],"type":"Point"},"properties":{"NAMA":"BURGER STORY","TIPE_1":"MAKANAN DAN MINUMAN","TIPE_2":"RESTORAN","TIPE_3":"CEPAT SAJI","TELEPON":"0813-8760-6097","ALAMAT":"JLN.LEMPUYANG 2 R.13/14, RT.10/RW.8, CIBUBUR, KEC. CIRACAS, KOTA JAKARTA TIMUR, DAERAH KHUSUS IBUKOTA JAKARTA 13720","ID_PROV":"31","PROVINSI":"DKI JAKARTA","ID_KABKOT":"31.75","KABKOT":"KOTA ADM. JAKARTA TIMUR","ID_KEC":"31.75.09","KECAMATAN":"CIRACAS","ID_DESA":"31.75.09.1002","DESA":"CIBUBUR","LONGITUDE":106.8884569,"LATITUDE":-6.3632089,"STATUS":"BUKA","TANGGAL UPDATE":"27/02/2025","TANGGAL PENGUMPULAN":"Q4 2023","q":27448,"r":-15142}},{"type":"Feature","geometry":{"coordinates":[106.874683,-6.328476799999975],"type":"Point"},"properties":{"NAMA":"BURGER BENZ","TIPE_1":"MAKANAN DAN MINUMAN","TIPE_2":"RESTORAN","TIPE_3":"CEPAT SAJI","TELEPON":"0878-3200-0578","ALAMAT":"JL. RAYA CIRACAS, GG. DEWA NO. 59 RT.03/RW.002 CIRACAS, EAST JAKATA, RT.2/RW.2, CIRACAS, KEC. CIRACAS, JAKARTA, DAERAH KHUSUS IBUKOTA JAKARTA 13740","ID_PROV":"31","PROVINSI":"DKI JAKARTA","ID_KABKOT":"31.75","KABKOT":"KOTA ADM. JAKARTA TIMUR","ID_KEC":"31.75.09","KECAMATAN":"CIRACAS","ID_DESA":"31.75.09.1001","DESA":"CIRACAS","LONGITUDE":106.874683,"LATITUDE":-6.3284768,"STATUS":"BUKA","TANGGAL UPDATE":"27/02/2025","TANGGAL PENGUMPULAN":"Q4 2023","q":27445,"r":-15133}},{"type":"Feature","geometry":{"coordinates":[106.87956350000007,-6.356295],"type":"Point"},"properties":{"NAMA":"SMOKEY CHEESE BURGER","TIPE_1":"MAKANAN DAN MINUMAN","TIPE_2":"RESTORAN","TIPE_3":"CEPAT SAJI","TELEPON":"0838-9842-8254","ALAMAT":"JL. MASJID CIBUBUR NO.2, RT.10/RW.6, CIBUBUR, CIRACAS, EAST JAKARTA CITY, JAKARTA 13720","ID_PROV":"31","PROVINSI":"DKI JAKARTA","ID_KABKOT":"31.75","KABKOT":"KOTA ADM. JAKARTA TIMUR","ID_KEC":"31.75.09","KECAMATAN":"CIRACAS","ID_DESA":"31.75.09.1002","DESA":"CIBUBUR","LONGITUDE":106.8795635,"LATITUDE":-6.356295,"STATUS":"BUKA","TANGGAL UPDATE":"27/02/2025","TANGGAL PENGUMPULAN":"Q4 2023","q":27446,"r":-15139}},{"type":"Feature","geometry":{"coordinates":[106.887092,-6.369725499999962],"type":"Point"},"properties":{"NAMA":"TWISTER KEBAB & BURGER","TIPE_1":"MAKANAN DAN MINUMAN","TIPE_2":"RESTORAN","TIPE_3":"CEPAT SAJI","TELEPON":"","ALAMAT":"JL. RADAR AURI NO.4, RT.8/RW.14, CIBUBUR, KEC. CIRACAS, KOTA DEPOK, JAWA BARAT 13720","ID_PROV":"31","PROVINSI":"DKI JAKARTA","ID_KABKOT":"31.75","KABKOT":"KOTA ADM. JAKARTA TIMUR","ID_KEC":"31.75.09","KECAMATAN":"CIRACAS","ID_DESA":"31.75.09.1002","DESA":"CIBUBUR","LONGITUDE":106.887092,"LATITUDE":-6.3697255,"STATUS":"BUKA","TANGGAL UPDATE":"27/02/2025","TANGGAL PENGUMPULAN":"Q4 2023","q":27448,"r":-15143}},{"type":"Feature","geometry":{"coordinates":[106.87546690000005,-6.350202],"type":"Point"},"properties":{"NAMA":"BURGER & DRINK DJAJANAN 26","TIPE_1":"MAKANAN DAN MINUMAN","TIPE_2":"RESTORAN","TIPE_3":"CEPAT SAJI","TELEPON":"0856-1864-463","ALAMAT":"JL. CIBUBUR II NO.24, RT.4/RW.2, CIBUBUR, KEC. CIRACAS, KOTA JAKARTA TIMUR, DAERAH KHUSUS IBUKOTA JAKARTA 13720","ID_PROV":"31","PROVINSI":"DKI JAKARTA","ID_KABKOT":"31.75","KABKOT":"KOTA ADM. JAKARTA TIMUR","ID_KEC":"31.75.09","KECAMATAN":"CIRACAS","ID_DESA":"31.75.09.1002","DESA":"CIBUBUR","LONGITUDE":106.8754669,"LATITUDE":-6.350202,"STATUS":"BUKA","TANGGAL UPDATE":"27/02/2025","TANGGAL PENGUMPULAN":"Q4 2023","q":27445,"r":-15138}},{"type":"Feature","geometry":{"coordinates":[106.878798,-6.341381],"type":"Point"},"properties":{"NAMA":"BURGER KHEBULEZZZ","TIPE_1":"MAKANAN DAN MINUMAN","TIPE_2":"RESTORAN","TIPE_3":"CEPAT SAJI","TELEPON":"0821-2243-5148","ALAMAT":"9, JL. MANUNGGAL RAYA NO.26, RT.9/RW.12, KLP. DUA WETAN, KEC. CIRACAS, KOTA JAKARTA TIMUR, DAERAH KHUSUS IBUKOTA JAKARTA 13720","ID_PROV":"31","PROVINSI":"DKI JAKARTA","ID_KABKOT":"31.75","KABKOT":"KOTA ADM. JAKARTA TIMUR","ID_KEC":"31.75.09","KECAMATAN":"CIRACAS","ID_DESA":"31.75.09.1002","DESA":"CIBUBUR","LONGITUDE":106.878798,"LATITUDE":-6.341381,"STATUS":"BUKA","TANGGAL UPDATE":"27/02/2025","TANGGAL PENGUMPULAN":"Q4 2023","q":27446,"r":-15136}},{"type":"Feature","geometry":{"coordinates":[106.87513050000008,-6.329643299999925],"type":"Point"},"properties":{"NAMA":"BARBURGER BY BARAPI CIRACAS","TIPE_1":"MAKANAN DAN MINUMAN","TIPE_2":"RESTORAN","TIPE_3":"CEPAT SAJI","TELEPON":"0813-8017-5270","ALAMAT":"ALFA MIDI, JL. RAYA CIRACAS NO.9, RT.9/RW.2, CIRACAS, KEC. CIRACAS, KOTA JAKARTA TIMUR, DAERAH KHUSUS IBUKOTA JAKARTA 13750","ID_PROV":"31","PROVINSI":"DKI JAKARTA","ID_KABKOT":"31.75","KABKOT":"KOTA ADM. JAKARTA TIMUR","ID_KEC":"31.75.09","KECAMATAN":"CIRACAS","ID_DESA":"31.75.09.1001","DESA":"CIRACAS","LONGITUDE":106.8751305,"LATITUDE":-6.3296433,"STATUS":"BUKA","TANGGAL UPDATE":"27/02/2025","TANGGAL PENGUMPULAN":"Q4 2023","q":27445,"r":-15133}},{"type":"Feature","geometry":{"coordinates":[106.87664420000006,-6.275983899999966],"type":"Point"},"properties":{"NAMA":"BERTHREEGER KAMPUNG MAKASAR","TIPE_1":"MAKANAN DAN MINUMAN","TIPE_2":"RESTORAN","TIPE_3":"KAFE DAN RESTO","TELEPON":"","ALAMAT":"JL. PUSDIKLAT DEPNAKER DEPAN MASJID BAITURAHMAN NO.1, RT.1/RW.2, MAKASAR, EAST JAKARTA CITY, JAKARTA 13570","ID_PROV":"31","PROVINSI":"DKI JAKARTA","ID_KABKOT":"31.75","KABKOT":"KOTA ADM. JAKARTA TIMUR","ID_KEC":"31.75.08","KECAMATAN":"MAKASAR","ID_DESA":"31.75.08.1001","DESA":"MAKASAR","LONGITUDE":106.8766442,"LATITUDE":-6.2759839,"STATUS":"BUKA","TANGGAL UPDATE":"27/02/2025","TANGGAL PENGUMPULAN":"Q4 2023","q":27445,"r":-15121}},{"type":"Feature","geometry":{"coordinates":[106.877177,-6.255166],"type":"Point"},"properties":{"NAMA":"BURGER BAGEUR PERMATA","TIPE_1":"MAKANAN DAN MINUMAN","TIPE_2":"RESTORAN","TIPE_3":"CEPAT SAJI","TELEPON":"0815-1303-5445","ALAMAT":"JL. PERMATA NO.30, RT.4/RW.5, KEBON PALA, MAKASAR, EAST JAKARTA CITY, JAKARTA 13650","ID_PROV":"31","PROVINSI":"DKI JAKARTA","ID_KABKOT":"31.75","KABKOT":"KOTA ADM. JAKARTA TIMUR","ID_KEC":"31.75.08","KECAMATAN":"MAKASAR","ID_DESA":"31.75.08.1003","DESA":"KEBON PALA","LONGITUDE":106.877177,"LATITUDE":-6.255166,"STATUS":"BUKA","TANGGAL UPDATE":"27/02/2025","TANGGAL PENGUMPULAN":"Q4 2023","q":27445,"r":-15117}},{"type":"Feature","geometry":{"coordinates":[106.87671730000005,-6.26671979999997],"type":"Point"},"properties":{"NAMA":"MARVEL BURGER","TIPE_1":"MAKANAN DAN MINUMAN","TIPE_2":"RESTORAN","TIPE_3":"CEPAT SAJI","TELEPON":"","ALAMAT":"JL. NYATA NO.12, RT.14/RW.1, MAKASAR, KEC. MAKASAR, KOTA JAKARTA TIMUR, DAERAH KHUSUS IBUKOTA JAKARTA 13570","ID_PROV":"31","PROVINSI":"DKI JAKARTA","ID_KABKOT":"31.75","KABKOT":"KOTA ADM. JAKARTA TIMUR","ID_KEC":"31.75.08","KECAMATAN":"MAKASAR","ID_DESA":"31.75.08.1001","DESA":"MAKASAR","LONGITUDE":106.8767173,"LATITUDE":-6.2667198,"STATUS":"BUKA","TANGGAL UPDATE":"27/02/2025","TANGGAL PENGUMPULAN":"Q4 2023","q":27445,"r":-15119}},{"type":"Feature","geometry":{"coordinates":[106.88024960000007,-6.259128599999932],"type":"Point"},"properties":{"NAMA":"LUMPIA BURGER & PISANG POULE","TIPE_1":"MAKANAN DAN MINUMAN","TIPE_2":"RESTORAN","TIPE_3":"CEPAT SAJI","TELEPON":"","ALAMAT":"JL. JENGKI CIPINANG ASEM JL. MELATI NO.10, RT.2/RW.9, KB. PALA, KEC. MAKASAR, KOTA JAKARTA TIMUR, DAERAH KHUSUS IBUKOTA JAKARTA 13650","ID_PROV":"31","PROVINSI":"DKI JAKARTA","ID_KABKOT":"31.75","KABKOT":"KOTA ADM. JAKARTA TIMUR","ID_KEC":"31.75.08","KECAMATAN":"MAKASAR","ID_DESA":"31.75.08.1003","DESA":"KEBON PALA","LONGITUDE":106.8802496,"LATITUDE":-6.2591286,"STATUS":"BUKA","TANGGAL UPDATE":"27/02/2025","TANGGAL PENGUMPULAN":"Q4 2023","q":27446,"r":-15118}},{"type":"Feature","geometry":{"coordinates":[106.88245720000003,-6.236227],"type":"Point"},"properties":{"NAMA":"MADIBA KITCHEN","TIPE_1":"MAKANAN DAN MINUMAN","TIPE_2":"RESTORAN","TIPE_3":"KAFE DAN RESTO","TELEPON":"","ALAMAT":"JL. PANCAWARGA IV GG. VI NO.13, RT.8/RW.4, CIPINANG MUARA, KECAMATAN JATINEGARA, KOTA JAKARTA TIMUR, DAERAH KHUSUS IBUKOTA JAKARTA 13420","ID_PROV":"31","PROVINSI":"DKI JAKARTA","ID_KABKOT":"31.75","KABKOT":"KOTA ADM. JAKARTA TIMUR","ID_KEC":"31.75.03","KECAMATAN":"JATINEGARA","ID_DESA":"31.75.03.1007","DESA":"CIPINANG BESAR SELATAN","LONGITUDE":106.8824572,"LATITUDE":-6.236227,"STATUS":"BUKA","TANGGAL UPDATE":"27/02/2025","TANGGAL PENGUMPULAN":"Q4 2023","q":27447,"r":-15113}},{"type":"Feature","geometry":{"coordinates":[106.87611560000005,-6.276047699999939],"type":"Point"},"properties":{"NAMA":"BURGERAX KRAMATJATI","TIPE_1":"MAKANAN DAN MINUMAN","TIPE_2":"RESTORAN","TIPE_3":"CEPAT SAJI","TELEPON":"0821-1258-8535","ALAMAT":"JL. KERJA BAKTI RT 001/04 NO.2, RT.5/RW.4, MAKASAR, EAST JAKARTA CITY, JAKARTA 13570","ID_PROV":"31","PROVINSI":"DKI JAKARTA","ID_KABKOT":"31.75","KABKOT":"KOTA ADM. JAKARTA TIMUR","ID_KEC":"31.75.08","KECAMATAN":"MAKASAR","ID_DESA":"31.75.08.1001","DESA":"MAKASAR","LONGITUDE":106.8761156,"LATITUDE":-6.2760477,"STATUS":"BUKA","TANGGAL UPDATE":"27/02/2025","TANGGAL PENGUMPULAN":"Q4 2023","q":27445,"r":-15121}},{"type":"Feature","geometry":{"coordinates":[106.906886,-6.247829],"type":"Point"},"properties":{"NAMA":"BURGERBANDIT","TIPE_1":"MAKANAN DAN MINUMAN","TIPE_2":"RESTORAN","TIPE_3":"CEPAT SAJI","TELEPON":"0896-2127-5033","ALAMAT":"GARDEN KULINER JALAN JATIWARINGIN RAYA #7 PANGKALAN JATI, KELURAHAN CIPINANG !MELAYU KECAMATAN MAKASAR, JAKARTA TIMUR, DKI JAKARTA","ID_PROV":"31","PROVINSI":"DKI JAKARTA","ID_KABKOT":"31.75","KABKOT":"KOTA ADM. JAKARTA TIMUR","ID_KEC":"31.75.08","KECAMATAN":"MAKASAR","ID_DESA":"31.75.08.1005","DESA":"CIPINANG MELAYU","LONGITUDE":106.906886,"LATITUDE":-6.247829,"STATUS":"BUKA","TANGGAL UPDATE":"27/02/2025","TANGGAL PENGUMPULAN":"Q4 2023","q":27453,"r":-15119}},{"type":"Feature","geometry":{"coordinates":[106.858886,-6.264714299999983],"type":"Point"},"properties":{"NAMA":"NGUNYAH YUUUK","TIPE_1":"MAKANAN DAN MINUMAN","TIPE_2":"RESTORAN","TIPE_3":"KAFE DAN RESTO","TELEPON":"","ALAMAT":"GG. MAWAR NO.48, RT.10/RW.6, CILILITAN, KEC. KRAMAT JATI, KOTA JAKARTA TIMUR, DAERAH KHUSUS IBUKOTA JAKARTA 13640","ID_PROV":"31","PROVINSI":"DKI JAKARTA","ID_KABKOT":"31.75","KABKOT":"KOTA ADM. JAKARTA TIMUR","ID_KEC":"31.75.04","KECAMATAN":"KRAMATJATI","ID_DESA":"31.75.04.1006","DESA":"CILILITAN","LONGITUDE":106.858886,"LATITUDE":-6.2647143,"STATUS":"BUKA","TANGGAL UPDATE":"27/02/2025","TANGGAL PENGUMPULAN":"Q4 2023","q":27441,"r":-15116}},{"type":"Feature","geometry":{"coordinates":[106.88520910000005,-6.260612299999924],"type":"Point"},"properties":{"NAMA":"BURGER RICH","TIPE_1":"MAKANAN DAN MINUMAN","TIPE_2":"RESTORAN","TIPE_3":"CEPAT SAJI","TELEPON":"0812-8632-6436","ALAMAT":"JL. SURYA, HALIM PERDANA KUSUMAH, KEC. MAKASAR, KOTA JAKARTA TIMUR, DAERAH KHUSUS IBUKOTA JAKARTA 13610","ID_PROV":"31","PROVINSI":"DKI JAKARTA","ID_KABKOT":"31.75","KABKOT":"KOTA ADM. JAKARTA TIMUR","ID_KEC":"31.75.08","KECAMATAN":"MAKASAR","ID_DESA":"31.75.08.1004","DESA":"HALIM PERDANA KUSUMA","LONGITUDE":106.8852091,"LATITUDE":-6.2606123,"STATUS":"BUKA","TANGGAL UPDATE":"27/02/2025","TANGGAL PENGUMPULAN":"Q4 2023","q":27447,"r":-15119}},{"type":"Feature","geometry":{"coordinates":[106.89793660000004,-6.287836699999954],"type":"Point"},"properties":{"NAMA":"KADAU STEAK","TIPE_1":"MAKANAN DAN MINUMAN","TIPE_2":"RESTORAN","TIPE_3":"STEAK DAN BBQ","TELEPON":"","ALAMAT":"DIDEPAN LAKESGILUT AU, JL. RAYA PD. GEDE, HALIM PERDANA KUSUMAH, MAKASAR, EAST JAKARTA CITY, JAKARTA","ID_PROV":"31","PROVINSI":"DKI JAKARTA","ID_KABKOT":"31.75","KABKOT":"KOTA ADM. JAKARTA TIMUR","ID_KEC":"31.75.08","KECAMATAN":"MAKASAR","ID_DESA":"31.75.08.1004","DESA":"HALIM PERDANA KUSUMA","LONGITUDE":106.8979366,"LATITUDE":-6.2878367,"STATUS":"BUKA","TANGGAL UPDATE":"27/02/2025","TANGGAL PENGUMPULAN":"Q4 2023","q":27451,"r":-15127}},{"type":"Feature","geometry":{"coordinates":[106.87600310000005,-6.27588759999998],"type":"Point"},"properties":{"NAMA":"BURGER BAGEUR","TIPE_1":"MAKANAN DAN MINUMAN","TIPE_2":"RESTORAN","TIPE_3":"CEPAT SAJI","TELEPON":"0815-1303-5445","ALAMAT":"JL. KERJA BAKTI II NO.1, RT.1/RW.2, MAKASAR, KEC. MAKASAR, KOTA JAKARTA TIMUR, DAERAH KHUSUS IBUKOTA JAKARTA 13570","ID_PROV":"31","PROVINSI":"DKI JAKARTA","ID_KABKOT":"31.75","KABKOT":"KOTA ADM. JAKARTA TIMUR","ID_KEC":"31.75.08","KECAMATAN":"MAKASAR","ID_DESA":"31.75.08.1001","DESA":"MAKASAR","LONGITUDE":106.8760031,"LATITUDE":-6.2758876,"STATUS":"BUKA","TANGGAL UPDATE":"27/02/2025","TANGGAL PENGUMPULAN":"Q4 2023","q":27445,"r":-15121}},{"type":"Feature","geometry":{"coordinates":[106.90277620000006,-6.247691299999935],"type":"Point"},"properties":{"NAMA":"MISS CARBS","TIPE_1":"MAKANAN DAN MINUMAN","TIPE_2":"RESTORAN","TIPE_3":"KAFE DAN RESTO","TELEPON":"","ALAMAT":"JL. HARAPAN 4 NO.46, RT.6/RW.11, CIPINANG MELAYU, KEC. MAKASAR, KOTA JAKARTA TIMUR, DAERAH KHUSUS IBUKOTA JAKARTA 13620","ID_PROV":"31","PROVINSI":"DKI JAKARTA","ID_KABKOT":"31.75","KABKOT":"KOTA ADM. JAKARTA TIMUR","ID_KEC":"31.75.08","KECAMATAN":"MAKASAR","ID_DESA":"31.75.08.1005","DESA":"CIPINANG MELAYU","LONGITUDE":106.9027762,"LATITUDE":-6.2476913,"STATUS":"BUKA","TANGGAL UPDATE":"27/02/2025","TANGGAL PENGUMPULAN":"Q4 2023","q":27452,"r":-15118}},{"type":"Feature","geometry":{"coordinates":[106.86859990000005,-6.302130699999961],"type":"Point"},"properties":{"NAMA":"BUFFALO WINGS","TIPE_1":"MAKANAN DAN MINUMAN","TIPE_2":"RESTORAN","TIPE_3":"CEPAT SAJI","TELEPON":"(021) 8711234","ALAMAT":"JL RAYA PONCOL 2 CIRACAS CIRACAS JAKARTA TIMUR DKI JAKARTA, RT.8/RW.2, RAMBUTAN, KEC. CIRACAS, KOTA JAKARTA TIMUR, DAERAH KHUSUS IBUKOTA JAKARTA 13770","ID_PROV":"31","PROVINSI":"DKI JAKARTA","ID_KABKOT":"31.75","KABKOT":"KOTA ADM. JAKARTA TIMUR","ID_KEC":"31.75.09","KECAMATAN":"CIRACAS","ID_DESA":"31.75.09.1005","DESA":"RAMBUTAN","LONGITUDE":106.8685999,"LATITUDE":-6.3021307,"STATUS":"BUKA","TANGGAL UPDATE":"27/02/2025","TANGGAL PENGUMPULAN":"Q4 2023","q":27443,"r":-15126}},{"type":"Feature","geometry":{"coordinates":[106.855092,-6.281294799999952],"type":"Point"},"properties":{"NAMA":"BESTIE BURGER RAYA CONDET","TIPE_1":"MAKANAN DAN MINUMAN","TIPE_2":"RESTORAN","TIPE_3":"CEPAT SAJI","TELEPON":"0818-0707-7189","ALAMAT":"JL. RAYA CONDET, RT.5/RW.2, BALE KAMBANG, KRAMAT JATI, EAST JAKARTA CITY, JAKARTA 13530","ID_PROV":"31","PROVINSI":"DKI JAKARTA","ID_KABKOT":"31.75","KABKOT":"KOTA ADM. JAKARTA TIMUR","ID_KEC":"31.75.04","KECAMATAN":"KRAMATJATI","ID_DESA":"31.75.04.1005","DESA":"BALEKAMBANG","LONGITUDE":106.855092,"LATITUDE":-6.2812948,"STATUS":"BUKA","TANGGAL UPDATE":"27/02/2025","TANGGAL PENGUMPULAN":"Q4 2023","q":27440,"r":-15120}},{"type":"Feature","geometry":{"coordinates":[106.87638970000006,-6.277974199999957],"type":"Point"},"properties":{"NAMA":"BERTHREEGER","TIPE_1":"MAKANAN DAN MINUMAN","TIPE_2":"RESTORAN","TIPE_3":"KAFE DAN RESTO","TELEPON":"0852-1745-3955","ALAMAT":"GG. IRIGASI V, RT.4/RW.4, MAKASAR, EAST JAKARTA CITY, JAKARTA 13570","ID_PROV":"31","PROVINSI":"DKI JAKARTA","ID_KABKOT":"31.75","KABKOT":"KOTA ADM. JAKARTA TIMUR","ID_KEC":"31.75.08","KECAMATAN":"MAKASAR","ID_DESA":"31.75.08.1001","DESA":"MAKASAR","LONGITUDE":106.8763897,"LATITUDE":-6.2779742,"STATUS":"BUKA","TANGGAL UPDATE":"27/02/2025","TANGGAL PENGUMPULAN":"Q4 2023","q":27445,"r":-15122}},{"type":"Feature","geometry":{"coordinates":[106.86054610000008,-6.273708399999983],"type":"Point"},"properties":{"NAMA":"KIS BURGER","TIPE_1":"MAKANAN DAN MINUMAN","TIPE_2":"RESTORAN","TIPE_3":"CEPAT SAJI","TELEPON":"","ALAMAT":"JL. BATU AMPAR III NO.42-47, RT.11/RW.4, BATU AMPAR, KEC. KRAMAT JATI, KOTA JAKARTA TIMUR, DAERAH KHUSUS IBUKOTA JAKARTA 13520","ID_PROV":"31","PROVINSI":"DKI JAKARTA","ID_KABKOT":"31.75","KABKOT":"KOTA ADM. JAKARTA TIMUR","ID_KEC":"31.75.04","KECAMATAN":"KRAMATJATI","ID_DESA":"31.75.04.1004","DESA":"BATU AMPAR","LONGITUDE":106.8605461,"LATITUDE":-6.2737084,"STATUS":"BUKA","TANGGAL UPDATE":"27/02/2025","TANGGAL PENGUMPULAN":"Q4 2023","q":27441,"r":-15119}},{"type":"Feature","geometry":{"coordinates":[106.85920590000006,-6.287219699999975],"type":"Point"},"properties":{"NAMA":"KAMPUNG BURGER RAYA TENGAH","TIPE_1":"MAKANAN DAN MINUMAN","TIPE_2":"RESTORAN","TIPE_3":"CEPAT SAJI","TELEPON":"","ALAMAT":"DEPAN ALFAMART, JL. RAYA TENGAH, RT.7/RW.3, BATU AMPAR, KEC. KRAMAT JATI, KOTA JAKARTA TIMUR, DAERAH KHUSUS IBUKOTA JAKARTA 13520","ID_PROV":"31","PROVINSI":"DKI JAKARTA","ID_KABKOT":"31.75","KABKOT":"KOTA ADM. JAKARTA TIMUR","ID_KEC":"31.75.04","KECAMATAN":"KRAMATJATI","ID_DESA":"31.75.04.1004","DESA":"BATU AMPAR","LONGITUDE":106.8592059,"LATITUDE":-6.2872197,"STATUS":"BUKA","TANGGAL UPDATE":"27/02/2025","TANGGAL PENGUMPULAN":"Q4 2023","q":27441,"r":-15121}},{"type":"Feature","geometry":{"coordinates":[106.86461250000008,-6.253073899999946],"type":"Point"},"properties":{"NAMA":"BURGER BANGOR","TIPE_1":"MAKANAN DAN MINUMAN","TIPE_2":"RESTORAN","TIPE_3":"CEPAT SAJI","TELEPON":"","ALAMAT":"JL. DEWI SARTIKA NO.14A, RT.4/RW.7, CILILITAN, KRAMAT JATI, EAST JAKARTA CITY, JAKARTA 13640","ID_PROV":"31","PROVINSI":"DKI JAKARTA","ID_KABKOT":"31.75","KABKOT":"KOTA ADM. JAKARTA TIMUR","ID_KEC":"31.75.04","KECAMATAN":"KRAMATJATI","ID_DESA":"31.75.04.1007","DESA":"CAWANG","LONGITUDE":106.8646125,"LATITUDE":-6.2530739,"STATUS":"BUKA","TANGGAL UPDATE":"27/02/2025","TANGGAL PENGUMPULAN":"Q4 2023","q":27442,"r":-15114}},{"type":"Feature","geometry":{"coordinates":[106.85151640000004,-6.289754499999963],"type":"Point"},"properties":{"NAMA":"D'BAMBU BURGER LINK","TIPE_1":"MAKANAN DAN MINUMAN","TIPE_2":"RESTORAN","TIPE_3":"CEPAT SAJI","TELEPON":"","ALAMAT":"JL. KAYU MANIS NO.3A, RT.4/RW.5, BALEKAMBANG, KEC. KRAMAT JATI, KOTA JAKARTA TIMUR, DAERAH KHUSUS IBUKOTA JAKARTA 13530","ID_PROV":"31","PROVINSI":"DKI JAKARTA","ID_KABKOT":"31.75","KABKOT":"KOTA ADM. JAKARTA TIMUR","ID_KEC":"31.75.04","KECAMATAN":"KRAMATJATI","ID_DESA":"31.75.04.1005","DESA":"BALEKAMBANG","LONGITUDE":106.8515164,"LATITUDE":-6.2897545,"STATUS":"BUKA","TANGGAL UPDATE":"27/02/2025","TANGGAL PENGUMPULAN":"Q4 2023","q":27439,"r":-15121}},{"type":"Feature","geometry":{"coordinates":[106.858364,-6.276804399999945],"type":"Point"},"properties":{"NAMA":"BOLOSOS PIZZA BY YBK","TIPE_1":"MAKANAN DAN MINUMAN","TIPE_2":"RESTORAN","TIPE_3":"PIZZA","TELEPON":"0856-9550-6583","ALAMAT":"JL. BATU KINYANG JL. RAYA CONDET NO.11, RT.9/RW.4, BATU AMPAR, KEC. KRAMAT JATI, KOTA JAKARTA TIMUR, DAERAH KHUSUS IBUKOTA JAKARTA 13520","ID_PROV":"31","PROVINSI":"DKI JAKARTA","ID_KABKOT":"31.75","KABKOT":"KOTA ADM. JAKARTA TIMUR","ID_KEC":"31.75.04","KECAMATAN":"KRAMATJATI","ID_DESA":"31.75.04.1004","DESA":"BATU AMPAR","LONGITUDE":106.858364,"LATITUDE":-6.2768044,"STATUS":"BUKA","TANGGAL UPDATE":"27/02/2025","TANGGAL PENGUMPULAN":"Q4 2023","q":27441,"r":-15119}},{"type":"Feature","geometry":{"coordinates":[106.86812840000005,-6.263566399999946],"type":"Point"},"properties":{"NAMA":"PATTY N THE BUN","TIPE_1":"MAKANAN DAN MINUMAN","TIPE_2":"RESTORAN","TIPE_3":"CEPAT SAJI","TELEPON":"","ALAMAT":"JL. CILILITAN BESAR NO.32, CILILITAN, KRAMAT JATI, EAST JAKARTA CITY, JAKARTA 13640","ID_PROV":"31","PROVINSI":"DKI JAKARTA","ID_KABKOT":"31.75","KABKOT":"KOTA ADM. JAKARTA TIMUR","ID_KEC":"31.75.04","KECAMATAN":"KRAMATJATI","ID_DESA":"31.75.04.1006","DESA":"CILILITAN","LONGITUDE":106.8681284,"LATITUDE":-6.2635664,"STATUS":"BUKA","TANGGAL UPDATE":"27/02/2025","TANGGAL PENGUMPULAN":"Q4 2023","q":27443,"r":-15117}},{"type":"Feature","geometry":{"coordinates":[106.90830120000004,-6.252607199999947],"type":"Point"},"properties":{"NAMA":"RESTO 26","TIPE_1":"MAKANAN DAN MINUMAN","TIPE_2":"RESTORAN","TIPE_3":"KAFE DAN RESTO","TELEPON":"","ALAMAT":"JL. PANGKALAN JATI V NO.23B, RT.11/RW.5, CIPINANG MELAYU, MAKASAR, EAST JAKARTA CITY, JAKARTA 13620","ID_PROV":"31","PROVINSI":"DKI JAKARTA","ID_KABKOT":"31.75","KABKOT":"KOTA ADM. JAKARTA TIMUR","ID_KEC":"31.75.08","KECAMATAN":"MAKASAR","ID_DESA":"31.75.08.1005","DESA":"CIPINANG MELAYU","LONGITUDE":106.9083012,"LATITUDE":-6.2526072,"STATUS":"BUKA","TANGGAL UPDATE":"27/02/2025","TANGGAL PENGUMPULAN":"Q4 2023","q":27453,"r":-15120}},{"type":"Feature","geometry":{"coordinates":[106.87657740000009,-6.261694199999962],"type":"Point"},"properties":{"NAMA":"KEDAI KEBAB BLASAN","TIPE_1":"MAKANAN DAN MINUMAN","TIPE_2":"RESTORAN","TIPE_3":"RESTORAN TIMUR TENGAH","TELEPON":"0858-8564-0499","ALAMAT":"JL. AL FALAH NO.17, RT.5/RW.2, KB. PALA, KEC. MAKASAR, KOTA JAKARTA TIMUR, DAERAH KHUSUS IBUKOTA JAKARTA 13650","ID_PROV":"31","PROVINSI":"DKI JAKARTA","ID_KABKOT":"31.75","KABKOT":"KOTA ADM. JAKARTA TIMUR","ID_KEC":"31.75.08","KECAMATAN":"MAKASAR","ID_DESA":"31.75.08.1003","DESA":"KEBON PALA","LONGITUDE":106.8765774,"LATITUDE":-6.2616942,"STATUS":"BUKA","TANGGAL UPDATE":"27/02/2025","TANGGAL PENGUMPULAN":"Q4 2023","q":27445,"r":-15118}},{"type":"Feature","geometry":{"coordinates":[106.86838180000007,-6.263569299999976],"type":"Point"},"properties":{"NAMA":"HAMBURGER STEAK BY KUNGRI","TIPE_1":"MAKANAN DAN MINUMAN","TIPE_2":"RESTORAN","TIPE_3":"CEPAT SAJI","TELEPON":"","ALAMAT":"JL. CILILITAN BESAR NO.32, CILILITAN, KEC. KRAMAT JATI, KOTA JAKARTA TIMUR, DAERAH KHUSUS IBUKOTA JAKARTA 13640","ID_PROV":"31","PROVINSI":"DKI JAKARTA","ID_KABKOT":"31.75","KABKOT":"KOTA ADM. JAKARTA TIMUR","ID_KEC":"31.75.04","KECAMATAN":"KRAMATJATI","ID_DESA":"31.75.04.1006","DESA":"CILILITAN","LONGITUDE":106.8683818,"LATITUDE":-6.2635693,"STATUS":"BUKA","TANGGAL UPDATE":"27/02/2025","TANGGAL PENGUMPULAN":"Q4 2023","q":27443,"r":-15117}},{"type":"Feature","geometry":{"coordinates":[106.87917890000006,-6.280289899999961],"type":"Point"},"properties":{"NAMA":"DUTS BURGER","TIPE_1":"MAKANAN DAN MINUMAN","TIPE_2":"RESTORAN","TIPE_3":"CEPAT SAJI","TELEPON":"0812-9692-2551","ALAMAT":"JL. SUMUR JAMBU 1 NO.16, MAKASAR, EAST JAKARTA CITY, JAKARTA 13570","ID_PROV":"31","PROVINSI":"DKI JAKARTA","ID_KABKOT":"31.75","KABKOT":"KOTA ADM. JAKARTA TIMUR","ID_KEC":"31.75.08","KECAMATAN":"MAKASAR","ID_DESA":"31.75.08.1001","DESA":"MAKASAR","LONGITUDE":106.8791789,"LATITUDE":-6.2802899,"STATUS":"BUKA","TANGGAL UPDATE":"27/02/2025","TANGGAL PENGUMPULAN":"Q4 2023","q":27446,"r":-15122}},{"type":"Feature","geometry":{"coordinates":[106.855966,-6.199110599999919],"type":"Point"},"properties":{"NAMA":"MEATZ BURGER AND TOAST","TIPE_1":"MAKANAN DAN MINUMAN","TIPE_2":"RESTORAN","TIPE_3":"CEPAT SAJI","TELEPON":"0818-0747-0796","ALAMAT":"JL. GUGUS DEPAN GG. I NO.5, RT.5/RW.1, PALMERIAM, KEC. MATRAMAN, KOTA JAKARTA TIMUR, DAERAH KHUSUS IBUKOTA JAKARTA 13140","ID_PROV":"31","PROVINSI":"DKI JAKARTA","ID_KABKOT":"31.75","KABKOT":"KOTA ADM. JAKARTA TIMUR","ID_KEC":"31.75.01","KECAMATAN":"MATRAMAN","ID_DESA":"31.75.01.1004","DESA":"PALMERIAM","LONGITUDE":106.855966,"LATITUDE":-6.1991106,"STATUS":"BUKA","TANGGAL UPDATE":"27/02/2025","TANGGAL PENGUMPULAN":"Q4 2023","q":27440,"r":-15101}},{"type":"Feature","geometry":{"coordinates":[106.919143,-6.221252699999975],"type":"Point"},"properties":{"NAMA":"GRANDMA'S BURGER","TIPE_1":"MAKANAN DAN MINUMAN","TIPE_2":"RESTORAN","TIPE_3":"CEPAT SAJI","TELEPON":"","ALAMAT":"JL. BUARAN 3 NO.14, RT.2/RW.15, DUREN SAWIT, KEC. DUREN SAWIT, KOTA JAKARTA TIMUR, DAERAH KHUSUS IBUKOTA JAKARTA 13440","ID_PROV":"31","PROVINSI":"DKI JAKARTA","ID_KABKOT":"31.75","KABKOT":"KOTA ADM. JAKARTA TIMUR","ID_KEC":"31.75.07","KECAMATAN":"DUREN SAWIT","ID_DESA":"31.75.07.1001","DESA":"DUREN SAWIT","LONGITUDE":106.919143,"LATITUDE":-6.2212527,"STATUS":"BUKA","TANGGAL UPDATE":"27/02/2025","TANGGAL PENGUMPULAN":"Q4 2023","q":27456,"r":-15114}},{"type":"Feature","geometry":{"coordinates":[106.88617270000009,-6.220727099999973],"type":"Point"},"properties":{"NAMA":"DON'S BURGER CIPINANG JAYA","TIPE_1":"MAKANAN DAN MINUMAN","TIPE_2":"RESTORAN","TIPE_3":"CEPAT SAJI","TELEPON":"0813-1212-1101","ALAMAT":"JL. CIPINANG JAYA RAYA NO.25, RT.8/RW.7, CIPINANG BESAR SEL., KECAMATAN JATINEGARA, KOTA JAKARTA TIMUR, DAERAH KHUSUS IBUKOTA JAKARTA 13410","ID_PROV":"31","PROVINSI":"DKI JAKARTA","ID_KABKOT":"31.75","KABKOT":"KOTA ADM. JAKARTA TIMUR","ID_KEC":"31.75.03","KECAMATAN":"JATINEGARA","ID_DESA":"31.75.03.1007","DESA":"CIPINANG BESAR SELATAN","LONGITUDE":106.8861727,"LATITUDE":-6.2207271,"STATUS":"BUKA","TANGGAL UPDATE":"27/02/2025","TANGGAL PENGUMPULAN":"Q4 2023","q":27448,"r":-15110}},{"type":"Feature","geometry":{"coordinates":[106.92369360000004,-6.220615299999965],"type":"Point"},"properties":{"NAMA":"CRLS BURGER JR","TIPE_1":"MAKANAN DAN MINUMAN","TIPE_2":"RESTORAN","TIPE_3":"CEPAT SAJI","TELEPON":"","ALAMAT":"RT.8/RW.15, DUREN SAWIT, KEC. DUREN SAWIT, KOTA JAKARTA TIMUR, DAERAH KHUSUS IBUKOTA JAKARTA 13440","ID_PROV":"31","PROVINSI":"DKI JAKARTA","ID_KABKOT":"31.75","KABKOT":"KOTA ADM. JAKARTA TIMUR","ID_KEC":"31.75.07","KECAMATAN":"DUREN SAWIT","ID_DESA":"31.75.07.1001","DESA":"DUREN SAWIT","LONGITUDE":106.9236936,"LATITUDE":-6.2206153,"STATUS":"BUKA","TANGGAL UPDATE":"27/02/2025","TANGGAL PENGUMPULAN":"Q4 2023","q":27457,"r":-15115}},{"type":"Feature","geometry":{"coordinates":[106.904521,-6.23141],"type":"Point"},"properties":{"NAMA":"GUNS N BURGER","TIPE_1":"MAKANAN DAN MINUMAN","TIPE_2":"RESTORAN","TIPE_3":"CEPAT SAJI","TELEPON":"0896-8814-7227","ALAMAT":"JL. SAWAH BAR. DALAM NO.2, RT.2/RW.6, PD. BAMBU, KEC. DUREN SAWIT, KOTA JAKARTA TIMUR, DAERAH KHUSUS IBUKOTA JAKARTA 13430","ID_PROV":"31","PROVINSI":"DKI JAKARTA","ID_KABKOT":"31.75","KABKOT":"KOTA ADM. JAKARTA TIMUR","ID_KEC":"31.75.07","KECAMATAN":"DUREN SAWIT","ID_DESA":"31.75.07.1002","DESA":"PONDOK BAMBU","LONGITUDE":106.904521,"LATITUDE":-6.23141,"STATUS":"BUKA","TANGGAL UPDATE":"27/02/2025","TANGGAL PENGUMPULAN":"Q4 2023","q":27452,"r":-15115}},{"type":"Feature","geometry":{"coordinates":[106.89007430000004,-6.202660699999972],"type":"Point"},"properties":{"NAMA":"BURGER BANGOR","TIPE_1":"MAKANAN DAN MINUMAN","TIPE_2":"RESTORAN","TIPE_3":"CEPAT SAJI","TELEPON":"","ALAMAT":"JL. CIPINANG BARU RAYA NO.4, RT.9/RW.1, CIPINANG, KEC. PULO GADUNG, KOTA JAKARTA TIMUR, DAERAH KHUSUS IBUKOTA JAKARTA 13240","ID_PROV":"31","PROVINSI":"DKI JAKARTA","ID_KABKOT":"31.75","KABKOT":"KOTA ADM. JAKARTA TIMUR","ID_KEC":"31.75.02","KECAMATAN":"PULOGADUNG","ID_DESA":"31.75.02.1003","DESA":"CIPINANG","LONGITUDE":106.8900743,"LATITUDE":-6.2026607,"STATUS":"BUKA","TANGGAL UPDATE":"27/02/2025","TANGGAL PENGUMPULAN":"Q4 2023","q":27449,"r":-15106}},{"type":"Feature","geometry":{"coordinates":[106.92204510000005,-6.230457699999932],"type":"Point"},"properties":{"NAMA":"AUSSY BURGER","TIPE_1":"MAKANAN DAN MINUMAN","TIPE_2":"RESTORAN","TIPE_3":"CEPAT SAJI","TELEPON":"","ALAMAT":"JL. PENDIDIKAN RAYA NO.5, RT.5/RW.14, DUREN SAWIT, KEC. DUREN SAWIT, KOTA JAKARTA TIMUR, DAERAH KHUSUS IBUKOTA JAKARTA 13440","ID_PROV":"31","PROVINSI":"DKI JAKARTA","ID_KABKOT":"31.75","KABKOT":"KOTA ADM. JAKARTA TIMUR","ID_KEC":"31.75.07","KECAMATAN":"DUREN SAWIT","ID_DESA":"31.75.07.1001","DESA":"DUREN SAWIT","LONGITUDE":106.9220451,"LATITUDE":-6.2304577,"STATUS":"BUKA","TANGGAL UPDATE":"27/02/2025","TANGGAL PENGUMPULAN":"Q4 2023","q":27457,"r":-15117}},{"type":"Feature","geometry":{"coordinates":[106.90420460000007,-6.186469799999936],"type":"Point"},"properties":{"NAMA":"BURGER HAUS - BURGER COFFEE & CROFFLE","TIPE_1":"MAKANAN DAN MINUMAN","TIPE_2":"RESTORAN","TIPE_3":"CEPAT SAJI","TELEPON":"0896-3878-3638","ALAMAT":"JL. PALAD NO.12, RT.1/RW.3, JATI, KEC. PULO GADUNG, KOTA JAKARTA TIMUR, DAERAH KHUSUS IBUKOTA JAKARTA 13220","ID_PROV":"31","PROVINSI":"DKI JAKARTA","ID_KABKOT":"31.75","KABKOT":"KOTA ADM. JAKARTA TIMUR","ID_KEC":"31.75.02","KECAMATAN":"PULOGADUNG","ID_DESA":"31.75.02.1007","DESA":"JATI","LONGITUDE":106.9042046,"LATITUDE":-6.1864698,"STATUS":"BUKA","TANGGAL UPDATE":"27/02/2025","TANGGAL PENGUMPULAN":"Q4 2023","q":27452,"r":-15105}},{"type":"Feature","geometry":{"coordinates":[106.85480360000008,-6.199932],"type":"Point"},"properties":{"NAMA":"DAPUA BALAIRUNG RESTO","TIPE_1":"MAKANAN DAN MINUMAN","TIPE_2":"RESTORAN","TIPE_3":"KAFE DAN RESTO","TELEPON":"(021) 85917217","ALAMAT":"JL. MATRAMAN RAYA NO.19, RT.1/RW.1, PALMERIAM, KEC. MATRAMAN, KOTA JAKARTA TIMUR, DAERAH KHUSUS IBUKOTA JAKARTA 13140","ID_PROV":"31","PROVINSI":"DKI JAKARTA","ID_KABKOT":"31.75","KABKOT":"KOTA ADM. JAKARTA TIMUR","ID_KEC":"31.75.01","KECAMATAN":"MATRAMAN","ID_DESA":"31.75.01.1004","DESA":"PALMERIAM","LONGITUDE":106.8548036,"LATITUDE":-6.199932,"STATUS":"BUKA","TANGGAL UPDATE":"27/02/2025","TANGGAL PENGUMPULAN":"Q4 2023","q":27440,"r":-15101}},{"type":"Feature","geometry":{"coordinates":[106.87085170000006,-6.196327099999962],"type":"Point"},"properties":{"NAMA":"LEMOE BURGER","TIPE_1":"MAKANAN DAN MINUMAN","TIPE_2":"RESTORAN","TIPE_3":"CEPAT SAJI","TELEPON":"","ALAMAT":"JL. UTAN KAYU RAYA NO.88, RT.5/RW.10, UTAN KAYU UTARA, KEC. MATRAMAN, KOTA JAKARTA TIMUR, DAERAH KHUSUS IBUKOTA JAKARTA 13120","ID_PROV":"31","PROVINSI":"DKI JAKARTA","ID_KABKOT":"31.75","KABKOT":"KOTA ADM. JAKARTA TIMUR","ID_KEC":"31.75.01","KECAMATAN":"MATRAMAN","ID_DESA":"31.75.01.1002","DESA":"UTAN KAYU UTARA","LONGITUDE":106.8708517,"LATITUDE":-6.1963271,"STATUS":"BUKA","TANGGAL UPDATE":"27/02/2025","TANGGAL PENGUMPULAN":"Q4 2023","q":27444,"r":-15103}},{"type":"Feature","geometry":{"coordinates":[106.87805170000007,-6.189415299999955],"type":"Point"},"properties":{"NAMA":"D'BESTO HTEN CHICKEN AND BURGER","TIPE_1":"MAKANAN DAN MINUMAN","TIPE_2":"RESTORAN","TIPE_3":"CEPAT SAJI","TELEPON":"0878-2067-5936","ALAMAT":"JL. H. TEN RAYA NO.1, RT.14/RW.7, RAWAMANGUN, KEC. PULO GADUNG, KOTA JAKARTA TIMUR, DAERAH KHUSUS IBUKOTA JAKARTA 13220","ID_PROV":"31","PROVINSI":"DKI JAKARTA","ID_KABKOT":"31.75","KABKOT":"KOTA ADM. JAKARTA TIMUR","ID_KEC":"31.75.02","KECAMATAN":"PULOGADUNG","ID_DESA":"31.75.02.1005","DESA":"RAWAMANGUN","LONGITUDE":106.8780517,"LATITUDE":-6.1894153,"STATUS":"BUKA","TANGGAL UPDATE":"27/02/2025","TANGGAL PENGUMPULAN":"Q4 2023","q":27446,"r":-15102}},{"type":"Feature","geometry":{"coordinates":[106.85683910000006,-6.205402199999983],"type":"Point"},"properties":{"NAMA":"BURGE MABOK (BM)","TIPE_1":"MAKANAN DAN MINUMAN","TIPE_2":"RESTORAN","TIPE_3":"CEPAT SAJI","TELEPON":"","ALAMAT":"JL. KB. MANGGIS 1 NO.3, RT.1/RW.3, KEBON MANGGIS, MATRAMAN, EAST JAKARTA CITY, JAKARTA 13150","ID_PROV":"31","PROVINSI":"DKI JAKARTA","ID_KABKOT":"31.75","KABKOT":"KOTA ADM. JAKARTA TIMUR","ID_KEC":"31.75.01","KECAMATAN":"MATRAMAN","ID_DESA":"31.75.01.1005","DESA":"KEBON MANGGIS","LONGITUDE":106.8568391,"LATITUDE":-6.2054022,"STATUS":"BUKA","TANGGAL UPDATE":"27/02/2025","TANGGAL PENGUMPULAN":"Q4 2023","q":27440,"r":-15103}},{"type":"Feature","geometry":{"coordinates":[106.87712990000006,-6.204502],"type":"Point"},"properties":{"NAMA":"BURGER PELANGI TASYA","TIPE_1":"MAKANAN DAN MINUMAN","TIPE_2":"RESTORAN","TIPE_3":"CEPAT SAJI","TELEPON":"0838-0624-3554","ALAMAT":"JL. BUJANA TIRTA 2, RT.8/RW.6, PISANGAN TIM., KEC. PULO GADUNG, KOTA JAKARTA TIMUR, DAERAH KHUSUS IBUKOTA JAKARTA 13230","ID_PROV":"31","PROVINSI":"DKI JAKARTA","ID_KABKOT":"31.75","KABKOT":"KOTA ADM. JAKARTA TIMUR","ID_KEC":"31.75.02","KECAMATAN":"PULOGADUNG","ID_DESA":"31.75.02.1002","DESA":"PISANGAN TIMUR","LONGITUDE":106.8771299,"LATITUDE":-6.204502,"STATUS":"BUKA","TANGGAL UPDATE":"27/02/2025","TANGGAL PENGUMPULAN":"Q4 2023","q":27445,"r":-15105}},{"type":"Feature","geometry":{"coordinates":[106.89764410000004,-6.223806199999959],"type":"Point"},"properties":{"NAMA":"BEGIN BURGER","TIPE_1":"MAKANAN DAN MINUMAN","TIPE_2":"RESTORAN","TIPE_3":"CEPAT SAJI","TELEPON":"0813-1606-1100","ALAMAT":"APARTEMENT CASABLANCA EAST RESIDENCE, PD. BAMBU, KEC. DUREN SAWIT, KOTA JAKARTA TIMUR, DAERAH KHUSUS IBUKOTA JAKARTA","ID_PROV":"31","PROVINSI":"DKI JAKARTA","ID_KABKOT":"31.75","KABKOT":"KOTA ADM. JAKARTA TIMUR","ID_KEC":"31.75.07","KECAMATAN":"DUREN SAWIT","ID_DESA":"31.75.07.1002","DESA":"PONDOK BAMBU","LONGITUDE":106.8976441,"LATITUDE":-6.2238062,"STATUS":"BUKA","TANGGAL UPDATE":"27/02/2025","TANGGAL PENGUMPULAN":"Q4 2023","q":27451,"r":-15112}},{"type":"Feature","geometry":{"coordinates":[106.88732780000004,-6.19458809999997],"type":"Point"},"properties":{"NAMA":"MAFUFU ARMY RESTAURANT","TIPE_1":"MAKANAN DAN MINUMAN","TIPE_2":"RESTORAN","TIPE_3":"KAFE DAN RESTO","TELEPON":"","ALAMAT":"SMKN 5 SURABAYA, MOJO, KEC. PULO GADUNG, KOTA SURABAYA, JAWA TIMUR","ID_PROV":"31","PROVINSI":"DKI JAKARTA","ID_KABKOT":"31.75","KABKOT":"KOTA ADM. JAKARTA TIMUR","ID_KEC":"31.75.02","KECAMATAN":"PULOGADUNG","ID_DESA":"31.75.02.1005","DESA":"RAWAMANGUN","LONGITUDE":106.8873278,"LATITUDE":-6.1945881,"STATUS":"BUKA","TANGGAL UPDATE":"27/02/2025","TANGGAL PENGUMPULAN":"Q4 2023","q":27448,"r":-15104}},{"type":"Feature","geometry":{"coordinates":[106.88088280000005,-6.200382099999953],"type":"Point"},"properties":{"NAMA":"DEA BURGER","TIPE_1":"MAKANAN DAN MINUMAN","TIPE_2":"RESTORAN","TIPE_3":"CEPAT SAJI","TELEPON":"0857-1446-0542","ALAMAT":"JL. RAWAMANGUN MUKA IV NO.22A, RT.14/RW.12, RAWAMANGUN, KEC. PULO GADUNG, KOTA JAKARTA TIMUR, DAERAH KHUSUS IBUKOTA JAKARTA 13220","ID_PROV":"31","PROVINSI":"DKI JAKARTA","ID_KABKOT":"31.75","KABKOT":"KOTA ADM. JAKARTA TIMUR","ID_KEC":"31.75.02","KECAMATAN":"PULOGADUNG","ID_DESA":"31.75.02.1005","DESA":"RAWAMANGUN","LONGITUDE":106.8808828,"LATITUDE":-6.2003821,"STATUS":"BUKA","TANGGAL UPDATE":"27/02/2025","TANGGAL PENGUMPULAN":"Q4 2023","q":27446,"r":-15105}},{"type":"Feature","geometry":{"coordinates":[106.86430950000005,-6.218134399999938],"type":"Point"},"properties":{"NAMA":"BURGER BANGOR JATINEGARA","TIPE_1":"MAKANAN DAN MINUMAN","TIPE_2":"RESTORAN","TIPE_3":"CEPAT SAJI","TELEPON":"0819-1054-9991","ALAMAT":"JL. JATINEGARA BAR. NO.113, BALI MESTER, JAKARTA, KOTA JAKARTA TIMUR, DAERAH KHUSUS IBUKOTA JAKARTA 13320","ID_PROV":"31","PROVINSI":"DKI JAKARTA","ID_KABKOT":"31.75","KABKOT":"KOTA ADM. JAKARTA TIMUR","ID_KEC":"31.75.03","KECAMATAN":"JATINEGARA","ID_DESA":"31.75.03.1003","DESA":"BALI MESTER","LONGITUDE":106.8643095,"LATITUDE":-6.2181344,"STATUS":"BUKA","TANGGAL UPDATE":"27/02/2025","TANGGAL PENGUMPULAN":"Q4 2023","q":27442,"r":-15107}},{"type":"Feature","geometry":{"coordinates":[106.86176070000006,-6.214554399999939],"type":"Point"},"properties":{"NAMA":"ZAID'S BURGER","TIPE_1":"MAKANAN DAN MINUMAN","TIPE_2":"RESTORAN","TIPE_3":"CEPAT SAJI","TELEPON":"0821-1295-5013","ALAMAT":"JL. JATINEGARA BAR. NO.5, RT.3/RW.4, KP. MELAYU, KECAMATAN JATINEGARA, KOTA JAKARTA TIMUR, DAERAH KHUSUS IBUKOTA JAKARTA 13320","ID_PROV":"31","PROVINSI":"DKI JAKARTA","ID_KABKOT":"31.75","KABKOT":"KOTA ADM. JAKARTA TIMUR","ID_KEC":"31.75.03","KECAMATAN":"JATINEGARA","ID_DESA":"31.75.03.1001","DESA":"KAMPUNG MELAYU","LONGITUDE":106.8617607,"LATITUDE":-6.2145544,"STATUS":"BUKA","TANGGAL UPDATE":"27/02/2025","TANGGAL PENGUMPULAN":"Q4 2023","q":27441,"r":-15105}},{"type":"Feature","geometry":{"coordinates":[106.90864970000007,-6.220695299999938],"type":"Point"},"properties":{"NAMA":"RUMAH BURGER","TIPE_1":"MAKANAN DAN MINUMAN","TIPE_2":"RESTORAN","TIPE_3":"CEPAT SAJI","TELEPON":"","ALAMAT":"GG. KEMBAR NO.4, RT.4/RW.17, KLENDER, DURENSAWIT, EAST JAKARTA CITY, JAKARTA 13470","ID_PROV":"31","PROVINSI":"DKI JAKARTA","ID_KABKOT":"31.75","KABKOT":"KOTA ADM. JAKARTA TIMUR","ID_KEC":"31.75.07","KECAMATAN":"DUREN SAWIT","ID_DESA":"31.75.07.1003","DESA":"KLENDER","LONGITUDE":106.9086497,"LATITUDE":-6.2206953,"STATUS":"BUKA","TANGGAL UPDATE":"27/02/2025","TANGGAL PENGUMPULAN":"Q4 2023","q":27453,"r":-15113}},{"type":"Feature","geometry":{"coordinates":[106.89328920000008,-6.201859299999961],"type":"Point"},"properties":{"NAMA":"BO BURGER","TIPE_1":"MAKANAN DAN MINUMAN","TIPE_2":"RESTORAN","TIPE_3":"CEPAT SAJI","TELEPON":"(021) 68702323","ALAMAT":"JL. CIPINANG BARU TIMUR, NO. 7, KEL. CIPINANG KEC. PULO GADUNG, RT.5/RW.7, JATI, KEC. PULO GADUNG, KOTA JAKARTA TIMUR, DAERAH KHUSUS IBUKOTA JAKARTA 13240","ID_PROV":"31","PROVINSI":"DKI JAKARTA","ID_KABKOT":"31.75","KABKOT":"KOTA ADM. JAKARTA TIMUR","ID_KEC":"31.75.02","KECAMATAN":"PULOGADUNG","ID_DESA":"31.75.02.1007","DESA":"JATI","LONGITUDE":106.8932892,"LATITUDE":-6.2018593,"STATUS":"BUKA","TANGGAL UPDATE":"27/02/2025","TANGGAL PENGUMPULAN":"Q4 2023","q":27450,"r":-15107}},{"type":"Feature","geometry":{"coordinates":[106.854718,-6.200649699999926],"type":"Point"},"properties":{"NAMA":"DAPUR SOLO RESTO & LUNCH BOX - MATRAMAN","TIPE_1":"MAKANAN DAN MINUMAN","TIPE_2":"RESTORAN","TIPE_3":"RESTORAN NUSANTARA","TELEPON":"(021) 29821966","ALAMAT":"JL. MATRAMAN RAYA NO.18, RT.2/RW.1, KB. MANGGIS, KEC. MATRAMAN, KOTA JAKARTA TIMUR, DAERAH KHUSUS IBUKOTA JAKARTA 13150","ID_PROV":"31","PROVINSI":"DKI JAKARTA","ID_KABKOT":"31.75","KABKOT":"KOTA ADM. JAKARTA TIMUR","ID_KEC":"31.75.01","KECAMATAN":"MATRAMAN","ID_DESA":"31.75.01.1005","DESA":"KEBON MANGGIS","LONGITUDE":106.854718,"LATITUDE":-6.2006497,"STATUS":"BUKA","TANGGAL UPDATE":"27/02/2025","TANGGAL PENGUMPULAN":"Q4 2023","q":27440,"r":-15101}},{"type":"Feature","geometry":{"coordinates":[106.91616060000007,-6.220952399999928],"type":"Point"},"properties":{"NAMA":"SESIL BURGER","TIPE_1":"MAKANAN DAN MINUMAN","TIPE_2":"RESTORAN","TIPE_3":"CEPAT SAJI","TELEPON":"","ALAMAT":"JL. BUARAN RAYA NO.1, RT.4/RW.12, DUREN SAWIT, KEC. DUREN SAWIT, KOTA JAKARTA TIMUR, DAERAH KHUSUS IBUKOTA JAKARTA 13440","ID_PROV":"31","PROVINSI":"DKI JAKARTA","ID_KABKOT":"31.75","KABKOT":"KOTA ADM. JAKARTA TIMUR","ID_KEC":"31.75.07","KECAMATAN":"DUREN SAWIT","ID_DESA":"31.75.07.1003","DESA":"KLENDER","LONGITUDE":106.9161606,"LATITUDE":-6.2209524,"STATUS":"BUKA","TANGGAL UPDATE":"27/02/2025","TANGGAL PENGUMPULAN":"Q4 2023","q":27455,"r":-15114}},{"type":"Feature","geometry":{"coordinates":[106.86482890000008,-6.192943299999974],"type":"Point"},"properties":{"NAMA":"HADRAMIAH RESTAURANT ARABIC & INDONESIAN FOOD","TIPE_1":"MAKANAN DAN MINUMAN","TIPE_2":"RESTORAN","TIPE_3":"RESTORAN NUSANTARA","TELEPON":"(021) 85910881","ALAMAT":"JL. PRAMUKA NO.64, RT.6/RW.5, UTAN KAYU UTARA, KEC. MATRAMAN, KOTA JAKARTA TIMUR, DAERAH KHUSUS IBUKOTA JAKARTA 13120","ID_PROV":"31","PROVINSI":"DKI JAKARTA","ID_KABKOT":"31.75","KABKOT":"KOTA ADM. JAKARTA TIMUR","ID_KEC":"31.75.01","KECAMATAN":"MATRAMAN","ID_DESA":"31.75.01.1002","DESA":"UTAN KAYU UTARA","LONGITUDE":106.8648289,"LATITUDE":-6.1929433,"STATUS":"BUKA","TANGGAL UPDATE":"27/02/2025","TANGGAL PENGUMPULAN":"Q4 2023","q":27442,"r":-15101}},{"type":"Feature","geometry":{"coordinates":[106.92012660000006,-6.220813199999945],"type":"Point"},"properties":{"NAMA":"KREZYRIBS BUARAN","TIPE_1":"MAKANAN DAN MINUMAN","TIPE_2":"RESTORAN","TIPE_3":"KAFE DAN RESTO","TELEPON":"0813-9996-0226","ALAMAT":"KAC, JL. BUARAN RAYA NO.34, RT.6/RW.15, DUREN SAWIT, KEC. DUREN SAWIT, KOTA JAKARTA TIMUR, DAERAH KHUSUS IBUKOTA JAKARTA 13440","ID_PROV":"31","PROVINSI":"DKI JAKARTA","ID_KABKOT":"31.75","KABKOT":"KOTA ADM. JAKARTA TIMUR","ID_KEC":"31.75.07","KECAMATAN":"DUREN SAWIT","ID_DESA":"31.75.07.1001","DESA":"DUREN SAWIT","LONGITUDE":106.9201266,"LATITUDE":-6.2208132,"STATUS":"BUKA","TANGGAL UPDATE":"27/02/2025","TANGGAL PENGUMPULAN":"Q4 2023","q":27456,"r":-15114}},{"type":"Feature","geometry":{"coordinates":[106.89398260000007,-6.17695],"type":"Point"},"properties":{"NAMA":"THE LIME CHICKEN ROASTER & BURGER","TIPE_1":"MAKANAN DAN MINUMAN","TIPE_2":"RESTORAN","TIPE_3":"CEPAT SAJI","TELEPON":"0858-9400-0280","ALAMAT":"NO. 1, JL. KAYU PUTIH RAYA NO.KAV. 1, RT.9/RW.8, PULO GADUNG, KEC. PULO GADUNG, KOTA JAKARTA TIMUR, DAERAH KHUSUS IBUKOTA JAKARTA 13260","ID_PROV":"31","PROVINSI":"DKI JAKARTA","ID_KABKOT":"31.75","KABKOT":"KOTA ADM. JAKARTA TIMUR","ID_KEC":"31.75.02","KECAMATAN":"PULOGADUNG","ID_DESA":"31.75.02.1001","DESA":"PULO GADUNG","LONGITUDE":106.8939826,"LATITUDE":-6.17695,"STATUS":"BUKA","TANGGAL UPDATE":"27/02/2025","TANGGAL PENGUMPULAN":"Q4 2023","q":27450,"r":-15101}},{"type":"Feature","geometry":{"coordinates":[106.86845270000003,-6.270834199999966],"type":"Point"},"properties":{"NAMA":"HOP HOP","TIPE_1":"MAKANAN DAN MINUMAN","TIPE_2":"RESTORAN","TIPE_3":"KAFE DAN RESTO","TELEPON":"0811-881-490","ALAMAT":"JL. RAYA BOGOR NO.19, RT.14/RW.4, KRAMAT JATI, EAST JAKARTA CITY, JAKARTA 13510","ID_PROV":"31","PROVINSI":"DKI JAKARTA","ID_KABKOT":"31.75","KABKOT":"KOTA ADM. JAKARTA TIMUR","ID_KEC":"31.75.04","KECAMATAN":"KRAMATJATI","ID_DESA":"31.75.04.1001","DESA":"KRAMATJATI","LONGITUDE":106.8684527,"LATITUDE":-6.2708342,"STATUS":"BUKA","TANGGAL UPDATE":"27/02/2025","TANGGAL PENGUMPULAN":"Q4 2023","q":27443,"r":-15119}},{"type":"Feature","geometry":{"coordinates":[106.86510370000008,-6.262167099999945],"type":"Point"},"properties":{"NAMA":"BURGER BRADER PGC ( PUSAT GROSIR CILILITAN)","TIPE_1":"MAKANAN DAN MINUMAN","TIPE_2":"RESTORAN","TIPE_3":"CEPAT SAJI","TELEPON":"0857-7936-2757","ALAMAT":"PUSAT GROSIR CILILITAN, JL. MAYJEN SUTOYO NO.76, RT.2/RW.11, CILILITAN, KRAMAT JATI, EAST JAKARTA CITY, JAKARTA 13640","ID_PROV":"31","PROVINSI":"DKI JAKARTA","ID_KABKOT":"31.75","KABKOT":"KOTA ADM. JAKARTA TIMUR","ID_KEC":"31.75.04","KECAMATAN":"KRAMATJATI","ID_DESA":"31.75.04.1006","DESA":"CILILITAN","LONGITUDE":106.8651037,"LATITUDE":-6.2621671,"STATUS":"BUKA","TANGGAL UPDATE":"27/02/2025","TANGGAL PENGUMPULAN":"Q4 2023","q":27442,"r":-15117}},{"type":"Feature","geometry":{"coordinates":[106.855728,-6.274113899999969],"type":"Point"},"properties":{"NAMA":"GARENG BURGER","TIPE_1":"MAKANAN DAN MINUMAN","TIPE_2":"RESTORAN","TIPE_3":"CEPAT SAJI","TELEPON":"","ALAMAT":"JL. MUNGGANG NO.80 4, RT.4/RW.1, BALEKAMBANG, KEC. KRAMAT JATI, KOTA JAKARTA TIMUR, DAERAH KHUSUS IBUKOTA JAKARTA 13530","ID_PROV":"31","PROVINSI":"DKI JAKARTA","ID_KABKOT":"31.75","KABKOT":"KOTA ADM. JAKARTA TIMUR","ID_KEC":"31.75.04","KECAMATAN":"KRAMATJATI","ID_DESA":"31.75.04.1005","DESA":"BALEKAMBANG","LONGITUDE":106.855728,"LATITUDE":-6.2741139,"STATUS":"BUKA","TANGGAL UPDATE":"27/02/2025","TANGGAL PENGUMPULAN":"Q4 2023","q":27440,"r":-15118}},{"type":"Feature","geometry":{"coordinates":[106.86566150000006,-6.262823299999972],"type":"Point"},"properties":{"NAMA":"LEMOE BURGER","TIPE_1":"MAKANAN DAN MINUMAN","TIPE_2":"RESTORAN","TIPE_3":"CEPAT SAJI","TELEPON":"0812-9758-8434","ALAMAT":"PUSAT GROSIR CILILITAN, LANTAI DASAR, DEPAN J.CO, JL. MAYJEN SUTOYO NO.76, RT.2/RW.11, CILILITAN, KRAMAT JATI, EAST JAKARTA CITY, JAKARTA 13640","ID_PROV":"31","PROVINSI":"DKI JAKARTA","ID_KABKOT":"31.75","KABKOT":"KOTA ADM. JAKARTA TIMUR","ID_KEC":"31.75.04","KECAMATAN":"KRAMATJATI","ID_DESA":"31.75.04.1006","DESA":"CILILITAN","LONGITUDE":106.8656615,"LATITUDE":-6.2628233,"STATUS":"BUKA","TANGGAL UPDATE":"27/02/2025","TANGGAL PENGUMPULAN":"Q4 2023","q":27442,"r":-15117}},{"type":"Feature","geometry":{"coordinates":[106.86067560000004,-6.292613799999971],"type":"Point"},"properties":{"NAMA":"BESTIE BURGER KAMPUNG TENGAH","TIPE_1":"MAKANAN DAN MINUMAN","TIPE_2":"RESTORAN","TIPE_3":"CEPAT SAJI","TELEPON":"","ALAMAT":"JL. H. ALI NO.1, RT.1/RW.9, KAMPUNG TENGAH, KRAMAT JATI, EAST JAKARTA CITY, JAKARTA 13540","ID_PROV":"31","PROVINSI":"DKI JAKARTA","ID_KABKOT":"31.75","KABKOT":"KOTA ADM. JAKARTA TIMUR","ID_KEC":"31.75.04","KECAMATAN":"KRAMATJATI","ID_DESA":"31.75.04.1002","DESA":"TENGAH","LONGITUDE":106.8606756,"LATITUDE":-6.2926138,"STATUS":"BUKA","TANGGAL UPDATE":"27/02/2025","TANGGAL PENGUMPULAN":"Q4 2023","q":27441,"r":-15123}},{"type":"Feature","geometry":{"coordinates":[106.85823980000004,-6.284033899999936],"type":"Point"},"properties":{"NAMA":"BURSTGERR! CONDET","TIPE_1":"MAKANAN DAN MINUMAN","TIPE_2":"RESTORAN","TIPE_3":"CEPAT SAJI","TELEPON":"0878-7475-0087","ALAMAT":"JL. BATU AMPAR II NO.3, RT.8/RW.3, BATU AMPAR, KEC. KRAMAT JATI, KOTA JAKARTA TIMUR, DAERAH KHUSUS IBUKOTA JAKARTA 13520","ID_PROV":"31","PROVINSI":"DKI JAKARTA","ID_KABKOT":"31.75","KABKOT":"KOTA ADM. JAKARTA TIMUR","ID_KEC":"31.75.04","KECAMATAN":"KRAMATJATI","ID_DESA":"31.75.04.1004","DESA":"BATU AMPAR","LONGITUDE":106.8582398,"LATITUDE":-6.2840339,"STATUS":"BUKA","TANGGAL UPDATE":"27/02/2025","TANGGAL PENGUMPULAN":"Q4 2023","q":27441,"r":-15121}},{"type":"Feature","geometry":{"coordinates":[106.86408890000007,-6.275499599999927],"type":"Point"},"properties":{"NAMA":"BURGER RIDHO","TIPE_1":"MAKANAN DAN MINUMAN","TIPE_2":"RESTORAN","TIPE_3":"CEPAT SAJI","TELEPON":"","ALAMAT":"JL. H DJUKIH NO.38, RT.15/RW.2, BATU AMPAR, KEC. KRAMAT JATI, KOTA JAKARTA TIMUR, DAERAH KHUSUS IBUKOTA JAKARTA 13520","ID_PROV":"31","PROVINSI":"DKI JAKARTA","ID_KABKOT":"31.75","KABKOT":"KOTA ADM. JAKARTA TIMUR","ID_KEC":"31.75.04","KECAMATAN":"KRAMATJATI","ID_DESA":"31.75.04.1004","DESA":"BATU AMPAR","LONGITUDE":106.8640889,"LATITUDE":-6.2754996,"STATUS":"BUKA","TANGGAL UPDATE":"27/02/2025","TANGGAL PENGUMPULAN":"Q4 2023","q":27442,"r":-15119}},{"type":"Feature","geometry":{"coordinates":[106.85495320000007,-6.278858],"type":"Point"},"properties":{"NAMA":"BURGER BANGOR CONDET","TIPE_1":"MAKANAN DAN MINUMAN","TIPE_2":"RESTORAN","TIPE_3":"CEPAT SAJI","TELEPON":"0821-2977-9634","ALAMAT":"JL. RAYA CONDET NO.41, RT.3/RW.4, BALEKAMBANG, KEC. KRAMAT JATI, KOTA JAKARTA TIMUR, DAERAH KHUSUS IBUKOTA JAKARTA 13520","ID_PROV":"31","PROVINSI":"DKI JAKARTA","ID_KABKOT":"31.75","KABKOT":"KOTA ADM. JAKARTA TIMUR","ID_KEC":"31.75.04","KECAMATAN":"KRAMATJATI","ID_DESA":"31.75.04.1005","DESA":"BALEKAMBANG","LONGITUDE":106.8549532,"LATITUDE":-6.278858,"STATUS":"BUKA","TANGGAL UPDATE":"27/02/2025","TANGGAL PENGUMPULAN":"Q4 2023","q":27440,"r":-15119}},{"type":"Feature","geometry":{"coordinates":[106.85932210000004,-6.285750299999956],"type":"Point"},"properties":{"NAMA":"ALIE'S KITCHEN CONDET","TIPE_1":"MAKANAN DAN MINUMAN","TIPE_2":"RESTORAN","TIPE_3":"KAFE DAN RESTO","TELEPON":"0895-1011-6520","ALAMAT":"DEPAN YAYASAN NURUL MUBIN / KANDANG MONYET, JL. BATU AMPAR III JL. RAYA CONDET NO.42, RT.12/RW.3, BATU AMPAR, KEC. KRAMAT JATI, KOTA JAKARTA TIMUR, DAERAH KHUSUS IBUKOTA JAKARTA 13520","ID_PROV":"31","PROVINSI":"DKI JAKARTA","ID_KABKOT":"31.75","KABKOT":"KOTA ADM. JAKARTA TIMUR","ID_KEC":"31.75.04","KECAMATAN":"KRAMATJATI","ID_DESA":"31.75.04.1004","DESA":"BATU AMPAR","LONGITUDE":106.8593221,"LATITUDE":-6.2857503,"STATUS":"BUKA","TANGGAL UPDATE":"27/02/2025","TANGGAL PENGUMPULAN":"Q4 2023","q":27441,"r":-15121}},{"type":"Feature","geometry":{"coordinates":[106.87420420000008,-6.300339599999972],"type":"Point"},"properties":{"NAMA":"BURGER EDAM DUKUH","TIPE_1":"MAKANAN DAN MINUMAN","TIPE_2":"RESTORAN","TIPE_3":"CEPAT SAJI","TELEPON":"0878-7948-7059","ALAMAT":"JL. DIKLAT DEP. SOS NO.46, RT.12/RW.2, RAMBUTAN, KEC. CIRACAS, KOTA JAKARTA TIMUR, DAERAH KHUSUS IBUKOTA JAKARTA 13830","ID_PROV":"31","PROVINSI":"DKI JAKARTA","ID_KABKOT":"31.75","KABKOT":"KOTA ADM. JAKARTA TIMUR","ID_KEC":"31.75.09","KECAMATAN":"CIRACAS","ID_DESA":"31.75.09.1005","DESA":"RAMBUTAN","LONGITUDE":106.8742042,"LATITUDE":-6.3003396,"STATUS":"BUKA","TANGGAL UPDATE":"27/02/2025","TANGGAL PENGUMPULAN":"Q4 2023","q":27445,"r":-15126}},{"type":"Feature","geometry":{"coordinates":[106.85532410000008,-6.288474299999963],"type":"Point"},"properties":{"NAMA":"TRAFFIC BUN CONDET","TIPE_1":"MAKANAN DAN MINUMAN","TIPE_2":"RESTORAN","TIPE_3":"CEPAT SAJI","TELEPON":"","ALAMAT":"JL. RAYA CONDET NO.199, RT.1/RW.3, BALEKAMBANG, KEC. KRAMAT JATI, KOTA JAKARTA TIMUR, DAERAH KHUSUS IBUKOTA JAKARTA 13530","ID_PROV":"31","PROVINSI":"DKI JAKARTA","ID_KABKOT":"31.75","KABKOT":"KOTA ADM. JAKARTA TIMUR","ID_KEC":"31.75.04","KECAMATAN":"KRAMATJATI","ID_DESA":"31.75.04.1005","DESA":"BALEKAMBANG","LONGITUDE":106.8553241,"LATITUDE":-6.2884743,"STATUS":"BUKA","TANGGAL UPDATE":"27/02/2025","TANGGAL PENGUMPULAN":"Q4 2023","q":27440,"r":-15121}},{"type":"Feature","geometry":{"coordinates":[106.85016140000005,-6.28379449999994],"type":"Point"},"properties":{"NAMA":"KEDAI BOBA & BURGER CONDET BALEKAMBANG","TIPE_1":"MAKANAN DAN MINUMAN","TIPE_2":"RESTORAN","TIPE_3":"CEPAT SAJI","TELEPON":"","ALAMAT":"JL. GARDU NO.16, RT.8/RW.O2, BALEKAMBANG, JAKARTA, KOTA JAKARTA TIMUR, DAERAH KHUSUS IBUKOTA JAKARTA 13530","ID_PROV":"31","PROVINSI":"DKI JAKARTA","ID_KABKOT":"31.75","KABKOT":"KOTA ADM. JAKARTA TIMUR","ID_KEC":"31.75.04","KECAMATAN":"KRAMATJATI","ID_DESA":"31.75.04.1005","DESA":"BALEKAMBANG","LONGITUDE":106.8501614,"LATITUDE":-6.2837945,"STATUS":"BUKA","TANGGAL UPDATE":"27/02/2025","TANGGAL PENGUMPULAN":"Q4 2023","q":27438,"r":-15119}},{"type":"Feature","geometry":{"coordinates":[106.86415,-6.286508699999958],"type":"Point"},"properties":{"NAMA":"VIT BURGER BAKAR","TIPE_1":"MAKANAN DAN MINUMAN","TIPE_2":"RESTORAN","TIPE_3":"CEPAT SAJI","TELEPON":"0899-8998-921","ALAMAT":"JL. RAYA INPRES RT 04/ RW 10 NO 04, JL. RAYA TENGAH, RT.4/RW.10, KP. TENGAH, KEC. KRAMAT JATI, KOTA JAKARTA TIMUR, DAERAH KHUSUS IBUKOTA JAKARTA 13540","ID_PROV":"31","PROVINSI":"DKI JAKARTA","ID_KABKOT":"31.75","KABKOT":"KOTA ADM. JAKARTA TIMUR","ID_KEC":"31.75.04","KECAMATAN":"KRAMATJATI","ID_DESA":"31.75.04.1002","DESA":"TENGAH","LONGITUDE":106.86415,"LATITUDE":-6.2865087,"STATUS":"BUKA","TANGGAL UPDATE":"27/02/2025","TANGGAL PENGUMPULAN":"Q4 2023","q":27442,"r":-15122}},{"type":"Feature","geometry":{"coordinates":[106.86914810000009,-6.247201499999966],"type":"Point"},"properties":{"NAMA":"Z BURGER N BASO ACI","TIPE_1":"MAKANAN DAN MINUMAN","TIPE_2":"RESTORAN","TIPE_3":"CEPAT SAJI","TELEPON":"","ALAMAT":"JL. DEWI SARTIKA, RT.5/RW.6, CAWANG, KEC. KRAMAT JATI, KOTA JAKARTA TIMUR, DAERAH KHUSUS IBUKOTA JAKARTA 13630","ID_PROV":"31","PROVINSI":"DKI JAKARTA","ID_KABKOT":"31.75","KABKOT":"KOTA ADM. JAKARTA TIMUR","ID_KEC":"31.75.04","KECAMATAN":"KRAMATJATI","ID_DESA":"31.75.04.1007","DESA":"CAWANG","LONGITUDE":106.8691481,"LATITUDE":-6.2472015,"STATUS":"BUKA","TANGGAL UPDATE":"27/02/2025","TANGGAL PENGUMPULAN":"Q4 2023","q":27443,"r":-15114}},{"type":"Feature","geometry":{"coordinates":[106.86701320000009,-6.252969799999962],"type":"Point"},"properties":{"NAMA":"YOSHINIKU CAWANG","TIPE_1":"MAKANAN DAN MINUMAN","TIPE_2":"RESTORAN","TIPE_3":"RESTORAN JEPANG","TELEPON":"0823-2807-9621","ALAMAT":"1 JALAN MASJID BENDUNGAN I NO.MOR 17B, RT.1/RW.7, CAWANG, KEC. KRAMAT JATI, KOTA JAKARTA TIMUR, DAERAH KHUSUS IBUKOTA JAKARTA 13630","ID_PROV":"31","PROVINSI":"DKI JAKARTA","ID_KABKOT":"31.75","KABKOT":"KOTA ADM. JAKARTA TIMUR","ID_KEC":"31.75.04","KECAMATAN":"KRAMATJATI","ID_DESA":"31.75.04.1007","DESA":"CAWANG","LONGITUDE":106.8670132,"LATITUDE":-6.2529698,"STATUS":"BUKA","TANGGAL UPDATE":"27/02/2025","TANGGAL PENGUMPULAN":"Q4 2023","q":27443,"r":-15115}},{"type":"Feature","geometry":{"coordinates":[106.86559850000003,-6.262880699999919],"type":"Point"},"properties":{"NAMA":"DONS BURGER PGC","TIPE_1":"MAKANAN DAN MINUMAN","TIPE_2":"RESTORAN","TIPE_3":"CEPAT SAJI","TELEPON":"(021) 30019681","ALAMAT":"PUSAT GROSIR CILILITAN, JL. MAYOR JENDRAL SUTOYO, RT.2/RW.11, CILILITAN, KEC. KRAMAT JATI, KOTA JAKARTA TIMUR, DAERAH KHUSUS IBUKOTA JAKARTA 13640","ID_PROV":"31","PROVINSI":"DKI JAKARTA","ID_KABKOT":"31.75","KABKOT":"KOTA ADM. JAKARTA TIMUR","ID_KEC":"31.75.04","KECAMATAN":"KRAMATJATI","ID_DESA":"31.75.04.1006","DESA":"CILILITAN","LONGITUDE":106.8655985,"LATITUDE":-6.2628807,"STATUS":"BUKA","TANGGAL UPDATE":"27/02/2025","TANGGAL PENGUMPULAN":"Q4 2023","q":27442,"r":-15117}},{"type":"Feature","geometry":{"coordinates":[106.85858060000004,-6.270555799999959],"type":"Point"},"properties":{"NAMA":"BURGER JOLOO","TIPE_1":"MAKANAN DAN MINUMAN","TIPE_2":"RESTORAN","TIPE_3":"CEPAT SAJI","TELEPON":"0821-7827-8287","ALAMAT":"JL. RAYA CONDET NO.32, RT.10/RW.6, BATU AMPAR, KEC. KRAMAT JATI, KOTA JAKARTA TIMUR, DAERAH KHUSUS IBUKOTA JAKARTA 13520","ID_PROV":"31","PROVINSI":"DKI JAKARTA","ID_KABKOT":"31.75","KABKOT":"KOTA ADM. JAKARTA TIMUR","ID_KEC":"31.75.04","KECAMATAN":"KRAMATJATI","ID_DESA":"31.75.04.1004","DESA":"BATU AMPAR","LONGITUDE":106.8585806,"LATITUDE":-6.2705558,"STATUS":"BUKA","TANGGAL UPDATE":"27/02/2025","TANGGAL PENGUMPULAN":"Q4 2023","q":27441,"r":-15118}},{"type":"Feature","geometry":{"coordinates":[106.85535450000003,-6.287349199999936],"type":"Point"},"properties":{"NAMA":"BIKININ BURGER","TIPE_1":"MAKANAN DAN MINUMAN","TIPE_2":"RESTORAN","TIPE_3":"CEPAT SAJI","TELEPON":"0859-2123-6702","ALAMAT":"JL. RAYA CONDET NO.1, RT.10/RW.3, BALEKAMBANG, KEC. KRAMAT JATI, KOTA JAKARTA TIMUR, DAERAH KHUSUS IBUKOTA JAKARTA 13530","ID_PROV":"31","PROVINSI":"DKI JAKARTA","ID_KABKOT":"31.75","KABKOT":"KOTA ADM. JAKARTA TIMUR","ID_KEC":"31.75.04","KECAMATAN":"KRAMATJATI","ID_DESA":"31.75.04.1005","DESA":"BALEKAMBANG","LONGITUDE":106.8553545,"LATITUDE":-6.2873492,"STATUS":"BUKA","TANGGAL UPDATE":"27/02/2025","TANGGAL PENGUMPULAN":"Q4 2023","q":27440,"r":-15121}},{"type":"Feature","geometry":{"coordinates":[106.85951210000007,-6.292306199999935],"type":"Point"},"properties":{"NAMA":"SHALL KEBAB & BURGER PISANGAN","TIPE_1":"MAKANAN DAN MINUMAN","TIPE_2":"RESTORAN","TIPE_3":"CEPAT SAJI","TELEPON":"","ALAMAT":"JL. RAYA TENGAH NO.16, RT.9/RW.3, PISANGAN BARU, KEC. KRAMAT JATI, KOTA JAKARTA TIMUR, DAERAH KHUSUS IBUKOTA JAKARTA 13330","ID_PROV":"31","PROVINSI":"DKI JAKARTA","ID_KABKOT":"31.75","KABKOT":"KOTA ADM. JAKARTA TIMUR","ID_KEC":"31.75.04","KECAMATAN":"KRAMATJATI","ID_DESA":"31.75.04.1002","DESA":"TENGAH","LONGITUDE":106.8595121,"LATITUDE":-6.2923062,"STATUS":"BUKA","TANGGAL UPDATE":"27/02/2025","TANGGAL PENGUMPULAN":"Q4 2023","q":27441,"r":-15123}},{"type":"Feature","geometry":{"coordinates":[106.85758540000006,-6.270784199999973],"type":"Point"},"properties":{"NAMA":"BURGER ERETAN","TIPE_1":"MAKANAN DAN MINUMAN","TIPE_2":"RESTORAN","TIPE_3":"CEPAT SAJI","TELEPON":"0877-8283-9174","ALAMAT":"GG. ANAK SOLEH, ANAK SOLEH (KOS-KOSAN, JL. ERETAN JL. RAYA CONDET NO.2, RT.1/RW.1, BALEKAMBANG, KEC. KRAMAT JATI, KOTA JAKARTA TIMUR, DAERAH KHUSUS IBUKOTA JAKARTA 13510","ID_PROV":"31","PROVINSI":"DKI JAKARTA","ID_KABKOT":"31.75","KABKOT":"KOTA ADM. JAKARTA TIMUR","ID_KEC":"31.75.04","KECAMATAN":"KRAMATJATI","ID_DESA":"31.75.04.1005","DESA":"BALEKAMBANG","LONGITUDE":106.8575854,"LATITUDE":-6.2707842,"STATUS":"BUKA","TANGGAL UPDATE":"27/02/2025","TANGGAL PENGUMPULAN":"Q4 2023","q":27440,"r":-15118}},{"type":"Feature","geometry":{"coordinates":[106.85667490000009,-6.273829],"type":"Point"},"properties":{"NAMA":"FOLBEK BURGER","TIPE_1":"MAKANAN DAN MINUMAN","TIPE_2":"RESTORAN","TIPE_3":"CEPAT SAJI","TELEPON":"0811-198-305","ALAMAT":"JL. MUNGGANG NO.14A, RT.8/RW.1, BALEKAMBANG, KEC. KRAMAT JATI, JAKARTA, DAERAH KHUSUS IBUKOTA JAKARTA 13530","ID_PROV":"31","PROVINSI":"DKI JAKARTA","ID_KABKOT":"31.75","KABKOT":"KOTA ADM. JAKARTA TIMUR","ID_KEC":"31.75.04","KECAMATAN":"KRAMATJATI","ID_DESA":"31.75.04.1005","DESA":"BALEKAMBANG","LONGITUDE":106.8566749,"LATITUDE":-6.273829,"STATUS":"BUKA","TANGGAL UPDATE":"27/02/2025","TANGGAL PENGUMPULAN":"Q4 2023","q":27440,"r":-15118}},{"type":"Feature","geometry":{"coordinates":[106.86030090000008,-6.282020399999961],"type":"Point"},"properties":{"NAMA":"BURGER PANGGANG HOLIC CONDET","TIPE_1":"MAKANAN DAN MINUMAN","TIPE_2":"RESTORAN","TIPE_3":"CEPAT SAJI","TELEPON":"0858-9213-1235","ALAMAT":"JL. BATU AMPAR 1 NO.14, RT.14/RW.3, BATU AMPAR, KEC. KRAMAT JATI, KOTA JAKARTA TIMUR, DAERAH KHUSUS IBUKOTA JAKARTA 13520","ID_PROV":"31","PROVINSI":"DKI JAKARTA","ID_KABKOT":"31.75","KABKOT":"KOTA ADM. JAKARTA TIMUR","ID_KEC":"31.75.04","KECAMATAN":"KRAMATJATI","ID_DESA":"31.75.04.1004","DESA":"BATU AMPAR","LONGITUDE":106.8603009,"LATITUDE":-6.2820204,"STATUS":"BUKA","TANGGAL UPDATE":"27/02/2025","TANGGAL PENGUMPULAN":"Q4 2023","q":27441,"r":-15120}},{"type":"Feature","geometry":{"coordinates":[106.873171,-6.277079499999953],"type":"Point"},"properties":{"NAMA":"R&B BURGER BAKAR","TIPE_1":"MAKANAN DAN MINUMAN","TIPE_2":"RESTORAN","TIPE_3":"CEPAT SAJI","TELEPON":"0818-0811-0231","ALAMAT":"JL. KERJA BAKTI NO.18, RT.1/RW.10, KRAMAT JATI, KEC. KRAMAT JATI, KOTA JAKARTA TIMUR, DAERAH KHUSUS IBUKOTA JAKARTA 13510","ID_PROV":"31","PROVINSI":"DKI JAKARTA","ID_KABKOT":"31.75","KABKOT":"KOTA ADM. JAKARTA TIMUR","ID_KEC":"31.75.04","KECAMATAN":"KRAMATJATI","ID_DESA":"31.75.04.1001","DESA":"KRAMATJATI","LONGITUDE":106.873171,"LATITUDE":-6.2770795,"STATUS":"BUKA","TANGGAL UPDATE":"27/02/2025","TANGGAL PENGUMPULAN":"Q4 2023","q":27444,"r":-15121}},{"type":"Feature","geometry":{"coordinates":[106.85781540000005,-6.202081399999939],"type":"Point"},"properties":{"NAMA":"OPPIO BURGER","TIPE_1":"MAKANAN DAN MINUMAN","TIPE_2":"RESTORAN","TIPE_3":"CEPAT SAJI","TELEPON":"0812-1114-9048","ALAMAT":"NO, JL. MATRAMAN RAYA JL. TEGALAN NO.3, RT.9/RW.3, PALMERIAM, KEC. MATRAMAN, DAERAH KHUSUS IBUKOTA JAKARTA 13140","ID_PROV":"31","PROVINSI":"DKI JAKARTA","ID_KABKOT":"31.75","KABKOT":"KOTA ADM. JAKARTA TIMUR","ID_KEC":"31.75.01","KECAMATAN":"MATRAMAN","ID_DESA":"31.75.01.1004","DESA":"PALMERIAM","LONGITUDE":106.8578154,"LATITUDE":-6.2020814,"STATUS":"BUKA","TANGGAL UPDATE":"27/02/2025","TANGGAL PENGUMPULAN":"Q4 2023","q":27440,"r":-15102}},{"type":"Feature","geometry":{"coordinates":[106.87144490000009,-6.209121099999948],"type":"Point"},"properties":{"NAMA":"REDBEARSANDWICH","TIPE_1":"MAKANAN DAN MINUMAN","TIPE_2":"RESTORAN","TIPE_3":"KAFE DAN RESTO","TELEPON":"","ALAMAT":"11, JL. PISANGAN BARU UTARA NO.28A, RT.11/RW.7, UTAN KAYU SEL., KEC. MATRAMAN, KOTA JAKARTA TIMUR, DAERAH KHUSUS IBUKOTA JAKARTA 13120","ID_PROV":"31","PROVINSI":"DKI JAKARTA","ID_KABKOT":"31.75","KABKOT":"KOTA ADM. JAKARTA TIMUR","ID_KEC":"31.75.01","KECAMATAN":"MATRAMAN","ID_DESA":"31.75.01.1006","DESA":"UTAN KAYU SELATAN","LONGITUDE":106.8714449,"LATITUDE":-6.2091211,"STATUS":"BUKA","TANGGAL UPDATE":"27/02/2025","TANGGAL PENGUMPULAN":"Q4 2023","q":27444,"r":-15106}},{"type":"Feature","geometry":{"coordinates":[106.85828450000008,-6.20353939999996],"type":"Point"},"properties":{"NAMA":"FULL FUEL BURGER CLAN","TIPE_1":"MAKANAN DAN MINUMAN","TIPE_2":"RESTORAN","TIPE_3":"CEPAT SAJI","TELEPON":"0812-8131-1998","ALAMAT":"JL. TEGALAN IC NO.78, PALMERIAM, KEC. MATRAMAN, KOTA JAKARTA TIMUR, DAERAH KHUSUS IBUKOTA JAKARTA 13140","ID_PROV":"31","PROVINSI":"DKI JAKARTA","ID_KABKOT":"31.75","KABKOT":"KOTA ADM. JAKARTA TIMUR","ID_KEC":"31.75.01","KECAMATAN":"MATRAMAN","ID_DESA":"31.75.01.1004","DESA":"PALMERIAM","LONGITUDE":106.8582845,"LATITUDE":-6.2035394,"STATUS":"BUKA","TANGGAL UPDATE":"27/02/2025","TANGGAL PENGUMPULAN":"Q4 2023","q":27441,"r":-15103}},{"type":"Feature","geometry":{"coordinates":[106.86128080000009,-6.210362499999966],"type":"Point"},"properties":{"NAMA":"PEWECORNER","TIPE_1":"MAKANAN DAN MINUMAN","TIPE_2":"RESTORAN","TIPE_3":"KAFE DAN RESTO","TELEPON":"0857-7989-1118","ALAMAT":"JL. BUNGA NO.2, RW.9, PALMERIAM, KEC. MATRAMAN, KOTA JAKARTA TIMUR, DAERAH KHUSUS IBUKOTA JAKARTA 13140","ID_PROV":"31","PROVINSI":"DKI JAKARTA","ID_KABKOT":"31.75","KABKOT":"KOTA ADM. JAKARTA TIMUR","ID_KEC":"31.75.01","KECAMATAN":"MATRAMAN","ID_DESA":"31.75.01.1004","DESA":"PALMERIAM","LONGITUDE":106.8612808,"LATITUDE":-6.2103625,"STATUS":"BUKA","TANGGAL UPDATE":"27/02/2025","TANGGAL PENGUMPULAN":"Q4 2023","q":27441,"r":-15104}},{"type":"Feature","geometry":{"coordinates":[106.87040290000004,-6.226782199999938],"type":"Point"},"properties":{"NAMA":"SHALL KEBAB & BURGER PEDATI RAYA","TIPE_1":"MAKANAN DAN MINUMAN","TIPE_2":"RESTORAN","TIPE_3":"CEPAT SAJI","TELEPON":"","ALAMAT":"JL. PEDATI RAYA NO.17, RT.17/RW.1, BALI MESTER, KECAMATAN JATINEGARA, KOTA JAKARTA TIMUR, DAERAH KHUSUS IBUKOTA JAKARTA 13330","ID_PROV":"31","PROVINSI":"DKI JAKARTA","ID_KABKOT":"31.75","KABKOT":"KOTA ADM. JAKARTA TIMUR","ID_KEC":"31.75.03","KECAMATAN":"JATINEGARA","ID_DESA":"31.75.03.1003","DESA":"BALI MESTER","LONGITUDE":106.8704029,"LATITUDE":-6.2267822,"STATUS":"BUKA","TANGGAL UPDATE":"27/02/2025","TANGGAL PENGUMPULAN":"Q4 2023","q":27444,"r":-15109}},{"type":"Feature","geometry":{"coordinates":[106.86872720000008,-6.201554899999956],"type":"Point"},"properties":{"NAMA":"AYAM GEPREK DAN BURGER 2 PUTRA","TIPE_1":"MAKANAN DAN MINUMAN","TIPE_2":"RESTORAN","TIPE_3":"CEPAT SAJI","TELEPON":"0813-8080-3072","ALAMAT":"GG. CIKAL NO.9G, RT.2/RW.12, UTAN KAYU SEL., KEC. MATRAMAN, KOTA JAKARTA TIMUR, DAERAH KHUSUS IBUKOTA JAKARTA 13120","ID_PROV":"31","PROVINSI":"DKI JAKARTA","ID_KABKOT":"31.75","KABKOT":"KOTA ADM. JAKARTA TIMUR","ID_KEC":"31.75.01","KECAMATAN":"MATRAMAN","ID_DESA":"31.75.01.1006","DESA":"UTAN KAYU SELATAN","LONGITUDE":106.8687272,"LATITUDE":-6.2015549,"STATUS":"BUKA","TANGGAL UPDATE":"27/02/2025","TANGGAL PENGUMPULAN":"Q4 2023","q":27443,"r":-15103}},{"type":"Feature","geometry":{"coordinates":[106.87211820000005,-6.211157],"type":"Point"},"properties":{"NAMA":"AYAM GEPUK DAN AYAM PENYET MPOK WIE","TIPE_1":"MAKANAN DAN MINUMAN","TIPE_2":"RESTORAN","TIPE_3":"RESTORAN AYAM","TELEPON":"0838-0612-7011","ALAMAT":"SAMPING MUSHOLA NURUL JALAL, JL. PISANGAN BARU TENGAH, RT.10/RW.14, PISANGAN BARU, KEC. MATRAMAN, KOTA JAKARTA TIMUR, DAERAH KHUSUS IBUKOTA JAKARTA 13110","ID_PROV":"31","PROVINSI":"DKI JAKARTA","ID_KABKOT":"31.75","KABKOT":"KOTA ADM. JAKARTA TIMUR","ID_KEC":"31.75.01","KECAMATAN":"MATRAMAN","ID_DESA":"31.75.01.1001","DESA":"PISANGAN BARU","LONGITUDE":106.8721182,"LATITUDE":-6.211157,"STATUS":"BUKA","TANGGAL UPDATE":"27/02/2025","TANGGAL PENGUMPULAN":"Q4 2023","q":27444,"r":-15106}},{"type":"Feature","geometry":{"coordinates":[106.86792310000004,-6.212645899999925],"type":"Point"},"properties":{"NAMA":"EDAM BURGER","TIPE_1":"MAKANAN DAN MINUMAN","TIPE_2":"RESTORAN","TIPE_3":"CEPAT SAJI","TELEPON":"","ALAMAT":"JL. PISANGAN BARU III NO.213, RT.9/RW.7, PISANGAN BARU, KEC. MATRAMAN, KOTA JAKARTA TIMUR, DAERAH KHUSUS IBUKOTA JAKARTA 13110","ID_PROV":"31","PROVINSI":"DKI JAKARTA","ID_KABKOT":"31.75","KABKOT":"KOTA ADM. JAKARTA TIMUR","ID_KEC":"31.75.01","KECAMATAN":"MATRAMAN","ID_DESA":"31.75.01.1001","DESA":"PISANGAN BARU","LONGITUDE":106.8679231,"LATITUDE":-6.2126459,"STATUS":"BUKA","TANGGAL UPDATE":"27/02/2025","TANGGAL PENGUMPULAN":"Q4 2023","q":27443,"r":-15106}},{"type":"Feature","geometry":{"coordinates":[106.86352370000009,-6.298014499999963],"type":"Point"},"properties":{"NAMA":"PAPITOSS BURGER","TIPE_1":"MAKANAN DAN MINUMAN","TIPE_2":"RESTORAN","TIPE_3":"CEPAT SAJI","TELEPON":"0812-1133-9816","ALAMAT":"JL. H. TAIMAN NO.14, RT.3/RW.10, GEDONG, KEC. PS. REBO, KOTA JAKARTA TIMUR, DAERAH KHUSUS IBUKOTA JAKARTA 13760","ID_PROV":"31","PROVINSI":"DKI JAKARTA","ID_KABKOT":"31.75","KABKOT":"KOTA ADM. JAKARTA TIMUR","ID_KEC":"31.75.05","KECAMATAN":"PASAR REBO","ID_DESA":"31.75.05.1001","DESA":"GEDONG","LONGITUDE":106.8635237,"LATITUDE":-6.2980145,"STATUS":"BUKA","TANGGAL UPDATE":"27/02/2025","TANGGAL PENGUMPULAN":"Q4 2023","q":27442,"r":-15124}},{"type":"Feature","geometry":{"coordinates":[106.88571310000003,-6.290848],"type":"Point"},"properties":{"NAMA":"BURGER BANGOR PINANG RANTI","TIPE_1":"MAKANAN DAN MINUMAN","TIPE_2":"RESTORAN","TIPE_3":"CEPAT SAJI","TELEPON":"","ALAMAT":"JL. RAYA PD. GEDE NO.1, RT.1/RW.1, PINANG RANTI, KEC. MAKASAR, KOTA JAKARTA TIMUR, DAERAH KHUSUS IBUKOTA JAKARTA 13560","ID_PROV":"31","PROVINSI":"DKI JAKARTA","ID_KABKOT":"31.75","KABKOT":"KOTA ADM. JAKARTA TIMUR","ID_KEC":"31.75.08","KECAMATAN":"MAKASAR","ID_DESA":"31.75.08.1002","DESA":"PINANGRANTI","LONGITUDE":106.8857131,"LATITUDE":-6.290848,"STATUS":"BUKA","TANGGAL UPDATE":"27/02/2025","TANGGAL PENGUMPULAN":"Q4 2023","q":27448,"r":-15126}},{"type":"Feature","geometry":{"coordinates":[106.86010570000008,-6.270257399999936],"type":"Point"},"properties":{"NAMA":"BURGER NASI MINI","TIPE_1":"MAKANAN DAN MINUMAN","TIPE_2":"RESTORAN","TIPE_3":"CEPAT SAJI","TELEPON":"0838-7567-7223","ALAMAT":"JL. BUDAYA NO.10, RT.10/RW.6, BATU AMPAR, KEC. KRAMAT JATI, KOTA JAKARTA TIMUR, DAERAH KHUSUS IBUKOTA JAKARTA 13310","ID_PROV":"31","PROVINSI":"DKI JAKARTA","ID_KABKOT":"31.75","KABKOT":"KOTA ADM. JAKARTA TIMUR","ID_KEC":"31.75.04","KECAMATAN":"KRAMATJATI","ID_DESA":"31.75.04.1004","DESA":"BATU AMPAR","LONGITUDE":106.8601057,"LATITUDE":-6.2702574,"STATUS":"BUKA","TANGGAL UPDATE":"27/02/2025","TANGGAL PENGUMPULAN":"Q4 2023","q":27441,"r":-15118}},{"type":"Feature","geometry":{"coordinates":[106.86946530000006,-6.303805599999974],"type":"Point"},"properties":{"NAMA":"BURGER BANGOR CIJANTUNG","TIPE_1":"MAKANAN DAN MINUMAN","TIPE_2":"RESTORAN","TIPE_3":"CEPAT SAJI","TELEPON":"0899-6080-609","ALAMAT":"JL. TANAH MERDEKA NO.1, RT.9/RW.5, SUSUKAN, CIRACAS, EAST JAKARTA CITY, JAKARTA 13750","ID_PROV":"31","PROVINSI":"DKI JAKARTA","ID_KABKOT":"31.75","KABKOT":"KOTA ADM. JAKARTA TIMUR","ID_KEC":"31.75.09","KECAMATAN":"CIRACAS","ID_DESA":"31.75.09.1004","DESA":"SUSUKAN","LONGITUDE":106.8694653,"LATITUDE":-6.3038056,"STATUS":"BUKA","TANGGAL UPDATE":"27/02/2025","TANGGAL PENGUMPULAN":"Q4 2023","q":27443,"r":-15126}},{"type":"Feature","geometry":{"coordinates":[106.92479980000009,-6.169346199999955],"type":"Point"},"properties":{"NAMA":"BURGER RECIEH","TIPE_1":"MAKANAN DAN MINUMAN","TIPE_2":"RESTORAN","TIPE_3":"CEPAT SAJI","TELEPON":"","ALAMAT":"JL. SEDAYU CITY KLP. GADING NO.3, RT.8/RW.4, RAWA TERATE, CAKUNG, EAST JAKARTA CITY, JAKARTA 14250","ID_PROV":"31","PROVINSI":"DKI JAKARTA","ID_KABKOT":"31.75","KABKOT":"KOTA ADM. JAKARTA TIMUR","ID_KEC":"31.75.06","KECAMATAN":"CAKUNG","ID_DESA":"31.75.06.1002","DESA":"RAWA TERATE","LONGITUDE":106.9247998,"LATITUDE":-6.1693462,"STATUS":"BUKA","TANGGAL UPDATE":"27/02/2025","TANGGAL PENGUMPULAN":"Q4 2023","q":27458,"r":-15103}},{"type":"Feature","geometry":{"coordinates":[106.89211050000006,-6.198706699999943],"type":"Point"},"properties":{"NAMA":"THE 2ND FLOOR","TIPE_1":"MAKANAN DAN MINUMAN","TIPE_2":"RESTORAN","TIPE_3":"KAFE DAN RESTO","TELEPON":"0812-8816-6881","ALAMAT":"JL. TENGGIRI NO.53, RT.2/RW.10, JATI, KEC. PULO GADUNG, KOTA JAKARTA TIMUR, DAERAH KHUSUS IBUKOTA JAKARTA 13220","ID_PROV":"31","PROVINSI":"DKI JAKARTA","ID_KABKOT":"31.75","KABKOT":"KOTA ADM. JAKARTA TIMUR","ID_KEC":"31.75.02","KECAMATAN":"PULOGADUNG","ID_DESA":"31.75.02.1007","DESA":"JATI","LONGITUDE":106.8921105,"LATITUDE":-6.1987067,"STATUS":"BUKA","TANGGAL UPDATE":"27/02/2025","TANGGAL PENGUMPULAN":"Q4 2023","q":27449,"r":-15106}},{"type":"Feature","geometry":{"coordinates":[106.92302410000008,-6.208318299999973],"type":"Point"},"properties":{"NAMA":"SAHARA KEBAB & BURGER","TIPE_1":"MAKANAN DAN MINUMAN","TIPE_2":"RESTORAN","TIPE_3":"CEPAT SAJI","TELEPON":"","ALAMAT":"JL. DR. KRT RADJIMAN WIDYODININGRAT NO.20, RT.1/RW.13, JATINEGARA, KEC. CAKUNG, KOTA JAKARTA TIMUR, DAERAH KHUSUS IBUKOTA JAKARTA 13930","ID_PROV":"31","PROVINSI":"DKI JAKARTA","ID_KABKOT":"31.75","KABKOT":"KOTA ADM. JAKARTA TIMUR","ID_KEC":"31.75.06","KECAMATAN":"CAKUNG","ID_DESA":"31.75.06.1001","DESA":"JATINEGARA","LONGITUDE":106.9230241,"LATITUDE":-6.2083183,"STATUS":"BUKA","TANGGAL UPDATE":"27/02/2025","TANGGAL PENGUMPULAN":"Q4 2023","q":27457,"r":-15112}},{"type":"Feature","geometry":{"coordinates":[106.85535520000008,-6.284266799999958],"type":"Point"},"properties":{"NAMA":"BURGER PANGGANG HOLIC CONDET","TIPE_1":"MAKANAN DAN MINUMAN","TIPE_2":"RESTORAN","TIPE_3":"CEPAT SAJI","TELEPON":"","ALAMAT":"JL. RAYA CONDET NO.7, RT.8/RW.2, CILILITAN, KRAMAT JATI, EAST JAKARTA CITY, JAKARTA 13640","ID_PROV":"31","PROVINSI":"DKI JAKARTA","ID_KABKOT":"31.75","KABKOT":"KOTA ADM. JAKARTA TIMUR","ID_KEC":"31.75.04","KECAMATAN":"KRAMATJATI","ID_DESA":"31.75.04.1004","DESA":"BATU AMPAR","LONGITUDE":106.8553552,"LATITUDE":-6.2842668,"STATUS":"BUKA","TANGGAL UPDATE":"27/02/2025","TANGGAL PENGUMPULAN":"Q4 2023","q":27440,"r":-15120}},{"type":"Feature","geometry":{"coordinates":[106.87008,-6.286024199999927],"type":"Point"},"properties":{"NAMA":"TOP BURGER","TIPE_1":"MAKANAN DAN MINUMAN","TIPE_2":"RESTORAN","TIPE_3":"CEPAT SAJI","TELEPON":"","ALAMAT":"JL. FATAHILLAH I NO.8, RT.2/RW.1, KP. TENGAH, KEC. KRAMAT JATI, KOTA JAKARTA TIMUR, DAERAH KHUSUS IBUKOTA JAKARTA 13540","ID_PROV":"31","PROVINSI":"DKI JAKARTA","ID_KABKOT":"31.75","KABKOT":"KOTA ADM. JAKARTA TIMUR","ID_KEC":"31.75.04","KECAMATAN":"KRAMATJATI","ID_DESA":"31.75.04.1002","DESA":"TENGAH","LONGITUDE":106.87008,"LATITUDE":-6.2860242,"STATUS":"BUKA","TANGGAL UPDATE":"27/02/2025","TANGGAL PENGUMPULAN":"Q4 2023","q":27444,"r":-15123}},{"type":"Feature","geometry":{"coordinates":[106.87042850000006,-6.290260499999937],"type":"Point"},"properties":{"NAMA":"VIT BURGER","TIPE_1":"MAKANAN DAN MINUMAN","TIPE_2":"RESTORAN","TIPE_3":"CEPAT SAJI","TELEPON":"0899-8998-921","ALAMAT":"JL. RAHAYU NO.12, RT.4/RW.1, KP. TENGAH, KEC. KRAMAT JATI, KOTA JAKARTA TIMUR, DAERAH KHUSUS IBUKOTA JAKARTA 13540","ID_PROV":"31","PROVINSI":"DKI JAKARTA","ID_KABKOT":"31.75","KABKOT":"KOTA ADM. JAKARTA TIMUR","ID_KEC":"31.75.04","KECAMATAN":"KRAMATJATI","ID_DESA":"31.75.04.1002","DESA":"TENGAH","LONGITUDE":106.8704285,"LATITUDE":-6.2902605,"STATUS":"BUKA","TANGGAL UPDATE":"27/02/2025","TANGGAL PENGUMPULAN":"Q4 2023","q":27444,"r":-15124}}]}