{"type":"FeatureCollection","features":[{"type":"Feature","geometry":{"coordinates":[106.90967769999999,-6.6528018],"type":"Point"},"properties":{"NAMA":"SEAFOOD 68","TIPE_1":"MAKANAN DAN MINUMAN","TIPE_2":"RESTORAN","TIPE_3":"SEAFOOD","TELEPON":"0897-7236-959","ALAMAT":"JL. RAYA PUNCAK - CIANJUR NO.99, CILEMBER, KEC. CISARUA, KABUPATEN BOGOR, JAWA BARAT 16750","ID_PROV":"32","PROVINSI":"JAWA BARAT","ID_KABKOT":"32.01","KABKOT":"BOGOR","ID_KEC":"32.01.25","KECAMATAN":"CISARUA","ID_DESA":"32.01.25.2004","DESA":"CILEMBER","LONGITUDE":106.9096777,"LATITUDE":-6.6528018,"STATUS":"BUKA","TANGGAL UPDATE":"27/02/2025","TANGGAL PENGUMPULAN":"Q4 2023","q":27454,"r":-15210}},{"type":"Feature","geometry":{"coordinates":[107.0542859,-6.4388027],"type":"Point"},"properties":{"NAMA":"SEAFOOD MALAM","TIPE_1":"MAKANAN DAN MINUMAN","TIPE_2":"RESTORAN","TIPE_3":"SEAFOOD","TELEPON":"","ALAMAT":"SUKAMANAH, KEC. JONGGOL, KABUPATEN BOGOR, JAWA BARAT 16830","ID_PROV":"32","PROVINSI":"JAWA BARAT","ID_KABKOT":"32.01","KABKOT":"BOGOR","ID_KEC":"32.01.06","KECAMATAN":"JONGGOL","ID_DESA":"32.01.06.2006","DESA":"SUKAMANAH","LONGITUDE":107.0542859,"LATITUDE":-6.4388027,"STATUS":"BUKA","TANGGAL UPDATE":"27/02/2025","TANGGAL PENGUMPULAN":"Q4 2023","q":27491,"r":-15180}},{"type":"Feature","geometry":{"coordinates":[106.6655764,-6.5917463],"type":"Point"},"properties":{"NAMA":"WEY SEAFOOD","TIPE_1":"MAKANAN DAN MINUMAN","TIPE_2":"RESTORAN","TIPE_3":"SEAFOOD","TELEPON":"0857-1777-4078","ALAMAT":"JL. KAPTEN DASUKI BAKRI, CIBATOK 2, KEC. CIBUNGBULANG, KABUPATEN BOGOR, JAWA BARAT 16620","ID_PROV":"32","PROVINSI":"JAWA BARAT","ID_KABKOT":"32.01","KABKOT":"BOGOR","ID_KEC":"32.01.16","KECAMATAN":"CIBUNGBULANG","ID_DESA":"32.01.16.2012","DESA":"CIBATOK II","LONGITUDE":106.6655764,"LATITUDE":-6.5917463,"STATUS":"BUKA","TANGGAL UPDATE":"27/02/2025","TANGGAL PENGUMPULAN":"Q4 2023","q":27391,"r":-15165}},{"type":"Feature","geometry":{"coordinates":[106.816708,-6.4876021],"type":"Point"},"properties":{"NAMA":"SEAFOOD PECEL LELE ASTRI68","TIPE_1":"MAKANAN DAN MINUMAN","TIPE_2":"RESTORAN","TIPE_3":"SEAFOOD","TELEPON":"0895-1435-8336","ALAMAT":"BLK. A, SUKAHATI, KEC. CIBINONG, KABUPATEN BOGOR, JAWA BARAT 16913","ID_PROV":"32","PROVINSI":"JAWA BARAT","ID_KABKOT":"32.01","KABKOT":"BOGOR","ID_KEC":"32.01.01","KECAMATAN":"CIBINONG","ID_DESA":"32.01.01.1009","DESA":"SUKAHATI","LONGITUDE":106.816708,"LATITUDE":-6.4876021,"STATUS":"BUKA","TANGGAL UPDATE":"27/02/2025","TANGGAL PENGUMPULAN":"Q4 2023","q":27430,"r":-15161}},{"type":"Feature","geometry":{"coordinates":[106.84781919999999,-6.5857911],"type":"Point"},"properties":{"NAMA":"RATU KERANG 77","TIPE_1":"MAKANAN DAN MINUMAN","TIPE_2":"RESTORAN","TIPE_3":"SEAFOOD","TELEPON":"0838-1190-4010","ALAMAT":"JL. PARUNG ALENG, CIKEAS, KEC. SUKARAJA, KABUPATEN BOGOR, JAWA BARAT","ID_PROV":"32","PROVINSI":"JAWA BARAT","ID_KABKOT":"32.01","KABKOT":"BOGOR","ID_KEC":"32.01.04","KECAMATAN":"SUKARAJA","ID_DESA":"32.01.04.2008","DESA":"CIKEAS","LONGITUDE":106.8478192,"LATITUDE":-6.5857911,"STATUS":"BUKA","TANGGAL UPDATE":"27/02/2025","TANGGAL PENGUMPULAN":"Q4 2023","q":27438,"r":-15187}},{"type":"Feature","geometry":{"coordinates":[106.7262979,-6.5304988],"type":"Point"},"properties":{"NAMA":"SEAFOOD ALFRIS 57","TIPE_1":"MAKANAN DAN MINUMAN","TIPE_2":"RESTORAN","TIPE_3":"SEAFOOD","TELEPON":"","ALAMAT":"MOYAN RT01/02, BANTARJAYA, KEC. RANCA BUNGUR, KABUPATEN BOGOR, JAWA BARAT 16310","ID_PROV":"32","PROVINSI":"JAWA BARAT","ID_KABKOT":"32.01","KABKOT":"BOGOR","ID_KEC":"32.01.34","KECAMATAN":"RANCA BUNGUR","ID_DESA":"32.01.34.2001","DESA":"BANTARJAYA","LONGITUDE":106.7262979,"LATITUDE":-6.5304988,"STATUS":"BUKA","TANGGAL UPDATE":"27/02/2025","TANGGAL PENGUMPULAN":"Q4 2023","q":27407,"r":-15159}},{"type":"Feature","geometry":{"coordinates":[106.80835719999999,-6.5229306],"type":"Point"},"properties":{"NAMA":"KINI CHEESETEA BOBA X MUKBANG SEAFOOD","TIPE_1":"MAKANAN DAN MINUMAN","TIPE_2":"RESTORAN","TIPE_3":"SEAFOOD","TELEPON":"0812-8108-7594","ALAMAT":"JL. RAYA KARADENAN SEBRANG SMAN 2 NO.32, KARADENAN, KEC. CIBINONG, KABUPATEN BOGOR, JAWA BARAT 16913","ID_PROV":"32","PROVINSI":"JAWA BARAT","ID_KABKOT":"32.01","KABKOT":"BOGOR","ID_KEC":"32.01.01","KECAMATAN":"CIBINONG","ID_DESA":"32.01.01.1002","DESA":"KARADENAN","LONGITUDE":106.8083572,"LATITUDE":-6.5229306,"STATUS":"BUKA","TANGGAL UPDATE":"27/02/2025","TANGGAL PENGUMPULAN":"Q4 2023","q":27428,"r":-15168}},{"type":"Feature","geometry":{"coordinates":[106.833774,-6.5067315],"type":"Point"},"properties":{"NAMA":"SEAFOOD ZAMRUD 212 PECEL LELE","TIPE_1":"MAKANAN DAN MINUMAN","TIPE_2":"RESTORAN","TIPE_3":"SEAFOOD","TELEPON":"","ALAMAT":"JL. ALTERNATIF GOR PEMDA, NANGGEWER MEKAR, KEC. CIBINONG, KABUPATEN BOGOR, JAWA BARAT 16912","ID_PROV":"32","PROVINSI":"JAWA BARAT","ID_KABKOT":"32.01","KABKOT":"BOGOR","ID_KEC":"32.01.01","KECAMATAN":"CIBINONG","ID_DESA":"32.01.01.1004","DESA":"NANGGEWER","LONGITUDE":106.833774,"LATITUDE":-6.5067315,"STATUS":"BUKA","TANGGAL UPDATE":"27/02/2025","TANGGAL PENGUMPULAN":"Q4 2023","q":27434,"r":-15167}},{"type":"Feature","geometry":{"coordinates":[106.8645083,-6.593966],"type":"Point"},"properties":{"NAMA":"WARUNG SEAFOOD RANGERS","TIPE_1":"MAKANAN DAN MINUMAN","TIPE_2":"RESTORAN","TIPE_3":"SEAFOOD","TELEPON":"0838-1190-4010","ALAMAT":"CIJAYANTI, KEC. BABAKAN MADANG, KABUPATEN BOGOR, JAWA BARAT 16810","ID_PROV":"32","PROVINSI":"JAWA BARAT","ID_KABKOT":"32.01","KABKOT":"BOGOR","ID_KEC":"32.01.05","KECAMATAN":"BABAKAN MADANG","ID_DESA":"32.01.05.2001","DESA":"CIJAYANTI","LONGITUDE":106.8645083,"LATITUDE":-6.593966,"STATUS":"BUKA","TANGGAL UPDATE":"27/02/2025","TANGGAL PENGUMPULAN":"Q4 2023","q":27442,"r":-15191}},{"type":"Feature","geometry":{"coordinates":[106.75194409999999,-6.4952243],"type":"Point"},"properties":{"NAMA":"SEAFOOD 94 DUA PUTRA","TIPE_1":"MAKANAN DAN MINUMAN","TIPE_2":"RESTORAN","TIPE_3":"SEAFOOD","TELEPON":"0878-7339-1383","ALAMAT":"JL. RAYA KEMANG PARUNG BOGOR, KEMANG, KEC. KEMANG, KABUPATEN BOGOR, JAWA BARAT 16310","ID_PROV":"32","PROVINSI":"JAWA BARAT","ID_KABKOT":"32.01","KABKOT":"BOGOR","ID_KEC":"32.01.12","KECAMATAN":"KEMANG","ID_DESA":"32.01.12.2008","DESA":"PONDOK UDIK","LONGITUDE":106.7519441,"LATITUDE":-6.4952243,"STATUS":"BUKA","TANGGAL UPDATE":"27/02/2025","TANGGAL PENGUMPULAN":"Q4 2023","q":27413,"r":-15154}},{"type":"Feature","geometry":{"coordinates":[106.8743648,-6.4725523],"type":"Point"},"properties":{"NAMA":"SEAFOOD SOMBROSARI","TIPE_1":"MAKANAN DAN MINUMAN","TIPE_2":"RESTORAN","TIPE_3":"SEAFOOD","TELEPON":"0877-1101-3016","ALAMAT":"JALAN RAYA KRANGGAN RT 01 RW 04 PUSPASARI CITEUREUP, PUSPASARI, KEC. CITEUREUP, KABUPATEN BOGOR, JAWA BARAT 16810","ID_PROV":"32","PROVINSI":"JAWA BARAT","ID_KABKOT":"32.01","KABKOT":"BOGOR","ID_KEC":"32.01.03","KECAMATAN":"CITEUREUP","ID_DESA":"32.01.03.2001","DESA":"PUSPASARI","LONGITUDE":106.8743648,"LATITUDE":-6.4725523,"STATUS":"BUKA","TANGGAL UPDATE":"27/02/2025","TANGGAL PENGUMPULAN":"Q4 2023","q":27445,"r":-15165}},{"type":"Feature","geometry":{"coordinates":[106.8453531,-6.4922494],"type":"Point"},"properties":{"NAMA":"SEA FOOD 93","TIPE_1":"MAKANAN DAN MINUMAN","TIPE_2":"RESTORAN","TIPE_3":"SEAFOOD","TELEPON":"(021) 8752560","ALAMAT":"JL. HM. ASHARI, PAKANSARI, KEC. CIBINONG, KABUPATEN BOGOR, JAWA BARAT 16915","ID_PROV":"32","PROVINSI":"JAWA BARAT","ID_KABKOT":"32.01","KABKOT":"BOGOR","ID_KEC":"32.01.01","KECAMATAN":"CIBINONG","ID_DESA":"32.01.01.1007","DESA":"PAKANSARI","LONGITUDE":106.8453531,"LATITUDE":-6.4922494,"STATUS":"BUKA","TANGGAL UPDATE":"27/02/2025","TANGGAL PENGUMPULAN":"Q4 2023","q":27437,"r":-15166}},{"type":"Feature","geometry":{"coordinates":[106.8441225,-6.4953316],"type":"Point"},"properties":{"NAMA":"RUMAH MAKAN SEAFOOD & SUNDA","TIPE_1":"MAKANAN DAN MINUMAN","TIPE_2":"RESTORAN","TIPE_3":"SEAFOOD","TELEPON":"","ALAMAT":"JL. RAYA JAKARTA-BOGOR NO.BLOK 46, PAKANSARI, KEC. CIBINONG, KABUPATEN BOGOR, JAWA BARAT 16915","ID_PROV":"32","PROVINSI":"JAWA BARAT","ID_KABKOT":"32.01","KABKOT":"BOGOR","ID_KEC":"32.01.01","KECAMATAN":"CIBINONG","ID_DESA":"32.01.01.1007","DESA":"PAKANSARI","LONGITUDE":106.8441225,"LATITUDE":-6.4953316,"STATUS":"BUKA","TANGGAL UPDATE":"27/02/2025","TANGGAL PENGUMPULAN":"Q4 2023","q":27437,"r":-15166}},{"type":"Feature","geometry":{"coordinates":[106.8445831,-6.4953567],"type":"Point"},"properties":{"NAMA":"CRAB KARAKA TIMIKA RAJANYA SEAFOOD","TIPE_1":"MAKANAN DAN MINUMAN","TIPE_2":"RESTORAN","TIPE_3":"SEAFOOD","TELEPON":"","ALAMAT":"JL. RAYA BOGOR NO.BLOK 46, PAKANSARI, KEC. CIBINONG, KABUPATEN BOGOR, JAWA BARAT 16915","ID_PROV":"32","PROVINSI":"JAWA BARAT","ID_KABKOT":"32.01","KABKOT":"BOGOR","ID_KEC":"32.01.01","KECAMATAN":"CIBINONG","ID_DESA":"32.01.01.1007","DESA":"PAKANSARI","LONGITUDE":106.8445831,"LATITUDE":-6.4953567,"STATUS":"BUKA","TANGGAL UPDATE":"27/02/2025","TANGGAL PENGUMPULAN":"Q4 2023","q":27437,"r":-15166}},{"type":"Feature","geometry":{"coordinates":[106.7557694,-6.6086749],"type":"Point"},"properties":{"NAMA":"MISTER KREBS SEAFOOD BOGOR","TIPE_1":"MAKANAN DAN MINUMAN","TIPE_2":"RESTORAN","TIPE_3":"SEAFOOD","TELEPON":"0812-8195-2757","ALAMAT":"PERUMAHAN PINUS 3, BLK. A JALAN CENDERAWASIH NO.2, RT.05/RW.03, SUKAMAKMUR, KEC. CIOMAS, KABUPATEN BOGOR, JAWA BARAT 16610","ID_PROV":"32","PROVINSI":"JAWA BARAT","ID_KABKOT":"32.01","KABKOT":"BOGOR","ID_KEC":"32.01.29","KECAMATAN":"CIOMAS","ID_DESA":"32.01.29.2007","DESA":"SUKAMAKMUR","LONGITUDE":106.7557694,"LATITUDE":-6.6086749,"STATUS":"BUKA","TANGGAL UPDATE":"27/02/2025","TANGGAL PENGUMPULAN":"Q4 2023","q":27414,"r":-15180}},{"type":"Feature","geometry":{"coordinates":[106.8560532,-6.4610447],"type":"Point"},"properties":{"NAMA":"PONDOK SEAFOOD 99","TIPE_1":"MAKANAN DAN MINUMAN","TIPE_2":"RESTORAN","TIPE_3":"SEAFOOD","TELEPON":"0813-1608-9107","ALAMAT":"41, JL. RAYA JAKARTA-BOGOR NO.KM, PABUARAN, KEC. CIBINONG, KABUPATEN BOGOR, JAWA BARAT 16916","ID_PROV":"32","PROVINSI":"JAWA BARAT","ID_KABKOT":"32.01","KABKOT":"BOGOR","ID_KEC":"32.01.01","KECAMATAN":"CIBINONG","ID_DESA":"32.01.01.1012","DESA":"PABUARAN","LONGITUDE":106.8560532,"LATITUDE":-6.4610447,"STATUS":"BUKA","TANGGAL UPDATE":"27/02/2025","TANGGAL PENGUMPULAN":"Q4 2023","q":27440,"r":-15160}},{"type":"Feature","geometry":{"coordinates":[106.8622547,-6.4722205],"type":"Point"},"properties":{"NAMA":"PANGKALAN SEAFOOD","TIPE_1":"MAKANAN DAN MINUMAN","TIPE_2":"RESTORAN","TIPE_3":"SEAFOOD","TELEPON":"(021) 36893368","ALAMAT":"JL. RAYA MAYOR OKING JAYA ATMAJA NO.A 7, CIRIMEKAR, KEC. CIBINONG, KABUPATEN BOGOR, JAWA BARAT 16918","ID_PROV":"32","PROVINSI":"JAWA BARAT","ID_KABKOT":"32.01","KABKOT":"BOGOR","ID_KEC":"32.01.01","KECAMATAN":"CIBINONG","ID_DESA":"32.01.01.1011","DESA":"CIRIMEKAR","LONGITUDE":106.8622547,"LATITUDE":-6.4722205,"STATUS":"BUKA","TANGGAL UPDATE":"27/02/2025","TANGGAL PENGUMPULAN":"Q4 2023","q":27442,"r":-15163}},{"type":"Feature","geometry":{"coordinates":[106.8382898,-6.5206078],"type":"Point"},"properties":{"NAMA":"SEAFOOD 69","TIPE_1":"MAKANAN DAN MINUMAN","TIPE_2":"RESTORAN","TIPE_3":"SEAFOOD","TELEPON":"","ALAMAT":"CIJUJUNG, KEC. SUKARAJA, KABUPATEN BOGOR, JAWA BARAT 16710","ID_PROV":"32","PROVINSI":"JAWA BARAT","ID_KABKOT":"32.01","KABKOT":"BOGOR","ID_KEC":"32.01.04","KECAMATAN":"SUKARAJA","ID_DESA":"32.01.04.2011","DESA":"CIJUJUNG","LONGITUDE":106.8382898,"LATITUDE":-6.5206078,"STATUS":"BUKA","TANGGAL UPDATE":"27/02/2025","TANGGAL PENGUMPULAN":"Q4 2023","q":27435,"r":-15171}},{"type":"Feature","geometry":{"coordinates":[106.8344411,-6.4893039],"type":"Point"},"properties":{"NAMA":"GRIYO KERANG PAKANSARI","TIPE_1":"MAKANAN DAN MINUMAN","TIPE_2":"RESTORAN","TIPE_3":"SEAFOOD","TELEPON":"0896-1839-4069","ALAMAT":"JL. KOL. EDY YOSO MARTADIPURA NO.94, PAKANSARI, KEC. CIBINONG, KABUPATEN BOGOR, JAWA BARAT 16915","ID_PROV":"32","PROVINSI":"JAWA BARAT","ID_KABKOT":"32.01","KABKOT":"BOGOR","ID_KEC":"32.01.01","KECAMATAN":"CIBINONG","ID_DESA":"32.01.01.1007","DESA":"PAKANSARI","LONGITUDE":106.8344411,"LATITUDE":-6.4893039,"STATUS":"BUKA","TANGGAL UPDATE":"27/02/2025","TANGGAL PENGUMPULAN":"Q4 2023","q":27434,"r":-15163}},{"type":"Feature","geometry":{"coordinates":[106.8401689,-6.4681969],"type":"Point"},"properties":{"NAMA":"SEAFOOD KERANG MONTOK CIKARET 3","TIPE_1":"MAKANAN DAN MINUMAN","TIPE_2":"RESTORAN","TIPE_3":"SEAFOOD","TELEPON":"0812-3239-2832","ALAMAT":"JL. RAYA CIKARET NO.11-23, HARAPAN JAYA, KEC. CIBINONG, KABUPATEN BOGOR, JAWA BARAT 16914","ID_PROV":"32","PROVINSI":"JAWA BARAT","ID_KABKOT":"32.01","KABKOT":"BOGOR","ID_KEC":"32.01.01","KECAMATAN":"CIBINONG","ID_DESA":"32.01.01.1003","DESA":"HARAPANJAYA","LONGITUDE":106.8401689,"LATITUDE":-6.4681969,"STATUS":"BUKA","TANGGAL UPDATE":"27/02/2025","TANGGAL PENGUMPULAN":"Q4 2023","q":27436,"r":-15159}},{"type":"Feature","geometry":{"coordinates":[106.7800364,-6.510724],"type":"Point"},"properties":{"NAMA":"RATU LIA SEAFOOD","TIPE_1":"MAKANAN DAN MINUMAN","TIPE_2":"RESTORAN","TIPE_3":"SEAFOOD","TELEPON":"0857-7835-5577","ALAMAT":"PERUMAHAN BILLABONG PERMAI BLOK C4C NO 3 DESA CIMANGGIS KEC BOJONGGEDE KAB BOGOR, WARINGIN JAYA, KECAMATAN BOJONGGEDE, KABUPATEN BOGOR, JAWA BARAT 16168","ID_PROV":"32","PROVINSI":"JAWA BARAT","ID_KABKOT":"32.01","KABKOT":"BOGOR","ID_KEC":"32.01.13","KECAMATAN":"BOJONG GEDE","ID_DESA":"32.01.13.2002","DESA":"CIMANGGIS","LONGITUDE":106.7800364,"LATITUDE":-6.510724,"STATUS":"BUKA","TANGGAL UPDATE":"27/02/2025","TANGGAL PENGUMPULAN":"Q4 2023","q":27420,"r":-15161}},{"type":"Feature","geometry":{"coordinates":[106.7181689,-6.4721877],"type":"Point"},"properties":{"NAMA":"SEAFOOD 48 BOGOR","TIPE_1":"MAKANAN DAN MINUMAN","TIPE_2":"RESTORAN","TIPE_3":"SEAFOOD","TELEPON":"0878-0995-2375","ALAMAT":"JL. MAD NUR, JAMPANG, KEC. KEMANG, KABUPATEN BOGOR, JAWA BARAT 16310","ID_PROV":"32","PROVINSI":"JAWA BARAT","ID_KABKOT":"32.01","KABKOT":"BOGOR","ID_KEC":"32.01.12","KECAMATAN":"KEMANG","ID_DESA":"32.01.12.2007","DESA":"JAMPANG","LONGITUDE":106.7181689,"LATITUDE":-6.4721877,"STATUS":"BUKA","TANGGAL UPDATE":"27/02/2025","TANGGAL PENGUMPULAN":"Q4 2023","q":27405,"r":-15145}},{"type":"Feature","geometry":{"coordinates":[106.8468057,-6.4756626],"type":"Point"},"properties":{"NAMA":"SEAFOOD ARJAJUHIN3","TIPE_1":"MAKANAN DAN MINUMAN","TIPE_2":"RESTORAN","TIPE_3":"SEAFOOD","TELEPON":"0812-1990-7975","ALAMAT":"GG. H. ABDUL GANI KODE POS, PABUARAN, KEC. CIBINONG, KABUPATEN BOGOR, JAWA BARAT 16916","ID_PROV":"32","PROVINSI":"JAWA BARAT","ID_KABKOT":"32.01","KABKOT":"BOGOR","ID_KEC":"32.01.01","KECAMATAN":"CIBINONG","ID_DESA":"32.01.01.1012","DESA":"PABUARAN","LONGITUDE":106.8468057,"LATITUDE":-6.4756626,"STATUS":"BUKA","TANGGAL UPDATE":"27/02/2025","TANGGAL PENGUMPULAN":"Q4 2023","q":27438,"r":-15162}},{"type":"Feature","geometry":{"coordinates":[106.8621318,-6.468628],"type":"Point"},"properties":{"NAMA":"SELANCAR SEAFOOD AND FRESHFOOD","TIPE_1":"MAKANAN DAN MINUMAN","TIPE_2":"RESTORAN","TIPE_3":"SEAFOOD","TELEPON":"","ALAMAT":"JL. GOLF, CIRIUNG, KEC. CIBINONG, KABUPATEN BOGOR, JAWA BARAT 16918","ID_PROV":"32","PROVINSI":"JAWA BARAT","ID_KABKOT":"32.01","KABKOT":"BOGOR","ID_KEC":"32.01.01","KECAMATAN":"CIBINONG","ID_DESA":"32.01.01.1010","DESA":"CIRIUNG","LONGITUDE":106.8621318,"LATITUDE":-6.468628,"STATUS":"BUKA","TANGGAL UPDATE":"27/02/2025","TANGGAL PENGUMPULAN":"Q4 2023","q":27442,"r":-15162}},{"type":"Feature","geometry":{"coordinates":[106.828292,-6.4808769],"type":"Point"},"properties":{"NAMA":"SEAFOOD 99","TIPE_1":"MAKANAN DAN MINUMAN","TIPE_2":"RESTORAN","TIPE_3":"SEAFOOD","TELEPON":"","ALAMAT":"JL. RAYA PEMDA JL. TEGAR BERIMAN, TENGAH, KEC. CIBINONG, KABUPATEN BOGOR, JAWA BARAT 16914","ID_PROV":"32","PROVINSI":"JAWA BARAT","ID_KABKOT":"32.01","KABKOT":"BOGOR","ID_KEC":"32.01.01","KECAMATAN":"CIBINONG","ID_DESA":"32.01.01.1008","DESA":"TENGAH","LONGITUDE":106.828292,"LATITUDE":-6.4808769,"STATUS":"BUKA","TANGGAL UPDATE":"27/02/2025","TANGGAL PENGUMPULAN":"Q4 2023","q":27433,"r":-15161}},{"type":"Feature","geometry":{"coordinates":[106.8552838,-6.4654524],"type":"Point"},"properties":{"NAMA":"RESTORAN KENSHISEAFOOD","TIPE_1":"MAKANAN DAN MINUMAN","TIPE_2":"RESTORAN","TIPE_3":"SEAFOOD","TELEPON":"","ALAMAT":"JL. RAYA JAKARTA-BOGOR NO.2, CIRIUNG, KEC. CIBINONG, KABUPATEN BOGOR, JAWA BARAT 16916","ID_PROV":"32","PROVINSI":"JAWA BARAT","ID_KABKOT":"32.01","KABKOT":"BOGOR","ID_KEC":"32.01.01","KECAMATAN":"CIBINONG","ID_DESA":"32.01.01.1012","DESA":"PABUARAN","LONGITUDE":106.8552838,"LATITUDE":-6.4654524,"STATUS":"BUKA","TANGGAL UPDATE":"27/02/2025","TANGGAL PENGUMPULAN":"Q4 2023","q":27440,"r":-15161}},{"type":"Feature","geometry":{"coordinates":[106.7340625,-6.5381865],"type":"Point"},"properties":{"NAMA":"ASMAUL HUSNA SEAFOOD RESTO","TIPE_1":"MAKANAN DAN MINUMAN","TIPE_2":"RESTORAN","TIPE_3":"SEAFOOD","TELEPON":"0878-7234-4596","ALAMAT":"JL. ATANG SENJAYA, BANTARJAYA, KEC. RANCA BUNGUR, KOTA BOGOR, JAWA BARAT 16310","ID_PROV":"32","PROVINSI":"JAWA BARAT","ID_KABKOT":"32.01","KABKOT":"BOGOR","ID_KEC":"32.01.34","KECAMATAN":"RANCA BUNGUR","ID_DESA":"32.01.34.2001","DESA":"BANTARJAYA","LONGITUDE":106.7340625,"LATITUDE":-6.5381865,"STATUS":"BUKA","TANGGAL UPDATE":"27/02/2025","TANGGAL PENGUMPULAN":"Q4 2023","q":27409,"r":-15162}},{"type":"Feature","geometry":{"coordinates":[106.9588245,-6.4508468],"type":"Point"},"properties":{"NAMA":"RM SEAFOOD 99 CLUSTER KERINCI 52","TIPE_1":"MAKANAN DAN MINUMAN","TIPE_2":"RESTORAN","TIPE_3":"SEAFOOD","TELEPON":"(021) 29464162","ALAMAT":"JL. RAYA KLAPANUNGGAL NO.616, KLAPANUNGGAL, KEC. KLAPANUNGGAL, KABUPATEN BOGOR, JAWA BARAT 16710","ID_PROV":"32","PROVINSI":"JAWA BARAT","ID_KABKOT":"32.01","KABKOT":"BOGOR","ID_KEC":"32.01.32","KECAMATAN":"KLAPANUNGGAL","ID_DESA":"32.01.32.2001","DESA":"KLAPANUNGGAL","LONGITUDE":106.9588245,"LATITUDE":-6.4508468,"STATUS":"BUKA","TANGGAL UPDATE":"27/02/2025","TANGGAL PENGUMPULAN":"Q4 2023","q":27466,"r":-15171}},{"type":"Feature","geometry":{"coordinates":[106.793259,-6.514882],"type":"Point"},"properties":{"NAMA":"SEAFOOD PONDOK KERANG","TIPE_1":"MAKANAN DAN MINUMAN","TIPE_2":"RESTORAN","TIPE_3":"SEAFOOD","TELEPON":"0815-4615-5519","ALAMAT":"JL. BATU GEDE, RT.07/RW.07, CILEBUT BAR., KEC. SUKARAJA, KABUPATEN BOGOR, JAWA BARAT 16770","ID_PROV":"32","PROVINSI":"JAWA BARAT","ID_KABKOT":"32.01","KABKOT":"BOGOR","ID_KEC":"32.01.04","KECAMATAN":"SUKARAJA","ID_DESA":"32.01.04.2003","DESA":"CILEBUT BARAT","LONGITUDE":106.793259,"LATITUDE":-6.514882,"STATUS":"BUKA","TANGGAL UPDATE":"27/02/2025","TANGGAL PENGUMPULAN":"Q4 2023","q":27424,"r":-15164}},{"type":"Feature","geometry":{"coordinates":[106.674597,-6.5656533],"type":"Point"},"properties":{"NAMA":"RR SEAFOOD","TIPE_1":"MAKANAN DAN MINUMAN","TIPE_2":"RESTORAN","TIPE_3":"SEAFOOD","TELEPON":"0815-7408-6155","ALAMAT":"JL. RAYA CIBUNGBULANG NO.66, GIRIMULYA, KEC. CIBUNGBULANG, KABUPATEN BOGOR, JAWA BARAT 16630","ID_PROV":"32","PROVINSI":"JAWA BARAT","ID_KABKOT":"32.01","KABKOT":"BOGOR","ID_KEC":"32.01.16","KECAMATAN":"CIBUNGBULANG","ID_DESA":"32.01.16.2015","DESA":"GIRIMULYA","LONGITUDE":106.674597,"LATITUDE":-6.5656533,"STATUS":"BUKA","TANGGAL UPDATE":"27/02/2025","TANGGAL PENGUMPULAN":"Q4 2023","q":27393,"r":-15160}},{"type":"Feature","geometry":{"coordinates":[106.8523015,-6.6609815],"type":"Point"},"properties":{"NAMA":"RUMAH MAKAN SEAFOOD BANDUNG","TIPE_1":"MAKANAN DAN MINUMAN","TIPE_2":"RESTORAN","TIPE_3":"SEAFOOD","TELEPON":"","ALAMAT":"JL. RAYA PUNCAK - CIANJUR NO.358, BENDUNGAN, KEC. CIAWI, KABUPATEN BOGOR, JAWA BARAT 16720","ID_PROV":"32","PROVINSI":"JAWA BARAT","ID_KABKOT":"32.01","KABKOT":"BOGOR","ID_KEC":"32.01.24","KECAMATAN":"CIAWI","ID_DESA":"32.01.24.2008","DESA":"BENDUNGAN","LONGITUDE":106.8523015,"LATITUDE":-6.6609815,"STATUS":"BUKA","TANGGAL UPDATE":"27/02/2025","TANGGAL PENGUMPULAN":"Q4 2023","q":27439,"r":-15204}},{"type":"Feature","geometry":{"coordinates":[106.7111455,-6.5583418],"type":"Point"},"properties":{"NAMA":"SEAFOOD MORO SENENG","TIPE_1":"MAKANAN DAN MINUMAN","TIPE_2":"RESTORAN","TIPE_3":"SEAFOOD","TELEPON":"0857-7414-0002","ALAMAT":"JL. RAYA CIBANTENG NO.141, CIHIDEUNG ILIR, KEC. CIAMPEA, KABUPATEN BOGOR, JAWA BARAT 16620","ID_PROV":"32","PROVINSI":"JAWA BARAT","ID_KABKOT":"32.01","KABKOT":"BOGOR","ID_KEC":"32.01.15","KECAMATAN":"CIAMPEA","ID_DESA":"32.01.15.2011","DESA":"CIBANTENG","LONGITUDE":106.7111455,"LATITUDE":-6.5583418,"STATUS":"BUKA","TANGGAL UPDATE":"27/02/2025","TANGGAL PENGUMPULAN":"Q4 2023","q":27403,"r":-15163}},{"type":"Feature","geometry":{"coordinates":[106.85887179999999,-6.4680978],"type":"Point"},"properties":{"NAMA":"SEAFOOD TAMAN REJEKI CIBINONG","TIPE_1":"MAKANAN DAN MINUMAN","TIPE_2":"RESTORAN","TIPE_3":"SEAFOOD","TELEPON":"","ALAMAT":"JL. PERUM. TAMAN PERMATA CIBINONG NO.20, RT.1/RW.9, CIRIUNG, CIBINONG, BOGOR REGENCY, WEST JAVA 16918","ID_PROV":"32","PROVINSI":"JAWA BARAT","ID_KABKOT":"32.01","KABKOT":"BOGOR","ID_KEC":"32.01.01","KECAMATAN":"CIBINONG","ID_DESA":"32.01.01.1010","DESA":"CIRIUNG","LONGITUDE":106.8588718,"LATITUDE":-6.4680978,"STATUS":"BUKA","TANGGAL UPDATE":"27/02/2025","TANGGAL PENGUMPULAN":"Q4 2023","q":27441,"r":-15162}},{"type":"Feature","geometry":{"coordinates":[106.86285129999999,-6.5149174],"type":"Point"},"properties":{"NAMA":"SEA FOOD RAJAPATI","TIPE_1":"MAKANAN DAN MINUMAN","TIPE_2":"RESTORAN","TIPE_3":"SEAFOOD","TELEPON":"","ALAMAT":"LEUWINUTUG, KEC. CITEUREUP, KABUPATEN BOGOR, JAWA BARAT 16810","ID_PROV":"32","PROVINSI":"JAWA BARAT","ID_KABKOT":"32.01","KABKOT":"BOGOR","ID_KEC":"32.01.03","KECAMATAN":"CITEUREUP","ID_DESA":"32.01.03.2003","DESA":"LEUWINUTUG","LONGITUDE":106.8628513,"LATITUDE":-6.5149174,"STATUS":"BUKA","TANGGAL UPDATE":"27/02/2025","TANGGAL PENGUMPULAN":"Q4 2023","q":27442,"r":-15173}},{"type":"Feature","geometry":{"coordinates":[106.6657481,-6.5741796],"type":"Point"},"properties":{"NAMA":"SEAFOOD QUEENAK","TIPE_1":"MAKANAN DAN MINUMAN","TIPE_2":"RESTORAN","TIPE_3":"SEAFOOD","TELEPON":"0821-1185-0078","ALAMAT":"CIMANGGU 1, KEC. CIBUNGBULANG, KABUPATEN BOGOR, JAWA BARAT 16630","ID_PROV":"32","PROVINSI":"JAWA BARAT","ID_KABKOT":"32.01","KABKOT":"BOGOR","ID_KEC":"32.01.16","KECAMATAN":"CIBUNGBULANG","ID_DESA":"32.01.16.2007","DESA":"CIMANGGU I","LONGITUDE":106.6657481,"LATITUDE":-6.5741796,"STATUS":"BUKA","TANGGAL UPDATE":"27/02/2025","TANGGAL PENGUMPULAN":"Q4 2023","q":27391,"r":-15161}},{"type":"Feature","geometry":{"coordinates":[106.86897289999999,-6.5038878],"type":"Point"},"properties":{"NAMA":"SEAFOOD KANG GOPAR","TIPE_1":"MAKANAN DAN MINUMAN","TIPE_2":"RESTORAN","TIPE_3":"SEAFOOD","TELEPON":"0812-8710-9360","ALAMAT":"JL. BINA MARGA, RT.005/RW.005 DES, SANJA, KEC. CITEUREUP, KABUPATEN BOGOR, JAWA BARAT 16810","ID_PROV":"32","PROVINSI":"JAWA BARAT","ID_KABKOT":"32.01","KABKOT":"BOGOR","ID_KEC":"32.01.03","KECAMATAN":"CITEUREUP","ID_DESA":"32.01.03.2005","DESA":"SANJA","LONGITUDE":106.8689729,"LATITUDE":-6.5038878,"STATUS":"BUKA","TANGGAL UPDATE":"27/02/2025","TANGGAL PENGUMPULAN":"Q4 2023","q":27443,"r":-15171}},{"type":"Feature","geometry":{"coordinates":[106.792231,-6.4427392],"type":"Point"},"properties":{"NAMA":"RUMAH MAKAN DAN SEAFOOD 99","TIPE_1":"MAKANAN DAN MINUMAN","TIPE_2":"RESTORAN","TIPE_3":"SEAFOOD","TELEPON":"0812-9101-1899","ALAMAT":"JL. SEDAP MALAM RAYA NO.12, RAGAJAYA, KECAMATAN BOJONGGEDE, KABUPATEN BOGOR, JAWA BARAT 16920","ID_PROV":"32","PROVINSI":"JAWA BARAT","ID_KABKOT":"32.01","KABKOT":"BOGOR","ID_KEC":"32.01.13","KECAMATAN":"BOJONG GEDE","ID_DESA":"32.01.13.2004","DESA":"RAGAJAYA","LONGITUDE":106.792231,"LATITUDE":-6.4427392,"STATUS":"BUKA","TANGGAL UPDATE":"27/02/2025","TANGGAL PENGUMPULAN":"Q4 2023","q":27424,"r":-15148}},{"type":"Feature","geometry":{"coordinates":[106.7364678,-6.4888273],"type":"Point"},"properties":{"NAMA":"SEAFOOD 57","TIPE_1":"MAKANAN DAN MINUMAN","TIPE_2":"RESTORAN","TIPE_3":"SEAFOOD","TELEPON":"0896-5976-4923","ALAMAT":"KEMANG, KEC. KEMANG, KABUPATEN BOGOR, JAWA BARAT 16310","ID_PROV":"32","PROVINSI":"JAWA BARAT","ID_KABKOT":"32.01","KABKOT":"BOGOR","ID_KEC":"32.01.12","KECAMATAN":"KEMANG","ID_DESA":"32.01.12.2008","DESA":"PONDOK UDIK","LONGITUDE":106.7364678,"LATITUDE":-6.4888273,"STATUS":"BUKA","TANGGAL UPDATE":"27/02/2025","TANGGAL PENGUMPULAN":"Q4 2023","q":27409,"r":-15151}},{"type":"Feature","geometry":{"coordinates":[106.8077749,-6.514811],"type":"Point"},"properties":{"NAMA":"SARI SEAFOOD SUKABUMI","TIPE_1":"MAKANAN DAN MINUMAN","TIPE_2":"RESTORAN","TIPE_3":"SEAFOOD","TELEPON":"0812-8006-2430","ALAMAT":"JL. RAYA KARADENAN, KARADENAN, KEC. CIBINONG, KABUPATEN BOGOR, JAWA BARAT 16913","ID_PROV":"32","PROVINSI":"JAWA BARAT","ID_KABKOT":"32.01","KABKOT":"BOGOR","ID_KEC":"32.01.01","KECAMATAN":"CIBINONG","ID_DESA":"32.01.01.1002","DESA":"KARADENAN","LONGITUDE":106.8077749,"LATITUDE":-6.514811,"STATUS":"BUKA","TANGGAL UPDATE":"27/02/2025","TANGGAL PENGUMPULAN":"Q4 2023","q":27428,"r":-15166}},{"type":"Feature","geometry":{"coordinates":[106.8583926,-6.4678177],"type":"Point"},"properties":{"NAMA":"BAKMI SEAFOOD 99","TIPE_1":"MAKANAN DAN MINUMAN","TIPE_2":"RESTORAN","TIPE_3":"SEAFOOD","TELEPON":"0813-8395-3542","ALAMAT":"JL. RAYA MAYOR OKING JAYA ATMAJA NO.9, RT.01/RW.02, CIRIUNG, KEC. CIBINONG, KABUPATEN BOGOR, JAWA BARAT 16918","ID_PROV":"32","PROVINSI":"JAWA BARAT","ID_KABKOT":"32.01","KABKOT":"BOGOR","ID_KEC":"32.01.01","KECAMATAN":"CIBINONG","ID_DESA":"32.01.01.1010","DESA":"CIRIUNG","LONGITUDE":106.8583926,"LATITUDE":-6.4678177,"STATUS":"BUKA","TANGGAL UPDATE":"27/02/2025","TANGGAL PENGUMPULAN":"Q4 2023","q":27441,"r":-15162}},{"type":"Feature","geometry":{"coordinates":[106.8082223,-6.5168838],"type":"Point"},"properties":{"NAMA":"SEAFOOD 08 NASI UDUK PECEL AYAM LELE","TIPE_1":"MAKANAN DAN MINUMAN","TIPE_2":"RESTORAN","TIPE_3":"SEAFOOD","TELEPON":"0878-7224-3576","ALAMAT":"KARADENAN, KEC. CIBINONG, KABUPATEN BOGOR, JAWA BARAT 16913","ID_PROV":"32","PROVINSI":"JAWA BARAT","ID_KABKOT":"32.01","KABKOT":"BOGOR","ID_KEC":"32.01.01","KECAMATAN":"CIBINONG","ID_DESA":"32.01.01.1002","DESA":"KARADENAN","LONGITUDE":106.8082223,"LATITUDE":-6.5168838,"STATUS":"BUKA","TANGGAL UPDATE":"27/02/2025","TANGGAL PENGUMPULAN":"Q4 2023","q":27428,"r":-15166}},{"type":"Feature","geometry":{"coordinates":[106.8613932,-6.5625926],"type":"Point"},"properties":{"NAMA":"SEAFOOD DAFFA KITCHEN","TIPE_1":"MAKANAN DAN MINUMAN","TIPE_2":"RESTORAN","TIPE_3":"SEAFOOD","TELEPON":"0812-8767-7715","ALAMAT":"EATERY FOOD TERMINAL PASAR BERSIH SENTUL CITY, BLOK FC NO. 11, JL. RAYA BABAKAN MADANG, CITARINGGUL, KEC. BABAKAN MADANG, KABUPATEN BOGOR, JAWA BARAT 16810","ID_PROV":"32","PROVINSI":"JAWA BARAT","ID_KABKOT":"32.01","KABKOT":"BOGOR","ID_KEC":"32.01.05","KECAMATAN":"BABAKAN MADANG","ID_DESA":"32.01.05.2008","DESA":"BABAKAN MADANG","LONGITUDE":106.8613932,"LATITUDE":-6.5625926,"STATUS":"BUKA","TANGGAL UPDATE":"27/02/2025","TANGGAL PENGUMPULAN":"Q4 2023","q":27441,"r":-15183}},{"type":"Feature","geometry":{"coordinates":[106.8068768,-6.5114102],"type":"Point"},"properties":{"NAMA":"SEAFOOD AYAM KREMES PADA RAMA","TIPE_1":"MAKANAN DAN MINUMAN","TIPE_2":"RESTORAN","TIPE_3":"SEAFOOD","TELEPON":"0857-7142-8378","ALAMAT":"KARADENAN, KEC. CIBINONG, KABUPATEN BOGOR, JAWA BARAT 16913","ID_PROV":"32","PROVINSI":"JAWA BARAT","ID_KABKOT":"32.01","KABKOT":"BOGOR","ID_KEC":"32.01.01","KECAMATAN":"CIBINONG","ID_DESA":"32.01.01.1002","DESA":"KARADENAN","LONGITUDE":106.8068768,"LATITUDE":-6.5114102,"STATUS":"BUKA","TANGGAL UPDATE":"27/02/2025","TANGGAL PENGUMPULAN":"Q4 2023","q":27427,"r":-15165}},{"type":"Feature","geometry":{"coordinates":[106.9410227,-6.3880461],"type":"Point"},"properties":{"NAMA":"WARUNG SEAFOOD SUROBOYO BIMA 2","TIPE_1":"MAKANAN DAN MINUMAN","TIPE_2":"RESTORAN","TIPE_3":"SEAFOOD","TELEPON":"","ALAMAT":"NAGRAK, GUNUNG PUTRI, BOGOR REGENCY, WEST JAVA 16967","ID_PROV":"32","PROVINSI":"JAWA BARAT","ID_KABKOT":"32.01","KABKOT":"BOGOR","ID_KEC":"32.01.02","KECAMATAN":"GUNUNG PUTRI","ID_DESA":"32.01.02.2009","DESA":"NAGRAK","LONGITUDE":106.9410227,"LATITUDE":-6.3880461,"STATUS":"BUKA","TANGGAL UPDATE":"27/02/2025","TANGGAL PENGUMPULAN":"Q4 2023","q":27462,"r":-15154}},{"type":"Feature","geometry":{"coordinates":[106.9738015,-6.7028644],"type":"Point"},"properties":{"NAMA":"WARUNG DAMAR LAUT","TIPE_1":"MAKANAN DAN MINUMAN","TIPE_2":"RESTORAN","TIPE_3":"SEAFOOD","TELEPON":"","ALAMAT":"TUGU SEL., KEC. CISARUA, KABUPATEN BOGOR, JAWA BARAT 16750","ID_PROV":"32","PROVINSI":"JAWA BARAT","ID_KABKOT":"32.01","KABKOT":"BOGOR","ID_KEC":"32.01.25","KECAMATAN":"CISARUA","ID_DESA":"32.01.25.2006","DESA":"TUGU SELATAN","LONGITUDE":106.9738015,"LATITUDE":-6.7028644,"STATUS":"BUKA","TANGGAL UPDATE":"27/02/2025","TANGGAL PENGUMPULAN":"Q4 2023","q":27470,"r":-15229}},{"type":"Feature","geometry":{"coordinates":[106.93230109999999,-6.680462],"type":"Point"},"properties":{"NAMA":"KEDAI SEA FOOD PAFESTA","TIPE_1":"MAKANAN DAN MINUMAN","TIPE_2":"RESTORAN","TIPE_3":"SEAFOOD","TELEPON":"0896-9534-5681","ALAMAT":"JL.RAYA RUKO NO 12 PASAR TUGU SEL, CISARUA, KEC. CISARUA, KABUPATEN BOGOR, JAWA BARAT 16750","ID_PROV":"32","PROVINSI":"JAWA BARAT","ID_KABKOT":"32.01","KABKOT":"BOGOR","ID_KEC":"32.01.25","KECAMATAN":"CISARUA","ID_DESA":"32.01.25.1010","DESA":"CISARUA","LONGITUDE":106.9323011,"LATITUDE":-6.680462,"STATUS":"BUKA","TANGGAL UPDATE":"27/02/2025","TANGGAL PENGUMPULAN":"Q4 2023","q":27460,"r":-15219}},{"type":"Feature","geometry":{"coordinates":[106.9139615,-6.6586699],"type":"Point"},"properties":{"NAMA":"ARJAJUHIN SEAFOOD 77","TIPE_1":"MAKANAN DAN MINUMAN","TIPE_2":"RESTORAN","TIPE_3":"SEAFOOD","TELEPON":"0817-6462-819","ALAMAT":"LEUWIMALANG, KEC. CISARUA, KABUPATEN BOGOR, JAWA BARAT 16750","ID_PROV":"32","PROVINSI":"JAWA BARAT","ID_KABKOT":"32.01","KABKOT":"BOGOR","ID_KEC":"32.01.25","KECAMATAN":"CISARUA","ID_DESA":"32.01.25.2007","DESA":"LEUWIMALANG","LONGITUDE":106.9139615,"LATITUDE":-6.6586699,"STATUS":"BUKA","TANGGAL UPDATE":"27/02/2025","TANGGAL PENGUMPULAN":"Q4 2023","q":27455,"r":-15212}},{"type":"Feature","geometry":{"coordinates":[106.8663861,-6.6533304],"type":"Point"},"properties":{"NAMA":"CAFE TENDA","TIPE_1":"MAKANAN DAN MINUMAN","TIPE_2":"RESTORAN","TIPE_3":"SEAFOOD","TELEPON":"0856-7755-991","ALAMAT":"JALAN RAYA PUNCAK GADOG, NO. 168, RT.02/RW.3, PANDANSARI, KEC. CIAWI, KABUPATEN BOGOR, JAWA BARAT 16720","ID_PROV":"32","PROVINSI":"JAWA BARAT","ID_KABKOT":"32.01","KABKOT":"BOGOR","ID_KEC":"32.01.24","KECAMATAN":"CIAWI","ID_DESA":"32.01.24.2009","DESA":"PANDAN SARI","LONGITUDE":106.8663861,"LATITUDE":-6.6533304,"STATUS":"BUKA","TANGGAL UPDATE":"27/02/2025","TANGGAL PENGUMPULAN":"Q4 2023","q":27443,"r":-15204}},{"type":"Feature","geometry":{"coordinates":[106.8589773,-6.6566141],"type":"Point"},"properties":{"NAMA":"SOSIS BAKAR & SATE SEAFOOD AMANI87","TIPE_1":"MAKANAN DAN MINUMAN","TIPE_2":"RESTORAN","TIPE_3":"SEAFOOD","TELEPON":"","ALAMAT":"JL. RAYA PUNCAK GADOG NO.442, GADOG, KEC. CIAWI, KABUPATEN BOGOR, JAWA BARAT 16720","ID_PROV":"32","PROVINSI":"JAWA BARAT","ID_KABKOT":"32.01","KABKOT":"BOGOR","ID_KEC":"32.01.24","KECAMATAN":"CIAWI","ID_DESA":"32.01.24.2008","DESA":"BENDUNGAN","LONGITUDE":106.8589773,"LATITUDE":-6.6566141,"STATUS":"BUKA","TANGGAL UPDATE":"27/02/2025","TANGGAL PENGUMPULAN":"Q4 2023","q":27441,"r":-15204}},{"type":"Feature","geometry":{"coordinates":[106.9519419,-6.6840003],"type":"Point"},"properties":{"NAMA":"RUMAH MAKAN SINAR ALAM","TIPE_1":"MAKANAN DAN MINUMAN","TIPE_2":"RESTORAN","TIPE_3":"SEAFOOD","TELEPON":"(0251) 8255360","ALAMAT":"JL. RAYA PUNCAK KM. 83, LEUWIMALANG, CISARUA, TUGU UTARA, KEC. CISARUA, KABUPATEN BOGOR, JAWA BARAT 16750","ID_PROV":"32","PROVINSI":"JAWA BARAT","ID_KABKOT":"32.01","KABKOT":"BOGOR","ID_KEC":"32.01.25","KECAMATAN":"CISARUA","ID_DESA":"32.01.25.2009","DESA":"TUGU UTARA","LONGITUDE":106.9519419,"LATITUDE":-6.6840003,"STATUS":"BUKA","TANGGAL UPDATE":"27/02/2025","TANGGAL PENGUMPULAN":"Q4 2023","q":27465,"r":-15222}},{"type":"Feature","geometry":{"coordinates":[106.7571327,-6.5137281],"type":"Point"},"properties":{"NAMA":"SEAFOOD BERKAH 17 NASI UDUK","TIPE_1":"MAKANAN DAN MINUMAN","TIPE_2":"RESTORAN","TIPE_3":"SEAFOOD","TELEPON":"","ALAMAT":"KEMANG, KEC. KEMANG, KABUPATEN BOGOR, JAWA BARAT","ID_PROV":"32","PROVINSI":"JAWA BARAT","ID_KABKOT":"32.01","KABKOT":"BOGOR","ID_KEC":"32.01.12","KECAMATAN":"KEMANG","ID_DESA":"32.01.12.2003","DESA":"KEMANG","LONGITUDE":106.7571327,"LATITUDE":-6.5137281,"STATUS":"BUKA","TANGGAL UPDATE":"27/02/2025","TANGGAL PENGUMPULAN":"Q4 2023","q":27415,"r":-15159}},{"type":"Feature","geometry":{"coordinates":[106.90798009999999,-6.6531814],"type":"Point"},"properties":{"NAMA":"CM SEAFOOD","TIPE_1":"MAKANAN DAN MINUMAN","TIPE_2":"RESTORAN","TIPE_3":"SEAFOOD","TELEPON":"0821-1292-8681","ALAMAT":"CIPAYUNG GIRANG, KEC. MEGAMENDUNG, KABUPATEN BOGOR, JAWA BARAT 16770","ID_PROV":"32","PROVINSI":"JAWA BARAT","ID_KABKOT":"32.01","KABKOT":"BOGOR","ID_KEC":"32.01.26","KECAMATAN":"MEGAMENDUNG","ID_DESA":"32.01.26.2009","DESA":"CIPAYUNG GIRANG","LONGITUDE":106.9079801,"LATITUDE":-6.6531814,"STATUS":"BUKA","TANGGAL UPDATE":"27/02/2025","TANGGAL PENGUMPULAN":"Q4 2023","q":27453,"r":-15210}},{"type":"Feature","geometry":{"coordinates":[106.909296,-6.6522676],"type":"Point"},"properties":{"NAMA":"DUAR KERANG BAROKAH","TIPE_1":"MAKANAN DAN MINUMAN","TIPE_2":"RESTORAN","TIPE_3":"SEAFOOD","TELEPON":"","ALAMAT":"JL. RAYA PUNCAK - CIANJUR NO.26, CIPAYUNG GIRANG, KEC. MEGAMENDUNG, KABUPATEN BOGOR, JAWA BARAT 16770","ID_PROV":"32","PROVINSI":"JAWA BARAT","ID_KABKOT":"32.01","KABKOT":"BOGOR","ID_KEC":"32.01.26","KECAMATAN":"MEGAMENDUNG","ID_DESA":"32.01.26.2009","DESA":"CIPAYUNG GIRANG","LONGITUDE":106.909296,"LATITUDE":-6.6522676,"STATUS":"BUKA","TANGGAL UPDATE":"27/02/2025","TANGGAL PENGUMPULAN":"Q4 2023","q":27454,"r":-15210}},{"type":"Feature","geometry":{"coordinates":[106.9320478,-6.6807757],"type":"Point"},"properties":{"NAMA":"KEDAI LILAC DAN ANEKA SEAFOOD","TIPE_1":"MAKANAN DAN MINUMAN","TIPE_2":"RESTORAN","TIPE_3":"SEAFOOD","TELEPON":"0812-9249-0177","ALAMAT":"JL RAYA PUNCAK, KM 81 20, PAFESTA, KEC. CISARUA, KABUPATEN BOGOR, JAWA BARAT 16750","ID_PROV":"32","PROVINSI":"JAWA BARAT","ID_KABKOT":"32.01","KABKOT":"BOGOR","ID_KEC":"32.01.25","KECAMATAN":"CISARUA","ID_DESA":"32.01.25.1010","DESA":"CISARUA","LONGITUDE":106.9320478,"LATITUDE":-6.6807757,"STATUS":"BUKA","TANGGAL UPDATE":"27/02/2025","TANGGAL PENGUMPULAN":"Q4 2023","q":27459,"r":-15219}},{"type":"Feature","geometry":{"coordinates":[106.9700853,-6.6981193],"type":"Point"},"properties":{"NAMA":"SEA FOOD KERANG KILOAN SR","TIPE_1":"MAKANAN DAN MINUMAN","TIPE_2":"RESTORAN","TIPE_3":"SEAFOOD","TELEPON":"0896-1871-4563","ALAMAT":"JL. RAYA PUNCAK GADOG NO.KM. 86, 86 RT 01/05, TUGU SEL., KEC. CISARUA, KABUPATEN BOGOR, JAWA BARAT 16750","ID_PROV":"32","PROVINSI":"JAWA BARAT","ID_KABKOT":"32.01","KABKOT":"BOGOR","ID_KEC":"32.01.25","KECAMATAN":"CISARUA","ID_DESA":"32.01.25.2006","DESA":"TUGU SELATAN","LONGITUDE":106.9700853,"LATITUDE":-6.6981193,"STATUS":"BUKA","TANGGAL UPDATE":"27/02/2025","TANGGAL PENGUMPULAN":"Q4 2023","q":27469,"r":-15228}},{"type":"Feature","geometry":{"coordinates":[106.86235939999999,-6.654685],"type":"Point"},"properties":{"NAMA":"SEAFOOD 59","TIPE_1":"MAKANAN DAN MINUMAN","TIPE_2":"RESTORAN","TIPE_3":"SEAFOOD","TELEPON":"0859-1067-95919","ALAMAT":"JL. RAYA PUNCAK - CIANJUR, PANDANSARI, CIAWI, BOGOR REGENCY, WEST JAVA 16770","ID_PROV":"32","PROVINSI":"JAWA BARAT","ID_KABKOT":"32.01","KABKOT":"BOGOR","ID_KEC":"32.01.24","KECAMATAN":"CIAWI","ID_DESA":"32.01.24.2009","DESA":"PANDAN SARI","LONGITUDE":106.8623594,"LATITUDE":-6.654685,"STATUS":"BUKA","TANGGAL UPDATE":"27/02/2025","TANGGAL PENGUMPULAN":"Q4 2023","q":27442,"r":-15204}},{"type":"Feature","geometry":{"coordinates":[106.9467089,-6.7085849],"type":"Point"},"properties":{"NAMA":"RUMAH MAKAN LEMBUR KURING CIBEUREUM","TIPE_1":"MAKANAN DAN MINUMAN","TIPE_2":"RESTORAN","TIPE_3":"SEAFOOD","TELEPON":"(0251) 8255448","ALAMAT":"JL. TAMAN SAFARI NO.168, CIBEUREUM, KEC. CISARUA, KABUPATEN BOGOR, JAWA BARAT 16750","ID_PROV":"32","PROVINSI":"JAWA BARAT","ID_KABKOT":"32.01","KABKOT":"BOGOR","ID_KEC":"32.01.25","KECAMATAN":"CISARUA","ID_DESA":"32.01.25.2003","DESA":"CIBEUREUM","LONGITUDE":106.9467089,"LATITUDE":-6.7085849,"STATUS":"BUKA","TANGGAL UPDATE":"27/02/2025","TANGGAL PENGUMPULAN":"Q4 2023","q":27463,"r":-15227}},{"type":"Feature","geometry":{"coordinates":[106.9601436,-6.4013678],"type":"Point"},"properties":{"NAMA":"SEA FOOD RONGGO NASI UDUK (BPM) CILEUNGSI","TIPE_1":"MAKANAN DAN MINUMAN","TIPE_2":"RESTORAN","TIPE_3":"SEAFOOD","TELEPON":"","ALAMAT":"JL. ALTERNATIF CIBUBUR NO.72, CILEUNGSI, KEC. CILEUNGSI, KABUPATEN BOGOR, JAWA BARAT 16820","ID_PROV":"32","PROVINSI":"JAWA BARAT","ID_KABKOT":"32.01","KABKOT":"BOGOR","ID_KEC":"32.01.07","KECAMATAN":"CILEUNGSI","ID_DESA":"32.01.07.2012","DESA":"CILEUNGSI","LONGITUDE":106.9601436,"LATITUDE":-6.4013678,"STATUS":"BUKA","TANGGAL UPDATE":"27/02/2025","TANGGAL PENGUMPULAN":"Q4 2023","q":27467,"r":-15160}},{"type":"Feature","geometry":{"coordinates":[106.8838888,-6.6517373],"type":"Point"},"properties":{"NAMA":"SEAFOOD & PECEL AYAM 68","TIPE_1":"MAKANAN DAN MINUMAN","TIPE_2":"RESTORAN","TIPE_3":"SEAFOOD","TELEPON":"0896-5528-4200","ALAMAT":"JL. RAYA CIBOGO PUNCAK, CIPAYUNG DATAR, KEC. MEGAMENDUNG, KABUPATEN BOGOR, JAWA BARAT 16770","ID_PROV":"32","PROVINSI":"JAWA BARAT","ID_KABKOT":"32.01","KABKOT":"BOGOR","ID_KEC":"32.01.26","KECAMATAN":"MEGAMENDUNG","ID_DESA":"32.01.26.2006","DESA":"CIPAYUNG","LONGITUDE":106.8838888,"LATITUDE":-6.6517373,"STATUS":"BUKA","TANGGAL UPDATE":"27/02/2025","TANGGAL PENGUMPULAN":"Q4 2023","q":27447,"r":-15206}},{"type":"Feature","geometry":{"coordinates":[106.8589398,-6.6565608],"type":"Point"},"properties":{"NAMA":"RUMAH MAKAN SIMPANG RAWI","TIPE_1":"MAKANAN DAN MINUMAN","TIPE_2":"RESTORAN","TIPE_3":"SEAFOOD","TELEPON":"0812-8433-1718","ALAMAT":"JL. RAYA PUNCAK GADOG NO.442, GADOG, KEC. CIAWI, KABUPATEN BOGOR, JAWA BARAT 16720","ID_PROV":"32","PROVINSI":"JAWA BARAT","ID_KABKOT":"32.01","KABKOT":"BOGOR","ID_KEC":"32.01.24","KECAMATAN":"CIAWI","ID_DESA":"32.01.24.2008","DESA":"BENDUNGAN","LONGITUDE":106.8589398,"LATITUDE":-6.6565608,"STATUS":"BUKA","TANGGAL UPDATE":"27/02/2025","TANGGAL PENGUMPULAN":"Q4 2023","q":27441,"r":-15204}},{"type":"Feature","geometry":{"coordinates":[106.8566055,-6.4678688],"type":"Point"},"properties":{"NAMA":"SAUNG BERKAH (RESTORAN TEPI DANAU)","TIPE_1":"MAKANAN DAN MINUMAN","TIPE_2":"RESTORAN","TIPE_3":"SEAFOOD","TELEPON":"0811-9949-111","ALAMAT":"JL. HR. LUKMAN NO.2, CIRIMEKAR, KEC. CIBINONG, KABUPATEN BOGOR, JAWA BARAT 16917","ID_PROV":"32","PROVINSI":"JAWA BARAT","ID_KABKOT":"32.01","KABKOT":"BOGOR","ID_KEC":"32.01.01","KECAMATAN":"CIBINONG","ID_DESA":"32.01.01.1011","DESA":"CIRIMEKAR","LONGITUDE":106.8566055,"LATITUDE":-6.4678688,"STATUS":"BUKA","TANGGAL UPDATE":"27/02/2025","TANGGAL PENGUMPULAN":"Q4 2023","q":27440,"r":-15162}},{"type":"Feature","geometry":{"coordinates":[107.0095736,-6.4157872],"type":"Point"},"properties":{"NAMA":"RUMAH MAKAN SEAFOOD 99","TIPE_1":"MAKANAN DAN MINUMAN","TIPE_2":"RESTORAN","TIPE_3":"SEAFOOD","TELEPON":"0812-1253-1299","ALAMAT":"JL. JAYASARI NO.18, GANDOANG, KEC. CILEUNGSI, KABUPATEN BOGOR, JAWA BARAT 16820","ID_PROV":"32","PROVINSI":"JAWA BARAT","ID_KABKOT":"32.01","KABKOT":"BOGOR","ID_KEC":"32.01.07","KECAMATAN":"CILEUNGSI","ID_DESA":"32.01.07.2005","DESA":"GANDOANG","LONGITUDE":107.0095736,"LATITUDE":-6.4157872,"STATUS":"BUKA","TANGGAL UPDATE":"27/02/2025","TANGGAL PENGUMPULAN":"Q4 2023","q":27479,"r":-15169}},{"type":"Feature","geometry":{"coordinates":[106.901939,-6.6154027],"type":"Point"},"properties":{"NAMA":"HIGHLANDERS CAFE","TIPE_1":"MAKANAN DAN MINUMAN","TIPE_2":"RESTORAN","TIPE_3":"SEAFOOD","TELEPON":"0878-8410-7770","ALAMAT":"JALAN GUNUNG BATU, BOJONG KONENG, SENTUL, KEC. BABAKAN MADANG, KABUPATEN BOGOR, JAWA BARAT 16810","ID_PROV":"32","PROVINSI":"JAWA BARAT","ID_KABKOT":"32.01","KABKOT":"BOGOR","ID_KEC":"32.01.05","KECAMATAN":"BABAKAN MADANG","ID_DESA":"32.01.05.2009","DESA":"BOJONG KONENG","LONGITUDE":106.901939,"LATITUDE":-6.6154027,"STATUS":"BUKA","TANGGAL UPDATE":"27/02/2025","TANGGAL PENGUMPULAN":"Q4 2023","q":27452,"r":-15200}},{"type":"Feature","geometry":{"coordinates":[106.8706022,-6.6665551],"type":"Point"},"properties":{"NAMA":"TALAGA SAMPIREUN - BOGOR","TIPE_1":"MAKANAN DAN MINUMAN","TIPE_2":"RESTORAN","TIPE_3":"SEAFOOD","TELEPON":"(0251) 8292999","ALAMAT":"SUKAMAHI, MEGAMENDUNG, BOGOR REGENCY, WEST JAVA 16770","ID_PROV":"32","PROVINSI":"JAWA BARAT","ID_KABKOT":"32.01","KABKOT":"BOGOR","ID_KEC":"32.01.26","KECAMATAN":"MEGAMENDUNG","ID_DESA":"32.01.26.2010","DESA":"SUKAMAHI","LONGITUDE":106.8706022,"LATITUDE":-6.6665551,"STATUS":"BUKA","TANGGAL UPDATE":"27/02/2025","TANGGAL PENGUMPULAN":"Q4 2023","q":27444,"r":-15208}},{"type":"Feature","geometry":{"coordinates":[106.78546020000005,-6.460305399999925],"type":"Point"},"properties":{"NAMA":"KEBAB SUPER JUMBO DJAMER","TIPE_1":"MAKANAN DAN MINUMAN","TIPE_2":"RESTORAN","TIPE_3":"RESTORAN TIMUR TENGAH","TELEPON":"0895-2324-9734","ALAMAT":"SEBELAH PERUMAHAN GRANDE VALLEY, JL. DUREN BARU, CITAYAM, KECAMATAN BOJONGGEDE, KOTA DEPOK, JAWA BARAT 16920","ID_PROV":"32","PROVINSI":"JAWA BARAT","ID_KABKOT":"32.01","KABKOT":"BOGOR","ID_KEC":"32.01.13","KECAMATAN":"BOJONG GEDE","ID_DESA":"32.01.13.2003","DESA":"SUSUKAN","LONGITUDE":106.785460199999,"LATITUDE":-6.4603054,"STATUS":"BUKA","TANGGAL UPDATE":"27/02/2025","TANGGAL PENGUMPULAN":"Q4 2023","q":27422,"r":-15151}},{"type":"Feature","geometry":{"coordinates":[106.79950540000004,-6.530610699999954],"type":"Point"},"properties":{"NAMA":"ISTANBUL KEBAB TURKEY 107","TIPE_1":"MAKANAN DAN MINUMAN","TIPE_2":"RESTORAN","TIPE_3":"RESTORAN TIMUR TENGAH","TELEPON":"","ALAMAT":"JL. PENDIDIKAN NO.7-11, CILEBUT TIM., KEC. SUKARAJA, KABUPATEN BOGOR, JAWA BARAT 16710","ID_PROV":"32","PROVINSI":"JAWA BARAT","ID_KABKOT":"32.01","KABKOT":"BOGOR","ID_KEC":"32.01.04","KECAMATAN":"SUKARAJA","ID_DESA":"32.01.04.2003","DESA":"CILEBUT BARAT","LONGITUDE":106.7995054,"LATITUDE":-6.5306107,"STATUS":"BUKA","TANGGAL UPDATE":"27/02/2025","TANGGAL PENGUMPULAN":"Q4 2023","q":27425,"r":-15168}},{"type":"Feature","geometry":{"coordinates":[106.958768,-6.68818559999994],"type":"Point"},"properties":{"NAMA":"RESTAURANT KAMANNANA","TIPE_1":"MAKANAN DAN MINUMAN","TIPE_2":"RESTORAN","TIPE_3":"RESTORAN TIMUR TENGAH","TELEPON":"0822-1133-4423","ALAMAT":"JALAN RAYA PUNCAK TUGU NO.KM. 83,8, TUGU SEL., KEC. CISARUA, KABUPATEN BOGOR, JAWA BARAT 16750","ID_PROV":"32","PROVINSI":"JAWA BARAT","ID_KABKOT":"32.01","KABKOT":"BOGOR","ID_KEC":"32.01.25","KECAMATAN":"CISARUA","ID_DESA":"32.01.25.2006","DESA":"TUGU SELATAN","LONGITUDE":106.958768,"LATITUDE":-6.6881856,"STATUS":"BUKA","TANGGAL UPDATE":"27/02/2025","TANGGAL PENGUMPULAN":"Q4 2023","q":27466,"r":-15224}},{"type":"Feature","geometry":{"coordinates":[106.96561620000006,-6.694337899999937],"type":"Point"},"properties":{"NAMA":"FAIROUZ RESTAURANT","TIPE_1":"MAKANAN DAN MINUMAN","TIPE_2":"RESTORAN","TIPE_3":"RESTORAN TIMUR TENGAH","TELEPON":"0817-1717-2191","ALAMAT":"JL. RAYA PUNCAK GADOG NO.KM. 85, TUGU UTARA, KEC. CISARUA, KABUPATEN BOGOR, JAWA BARAT 16750","ID_PROV":"32","PROVINSI":"JAWA BARAT","ID_KABKOT":"32.01","KABKOT":"BOGOR","ID_KEC":"32.01.25","KECAMATAN":"CISARUA","ID_DESA":"32.01.25.2009","DESA":"TUGU UTARA","LONGITUDE":106.9656162,"LATITUDE":-6.6943379,"STATUS":"BUKA","TANGGAL UPDATE":"27/02/2025","TANGGAL PENGUMPULAN":"Q4 2023","q":27468,"r":-15226}},{"type":"Feature","geometry":{"coordinates":[106.95923380000005,-6.688013499999954],"type":"Point"},"properties":{"NAMA":"RESTAURANT MAMA NOURA","TIPE_1":"MAKANAN DAN MINUMAN","TIPE_2":"RESTORAN","TIPE_3":"RESTORAN TIMUR TENGAH","TELEPON":"0811-1709-444","ALAMAT":"JALAN RAYA PUNCAK KM. 83, GG. MACAN NO.14, TUGU UTARA, KEC. CISARUA, KABUPATEN BOGOR, JAWA BARAT 16750","ID_PROV":"32","PROVINSI":"JAWA BARAT","ID_KABKOT":"32.01","KABKOT":"BOGOR","ID_KEC":"32.01.25","KECAMATAN":"CISARUA","ID_DESA":"32.01.25.2009","DESA":"TUGU UTARA","LONGITUDE":106.959233799999,"LATITUDE":-6.6880135,"STATUS":"BUKA","TANGGAL UPDATE":"27/02/2025","TANGGAL PENGUMPULAN":"Q4 2023","q":27466,"r":-15224}},{"type":"Feature","geometry":{"coordinates":[106.96680940000005,-6.693997],"type":"Point"},"properties":{"NAMA":"ISTANBUL TURKEY RESTAURANT & CAFE PUNCAK","TIPE_1":"MAKANAN DAN MINUMAN","TIPE_2":"RESTORAN","TIPE_3":"RESTORAN TIMUR TENGAH","TELEPON":"(0251) 8255392","ALAMAT":"JL. LABUAN - CIANJUR NO.893, TUGU UTARA, KEC. CISARUA, KABUPATEN BOGOR, JAWA BARAT 16750","ID_PROV":"32","PROVINSI":"JAWA BARAT","ID_KABKOT":"32.01","KABKOT":"BOGOR","ID_KEC":"32.01.25","KECAMATAN":"CISARUA","ID_DESA":"32.01.25.2009","DESA":"TUGU UTARA","LONGITUDE":106.966809399999,"LATITUDE":-6.693997,"STATUS":"BUKA","TANGGAL UPDATE":"27/02/2025","TANGGAL PENGUMPULAN":"Q4 2023","q":27468,"r":-15226}},{"type":"Feature","geometry":{"coordinates":[106.95567150000005,-6.685832199999936],"type":"Point"},"properties":{"NAMA":"RESTAURANT REEM AL BAWADI","TIPE_1":"MAKANAN DAN MINUMAN","TIPE_2":"RESTORAN","TIPE_3":"RESTORAN TIMUR TENGAH","TELEPON":"(0251) 8257404","ALAMAT":"JL RAYA PUNCAK, KM.83.5, TUGU SELATAN, CIBEUREUM, CISARUA, TUGU SEL., KEC. CISARUA, KABUPATEN BOGOR, JAWA BARAT 16750","ID_PROV":"32","PROVINSI":"JAWA BARAT","ID_KABKOT":"32.01","KABKOT":"BOGOR","ID_KEC":"32.01.25","KECAMATAN":"CISARUA","ID_DESA":"32.01.25.2006","DESA":"TUGU SELATAN","LONGITUDE":106.9556715,"LATITUDE":-6.6858322,"STATUS":"BUKA","TANGGAL UPDATE":"27/02/2025","TANGGAL PENGUMPULAN":"Q4 2023","q":27466,"r":-15223}},{"type":"Feature","geometry":{"coordinates":[106.85826010000005,-6.567141899999967],"type":"Point"},"properties":{"NAMA":"PHO BA BA","TIPE_1":"MAKANAN DAN MINUMAN","TIPE_2":"RESTORAN","TIPE_3":"RESTORAN VIETNAM","TELEPON":"0821-1110-8616","ALAMAT":"AEON SENTUL MALL, JL. MH. THAMRIN, CITARINGGUL, BABAKAN MADANG, BOGOR REGENCY, WEST JAVA 16810","ID_PROV":"32","PROVINSI":"JAWA BARAT","ID_KABKOT":"32.01","KABKOT":"BOGOR","ID_KEC":"32.01.05","KECAMATAN":"BABAKAN MADANG","ID_DESA":"32.01.05.2007","DESA":"CITARINGGUL","LONGITUDE":106.8582601,"LATITUDE":-6.5671419,"STATUS":"BUKA","TANGGAL UPDATE":"27/02/2025","TANGGAL PENGUMPULAN":"Q4 2023","q":27441,"r":-15184}},{"type":"Feature","geometry":{"coordinates":[106.9624651,-6.3512769],"type":"Point"},"properties":{"NAMA":"FLEUDELYS CAFÃ©","TIPE_1":"MAKANAN DAN MINUMAN","TIPE_2":"RESTORAN","TIPE_3":"RESTORAN EROPA","TELEPON":"(021) 22997734","ALAMAT":"RUKO MADISON SQUARE BLOK SHC 1 11, JL. RAYA KOTA WISATA NO.11, CIANGSANA, GUNUNG PUTRI, BOGOR REGENCY, WEST JAVA 16968","ID_PROV":"32","PROVINSI":"JAWA BARAT","ID_KABKOT":"32.01","KABKOT":"BOGOR","ID_KEC":"32.01.02","KECAMATAN":"GUNUNG PUTRI","ID_DESA":"32.01.02.2003","DESA":"CIANGSANA","LONGITUDE":106.9624651,"LATITUDE":-6.3512769,"STATUS":"BUKA","TANGGAL UPDATE":"27/02/2025","TANGGAL PENGUMPULAN":"Q4 2023","q":27467,"r":-15149}},{"type":"Feature","geometry":{"coordinates":[106.7456547,-6.652678],"type":"Point"},"properties":{"NAMA":"WARUNG NASI RAOS TUANG","TIPE_1":"MAKANAN DAN MINUMAN","TIPE_2":"RESTORAN","TIPE_3":"RESTORAN EROPA","TELEPON":"0857-9555-6383","ALAMAT":"JL. RAYA CIAPUS, DESA TAMANSARI, RT. 02 / 07, TAMANSARI, KEC. TAMANSARI, KABUPATEN BOGOR, JAWA BARAT 16610","ID_PROV":"32","PROVINSI":"JAWA BARAT","ID_KABKOT":"32.01","KABKOT":"BOGOR","ID_KEC":"32.01.31","KECAMATAN":"TAMANSARI","ID_DESA":"32.01.31.2004","DESA":"TAMANSARI","LONGITUDE":106.7456547,"LATITUDE":-6.652678,"STATUS":"BUKA","TANGGAL UPDATE":"27/02/2025","TANGGAL PENGUMPULAN":"Q4 2023","q":27412,"r":-15189}},{"type":"Feature","geometry":{"coordinates":[106.8100207,-6.5108148],"type":"Point"},"properties":{"NAMA":"GRAPE CAMP","TIPE_1":"MAKANAN DAN MINUMAN","TIPE_2":"RESTORAN","TIPE_3":"RESTORAN EROPA","TELEPON":"","ALAMAT":"JL. ANGGUR RAYA, KARADENAN, KEC. CIBINONG, KABUPATEN BOGOR, JAWA BARAT 16913","ID_PROV":"32","PROVINSI":"JAWA BARAT","ID_KABKOT":"32.01","KABKOT":"BOGOR","ID_KEC":"32.01.01","KECAMATAN":"CIBINONG","ID_DESA":"32.01.01.1002","DESA":"KARADENAN","LONGITUDE":106.8100207,"LATITUDE":-6.5108148,"STATUS":"BUKA","TANGGAL UPDATE":"27/02/2025","TANGGAL PENGUMPULAN":"Q4 2023","q":27428,"r":-15165}},{"type":"Feature","geometry":{"coordinates":[106.9786369,-6.3952996],"type":"Point"},"properties":{"NAMA":"REST AREA PRANCIS","TIPE_1":"MAKANAN DAN MINUMAN","TIPE_2":"RESTORAN","TIPE_3":"RESTORAN EROPA","TELEPON":"0813-1631-8787","ALAMAT":"JL. GANDARIA TENGAH 7 NO.3, CIPENJO, KEC. CILEUNGSI, KABUPATEN BOGOR, JAWA BARAT 16820","ID_PROV":"32","PROVINSI":"JAWA BARAT","ID_KABKOT":"32.01","KABKOT":"BOGOR","ID_KEC":"32.01.07","KECAMATAN":"CILEUNGSI","ID_DESA":"32.01.07.2010","DESA":"CIPENJO","LONGITUDE":106.9786369,"LATITUDE":-6.3952996,"STATUS":"BUKA","TANGGAL UPDATE":"27/02/2025","TANGGAL PENGUMPULAN":"Q4 2023","q":27471,"r":-15161}},{"type":"Feature","geometry":{"coordinates":[106.8445951,-6.4501367],"type":"Point"},"properties":{"NAMA":"SING THAI MILENIAL","TIPE_1":"MAKANAN DAN MINUMAN","TIPE_2":"RESTORAN","TIPE_3":"RESTORAN THAILAND","TELEPON":"0813-9882-0174","ALAMAT":"JL. KP. PADURENAN NO.67, RT.07/RW.09, PABUARAN MEKAR, KEC. CIBINONG, KABUPATEN BOGOR, JAWA BARAT 16916","ID_PROV":"32","PROVINSI":"JAWA BARAT","ID_KABKOT":"32.01","KABKOT":"BOGOR","ID_KEC":"32.01.01","KECAMATAN":"CIBINONG","ID_DESA":"32.01.01.1013","DESA":"PABUARAN MEKAR","LONGITUDE":106.8445951,"LATITUDE":-6.4501367,"STATUS":"BUKA","TANGGAL UPDATE":"27/02/2025","TANGGAL PENGUMPULAN":"Q4 2023","q":27437,"r":-15156}},{"type":"Feature","geometry":{"coordinates":[106.8436447,-6.481447],"type":"Point"},"properties":{"NAMA":"AROOI GORENGAN MODERN THAILAND - CIBINONG CITY","TIPE_1":"MAKANAN DAN MINUMAN","TIPE_2":"RESTORAN","TIPE_3":"RESTORAN THAILAND","TELEPON":"0811-1330-1463","ALAMAT":"PAKANSARI, CIBINONG, BOGOR REGENCY, WEST JAVA 16915","ID_PROV":"32","PROVINSI":"JAWA BARAT","ID_KABKOT":"32.01","KABKOT":"BOGOR","ID_KEC":"32.01.01","KECAMATAN":"CIBINONG","ID_DESA":"32.01.01.1007","DESA":"PAKANSARI","LONGITUDE":106.8436447,"LATITUDE":-6.481447,"STATUS":"BUKA","TANGGAL UPDATE":"27/02/2025","TANGGAL PENGUMPULAN":"Q4 2023","q":27437,"r":-15163}},{"type":"Feature","geometry":{"coordinates":[106.6951137,-6.547308],"type":"Point"},"properties":{"NAMA":"JE-CO JELLY COCONUT","TIPE_1":"MAKANAN DAN MINUMAN","TIPE_2":"RESTORAN","TIPE_3":"RESTORAN THAILAND","TELEPON":"","ALAMAT":"JL. KP. BENTENG, RW.03, BENTENG, KEC. CIAMPEA, KABUPATEN BOGOR, JAWA BARAT 16620","ID_PROV":"32","PROVINSI":"JAWA BARAT","ID_KABKOT":"32.01","KABKOT":"BOGOR","ID_KEC":"32.01.15","KECAMATAN":"CIAMPEA","ID_DESA":"32.01.15.2012","DESA":"BENTENG","LONGITUDE":106.6951137,"LATITUDE":-6.547308,"STATUS":"BUKA","TANGGAL UPDATE":"27/02/2025","TANGGAL PENGUMPULAN":"Q4 2023","q":27399,"r":-15159}},{"type":"Feature","geometry":{"coordinates":[106.7963526,-6.5149133],"type":"Point"},"properties":{"NAMA":"MOTION DRINK'S","TIPE_1":"MAKANAN DAN MINUMAN","TIPE_2":"RESTORAN","TIPE_3":"RESTORAN THAILAND","TELEPON":"0852-1975-4862","ALAMAT":"JALAN RAYA BOJONGGEDE - CILEBUT NO. 72, RT.03/RW.11, DIKEBUT TIMUR, KEC. SUKARAJA, KABUPATEN BOGOR, JAWA BARAT 16710","ID_PROV":"32","PROVINSI":"JAWA BARAT","ID_KABKOT":"32.01","KABKOT":"BOGOR","ID_KEC":"32.01.04","KECAMATAN":"SUKARAJA","ID_DESA":"32.01.04.2002","DESA":"CILEBUT TIMUR","LONGITUDE":106.7963526,"LATITUDE":-6.5149133,"STATUS":"BUKA","TANGGAL UPDATE":"27/02/2025","TANGGAL PENGUMPULAN":"Q4 2023","q":27425,"r":-15164}},{"type":"Feature","geometry":{"coordinates":[106.8298423,-6.4735999],"type":"Point"},"properties":{"NAMA":"MANGO THAI & CEKER PEDAS RIZKY","TIPE_1":"MAKANAN DAN MINUMAN","TIPE_2":"RESTORAN","TIPE_3":"RESTORAN THAILAND","TELEPON":"","ALAMAT":"TENGAH, KEC. CIBINONG, KABUPATEN BOGOR, JAWA BARAT 16914","ID_PROV":"32","PROVINSI":"JAWA BARAT","ID_KABKOT":"32.01","KABKOT":"BOGOR","ID_KEC":"32.01.01","KECAMATAN":"CIBINONG","ID_DESA":"32.01.01.1008","DESA":"TENGAH","LONGITUDE":106.8298423,"LATITUDE":-6.4735999,"STATUS":"BUKA","TANGGAL UPDATE":"27/02/2025","TANGGAL PENGUMPULAN":"Q4 2023","q":27433,"r":-15159}},{"type":"Feature","geometry":{"coordinates":[106.9097913,-6.6531537],"type":"Point"},"properties":{"NAMA":"THAI AND VIETNAMESSE RESTO (THAI HAUS)","TIPE_1":"MAKANAN DAN MINUMAN","TIPE_2":"RESTORAN","TIPE_3":"RESTORAN THAILAND","TELEPON":"(0251) 8261225","ALAMAT":"CILEMBER, KEC. CISARUA, KABUPATEN BOGOR, JAWA BARAT 16750","ID_PROV":"32","PROVINSI":"JAWA BARAT","ID_KABKOT":"32.01","KABKOT":"BOGOR","ID_KEC":"32.01.25","KECAMATAN":"CISARUA","ID_DESA":"32.01.25.2004","DESA":"CILEMBER","LONGITUDE":106.9097913,"LATITUDE":-6.6531537,"STATUS":"BUKA","TANGGAL UPDATE":"27/02/2025","TANGGAL PENGUMPULAN":"Q4 2023","q":27454,"r":-15210}},{"type":"Feature","geometry":{"coordinates":[106.8818802,-6.5842361],"type":"Point"},"properties":{"NAMA":"TERRA THAI BY MYTHAI","TIPE_1":"MAKANAN DAN MINUMAN","TIPE_2":"RESTORAN","TIPE_3":"RESTORAN THAILAND","TELEPON":"0812-9449-5969","ALAMAT":"TAMAN BUDAYA, TAMAN BUDAYA SENTUL, JL. SILIWANGI NO.1, SENTUL CITY, KABUPATEN BOGOR, JAWA BARAT 16810","ID_PROV":"32","PROVINSI":"JAWA BARAT","ID_KABKOT":"32.01","KABKOT":"BOGOR","ID_KEC":"32.01.05","KECAMATAN":"BABAKAN MADANG","ID_DESA":"32.01.05.2002","DESA":"SUMURBATU","LONGITUDE":106.8818802,"LATITUDE":-6.5842361,"STATUS":"BUKA","TANGGAL UPDATE":"27/02/2025","TANGGAL PENGUMPULAN":"Q4 2023","q":27447,"r":-15191}},{"type":"Feature","geometry":{"coordinates":[106.6830685,-6.359632],"type":"Point"},"properties":{"NAMA":"CHEESE THAI TEA","TIPE_1":"MAKANAN DAN MINUMAN","TIPE_2":"RESTORAN","TIPE_3":"RESTORAN THAILAND","TELEPON":"0882-1110-9288","ALAMAT":"JL. KP. JELETRENG NO.15 RT.01/04, PENGASINAN, KEC. GN. SINDUR, KABUPATEN BOGOR, JAWA BARAT 16340","ID_PROV":"32","PROVINSI":"JAWA BARAT","ID_KABKOT":"32.01","KABKOT":"BOGOR","ID_KEC":"32.01.11","KECAMATAN":"GUNUNG SINDUR","ID_DESA":"32.01.11.2003","DESA":"PENGASINAN","LONGITUDE":106.6830685,"LATITUDE":-6.359632,"STATUS":"BUKA","TANGGAL UPDATE":"27/02/2025","TANGGAL PENGUMPULAN":"Q4 2023","q":27396,"r":-15115}},{"type":"Feature","geometry":{"coordinates":[106.6613463,-6.5748811],"type":"Point"},"properties":{"NAMA":"RUJAK JAMBU KRISTAL HJK JAWA-FATY 1","TIPE_1":"MAKANAN DAN MINUMAN","TIPE_2":"RESTORAN","TIPE_3":"RESTORAN THAILAND","TELEPON":"","ALAMAT":"CIBATOK 1, KEC. CIBUNGBULANG, KABUPATEN BOGOR, JAWA BARAT 16630","ID_PROV":"32","PROVINSI":"JAWA BARAT","ID_KABKOT":"32.01","KABKOT":"BOGOR","ID_KEC":"32.01.16","KECAMATAN":"CIBUNGBULANG","ID_DESA":"32.01.16.2004","DESA":"CIBATOK I","LONGITUDE":106.6613463,"LATITUDE":-6.5748811,"STATUS":"BUKA","TANGGAL UPDATE":"27/02/2025","TANGGAL PENGUMPULAN":"Q4 2023","q":27390,"r":-15160}},{"type":"Feature","geometry":{"coordinates":[106.6359485,-6.3678959],"type":"Point"},"properties":{"NAMA":"MIRMIR THAI TEA","TIPE_1":"MAKANAN DAN MINUMAN","TIPE_2":"RESTORAN","TIPE_3":"RESTORAN THAILAND","TELEPON":"0899-7706-751","ALAMAT":"JL. RAYA RUMPIN, SUKAMULYA, KEC. RUMPIN, KABUPATEN BOGOR, JAWA BARAT 16350","ID_PROV":"32","PROVINSI":"JAWA BARAT","ID_KABKOT":"32.01","KABKOT":"BOGOR","ID_KEC":"32.01.18","KECAMATAN":"RUMPIN","ID_DESA":"32.01.18.2012","DESA":"SUKAMULYA","LONGITUDE":106.6359485,"LATITUDE":-6.3678959,"STATUS":"BUKA","TANGGAL UPDATE":"27/02/2025","TANGGAL PENGUMPULAN":"Q4 2023","q":27383,"r":-15111}},{"type":"Feature","geometry":{"coordinates":[106.8022568,-6.4805806],"type":"Point"},"properties":{"NAMA":"HAPPY THAI TEA","TIPE_1":"MAKANAN DAN MINUMAN","TIPE_2":"RESTORAN","TIPE_3":"RESTORAN THAILAND","TELEPON":"0823-7280-5838","ALAMAT":"JL. RAYA BOJONG GEDE, KEDUNG WARINGIN, KECAMATAN BOJONGGEDE, KABUPATEN BOGOR, JAWA BARAT 16920","ID_PROV":"32","PROVINSI":"JAWA BARAT","ID_KABKOT":"32.01","KABKOT":"BOGOR","ID_KEC":"32.01.13","KECAMATAN":"BOJONG GEDE","ID_DESA":"32.01.13.2001","DESA":"BOJONGBARU","LONGITUDE":106.8022568,"LATITUDE":-6.4805806,"STATUS":"BUKA","TANGGAL UPDATE":"27/02/2025","TANGGAL PENGUMPULAN":"Q4 2023","q":27426,"r":-15157}},{"type":"Feature","geometry":{"coordinates":[106.8526549,-6.6614469],"type":"Point"},"properties":{"NAMA":"YEN THAI TEA ALFAMIDI CIAWI","TIPE_1":"MAKANAN DAN MINUMAN","TIPE_2":"RESTORAN","TIPE_3":"RESTORAN THAILAND","TELEPON":"0818-0826-5918","ALAMAT":"GADOG, KEC. CIAWI, KABUPATEN BOGOR, JAWA BARAT 16720","ID_PROV":"32","PROVINSI":"JAWA BARAT","ID_KABKOT":"32.01","KABKOT":"BOGOR","ID_KEC":"32.01.24","KECAMATAN":"CIAWI","ID_DESA":"32.01.24.2008","DESA":"BENDUNGAN","LONGITUDE":106.8526549,"LATITUDE":-6.6614469,"STATUS":"BUKA","TANGGAL UPDATE":"27/02/2025","TANGGAL PENGUMPULAN":"Q4 2023","q":27439,"r":-15204}},{"type":"Feature","geometry":{"coordinates":[106.7594545,-6.6017465],"type":"Point"},"properties":{"NAMA":"BOM BOM THAI TEA","TIPE_1":"MAKANAN DAN MINUMAN","TIPE_2":"RESTORAN","TIPE_3":"RESTORAN THAILAND","TELEPON":"0822-1313-4386","ALAMAT":"JL. PUSKESMAS, PAGELARAN, KEC. CIOMAS, KABUPATEN BOGOR, JAWA BARAT 16610","ID_PROV":"32","PROVINSI":"JAWA BARAT","ID_KABKOT":"32.01","KABKOT":"BOGOR","ID_KEC":"32.01.29","KECAMATAN":"CIOMAS","ID_DESA":"32.01.29.2006","DESA":"PAGELARAN","LONGITUDE":106.7594545,"LATITUDE":-6.6017465,"STATUS":"BUKA","TANGGAL UPDATE":"27/02/2025","TANGGAL PENGUMPULAN":"Q4 2023","q":27415,"r":-15179}},{"type":"Feature","geometry":{"coordinates":[106.7994176,-6.4969764],"type":"Point"},"properties":{"NAMA":"KOPMIL & THAI TEA","TIPE_1":"MAKANAN DAN MINUMAN","TIPE_2":"RESTORAN","TIPE_3":"RESTORAN THAILAND","TELEPON":"0819-0880-5844","ALAMAT":"JL. DELIMA I, KEDUNG WARINGIN, KECAMATAN BOJONGGEDE, KABUPATEN BOGOR, JAWA BARAT 16923","ID_PROV":"32","PROVINSI":"JAWA BARAT","ID_KABKOT":"32.01","KABKOT":"BOGOR","ID_KEC":"32.01.13","KECAMATAN":"BOJONG GEDE","ID_DESA":"32.01.13.2005","DESA":"KEDUNGWARINGIN","LONGITUDE":106.7994176,"LATITUDE":-6.4969764,"STATUS":"BUKA","TANGGAL UPDATE":"27/02/2025","TANGGAL PENGUMPULAN":"Q4 2023","q":27425,"r":-15161}},{"type":"Feature","geometry":{"coordinates":[106.699459,-6.4855223],"type":"Point"},"properties":{"NAMA":"NASI GORENG THAILAND","TIPE_1":"MAKANAN DAN MINUMAN","TIPE_2":"RESTORAN","TIPE_3":"NASI GORENG","TELEPON":"0857-7428-5758","ALAMAT":"JL. KAMPUNG TEGAL, KEMANG NAGROK INDOMARET NAGROK, KABUPATEN BOGOR, JAWA BARAT 16330","ID_PROV":"32","PROVINSI":"JAWA BARAT","ID_KABKOT":"32.01","KABKOT":"BOGOR","ID_KEC":"32.01.12","KECAMATAN":"KEMANG","ID_DESA":"32.01.12.2009","DESA":"TEGAL","LONGITUDE":106.699459,"LATITUDE":-6.4855223,"STATUS":"BUKA","TANGGAL UPDATE":"27/02/2025","TANGGAL PENGUMPULAN":"Q4 2023","q":27400,"r":-15145}},{"type":"Feature","geometry":{"coordinates":[106.92594970000005,-6.416969399999971],"type":"Point"},"properties":{"NAMA":"KEBAB MAS AVIZ GARDENIA","TIPE_1":"MAKANAN DAN MINUMAN","TIPE_2":"RESTORAN","TIPE_3":"RESTORAN TIMUR TENGAH","TELEPON":"0812-2466-0566","ALAMAT":"JALAN PERUMAHAN CIKEAS GARDENIA, CIKEAS UDIK, KEC. GN. PUTRI, KABUPATEN BOGOR, JAWA BARAT 16966","ID_PROV":"32","PROVINSI":"JAWA BARAT","ID_KABKOT":"32.01","KABKOT":"BOGOR","ID_KEC":"32.01.02","KECAMATAN":"GUNUNG PUTRI","ID_DESA":"32.01.02.2008","DESA":"CIKEAS UDIK","LONGITUDE":106.925949699999,"LATITUDE":-6.4169694,"STATUS":"BUKA","TANGGAL UPDATE":"27/02/2025","TANGGAL PENGUMPULAN":"Q4 2023","q":27458,"r":-15159}},{"type":"Feature","geometry":{"coordinates":[106.76212090000007,-6.602069299999926],"type":"Point"},"properties":{"NAMA":"ISTANBUL KEBAB TURKI CABCIOMAS","TIPE_1":"MAKANAN DAN MINUMAN","TIPE_2":"RESTORAN","TIPE_3":"RESTORAN TIMUR TENGAH","TELEPON":"","ALAMAT":"3, JL. RAYA CIOMAS KRETEG NO.8, RW.5, PADASUKA, CIOMAS, BOGOR REGENCY, WEST JAVA 16610","ID_PROV":"32","PROVINSI":"JAWA BARAT","ID_KABKOT":"32.01","KABKOT":"BOGOR","ID_KEC":"32.01.29","KECAMATAN":"CIOMAS","ID_DESA":"32.01.29.1003","DESA":"PADASUKA","LONGITUDE":106.7621209,"LATITUDE":-6.6020693,"STATUS":"BUKA","TANGGAL UPDATE":"27/02/2025","TANGGAL PENGUMPULAN":"Q4 2023","q":27416,"r":-15179}},{"type":"Feature","geometry":{"coordinates":[106.70143190000005,-6.364773399999933],"type":"Point"},"properties":{"NAMA":"BANG AJI ARABIAN KEBAB","TIPE_1":"MAKANAN DAN MINUMAN","TIPE_2":"RESTORAN","TIPE_3":"RESTORAN TIMUR TENGAH","TELEPON":"","ALAMAT":"JL. PENDIDIKAN NO.19, RAWAKALONG, GUNUNG SINDUR, BOGOR REGENCY, WEST JAVA 16340","ID_PROV":"32","PROVINSI":"JAWA BARAT","ID_KABKOT":"32.01","KABKOT":"BOGOR","ID_KEC":"32.01.11","KECAMATAN":"GUNUNG SINDUR","ID_DESA":"32.01.11.2009","DESA":"RAWAKALONG","LONGITUDE":106.701431899999,"LATITUDE":-6.3647734,"STATUS":"BUKA","TANGGAL UPDATE":"27/02/2025","TANGGAL PENGUMPULAN":"Q4 2023","q":27400,"r":-15119}},{"type":"Feature","geometry":{"coordinates":[106.79220890000005,-6.442216599999938],"type":"Point"},"properties":{"NAMA":"KEBAB TURKI ABOEBAH","TIPE_1":"MAKANAN DAN MINUMAN","TIPE_2":"RESTORAN","TIPE_3":"RESTORAN TIMUR TENGAH","TELEPON":"","ALAMAT":"JL. SEDAP MALAM RAYA NO.2, RAGAJAYA, KECAMATAN BOJONGGEDE, KABUPATEN BOGOR, JAWA BARAT 16920","ID_PROV":"32","PROVINSI":"JAWA BARAT","ID_KABKOT":"32.01","KABKOT":"BOGOR","ID_KEC":"32.01.13","KECAMATAN":"BOJONG GEDE","ID_DESA":"32.01.13.2004","DESA":"RAGAJAYA","LONGITUDE":106.792208899999,"LATITUDE":-6.4422166,"STATUS":"BUKA","TANGGAL UPDATE":"27/02/2025","TANGGAL PENGUMPULAN":"Q4 2023","q":27424,"r":-15147}},{"type":"Feature","geometry":{"coordinates":[106.85004340000006,-6.445019599999966],"type":"Point"},"properties":{"NAMA":"KEBAB BAKAR BAROKAH","TIPE_1":"MAKANAN DAN MINUMAN","TIPE_2":"RESTORAN","TIPE_3":"RESTORAN TIMUR TENGAH","TELEPON":"0896-1522-2786","ALAMAT":"JL. AL BAROKAH, PABUARAN, KEC. CIBINONG, KABUPATEN BOGOR, JAWA BARAT 16916","ID_PROV":"32","PROVINSI":"JAWA BARAT","ID_KABKOT":"32.01","KABKOT":"BOGOR","ID_KEC":"32.01.01","KECAMATAN":"CIBINONG","ID_DESA":"32.01.01.1013","DESA":"PABUARAN MEKAR","LONGITUDE":106.850043399999,"LATITUDE":-6.4450196,"STATUS":"BUKA","TANGGAL UPDATE":"27/02/2025","TANGGAL PENGUMPULAN":"Q4 2023","q":27438,"r":-15156}},{"type":"Feature","geometry":{"coordinates":[106.79543860000007,-6.462776399999939],"type":"Point"},"properties":{"NAMA":"KEBULI AL-HUSEIN","TIPE_1":"MAKANAN DAN MINUMAN","TIPE_2":"RESTORAN","TIPE_3":"RESTORAN TIMUR TENGAH","TELEPON":"0856-9341-8425","ALAMAT":"JL. H. MOH. DAHLAN NO.42-99, PABUARAN, KECAMATAN BOJONGGEDE, KABUPATEN BOGOR, JAWA BARAT 16921","ID_PROV":"32","PROVINSI":"JAWA BARAT","ID_KABKOT":"32.01","KABKOT":"BOGOR","ID_KEC":"32.01.13","KECAMATAN":"BOJONG GEDE","ID_DESA":"32.01.13.1007","DESA":"PABUARAN","LONGITUDE":106.7954386,"LATITUDE":-6.4627764,"STATUS":"BUKA","TANGGAL UPDATE":"27/02/2025","TANGGAL PENGUMPULAN":"Q4 2023","q":27424,"r":-15153}},{"type":"Feature","geometry":{"coordinates":[106.86282910000006,-6.479588599999943],"type":"Point"},"properties":{"NAMA":"ISTANBUL KEBAB TURKI CABNURDIN","TIPE_1":"MAKANAN DAN MINUMAN","TIPE_2":"RESTORAN","TIPE_3":"RESTORAN TIMUR TENGAH","TELEPON":"","ALAMAT":"JL. H. MOH. ASHARI NO.11, CIRIMEKAR, CIBINONG, BOGOR REGENCY, WEST JAVA 16917","ID_PROV":"32","PROVINSI":"JAWA BARAT","ID_KABKOT":"32.01","KABKOT":"BOGOR","ID_KEC":"32.01.01","KECAMATAN":"CIBINONG","ID_DESA":"32.01.01.1011","DESA":"CIRIMEKAR","LONGITUDE":106.8628291,"LATITUDE":-6.4795886,"STATUS":"BUKA","TANGGAL UPDATE":"27/02/2025","TANGGAL PENGUMPULAN":"Q4 2023","q":27442,"r":-15165}},{"type":"Feature","geometry":{"coordinates":[106.97193890000005,-6.421158399999968],"type":"Point"},"properties":{"NAMA":"MR BENN KEBAB","TIPE_1":"MAKANAN DAN MINUMAN","TIPE_2":"RESTORAN","TIPE_3":"RESTORAN TIMUR TENGAH","TELEPON":"0813-8058-7863","ALAMAT":"PURI HARMONI, DAYEUH, KEC. CILEUNGSI, KABUPATEN BOGOR, JAWA BARAT 16820","ID_PROV":"32","PROVINSI":"JAWA BARAT","ID_KABKOT":"32.01","KABKOT":"BOGOR","ID_KEC":"32.01.07","KECAMATAN":"CILEUNGSI","ID_DESA":"32.01.07.2004","DESA":"DAYEUH","LONGITUDE":106.9719389,"LATITUDE":-6.4211584,"STATUS":"BUKA","TANGGAL UPDATE":"27/02/2025","TANGGAL PENGUMPULAN":"Q4 2023","q":27470,"r":-15166}},{"type":"Feature","geometry":{"coordinates":[106.96539450000006,-6.413361499999951],"type":"Point"},"properties":{"NAMA":"KEBAB TURKEY PERMATA CIBUBUR","TIPE_1":"MAKANAN DAN MINUMAN","TIPE_2":"RESTORAN","TIPE_3":"RESTORAN TIMUR TENGAH","TELEPON":"0896-0771-9677","ALAMAT":"RUKO PERMATA CIBUBUR, BLK. A4 NO.18, CILEUNGSI KIDUL, KEC. CILEUNGSI, KABUPATEN BOGOR, JAWA BARAT 16820","ID_PROV":"32","PROVINSI":"JAWA BARAT","ID_KABKOT":"32.01","KABKOT":"BOGOR","ID_KEC":"32.01.07","KECAMATAN":"CILEUNGSI","ID_DESA":"32.01.07.2007","DESA":"CILEUNGSI KIDUL","LONGITUDE":106.9653945,"LATITUDE":-6.4133615,"STATUS":"BUKA","TANGGAL UPDATE":"27/02/2025","TANGGAL PENGUMPULAN":"Q4 2023","q":27468,"r":-15163}},{"type":"Feature","geometry":{"coordinates":[106.7938238,-6.6933228],"type":"Point"},"properties":{"NAMA":"AYAM GEPREK RAWS JILID 1","TIPE_1":"MAKANAN DAN MINUMAN","TIPE_2":"RESTORAN","TIPE_3":"RESTORAN AYAM","TELEPON":"0813-1537-9812","ALAMAT":"JLN K.H HALIMI, NAGRAK, RT.01/RW.01, CIPELANG, KEC.CINERUK, KABUPATEN BOGOR, JAWA BARAT 16744","ID_PROV":"32","PROVINSI":"JAWA BARAT","ID_KABKOT":"32.01","KABKOT":"BOGOR","ID_KEC":"32.01.28","KECAMATAN":"CIJERUK","ID_DESA":"32.01.28.2002","DESA":"CIPELANG","LONGITUDE":106.7938238,"LATITUDE":-6.6933228,"STATUS":"BUKA","TANGGAL UPDATE":"27/02/2025","TANGGAL PENGUMPULAN":"Q4 2023","q":27424,"r":-15204}},{"type":"Feature","geometry":{"coordinates":[106.9345081,-6.6797292],"type":"Point"},"properties":{"NAMA":"AYAM GEPREK KHALIFAH","TIPE_1":"MAKANAN DAN MINUMAN","TIPE_2":"RESTORAN","TIPE_3":"RESTORAN AYAM","TELEPON":"0878-0382-1321","ALAMAT":"DEPAN KANTOR KELURAHAN, JL. SILIWANGI, CISARUA, KABUPATEN BOGOR, JAWA BARAT 16750","ID_PROV":"32","PROVINSI":"JAWA BARAT","ID_KABKOT":"32.01","KABKOT":"BOGOR","ID_KEC":"32.01.25","KECAMATAN":"CISARUA","ID_DESA":"32.01.25.1010","DESA":"CISARUA","LONGITUDE":106.9345081,"LATITUDE":-6.6797292,"STATUS":"BUKA","TANGGAL UPDATE":"27/02/2025","TANGGAL PENGUMPULAN":"Q4 2023","q":27460,"r":-15219}},{"type":"Feature","geometry":{"coordinates":[106.9299644,-6.6783308],"type":"Point"},"properties":{"NAMA":"AYAM BAKAR KANG ASEP","TIPE_1":"MAKANAN DAN MINUMAN","TIPE_2":"RESTORAN","TIPE_3":"RESTORAN AYAM","TELEPON":"0821-1252-3884","ALAMAT":"JL. RAYA PUNCAK - CIANJUR NO.583, CISARUA, KEC. CISARUA, KABUPATEN BOGOR, JAWA BARAT 16750","ID_PROV":"32","PROVINSI":"JAWA BARAT","ID_KABKOT":"32.01","KABKOT":"BOGOR","ID_KEC":"32.01.25","KECAMATAN":"CISARUA","ID_DESA":"32.01.25.1010","DESA":"CISARUA","LONGITUDE":106.9299644,"LATITUDE":-6.6783308,"STATUS":"BUKA","TANGGAL UPDATE":"27/02/2025","TANGGAL PENGUMPULAN":"Q4 2023","q":27459,"r":-15218}},{"type":"Feature","geometry":{"coordinates":[106.9300219,-6.6786074],"type":"Point"},"properties":{"NAMA":"AYAM BAKAR PRAJA 2","TIPE_1":"MAKANAN DAN MINUMAN","TIPE_2":"RESTORAN","TIPE_3":"RESTORAN AYAM","TELEPON":"0819-1800-1945","ALAMAT":"JL. RAYA PUNCAK GADOG KELURAHAN NO.4, CISARUA, KEC. CISARUA, KABUPATEN BOGOR, JAWA BARAT 16750","ID_PROV":"32","PROVINSI":"JAWA BARAT","ID_KABKOT":"32.01","KABKOT":"BOGOR","ID_KEC":"32.01.25","KECAMATAN":"CISARUA","ID_DESA":"32.01.25.1010","DESA":"CISARUA","LONGITUDE":106.9300219,"LATITUDE":-6.6786074,"STATUS":"BUKA","TANGGAL UPDATE":"27/02/2025","TANGGAL PENGUMPULAN":"Q4 2023","q":27459,"r":-15218}},{"type":"Feature","geometry":{"coordinates":[106.9329091,-6.6621589],"type":"Point"},"properties":{"NAMA":"AYAM POTONG SEGAR","TIPE_1":"MAKANAN DAN MINUMAN","TIPE_2":"RESTORAN","TIPE_3":"RESTORAN AYAM","TELEPON":"0812-8281-6929","ALAMAT":"KP . CILEMBER RT/RW 04/04 DESA JOGJOGAN, JOGJOGAN, KEC. CISARUA, KABUPATEN BOGOR, JAWA BARAT 16750","ID_PROV":"32","PROVINSI":"JAWA BARAT","ID_KABKOT":"32.01","KABKOT":"BOGOR","ID_KEC":"32.01.25","KECAMATAN":"CISARUA","ID_DESA":"32.01.25.2002","DESA":"JOGJOGAN","LONGITUDE":106.9329091,"LATITUDE":-6.6621589,"STATUS":"BUKA","TANGGAL UPDATE":"27/02/2025","TANGGAL PENGUMPULAN":"Q4 2023","q":27460,"r":-15215}},{"type":"Feature","geometry":{"coordinates":[106.9292266,-6.676433],"type":"Point"},"properties":{"NAMA":"WARUNG COBEK CISARUA","TIPE_1":"MAKANAN DAN MINUMAN","TIPE_2":"RESTORAN","TIPE_3":"RESTORAN AYAM","TELEPON":"0878-7422-0666","ALAMAT":"JL. RAYA PUNCAK - CIANJUR NO.566, CITEKO, KEC. CISARUA, KABUPATEN BOGOR, JAWA BARAT 16750","ID_PROV":"32","PROVINSI":"JAWA BARAT","ID_KABKOT":"32.01","KABKOT":"BOGOR","ID_KEC":"32.01.25","KECAMATAN":"CISARUA","ID_DESA":"32.01.25.1010","DESA":"CISARUA","LONGITUDE":106.9292266,"LATITUDE":-6.676433,"STATUS":"BUKA","TANGGAL UPDATE":"27/02/2025","TANGGAL PENGUMPULAN":"Q4 2023","q":27459,"r":-15218}},{"type":"Feature","geometry":{"coordinates":[106.9228328,-6.6663244],"type":"Point"},"properties":{"NAMA":"CHEESE CHICKEN PUNCAK","TIPE_1":"MAKANAN DAN MINUMAN","TIPE_2":"RESTORAN","TIPE_3":"RESTORAN AYAM","TELEPON":"0813-8565-4363","ALAMAT":"LEUWIMALANG, KEC. CISARUA, KABUPATEN BOGOR, JAWA BARAT 16750","ID_PROV":"32","PROVINSI":"JAWA BARAT","ID_KABKOT":"32.01","KABKOT":"BOGOR","ID_KEC":"32.01.25","KECAMATAN":"CISARUA","ID_DESA":"32.01.25.2008","DESA":"KOPO","LONGITUDE":106.9228328,"LATITUDE":-6.6663244,"STATUS":"BUKA","TANGGAL UPDATE":"27/02/2025","TANGGAL PENGUMPULAN":"Q4 2023","q":27457,"r":-15214}},{"type":"Feature","geometry":{"coordinates":[106.8615275,-6.6550281],"type":"Point"},"properties":{"NAMA":"THE CC CHICKEN","TIPE_1":"MAKANAN DAN MINUMAN","TIPE_2":"RESTORAN","TIPE_3":"RESTORAN AYAM","TELEPON":"0813-8291-5550","ALAMAT":"JL. RAYA PUNCAK - CIANJUR NO.27, PANDANSARI, KEC. CIAWI, KABUPATEN BOGOR, JAWA BARAT 16770","ID_PROV":"32","PROVINSI":"JAWA BARAT","ID_KABKOT":"32.01","KABKOT":"BOGOR","ID_KEC":"32.01.26","KECAMATAN":"MEGAMENDUNG","ID_DESA":"32.01.26.2003","DESA":"GADOG","LONGITUDE":106.8615275,"LATITUDE":-6.6550281,"STATUS":"BUKA","TANGGAL UPDATE":"27/02/2025","TANGGAL PENGUMPULAN":"Q4 2023","q":27441,"r":-15204}},{"type":"Feature","geometry":{"coordinates":[106.856011,-6.6629885],"type":"Point"},"properties":{"NAMA":"AYAM BAKAR MANG PE'I","TIPE_1":"MAKANAN DAN MINUMAN","TIPE_2":"RESTORAN","TIPE_3":"RESTORAN AYAM","TELEPON":"0812-8463-8736","ALAMAT":"JL. RAYA PUNCAK GADOG, BENDUNGAN, KEC. CIAWI, KABUPATEN BOGOR, JAWA BARAT 16720","ID_PROV":"32","PROVINSI":"JAWA BARAT","ID_KABKOT":"32.01","KABKOT":"BOGOR","ID_KEC":"32.01.24","KECAMATAN":"CIAWI","ID_DESA":"32.01.24.2008","DESA":"BENDUNGAN","LONGITUDE":106.856011,"LATITUDE":-6.6629885,"STATUS":"BUKA","TANGGAL UPDATE":"27/02/2025","TANGGAL PENGUMPULAN":"Q4 2023","q":27440,"r":-15205}},{"type":"Feature","geometry":{"coordinates":[106.8622451,-6.6546689],"type":"Point"},"properties":{"NAMA":"WARUNG AYAM GEPREK GADOG","TIPE_1":"MAKANAN DAN MINUMAN","TIPE_2":"RESTORAN","TIPE_3":"RESTORAN AYAM","TELEPON":"0895-4031-7883","ALAMAT":"JL. RAYA PUNCAK - CIANJUR NO.99, KP. PARUNG JAMBU, PANDANSARI, KEC. CIAWI, KABUPATEN BOGOR, JAWA BARAT 16770","ID_PROV":"32","PROVINSI":"JAWA BARAT","ID_KABKOT":"32.01","KABKOT":"BOGOR","ID_KEC":"32.01.24","KECAMATAN":"CIAWI","ID_DESA":"32.01.24.2009","DESA":"PANDAN SARI","LONGITUDE":106.8622451,"LATITUDE":-6.6546689,"STATUS":"BUKA","TANGGAL UPDATE":"27/02/2025","TANGGAL PENGUMPULAN":"Q4 2023","q":27442,"r":-15204}},{"type":"Feature","geometry":{"coordinates":[106.8541643,-6.6624298],"type":"Point"},"properties":{"NAMA":"AYAM GEPREK DLAUX15","TIPE_1":"MAKANAN DAN MINUMAN","TIPE_2":"RESTORAN","TIPE_3":"RESTORAN AYAM","TELEPON":"0822-5821-4449","ALAMAT":"SDN CIAWI 1, 2, RW.3, BENDUNGAN, KEC. CIAWI, KABUPATEN BOGOR, JAWA BARAT 16720","ID_PROV":"32","PROVINSI":"JAWA BARAT","ID_KABKOT":"32.01","KABKOT":"BOGOR","ID_KEC":"32.01.24","KECAMATAN":"CIAWI","ID_DESA":"32.01.24.2008","DESA":"BENDUNGAN","LONGITUDE":106.8541643,"LATITUDE":-6.6624298,"STATUS":"BUKA","TANGGAL UPDATE":"27/02/2025","TANGGAL PENGUMPULAN":"Q4 2023","q":27439,"r":-15205}},{"type":"Feature","geometry":{"coordinates":[106.8734177,-6.6536099],"type":"Point"},"properties":{"NAMA":"SEUHAH AYAM PENYET","TIPE_1":"MAKANAN DAN MINUMAN","TIPE_2":"RESTORAN","TIPE_3":"RESTORAN AYAM","TELEPON":"0822-1119-1268","ALAMAT":"JL RAYA PUNCAK GADOG KM12 NO 53, CIPAYUNG DATAR, KEC. MEGAMENDUNG, KABUPATEN BOGOR, JAWA BARAT 16770","ID_PROV":"32","PROVINSI":"JAWA BARAT","ID_KABKOT":"32.01","KABKOT":"BOGOR","ID_KEC":"32.01.26","KECAMATAN":"MEGAMENDUNG","ID_DESA":"32.01.26.2006","DESA":"CIPAYUNG","LONGITUDE":106.8734177,"LATITUDE":-6.6536099,"STATUS":"BUKA","TANGGAL UPDATE":"27/02/2025","TANGGAL PENGUMPULAN":"Q4 2023","q":27444,"r":-15205}},{"type":"Feature","geometry":{"coordinates":[106.8668594,-6.6503453],"type":"Point"},"properties":{"NAMA":"AYAM GEPREK OM BUTOR","TIPE_1":"MAKANAN DAN MINUMAN","TIPE_2":"RESTORAN","TIPE_3":"RESTORAN AYAM","TELEPON":"0838-0580-5647","ALAMAT":"JL. RAYA PASIR ANGIN, CIPAYUNG DATAR, KEC. MEGAMENDUNG, KABUPATEN BOGOR, JAWA BARAT 16770","ID_PROV":"32","PROVINSI":"JAWA BARAT","ID_KABKOT":"32.01","KABKOT":"BOGOR","ID_KEC":"32.01.26","KECAMATAN":"MEGAMENDUNG","ID_DESA":"32.01.26.2012","DESA":"PASIR ANGIN","LONGITUDE":106.8668594,"LATITUDE":-6.6503453,"STATUS":"BUKA","TANGGAL UPDATE":"27/02/2025","TANGGAL PENGUMPULAN":"Q4 2023","q":27443,"r":-15204}},{"type":"Feature","geometry":{"coordinates":[106.9356211,-6.6872491],"type":"Point"},"properties":{"NAMA":"AYAM GEPREK WIDANDRI","TIPE_1":"MAKANAN DAN MINUMAN","TIPE_2":"RESTORAN","TIPE_3":"RESTORAN AYAM","TELEPON":"0822-6195-4031","ALAMAT":"JL.RAYA PUNCAK KP.CIBEUREUM RT.002 RW.001 KEL.DESA.CIBEUREUM.GG MKM KP.CIBEUREUM, GG.MKM SDN NO.01, RT.002/RW.001, CITEKO, KEC. CISARUA, KABUPATEN BOGOR, JAWA BARAT 16750","ID_PROV":"32","PROVINSI":"JAWA BARAT","ID_KABKOT":"32.01","KABKOT":"BOGOR","ID_KEC":"32.01.25","KECAMATAN":"CISARUA","ID_DESA":"32.01.25.2003","DESA":"CIBEUREUM","LONGITUDE":106.9356211,"LATITUDE":-6.6872491,"STATUS":"BUKA","TANGGAL UPDATE":"27/02/2025","TANGGAL PENGUMPULAN":"Q4 2023","q":27460,"r":-15221}},{"type":"Feature","geometry":{"coordinates":[106.8456473,-6.6875878],"type":"Point"},"properties":{"NAMA":"AYAM GEPREK PAK DEDI","TIPE_1":"MAKANAN DAN MINUMAN","TIPE_2":"RESTORAN","TIPE_3":"RESTORAN AYAM","TELEPON":"0896-3628-9518","ALAMAT":"JL.CIAWI-BENDA KM.03, KP. RANJI RT.01/RW.03, KEL, BITUNG SARI, KEC. CIAWI, KABUPATEN BOGOR, JAWA BARAT 16720","ID_PROV":"32","PROVINSI":"JAWA BARAT","ID_KABKOT":"32.01","KABKOT":"BOGOR","ID_KEC":"32.01.24","KECAMATAN":"CIAWI","ID_DESA":"32.01.24.2013","DESA":"BITUNGSARI","LONGITUDE":106.8456473,"LATITUDE":-6.6875878,"STATUS":"BUKA","TANGGAL UPDATE":"27/02/2025","TANGGAL PENGUMPULAN":"Q4 2023","q":27437,"r":-15209}},{"type":"Feature","geometry":{"coordinates":[106.9443316,-6.6857446],"type":"Point"},"properties":{"NAMA":"WARUNG ALL AYAM GEPREK","TIPE_1":"MAKANAN DAN MINUMAN","TIPE_2":"RESTORAN","TIPE_3":"RESTORAN AYAM","TELEPON":"0812-1253-5492","ALAMAT":"JL. RAYA PUNCAK - CIANJUR NO.99, CISARUA, BOGOR REGENCY, WEST JAVA 16750","ID_PROV":"32","PROVINSI":"JAWA BARAT","ID_KABKOT":"32.01","KABKOT":"BOGOR","ID_KEC":"32.01.25","KECAMATAN":"CISARUA","ID_DESA":"32.01.25.2001","DESA":"BATULAYANG","LONGITUDE":106.9443316,"LATITUDE":-6.6857446,"STATUS":"BUKA","TANGGAL UPDATE":"27/02/2025","TANGGAL PENGUMPULAN":"Q4 2023","q":27463,"r":-15222}},{"type":"Feature","geometry":{"coordinates":[106.9401271,-6.6875102],"type":"Point"},"properties":{"NAMA":"AYAM GEPREK POENTJAK","TIPE_1":"MAKANAN DAN MINUMAN","TIPE_2":"RESTORAN","TIPE_3":"RESTORAN AYAM","TELEPON":"0812-9117-7227","ALAMAT":"JL. TAMAN SAFARI, CIBEUREUM, KEC. CISARUA, KABUPATEN BOGOR, JAWA BARAT 16750","ID_PROV":"32","PROVINSI":"JAWA BARAT","ID_KABKOT":"32.01","KABKOT":"BOGOR","ID_KEC":"32.01.25","KECAMATAN":"CISARUA","ID_DESA":"32.01.25.2003","DESA":"CIBEUREUM","LONGITUDE":106.9401271,"LATITUDE":-6.6875102,"STATUS":"BUKA","TANGGAL UPDATE":"27/02/2025","TANGGAL PENGUMPULAN":"Q4 2023","q":27462,"r":-15221}},{"type":"Feature","geometry":{"coordinates":[106.9356826,-6.6837962],"type":"Point"},"properties":{"NAMA":"AYAM G-PREX MAMAH PUTRA","TIPE_1":"MAKANAN DAN MINUMAN","TIPE_2":"RESTORAN","TIPE_3":"RESTORAN AYAM","TELEPON":"0819-1197-8396","ALAMAT":"JL. RAYA PUNCAK GADOG NO.KM 81, RW.3, CIBEUREUM, KEC. CISARUA, KABUPATEN BOGOR, JAWA BARAT 16750","ID_PROV":"32","PROVINSI":"JAWA BARAT","ID_KABKOT":"32.01","KABKOT":"BOGOR","ID_KEC":"32.01.25","KECAMATAN":"CISARUA","ID_DESA":"32.01.25.1010","DESA":"CISARUA","LONGITUDE":106.9356826,"LATITUDE":-6.6837962,"STATUS":"BUKA","TANGGAL UPDATE":"27/02/2025","TANGGAL PENGUMPULAN":"Q4 2023","q":27460,"r":-15220}},{"type":"Feature","geometry":{"coordinates":[106.9436133,-6.6826271],"type":"Point"},"properties":{"NAMA":"CHICKEN KING","TIPE_1":"MAKANAN DAN MINUMAN","TIPE_2":"RESTORAN","TIPE_3":"RESTORAN AYAM","TELEPON":"0838-1120-2248","ALAMAT":"CISARUA, KEC. CISARUA, KABUPATEN BOGOR, JAWA BARAT 16750","ID_PROV":"32","PROVINSI":"JAWA BARAT","ID_KABKOT":"32.01","KABKOT":"BOGOR","ID_KEC":"32.01.25","KECAMATAN":"CISARUA","ID_DESA":"32.01.25.2001","DESA":"BATULAYANG","LONGITUDE":106.9436133,"LATITUDE":-6.6826271,"STATUS":"BUKA","TANGGAL UPDATE":"27/02/2025","TANGGAL PENGUMPULAN":"Q4 2023","q":27462,"r":-15221}},{"type":"Feature","geometry":{"coordinates":[106.9485538,-6.6839653],"type":"Point"},"properties":{"NAMA":"WARUNG PECEL AYAM THE KAY","TIPE_1":"MAKANAN DAN MINUMAN","TIPE_2":"RESTORAN","TIPE_3":"RESTORAN AYAM","TELEPON":"0895-1750-1813","ALAMAT":"JL. RAYA PUNCAK - CIANJUR NO.9, CIBEUREUM, KEC. CISARUA, KABUPATEN BOGOR, JAWA BARAT 16750","ID_PROV":"32","PROVINSI":"JAWA BARAT","ID_KABKOT":"32.01","KABKOT":"BOGOR","ID_KEC":"32.01.25","KECAMATAN":"CISARUA","ID_DESA":"32.01.25.2006","DESA":"TUGU SELATAN","LONGITUDE":106.9485538,"LATITUDE":-6.6839653,"STATUS":"BUKA","TANGGAL UPDATE":"27/02/2025","TANGGAL PENGUMPULAN":"Q4 2023","q":27464,"r":-15222}},{"type":"Feature","geometry":{"coordinates":[106.9335458,-6.6813299],"type":"Point"},"properties":{"NAMA":"AYAM GEPREK FUCKBOY (WARUNGFUCKBOY)","TIPE_1":"MAKANAN DAN MINUMAN","TIPE_2":"RESTORAN","TIPE_3":"RESTORAN AYAM","TELEPON":"0812-1103-4022","ALAMAT":"JL. RAYA PUNCAK - GADOG NO.57, RW.KM. 81, CISARUA, KEC. CISARUA, KABUPATEN BOGOR, JAWA BARAT 16750","ID_PROV":"32","PROVINSI":"JAWA BARAT","ID_KABKOT":"32.01","KABKOT":"BOGOR","ID_KEC":"32.01.25","KECAMATAN":"CISARUA","ID_DESA":"32.01.25.1010","DESA":"CISARUA","LONGITUDE":106.9335458,"LATITUDE":-6.6813299,"STATUS":"BUKA","TANGGAL UPDATE":"27/02/2025","TANGGAL PENGUMPULAN":"Q4 2023","q":27460,"r":-15219}},{"type":"Feature","geometry":{"coordinates":[106.8695296,-6.652275],"type":"Point"},"properties":{"NAMA":"AYAM GEPREK MAS TOMO","TIPE_1":"MAKANAN DAN MINUMAN","TIPE_2":"RESTORAN","TIPE_3":"RESTORAN AYAM","TELEPON":"0859-2539-8058","ALAMAT":"JL. NASIONAL NO.11, CIPAYUNG DATAR, KEC. MEGAMENDUNG, KABUPATEN BOGOR, JAWA BARAT 16770","ID_PROV":"32","PROVINSI":"JAWA BARAT","ID_KABKOT":"32.01","KABKOT":"BOGOR","ID_KEC":"32.01.26","KECAMATAN":"MEGAMENDUNG","ID_DESA":"32.01.26.2012","DESA":"PASIR ANGIN","LONGITUDE":106.8695296,"LATITUDE":-6.652275,"STATUS":"BUKA","TANGGAL UPDATE":"27/02/2025","TANGGAL PENGUMPULAN":"Q4 2023","q":27443,"r":-15204}},{"type":"Feature","geometry":{"coordinates":[106.8902418,-6.6513778],"type":"Point"},"properties":{"NAMA":"AYAM PENYET N'DAY","TIPE_1":"MAKANAN DAN MINUMAN","TIPE_2":"RESTORAN","TIPE_3":"RESTORAN AYAM","TELEPON":"0858-8370-7776","ALAMAT":"SPBU, REST AREA, JL. RAYA CIBOGO PUNCAK, CIPAYUNG DATAR, KEC. MEGAMENDUNG, KABUPATEN BOGOR, JAWA BARAT 16770","ID_PROV":"32","PROVINSI":"JAWA BARAT","ID_KABKOT":"32.01","KABKOT":"BOGOR","ID_KEC":"32.01.26","KECAMATAN":"MEGAMENDUNG","ID_DESA":"32.01.26.2006","DESA":"CIPAYUNG","LONGITUDE":106.8902418,"LATITUDE":-6.6513778,"STATUS":"BUKA","TANGGAL UPDATE":"27/02/2025","TANGGAL PENGUMPULAN":"Q4 2023","q":27449,"r":-15207}},{"type":"Feature","geometry":{"coordinates":[106.8906942,-6.6511932],"type":"Point"},"properties":{"NAMA":"PECEL LELE & AYAM MBAK PUTRI","TIPE_1":"MAKANAN DAN MINUMAN","TIPE_2":"RESTORAN","TIPE_3":"RESTORAN AYAM","TELEPON":"0821-1011-1921","ALAMAT":"SPBU, REST AREA, JL. RAYA CIBOGO PUNCAK, CIPAYUNG DATAR, KEC. MEGAMENDUNG, KABUPATEN BOGOR, JAWA BARAT 16770","ID_PROV":"32","PROVINSI":"JAWA BARAT","ID_KABKOT":"32.01","KABKOT":"BOGOR","ID_KEC":"32.01.26","KECAMATAN":"MEGAMENDUNG","ID_DESA":"32.01.26.2006","DESA":"CIPAYUNG","LONGITUDE":106.8906942,"LATITUDE":-6.6511932,"STATUS":"BUKA","TANGGAL UPDATE":"27/02/2025","TANGGAL PENGUMPULAN":"Q4 2023","q":27449,"r":-15207}},{"type":"Feature","geometry":{"coordinates":[106.9402456,-6.6879788],"type":"Point"},"properties":{"NAMA":"WARUNG ABG AYAM BAKAR GORENG","TIPE_1":"MAKANAN DAN MINUMAN","TIPE_2":"RESTORAN","TIPE_3":"RESTORAN AYAM","TELEPON":"0813-1452-9995","ALAMAT":"\"WARUNG ABG \"\"AYAM BAKAR GORENG\"\", JL. TAMAN SAFARI NO.16, CIBEUREUM, KEC. CISARUA, KABUPATEN BOGOR, JAWA BARAT 16750\"","ID_PROV":"32","PROVINSI":"JAWA BARAT","ID_KABKOT":"32.01","KABKOT":"BOGOR","ID_KEC":"32.01.25","KECAMATAN":"CISARUA","ID_DESA":"32.01.25.2003","DESA":"CIBEUREUM","LONGITUDE":106.9402456,"LATITUDE":-6.6879788,"STATUS":"BUKA","TANGGAL UPDATE":"27/02/2025","TANGGAL PENGUMPULAN":"Q4 2023","q":27462,"r":-15222}},{"type":"Feature","geometry":{"coordinates":[106.9677365,-6.71098],"type":"Point"},"properties":{"NAMA":"AYAM GEPREK SARTIKA","TIPE_1":"MAKANAN DAN MINUMAN","TIPE_2":"RESTORAN","TIPE_3":"RESTORAN AYAM","TELEPON":"0896-3811-7072","ALAMAT":"JL. PANGRANGO JL. RAYA PUNCAK GADOG, KOMPLEX, GUNUNG MAS, KABUPATEN BOGOR, JAWA BARAT 16750","ID_PROV":"32","PROVINSI":"JAWA BARAT","ID_KABKOT":"32.01","KABKOT":"BOGOR","ID_KEC":"32.01.25","KECAMATAN":"CISARUA","ID_DESA":"32.01.25.2006","DESA":"TUGU SELATAN","LONGITUDE":106.9677365,"LATITUDE":-6.71098,"STATUS":"BUKA","TANGGAL UPDATE":"27/02/2025","TANGGAL PENGUMPULAN":"Q4 2023","q":27469,"r":-15230}},{"type":"Feature","geometry":{"coordinates":[106.8494017,-6.6555749],"type":"Point"},"properties":{"NAMA":"AYAM DEWI WP AMALIAH CIAWI","TIPE_1":"MAKANAN DAN MINUMAN","TIPE_2":"RESTORAN","TIPE_3":"RESTORAN AYAM","TELEPON":"0818-109-820","ALAMAT":"JL. RAYA PUNCAK, BENDUNGAN, KEC. CIAWI, KABUPATEN BOGOR, JAWA BARAT 16720","ID_PROV":"32","PROVINSI":"JAWA BARAT","ID_KABKOT":"32.01","KABKOT":"BOGOR","ID_KEC":"32.01.24","KECAMATAN":"CIAWI","ID_DESA":"32.01.24.2012","DESA":"CIAWI","LONGITUDE":106.8494017,"LATITUDE":-6.6555749,"STATUS":"BUKA","TANGGAL UPDATE":"27/02/2025","TANGGAL PENGUMPULAN":"Q4 2023","q":27438,"r":-15203}},{"type":"Feature","geometry":{"coordinates":[106.4670987,-6.4735582],"type":"Point"},"properties":{"NAMA":"AYAM GEPREK CRISPY","TIPE_1":"MAKANAN DAN MINUMAN","TIPE_2":"RESTORAN","TIPE_3":"RESTORAN AYAM","TELEPON":"0858-9020-7942","ALAMAT":"JL. LETNAN SAYUTI NO.20, SETU, KEC. JASINGA, KABUPATEN BOGOR, JAWA BARAT 16670","ID_PROV":"32","PROVINSI":"JAWA BARAT","ID_KABKOT":"32.01","KABKOT":"BOGOR","ID_KEC":"32.01.19","KECAMATAN":"JASINGA","ID_DESA":"32.01.19.2008","DESA":"SETU","LONGITUDE":106.4670987,"LATITUDE":-6.4735582,"STATUS":"BUKA","TANGGAL UPDATE":"27/02/2025","TANGGAL PENGUMPULAN":"Q4 2023","q":27340,"r":-15113}},{"type":"Feature","geometry":{"coordinates":[106.8996608,-6.6498354],"type":"Point"},"properties":{"NAMA":"AYAM GEPREK 88","TIPE_1":"MAKANAN DAN MINUMAN","TIPE_2":"RESTORAN","TIPE_3":"RESTORAN AYAM","TELEPON":"0896-6909-4780","ALAMAT":"JL. RAYA PUNCAK - GADOG NO.99, CIPAYUNG DATAR, KEC. MEGAMENDUNG, KABUPATEN BOGOR, JAWA BARAT 16770","ID_PROV":"32","PROVINSI":"JAWA BARAT","ID_KABKOT":"32.01","KABKOT":"BOGOR","ID_KEC":"32.01.26","KECAMATAN":"MEGAMENDUNG","ID_DESA":"32.01.26.2009","DESA":"CIPAYUNG GIRANG","LONGITUDE":106.8996608,"LATITUDE":-6.6498354,"STATUS":"BUKA","TANGGAL UPDATE":"27/02/2025","TANGGAL PENGUMPULAN":"Q4 2023","q":27451,"r":-15208}},{"type":"Feature","geometry":{"coordinates":[106.9507426,-6.6960664],"type":"Point"},"properties":{"NAMA":"AYAM BAKAR MADU ALPIN","TIPE_1":"MAKANAN DAN MINUMAN","TIPE_2":"RESTORAN","TIPE_3":"RESTORAN AYAM","TELEPON":"0896-5215-2321","ALAMAT":"\"AYAM BAKAR MADU \"\"ALPIN\"\", JL. RAYA PUNCAK GG. HANJUANG RT. 003/ RW.09, CIBEREUM, CIBEUREUM, KEC. CISARUA, KABUPATEN BOGOR, JAWA BARAT 16750\"","ID_PROV":"32","PROVINSI":"JAWA BARAT","ID_KABKOT":"32.01","KABKOT":"BOGOR","ID_KEC":"32.01.25","KECAMATAN":"CISARUA","ID_DESA":"32.01.25.2003","DESA":"CIBEUREUM","LONGITUDE":106.9507426,"LATITUDE":-6.6960664,"STATUS":"BUKA","TANGGAL UPDATE":"27/02/2025","TANGGAL PENGUMPULAN":"Q4 2023","q":27464,"r":-15225}},{"type":"Feature","geometry":{"coordinates":[106.9700874,-6.6948695],"type":"Point"},"properties":{"NAMA":"AYAM GORENG & BAKAR JULIE'S KITCHEN","TIPE_1":"MAKANAN DAN MINUMAN","TIPE_2":"RESTORAN","TIPE_3":"RESTORAN AYAM","TELEPON":"0821-1451-5526","ALAMAT":"JL. RAYA PUNCAK KM. 86, JL. KP. NEGLASARI NO.29, RT.01/RW.04, TUGU UTARA, KABUPATEN BOGOR, JAWA BARAT 16750","ID_PROV":"32","PROVINSI":"JAWA BARAT","ID_KABKOT":"32.01","KABKOT":"BOGOR","ID_KEC":"32.01.25","KECAMATAN":"CISARUA","ID_DESA":"32.01.25.2009","DESA":"TUGU UTARA","LONGITUDE":106.9700874,"LATITUDE":-6.6948695,"STATUS":"BUKA","TANGGAL UPDATE":"27/02/2025","TANGGAL PENGUMPULAN":"Q4 2023","q":27469,"r":-15227}},{"type":"Feature","geometry":{"coordinates":[106.9582615,-6.6875224],"type":"Point"},"properties":{"NAMA":"DAPOER MAMAH BOLO CATERING","TIPE_1":"MAKANAN DAN MINUMAN","TIPE_2":"RESTORAN","TIPE_3":"RESTORAN AYAM","TELEPON":"0896-4983-0826","ALAMAT":"PINTU MASUK KFC, JL. RAYA PUNCAK GADOG NO.KM.83, TUGU UTARA, KEC. CISARUA, KABUPATEN BOGOR, JAWA BARAT 16750","ID_PROV":"32","PROVINSI":"JAWA BARAT","ID_KABKOT":"32.01","KABKOT":"BOGOR","ID_KEC":"32.01.25","KECAMATAN":"CISARUA","ID_DESA":"32.01.25.2009","DESA":"TUGU UTARA","LONGITUDE":106.9582615,"LATITUDE":-6.6875224,"STATUS":"BUKA","TANGGAL UPDATE":"27/02/2025","TANGGAL PENGUMPULAN":"Q4 2023","q":27466,"r":-15224}},{"type":"Feature","geometry":{"coordinates":[106.85682330000009,-6.661432799999943],"type":"Point"},"properties":{"NAMA":"RMPADANG SIMPANG UTAMA","TIPE_1":"MAKANAN DAN MINUMAN","TIPE_2":"RESTORAN","TIPE_3":"RESTORAN PADANG","TELEPON":"0812-8163-9971","ALAMAT":"JL.RAYA PUNCAK, JL. BENDUNGAN NO.SIMPANG, BENDUNGAN, KEC. CIAWI, KABUPATEN BOGOR, JAWA BARAT 16720","ID_PROV":"32","PROVINSI":"JAWA BARAT","ID_KABKOT":"32.01","KABKOT":"BOGOR","ID_KEC":"32.01.24","KECAMATAN":"CIAWI","ID_DESA":"32.01.24.2009","DESA":"PANDAN SARI","LONGITUDE":106.8568233,"LATITUDE":-6.6614328,"STATUS":"BUKA","TANGGAL UPDATE":"27/02/2025","TANGGAL PENGUMPULAN":"Q4 2023","q":27440,"r":-15205}},{"type":"Feature","geometry":{"coordinates":[106.83692030000009,-6.519449399999928],"type":"Point"},"properties":{"NAMA":"RMPADANG SEDERHANA","TIPE_1":"MAKANAN DAN MINUMAN","TIPE_2":"RESTORAN","TIPE_3":"RESTORAN PADANG","TELEPON":"0895-3962-11180","ALAMAT":"JL. ALTERNATIF SENTUL NO.8, NANGGEWER, KEC. CIBINONG, KABUPATEN BOGOR, JAWA BARAT 16810","ID_PROV":"32","PROVINSI":"JAWA BARAT","ID_KABKOT":"32.01","KABKOT":"BOGOR","ID_KEC":"32.01.04","KECAMATAN":"SUKARAJA","ID_DESA":"32.01.04.2011","DESA":"CIJUJUNG","LONGITUDE":106.836920299999,"LATITUDE":-6.5194494,"STATUS":"BUKA","TANGGAL UPDATE":"27/02/2025","TANGGAL PENGUMPULAN":"Q4 2023","q":27435,"r":-15171}},{"type":"Feature","geometry":{"coordinates":[106.69820890000005,-6.610595599999954],"type":"Point"},"properties":{"NAMA":"RMSENANDUNG PALANTA MASAKAN PADANG","TIPE_1":"MAKANAN DAN MINUMAN","TIPE_2":"RESTORAN","TIPE_3":"RESTORAN PADANG","TELEPON":"","ALAMAT":"JL. ABDUL FATAH, CIBITUNG TENGAH, KEC. TENJOLAYA, KABUPATEN BOGOR, JAWA BARAT 16370","ID_PROV":"32","PROVINSI":"JAWA BARAT","ID_KABKOT":"32.01","KABKOT":"BOGOR","ID_KEC":"32.01.40","KECAMATAN":"TENJOLAYA","ID_DESA":"32.01.40.2005","DESA":"CINANGNENG","LONGITUDE":106.6982089,"LATITUDE":-6.6105956,"STATUS":"BUKA","TANGGAL UPDATE":"27/02/2025","TANGGAL PENGUMPULAN":"Q4 2023","q":27399,"r":-15173}},{"type":"Feature","geometry":{"coordinates":[106.76105660000007,-6.531212099999948],"type":"Point"},"properties":{"NAMA":"RMSINAR MINANG MASAKAN PADANG","TIPE_1":"MAKANAN DAN MINUMAN","TIPE_2":"RESTORAN","TIPE_3":"RESTORAN PADANG","TELEPON":"0822-8502-0150","ALAMAT":"JL. PERUM TAMAN SARI PERSADA NO.6, PARAKAN JAYA, KEC. KEMANG, KOTA BOGOR, JAWA BARAT 16310","ID_PROV":"32","PROVINSI":"JAWA BARAT","ID_KABKOT":"32.01","KABKOT":"BOGOR","ID_KEC":"32.01.12","KECAMATAN":"KEMANG","ID_DESA":"32.01.12.2002","DESA":"PARAKANJAYA","LONGITUDE":106.761056599999,"LATITUDE":-6.5312121,"STATUS":"BUKA","TANGGAL UPDATE":"27/02/2025","TANGGAL PENGUMPULAN":"Q4 2023","q":27416,"r":-15163}},{"type":"Feature","geometry":{"coordinates":[106.82292180000007,-6.513445599999955],"type":"Point"},"properties":{"NAMA":"RMHARAPAN BUNDA MASAKAN PADANG","TIPE_1":"MAKANAN DAN MINUMAN","TIPE_2":"RESTORAN","TIPE_3":"RESTORAN PADANG","TELEPON":"","ALAMAT":"NANGGEWER, KEC. CIBINONG, KABUPATEN BOGOR, JAWA BARAT","ID_PROV":"32","PROVINSI":"JAWA BARAT","ID_KABKOT":"32.01","KABKOT":"BOGOR","ID_KEC":"32.01.01","KECAMATAN":"CIBINONG","ID_DESA":"32.01.01.1004","DESA":"NANGGEWER","LONGITUDE":106.822921799999,"LATITUDE":-6.5134456,"STATUS":"BUKA","TANGGAL UPDATE":"27/02/2025","TANGGAL PENGUMPULAN":"Q4 2023","q":27431,"r":-15167}},{"type":"Feature","geometry":{"coordinates":[106.85189450000007,-6.553716599999973],"type":"Point"},"properties":{"NAMA":"RMSALWA MASAKAN PADANG","TIPE_1":"MAKANAN DAN MINUMAN","TIPE_2":"RESTORAN","TIPE_3":"RESTORAN PADANG","TELEPON":"0812-8967-9729","ALAMAT":"JL. SENTUL RAYA NO.155, RT.06/RW.3, KADUMANGU, KEC. BABAKAN MADANG, KABUPATEN BOGOR, JAWA BARAT 16810","ID_PROV":"32","PROVINSI":"JAWA BARAT","ID_KABKOT":"32.01","KABKOT":"BOGOR","ID_KEC":"32.01.05","KECAMATAN":"BABAKAN MADANG","ID_DESA":"32.01.05.2006","DESA":"KADUMANGGU","LONGITUDE":106.8518945,"LATITUDE":-6.5537166,"STATUS":"BUKA","TANGGAL UPDATE":"27/02/2025","TANGGAL PENGUMPULAN":"Q4 2023","q":27439,"r":-15180}},{"type":"Feature","geometry":{"coordinates":[106.8589015,-6.6566533],"type":"Point"},"properties":{"NAMA":"AYAM GEPREK SIMPANG RAWI","TIPE_1":"MAKANAN DAN MINUMAN","TIPE_2":"RESTORAN","TIPE_3":"RESTORAN AYAM","TELEPON":"0813-1605-5298","ALAMAT":"JL. RAYA GADOG, BENDUNGAN, KEC. CIAWI, KABUPATEN BOGOR, JAWA BARAT 16720","ID_PROV":"32","PROVINSI":"JAWA BARAT","ID_KABKOT":"32.01","KABKOT":"BOGOR","ID_KEC":"32.01.24","KECAMATAN":"CIAWI","ID_DESA":"32.01.24.2008","DESA":"BENDUNGAN","LONGITUDE":106.8589015,"LATITUDE":-6.6566533,"STATUS":"BUKA","TANGGAL UPDATE":"27/02/2025","TANGGAL PENGUMPULAN":"Q4 2023","q":27441,"r":-15204}},{"type":"Feature","geometry":{"coordinates":[106.9156395,-6.6599064],"type":"Point"},"properties":{"NAMA":"AYAM GEPREK CRISPY","TIPE_1":"MAKANAN DAN MINUMAN","TIPE_2":"RESTORAN","TIPE_3":"RESTORAN AYAM","TELEPON":"0877-4121-4251","ALAMAT":"JL. RAYA PUNCAK - GADOG, LEUWIMALANG, KEC. CISARUA, KABUPATEN BOGOR, JAWA BARAT 16720","ID_PROV":"32","PROVINSI":"JAWA BARAT","ID_KABKOT":"32.01","KABKOT":"BOGOR","ID_KEC":"32.01.25","KECAMATAN":"CISARUA","ID_DESA":"32.01.25.2007","DESA":"LEUWIMALANG","LONGITUDE":106.9156395,"LATITUDE":-6.6599064,"STATUS":"BUKA","TANGGAL UPDATE":"27/02/2025","TANGGAL PENGUMPULAN":"Q4 2023","q":27455,"r":-15212}},{"type":"Feature","geometry":{"coordinates":[106.9434926,-6.6520273],"type":"Point"},"properties":{"NAMA":"AYAM BAKAR RENDANG","TIPE_1":"MAKANAN DAN MINUMAN","TIPE_2":"RESTORAN","TIPE_3":"RESTORAN AYAM","TELEPON":"0838-1835-9393","ALAMAT":"JL. RAYA PUNCAK - CIANJUR, MEGAMENDUNG, KEC. MEGAMENDUNG, KABUPATEN BOGOR, JAWA BARAT 16770","ID_PROV":"32","PROVINSI":"JAWA BARAT","ID_KABKOT":"32.01","KABKOT":"BOGOR","ID_KEC":"32.01.26","KECAMATAN":"MEGAMENDUNG","ID_DESA":"32.01.26.2005","DESA":"MEGAMENDUNG","LONGITUDE":106.9434926,"LATITUDE":-6.6520273,"STATUS":"BUKA","TANGGAL UPDATE":"27/02/2025","TANGGAL PENGUMPULAN":"Q4 2023","q":27462,"r":-15214}},{"type":"Feature","geometry":{"coordinates":[106.9150276,-6.6586859],"type":"Point"},"properties":{"NAMA":"AYAM GEPREK SOFIA","TIPE_1":"MAKANAN DAN MINUMAN","TIPE_2":"RESTORAN","TIPE_3":"RESTORAN AYAM","TELEPON":"0821-2573-2028","ALAMAT":"JL. SIRNARASA, LEUWIMALANG, KEC. CISARUA, KABUPATEN BOGOR, JAWA BARAT 16750","ID_PROV":"32","PROVINSI":"JAWA BARAT","ID_KABKOT":"32.01","KABKOT":"BOGOR","ID_KEC":"32.01.25","KECAMATAN":"CISARUA","ID_DESA":"32.01.25.2007","DESA":"LEUWIMALANG","LONGITUDE":106.9150276,"LATITUDE":-6.6586859,"STATUS":"BUKA","TANGGAL UPDATE":"27/02/2025","TANGGAL PENGUMPULAN":"Q4 2023","q":27455,"r":-15212}},{"type":"Feature","geometry":{"coordinates":[106.9255742,-6.6680266],"type":"Point"},"properties":{"NAMA":"CHICKEN GARAGE","TIPE_1":"MAKANAN DAN MINUMAN","TIPE_2":"RESTORAN","TIPE_3":"RESTORAN AYAM","TELEPON":"0823-1163-6008","ALAMAT":"JL. ADHIJAKSA, LEUWIMALANG, KEC. CISARUA, KABUPATEN BOGOR, JAWA BARAT 16750","ID_PROV":"32","PROVINSI":"JAWA BARAT","ID_KABKOT":"32.01","KABKOT":"BOGOR","ID_KEC":"32.01.25","KECAMATAN":"CISARUA","ID_DESA":"32.01.25.2007","DESA":"LEUWIMALANG","LONGITUDE":106.9255742,"LATITUDE":-6.6680266,"STATUS":"BUKA","TANGGAL UPDATE":"27/02/2025","TANGGAL PENGUMPULAN":"Q4 2023","q":27458,"r":-15215}},{"type":"Feature","geometry":{"coordinates":[106.9296325,-6.6783821],"type":"Point"},"properties":{"NAMA":"CHICKCUT","TIPE_1":"MAKANAN DAN MINUMAN","TIPE_2":"RESTORAN","TIPE_3":"RESTORAN AYAM","TELEPON":"0813-6885-9811","ALAMAT":"CITEKO, CISARUA, BOGOR REGENCY, WEST JAVA 16750","ID_PROV":"32","PROVINSI":"JAWA BARAT","ID_KABKOT":"32.01","KABKOT":"BOGOR","ID_KEC":"32.01.25","KECAMATAN":"CISARUA","ID_DESA":"32.01.25.2005","DESA":"CITEKO","LONGITUDE":106.9296325,"LATITUDE":-6.6783821,"STATUS":"BUKA","TANGGAL UPDATE":"27/02/2025","TANGGAL PENGUMPULAN":"Q4 2023","q":27459,"r":-15218}},{"type":"Feature","geometry":{"coordinates":[106.8565393,-6.6626553],"type":"Point"},"properties":{"NAMA":"AYAM GORENG & BAKAR PADALOMA","TIPE_1":"MAKANAN DAN MINUMAN","TIPE_2":"RESTORAN","TIPE_3":"RESTORAN AYAM","TELEPON":"0821-1234-3636","ALAMAT":"JALAN RAYA PUNCAK CIAWI SESEUPAN BOGOR, SESEUPAN CIAWI, CIAWI, SUKAMAHI, KEC. MEGAMENDUNG, KABUPATEN BOGOR, JAWA BARAT 40291","ID_PROV":"32","PROVINSI":"JAWA BARAT","ID_KABKOT":"32.01","KABKOT":"BOGOR","ID_KEC":"32.01.24","KECAMATAN":"CIAWI","ID_DESA":"32.01.24.2008","DESA":"BENDUNGAN","LONGITUDE":106.8565393,"LATITUDE":-6.6626553,"STATUS":"BUKA","TANGGAL UPDATE":"27/02/2025","TANGGAL PENGUMPULAN":"Q4 2023","q":27440,"r":-15205}},{"type":"Feature","geometry":{"coordinates":[106.9577465,-6.6873555],"type":"Point"},"properties":{"NAMA":"KEDAY AYAM RAOS","TIPE_1":"MAKANAN DAN MINUMAN","TIPE_2":"RESTORAN","TIPE_3":"RESTORAN AYAM","TELEPON":"0838-7522-0889","ALAMAT":"TUGU SEL., KEC. CISARUA, KABUPATEN BOGOR, JAWA BARAT 16750","ID_PROV":"32","PROVINSI":"JAWA BARAT","ID_KABKOT":"32.01","KABKOT":"BOGOR","ID_KEC":"32.01.25","KECAMATAN":"CISARUA","ID_DESA":"32.01.25.2006","DESA":"TUGU SELATAN","LONGITUDE":106.9577465,"LATITUDE":-6.6873555,"STATUS":"BUKA","TANGGAL UPDATE":"27/02/2025","TANGGAL PENGUMPULAN":"Q4 2023","q":27466,"r":-15224}},{"type":"Feature","geometry":{"coordinates":[106.9302741,-6.6689133],"type":"Point"},"properties":{"NAMA":"KEDAI AYAM BAKAR BUNIZHAM","TIPE_1":"MAKANAN DAN MINUMAN","TIPE_2":"RESTORAN","TIPE_3":"RESTORAN AYAM","TELEPON":"0857-7392-2639","ALAMAT":"JL. HANKAM NO.42A, LEUWIMALANG, KEC. CISARUA, KABUPATEN BOGOR, JAWA BARAT 16750","ID_PROV":"32","PROVINSI":"JAWA BARAT","ID_KABKOT":"32.01","KABKOT":"BOGOR","ID_KEC":"32.01.25","KECAMATAN":"CISARUA","ID_DESA":"32.01.25.2007","DESA":"LEUWIMALANG","LONGITUDE":106.9302741,"LATITUDE":-6.6689133,"STATUS":"BUKA","TANGGAL UPDATE":"27/02/2025","TANGGAL PENGUMPULAN":"Q4 2023","q":27459,"r":-15216}},{"type":"Feature","geometry":{"coordinates":[106.9603878,-6.6887704],"type":"Point"},"properties":{"NAMA":"AYAM GORENG MBOK BEREK","TIPE_1":"MAKANAN DAN MINUMAN","TIPE_2":"RESTORAN","TIPE_3":"RESTORAN AYAM","TELEPON":"(0251) 8257652","ALAMAT":"JL. LABUAN - CIANJUR, TUGU UTARA, KEC. CISARUA, KABUPATEN BOGOR, JAWA BARAT 16750","ID_PROV":"32","PROVINSI":"JAWA BARAT","ID_KABKOT":"32.01","KABKOT":"BOGOR","ID_KEC":"32.01.25","KECAMATAN":"CISARUA","ID_DESA":"32.01.25.2009","DESA":"TUGU UTARA","LONGITUDE":106.9603878,"LATITUDE":-6.6887704,"STATUS":"BUKA","TANGGAL UPDATE":"27/02/2025","TANGGAL PENGUMPULAN":"Q4 2023","q":27467,"r":-15224}},{"type":"Feature","geometry":{"coordinates":[106.9554045,-6.6856134],"type":"Point"},"properties":{"NAMA":"CHICKEN TIME","TIPE_1":"MAKANAN DAN MINUMAN","TIPE_2":"RESTORAN","TIPE_3":"RESTORAN AYAM","TELEPON":"0888-8788-884","ALAMAT":"TUGU UTARA, KEC. CISARUA, KABUPATEN BOGOR, JAWA BARAT 16750","ID_PROV":"32","PROVINSI":"JAWA BARAT","ID_KABKOT":"32.01","KABKOT":"BOGOR","ID_KEC":"32.01.25","KECAMATAN":"CISARUA","ID_DESA":"32.01.25.2006","DESA":"TUGU SELATAN","LONGITUDE":106.9554045,"LATITUDE":-6.6856134,"STATUS":"BUKA","TANGGAL UPDATE":"27/02/2025","TANGGAL PENGUMPULAN":"Q4 2023","q":27465,"r":-15223}},{"type":"Feature","geometry":{"coordinates":[106.9403001,-6.6877599],"type":"Point"},"properties":{"NAMA":"YELLOW CHICKEN","TIPE_1":"MAKANAN DAN MINUMAN","TIPE_2":"RESTORAN","TIPE_3":"RESTORAN AYAM","TELEPON":" 0813-5900-2018","ALAMAT":"","ID_PROV":"32","PROVINSI":"JAWA BARAT","ID_KABKOT":"32.01","KABKOT":"BOGOR","ID_KEC":"32.01.25","KECAMATAN":"CISARUA","ID_DESA":"32.01.25.2003","DESA":"CIBEUREUM","LONGITUDE":106.9403001,"LATITUDE":-6.6877599,"STATUS":"BUKA","TANGGAL UPDATE":"27/02/2025","TANGGAL PENGUMPULAN":"Q4 2023","q":27462,"r":-15221}},{"type":"Feature","geometry":{"coordinates":[106.9905926,-6.7005147],"type":"Point"},"properties":{"NAMA":"WARUNG SITU AYAM PENYET SAMABAL MENANGIS","TIPE_1":"MAKANAN DAN MINUMAN","TIPE_2":"RESTORAN","TIPE_3":"RESTORAN AYAM","TELEPON":"0858-8152-3978","ALAMAT":"JL. RAYA PUNCAK - GADOG, TUGU SEL., KEC. CISARUA, KABUPATEN BOGOR, JAWA BARAT 16750","ID_PROV":"32","PROVINSI":"JAWA BARAT","ID_KABKOT":"32.01","KABKOT":"BOGOR","ID_KEC":"32.01.25","KECAMATAN":"CISARUA","ID_DESA":"32.01.25.2009","DESA":"TUGU UTARA","LONGITUDE":106.9905926,"LATITUDE":-6.7005147,"STATUS":"BUKA","TANGGAL UPDATE":"27/02/2025","TANGGAL PENGUMPULAN":"Q4 2023","q":27475,"r":-15231}},{"type":"Feature","geometry":{"coordinates":[106.9649903,-6.6943303],"type":"Point"},"properties":{"NAMA":"AYAM BAKAR TUGU PUNCAK","TIPE_1":"MAKANAN DAN MINUMAN","TIPE_2":"RESTORAN","TIPE_3":"RESTORAN AYAM","TELEPON":"0821-1360-4585","ALAMAT":"TUGU UTARA, KEC. CISARUA, KABUPATEN BOGOR, JAWA BARAT 16750","ID_PROV":"32","PROVINSI":"JAWA BARAT","ID_KABKOT":"32.01","KABKOT":"BOGOR","ID_KEC":"32.01.25","KECAMATAN":"CISARUA","ID_DESA":"32.01.25.2006","DESA":"TUGU SELATAN","LONGITUDE":106.9649903,"LATITUDE":-6.6943303,"STATUS":"BUKA","TANGGAL UPDATE":"27/02/2025","TANGGAL PENGUMPULAN":"Q4 2023","q":27468,"r":-15226}},{"type":"Feature","geometry":{"coordinates":[106.9922058,-6.7004476],"type":"Point"},"properties":{"NAMA":"WARUNG AYAM HONJE PAK MUL","TIPE_1":"MAKANAN DAN MINUMAN","TIPE_2":"RESTORAN","TIPE_3":"RESTORAN AYAM","TELEPON":"0819-1221-1543","ALAMAT":"JL. RAYA PUNCAK - CIANJUR, TUGU UTARA, KEC. CISARUA, KABUPATEN BOGOR, JAWA BARAT 16750","ID_PROV":"32","PROVINSI":"JAWA BARAT","ID_KABKOT":"32.01","KABKOT":"BOGOR","ID_KEC":"32.01.25","KECAMATAN":"CISARUA","ID_DESA":"32.01.25.2009","DESA":"TUGU UTARA","LONGITUDE":106.9922058,"LATITUDE":-6.7004476,"STATUS":"BUKA","TANGGAL UPDATE":"27/02/2025","TANGGAL PENGUMPULAN":"Q4 2023","q":27475,"r":-15231}},{"type":"Feature","geometry":{"coordinates":[106.8924626,-6.6508728],"type":"Point"},"properties":{"NAMA":"WAROENG KITA D'GEPREK BARA BERE","TIPE_1":"MAKANAN DAN MINUMAN","TIPE_2":"RESTORAN","TIPE_3":"RESTORAN AYAM","TELEPON":"0822-1306-8387","ALAMAT":"JALAN RAYA PUNCAK CIPAYUNG, RT.01/RW.02, CIPAYUNG DATAR, KEC. MEGAMENDUNG, KABUPATEN BOGOR, JAWA BARAT 16770","ID_PROV":"32","PROVINSI":"JAWA BARAT","ID_KABKOT":"32.01","KABKOT":"BOGOR","ID_KEC":"32.01.26","KECAMATAN":"MEGAMENDUNG","ID_DESA":"32.01.26.2006","DESA":"CIPAYUNG","LONGITUDE":106.8924626,"LATITUDE":-6.6508728,"STATUS":"BUKA","TANGGAL UPDATE":"27/02/2025","TANGGAL PENGUMPULAN":"Q4 2023","q":27449,"r":-15207}},{"type":"Feature","geometry":{"coordinates":[106.643139,-6.575513699999931],"type":"Point"},"properties":{"NAMA":"ASIA MINANG MASAKAN PADANG","TIPE_1":"MAKANAN DAN MINUMAN","TIPE_2":"RESTORAN","TIPE_3":"RESTORAN PADANG","TELEPON":"","ALAMAT":"JL. KH UMAR CIRANGKONG, GALUGA, KEC. CIBUNGBULANG, KABUPATEN BOGOR, JAWA BARAT 16630","ID_PROV":"32","PROVINSI":"JAWA BARAT","ID_KABKOT":"32.01","KABKOT":"BOGOR","ID_KEC":"32.01.16","KECAMATAN":"CIBUNGBULANG","ID_DESA":"32.01.16.2003","DESA":"CEMPLANG","LONGITUDE":106.643139,"LATITUDE":-6.5755137,"STATUS":"BUKA","TANGGAL UPDATE":"27/02/2025","TANGGAL PENGUMPULAN":"Q4 2023","q":27385,"r":-15158}},{"type":"Feature","geometry":{"coordinates":[106.82007450000003,-6.528008799999952],"type":"Point"},"properties":{"NAMA":"BUNGO JAMBAK","TIPE_1":"MAKANAN DAN MINUMAN","TIPE_2":"RESTORAN","TIPE_3":"RESTORAN PADANG","TELEPON":"","ALAMAT":"JL. MANDALA RAYA NO.45, RT.5/RW.6, CIMANDALA, KEC. SUKARAJA, KABUPATEN BOGOR, JAWA BARAT 16710","ID_PROV":"32","PROVINSI":"JAWA BARAT","ID_KABKOT":"32.01","KABKOT":"BOGOR","ID_KEC":"32.01.04","KECAMATAN":"SUKARAJA","ID_DESA":"32.01.04.2010","DESA":"CIMANDALA","LONGITUDE":106.820074499999,"LATITUDE":-6.5280088,"STATUS":"BUKA","TANGGAL UPDATE":"27/02/2025","TANGGAL PENGUMPULAN":"Q4 2023","q":27431,"r":-15170}},{"type":"Feature","geometry":{"coordinates":[106.69449920000005,-6.551103],"type":"Point"},"properties":{"NAMA":"HARAPAN BUNDO MASAKAN PADANG","TIPE_1":"MAKANAN DAN MINUMAN","TIPE_2":"RESTORAN","TIPE_3":"RESTORAN PADANG","TELEPON":"0857-7372-7716","ALAMAT":"JL. RAYA LETNAN SUKARNA NO.42, BOJONG RANGKAS, KEC. CIAMPEA, KABUPATEN BOGOR, JAWA BARAT 16620","ID_PROV":"32","PROVINSI":"JAWA BARAT","ID_KABKOT":"32.01","KABKOT":"BOGOR","ID_KEC":"32.01.15","KECAMATAN":"CIAMPEA","ID_DESA":"32.01.15.2009","DESA":"BOJONGRANGKAS","LONGITUDE":106.6944992,"LATITUDE":-6.551103,"STATUS":"BUKA","TANGGAL UPDATE":"27/02/2025","TANGGAL PENGUMPULAN":"Q4 2023","q":27398,"r":-15159}},{"type":"Feature","geometry":{"coordinates":[106.89156930000007,-6.653445899999952],"type":"Point"},"properties":{"NAMA":"MAK CEK MASAKAN PADANG","TIPE_1":"MAKANAN DAN MINUMAN","TIPE_2":"RESTORAN","TIPE_3":"RESTORAN PADANG","TELEPON":"0812-9564-9360","ALAMAT":"JL. RAYA PUNCAK JL.HABIB UMAR, CIPAYUNG DATAR, KEC. MEGAMENDUNG, KABUPATEN BOGOR, JAWA BARAT 16770","ID_PROV":"32","PROVINSI":"JAWA BARAT","ID_KABKOT":"32.01","KABKOT":"BOGOR","ID_KEC":"32.01.26","KECAMATAN":"MEGAMENDUNG","ID_DESA":"32.01.26.2006","DESA":"CIPAYUNG","LONGITUDE":106.8915693,"LATITUDE":-6.6534459,"STATUS":"BUKA","TANGGAL UPDATE":"27/02/2025","TANGGAL PENGUMPULAN":"Q4 2023","q":27449,"r":-15208}},{"type":"Feature","geometry":{"coordinates":[106.83712490000005,-6.543020399999932],"type":"Point"},"properties":{"NAMA":"KETUPAT SAYUR PADANG UNI NELVI","TIPE_1":"MAKANAN DAN MINUMAN","TIPE_2":"RESTORAN","TIPE_3":"RESTORAN PADANG","TELEPON":"0813-6309-5343","ALAMAT":"JL. BOUGENVILLE RAYA, PASIRLAYA, KEC. SUKARAJA, KABUPATEN BOGOR, JAWA BARAT 16710","ID_PROV":"32","PROVINSI":"JAWA BARAT","ID_KABKOT":"32.01","KABKOT":"BOGOR","ID_KEC":"32.01.04","KECAMATAN":"SUKARAJA","ID_DESA":"32.01.04.2013","DESA":"PASIRLAJA","LONGITUDE":106.837124899999,"LATITUDE":-6.5430204,"STATUS":"BUKA","TANGGAL UPDATE":"27/02/2025","TANGGAL PENGUMPULAN":"Q4 2023","q":27435,"r":-15176}},{"type":"Feature","geometry":{"coordinates":[106.80975670000004,-6.546405],"type":"Point"},"properties":{"NAMA":"KETUPAT SAYUR PADANG UNI NELVI","TIPE_1":"MAKANAN DAN MINUMAN","TIPE_2":"RESTORAN","TIPE_3":"RESTORAN PADANG","TELEPON":"","ALAMAT":"CIPARIGI, KEC. BOGOR UTARA, KOTA BOGOR, JAWA BARAT 16157","ID_PROV":"32","PROVINSI":"JAWA BARAT","ID_KABKOT":"32.01","KABKOT":"BOGOR","ID_KEC":"32.01.04","KECAMATAN":"SUKARAJA","ID_DESA":"32.01.04.2009","DESA":"PASIR JAMBU","LONGITUDE":106.8097567,"LATITUDE":-6.546405,"STATUS":"BUKA","TANGGAL UPDATE":"27/02/2025","TANGGAL PENGUMPULAN":"Q4 2023","q":27428,"r":-15173}},{"type":"Feature","geometry":{"coordinates":[106.86173660000009,-6.567308499999967],"type":"Point"},"properties":{"NAMA":"LITTLE MINANG","TIPE_1":"MAKANAN DAN MINUMAN","TIPE_2":"RESTORAN","TIPE_3":"RESTORAN PADANG","TELEPON":"0811-9006-011","ALAMAT":"JALAN SURYAKENCANA CITARINGGUL, KEC. BABAKAN MADANG, SENTUL, CITY, KABUPATEN BOGOR, JAWA BARAT 16810","ID_PROV":"32","PROVINSI":"JAWA BARAT","ID_KABKOT":"32.01","KABKOT":"BOGOR","ID_KEC":"32.01.05","KECAMATAN":"BABAKAN MADANG","ID_DESA":"32.01.05.2007","DESA":"CITARINGGUL","LONGITUDE":106.8617366,"LATITUDE":-6.5673085,"STATUS":"BUKA","TANGGAL UPDATE":"27/02/2025","TANGGAL PENGUMPULAN":"Q4 2023","q":27441,"r":-15184}},{"type":"Feature","geometry":{"coordinates":[106.852373,-6.660897199999965],"type":"Point"},"properties":{"NAMA":"MASAKAN PADANG MINANG RAYA","TIPE_1":"MAKANAN DAN MINUMAN","TIPE_2":"RESTORAN","TIPE_3":"RESTORAN PADANG","TELEPON":"0812-1994-3248","ALAMAT":"JL. RAYA PUNCAK GADOG NO.358, BENDUNGAN, KEC. CIAWI, KABUPATEN BOGOR, JAWA BARAT 16720","ID_PROV":"32","PROVINSI":"JAWA BARAT","ID_KABKOT":"32.01","KABKOT":"BOGOR","ID_KEC":"32.01.24","KECAMATAN":"CIAWI","ID_DESA":"32.01.24.2008","DESA":"BENDUNGAN","LONGITUDE":106.852373,"LATITUDE":-6.6608972,"STATUS":"BUKA","TANGGAL UPDATE":"27/02/2025","TANGGAL PENGUMPULAN":"Q4 2023","q":27439,"r":-15204}},{"type":"Feature","geometry":{"coordinates":[106.80057660000006,-6.52290249999993],"type":"Point"},"properties":{"NAMA":"MASAKAN PADANG MUTIARA MINANG","TIPE_1":"MAKANAN DAN MINUMAN","TIPE_2":"RESTORAN","TIPE_3":"RESTORAN PADANG","TELEPON":"0821-3133-0196","ALAMAT":"JALAN RAYA BOJONG GEDE NO.31, RT.001/RW.011, CILEBUT TIM., KEC. SUKARAJA, KABUPATEN BOGOR, JAWA BARAT 16710","ID_PROV":"32","PROVINSI":"JAWA BARAT","ID_KABKOT":"32.01","KABKOT":"BOGOR","ID_KEC":"32.01.04","KECAMATAN":"SUKARAJA","ID_DESA":"32.01.04.2002","DESA":"CILEBUT TIMUR","LONGITUDE":106.8005766,"LATITUDE":-6.5229025,"STATUS":"BUKA","TANGGAL UPDATE":"27/02/2025","TANGGAL PENGUMPULAN":"Q4 2023","q":27426,"r":-15167}},{"type":"Feature","geometry":{"coordinates":[106.89279090000008,-6.57639],"type":"Point"},"properties":{"NAMA":"MASAKAN PADANG MULIA RASO","TIPE_1":"MAKANAN DAN MINUMAN","TIPE_2":"RESTORAN","TIPE_3":"RESTORAN PADANG","TELEPON":"0812-9831-2660","ALAMAT":"JL. GN. PANCAR NO.70, KARANG TENGAH, KEC. BABAKAN MADANG, KABUPATEN BOGOR, JAWA BARAT 16810","ID_PROV":"32","PROVINSI":"JAWA BARAT","ID_KABKOT":"32.01","KABKOT":"BOGOR","ID_KEC":"32.01.05","KECAMATAN":"BABAKAN MADANG","ID_DESA":"32.01.05.2004","DESA":"KARANG TENGAH","LONGITUDE":106.8927909,"LATITUDE":-6.57639,"STATUS":"BUKA","TANGGAL UPDATE":"27/02/2025","TANGGAL PENGUMPULAN":"Q4 2023","q":27449,"r":-15190}},{"type":"Feature","geometry":{"coordinates":[106.83464280000004,-6.487848499999927],"type":"Point"},"properties":{"NAMA":"MASAKAN PADANG MUTIARA BUNDA","TIPE_1":"MAKANAN DAN MINUMAN","TIPE_2":"RESTORAN","TIPE_3":"RESTORAN PADANG","TELEPON":"0813-8083-7526","ALAMAT":"BLOK, JALAN KOL.EDY YOSO MARTADIPURA BLOK SWADAYA NO.51, PAKANSARI, CIBINONG, PAKANSARI, KEC. CIBINONG, KABUPATEN BOGOR, JAWA BARAT 16915","ID_PROV":"32","PROVINSI":"JAWA BARAT","ID_KABKOT":"32.01","KABKOT":"BOGOR","ID_KEC":"32.01.01","KECAMATAN":"CIBINONG","ID_DESA":"32.01.01.1007","DESA":"PAKANSARI","LONGITUDE":106.8346428,"LATITUDE":-6.4878485,"STATUS":"BUKA","TANGGAL UPDATE":"27/02/2025","TANGGAL PENGUMPULAN":"Q4 2023","q":27434,"r":-15163}},{"type":"Feature","geometry":{"coordinates":[106.850589,-6.659331499999951],"type":"Point"},"properties":{"NAMA":"MASAKAN PADANG NAGOYA","TIPE_1":"MAKANAN DAN MINUMAN","TIPE_2":"RESTORAN","TIPE_3":"RESTORAN PADANG","TELEPON":"0812-9731-0486","ALAMAT":"JL. RAYA PUNCAK, CIAWI, KEC. BOGOR SEL., KOTA BOGOR, JAWA BARAT 16720","ID_PROV":"32","PROVINSI":"JAWA BARAT","ID_KABKOT":"32.01","KABKOT":"BOGOR","ID_KEC":"32.01.24","KECAMATAN":"CIAWI","ID_DESA":"32.01.24.2008","DESA":"BENDUNGAN","LONGITUDE":106.850589,"LATITUDE":-6.6593315,"STATUS":"BUKA","TANGGAL UPDATE":"27/02/2025","TANGGAL PENGUMPULAN":"Q4 2023","q":27439,"r":-15204}},{"type":"Feature","geometry":{"coordinates":[106.89355470000004,-6.573853299999939],"type":"Point"},"properties":{"NAMA":"MASAKAN PADANG","TIPE_1":"MAKANAN DAN MINUMAN","TIPE_2":"RESTORAN","TIPE_3":"RESTORAN PADANG","TELEPON":"0878-7064-6909","ALAMAT":"KARANG TENGAH, KEC. BABAKAN MADANG, KABUPATEN BOGOR, JAWA BARAT 16810","ID_PROV":"32","PROVINSI":"JAWA BARAT","ID_KABKOT":"32.01","KABKOT":"BOGOR","ID_KEC":"32.01.05","KECAMATAN":"BABAKAN MADANG","ID_DESA":"32.01.05.2004","DESA":"KARANG TENGAH","LONGITUDE":106.8935547,"LATITUDE":-6.5738533,"STATUS":"BUKA","TANGGAL UPDATE":"27/02/2025","TANGGAL PENGUMPULAN":"Q4 2023","q":27450,"r":-15190}},{"type":"Feature","geometry":{"coordinates":[106.60771210000007,-6.560275399999966],"type":"Point"},"properties":{"NAMA":"MASAKAN PADANG DOA BUNDO","TIPE_1":"MAKANAN DAN MINUMAN","TIPE_2":"RESTORAN","TIPE_3":"RESTORAN PADANG","TELEPON":"0815-1755-3370","ALAMAT":"JALAN CITERAS RAYA KP.LIO JL. RAYA JAMBU, RT.01/RW.01, SIBANTENG, KEC. LEUWISADENG, KABUPATEN BOGOR, JAWA BARAT 16640","ID_PROV":"32","PROVINSI":"JAWA BARAT","ID_KABKOT":"32.01","KABKOT":"BOGOR","ID_KEC":"32.01.39","KECAMATAN":"LEUWISADENG","ID_DESA":"32.01.39.2008","DESA":"SIBANTENG","LONGITUDE":106.6077121,"LATITUDE":-6.5602754,"STATUS":"BUKA","TANGGAL UPDATE":"27/02/2025","TANGGAL PENGUMPULAN":"Q4 2023","q":27376,"r":-15150}},{"type":"Feature","geometry":{"coordinates":[106.85306040000006,-6.447217899999941],"type":"Point"},"properties":{"NAMA":"MASAKAN PADANG PURNAMA INDAH","TIPE_1":"MAKANAN DAN MINUMAN","TIPE_2":"RESTORAN","TIPE_3":"RESTORAN PADANG","TELEPON":"0898-8940-888","ALAMAT":"JL. RAYA BOGOR NO.KM.40, PABUARAN, KEC. CIBINONG, KABUPATEN BOGOR, JAWA BARAT 16916","ID_PROV":"32","PROVINSI":"JAWA BARAT","ID_KABKOT":"32.01","KABKOT":"BOGOR","ID_KEC":"32.01.01","KECAMATAN":"CIBINONG","ID_DESA":"32.01.01.1013","DESA":"PABUARAN MEKAR","LONGITUDE":106.853060399999,"LATITUDE":-6.4472179,"STATUS":"BUKA","TANGGAL UPDATE":"27/02/2025","TANGGAL PENGUMPULAN":"Q4 2023","q":27439,"r":-15156}},{"type":"Feature","geometry":{"coordinates":[106.89557730000007,-6.505988599999966],"type":"Point"},"properties":{"NAMA":"NASI PADANG KAMPUNG DUKUH","TIPE_1":"MAKANAN DAN MINUMAN","TIPE_2":"RESTORAN","TIPE_3":"RESTORAN PADANG","TELEPON":"0857-7017-5861","ALAMAT":"JL. RAYA TAJUR NO.512, PASIR MUKTI, KEC. CITEUREUP, KABUPATEN BOGOR, JAWA BARAT 16810","ID_PROV":"32","PROVINSI":"JAWA BARAT","ID_KABKOT":"32.01","KABKOT":"BOGOR","ID_KEC":"32.01.03","KECAMATAN":"CITEUREUP","ID_DESA":"32.01.03.2014","DESA":"PASIR MUKTI","LONGITUDE":106.8955773,"LATITUDE":-6.5059886,"STATUS":"BUKA","TANGGAL UPDATE":"27/02/2025","TANGGAL PENGUMPULAN":"Q4 2023","q":27450,"r":-15175}},{"type":"Feature","geometry":{"coordinates":[106.83064870000004,-6.472250299999928],"type":"Point"},"properties":{"NAMA":"NASI PADANG LAPAU KASIAH BUNDO","TIPE_1":"MAKANAN DAN MINUMAN","TIPE_2":"RESTORAN","TIPE_3":"RESTORAN PADANG","TELEPON":"0895-6221-13803","ALAMAT":"JL. KSR DADI KUSMAYADI NO.9, TENGAH, KEC. CIBINONG, KABUPATEN BOGOR, JAWA BARAT 16914","ID_PROV":"32","PROVINSI":"JAWA BARAT","ID_KABKOT":"32.01","KABKOT":"BOGOR","ID_KEC":"32.01.01","KECAMATAN":"CIBINONG","ID_DESA":"32.01.01.1008","DESA":"TENGAH","LONGITUDE":106.8306487,"LATITUDE":-6.4722503,"STATUS":"BUKA","TANGGAL UPDATE":"27/02/2025","TANGGAL PENGUMPULAN":"Q4 2023","q":27433,"r":-15159}},{"type":"Feature","geometry":{"coordinates":[106.87873820000004,-6.514128299999925],"type":"Point"},"properties":{"NAMA":"NASI PADANG","TIPE_1":"MAKANAN DAN MINUMAN","TIPE_2":"RESTORAN","TIPE_3":"RESTORAN PADANG","TELEPON":"0822-7204-4064","ALAMAT":"JL. SARINEMBAH, SUKAHATI, KEC. CITEUREUP, KABUPATEN BOGOR, JAWA BARAT 16810","ID_PROV":"32","PROVINSI":"JAWA BARAT","ID_KABKOT":"32.01","KABKOT":"BOGOR","ID_KEC":"32.01.03","KECAMATAN":"CITEUREUP","ID_DESA":"32.01.03.2012","DESA":"SUKAHATI","LONGITUDE":106.8787382,"LATITUDE":-6.5141283,"STATUS":"BUKA","TANGGAL UPDATE":"27/02/2025","TANGGAL PENGUMPULAN":"Q4 2023","q":27446,"r":-15175}},{"type":"Feature","geometry":{"coordinates":[106.80853720000005,-6.513238799999954],"type":"Point"},"properties":{"NAMA":"NASI PADANG","TIPE_1":"MAKANAN DAN MINUMAN","TIPE_2":"RESTORAN","TIPE_3":"RESTORAN PADANG","TELEPON":"","ALAMAT":"JALAN PUTRI NIRWANA 3 BLOK AM NO 19 KELURAHAN KARADENAN CIBINONG 16913, KARADENAN, KEC. CIBINONG, KABUPATEN BOGOR, JAWA BARAT 16913","ID_PROV":"32","PROVINSI":"JAWA BARAT","ID_KABKOT":"32.01","KABKOT":"BOGOR","ID_KEC":"32.01.01","KECAMATAN":"CIBINONG","ID_DESA":"32.01.01.1002","DESA":"KARADENAN","LONGITUDE":106.808537199999,"LATITUDE":-6.5132388,"STATUS":"BUKA","TANGGAL UPDATE":"27/02/2025","TANGGAL PENGUMPULAN":"Q4 2023","q":27428,"r":-15165}},{"type":"Feature","geometry":{"coordinates":[106.89833880000003,-6.458854899999949],"type":"Point"},"properties":{"NAMA":"MASAKAN PADANG RUMAH MAKAN","TIPE_1":"MAKANAN DAN MINUMAN","TIPE_2":"RESTORAN","TIPE_3":"RESTORAN PADANG","TELEPON":"(021) 8672150","ALAMAT":"JL. RAYA TLAJUNG UDIK, KM. 19, GN. PUTRI, KEC. CIBINONG, KABUPATEN BOGOR, JAWA BARAT 16960","ID_PROV":"32","PROVINSI":"JAWA BARAT","ID_KABKOT":"32.01","KABKOT":"BOGOR","ID_KEC":"32.01.02","KECAMATAN":"GUNUNG PUTRI","ID_DESA":"32.01.02.2004","DESA":"GUNUNG PUTRI","LONGITUDE":106.898338799999,"LATITUDE":-6.4588549,"STATUS":"BUKA","TANGGAL UPDATE":"27/02/2025","TANGGAL PENGUMPULAN":"Q4 2023","q":27451,"r":-15165}},{"type":"Feature","geometry":{"coordinates":[106.85150990000005,-6.470637099999976],"type":"Point"},"properties":{"NAMA":"MASAKAN PADANG SAHABAT JAYA","TIPE_1":"MAKANAN DAN MINUMAN","TIPE_2":"RESTORAN","TIPE_3":"RESTORAN PADANG","TELEPON":"0852-8884-8188","ALAMAT":"JL. KAYU MANIS, RT.4/RW.4, CIRI MEKAR, KEC. CIBINONG, KABUPATEN BOGOR, JAWA BARAT 16918","ID_PROV":"32","PROVINSI":"JAWA BARAT","ID_KABKOT":"32.01","KABKOT":"BOGOR","ID_KEC":"32.01.01","KECAMATAN":"CIBINONG","ID_DESA":"32.01.01.1011","DESA":"CIRIMEKAR","LONGITUDE":106.8515099,"LATITUDE":-6.4706371,"STATUS":"BUKA","TANGGAL UPDATE":"27/02/2025","TANGGAL PENGUMPULAN":"Q4 2023","q":27439,"r":-15161}},{"type":"Feature","geometry":{"coordinates":[106.830525,-6.472497199999964],"type":"Point"},"properties":{"NAMA":"NASI PADANG LAPAU NASI BUNDO CABANG BUKITTINGGI","TIPE_1":"MAKANAN DAN MINUMAN","TIPE_2":"RESTORAN","TIPE_3":"RESTORAN PADANG","TELEPON":"","ALAMAT":"JL. KSR DADI KUSMAYADI, TENGAH, KEC. CIBINONG, KABUPATEN BOGOR, JAWA BARAT 16914","ID_PROV":"32","PROVINSI":"JAWA BARAT","ID_KABKOT":"32.01","KABKOT":"BOGOR","ID_KEC":"32.01.01","KECAMATAN":"CIBINONG","ID_DESA":"32.01.01.1008","DESA":"TENGAH","LONGITUDE":106.830525,"LATITUDE":-6.4724972,"STATUS":"BUKA","TANGGAL UPDATE":"27/02/2025","TANGGAL PENGUMPULAN":"Q4 2023","q":27433,"r":-15159}},{"type":"Feature","geometry":{"coordinates":[106.87807480000004,-6.653889099999958],"type":"Point"},"properties":{"NAMA":"NASI GORENG PADANG LEMBUTTI","TIPE_1":"MAKANAN DAN MINUMAN","TIPE_2":"RESTORAN","TIPE_3":"NASI GORENG","TELEPON":"0812-9177-6883","ALAMAT":"JL. RAYA CIAWI - CIANJUR NO.43, RT.01, CIPAYUNG DATAR, KEC. MEGAMENDUNG, KABUPATEN BOGOR, JAWA BARAT 16770","ID_PROV":"32","PROVINSI":"JAWA BARAT","ID_KABKOT":"32.01","KABKOT":"BOGOR","ID_KEC":"32.01.26","KECAMATAN":"MEGAMENDUNG","ID_DESA":"32.01.26.2006","DESA":"CIPAYUNG","LONGITUDE":106.8780748,"LATITUDE":-6.6538891,"STATUS":"BUKA","TANGGAL UPDATE":"27/02/2025","TANGGAL PENGUMPULAN":"Q4 2023","q":27446,"r":-15206}},{"type":"Feature","geometry":{"coordinates":[106.92980090000003,-6.67681319999997],"type":"Point"},"properties":{"NAMA":"PONDOK INDAH RAYA 5","TIPE_1":"MAKANAN DAN MINUMAN","TIPE_2":"RESTORAN","TIPE_3":"RESTORAN PADANG","TELEPON":"(0251) 8254831","ALAMAT":"JL. RAYA PUNCAK GADOG NO.421, CISARUA, KEC. CISARUA, KABUPATEN BOGOR, JAWA BARAT 16750","ID_PROV":"32","PROVINSI":"JAWA BARAT","ID_KABKOT":"32.01","KABKOT":"BOGOR","ID_KEC":"32.01.25","KECAMATAN":"CISARUA","ID_DESA":"32.01.25.1010","DESA":"CISARUA","LONGITUDE":106.929800899999,"LATITUDE":-6.6768132,"STATUS":"BUKA","TANGGAL UPDATE":"27/02/2025","TANGGAL PENGUMPULAN":"Q4 2023","q":27459,"r":-15218}},{"type":"Feature","geometry":{"coordinates":[106.83863290000005,-6.580390699999953],"type":"Point"},"properties":{"NAMA":"NASI PADANG RESTU IBU 2","TIPE_1":"MAKANAN DAN MINUMAN","TIPE_2":"RESTORAN","TIPE_3":"RESTORAN PADANG","TELEPON":"0838-1939-77870","ALAMAT":"JL. SUKARAJA NO.66-29, SUKARAJA, KEC. SUKARAJA, KABUPATEN BOGOR, JAWA BARAT 16710","ID_PROV":"32","PROVINSI":"JAWA BARAT","ID_KABKOT":"32.01","KABKOT":"BOGOR","ID_KEC":"32.01.04","KECAMATAN":"SUKARAJA","ID_DESA":"32.01.04.2007","DESA":"SUKARAJA","LONGITUDE":106.8386329,"LATITUDE":-6.5803907,"STATUS":"BUKA","TANGGAL UPDATE":"27/02/2025","TANGGAL PENGUMPULAN":"Q4 2023","q":27435,"r":-15184}},{"type":"Feature","geometry":{"coordinates":[106.84079710000009,-6.568408099999942],"type":"Point"},"properties":{"NAMA":"NASI PADANG RESTU IBU 3","TIPE_1":"MAKANAN DAN MINUMAN","TIPE_2":"RESTORAN","TIPE_3":"RESTORAN PADANG","TELEPON":"0838-1977-0771","ALAMAT":"SENTUL, JALAN HOLLY RAYA NO.GRAND, CADAS NGAMPAR, KEC. SUKARAJA, KABUPATEN BOGOR, JAWA BARAT 16710","ID_PROV":"32","PROVINSI":"JAWA BARAT","ID_KABKOT":"32.01","KABKOT":"BOGOR","ID_KEC":"32.01.04","KECAMATAN":"SUKARAJA","ID_DESA":"32.01.04.2012","DESA":"CADASNGAMPAR","LONGITUDE":106.840797099999,"LATITUDE":-6.5684081,"STATUS":"BUKA","TANGGAL UPDATE":"27/02/2025","TANGGAL PENGUMPULAN":"Q4 2023","q":27436,"r":-15182}},{"type":"Feature","geometry":{"coordinates":[106.843549,-6.482399599999951],"type":"Point"},"properties":{"NAMA":"NISA MINANG MASAKAN PADANG","TIPE_1":"MAKANAN DAN MINUMAN","TIPE_2":"RESTORAN","TIPE_3":"RESTORAN PADANG","TELEPON":"0895-1726-7110","ALAMAT":"JL. RAYA JAKARTA-BOGOR NO.45, PAKANSARI, KEC. CIBINONG, KABUPATEN BOGOR, JAWA BARAT 16915","ID_PROV":"32","PROVINSI":"JAWA BARAT","ID_KABKOT":"32.01","KABKOT":"BOGOR","ID_KEC":"32.01.01","KECAMATAN":"CIBINONG","ID_DESA":"32.01.01.1007","DESA":"PAKANSARI","LONGITUDE":106.843549,"LATITUDE":-6.4823996,"STATUS":"BUKA","TANGGAL UPDATE":"27/02/2025","TANGGAL PENGUMPULAN":"Q4 2023","q":27437,"r":-15163}},{"type":"Feature","geometry":{"coordinates":[106.926865,-6.670639599999959],"type":"Point"},"properties":{"NAMA":"RESTORAN FAMILY KAPAU MASAKAN PADANG","TIPE_1":"MAKANAN DAN MINUMAN","TIPE_2":"RESTORAN","TIPE_3":"RESTORAN PADANG","TELEPON":"0812-1969-943","ALAMAT":"JALAN RAYA PUNCAK KM. 79 KOPO, LEUWIMALANG, KEC. CISARUA, KABUPATEN BOGOR, JAWA BARAT 16750","ID_PROV":"32","PROVINSI":"JAWA BARAT","ID_KABKOT":"32.01","KABKOT":"BOGOR","ID_KEC":"32.01.25","KECAMATAN":"CISARUA","ID_DESA":"32.01.25.2007","DESA":"LEUWIMALANG","LONGITUDE":106.926865,"LATITUDE":-6.6706396,"STATUS":"BUKA","TANGGAL UPDATE":"27/02/2025","TANGGAL PENGUMPULAN":"Q4 2023","q":27458,"r":-15216}},{"type":"Feature","geometry":{"coordinates":[106.94635840000007,-6.685265699999945],"type":"Point"},"properties":{"NAMA":"RESTORAN FAJAR","TIPE_1":"MAKANAN DAN MINUMAN","TIPE_2":"RESTORAN","TIPE_3":"RESTORAN PADANG","TELEPON":"(0251) 8247108","ALAMAT":"JL. RAYA PUNCAK - GADOG NO.KM. 71, PANDANSARI, KEC. CIAWI, KABUPATEN BOGOR, JAWA BARAT 16720","ID_PROV":"32","PROVINSI":"JAWA BARAT","ID_KABKOT":"32.01","KABKOT":"BOGOR","ID_KEC":"32.01.25","KECAMATAN":"CISARUA","ID_DESA":"32.01.25.2001","DESA":"BATULAYANG","LONGITUDE":106.9463584,"LATITUDE":-6.6852657,"STATUS":"BUKA","TANGGAL UPDATE":"27/02/2025","TANGGAL PENGUMPULAN":"Q4 2023","q":27463,"r":-15222}},{"type":"Feature","geometry":{"coordinates":[106.85712190000004,-6.585131899999965],"type":"Point"},"properties":{"NAMA":"RESTORAN PADANG MINANG RAYA","TIPE_1":"MAKANAN DAN MINUMAN","TIPE_2":"RESTORAN","TIPE_3":"RESTORAN PADANG","TELEPON":"0812-8172-3689","ALAMAT":"JL. BUKIT SENTUL, CIJAYANTI, KEC. BABAKAN MADANG, KABUPATEN BOGOR, JAWA BARAT 16810","ID_PROV":"32","PROVINSI":"JAWA BARAT","ID_KABKOT":"32.01","KABKOT":"BOGOR","ID_KEC":"32.01.05","KECAMATAN":"BABAKAN MADANG","ID_DESA":"32.01.05.2001","DESA":"CIJAYANTI","LONGITUDE":106.8571219,"LATITUDE":-6.5851319,"STATUS":"BUKA","TANGGAL UPDATE":"27/02/2025","TANGGAL PENGUMPULAN":"Q4 2023","q":27440,"r":-15188}},{"type":"Feature","geometry":{"coordinates":[106.87128850000005,-6.484413299999972],"type":"Point"},"properties":{"NAMA":"RESTORAN BINTANG GARUDA BARU MASAKAN PADANG","TIPE_1":"MAKANAN DAN MINUMAN","TIPE_2":"RESTORAN","TIPE_3":"RESTORAN PADANG","TELEPON":"(021) 8761329","ALAMAT":"NO, JL. RAYA MAYOR OKING JAYA ATMAJA NO.15, PUSPASARI, KEC. CITEUREUP, KABUPATEN BOGOR, JAWA BARAT 16917","ID_PROV":"32","PROVINSI":"JAWA BARAT","ID_KABKOT":"32.01","KABKOT":"BOGOR","ID_KEC":"32.01.03","KECAMATAN":"CITEUREUP","ID_DESA":"32.01.03.2001","DESA":"PUSPASARI","LONGITUDE":106.871288499999,"LATITUDE":-6.4844133,"STATUS":"BUKA","TANGGAL UPDATE":"27/02/2025","TANGGAL PENGUMPULAN":"Q4 2023","q":27444,"r":-15167}},{"type":"Feature","geometry":{"coordinates":[106.73756710000004,-6.538801],"type":"Point"},"properties":{"NAMA":"RM BUNDO","TIPE_1":"MAKANAN DAN MINUMAN","TIPE_2":"RESTORAN","TIPE_3":"RESTORAN PADANG","TELEPON":"0812-8111-7731","ALAMAT":"JL. ATANG SENJAYA, BANTARJAYA, KEC. RANCA BUNGUR, KABUPATEN BOGOR, JAWA BARAT 16310","ID_PROV":"32","PROVINSI":"JAWA BARAT","ID_KABKOT":"32.01","KABKOT":"BOGOR","ID_KEC":"32.01.34","KECAMATAN":"RANCA BUNGUR","ID_DESA":"32.01.34.2001","DESA":"BANTARJAYA","LONGITUDE":106.737567099999,"LATITUDE":-6.538801,"STATUS":"BUKA","TANGGAL UPDATE":"27/02/2025","TANGGAL PENGUMPULAN":"Q4 2023","q":27410,"r":-15162}},{"type":"Feature","geometry":{"coordinates":[106.7561496,-6.4986062],"type":"Point"},"properties":{"NAMA":"PONDOK SATE TEGAL MAS ARI","TIPE_1":"MAKANAN DAN MINUMAN","TIPE_2":"RESTORAN","TIPE_3":"WARUNG TEGAL","TELEPON":"","ALAMAT":"JL. BARU KEMANG, TONJONG, KEC. KEMANG, KABUPATEN BOGOR, JAWA BARAT 16310","ID_PROV":"32","PROVINSI":"JAWA BARAT","ID_KABKOT":"32.01","KABKOT":"BOGOR","ID_KEC":"32.01.12","KECAMATAN":"KEMANG","ID_DESA":"32.01.12.2003","DESA":"KEMANG","LONGITUDE":106.7561496,"LATITUDE":-6.4986062,"STATUS":"BUKA","TANGGAL UPDATE":"27/02/2025","TANGGAL PENGUMPULAN":"Q4 2023","q":27414,"r":-15155}},{"type":"Feature","geometry":{"coordinates":[106.7783749,-6.4641553],"type":"Point"},"properties":{"NAMA":"NASI GORENG PA'DE TEGAL","TIPE_1":"MAKANAN DAN MINUMAN","TIPE_2":"RESTORAN","TIPE_3":"NASI GORENG","TELEPON":"0878-2635-1079","ALAMAT":"JL. RAYA NANGGERANG, RT.1RW04, NANGGERANG, KEC. TAJUR HALANG, KABUPATEN BOGOR, JAWA BARAT 16320","ID_PROV":"32","PROVINSI":"JAWA BARAT","ID_KABKOT":"32.01","KABKOT":"BOGOR","ID_KEC":"32.01.37","KECAMATAN":"TAJURHALANG","ID_DESA":"32.01.37.2004","DESA":"NANGGERANG","LONGITUDE":106.7783749,"LATITUDE":-6.4641553,"STATUS":"BUKA","TANGGAL UPDATE":"27/02/2025","TANGGAL PENGUMPULAN":"Q4 2023","q":27420,"r":-15151}},{"type":"Feature","geometry":{"coordinates":[106.7187072,-6.563077],"type":"Point"},"properties":{"NAMA":"NASI GORENG TEGAL SELAWI","TIPE_1":"MAKANAN DAN MINUMAN","TIPE_2":"RESTORAN","TIPE_3":"NASI GORENG","TELEPON":"0831-1245-7758","ALAMAT":"UNNAMED ROAD, CIHIDEUNG ILIR, KEC. CIAMPEA, KABUPATEN BOGOR, JAWA BARAT 16620","ID_PROV":"32","PROVINSI":"JAWA BARAT","ID_KABKOT":"32.01","KABKOT":"BOGOR","ID_KEC":"32.01.15","KECAMATAN":"CIAMPEA","ID_DESA":"32.01.15.2010","DESA":"CIHIDEUNGHILIR","LONGITUDE":106.7187072,"LATITUDE":-6.563077,"STATUS":"BUKA","TANGGAL UPDATE":"27/02/2025","TANGGAL PENGUMPULAN":"Q4 2023","q":27405,"r":-15165}},{"type":"Feature","geometry":{"coordinates":[106.8618185,-6.6545957],"type":"Point"},"properties":{"NAMA":"SOP JANDA SATE TEGAL PUNCAK RM REVINA","TIPE_1":"MAKANAN DAN MINUMAN","TIPE_2":"RESTORAN","TIPE_3":"WARUNG TEGAL","TELEPON":"","ALAMAT":"JL. RAYA PUNCAK - CIANJUR NO.99, KAMOUNG GADOG, PANDANSARI, KEC. CIAWI, KABUPATEN BOGOR, JAWA BARAT 16770","ID_PROV":"32","PROVINSI":"JAWA BARAT","ID_KABKOT":"32.01","KABKOT":"BOGOR","ID_KEC":"32.01.24","KECAMATAN":"CIAWI","ID_DESA":"32.01.24.2009","DESA":"PANDAN SARI","LONGITUDE":106.8618185,"LATITUDE":-6.6545957,"STATUS":"BUKA","TANGGAL UPDATE":"27/02/2025","TANGGAL PENGUMPULAN":"Q4 2023","q":27441,"r":-15204}},{"type":"Feature","geometry":{"coordinates":[106.803042,-6.4640294],"type":"Point"},"properties":{"NAMA":"NASI GORENG TEGAL MONCER","TIPE_1":"MAKANAN DAN MINUMAN","TIPE_2":"RESTORAN","TIPE_3":"NASI GORENG","TELEPON":"0896-9054-6379","ALAMAT":"JL.RAYA PABUARAN NO 510 GANG ANGGREK NO.DEPAN, RW. PANJANG, KECAMATAN BOJONGGEDE, KABUPATEN BOGOR, JAWA BARAT 16920","ID_PROV":"32","PROVINSI":"JAWA BARAT","ID_KABKOT":"32.01","KABKOT":"BOGOR","ID_KEC":"32.01.13","KECAMATAN":"BOJONG GEDE","ID_DESA":"32.01.13.2008","DESA":"RAWAPANJANG","LONGITUDE":106.803042,"LATITUDE":-6.4640294,"STATUS":"BUKA","TANGGAL UPDATE":"27/02/2025","TANGGAL PENGUMPULAN":"Q4 2023","q":27426,"r":-15154}},{"type":"Feature","geometry":{"coordinates":[106.6281869,-6.5722335],"type":"Point"},"properties":{"NAMA":"WARTEG TEGAL BAHARI","TIPE_1":"MAKANAN DAN MINUMAN","TIPE_2":"RESTORAN","TIPE_3":"WARUNG TEGAL","TELEPON":"","ALAMAT":"LEUWILIANG, KEC. LEUWILIANG, KABUPATEN BOGOR, JAWA BARAT 16640","ID_PROV":"32","PROVINSI":"JAWA BARAT","ID_KABKOT":"32.01","KABKOT":"BOGOR","ID_KEC":"32.01.14","KECAMATAN":"LEUWILIANG","ID_DESA":"32.01.14.2009","DESA":"CIBEBER I","LONGITUDE":106.6281869,"LATITUDE":-6.5722335,"STATUS":"BUKA","TANGGAL UPDATE":"27/02/2025","TANGGAL PENGUMPULAN":"Q4 2023","q":27381,"r":-15156}},{"type":"Feature","geometry":{"coordinates":[106.7293961,-6.4765163],"type":"Point"},"properties":{"NAMA":"WARUNG NASI TEGAL OPIK","TIPE_1":"MAKANAN DAN MINUMAN","TIPE_2":"RESTORAN","TIPE_3":"WARUNG TEGAL","TELEPON":"","ALAMAT":"JAMPANG, KEC. KEMANG, KABUPATEN BOGOR, JAWA BARAT 16310","ID_PROV":"32","PROVINSI":"JAWA BARAT","ID_KABKOT":"32.01","KABKOT":"BOGOR","ID_KEC":"32.01.12","KECAMATAN":"KEMANG","ID_DESA":"32.01.12.2007","DESA":"JAMPANG","LONGITUDE":106.7293961,"LATITUDE":-6.4765163,"STATUS":"BUKA","TANGGAL UPDATE":"27/02/2025","TANGGAL PENGUMPULAN":"Q4 2023","q":27407,"r":-15147}},{"type":"Feature","geometry":{"coordinates":[106.7310112,-6.4786927],"type":"Point"},"properties":{"NAMA":"AYAM BAKAR TEGAL LAKA LAKA","TIPE_1":"MAKANAN DAN MINUMAN","TIPE_2":"RESTORAN","TIPE_3":"WARUNG TEGAL","TELEPON":"0878-8583-4906","ALAMAT":"JL. RAYA PARUNG NO.163 A, RT.02/RW.03, JAMPANG, KEC. KEMANG, KABUPATEN BOGOR, JAWA BARAT 16310","ID_PROV":"32","PROVINSI":"JAWA BARAT","ID_KABKOT":"32.01","KABKOT":"BOGOR","ID_KEC":"32.01.12","KECAMATAN":"KEMANG","ID_DESA":"32.01.12.2007","DESA":"JAMPANG","LONGITUDE":106.7310112,"LATITUDE":-6.4786927,"STATUS":"BUKA","TANGGAL UPDATE":"27/02/2025","TANGGAL PENGUMPULAN":"Q4 2023","q":27408,"r":-15148}},{"type":"Feature","geometry":{"coordinates":[106.7999897,-6.5330402],"type":"Point"},"properties":{"NAMA":"WARUNG TEGAL","TIPE_1":"MAKANAN DAN MINUMAN","TIPE_2":"RESTORAN","TIPE_3":"WARUNG TEGAL","TELEPON":"","ALAMAT":"JL. PENDIDIKAN NO.1, CILEBUT TIM., KEC. SUKARAJA, KABUPATEN BOGOR, JAWA BARAT 16710","ID_PROV":"32","PROVINSI":"JAWA BARAT","ID_KABKOT":"32.01","KABKOT":"BOGOR","ID_KEC":"32.01.04","KECAMATAN":"SUKARAJA","ID_DESA":"32.01.04.2003","DESA":"CILEBUT BARAT","LONGITUDE":106.7999897,"LATITUDE":-6.5330402,"STATUS":"BUKA","TANGGAL UPDATE":"27/02/2025","TANGGAL PENGUMPULAN":"Q4 2023","q":27426,"r":-15169}},{"type":"Feature","geometry":{"coordinates":[106.7559096,-6.6134815],"type":"Point"},"properties":{"NAMA":"WARUNG SATE KAMBING MUDA KHAS TEGAL PAK EDY","TIPE_1":"MAKANAN DAN MINUMAN","TIPE_2":"RESTORAN","TIPE_3":"WARUNG TEGAL","TELEPON":"0822-9765-9488","ALAMAT":"JL. GUNUNG HALIMUN NO.12-12A, PAGELARAN, KEC. CIOMAS, KABUPATEN BOGOR, JAWA BARAT 16610","ID_PROV":"32","PROVINSI":"JAWA BARAT","ID_KABKOT":"32.01","KABKOT":"BOGOR","ID_KEC":"32.01.29","KECAMATAN":"CIOMAS","ID_DESA":"32.01.29.2006","DESA":"PAGELARAN","LONGITUDE":106.7559096,"LATITUDE":-6.6134815,"STATUS":"BUKA","TANGGAL UPDATE":"27/02/2025","TANGGAL PENGUMPULAN":"Q4 2023","q":27414,"r":-15181}},{"type":"Feature","geometry":{"coordinates":[106.7797745,-6.6475039],"type":"Point"},"properties":{"NAMA":"WARUNG KETOPRAK KHAS TEGAL","TIPE_1":"MAKANAN DAN MINUMAN","TIPE_2":"RESTORAN","TIPE_3":"WARUNG TEGAL","TELEPON":"0895-6133-28862","ALAMAT":"JL. MULYAHARJA-ARJUNA NO.27, SUKAMANTRI, KEC. TAMANSARI, KABUPATEN BOGOR, JAWA BARAT 16610","ID_PROV":"32","PROVINSI":"JAWA BARAT","ID_KABKOT":"32.01","KABKOT":"BOGOR","ID_KEC":"32.01.31","KECAMATAN":"TAMANSARI","ID_DESA":"32.01.31.2001","DESA":"SUKAMANTRI","LONGITUDE":106.7797745,"LATITUDE":-6.6475039,"STATUS":"BUKA","TANGGAL UPDATE":"27/02/2025","TANGGAL PENGUMPULAN":"Q4 2023","q":27420,"r":-15192}},{"type":"Feature","geometry":{"coordinates":[106.8173648,-6.4849012],"type":"Point"},"properties":{"NAMA":"NASI GORENG DAN MIE GODOG MAS TEGAL","TIPE_1":"MAKANAN DAN MINUMAN","TIPE_2":"RESTORAN","TIPE_3":"NASI GORENG","TELEPON":"","ALAMAT":"JL. RAYA SUKAHATI, SUKAHATI, KEC. CIBINONG, KABUPATEN BOGOR, JAWA BARAT 16913","ID_PROV":"32","PROVINSI":"JAWA BARAT","ID_KABKOT":"32.01","KABKOT":"BOGOR","ID_KEC":"32.01.01","KECAMATAN":"CIBINONG","ID_DESA":"32.01.01.1009","DESA":"SUKAHATI","LONGITUDE":106.8173648,"LATITUDE":-6.4849012,"STATUS":"BUKA","TANGGAL UPDATE":"27/02/2025","TANGGAL PENGUMPULAN":"Q4 2023","q":27430,"r":-15160}},{"type":"Feature","geometry":{"coordinates":[106.7706257,-6.6239043],"type":"Point"},"properties":{"NAMA":"WARUNG NASI TEGAL INDAH","TIPE_1":"MAKANAN DAN MINUMAN","TIPE_2":"RESTORAN","TIPE_3":"WARUNG TEGAL","TELEPON":"","ALAMAT":"JL. H. ABDULLAH-PARAKAN NO.34, PARAKAN, CIOMAS, BOGOR REGENCY, WEST JAVA 16610","ID_PROV":"32","PROVINSI":"JAWA BARAT","ID_KABKOT":"32.01","KABKOT":"BOGOR","ID_KEC":"32.01.29","KECAMATAN":"CIOMAS","ID_DESA":"32.01.29.2004","DESA":"PARAKAN","LONGITUDE":106.7706257,"LATITUDE":-6.6239043,"STATUS":"BUKA","TANGGAL UPDATE":"27/02/2025","TANGGAL PENGUMPULAN":"Q4 2023","q":27418,"r":-15185}},{"type":"Feature","geometry":{"coordinates":[106.7836024,-6.4477167],"type":"Point"},"properties":{"NAMA":"SATE TEGAL PAK GENDUT","TIPE_1":"MAKANAN DAN MINUMAN","TIPE_2":"RESTORAN","TIPE_3":"WARUNG TEGAL","TELEPON":"0857-7997-5198","ALAMAT":"JALAN RAYA CITAYAM RT 01 RW 07 RAGA JAYA BOJONG GEDE, RAGAJAYA, KECAMATAN BOJONGGEDE, KABUPATEN BOGOR, JAWA BARAT 16920","ID_PROV":"32","PROVINSI":"JAWA BARAT","ID_KABKOT":"32.01","KABKOT":"BOGOR","ID_KEC":"32.01.13","KECAMATAN":"BOJONG GEDE","ID_DESA":"32.01.13.2004","DESA":"RAGAJAYA","LONGITUDE":106.7836024,"LATITUDE":-6.4477167,"STATUS":"BUKA","TANGGAL UPDATE":"27/02/2025","TANGGAL PENGUMPULAN":"Q4 2023","q":27421,"r":-15148}},{"type":"Feature","geometry":{"coordinates":[106.7641711,-6.5265448],"type":"Point"},"properties":{"NAMA":"SATE TEGAL LAKA LIANE","TIPE_1":"MAKANAN DAN MINUMAN","TIPE_2":"RESTORAN","TIPE_3":"WARUNG TEGAL","TELEPON":"0858-8514-1817","ALAMAT":"JL. SHOLEH ISKANDAR NO.1, PARAKAN JAYA, KEC. KEMANG, KABUPATEN BOGOR, JAWA BARAT 16310","ID_PROV":"32","PROVINSI":"JAWA BARAT","ID_KABKOT":"32.01","KABKOT":"BOGOR","ID_KEC":"32.01.12","KECAMATAN":"KEMANG","ID_DESA":"32.01.12.2002","DESA":"PARAKANJAYA","LONGITUDE":106.7641711,"LATITUDE":-6.5265448,"STATUS":"BUKA","TANGGAL UPDATE":"27/02/2025","TANGGAL PENGUMPULAN":"Q4 2023","q":27416,"r":-15163}},{"type":"Feature","geometry":{"coordinates":[106.8445088,-6.4772824],"type":"Point"},"properties":{"NAMA":"WARUNG NASI TEGAL BAHARI","TIPE_1":"MAKANAN DAN MINUMAN","TIPE_2":"RESTORAN","TIPE_3":"WARUNG TEGAL","TELEPON":"","ALAMAT":"JL. RAYA CIKARET NO.3, PAKANSARI, KEC. CIBINONG, KABUPATEN BOGOR, JAWA BARAT 16915","ID_PROV":"32","PROVINSI":"JAWA BARAT","ID_KABKOT":"32.01","KABKOT":"BOGOR","ID_KEC":"32.01.01","KECAMATAN":"CIBINONG","ID_DESA":"32.01.01.1007","DESA":"PAKANSARI","LONGITUDE":106.8445088,"LATITUDE":-6.4772824,"STATUS":"BUKA","TANGGAL UPDATE":"27/02/2025","TANGGAL PENGUMPULAN":"Q4 2023","q":27437,"r":-15162}},{"type":"Feature","geometry":{"coordinates":[106.8275846,-6.5490064],"type":"Point"},"properties":{"NAMA":"NASI GORENG WONG TEGAL","TIPE_1":"MAKANAN DAN MINUMAN","TIPE_2":"RESTORAN","TIPE_3":"NASI GORENG","TELEPON":"","ALAMAT":"JALAN, PASIRLAYA, KEC. SUKARAJA, KABUPATEN BOGOR, JAWA BARAT 16710","ID_PROV":"32","PROVINSI":"JAWA BARAT","ID_KABKOT":"32.01","KABKOT":"BOGOR","ID_KEC":"32.01.04","KECAMATAN":"SUKARAJA","ID_DESA":"32.01.04.2013","DESA":"PASIRLAJA","LONGITUDE":106.8275846,"LATITUDE":-6.5490064,"STATUS":"BUKA","TANGGAL UPDATE":"27/02/2025","TANGGAL PENGUMPULAN":"Q4 2023","q":27433,"r":-15176}},{"type":"Feature","geometry":{"coordinates":[106.9125606,-6.4455257],"type":"Point"},"properties":{"NAMA":"NASI GORENG MAS OI TEGAL","TIPE_1":"MAKANAN DAN MINUMAN","TIPE_2":"RESTORAN","TIPE_3":"NASI GORENG","TELEPON":"0878-7238-2886","ALAMAT":"JL. GRIYA BUKIT JAYA, TLAJUNG UDIK, KEC. GN. PUTRI, KABUPATEN BOGOR, JAWA BARAT 16962","ID_PROV":"32","PROVINSI":"JAWA BARAT","ID_KABKOT":"32.01","KABKOT":"BOGOR","ID_KEC":"32.01.02","KECAMATAN":"GUNUNG PUTRI","ID_DESA":"32.01.02.2006","DESA":"TLAJUNG UDIK","LONGITUDE":106.9125606,"LATITUDE":-6.4455257,"STATUS":"BUKA","TANGGAL UPDATE":"27/02/2025","TANGGAL PENGUMPULAN":"Q4 2023","q":27454,"r":-15164}},{"type":"Feature","geometry":{"coordinates":[106.760128,-6.4934252],"type":"Point"},"properties":{"NAMA":"WARTEG TEGAL 24 JAM","TIPE_1":"MAKANAN DAN MINUMAN","TIPE_2":"RESTORAN","TIPE_3":"WARUNG TEGAL","TELEPON":"","ALAMAT":"JL. PELITA 2 NO.23, RT.1/RW.3, TONJONG, KEC. TAJUR HALANG, KABUPATEN BOGOR, JAWA BARAT 16320","ID_PROV":"32","PROVINSI":"JAWA BARAT","ID_KABKOT":"32.01","KABKOT":"BOGOR","ID_KEC":"32.01.37","KECAMATAN":"TAJURHALANG","ID_DESA":"32.01.37.2006","DESA":"TONJONG","LONGITUDE":106.760128,"LATITUDE":-6.4934252,"STATUS":"BUKA","TANGGAL UPDATE":"27/02/2025","TANGGAL PENGUMPULAN":"Q4 2023","q":27415,"r":-15155}},{"type":"Feature","geometry":{"coordinates":[106.8029988,-6.46403],"type":"Point"},"properties":{"NAMA":"NASI GORENG TEGAL","TIPE_1":"MAKANAN DAN MINUMAN","TIPE_2":"RESTORAN","TIPE_3":"NASI GORENG","TELEPON":"","ALAMAT":"RW. PANJANG, KECAMATAN BOJONGGEDE, KABUPATEN BOGOR, JAWA BARAT 16921","ID_PROV":"32","PROVINSI":"JAWA BARAT","ID_KABKOT":"32.01","KABKOT":"BOGOR","ID_KEC":"32.01.13","KECAMATAN":"BOJONG GEDE","ID_DESA":"32.01.13.2008","DESA":"RAWAPANJANG","LONGITUDE":106.8029988,"LATITUDE":-6.46403,"STATUS":"BUKA","TANGGAL UPDATE":"27/02/2025","TANGGAL PENGUMPULAN":"Q4 2023","q":27426,"r":-15154}},{"type":"Feature","geometry":{"coordinates":[106.7692314,-6.6212264],"type":"Point"},"properties":{"NAMA":"WARUNG NASI TEGAL INDAH 2","TIPE_1":"MAKANAN DAN MINUMAN","TIPE_2":"RESTORAN","TIPE_3":"WARUNG TEGAL","TELEPON":"","ALAMAT":"JL. RAYA LALADON JL. PARAKAN MULYA, PARAKAN, KEC. CIOMAS, KABUPATEN BOGOR, JAWA BARAT 16610","ID_PROV":"32","PROVINSI":"JAWA BARAT","ID_KABKOT":"32.01","KABKOT":"BOGOR","ID_KEC":"32.01.29","KECAMATAN":"CIOMAS","ID_DESA":"32.01.29.2004","DESA":"PARAKAN","LONGITUDE":106.7692314,"LATITUDE":-6.6212264,"STATUS":"BUKA","TANGGAL UPDATE":"27/02/2025","TANGGAL PENGUMPULAN":"Q4 2023","q":27418,"r":-15185}},{"type":"Feature","geometry":{"coordinates":[106.7871815,-6.5003284],"type":"Point"},"properties":{"NAMA":"SOTO AYAM TEGAL","TIPE_1":"MAKANAN DAN MINUMAN","TIPE_2":"RESTORAN","TIPE_3":"WARUNG TEGAL","TELEPON":"","ALAMAT":"JL. CIMANGGIS NO.11, RT.3/RW.5, KEDUNG WARINGIN, KECAMATAN BOJONGGEDE, KABUPATEN BOGOR, JAWA BARAT 16923","ID_PROV":"32","PROVINSI":"JAWA BARAT","ID_KABKOT":"32.01","KABKOT":"BOGOR","ID_KEC":"32.01.13","KECAMATAN":"BOJONG GEDE","ID_DESA":"32.01.13.2005","DESA":"KEDUNGWARINGIN","LONGITUDE":106.7871815,"LATITUDE":-6.5003284,"STATUS":"BUKA","TANGGAL UPDATE":"27/02/2025","TANGGAL PENGUMPULAN":"Q4 2023","q":27422,"r":-15160}},{"type":"Feature","geometry":{"coordinates":[106.9315427,-6.411203],"type":"Point"},"properties":{"NAMA":"PONDOK SATE TEGAL KAMBING MUDA MAS JONO","TIPE_1":"MAKANAN DAN MINUMAN","TIPE_2":"RESTORAN","TIPE_3":"WARUNG TEGAL","TELEPON":"0877-2402-7860","ALAMAT":"JL. RAYA BOJONG NANGKA NO.78, CIKEAS UDIK, KEC. GN. PUTRI, KABUPATEN BOGOR, JAWA BARAT 16966","ID_PROV":"32","PROVINSI":"JAWA BARAT","ID_KABKOT":"32.01","KABKOT":"BOGOR","ID_KEC":"32.01.02","KECAMATAN":"GUNUNG PUTRI","ID_DESA":"32.01.02.2008","DESA":"CIKEAS UDIK","LONGITUDE":106.9315427,"LATITUDE":-6.411203,"STATUS":"BUKA","TANGGAL UPDATE":"27/02/2025","TANGGAL PENGUMPULAN":"Q4 2023","q":27459,"r":-15158}},{"type":"Feature","geometry":{"coordinates":[106.8080038,-6.5161598],"type":"Point"},"properties":{"NAMA":"WARTEG BAROKAH (TEGAL)","TIPE_1":"MAKANAN DAN MINUMAN","TIPE_2":"RESTORAN","TIPE_3":"WARUNG TEGAL","TELEPON":"","ALAMAT":"JL. RAYA KARADENAN NO.30, KARADENAN, KEC. CIBINONG, KABUPATEN BOGOR, JAWA BARAT 16913","ID_PROV":"32","PROVINSI":"JAWA BARAT","ID_KABKOT":"32.01","KABKOT":"BOGOR","ID_KEC":"32.01.01","KECAMATAN":"CIBINONG","ID_DESA":"32.01.01.1002","DESA":"KARADENAN","LONGITUDE":106.8080038,"LATITUDE":-6.5161598,"STATUS":"BUKA","TANGGAL UPDATE":"27/02/2025","TANGGAL PENGUMPULAN":"Q4 2023","q":27428,"r":-15166}},{"type":"Feature","geometry":{"coordinates":[106.8116672,-6.4817594],"type":"Point"},"properties":{"NAMA":"WARUNG NASI TEGAL SAMUDRA","TIPE_1":"MAKANAN DAN MINUMAN","TIPE_2":"RESTORAN","TIPE_3":"WARUNG TEGAL","TELEPON":"","ALAMAT":"JL. GRAHA KARTIKA PRATAMA, BOJONG BARU, KECAMATAN BOJONGGEDE, KABUPATEN BOGOR, JAWA BARAT 16920","ID_PROV":"32","PROVINSI":"JAWA BARAT","ID_KABKOT":"32.01","KABKOT":"BOGOR","ID_KEC":"32.01.13","KECAMATAN":"BOJONG GEDE","ID_DESA":"32.01.13.2001","DESA":"BOJONGBARU","LONGITUDE":106.8116672,"LATITUDE":-6.4817594,"STATUS":"BUKA","TANGGAL UPDATE":"27/02/2025","TANGGAL PENGUMPULAN":"Q4 2023","q":27429,"r":-15159}},{"type":"Feature","geometry":{"coordinates":[106.6954117,-6.4832115],"type":"Point"},"properties":{"NAMA":"RUMAH AAA","TIPE_1":"MAKANAN DAN MINUMAN","TIPE_2":"RESTORAN","TIPE_3":"WARUNG TEGAL","TELEPON":"","ALAMAT":"TEGAL, KEC. KEMANG, KABUPATEN BOGOR, JAWA BARAT 16310","ID_PROV":"32","PROVINSI":"JAWA BARAT","ID_KABKOT":"32.01","KABKOT":"BOGOR","ID_KEC":"32.01.12","KECAMATAN":"KEMANG","ID_DESA":"32.01.12.2009","DESA":"TEGAL","LONGITUDE":106.6954117,"LATITUDE":-6.4832115,"STATUS":"BUKA","TANGGAL UPDATE":"27/02/2025","TANGGAL PENGUMPULAN":"Q4 2023","q":27399,"r":-15144}},{"type":"Feature","geometry":{"coordinates":[106.7867288,-6.5008053],"type":"Point"},"properties":{"NAMA":"MARTABAK MPS TEGAL BOJONG GEDE","TIPE_1":"MAKANAN DAN MINUMAN","TIPE_2":"RESTORAN","TIPE_3":"WARUNG TEGAL","TELEPON":"","ALAMAT":"JL. PERUMAHAN GRIYA WARINGIN ELOK, CIMANGGIS, KECAMATAN BOJONGGEDE, KABUPATEN BOGOR, JAWA BARAT 16923","ID_PROV":"32","PROVINSI":"JAWA BARAT","ID_KABKOT":"32.01","KABKOT":"BOGOR","ID_KEC":"32.01.13","KECAMATAN":"BOJONG GEDE","ID_DESA":"32.01.13.2005","DESA":"KEDUNGWARINGIN","LONGITUDE":106.7867288,"LATITUDE":-6.5008053,"STATUS":"BUKA","TANGGAL UPDATE":"27/02/2025","TANGGAL PENGUMPULAN":"Q4 2023","q":27422,"r":-15160}},{"type":"Feature","geometry":{"coordinates":[106.7129726,-6.4858591],"type":"Point"},"properties":{"NAMA":"TEGAL RESTO BAKUT","TIPE_1":"MAKANAN DAN MINUMAN","TIPE_2":"RESTORAN","TIPE_3":"WARUNG TEGAL","TELEPON":"0877-1234-7722","ALAMAT":"TEGAL, KEC. KEMANG, KABUPATEN BOGOR, JAWA BARAT 16310","ID_PROV":"32","PROVINSI":"JAWA BARAT","ID_KABKOT":"32.01","KABKOT":"BOGOR","ID_KEC":"32.01.12","KECAMATAN":"KEMANG","ID_DESA":"32.01.12.2009","DESA":"TEGAL","LONGITUDE":106.7129726,"LATITUDE":-6.4858591,"STATUS":"BUKA","TANGGAL UPDATE":"27/02/2025","TANGGAL PENGUMPULAN":"Q4 2023","q":27403,"r":-15147}},{"type":"Feature","geometry":{"coordinates":[106.693514,-6.431205],"type":"Point"},"properties":{"NAMA":"NASI GORENG GILA TEGAL VAN JAVA","TIPE_1":"MAKANAN DAN MINUMAN","TIPE_2":"RESTORAN","TIPE_3":"NASI GORENG","TELEPON":"0812-9861-3330","ALAMAT":"JL. RAYA COGREG, COGREG, KEC. PARUNG, KABUPATEN BOGOR, JAWA BARAT 16330","ID_PROV":"32","PROVINSI":"JAWA BARAT","ID_KABKOT":"32.01","KABKOT":"BOGOR","ID_KEC":"32.01.10","KECAMATAN":"PARUNG","ID_DESA":"32.01.10.2005","DESA":"COGREG","LONGITUDE":106.693514,"LATITUDE":-6.431205,"STATUS":"BUKA","TANGGAL UPDATE":"27/02/2025","TANGGAL PENGUMPULAN":"Q4 2023","q":27398,"r":-15132}},{"type":"Feature","geometry":{"coordinates":[106.7194328,-6.487254],"type":"Point"},"properties":{"NAMA":"RESTO PAK RT","TIPE_1":"MAKANAN DAN MINUMAN","TIPE_2":"RESTORAN","TIPE_3":"WARUNG TEGAL","TELEPON":"0877-7254-3525","ALAMAT":"JL. PARUNG HIJAU DESA TEGAL JAMPANG HAMBULU, TEGAL, KEC. KEMANG, KABUPATEN BOGOR, JAWA BARAT 16310","ID_PROV":"32","PROVINSI":"JAWA BARAT","ID_KABKOT":"32.01","KABKOT":"BOGOR","ID_KEC":"32.01.12","KECAMATAN":"KEMANG","ID_DESA":"32.01.12.2009","DESA":"TEGAL","LONGITUDE":106.7194328,"LATITUDE":-6.487254,"STATUS":"BUKA","TANGGAL UPDATE":"27/02/2025","TANGGAL PENGUMPULAN":"Q4 2023","q":27405,"r":-15148}},{"type":"Feature","geometry":{"coordinates":[106.7272904,-6.4877287],"type":"Point"},"properties":{"NAMA":"KP HAMBULU RT 001 RW 001 DESA TEGAL KEC KEMANG KAB BOGOR","TIPE_1":"MAKANAN DAN MINUMAN","TIPE_2":"RESTORAN","TIPE_3":"WARUNG TEGAL","TELEPON":"","ALAMAT":"JL. PARUNG HIJAU DESA TEGAL JAMPANG HAMBULU NO.14, TEGAL, KEC. KEMANG, KABUPATEN BOGOR, JAWA BARAT 16310","ID_PROV":"32","PROVINSI":"JAWA BARAT","ID_KABKOT":"32.01","KABKOT":"BOGOR","ID_KEC":"32.01.12","KECAMATAN":"KEMANG","ID_DESA":"32.01.12.2009","DESA":"TEGAL","LONGITUDE":106.7272904,"LATITUDE":-6.4877287,"STATUS":"BUKA","TANGGAL UPDATE":"27/02/2025","TANGGAL PENGUMPULAN":"Q4 2023","q":27407,"r":-15149}},{"type":"Feature","geometry":{"coordinates":[106.7109689,-6.432808],"type":"Point"},"properties":{"NAMA":"NASI GORENG DUA SAUDARA TEGAL","TIPE_1":"MAKANAN DAN MINUMAN","TIPE_2":"RESTORAN","TIPE_3":"NASI GORENG","TELEPON":"","ALAMAT":"JALAN H. MAWI, WARU JAYA, PARUNG, WARUJAYA, KEC. PARUNG, KABUPATEN BOGOR, JAWA BARAT 16330","ID_PROV":"32","PROVINSI":"JAWA BARAT","ID_KABKOT":"32.01","KABKOT":"BOGOR","ID_KEC":"32.01.10","KECAMATAN":"PARUNG","ID_DESA":"32.01.10.2007","DESA":"WARUJAYA","LONGITUDE":106.7109689,"LATITUDE":-6.432808,"STATUS":"BUKA","TANGGAL UPDATE":"27/02/2025","TANGGAL PENGUMPULAN":"Q4 2023","q":27403,"r":-15135}},{"type":"Feature","geometry":{"coordinates":[106.7196349,-6.4870796],"type":"Point"},"properties":{"NAMA":"DKRIUK TEGAL","TIPE_1":"MAKANAN DAN MINUMAN","TIPE_2":"RESTORAN","TIPE_3":"WARUNG TEGAL","TELEPON":"0896-6227-8114","ALAMAT":"JL. PARUNG HIJAU DESA TEGAL JAMPANG HAMBULU, TEGAL, KEC. KEMANG, KABUPATEN BOGOR, JAWA BARAT 16310","ID_PROV":"32","PROVINSI":"JAWA BARAT","ID_KABKOT":"32.01","KABKOT":"BOGOR","ID_KEC":"32.01.12","KECAMATAN":"KEMANG","ID_DESA":"32.01.12.2009","DESA":"TEGAL","LONGITUDE":106.7196349,"LATITUDE":-6.4870796,"STATUS":"BUKA","TANGGAL UPDATE":"27/02/2025","TANGGAL PENGUMPULAN":"Q4 2023","q":27405,"r":-15148}},{"type":"Feature","geometry":{"coordinates":[106.870516,-6.6528002],"type":"Point"},"properties":{"NAMA":"SATE TEGAL ABU SALIM & SHISHA CAFE","TIPE_1":"MAKANAN DAN MINUMAN","TIPE_2":"RESTORAN","TIPE_3":"WARUNG TEGAL","TELEPON":"","ALAMAT":"JL. RAYA PUNCAK - CIANJUR NO.53, GADOG, KEC. MEGAMENDUNG, KABUPATEN BOGOR, JAWA BARAT 16770","ID_PROV":"32","PROVINSI":"JAWA BARAT","ID_KABKOT":"32.01","KABKOT":"BOGOR","ID_KEC":"32.01.26","KECAMATAN":"MEGAMENDUNG","ID_DESA":"32.01.26.2006","DESA":"CIPAYUNG","LONGITUDE":106.870516,"LATITUDE":-6.6528002,"STATUS":"BUKA","TANGGAL UPDATE":"27/02/2025","TANGGAL PENGUMPULAN":"Q4 2023","q":27444,"r":-15205}},{"type":"Feature","geometry":{"coordinates":[106.7172517,-6.4926652],"type":"Point"},"properties":{"NAMA":"WARTEG SUPER DAMAI","TIPE_1":"MAKANAN DAN MINUMAN","TIPE_2":"RESTORAN","TIPE_3":"WARUNG TEGAL","TELEPON":"0812-9231-6082","ALAMAT":"DESA, TEGAL, KEC. KEMANG, KABUPATEN BOGOR, JAWA BARAT 16310","ID_PROV":"32","PROVINSI":"JAWA BARAT","ID_KABKOT":"32.01","KABKOT":"BOGOR","ID_KEC":"32.01.12","KECAMATAN":"KEMANG","ID_DESA":"32.01.12.2009","DESA":"TEGAL","LONGITUDE":106.7172517,"LATITUDE":-6.4926652,"STATUS":"BUKA","TANGGAL UPDATE":"27/02/2025","TANGGAL PENGUMPULAN":"Q4 2023","q":27404,"r":-15149}},{"type":"Feature","geometry":{"coordinates":[106.7010668,-6.5582052],"type":"Point"},"properties":{"NAMA":"TOKO AZZAM BERKAH","TIPE_1":"MAKANAN DAN MINUMAN","TIPE_2":"RESTORAN","TIPE_3":"WARUNG TEGAL","TELEPON":"","ALAMAT":"JL. TEGAL WARU NO.31, TEGAL WARU, KEC. CIAMPEA, KABUPATEN BOGOR, JAWA BARAT 16620","ID_PROV":"32","PROVINSI":"JAWA BARAT","ID_KABKOT":"32.01","KABKOT":"BOGOR","ID_KEC":"32.01.15","KECAMATAN":"CIAMPEA","ID_DESA":"32.01.15.2005","DESA":"TEGALWARU","LONGITUDE":106.7010668,"LATITUDE":-6.5582052,"STATUS":"BUKA","TANGGAL UPDATE":"27/02/2025","TANGGAL PENGUMPULAN":"Q4 2023","q":27400,"r":-15162}},{"type":"Feature","geometry":{"coordinates":[106.7200499,-6.4821155],"type":"Point"},"properties":{"NAMA":"NASI GORENG NOEL","TIPE_1":"MAKANAN DAN MINUMAN","TIPE_2":"RESTORAN","TIPE_3":"NASI GORENG","TELEPON":"0896-6558-4812","ALAMAT":"TEGAL, KEC. KEMANG, KABUPATEN BOGOR, JAWA BARAT 16310","ID_PROV":"32","PROVINSI":"JAWA BARAT","ID_KABKOT":"32.01","KABKOT":"BOGOR","ID_KEC":"32.01.12","KECAMATAN":"KEMANG","ID_DESA":"32.01.12.2009","DESA":"TEGAL","LONGITUDE":106.7200499,"LATITUDE":-6.4821155,"STATUS":"BUKA","TANGGAL UPDATE":"27/02/2025","TANGGAL PENGUMPULAN":"Q4 2023","q":27405,"r":-15147}},{"type":"Feature","geometry":{"coordinates":[106.7086383,-6.4637971],"type":"Point"},"properties":{"NAMA":"WARTEG TRI SETIA PUTRA X GANGSA","TIPE_1":"MAKANAN DAN MINUMAN","TIPE_2":"RESTORAN","TIPE_3":"WARUNG TEGAL","TELEPON":"","ALAMAT":"JL. PASAR CISEENG NO.1968, RW.3, IWUL, KEC. PARUNG, KABUPATEN BOGOR, JAWA BARAT 16120","ID_PROV":"32","PROVINSI":"JAWA BARAT","ID_KABKOT":"32.01","KABKOT":"BOGOR","ID_KEC":"32.01.10","KECAMATAN":"PARUNG","ID_DESA":"32.01.10.2002","DESA":"IWUL","LONGITUDE":106.7086383,"LATITUDE":-6.4637971,"STATUS":"BUKA","TANGGAL UPDATE":"27/02/2025","TANGGAL PENGUMPULAN":"Q4 2023","q":27402,"r":-15142}},{"type":"Feature","geometry":{"coordinates":[106.695758,-6.4727004],"type":"Point"},"properties":{"NAMA":"WARUNK AISYAH","TIPE_1":"MAKANAN DAN MINUMAN","TIPE_2":"RESTORAN","TIPE_3":"WARUNG TEGAL","TELEPON":"0878-7099-7831","ALAMAT":"JL. KAMPUNG SASAK, TEGAL, KEC. KEMANG, KABUPATEN BOGOR, JAWA BARAT 16310","ID_PROV":"32","PROVINSI":"JAWA BARAT","ID_KABKOT":"32.01","KABKOT":"BOGOR","ID_KEC":"32.01.12","KECAMATAN":"KEMANG","ID_DESA":"32.01.12.2009","DESA":"TEGAL","LONGITUDE":106.695758,"LATITUDE":-6.4727004,"STATUS":"BUKA","TANGGAL UPDATE":"27/02/2025","TANGGAL PENGUMPULAN":"Q4 2023","q":27399,"r":-15142}},{"type":"Feature","geometry":{"coordinates":[106.7018319,-6.4819989],"type":"Point"},"properties":{"NAMA":"UDA PAISAL","TIPE_1":"MAKANAN DAN MINUMAN","TIPE_2":"RESTORAN","TIPE_3":"WARUNG TEGAL","TELEPON":"0895-2912-0462","ALAMAT":"JL. TAMAN GANESHA NO.13A, TEGAL, KEC. KEMANG, KABUPATEN BOGOR, JAWA BARAT 16310","ID_PROV":"32","PROVINSI":"JAWA BARAT","ID_KABKOT":"32.01","KABKOT":"BOGOR","ID_KEC":"32.01.12","KECAMATAN":"KEMANG","ID_DESA":"32.01.12.2009","DESA":"TEGAL","LONGITUDE":106.7018319,"LATITUDE":-6.4819989,"STATUS":"BUKA","TANGGAL UPDATE":"27/02/2025","TANGGAL PENGUMPULAN":"Q4 2023","q":27400,"r":-15145}},{"type":"Feature","geometry":{"coordinates":[106.7108601,-6.489852],"type":"Point"},"properties":{"NAMA":"DAPUR AUL","TIPE_1":"MAKANAN DAN MINUMAN","TIPE_2":"RESTORAN","TIPE_3":"WARUNG TEGAL","TELEPON":"0838-7795-0373","ALAMAT":"TEGAL, KEC. KEMANG, KABUPATEN BOGOR, JAWA BARAT 16310","ID_PROV":"32","PROVINSI":"JAWA BARAT","ID_KABKOT":"32.01","KABKOT":"BOGOR","ID_KEC":"32.01.12","KECAMATAN":"KEMANG","ID_DESA":"32.01.12.2009","DESA":"TEGAL","LONGITUDE":106.7108601,"LATITUDE":-6.489852,"STATUS":"BUKA","TANGGAL UPDATE":"27/02/2025","TANGGAL PENGUMPULAN":"Q4 2023","q":27403,"r":-15148}},{"type":"Feature","geometry":{"coordinates":[106.8633333,-6.4755433],"type":"Point"},"properties":{"NAMA":"WARUNG NASI TEGAL","TIPE_1":"MAKANAN DAN MINUMAN","TIPE_2":"RESTORAN","TIPE_3":"WARUNG TEGAL","TELEPON":"","ALAMAT":"JL. RAYA MAYOR OKING JAYA ATMAJA NO.158F, CIRIMEKAR, KEC. CIBINONG, KABUPATEN BOGOR, JAWA BARAT 16918","ID_PROV":"32","PROVINSI":"JAWA BARAT","ID_KABKOT":"32.01","KABKOT":"BOGOR","ID_KEC":"32.01.01","KECAMATAN":"CIBINONG","ID_DESA":"32.01.01.1011","DESA":"CIRIMEKAR","LONGITUDE":106.8633333,"LATITUDE":-6.4755433,"STATUS":"BUKA","TANGGAL UPDATE":"27/02/2025","TANGGAL PENGUMPULAN":"Q4 2023","q":27442,"r":-15164}},{"type":"Feature","geometry":{"coordinates":[106.6965801,-6.5546192],"type":"Point"},"properties":{"NAMA":"WARTEG SIKUMBANG","TIPE_1":"MAKANAN DAN MINUMAN","TIPE_2":"RESTORAN","TIPE_3":"WARUNG TEGAL","TELEPON":"0895-1660-2444","ALAMAT":"JL. NASIONAL 11 NO.2, BOJONG RANGKAS, KEC. CIAMPEA, KABUPATEN BOGOR, JAWA BARAT 16620","ID_PROV":"32","PROVINSI":"JAWA BARAT","ID_KABKOT":"32.01","KABKOT":"BOGOR","ID_KEC":"32.01.15","KECAMATAN":"CIAMPEA","ID_DESA":"32.01.15.2009","DESA":"BOJONGRANGKAS","LONGITUDE":106.6965801,"LATITUDE":-6.5546192,"STATUS":"BUKA","TANGGAL UPDATE":"27/02/2025","TANGGAL PENGUMPULAN":"Q4 2023","q":27399,"r":-15160}},{"type":"Feature","geometry":{"coordinates":[106.811865,-6.494998],"type":"Point"},"properties":{"NAMA":"SATE TEGAL LAKA-LAKA - CIBINONG","TIPE_1":"MAKANAN DAN MINUMAN","TIPE_2":"RESTORAN","TIPE_3":"WARUNG TEGAL","TELEPON":"","ALAMAT":"JL. RAYA SUKAHATI NO.89, RT.6/RW.6, SUKAHATI, KEC. CIBINONG, KABUPATEN BOGOR, JAWA BARAT 16913","ID_PROV":"32","PROVINSI":"JAWA BARAT","ID_KABKOT":"32.01","KABKOT":"BOGOR","ID_KEC":"32.01.01","KECAMATAN":"CIBINONG","ID_DESA":"32.01.01.1009","DESA":"SUKAHATI","LONGITUDE":106.811865,"LATITUDE":-6.494998,"STATUS":"BUKA","TANGGAL UPDATE":"27/02/2025","TANGGAL PENGUMPULAN":"Q4 2023","q":27429,"r":-15162}},{"type":"Feature","geometry":{"coordinates":[106.8611437,-6.6674896],"type":"Point"},"properties":{"NAMA":"SATE JAMUR PEPES KHAS TEGAL MAS NENO","TIPE_1":"MAKANAN DAN MINUMAN","TIPE_2":"RESTORAN","TIPE_3":"WARUNG TEGAL","TELEPON":"0857-4298-8720","ALAMAT":"KAMPUNG WARUNG NANGKA, JALAN TELUK PINANG, TELUK PINANG, CIAWI, SUKAMAHI, KEC. MEGAMENDUNG, KABUPATEN BOGOR, JAWA BARAT 16720","ID_PROV":"32","PROVINSI":"JAWA BARAT","ID_KABKOT":"32.01","KABKOT":"BOGOR","ID_KEC":"32.01.26","KECAMATAN":"MEGAMENDUNG","ID_DESA":"32.01.26.2010","DESA":"SUKAMAHI","LONGITUDE":106.8611437,"LATITUDE":-6.6674896,"STATUS":"BUKA","TANGGAL UPDATE":"27/02/2025","TANGGAL PENGUMPULAN":"Q4 2023","q":27441,"r":-15207}},{"type":"Feature","geometry":{"coordinates":[106.8254197,-6.5142148],"type":"Point"},"properties":{"NAMA":"WARUNG TEGAL LAWET MULYO","TIPE_1":"MAKANAN DAN MINUMAN","TIPE_2":"RESTORAN","TIPE_3":"WARUNG TEGAL","TELEPON":"","ALAMAT":"NANGGEWER, KEC. CIBINONG, KABUPATEN BOGOR, JAWA BARAT","ID_PROV":"32","PROVINSI":"JAWA BARAT","ID_KABKOT":"32.01","KABKOT":"BOGOR","ID_KEC":"32.01.01","KECAMATAN":"CIBINONG","ID_DESA":"32.01.01.1004","DESA":"NANGGEWER","LONGITUDE":106.8254197,"LATITUDE":-6.5142148,"STATUS":"BUKA","TANGGAL UPDATE":"27/02/2025","TANGGAL PENGUMPULAN":"Q4 2023","q":27432,"r":-15168}},{"type":"Feature","geometry":{"coordinates":[106.8011408,-6.4820089],"type":"Point"},"properties":{"NAMA":"WARUNG NASI TEGAL BAMBU KUNING","TIPE_1":"MAKANAN DAN MINUMAN","TIPE_2":"RESTORAN","TIPE_3":"WARUNG TEGAL","TELEPON":"0878-8884-1105","ALAMAT":"JL. PD. BAMBU KUNING NO.08, RT.01/RW.14, BOJONGGEDE, KECAMATAN BOJONGGEDE, KABUPATEN BOGOR, JAWA BARAT 16922","ID_PROV":"32","PROVINSI":"JAWA BARAT","ID_KABKOT":"32.01","KABKOT":"BOGOR","ID_KEC":"32.01.13","KECAMATAN":"BOJONG GEDE","ID_DESA":"32.01.13.2009","DESA":"BOJONGGEDE","LONGITUDE":106.8011408,"LATITUDE":-6.4820089,"STATUS":"BUKA","TANGGAL UPDATE":"27/02/2025","TANGGAL PENGUMPULAN":"Q4 2023","q":27426,"r":-15158}},{"type":"Feature","geometry":{"coordinates":[106.716324,-6.4857576],"type":"Point"},"properties":{"NAMA":"LEMBAH NI'MAT","TIPE_1":"MAKANAN DAN MINUMAN","TIPE_2":"RESTORAN","TIPE_3":"WARUNG TEGAL","TELEPON":"0878-9718-5984","ALAMAT":"JALAN KAMPUNG KANDANG, RT.04 / RW.02, TEGAL, KEMANG, TEGAL, KEC. KEMANG, KABUPATEN BOGOR, JAWA BARAT 16310","ID_PROV":"32","PROVINSI":"JAWA BARAT","ID_KABKOT":"32.01","KABKOT":"BOGOR","ID_KEC":"32.01.12","KECAMATAN":"KEMANG","ID_DESA":"32.01.12.2009","DESA":"TEGAL","LONGITUDE":106.716324,"LATITUDE":-6.4857576,"STATUS":"BUKA","TANGGAL UPDATE":"27/02/2025","TANGGAL PENGUMPULAN":"Q4 2023","q":27404,"r":-15147}},{"type":"Feature","geometry":{"coordinates":[106.8659556,-6.6587049],"type":"Point"},"properties":{"NAMA":"TPU TEGAL PANJANG","TIPE_1":"MAKANAN DAN MINUMAN","TIPE_2":"RESTORAN","TIPE_3":"WARUNG TEGAL","TELEPON":"","ALAMAT":"JL. MEGAMENDUNG - CIAWI NO.50, GADOG, KEC. MEGAMENDUNG, KABUPATEN BOGOR, JAWA BARAT 16770","ID_PROV":"32","PROVINSI":"JAWA BARAT","ID_KABKOT":"32.01","KABKOT":"BOGOR","ID_KEC":"32.01.26","KECAMATAN":"MEGAMENDUNG","ID_DESA":"32.01.26.2003","DESA":"GADOG","LONGITUDE":106.8659556,"LATITUDE":-6.6587049,"STATUS":"BUKA","TANGGAL UPDATE":"27/02/2025","TANGGAL PENGUMPULAN":"Q4 2023","q":27443,"r":-15205}},{"type":"Feature","geometry":{"coordinates":[106.8134713,-6.4927257],"type":"Point"},"properties":{"NAMA":"WARUNG LESEHAN WONG TEGAL","TIPE_1":"MAKANAN DAN MINUMAN","TIPE_2":"RESTORAN","TIPE_3":"WARUNG TEGAL","TELEPON":"0899-0723-306","ALAMAT":"JALAN RAYA MUARABERES RT 04 RW 04 KELURAHAN SUKAHATI CIBINONG, SUKAHATI, KEC. CIBINONG, KABUPATEN BOGOR, JAWA BARAT 16913","ID_PROV":"32","PROVINSI":"JAWA BARAT","ID_KABKOT":"32.01","KABKOT":"BOGOR","ID_KEC":"32.01.01","KECAMATAN":"CIBINONG","ID_DESA":"32.01.01.1009","DESA":"SUKAHATI","LONGITUDE":106.8134713,"LATITUDE":-6.4927257,"STATUS":"BUKA","TANGGAL UPDATE":"27/02/2025","TANGGAL PENGUMPULAN":"Q4 2023","q":27429,"r":-15162}},{"type":"Feature","geometry":{"coordinates":[106.8422647,-6.4691944],"type":"Point"},"properties":{"NAMA":"WARUNG NASI TEGAL BIMA","TIPE_1":"MAKANAN DAN MINUMAN","TIPE_2":"RESTORAN","TIPE_3":"WARUNG TEGAL","TELEPON":"0896-3458-9171","ALAMAT":"JL. RAYA CIKARET NO.13A, HARAPAN JAYA, KEC. CIBINONG, KABUPATEN BOGOR, JAWA BARAT 16914","ID_PROV":"32","PROVINSI":"JAWA BARAT","ID_KABKOT":"32.01","KABKOT":"BOGOR","ID_KEC":"32.01.01","KECAMATAN":"CIBINONG","ID_DESA":"32.01.01.1003","DESA":"HARAPANJAYA","LONGITUDE":106.8422647,"LATITUDE":-6.4691944,"STATUS":"BUKA","TANGGAL UPDATE":"27/02/2025","TANGGAL PENGUMPULAN":"Q4 2023","q":27436,"r":-15160}},{"type":"Feature","geometry":{"coordinates":[106.8929091,-6.5284643],"type":"Point"},"properties":{"NAMA":"MIE AYAM MANG ONGKI TEGAL XL","TIPE_1":"MAKANAN DAN MINUMAN","TIPE_2":"RESTORAN","TIPE_3":"WARUNG TEGAL","TELEPON":"0895-4226-45396","ALAMAT":"KP JL. RAYA TAJUR TAPOS NO.RT. 16/06, HAMBALANG, KEC. CITEUREUP, KABUPATEN BOGOR, JAWA BARAT 16810","ID_PROV":"32","PROVINSI":"JAWA BARAT","ID_KABKOT":"32.01","KABKOT":"BOGOR","ID_KEC":"32.01.03","KECAMATAN":"CITEUREUP","ID_DESA":"32.01.03.2013","DESA":"HAMBALANG","LONGITUDE":106.8929091,"LATITUDE":-6.5284643,"STATUS":"BUKA","TANGGAL UPDATE":"27/02/2025","TANGGAL PENGUMPULAN":"Q4 2023","q":27449,"r":-15180}},{"type":"Feature","geometry":{"coordinates":[106.8494633,-6.4411892],"type":"Point"},"properties":{"NAMA":"WARUNG NASI TEGAL IBU IIS RANDUSARI","TIPE_1":"MAKANAN DAN MINUMAN","TIPE_2":"RESTORAN","TIPE_3":"WARUNG TEGAL","TELEPON":"","ALAMAT":"JL. BEDAHAN NO.51, RT.4/RW.1, PABUARAN, KEC. CIBINONG, KABUPATEN BOGOR, JAWA BARAT 16916","ID_PROV":"32","PROVINSI":"JAWA BARAT","ID_KABKOT":"32.01","KABKOT":"BOGOR","ID_KEC":"32.01.01","KECAMATAN":"CIBINONG","ID_DESA":"32.01.01.1013","DESA":"PABUARAN MEKAR","LONGITUDE":106.8494633,"LATITUDE":-6.4411892,"STATUS":"BUKA","TANGGAL UPDATE":"27/02/2025","TANGGAL PENGUMPULAN":"Q4 2023","q":27438,"r":-15155}},{"type":"Feature","geometry":{"coordinates":[106.7348199,-6.55906],"type":"Point"},"properties":{"NAMA":"MARTABAK TEGAL 2","TIPE_1":"MAKANAN DAN MINUMAN","TIPE_2":"RESTORAN","TIPE_3":"WARUNG TEGAL","TELEPON":"","ALAMAT":"JL. BABAKAN TENGAH NO.129, RT.2/RW.8, BABAKAN, KEC. DRAMAGA, KABUPATEN BOGOR, JAWA BARAT 16680","ID_PROV":"32","PROVINSI":"JAWA BARAT","ID_KABKOT":"32.01","KABKOT":"BOGOR","ID_KEC":"32.01.30","KECAMATAN":"DRAMAGA","ID_DESA":"32.01.30.2008","DESA":"BABAKAN","LONGITUDE":106.7348199,"LATITUDE":-6.55906,"STATUS":"BUKA","TANGGAL UPDATE":"27/02/2025","TANGGAL PENGUMPULAN":"Q4 2023","q":27409,"r":-15166}},{"type":"Feature","geometry":{"coordinates":[106.9166322,-6.4447283],"type":"Point"},"properties":{"NAMA":"NASGOR PUTRA TEGAL","TIPE_1":"MAKANAN DAN MINUMAN","TIPE_2":"RESTORAN","TIPE_3":"NASI GORENG","TELEPON":"0819-0877-5348","ALAMAT":"JL. PANCASILA 5, CICADAS, KEC. GN. PUTRI, KABUPATEN BOGOR, JAWA BARAT 16964","ID_PROV":"32","PROVINSI":"JAWA BARAT","ID_KABKOT":"32.01","KABKOT":"BOGOR","ID_KEC":"32.01.02","KECAMATAN":"GUNUNG PUTRI","ID_DESA":"32.01.02.2006","DESA":"TLAJUNG UDIK","LONGITUDE":106.9166322,"LATITUDE":-6.4447283,"STATUS":"BUKA","TANGGAL UPDATE":"27/02/2025","TANGGAL PENGUMPULAN":"Q4 2023","q":27456,"r":-15164}},{"type":"Feature","geometry":{"coordinates":[106.7914941,-6.4744034],"type":"Point"},"properties":{"NAMA":"NASI GORENG RAHAYU TEGAL","TIPE_1":"MAKANAN DAN MINUMAN","TIPE_2":"RESTORAN","TIPE_3":"NASI GORENG","TELEPON":"","ALAMAT":"SUSUKAN, KECAMATAN BOJONGGEDE, KABUPATEN BOGOR, JAWA BARAT","ID_PROV":"32","PROVINSI":"JAWA BARAT","ID_KABKOT":"32.01","KABKOT":"BOGOR","ID_KEC":"32.01.13","KECAMATAN":"BOJONG GEDE","ID_DESA":"32.01.13.2003","DESA":"SUSUKAN","LONGITUDE":106.7914941,"LATITUDE":-6.4744034,"STATUS":"BUKA","TANGGAL UPDATE":"27/02/2025","TANGGAL PENGUMPULAN":"Q4 2023","q":27423,"r":-15155}},{"type":"Feature","geometry":{"coordinates":[106.7329684,-6.4314632],"type":"Point"},"properties":{"NAMA":"NASI GORENG TEGAL BAHARI SI OM","TIPE_1":"MAKANAN DAN MINUMAN","TIPE_2":"RESTORAN","TIPE_3":"NASI GORENG","TELEPON":"0831-7458-5900","ALAMAT":"GRIYA BRANDWARE, JL. JKT - BOGOR, PARUNG, KEC. PARUNG, KABUPATEN BOGOR, JAWA BARAT 16330","ID_PROV":"32","PROVINSI":"JAWA BARAT","ID_KABKOT":"32.01","KABKOT":"BOGOR","ID_KEC":"32.01.10","KECAMATAN":"PARUNG","ID_DESA":"32.01.10.2001","DESA":"PARUNG","LONGITUDE":106.7329684,"LATITUDE":-6.4314632,"STATUS":"BUKA","TANGGAL UPDATE":"27/02/2025","TANGGAL PENGUMPULAN":"Q4 2023","q":27408,"r":-15137}},{"type":"Feature","geometry":{"coordinates":[106.7615305,-6.6047151],"type":"Point"},"properties":{"NAMA":"NASI GORENG CAH TEGAL","TIPE_1":"MAKANAN DAN MINUMAN","TIPE_2":"RESTORAN","TIPE_3":"NASI GORENG","TELEPON":"","ALAMAT":"JL. PERUM BUKIT ASRI NO.13, RW.6, PAGELARAN, KEC. CIOMAS, KABUPATEN BOGOR, JAWA BARAT 16610","ID_PROV":"32","PROVINSI":"JAWA BARAT","ID_KABKOT":"32.01","KABKOT":"BOGOR","ID_KEC":"32.01.29","KECAMATAN":"CIOMAS","ID_DESA":"32.01.29.2006","DESA":"PAGELARAN","LONGITUDE":106.7615305,"LATITUDE":-6.6047151,"STATUS":"BUKA","TANGGAL UPDATE":"27/02/2025","TANGGAL PENGUMPULAN":"Q4 2023","q":27416,"r":-15180}},{"type":"Feature","geometry":{"coordinates":[106.8032019,-6.4673531],"type":"Point"},"properties":{"NAMA":"NASI GORENG TEGAL JAYA","TIPE_1":"MAKANAN DAN MINUMAN","TIPE_2":"RESTORAN","TIPE_3":"NASI GORENG","TELEPON":"0812-2339-9958","ALAMAT":"JL. PABUARAN NO.33, RW. PANJANG, KECAMATAN BOJONGGEDE, KABUPATEN BOGOR, JAWA BARAT 16921","ID_PROV":"32","PROVINSI":"JAWA BARAT","ID_KABKOT":"32.01","KABKOT":"BOGOR","ID_KEC":"32.01.13","KECAMATAN":"BOJONG GEDE","ID_DESA":"32.01.13.2008","DESA":"RAWAPANJANG","LONGITUDE":106.8032019,"LATITUDE":-6.4673531,"STATUS":"BUKA","TANGGAL UPDATE":"27/02/2025","TANGGAL PENGUMPULAN":"Q4 2023","q":27426,"r":-15155}},{"type":"Feature","geometry":{"coordinates":[106.8608064,-6.4700231],"type":"Point"},"properties":{"NAMA":"WARUNG MAKAN TEGAL LIA JAYA","TIPE_1":"MAKANAN DAN MINUMAN","TIPE_2":"RESTORAN","TIPE_3":"WARUNG TEGAL","TELEPON":"","ALAMAT":"JL. RAYA MAYOR OKING JAYA ATMAJA NO.74, CIRIMEKAR, KEC. CIBINONG, KABUPATEN BOGOR, JAWA BARAT 16918","ID_PROV":"32","PROVINSI":"JAWA BARAT","ID_KABKOT":"32.01","KABKOT":"BOGOR","ID_KEC":"32.01.01","KECAMATAN":"CIBINONG","ID_DESA":"32.01.01.1011","DESA":"CIRIMEKAR","LONGITUDE":106.8608064,"LATITUDE":-6.4700231,"STATUS":"BUKA","TANGGAL UPDATE":"27/02/2025","TANGGAL PENGUMPULAN":"Q4 2023","q":27441,"r":-15163}},{"type":"Feature","geometry":{"coordinates":[106.8488237,-6.4552073],"type":"Point"},"properties":{"NAMA":"NASI GORENG TEGAL PAK JALAL","TIPE_1":"MAKANAN DAN MINUMAN","TIPE_2":"RESTORAN","TIPE_3":"NASI GORENG","TELEPON":"","ALAMAT":"JL. PEDURENAN GG. H. SAMID, PABUARAN, CIBINONG, BOGOR REGENCY, WEST JAVA 16916","ID_PROV":"32","PROVINSI":"JAWA BARAT","ID_KABKOT":"32.01","KABKOT":"BOGOR","ID_KEC":"32.01.01","KECAMATAN":"CIBINONG","ID_DESA":"32.01.01.1012","DESA":"PABUARAN","LONGITUDE":106.8488237,"LATITUDE":-6.4552073,"STATUS":"BUKA","TANGGAL UPDATE":"27/02/2025","TANGGAL PENGUMPULAN":"Q4 2023","q":27438,"r":-15158}},{"type":"Feature","geometry":{"coordinates":[106.8020834,-6.480728],"type":"Point"},"properties":{"NAMA":"NASI GORENG TEGAL MONCER BK","TIPE_1":"MAKANAN DAN MINUMAN","TIPE_2":"RESTORAN","TIPE_3":"NASI GORENG","TELEPON":"","ALAMAT":"JL. KARTIKA PUSPA RAYA, BOJONG BARU, KECAMATAN BOJONGGEDE, KABUPATEN BOGOR, JAWA BARAT 16920","ID_PROV":"32","PROVINSI":"JAWA BARAT","ID_KABKOT":"32.01","KABKOT":"BOGOR","ID_KEC":"32.01.13","KECAMATAN":"BOJONG GEDE","ID_DESA":"32.01.13.2001","DESA":"BOJONGBARU","LONGITUDE":106.8020834,"LATITUDE":-6.480728,"STATUS":"BUKA","TANGGAL UPDATE":"27/02/2025","TANGGAL PENGUMPULAN":"Q4 2023","q":27426,"r":-15157}},{"type":"Feature","geometry":{"coordinates":[106.7357709,-6.4484974],"type":"Point"},"properties":{"NAMA":"WARTEG IVAN JAYA SOTO AYAM SOTO BABAT TEGAL","TIPE_1":"MAKANAN DAN MINUMAN","TIPE_2":"RESTORAN","TIPE_3":"WARUNG TEGAL","TELEPON":"","ALAMAT":"JL. ARCO RAYA, KALISUREN, KEC. TAJUR HALANG, KABUPATEN BOGOR, JAWA BARAT 16320","ID_PROV":"32","PROVINSI":"JAWA BARAT","ID_KABKOT":"32.01","KABKOT":"BOGOR","ID_KEC":"32.01.37","KECAMATAN":"TAJURHALANG","ID_DESA":"32.01.37.2002","DESA":"CITAYAM","LONGITUDE":106.7357709,"LATITUDE":-6.4484974,"STATUS":"BUKA","TANGGAL UPDATE":"27/02/2025","TANGGAL PENGUMPULAN":"Q4 2023","q":27409,"r":-15142}},{"type":"Feature","geometry":{"coordinates":[106.7812414,-6.6237486],"type":"Point"},"properties":{"NAMA":"WARUNG KETOPRAK KHAS TEGAL","TIPE_1":"MAKANAN DAN MINUMAN","TIPE_2":"RESTORAN","TIPE_3":"WARUNG TEGAL","TELEPON":"","ALAMAT":"JL. KAPTEN YUSUF NO.8, KOTA BATU, KEC. CIOMAS, KABUPATEN BOGOR, JAWA BARAT 16610","ID_PROV":"32","PROVINSI":"JAWA BARAT","ID_KABKOT":"32.01","KABKOT":"BOGOR","ID_KEC":"32.01.29","KECAMATAN":"CIOMAS","ID_DESA":"32.01.29.2009","DESA":"KOTA BATU","LONGITUDE":106.7812414,"LATITUDE":-6.6237486,"STATUS":"BUKA","TANGGAL UPDATE":"27/02/2025","TANGGAL PENGUMPULAN":"Q4 2023","q":27421,"r":-15187}},{"type":"Feature","geometry":{"coordinates":[106.7922438,-6.5385616],"type":"Point"},"properties":{"NAMA":"SOTO TAUCO TEGAL BANG DWI","TIPE_1":"MAKANAN DAN MINUMAN","TIPE_2":"RESTORAN","TIPE_3":"WARUNG TEGAL","TELEPON":"0838-9155-9495","ALAMAT":"JL. PESONA CILEBUT 2 NO.5, CILEBUT BARAT, SUKARAJA, BOGOR REGENCY, WEST JAVA","ID_PROV":"32","PROVINSI":"JAWA BARAT","ID_KABKOT":"32.01","KABKOT":"BOGOR","ID_KEC":"32.01.04","KECAMATAN":"SUKARAJA","ID_DESA":"32.01.04.2003","DESA":"CILEBUT BARAT","LONGITUDE":106.7922438,"LATITUDE":-6.5385616,"STATUS":"BUKA","TANGGAL UPDATE":"27/02/2025","TANGGAL PENGUMPULAN":"Q4 2023","q":27424,"r":-15169}},{"type":"Feature","geometry":{"coordinates":[106.7428851,-6.637948],"type":"Point"},"properties":{"NAMA":"NASI UDUK TEGAL SAPI","TIPE_1":"MAKANAN DAN MINUMAN","TIPE_2":"RESTORAN","TIPE_3":"WARUNG TEGAL","TELEPON":"","ALAMAT":"JL. RAYA SUKAJAYA, SUKALUYU, KEC. TAMANSARI, KABUPATEN BOGOR, JAWA BARAT 16610","ID_PROV":"32","PROVINSI":"JAWA BARAT","ID_KABKOT":"32.01","KABKOT":"BOGOR","ID_KEC":"32.01.31","KECAMATAN":"TAMANSARI","ID_DESA":"32.01.31.2005","DESA":"SUKALUYU","LONGITUDE":106.7428851,"LATITUDE":-6.637948,"STATUS":"BUKA","TANGGAL UPDATE":"27/02/2025","TANGGAL PENGUMPULAN":"Q4 2023","q":27411,"r":-15185}},{"type":"Feature","geometry":{"coordinates":[106.6958913,-6.5700999],"type":"Point"},"properties":{"NAMA":"D'FRESTO TEGAL WARU","TIPE_1":"MAKANAN DAN MINUMAN","TIPE_2":"RESTORAN","TIPE_3":"WARUNG TEGAL","TELEPON":"0856-8358-095","ALAMAT":"JL. MANUNGGAL, RT.04/RW.05, TEGAL WARU, KEC. CIAMPEA, KABUPATEN BOGOR, JAWA BARAT 16620","ID_PROV":"32","PROVINSI":"JAWA BARAT","ID_KABKOT":"32.01","KABKOT":"BOGOR","ID_KEC":"32.01.15","KECAMATAN":"CIAMPEA","ID_DESA":"32.01.15.2005","DESA":"TEGALWARU","LONGITUDE":106.6958913,"LATITUDE":-6.5700999,"STATUS":"BUKA","TANGGAL UPDATE":"27/02/2025","TANGGAL PENGUMPULAN":"Q4 2023","q":27399,"r":-15164}},{"type":"Feature","geometry":{"coordinates":[106.7578133,-6.5047323],"type":"Point"},"properties":{"NAMA":"NASI GORENG TUNGGAL WONG TEGAL","TIPE_1":"MAKANAN DAN MINUMAN","TIPE_2":"RESTORAN","TIPE_3":"NASI GORENG","TELEPON":"0895-3636-81517","ALAMAT":"BILABONG, JL RAYA PARUNG BOGOR JALAN GANG POS RT.01 RW.09 KEMANG, KEMANG, KEC. KEMANG, KABUPATEN BOGOR, JAWA BARAT 16436","ID_PROV":"32","PROVINSI":"JAWA BARAT","ID_KABKOT":"32.01","KABKOT":"BOGOR","ID_KEC":"32.01.12","KECAMATAN":"KEMANG","ID_DESA":"32.01.12.2003","DESA":"KEMANG","LONGITUDE":106.7578133,"LATITUDE":-6.5047323,"STATUS":"BUKA","TANGGAL UPDATE":"27/02/2025","TANGGAL PENGUMPULAN":"Q4 2023","q":27415,"r":-15157}},{"type":"Feature","geometry":{"coordinates":[106.6775401,-6.4493395],"type":"Point"},"properties":{"NAMA":"KEDAI NASI GORENG PUTRA BAHARI(TEGAL)","TIPE_1":"MAKANAN DAN MINUMAN","TIPE_2":"RESTORAN","TIPE_3":"NASI GORENG","TELEPON":"0852-1240-4128","ALAMAT":"CIBENTANG, KEC. CISEENG, KABUPATEN BOGOR, JAWA BARAT 16120","ID_PROV":"32","PROVINSI":"JAWA BARAT","ID_KABKOT":"32.01","KABKOT":"BOGOR","ID_KEC":"32.01.33","KECAMATAN":"CISEENG","ID_DESA":"32.01.33.2004","DESA":"CIBENTANG","LONGITUDE":106.6775401,"LATITUDE":-6.4493395,"STATUS":"BUKA","TANGGAL UPDATE":"27/02/2025","TANGGAL PENGUMPULAN":"Q4 2023","q":27394,"r":-15134}},{"type":"Feature","geometry":{"coordinates":[106.7438876,-6.6052532],"type":"Point"},"properties":{"NAMA":"NASI GORENG LOVINA MAS HERU TEGAL","TIPE_1":"MAKANAN DAN MINUMAN","TIPE_2":"RESTORAN","TIPE_3":"NASI GORENG","TELEPON":"","ALAMAT":"JL. BABAKAN CIOMAS CIBINONG, SUKAHARJA, KEC. CIOMAS, KABUPATEN BOGOR, JAWA BARAT 16610","ID_PROV":"32","PROVINSI":"JAWA BARAT","ID_KABKOT":"32.01","KABKOT":"BOGOR","ID_KEC":"32.01.29","KECAMATAN":"CIOMAS","ID_DESA":"32.01.29.2002","DESA":"SUKAHARJA","LONGITUDE":106.7438876,"LATITUDE":-6.6052532,"STATUS":"BUKA","TANGGAL UPDATE":"27/02/2025","TANGGAL PENGUMPULAN":"Q4 2023","q":27411,"r":-15178}},{"type":"Feature","geometry":{"coordinates":[106.8434756,-6.4750077],"type":"Point"},"properties":{"NAMA":"SATE MAWAR TEGAL - CIKARET ","TIPE_1":"MAKANAN DAN MINUMAN","TIPE_2":"RESTORAN","TIPE_3":"WARUNG TEGAL","TELEPON":"0856-9413-2890","ALAMAT":"JL. RAYA CIKARET NO.63-64, PABUARAN, KEC. CIBINONG, KABUPATEN BOGOR, JAWA BARAT 16916","ID_PROV":"32","PROVINSI":"JAWA BARAT","ID_KABKOT":"32.01","KABKOT":"BOGOR","ID_KEC":"32.01.01","KECAMATAN":"CIBINONG","ID_DESA":"32.01.01.1003","DESA":"HARAPANJAYA","LONGITUDE":106.8434756,"LATITUDE":-6.4750077,"STATUS":"BUKA","TANGGAL UPDATE":"27/02/2025","TANGGAL PENGUMPULAN":"Q4 2023","q":27437,"r":-15161}},{"type":"Feature","geometry":{"coordinates":[106.818386,-6.4775724],"type":"Point"},"properties":{"NAMA":"NASI GORENG NYONK TEGAL","TIPE_1":"MAKANAN DAN MINUMAN","TIPE_2":"RESTORAN","TIPE_3":"NASI GORENG","TELEPON":"0858-4232-37649","ALAMAT":"JL. KSR DADI KUSMAYADI PAKANSARI, JL, SUKAHATI, KEC. CIBINONG, KABUPATEN BOGOR, JAWA BARAT 16914","ID_PROV":"32","PROVINSI":"JAWA BARAT","ID_KABKOT":"32.01","KABKOT":"BOGOR","ID_KEC":"32.01.01","KECAMATAN":"CIBINONG","ID_DESA":"32.01.01.1009","DESA":"SUKAHATI","LONGITUDE":106.818386,"LATITUDE":-6.4775724,"STATUS":"BUKA","TANGGAL UPDATE":"27/02/2025","TANGGAL PENGUMPULAN":"Q4 2023","q":27430,"r":-15159}},{"type":"Feature","geometry":{"coordinates":[106.851418,-6.4695226],"type":"Point"},"properties":{"NAMA":"KETOPRAK TEGAL PAK EKO","TIPE_1":"MAKANAN DAN MINUMAN","TIPE_2":"RESTORAN","TIPE_3":"WARUNG TEGAL","TELEPON":"","ALAMAT":"JL. RAYA JAKARTA-BOGOR NO.37A, KP. PARUNG JAMBU, PABUARAN, KEC. CIBINONG, KABUPATEN BOGOR, JAWA BARAT 16916","ID_PROV":"32","PROVINSI":"JAWA BARAT","ID_KABKOT":"32.01","KABKOT":"BOGOR","ID_KEC":"32.01.01","KECAMATAN":"CIBINONG","ID_DESA":"32.01.01.1012","DESA":"PABUARAN","LONGITUDE":106.851418,"LATITUDE":-6.4695226,"STATUS":"BUKA","TANGGAL UPDATE":"27/02/2025","TANGGAL PENGUMPULAN":"Q4 2023","q":27439,"r":-15161}},{"type":"Feature","geometry":{"coordinates":[106.7974924,-6.5308709],"type":"Point"},"properties":{"NAMA":"JAJANAN TELOR GULUNG MAS YANTO TEGAL","TIPE_1":"MAKANAN DAN MINUMAN","TIPE_2":"RESTORAN","TIPE_3":"WARUNG TEGAL","TELEPON":"0878-6730-1552","ALAMAT":"JL. PENDIDIKAN NO.40, CILEBUT BAR., KEC. SUKARAJA, KABUPATEN BOGOR, JAWA BARAT 16710","ID_PROV":"32","PROVINSI":"JAWA BARAT","ID_KABKOT":"32.01","KABKOT":"BOGOR","ID_KEC":"32.01.04","KECAMATAN":"SUKARAJA","ID_DESA":"32.01.04.2003","DESA":"CILEBUT BARAT","LONGITUDE":106.7974924,"LATITUDE":-6.5308709,"STATUS":"BUKA","TANGGAL UPDATE":"27/02/2025","TANGGAL PENGUMPULAN":"Q4 2023","q":27425,"r":-15168}},{"type":"Feature","geometry":{"coordinates":[106.9214032,-6.6644723],"type":"Point"},"properties":{"NAMA":"BREEVE HILLS RESTO & CAFE","TIPE_1":"MAKANAN DAN MINUMAN","TIPE_2":"RESTORAN","TIPE_3":"SEAFOOD","TELEPON":"(0251) 8297538","ALAMAT":"JL. RAYA PUNCAK GADOG NO.81, RT.01/RW.02, LEUWIMALANG, KEC. CISARUA, KABUPATEN BOGOR, JAWA BARAT 16750","ID_PROV":"32","PROVINSI":"JAWA BARAT","ID_KABKOT":"32.01","KABKOT":"BOGOR","ID_KEC":"32.01.25","KECAMATAN":"CISARUA","ID_DESA":"32.01.25.2007","DESA":"LEUWIMALANG","LONGITUDE":106.9214032,"LATITUDE":-6.6644723,"STATUS":"BUKA","TANGGAL UPDATE":"27/02/2025","TANGGAL PENGUMPULAN":"Q4 2023","q":27457,"r":-15214}},{"type":"Feature","geometry":{"coordinates":[106.8951229,-6.5777094],"type":"Point"},"properties":{"NAMA":"SERAI LOVE IVE STORY RESTO SENTUL CITY BOGOR","TIPE_1":"MAKANAN DAN MINUMAN","TIPE_2":"RESTORAN","TIPE_3":"SEAFOOD","TELEPON":"0816-338-513","ALAMAT":"KARANG TENGAH, KEC. BABAKAN MADANG, KABUPATEN BOGOR, JAWA BARAT 16810","ID_PROV":"32","PROVINSI":"JAWA BARAT","ID_KABKOT":"32.01","KABKOT":"BOGOR","ID_KEC":"32.01.05","KECAMATAN":"BABAKAN MADANG","ID_DESA":"32.01.05.2004","DESA":"KARANG TENGAH","LONGITUDE":106.8951229,"LATITUDE":-6.5777094,"STATUS":"BUKA","TANGGAL UPDATE":"27/02/2025","TANGGAL PENGUMPULAN":"Q4 2023","q":27450,"r":-15191}},{"type":"Feature","geometry":{"coordinates":[106.8989249,-6.6236061],"type":"Point"},"properties":{"NAMA":"CEMARA TERRACE CAFE & RESTO","TIPE_1":"MAKANAN DAN MINUMAN","TIPE_2":"RESTORAN","TIPE_3":"SEAFOOD","TELEPON":"0813-9966-7592","ALAMAT":"JL. GUNUNG BATU, BOJONG KONENG, KEC. BABAKAN MADANG, KABUPATEN BOGOR, JAWA BARAT 16810","ID_PROV":"32","PROVINSI":"JAWA BARAT","ID_KABKOT":"32.01","KABKOT":"BOGOR","ID_KEC":"32.01.05","KECAMATAN":"BABAKAN MADANG","ID_DESA":"32.01.05.2009","DESA":"BOJONG KONENG","LONGITUDE":106.8989249,"LATITUDE":-6.6236061,"STATUS":"BUKA","TANGGAL UPDATE":"27/02/2025","TANGGAL PENGUMPULAN":"Q4 2023","q":27451,"r":-15202}},{"type":"Feature","geometry":{"coordinates":[106.7174908,-6.6405101],"type":"Point"},"properties":{"NAMA":"DE SAUNG","TIPE_1":"MAKANAN DAN MINUMAN","TIPE_2":"RESTORAN","TIPE_3":"SEAFOOD","TELEPON":"0889-7600-6200","ALAMAT":"SISI AMPERA, JL. RAYA GADOG, SUKAJADI, KEC. TAMANSARI, KABUPATEN BOGOR, JAWA BARAT 16610","ID_PROV":"32","PROVINSI":"JAWA BARAT","ID_KABKOT":"32.01","KABKOT":"BOGOR","ID_KEC":"32.01.31","KECAMATAN":"TAMANSARI","ID_DESA":"32.01.31.2008","DESA":"SUKAJADI","LONGITUDE":106.7174908,"LATITUDE":-6.6405101,"STATUS":"BUKA","TANGGAL UPDATE":"27/02/2025","TANGGAL PENGUMPULAN":"Q4 2023","q":27404,"r":-15182}},{"type":"Feature","geometry":{"coordinates":[106.8571954,-6.5833293],"type":"Point"},"properties":{"NAMA":"SATE & TENGKLENG SOLOWI","TIPE_1":"MAKANAN DAN MINUMAN","TIPE_2":"RESTORAN","TIPE_3":"SEAFOOD","TELEPON":"0818-501-031","ALAMAT":"JL. BUKIT SENTUL NO.1, CIJAYANTI, KEC. BABAKAN MADANG, KABUPATEN BOGOR, JAWA BARAT 16810","ID_PROV":"32","PROVINSI":"JAWA BARAT","ID_KABKOT":"32.01","KABKOT":"BOGOR","ID_KEC":"32.01.05","KECAMATAN":"BABAKAN MADANG","ID_DESA":"32.01.05.2001","DESA":"CIJAYANTI","LONGITUDE":106.8571954,"LATITUDE":-6.5833293,"STATUS":"BUKA","TANGGAL UPDATE":"27/02/2025","TANGGAL PENGUMPULAN":"Q4 2023","q":27440,"r":-15187}},{"type":"Feature","geometry":{"coordinates":[106.9515056,-6.7035232],"type":"Point"},"properties":{"NAMA":"THE BANYAN RESTAURAN","TIPE_1":"MAKANAN DAN MINUMAN","TIPE_2":"RESTORAN","TIPE_3":"SEAFOOD","TELEPON":"(0251) 8217111","ALAMAT":"JALAN TAMAN SAFARI, NO.101, CIBEUREUM, CISARUA, CIBEUREUM, KEC. CISARUA, KABUPATEN BOGOR, JAWA BARAT 16750","ID_PROV":"32","PROVINSI":"JAWA BARAT","ID_KABKOT":"32.01","KABKOT":"BOGOR","ID_KEC":"32.01.25","KECAMATAN":"CISARUA","ID_DESA":"32.01.25.2003","DESA":"CIBEUREUM","LONGITUDE":106.9515056,"LATITUDE":-6.7035232,"STATUS":"BUKA","TANGGAL UPDATE":"27/02/2025","TANGGAL PENGUMPULAN":"Q4 2023","q":27464,"r":-15226}},{"type":"Feature","geometry":{"coordinates":[106.8973351,-6.6498826],"type":"Point"},"properties":{"NAMA":"WARUNG NASI ALAM SUNDA","TIPE_1":"MAKANAN DAN MINUMAN","TIPE_2":"RESTORAN","TIPE_3":"SEAFOOD","TELEPON":"0877-7017-0222","ALAMAT":"JL. RAYA PUNCAK - GADOG NO.239, CIPAYUNG DATAR, KEC. MEGAMENDUNG, KABUPATEN BOGOR, JAWA BARAT 16770","ID_PROV":"32","PROVINSI":"JAWA BARAT","ID_KABKOT":"32.01","KABKOT":"BOGOR","ID_KEC":"32.01.26","KECAMATAN":"MEGAMENDUNG","ID_DESA":"32.01.26.2009","DESA":"CIPAYUNG GIRANG","LONGITUDE":106.8973351,"LATITUDE":-6.6498826,"STATUS":"BUKA","TANGGAL UPDATE":"27/02/2025","TANGGAL PENGUMPULAN":"Q4 2023","q":27451,"r":-15207}},{"type":"Feature","geometry":{"coordinates":[106.9016653,-6.6224],"type":"Point"},"properties":{"NAMA":"HONEYLAND","TIPE_1":"MAKANAN DAN MINUMAN","TIPE_2":"RESTORAN","TIPE_3":"SEAFOOD","TELEPON":"0813-9858-2939","ALAMAT":"JL. GUNUNG BATU, BOJONG KONENG, KEC. BABAKAN MADANG, KABUPATEN BOGOR, JAWA BARAT 16810","ID_PROV":"32","PROVINSI":"JAWA BARAT","ID_KABKOT":"32.01","KABKOT":"BOGOR","ID_KEC":"32.01.05","KECAMATAN":"BABAKAN MADANG","ID_DESA":"32.01.05.2009","DESA":"BOJONG KONENG","LONGITUDE":106.9016653,"LATITUDE":-6.6224,"STATUS":"BUKA","TANGGAL UPDATE":"27/02/2025","TANGGAL PENGUMPULAN":"Q4 2023","q":27452,"r":-15202}},{"type":"Feature","geometry":{"coordinates":[106.9412066,-6.3822114],"type":"Point"},"properties":{"NAMA":"RUMAH MAKAN DAN SEAFOOD 99","TIPE_1":"MAKANAN DAN MINUMAN","TIPE_2":"RESTORAN","TIPE_3":"SEAFOOD","TELEPON":"0852-3619-4175","ALAMAT":"JL. LETDA NASIR NO.18, NAGRAK, KEC. GN. PUTRI, KABUPATEN BOGOR, JAWA BARAT 16967","ID_PROV":"32","PROVINSI":"JAWA BARAT","ID_KABKOT":"32.01","KABKOT":"BOGOR","ID_KEC":"32.01.02","KECAMATAN":"GUNUNG PUTRI","ID_DESA":"32.01.02.2009","DESA":"NAGRAK","LONGITUDE":106.9412066,"LATITUDE":-6.3822114,"STATUS":"BUKA","TANGGAL UPDATE":"27/02/2025","TANGGAL PENGUMPULAN":"Q4 2023","q":27462,"r":-15153}},{"type":"Feature","geometry":{"coordinates":[106.750465,-6.5731095],"type":"Point"},"properties":{"NAMA":"TANJUNG SEAFOOD","TIPE_1":"MAKANAN DAN MINUMAN","TIPE_2":"RESTORAN","TIPE_3":"SEAFOOD","TELEPON":"","ALAMAT":"JL. RAYA DRAMAGA, CIHERANG, KEC. DRAMAGA, KOTA BOGOR, JAWA BARAT 16680","ID_PROV":"32","PROVINSI":"JAWA BARAT","ID_KABKOT":"32.01","KABKOT":"BOGOR","ID_KEC":"32.01.30","KECAMATAN":"DRAMAGA","ID_DESA":"32.01.30.2002","DESA":"CIHERANG","LONGITUDE":106.750465,"LATITUDE":-6.5731095,"STATUS":"BUKA","TANGGAL UPDATE":"27/02/2025","TANGGAL PENGUMPULAN":"Q4 2023","q":27413,"r":-15171}},{"type":"Feature","geometry":{"coordinates":[106.7611936,-6.6013193],"type":"Point"},"properties":{"NAMA":"KAFETING SEAFOOD AND CAFE","TIPE_1":"MAKANAN DAN MINUMAN","TIPE_2":"RESTORAN","TIPE_3":"SEAFOOD","TELEPON":"0812-9335-3032","ALAMAT":"DIBELAKANG RUKO PERMATA ZAMZAM, JL. RAYA CIOMAS, PADASUKA, CIOMAS, BOGOR REGENCY, WEST JAVA 16610","ID_PROV":"32","PROVINSI":"JAWA BARAT","ID_KABKOT":"32.01","KABKOT":"BOGOR","ID_KEC":"32.01.29","KECAMATAN":"CIOMAS","ID_DESA":"32.01.29.1003","DESA":"PADASUKA","LONGITUDE":106.7611936,"LATITUDE":-6.6013193,"STATUS":"BUKA","TANGGAL UPDATE":"27/02/2025","TANGGAL PENGUMPULAN":"Q4 2023","q":27416,"r":-15179}},{"type":"Feature","geometry":{"coordinates":[106.7599628,-6.5960853],"type":"Point"},"properties":{"NAMA":"SEAFOOD AYAM KREMEZ 46","TIPE_1":"MAKANAN DAN MINUMAN","TIPE_2":"RESTORAN","TIPE_3":"SEAFOOD","TELEPON":"0813-1821-4159","ALAMAT":"PADASUKA, KEC. CIOMAS, KABUPATEN BOGOR, JAWA BARAT 16610","ID_PROV":"32","PROVINSI":"JAWA BARAT","ID_KABKOT":"32.01","KABKOT":"BOGOR","ID_KEC":"32.01.29","KECAMATAN":"CIOMAS","ID_DESA":"32.01.29.1003","DESA":"PADASUKA","LONGITUDE":106.7599628,"LATITUDE":-6.5960853,"STATUS":"BUKA","TANGGAL UPDATE":"27/02/2025","TANGGAL PENGUMPULAN":"Q4 2023","q":27415,"r":-15178}},{"type":"Feature","geometry":{"coordinates":[106.7317463,-6.5615146],"type":"Point"},"properties":{"NAMA":"RMBERKAH SARI SEAFOOD","TIPE_1":"MAKANAN DAN MINUMAN","TIPE_2":"RESTORAN","TIPE_3":"SEAFOOD","TELEPON":"0881-5486-013","ALAMAT":"JL. BABAKAN RAYA NO.143, BABAKAN, KEC. DRAMAGA, KABUPATEN BOGOR, JAWA BARAT 16680","ID_PROV":"32","PROVINSI":"JAWA BARAT","ID_KABKOT":"32.01","KABKOT":"BOGOR","ID_KEC":"32.01.30","KECAMATAN":"DRAMAGA","ID_DESA":"32.01.30.2008","DESA":"BABAKAN","LONGITUDE":106.7317463,"LATITUDE":-6.5615146,"STATUS":"BUKA","TANGGAL UPDATE":"27/02/2025","TANGGAL PENGUMPULAN":"Q4 2023","q":27408,"r":-15166}},{"type":"Feature","geometry":{"coordinates":[106.8425076,-6.507734],"type":"Point"},"properties":{"NAMA":"KING CRAB DAN KOPI BANG NOER CIBINONG","TIPE_1":"MAKANAN DAN MINUMAN","TIPE_2":"RESTORAN","TIPE_3":"SEAFOOD","TELEPON":"","ALAMAT":"JL. RAYA JAKARTA-BOGOR, NANGGEWER, KEC. CIBINONG, KABUPATEN BOGOR, JAWA BARAT 16912","ID_PROV":"32","PROVINSI":"JAWA BARAT","ID_KABKOT":"32.01","KABKOT":"BOGOR","ID_KEC":"32.01.01","KECAMATAN":"CIBINONG","ID_DESA":"32.01.01.1005","DESA":"NANGGEWER MEKAR","LONGITUDE":106.8425076,"LATITUDE":-6.507734,"STATUS":"BUKA","TANGGAL UPDATE":"27/02/2025","TANGGAL PENGUMPULAN":"Q4 2023","q":27436,"r":-15169}},{"type":"Feature","geometry":{"coordinates":[106.786818,-6.4983565],"type":"Point"},"properties":{"NAMA":"ANDRE SEAFOOD 89","TIPE_1":"MAKANAN DAN MINUMAN","TIPE_2":"RESTORAN","TIPE_3":"SEAFOOD","TELEPON":"","ALAMAT":"JL. PERUMAHAN BUKIT WARINGIN NO.I1/02, CIMANGGIS, BOJONGGEDE, BOGOR REGENCY, WEST JAVA 16920","ID_PROV":"32","PROVINSI":"JAWA BARAT","ID_KABKOT":"32.01","KABKOT":"BOGOR","ID_KEC":"32.01.13","KECAMATAN":"BOJONG GEDE","ID_DESA":"32.01.13.2005","DESA":"KEDUNGWARINGIN","LONGITUDE":106.786818,"LATITUDE":-6.4983565,"STATUS":"BUKA","TANGGAL UPDATE":"27/02/2025","TANGGAL PENGUMPULAN":"Q4 2023","q":27422,"r":-15159}},{"type":"Feature","geometry":{"coordinates":[106.8464905,-6.4768749],"type":"Point"},"properties":{"NAMA":"SEAFOOD 23 AYAM KREMES CIBINONG","TIPE_1":"MAKANAN DAN MINUMAN","TIPE_2":"RESTORAN","TIPE_3":"SEAFOOD","TELEPON":"","ALAMAT":"JL. ASRAMA PALAD NO.102, RT.2/RW.14, PABUARAN, KEC. CIBINONG, KABUPATEN BOGOR, JAWA BARAT 16916","ID_PROV":"32","PROVINSI":"JAWA BARAT","ID_KABKOT":"32.01","KABKOT":"BOGOR","ID_KEC":"32.01.01","KECAMATAN":"CIBINONG","ID_DESA":"32.01.01.1012","DESA":"PABUARAN","LONGITUDE":106.8464905,"LATITUDE":-6.4768749,"STATUS":"BUKA","TANGGAL UPDATE":"27/02/2025","TANGGAL PENGUMPULAN":"Q4 2023","q":27438,"r":-15162}},{"type":"Feature","geometry":{"coordinates":[106.8095648,-6.5020123],"type":"Point"},"properties":{"NAMA":"BOS KERANG SUKAHATI","TIPE_1":"MAKANAN DAN MINUMAN","TIPE_2":"RESTORAN","TIPE_3":"SEAFOOD","TELEPON":"0899-8507-606","ALAMAT":"SUKAHATI, KEC. CIBINONG, KABUPATEN BOGOR, JAWA BARAT 16913","ID_PROV":"32","PROVINSI":"JAWA BARAT","ID_KABKOT":"32.01","KABKOT":"BOGOR","ID_KEC":"32.01.01","KECAMATAN":"CIBINONG","ID_DESA":"32.01.01.1009","DESA":"SUKAHATI","LONGITUDE":106.8095648,"LATITUDE":-6.5020123,"STATUS":"BUKA","TANGGAL UPDATE":"27/02/2025","TANGGAL PENGUMPULAN":"Q4 2023","q":27428,"r":-15163}},{"type":"Feature","geometry":{"coordinates":[106.8356295,-6.4859865],"type":"Point"},"properties":{"NAMA":"NATUNA SEAFOOD PAKANSARI","TIPE_1":"MAKANAN DAN MINUMAN","TIPE_2":"RESTORAN","TIPE_3":"SEAFOOD","TELEPON":"0817-9351-008","ALAMAT":"PAKANSARI, KEC. CIBINONG, KABUPATEN BOGOR, JAWA BARAT 16915","ID_PROV":"32","PROVINSI":"JAWA BARAT","ID_KABKOT":"32.01","KABKOT":"BOGOR","ID_KEC":"32.01.01","KECAMATAN":"CIBINONG","ID_DESA":"32.01.01.1007","DESA":"PAKANSARI","LONGITUDE":106.8356295,"LATITUDE":-6.4859865,"STATUS":"BUKA","TANGGAL UPDATE":"27/02/2025","TANGGAL PENGUMPULAN":"Q4 2023","q":27435,"r":-15163}},{"type":"Feature","geometry":{"coordinates":[106.83510419999999,-6.4863616],"type":"Point"},"properties":{"NAMA":"BEBEK SINDEN & SEA FOOD 99","TIPE_1":"MAKANAN DAN MINUMAN","TIPE_2":"RESTORAN","TIPE_3":"SEAFOOD","TELEPON":"0813-1776-4456","ALAMAT":"JL. KOL. EDY YOSO MARTADIPURA, RT.05/RW.05, PAKANSARI, KEC. CIBINONG, KABUPATEN BOGOR, JAWA BARAT 16915","ID_PROV":"32","PROVINSI":"JAWA BARAT","ID_KABKOT":"32.01","KABKOT":"BOGOR","ID_KEC":"32.01.01","KECAMATAN":"CIBINONG","ID_DESA":"32.01.01.1007","DESA":"PAKANSARI","LONGITUDE":106.8351042,"LATITUDE":-6.4863616,"STATUS":"BUKA","TANGGAL UPDATE":"27/02/2025","TANGGAL PENGUMPULAN":"Q4 2023","q":27435,"r":-15163}},{"type":"Feature","geometry":{"coordinates":[106.8001669,-6.5329845],"type":"Point"},"properties":{"NAMA":"KEURANG DEWIE","TIPE_1":"MAKANAN DAN MINUMAN","TIPE_2":"RESTORAN","TIPE_3":"SEAFOOD","TELEPON":"0881-2012-199","ALAMAT":"JL. RAYA CILEBUT NO.19, RT.2/RW.3, CILEBUT TIM., KEC. SUKARAJA, KABUPATEN BOGOR, JAWA BARAT 16710","ID_PROV":"32","PROVINSI":"JAWA BARAT","ID_KABKOT":"32.01","KABKOT":"BOGOR","ID_KEC":"32.01.04","KECAMATAN":"SUKARAJA","ID_DESA":"32.01.04.2003","DESA":"CILEBUT BARAT","LONGITUDE":106.8001669,"LATITUDE":-6.5329845,"STATUS":"BUKA","TANGGAL UPDATE":"27/02/2025","TANGGAL PENGUMPULAN":"Q4 2023","q":27426,"r":-15169}},{"type":"Feature","geometry":{"coordinates":[106.8465948,-6.4753313],"type":"Point"},"properties":{"NAMA":"SEAFOOD KERANG AYAM & IKAN BAKAR CIBINONG","TIPE_1":"MAKANAN DAN MINUMAN","TIPE_2":"RESTORAN","TIPE_3":"SEAFOOD","TELEPON":"0896-2908-2254","ALAMAT":"PABUARAN, KEC. CIBINONG, KABUPATEN BOGOR, JAWA BARAT 16916","ID_PROV":"32","PROVINSI":"JAWA BARAT","ID_KABKOT":"32.01","KABKOT":"BOGOR","ID_KEC":"32.01.01","KECAMATAN":"CIBINONG","ID_DESA":"32.01.01.1012","DESA":"PABUARAN","LONGITUDE":106.8465948,"LATITUDE":-6.4753313,"STATUS":"BUKA","TANGGAL UPDATE":"27/02/2025","TANGGAL PENGUMPULAN":"Q4 2023","q":27438,"r":-15162}},{"type":"Feature","geometry":{"coordinates":[106.7947803,-6.4953718],"type":"Point"},"properties":{"NAMA":"SEAFOOD 17 NASI UDUK","TIPE_1":"MAKANAN DAN MINUMAN","TIPE_2":"RESTORAN","TIPE_3":"SEAFOOD","TELEPON":"0896-4753-4910","ALAMAT":"JALAN RAYA BOJONGGEDE RT 03 RW 07, KEDUNG WARINGIN, BOJONG GEDE, KEDUNG WARINGIN, KECAMATAN BOJONGGEDE, KABUPATEN BOGOR, JAWA BARAT 16922","ID_PROV":"32","PROVINSI":"JAWA BARAT","ID_KABKOT":"32.01","KABKOT":"BOGOR","ID_KEC":"32.01.13","KECAMATAN":"BOJONG GEDE","ID_DESA":"32.01.13.2005","DESA":"KEDUNGWARINGIN","LONGITUDE":106.7947803,"LATITUDE":-6.4953718,"STATUS":"BUKA","TANGGAL UPDATE":"27/02/2025","TANGGAL PENGUMPULAN":"Q4 2023","q":27424,"r":-15160}},{"type":"Feature","geometry":{"coordinates":[106.8526905,-6.4689817],"type":"Point"},"properties":{"NAMA":"SEA FOOD 69","TIPE_1":"MAKANAN DAN MINUMAN","TIPE_2":"RESTORAN","TIPE_3":"SEAFOOD","TELEPON":"0878-7899-7767","ALAMAT":"JL. MUSI RAYA NO.42, CIRIMEKAR, KEC. CIBINONG, KABUPATEN BOGOR, JAWA BARAT 16917","ID_PROV":"32","PROVINSI":"JAWA BARAT","ID_KABKOT":"32.01","KABKOT":"BOGOR","ID_KEC":"32.01.01","KECAMATAN":"CIBINONG","ID_DESA":"32.01.01.1011","DESA":"CIRIMEKAR","LONGITUDE":106.8526905,"LATITUDE":-6.4689817,"STATUS":"BUKA","TANGGAL UPDATE":"27/02/2025","TANGGAL PENGUMPULAN":"Q4 2023","q":27439,"r":-15161}},{"type":"Feature","geometry":{"coordinates":[106.8139707,-6.4919741],"type":"Point"},"properties":{"NAMA":"SERANG KERANG CIBINONG","TIPE_1":"MAKANAN DAN MINUMAN","TIPE_2":"RESTORAN","TIPE_3":"SEAFOOD","TELEPON":"0812-9199-6100","ALAMAT":"JL. RAYA SUKAHATI, SUKAHATI, KEC. CIBINONG, KABUPATEN BOGOR, JAWA BARAT 16913","ID_PROV":"32","PROVINSI":"JAWA BARAT","ID_KABKOT":"32.01","KABKOT":"BOGOR","ID_KEC":"32.01.01","KECAMATAN":"CIBINONG","ID_DESA":"32.01.01.1009","DESA":"SUKAHATI","LONGITUDE":106.8139707,"LATITUDE":-6.4919741,"STATUS":"BUKA","TANGGAL UPDATE":"27/02/2025","TANGGAL PENGUMPULAN":"Q4 2023","q":27429,"r":-15161}},{"type":"Feature","geometry":{"coordinates":[106.8616185,-6.5643229],"type":"Point"},"properties":{"NAMA":"A&Y SEAFOOD","TIPE_1":"MAKANAN DAN MINUMAN","TIPE_2":"RESTORAN","TIPE_3":"SEAFOOD","TELEPON":"0813-1852-1978","ALAMAT":"PASAR BERSIH SENTUL CITY NO. 99-100, JL. BABAKAN MADANG, CITARINGGUL, KEC. BABAKAN MADANG, KABUPATEN BOGOR, JAWA BARAT 16810","ID_PROV":"32","PROVINSI":"JAWA BARAT","ID_KABKOT":"32.01","KABKOT":"BOGOR","ID_KEC":"32.01.05","KECAMATAN":"BABAKAN MADANG","ID_DESA":"32.01.05.2007","DESA":"CITARINGGUL","LONGITUDE":106.8616185,"LATITUDE":-6.5643229,"STATUS":"BUKA","TANGGAL UPDATE":"27/02/2025","TANGGAL PENGUMPULAN":"Q4 2023","q":27441,"r":-15184}},{"type":"Feature","geometry":{"coordinates":[106.8086163,-6.5019631],"type":"Point"},"properties":{"NAMA":"RUMAH MAKAN & SEAFOOD 99","TIPE_1":"MAKANAN DAN MINUMAN","TIPE_2":"RESTORAN","TIPE_3":"SEAFOOD","TELEPON":"0812-8269-0767","ALAMAT":"BDB II, JL. RUKO BLK. CL, SUKAHATI, KEC. CIBINONG, KABUPATEN BOGOR, JAWA BARAT 16913","ID_PROV":"32","PROVINSI":"JAWA BARAT","ID_KABKOT":"32.01","KABKOT":"BOGOR","ID_KEC":"32.01.01","KECAMATAN":"CIBINONG","ID_DESA":"32.01.01.1009","DESA":"SUKAHATI","LONGITUDE":106.8086163,"LATITUDE":-6.5019631,"STATUS":"BUKA","TANGGAL UPDATE":"27/02/2025","TANGGAL PENGUMPULAN":"Q4 2023","q":27428,"r":-15163}},{"type":"Feature","geometry":{"coordinates":[106.835311,-6.486534],"type":"Point"},"properties":{"NAMA":"PONDOK SEAFOOD 007","TIPE_1":"MAKANAN DAN MINUMAN","TIPE_2":"RESTORAN","TIPE_3":"SEAFOOD","TELEPON":"0812-9821-8007","ALAMAT":"JL. KOL.EDY YOSO MARTADIPURA, PAKANSARI, CIBINONG, BOGOR, JAWA BARAT, BOGOR, PAKANSARI, KEC. CIBINONG, KABUPATEN BOGOR, JAWA BARAT 16195","ID_PROV":"32","PROVINSI":"JAWA BARAT","ID_KABKOT":"32.01","KABKOT":"BOGOR","ID_KEC":"32.01.01","KECAMATAN":"CIBINONG","ID_DESA":"32.01.01.1007","DESA":"PAKANSARI","LONGITUDE":106.835311,"LATITUDE":-6.486534,"STATUS":"BUKA","TANGGAL UPDATE":"27/02/2025","TANGGAL PENGUMPULAN":"Q4 2023","q":27435,"r":-15163}},{"type":"Feature","geometry":{"coordinates":[106.8436483,-6.4744933],"type":"Point"},"properties":{"NAMA":"RUMAH MAKAN 99 & SEAFOOD","TIPE_1":"MAKANAN DAN MINUMAN","TIPE_2":"RESTORAN","TIPE_3":"SEAFOOD","TELEPON":"0813-1596-5955","ALAMAT":"JL. RAYA CIKARET NO.45, PABUARAN, KEC. CIBINONG, KABUPATEN BOGOR, JAWA BARAT 16916","ID_PROV":"32","PROVINSI":"JAWA BARAT","ID_KABKOT":"32.01","KABKOT":"BOGOR","ID_KEC":"32.01.01","KECAMATAN":"CIBINONG","ID_DESA":"32.01.01.1012","DESA":"PABUARAN","LONGITUDE":106.8436483,"LATITUDE":-6.4744933,"STATUS":"BUKA","TANGGAL UPDATE":"27/02/2025","TANGGAL PENGUMPULAN":"Q4 2023","q":27437,"r":-15161}},{"type":"Feature","geometry":{"coordinates":[106.8393137,-6.5747569],"type":"Point"},"properties":{"NAMA":"WAROENG SEAFOOD","TIPE_1":"MAKANAN DAN MINUMAN","TIPE_2":"RESTORAN","TIPE_3":"SEAFOOD","TELEPON":"","ALAMAT":"CADAS NGAMPAR, KEC. SUKARAJA, KABUPATEN BOGOR, JAWA BARAT 16710","ID_PROV":"32","PROVINSI":"JAWA BARAT","ID_KABKOT":"32.01","KABKOT":"BOGOR","ID_KEC":"32.01.04","KECAMATAN":"SUKARAJA","ID_DESA":"32.01.04.2012","DESA":"CADASNGAMPAR","LONGITUDE":106.8393137,"LATITUDE":-6.5747569,"STATUS":"BUKA","TANGGAL UPDATE":"27/02/2025","TANGGAL PENGUMPULAN":"Q4 2023","q":27436,"r":-15183}},{"type":"Feature","geometry":{"coordinates":[106.8077854,-6.5148183],"type":"Point"},"properties":{"NAMA":"SARI RASA SEAFOOD DADANG","TIPE_1":"MAKANAN DAN MINUMAN","TIPE_2":"RESTORAN","TIPE_3":"SEAFOOD","TELEPON":"0812-8006-2430","ALAMAT":"JL. RAYA KARADENAN, KARADENAN, KEC. CIBINONG, KABUPATEN BOGOR, JAWA BARAT 16913","ID_PROV":"32","PROVINSI":"JAWA BARAT","ID_KABKOT":"32.01","KABKOT":"BOGOR","ID_KEC":"32.01.01","KECAMATAN":"CIBINONG","ID_DESA":"32.01.01.1002","DESA":"KARADENAN","LONGITUDE":106.8077854,"LATITUDE":-6.5148183,"STATUS":"BUKA","TANGGAL UPDATE":"27/02/2025","TANGGAL PENGUMPULAN":"Q4 2023","q":27428,"r":-15166}},{"type":"Feature","geometry":{"coordinates":[106.6655283,-6.5746523],"type":"Point"},"properties":{"NAMA":"SEAFOOD D'KARAKA","TIPE_1":"MAKANAN DAN MINUMAN","TIPE_2":"RESTORAN","TIPE_3":"SEAFOOD","TELEPON":"0857-3884-3415","ALAMAT":"JL.LABUAN-CIANJUR,(SAMPING PERUM, JL. CITOH RAYA, RW.3, CIMANGGU 2, KEC. CIBUNGBULANG, KABUPATEN BOGOR, JAWA BARAT 16630","ID_PROV":"32","PROVINSI":"JAWA BARAT","ID_KABKOT":"32.01","KABKOT":"BOGOR","ID_KEC":"32.01.16","KECAMATAN":"CIBUNGBULANG","ID_DESA":"32.01.16.2008","DESA":"CIMANGGU II","LONGITUDE":106.6655283,"LATITUDE":-6.5746523,"STATUS":"BUKA","TANGGAL UPDATE":"27/02/2025","TANGGAL PENGUMPULAN":"Q4 2023","q":27391,"r":-15161}},{"type":"Feature","geometry":{"coordinates":[106.8558553,-6.56933],"type":"Point"},"properties":{"NAMA":"PULAU SEAFOOD","TIPE_1":"MAKANAN DAN MINUMAN","TIPE_2":"RESTORAN","TIPE_3":"SEAFOOD","TELEPON":"0812-1881-8099","ALAMAT":"DISTRIK KULINER, JL. DEWI SARTIKA, SENTUL CITY, CITARINGGUL, KEC. BABAKAN MADANG, KABUPATEN BOGOR, JAWA BARAT 16810","ID_PROV":"32","PROVINSI":"JAWA BARAT","ID_KABKOT":"32.01","KABKOT":"BOGOR","ID_KEC":"32.01.05","KECAMATAN":"BABAKAN MADANG","ID_DESA":"32.01.05.2007","DESA":"CITARINGGUL","LONGITUDE":106.8558553,"LATITUDE":-6.56933,"STATUS":"BUKA","TANGGAL UPDATE":"27/02/2025","TANGGAL PENGUMPULAN":"Q4 2023","q":27440,"r":-15184}},{"type":"Feature","geometry":{"coordinates":[106.815516,-6.7404466],"type":"Point"},"properties":{"NAMA":"DHIE SEAFOOD 77","TIPE_1":"MAKANAN DAN MINUMAN","TIPE_2":"RESTORAN","TIPE_3":"SEAFOOD","TELEPON":"0858-9422-2049","ALAMAT":"JL.MAYJEN H.E JL. BOHLAM, CIBURUY, KEC. CIGOMBONG, KABUPATEN BOGOR, JAWA BARAT 16110","ID_PROV":"32","PROVINSI":"JAWA BARAT","ID_KABKOT":"32.01","KABKOT":"BOGOR","ID_KEC":"32.01.38","KECAMATAN":"CIGOMBONG","ID_DESA":"32.01.38.2004","DESA":"SROGOL","LONGITUDE":106.815516,"LATITUDE":-6.7404466,"STATUS":"BUKA","TANGGAL UPDATE":"27/02/2025","TANGGAL PENGUMPULAN":"Q4 2023","q":27430,"r":-15217}},{"type":"Feature","geometry":{"coordinates":[106.607284,-6.5639532],"type":"Point"},"properties":{"NAMA":"RESTORAN PERAHU LAYAR","TIPE_1":"MAKANAN DAN MINUMAN","TIPE_2":"RESTORAN","TIPE_3":"SEAFOOD","TELEPON":"0815-1121-3639","ALAMAT":"JASINGA KM 18 KAMPUNG JAMBU RT 02/02, KABUPATEN BOGOR, JAWA BARAT 16640","ID_PROV":"32","PROVINSI":"JAWA BARAT","ID_KABKOT":"32.01","KABKOT":"BOGOR","ID_KEC":"32.01.39","KECAMATAN":"LEUWISADENG","ID_DESA":"32.01.39.2008","DESA":"SIBANTENG","LONGITUDE":106.607284,"LATITUDE":-6.5639532,"STATUS":"BUKA","TANGGAL UPDATE":"27/02/2025","TANGGAL PENGUMPULAN":"Q4 2023","q":27376,"r":-15151}},{"type":"Feature","geometry":{"coordinates":[106.7486694,-6.5899176],"type":"Point"},"properties":{"NAMA":"KEDAI ABDI SEA FOOD","TIPE_1":"MAKANAN DAN MINUMAN","TIPE_2":"RESTORAN","TIPE_3":"SEAFOOD","TELEPON":"0813-1996-0457","ALAMAT":"JLN CEMPAKA NO 916 KEL KEDUNG WARINGIN KEC TANAH SAREAL TAMAN CIMANGGU BOGOR 16164, CIHERANG, KEC. DRAMAGA, KABUPATEN BOGOR, JAWA BARAT 66452","ID_PROV":"32","PROVINSI":"JAWA BARAT","ID_KABKOT":"32.01","KABKOT":"BOGOR","ID_KEC":"32.01.30","KECAMATAN":"DRAMAGA","ID_DESA":"32.01.30.2002","DESA":"CIHERANG","LONGITUDE":106.7486694,"LATITUDE":-6.5899176,"STATUS":"BUKA","TANGGAL UPDATE":"27/02/2025","TANGGAL PENGUMPULAN":"Q4 2023","q":27412,"r":-15175}},{"type":"Feature","geometry":{"coordinates":[106.9316346,-6.4210331],"type":"Point"},"properties":{"NAMA":"PONDOK SEAFOOD JHAVANHIE","TIPE_1":"MAKANAN DAN MINUMAN","TIPE_2":"RESTORAN","TIPE_3":"SEAFOOD","TELEPON":"0813-2844-7217","ALAMAT":"JL. GAS ALAM KP.PABUARAN, RT.03/RW.09, CICADAS, KEC. GN. PUTRI, KABUPATEN BOGOR, JAWA BARAT 16964","ID_PROV":"32","PROVINSI":"JAWA BARAT","ID_KABKOT":"32.01","KABKOT":"BOGOR","ID_KEC":"32.01.02","KECAMATAN":"GUNUNG PUTRI","ID_DESA":"32.01.02.2007","DESA":"CICADAS","LONGITUDE":106.9316346,"LATITUDE":-6.4210331,"STATUS":"BUKA","TANGGAL UPDATE":"27/02/2025","TANGGAL PENGUMPULAN":"Q4 2023","q":27459,"r":-15161}},{"type":"Feature","geometry":{"coordinates":[106.8669358,-6.5070243],"type":"Point"},"properties":{"NAMA":"SEAFOOD JOFALIN","TIPE_1":"MAKANAN DAN MINUMAN","TIPE_2":"RESTORAN","TIPE_3":"SEAFOOD","TELEPON":"","ALAMAT":"JL. PAHLAWAN NO.246, SANJA, KEC. CITEUREUP, KABUPATEN BOGOR, JAWA BARAT 16810","ID_PROV":"32","PROVINSI":"JAWA BARAT","ID_KABKOT":"32.01","KABKOT":"BOGOR","ID_KEC":"32.01.03","KECAMATAN":"CITEUREUP","ID_DESA":"32.01.03.2005","DESA":"SANJA","LONGITUDE":106.8669358,"LATITUDE":-6.5070243,"STATUS":"BUKA","TANGGAL UPDATE":"27/02/2025","TANGGAL PENGUMPULAN":"Q4 2023","q":27443,"r":-15172}},{"type":"Feature","geometry":{"coordinates":[106.8464207,-6.6913004],"type":"Point"},"properties":{"NAMA":"SEAFOOD NUANSA SEAFOOD","TIPE_1":"MAKANAN DAN MINUMAN","TIPE_2":"RESTORAN","TIPE_3":"SEAFOOD","TELEPON":"0857-1848-8956","ALAMAT":"JL. PS. CIKERETEG, CIDERUM, KEC. CARINGIN, KABUPATEN BOGOR, JAWA BARAT 16730","ID_PROV":"32","PROVINSI":"JAWA BARAT","ID_KABKOT":"32.01","KABKOT":"BOGOR","ID_KEC":"32.01.27","KECAMATAN":"CARINGIN","ID_DESA":"32.01.27.2003","DESA":"CIDERUM","LONGITUDE":106.8464207,"LATITUDE":-6.6913004,"STATUS":"BUKA","TANGGAL UPDATE":"27/02/2025","TANGGAL PENGUMPULAN":"Q4 2023","q":27437,"r":-15210}},{"type":"Feature","geometry":{"coordinates":[106.80724939999999,-6.5086488],"type":"Point"},"properties":{"NAMA":"SEAFOOD BAROKAH JAYA 23","TIPE_1":"MAKANAN DAN MINUMAN","TIPE_2":"RESTORAN","TIPE_3":"SEAFOOD","TELEPON":"0812-9093-9908","ALAMAT":"BAROKAH JAYA 23, 23, SEAFOOD BAROKAH JAYA, JL. RAYA KARADENAN, RT.07/RW.18, SUKAHATI, KABUPATEN BOGOR, JAWA BARAT 16913","ID_PROV":"32","PROVINSI":"JAWA BARAT","ID_KABKOT":"32.01","KABKOT":"BOGOR","ID_KEC":"32.01.01","KECAMATAN":"CIBINONG","ID_DESA":"32.01.01.1002","DESA":"KARADENAN","LONGITUDE":106.8072494,"LATITUDE":-6.5086488,"STATUS":"BUKA","TANGGAL UPDATE":"27/02/2025","TANGGAL PENGUMPULAN":"Q4 2023","q":27427,"r":-15164}},{"type":"Feature","geometry":{"coordinates":[106.8185774,-6.5019736],"type":"Point"},"properties":{"NAMA":"BIOTA SEAFOOD","TIPE_1":"MAKANAN DAN MINUMAN","TIPE_2":"RESTORAN","TIPE_3":"SEAFOOD","TELEPON":"0812-8334-0616","ALAMAT":"NANGGEWER MEKAR, KEC. CIBINONG, KABUPATEN BOGOR, JAWA BARAT 16912","ID_PROV":"32","PROVINSI":"JAWA BARAT","ID_KABKOT":"32.01","KABKOT":"BOGOR","ID_KEC":"32.01.01","KECAMATAN":"CIBINONG","ID_DESA":"32.01.01.1005","DESA":"NANGGEWER MEKAR","LONGITUDE":106.8185774,"LATITUDE":-6.5019736,"STATUS":"BUKA","TANGGAL UPDATE":"27/02/2025","TANGGAL PENGUMPULAN":"Q4 2023","q":27430,"r":-15164}},{"type":"Feature","geometry":{"coordinates":[107.1428917,-6.5730122],"type":"Point"},"properties":{"NAMA":"NASI GORENG PAK DE","TIPE_1":"MAKANAN DAN MINUMAN","TIPE_2":"RESTORAN","TIPE_3":"NASI GORENG","TELEPON":"0819-2971-6537","ALAMAT":"TANJUNGRASA, KEC. TANJUNGSARI, KABUPATEN BOGOR, JAWA BARAT 16840","ID_PROV":"32","PROVINSI":"JAWA BARAT","ID_KABKOT":"32.01","KABKOT":"BOGOR","ID_KEC":"32.01.36","KECAMATAN":"TANJUNGSARI","ID_DESA":"32.01.36.2003","DESA":"TANJUNGRASA","LONGITUDE":107.1428917,"LATITUDE":-6.5730122,"STATUS":"BUKA","TANGGAL UPDATE":"27/02/2025","TANGGAL PENGUMPULAN":"Q4 2023","q":27514,"r":-15222}},{"type":"Feature","geometry":{"coordinates":[106.9938901,-6.70311],"type":"Point"},"properties":{"NAMA":"KEDAI PUNCAK SEJATI","TIPE_1":"MAKANAN DAN MINUMAN","TIPE_2":"RESTORAN","TIPE_3":"NASI GORENG","TELEPON":"0877-7870-7830","ALAMAT":"JL. RAYA PUNCAK GADOG, TUGU PERBATASAN CIANJUR BOGOR, KEC. CISARUA, KABUPATEN BOGOR, JAWA BARAT 16750","ID_PROV":"32","PROVINSI":"JAWA BARAT","ID_KABKOT":"32.01","KABKOT":"BOGOR","ID_KEC":"32.01.25","KECAMATAN":"CISARUA","ID_DESA":"32.01.25.2009","DESA":"TUGU UTARA","LONGITUDE":106.9938901,"LATITUDE":-6.70311,"STATUS":"BUKA","TANGGAL UPDATE":"27/02/2025","TANGGAL PENGUMPULAN":"Q4 2023","q":27475,"r":-15232}},{"type":"Feature","geometry":{"coordinates":[106.8567325,-6.6657958],"type":"Point"},"properties":{"NAMA":"NASI GORENG SEDAP KARAOS","TIPE_1":"MAKANAN DAN MINUMAN","TIPE_2":"RESTORAN","TIPE_3":"NASI GORENG","TELEPON":"0813-8015-8782","ALAMAT":"JL. RAYA TAPOS NO.33, BANJAR WARU, KEC. CIAWI, KABUPATEN BOGOR, JAWA BARAT 16720","ID_PROV":"32","PROVINSI":"JAWA BARAT","ID_KABKOT":"32.01","KABKOT":"BOGOR","ID_KEC":"32.01.24","KECAMATAN":"CIAWI","ID_DESA":"32.01.24.2007","DESA":"BANJAR WARU","LONGITUDE":106.8567325,"LATITUDE":-6.6657958,"STATUS":"BUKA","TANGGAL UPDATE":"27/02/2025","TANGGAL PENGUMPULAN":"Q4 2023","q":27440,"r":-15206}},{"type":"Feature","geometry":{"coordinates":[106.92220909999999,-6.6653444],"type":"Point"},"properties":{"NAMA":"WARUNG SUNDA MALAYANG","TIPE_1":"MAKANAN DAN MINUMAN","TIPE_2":"RESTORAN","TIPE_3":"NASI GORENG","TELEPON":"0899-5122-345","ALAMAT":"JALAN RAYA PUNCAK KM. 79 NO. 478, RT.01/RW.02, LEUWIMALANG, KEC. CISARUA, KABUPATEN BOGOR, JAWA BARAT 16750","ID_PROV":"32","PROVINSI":"JAWA BARAT","ID_KABKOT":"32.01","KABKOT":"BOGOR","ID_KEC":"32.01.25","KECAMATAN":"CISARUA","ID_DESA":"32.01.25.2007","DESA":"LEUWIMALANG","LONGITUDE":106.9222091,"LATITUDE":-6.6653444,"STATUS":"BUKA","TANGGAL UPDATE":"27/02/2025","TANGGAL PENGUMPULAN":"Q4 2023","q":27457,"r":-15214}},{"type":"Feature","geometry":{"coordinates":[106.9650776,-6.6943418],"type":"Point"},"properties":{"NAMA":"RM POHO KACAPE","TIPE_1":"MAKANAN DAN MINUMAN","TIPE_2":"RESTORAN","TIPE_3":"NASI GORENG","TELEPON":"0813-8802-7776","ALAMAT":"JALAN RAYA PUNCAK NO.KM. 85, TUGU UTARA, KEC. CISARUA, KABUPATEN BOGOR, JAWA BARAT 16750","ID_PROV":"32","PROVINSI":"JAWA BARAT","ID_KABKOT":"32.01","KABKOT":"BOGOR","ID_KEC":"32.01.25","KECAMATAN":"CISARUA","ID_DESA":"32.01.25.2006","DESA":"TUGU SELATAN","LONGITUDE":106.9650776,"LATITUDE":-6.6943418,"STATUS":"BUKA","TANGGAL UPDATE":"27/02/2025","TANGGAL PENGUMPULAN":"Q4 2023","q":27468,"r":-15226}},{"type":"Feature","geometry":{"coordinates":[106.9585571,-6.6881511],"type":"Point"},"properties":{"NAMA":"DULANG RESTORAN","TIPE_1":"MAKANAN DAN MINUMAN","TIPE_2":"RESTORAN","TIPE_3":"NASI GORENG","TELEPON":"(0251) 8259072","ALAMAT":"JL. RAYA PUNCAK KM. 83.7, TUGU SELATAN, CISARUA, TUGU SEL., KEC. CISARUA, KABUPATEN BOGOR, JAWA BARAT 16750","ID_PROV":"32","PROVINSI":"JAWA BARAT","ID_KABKOT":"32.01","KABKOT":"BOGOR","ID_KEC":"32.01.25","KECAMATAN":"CISARUA","ID_DESA":"32.01.25.2006","DESA":"TUGU SELATAN","LONGITUDE":106.9585571,"LATITUDE":-6.6881511,"STATUS":"BUKA","TANGGAL UPDATE":"27/02/2025","TANGGAL PENGUMPULAN":"Q4 2023","q":27466,"r":-15224}},{"type":"Feature","geometry":{"coordinates":[106.8956245,-6.6502856],"type":"Point"},"properties":{"NAMA":"KEDAI MAKOP","TIPE_1":"MAKANAN DAN MINUMAN","TIPE_2":"RESTORAN","TIPE_3":"NASI GORENG","TELEPON":"0813-8493-5200","ALAMAT":"JL. RAYA PUNCAK GADOG, CIPAYUNG DATAR, KEC. MEGAMENDUNG, KABUPATEN BOGOR, JAWA BARAT 16770","ID_PROV":"32","PROVINSI":"JAWA BARAT","ID_KABKOT":"32.01","KABKOT":"BOGOR","ID_KEC":"32.01.26","KECAMATAN":"MEGAMENDUNG","ID_DESA":"32.01.26.2006","DESA":"CIPAYUNG","LONGITUDE":106.8956245,"LATITUDE":-6.6502856,"STATUS":"BUKA","TANGGAL UPDATE":"27/02/2025","TANGGAL PENGUMPULAN":"Q4 2023","q":27450,"r":-15207}},{"type":"Feature","geometry":{"coordinates":[106.9914706,-6.7007365],"type":"Point"},"properties":{"NAMA":"SATE KILOAN PSK","TIPE_1":"MAKANAN DAN MINUMAN","TIPE_2":"RESTORAN","TIPE_3":"NASI GORENG","TELEPON":"","ALAMAT":"JALAN RAYA PUNCAK KM. 86 TUGU SELATAN, TUGU UTARA, KEC. CISARUA, KABUPATEN BOGOR, JAWA BARAT 16750","ID_PROV":"32","PROVINSI":"JAWA BARAT","ID_KABKOT":"32.01","KABKOT":"BOGOR","ID_KEC":"32.01.25","KECAMATAN":"CISARUA","ID_DESA":"32.01.25.2009","DESA":"TUGU UTARA","LONGITUDE":106.9914706,"LATITUDE":-6.7007365,"STATUS":"BUKA","TANGGAL UPDATE":"27/02/2025","TANGGAL PENGUMPULAN":"Q4 2023","q":27475,"r":-15231}},{"type":"Feature","geometry":{"coordinates":[106.9635977,-6.6939465],"type":"Point"},"properties":{"NAMA":"NASI GORENG PAK JUJUM","TIPE_1":"MAKANAN DAN MINUMAN","TIPE_2":"RESTORAN","TIPE_3":"NASI GORENG","TELEPON":"0813-1125-3734","ALAMAT":"JL. JURANG NO.28-14, TUGU UTARA, KEC. CISARUA, KABUPATEN BOGOR, JAWA BARAT 16750","ID_PROV":"32","PROVINSI":"JAWA BARAT","ID_KABKOT":"32.01","KABKOT":"BOGOR","ID_KEC":"32.01.25","KECAMATAN":"CISARUA","ID_DESA":"32.01.25.2009","DESA":"TUGU UTARA","LONGITUDE":106.9635977,"LATITUDE":-6.6939465,"STATUS":"BUKA","TANGGAL UPDATE":"27/02/2025","TANGGAL PENGUMPULAN":"Q4 2023","q":27468,"r":-15226}},{"type":"Feature","geometry":{"coordinates":[106.9940973,-6.7044141],"type":"Point"},"properties":{"NAMA":"WARUNG NASI MANG ADE","TIPE_1":"MAKANAN DAN MINUMAN","TIPE_2":"RESTORAN","TIPE_3":"NASI GORENG","TELEPON":"0817-879-218","ALAMAT":"JL. RAYA PUNCAK - GADOG NO.DS, TUGU SEL., KEC. CISARUA, KABUPATEN BOGOR, JAWA BARAT 16750","ID_PROV":"32","PROVINSI":"JAWA BARAT","ID_KABKOT":"32.01","KABKOT":"BOGOR","ID_KEC":"32.01.25","KECAMATAN":"CISARUA","ID_DESA":"32.01.25.2009","DESA":"TUGU UTARA","LONGITUDE":106.9940973,"LATITUDE":-6.7044141,"STATUS":"BUKA","TANGGAL UPDATE":"27/02/2025","TANGGAL PENGUMPULAN":"Q4 2023","q":27475,"r":-15232}},{"type":"Feature","geometry":{"coordinates":[106.9577877,-6.6875189],"type":"Point"},"properties":{"NAMA":"NASI GORENG LAPAK","TIPE_1":"MAKANAN DAN MINUMAN","TIPE_2":"RESTORAN","TIPE_3":"NASI GORENG","TELEPON":"0821-1482-9105","ALAMAT":"TUGU SEL., KEC. CISARUA, KABUPATEN BOGOR, JAWA BARAT 16750","ID_PROV":"32","PROVINSI":"JAWA BARAT","ID_KABKOT":"32.01","KABKOT":"BOGOR","ID_KEC":"32.01.25","KECAMATAN":"CISARUA","ID_DESA":"32.01.25.2006","DESA":"TUGU SELATAN","LONGITUDE":106.9577877,"LATITUDE":-6.6875189,"STATUS":"BUKA","TANGGAL UPDATE":"27/02/2025","TANGGAL PENGUMPULAN":"Q4 2023","q":27466,"r":-15224}},{"type":"Feature","geometry":{"coordinates":[106.8786455,-6.6537442],"type":"Point"},"properties":{"NAMA":"BUBUR AYAM DAN NASI GORENG CIANJUR KANG DODY SANJAYA","TIPE_1":"MAKANAN DAN MINUMAN","TIPE_2":"RESTORAN","TIPE_3":"NASI GORENG","TELEPON":"0838-1922-9057","ALAMAT":"CIPAYUNG DATAR, KEC. MEGAMENDUNG, KABUPATEN BOGOR, JAWA BARAT 16770","ID_PROV":"32","PROVINSI":"JAWA BARAT","ID_KABKOT":"32.01","KABKOT":"BOGOR","ID_KEC":"32.01.26","KECAMATAN":"MEGAMENDUNG","ID_DESA":"32.01.26.2006","DESA":"CIPAYUNG","LONGITUDE":106.8786455,"LATITUDE":-6.6537442,"STATUS":"BUKA","TANGGAL UPDATE":"27/02/2025","TANGGAL PENGUMPULAN":"Q4 2023","q":27446,"r":-15206}},{"type":"Feature","geometry":{"coordinates":[106.940576,-6.6875257],"type":"Point"},"properties":{"NAMA":"NASI GORENG ARTIS","TIPE_1":"MAKANAN DAN MINUMAN","TIPE_2":"RESTORAN","TIPE_3":"NASI GORENG","TELEPON":"0812-8640-5287","ALAMAT":"PASAR CIBEREUM NO.7 BLOK D, CIBEUREUM, KEC. CISARUA, KABUPATEN BOGOR, JAWA BARAT 16750","ID_PROV":"32","PROVINSI":"JAWA BARAT","ID_KABKOT":"32.01","KABKOT":"BOGOR","ID_KEC":"32.01.25","KECAMATAN":"CISARUA","ID_DESA":"32.01.25.2003","DESA":"CIBEUREUM","LONGITUDE":106.940576,"LATITUDE":-6.6875257,"STATUS":"BUKA","TANGGAL UPDATE":"27/02/2025","TANGGAL PENGUMPULAN":"Q4 2023","q":27462,"r":-15221}},{"type":"Feature","geometry":{"coordinates":[106.9937677,-6.7029589],"type":"Point"},"properties":{"NAMA":"SAUNG ABAH","TIPE_1":"MAKANAN DAN MINUMAN","TIPE_2":"RESTORAN","TIPE_3":"NASI GORENG","TELEPON":"0877-2011-8857","ALAMAT":"JL. RAYA PUNCAK - GADOG, TUGU SEL., KEC. CISARUA, KABUPATEN BOGOR, JAWA BARAT 16750","ID_PROV":"32","PROVINSI":"JAWA BARAT","ID_KABKOT":"32.01","KABKOT":"BOGOR","ID_KEC":"32.01.25","KECAMATAN":"CISARUA","ID_DESA":"32.01.25.2009","DESA":"TUGU UTARA","LONGITUDE":106.9937677,"LATITUDE":-6.7029589,"STATUS":"BUKA","TANGGAL UPDATE":"27/02/2025","TANGGAL PENGUMPULAN":"Q4 2023","q":27475,"r":-15232}},{"type":"Feature","geometry":{"coordinates":[106.8518949,-6.6605296],"type":"Point"},"properties":{"NAMA":"NASI GORENG SELERA KITA BAHARI 4","TIPE_1":"MAKANAN DAN MINUMAN","TIPE_2":"RESTORAN","TIPE_3":"NASI GORENG","TELEPON":"0838-7878-7480","ALAMAT":"BENDUNGAN, KEC. CIAWI, KABUPATEN BOGOR, JAWA BARAT 16720","ID_PROV":"32","PROVINSI":"JAWA BARAT","ID_KABKOT":"32.01","KABKOT":"BOGOR","ID_KEC":"32.01.24","KECAMATAN":"CIAWI","ID_DESA":"32.01.24.2008","DESA":"BENDUNGAN","LONGITUDE":106.8518949,"LATITUDE":-6.6605296,"STATUS":"BUKA","TANGGAL UPDATE":"27/02/2025","TANGGAL PENGUMPULAN":"Q4 2023","q":27439,"r":-15204}},{"type":"Feature","geometry":{"coordinates":[106.9699665,-6.6983889],"type":"Point"},"properties":{"NAMA":"PONDOK SALIRA (NASI GORENG KEBULI BUBUR AYAM KHAS CIANJUR )","TIPE_1":"MAKANAN DAN MINUMAN","TIPE_2":"RESTORAN","TIPE_3":"NASI GORENG","TELEPON":"0897-8677-267","ALAMAT":"TUGU SEL., KEC. CISARUA, KABUPATEN BOGOR, JAWA BARAT 16750","ID_PROV":"32","PROVINSI":"JAWA BARAT","ID_KABKOT":"32.01","KABKOT":"BOGOR","ID_KEC":"32.01.25","KECAMATAN":"CISARUA","ID_DESA":"32.01.25.2006","DESA":"TUGU SELATAN","LONGITUDE":106.9699665,"LATITUDE":-6.6983889,"STATUS":"BUKA","TANGGAL UPDATE":"27/02/2025","TANGGAL PENGUMPULAN":"Q4 2023","q":27469,"r":-15228}},{"type":"Feature","geometry":{"coordinates":[106.8665774,-6.6531569],"type":"Point"},"properties":{"NAMA":"MM JUICE GADOG","TIPE_1":"MAKANAN DAN MINUMAN","TIPE_2":"RESTORAN","TIPE_3":"NASI GORENG","TELEPON":"(0251) 8241657","ALAMAT":"JL. RAYA PUNCAK - GADOG NO.619, PANDANSARI, KEC. CIAWI, KABUPATEN BOGOR, JAWA BARAT 16770","ID_PROV":"32","PROVINSI":"JAWA BARAT","ID_KABKOT":"32.01","KABKOT":"BOGOR","ID_KEC":"32.01.24","KECAMATAN":"CIAWI","ID_DESA":"32.01.24.2009","DESA":"PANDAN SARI","LONGITUDE":106.8665774,"LATITUDE":-6.6531569,"STATUS":"BUKA","TANGGAL UPDATE":"27/02/2025","TANGGAL PENGUMPULAN":"Q4 2023","q":27443,"r":-15204}},{"type":"Feature","geometry":{"coordinates":[106.9939447,-6.7035566],"type":"Point"},"properties":{"NAMA":"KEDAI LESEHAN PUNCAK","TIPE_1":"MAKANAN DAN MINUMAN","TIPE_2":"RESTORAN","TIPE_3":"NASI GORENG","TELEPON":"0895-3122-8533","ALAMAT":"JL. RAYA PUNCAK - CIANJUR, TUGU UTARA, CISARUA, TUGU SEL., KEC. CISARUA, KABUPATEN BOGOR, JAWA BARAT 16750","ID_PROV":"32","PROVINSI":"JAWA BARAT","ID_KABKOT":"32.01","KABKOT":"BOGOR","ID_KEC":"32.01.25","KECAMATAN":"CISARUA","ID_DESA":"32.01.25.2009","DESA":"TUGU UTARA","LONGITUDE":106.9939447,"LATITUDE":-6.7035566,"STATUS":"BUKA","TANGGAL UPDATE":"27/02/2025","TANGGAL PENGUMPULAN":"Q4 2023","q":27475,"r":-15232}},{"type":"Feature","geometry":{"coordinates":[106.9299863,-6.6781979],"type":"Point"},"properties":{"NAMA":"NASI GORENG","TIPE_1":"MAKANAN DAN MINUMAN","TIPE_2":"RESTORAN","TIPE_3":"NASI GORENG","TELEPON":"","ALAMAT":"JALAN RAYA JL. RAYA PUNCAK GADOG NO.NUMBER 11, RT.02/RW.03, CISARUA, KEC. CISARUA, KABUPATEN BOGOR, JAWA BARAT 16750","ID_PROV":"32","PROVINSI":"JAWA BARAT","ID_KABKOT":"32.01","KABKOT":"BOGOR","ID_KEC":"32.01.25","KECAMATAN":"CISARUA","ID_DESA":"32.01.25.1010","DESA":"CISARUA","LONGITUDE":106.9299863,"LATITUDE":-6.6781979,"STATUS":"BUKA","TANGGAL UPDATE":"27/02/2025","TANGGAL PENGUMPULAN":"Q4 2023","q":27459,"r":-15218}},{"type":"Feature","geometry":{"coordinates":[106.9412102,-6.6871929],"type":"Point"},"properties":{"NAMA":"NASI GORENG CISARUA SIMANIS PEDAS","TIPE_1":"MAKANAN DAN MINUMAN","TIPE_2":"RESTORAN","TIPE_3":"NASI GORENG","TELEPON":"0896-0519-0665","ALAMAT":"JL. RAYA PUNCAK GADOG, RT.03/RW.01, CIBEUREUM, KEC. CISARUA, KABUPATEN BOGOR, JAWA BARAT 16750","ID_PROV":"32","PROVINSI":"JAWA BARAT","ID_KABKOT":"32.01","KABKOT":"BOGOR","ID_KEC":"32.01.25","KECAMATAN":"CISARUA","ID_DESA":"32.01.25.1010","DESA":"CISARUA","LONGITUDE":106.9412102,"LATITUDE":-6.6871929,"STATUS":"BUKA","TANGGAL UPDATE":"27/02/2025","TANGGAL PENGUMPULAN":"Q4 2023","q":27462,"r":-15221}},{"type":"Feature","geometry":{"coordinates":[107.0140984,-6.6448337],"type":"Point"},"properties":{"NAMA":"NASI GORENG KHAS MBAK ITA PUNCAK JONGGOL","TIPE_1":"MAKANAN DAN MINUMAN","TIPE_2":"RESTORAN","TIPE_3":"NASI GORENG","TELEPON":"","ALAMAT":"SUKAWANGI, SUKAMAKMUR, BOGOR REGENCY, WEST JAVA 16830","ID_PROV":"32","PROVINSI":"JAWA BARAT","ID_KABKOT":"32.01","KABKOT":"BOGOR","ID_KEC":"32.01.09","KECAMATAN":"SUKAMAKMUR","ID_DESA":"32.01.09.2004","DESA":"SUKAWANGI","LONGITUDE":107.0140984,"LATITUDE":-6.6448337,"STATUS":"BUKA","TANGGAL UPDATE":"27/02/2025","TANGGAL PENGUMPULAN":"Q4 2023","q":27481,"r":-15221}},{"type":"Feature","geometry":{"coordinates":[106.9400487,-6.6873245],"type":"Point"},"properties":{"NAMA":"NASI GORENG KEBULI PAK RIO","TIPE_1":"MAKANAN DAN MINUMAN","TIPE_2":"RESTORAN","TIPE_3":"NASI GORENG","TELEPON":"0878-7060-7653","ALAMAT":"SIMPANG SAFARI CISARUA, CIBEUREUM, KEC. CISARUA, KABUPATEN BOGOR, JAWA BARAT 16750","ID_PROV":"32","PROVINSI":"JAWA BARAT","ID_KABKOT":"32.01","KABKOT":"BOGOR","ID_KEC":"32.01.25","KECAMATAN":"CISARUA","ID_DESA":"32.01.25.1010","DESA":"CISARUA","LONGITUDE":106.9400487,"LATITUDE":-6.6873245,"STATUS":"BUKA","TANGGAL UPDATE":"27/02/2025","TANGGAL PENGUMPULAN":"Q4 2023","q":27462,"r":-15221}},{"type":"Feature","geometry":{"coordinates":[106.8668562,-6.6502719],"type":"Point"},"properties":{"NAMA":"NASI GORENG CHE TB PASIR ANGIN","TIPE_1":"MAKANAN DAN MINUMAN","TIPE_2":"RESTORAN","TIPE_3":"NASI GORENG","TELEPON":"","ALAMAT":"JL. RAYA PUNCAK - GADOG, PASIR ANGIN, KEC. MEGAMENDUNG, KABUPATEN BOGOR, JAWA BARAT 16770","ID_PROV":"32","PROVINSI":"JAWA BARAT","ID_KABKOT":"32.01","KABKOT":"BOGOR","ID_KEC":"32.01.26","KECAMATAN":"MEGAMENDUNG","ID_DESA":"32.01.26.2012","DESA":"PASIR ANGIN","LONGITUDE":106.8668562,"LATITUDE":-6.6502719,"STATUS":"BUKA","TANGGAL UPDATE":"27/02/2025","TANGGAL PENGUMPULAN":"Q4 2023","q":27443,"r":-15204}},{"type":"Feature","geometry":{"coordinates":[106.9627367,-6.6941903],"type":"Point"},"properties":{"NAMA":"PAPOF BY DIJAN'S RESTAURANT BED & BREAKFAST","TIPE_1":"MAKANAN DAN MINUMAN","TIPE_2":"RESTORAN","TIPE_3":"NASI GORENG","TELEPON":"(0251) 8257118","ALAMAT":"JALAN RAYA PUNCAK KM 85.1, TUGU, CISARUA, TUGU SEL., KEC. CISARUA, KABUPATEN BOGOR, JAWA BARAT 16750","ID_PROV":"32","PROVINSI":"JAWA BARAT","ID_KABKOT":"32.01","KABKOT":"BOGOR","ID_KEC":"32.01.25","KECAMATAN":"CISARUA","ID_DESA":"32.01.25.2006","DESA":"TUGU SELATAN","LONGITUDE":106.9627367,"LATITUDE":-6.6941903,"STATUS":"BUKA","TANGGAL UPDATE":"27/02/2025","TANGGAL PENGUMPULAN":"Q4 2023","q":27467,"r":-15226}},{"type":"Feature","geometry":{"coordinates":[106.8613849,-6.6549216],"type":"Point"},"properties":{"NAMA":"NASI GORENG GADOG","TIPE_1":"MAKANAN DAN MINUMAN","TIPE_2":"RESTORAN","TIPE_3":"NASI GORENG","TELEPON":"0896-1140-0768","ALAMAT":"MEGA MENDUNG, JL. RAYA PUNCAK GADOG NO.RT.1, RW1, GADOG, KEC. MEGAMENDUNG, KABUPATEN BOGOR, JAWA BARAT 16770","ID_PROV":"32","PROVINSI":"JAWA BARAT","ID_KABKOT":"32.01","KABKOT":"BOGOR","ID_KEC":"32.01.24","KECAMATAN":"CIAWI","ID_DESA":"32.01.24.2009","DESA":"PANDAN SARI","LONGITUDE":106.8613849,"LATITUDE":-6.6549216,"STATUS":"BUKA","TANGGAL UPDATE":"27/02/2025","TANGGAL PENGUMPULAN":"Q4 2023","q":27441,"r":-15204}},{"type":"Feature","geometry":{"coordinates":[106.9270035,-6.6710977],"type":"Point"},"properties":{"NAMA":"NASGOR ENAK","TIPE_1":"MAKANAN DAN MINUMAN","TIPE_2":"RESTORAN","TIPE_3":"NASI GORENG","TELEPON":"0812-1856-0241","ALAMAT":"SEBELAH RUMAH MAKAN PONDOK INDAH, JL. RAYA PUNCAK GADOG JL. HANKAM NO.47/4 KM, LEUWIMALANG, KEC. CISARUA, KABUPATEN BOGOR, JAWA BARAT 16750","ID_PROV":"32","PROVINSI":"JAWA BARAT","ID_KABKOT":"32.01","KABKOT":"BOGOR","ID_KEC":"32.01.25","KECAMATAN":"CISARUA","ID_DESA":"32.01.25.2007","DESA":"LEUWIMALANG","LONGITUDE":106.9270035,"LATITUDE":-6.6710977,"STATUS":"BUKA","TANGGAL UPDATE":"27/02/2025","TANGGAL PENGUMPULAN":"Q4 2023","q":27458,"r":-15216}},{"type":"Feature","geometry":{"coordinates":[106.8634856,-6.654463],"type":"Point"},"properties":{"NAMA":"NASI GORENG KANG HENGKI","TIPE_1":"MAKANAN DAN MINUMAN","TIPE_2":"RESTORAN","TIPE_3":"NASI GORENG","TELEPON":"","ALAMAT":"JALAN RAYA PUNCAK GADOG NO 71 RT 003/002, PANDANSARI, KEC. CIAWI, KABUPATEN BOGOR, JAWA BARAT 16720","ID_PROV":"32","PROVINSI":"JAWA BARAT","ID_KABKOT":"32.01","KABKOT":"BOGOR","ID_KEC":"32.01.24","KECAMATAN":"CIAWI","ID_DESA":"32.01.24.2009","DESA":"PANDAN SARI","LONGITUDE":106.8634856,"LATITUDE":-6.654463,"STATUS":"BUKA","TANGGAL UPDATE":"27/02/2025","TANGGAL PENGUMPULAN":"Q4 2023","q":27442,"r":-15204}},{"type":"Feature","geometry":{"coordinates":[106.9937289,-6.7025291],"type":"Point"},"properties":{"NAMA":"SATE NASI GORENG TONGSENG","TIPE_1":"MAKANAN DAN MINUMAN","TIPE_2":"RESTORAN","TIPE_3":"NASI GORENG","TELEPON":"","ALAMAT":"TUGU SEL., KEC. CISARUA, KABUPATEN BOGOR, JAWA BARAT","ID_PROV":"32","PROVINSI":"JAWA BARAT","ID_KABKOT":"32.01","KABKOT":"BOGOR","ID_KEC":"32.01.25","KECAMATAN":"CISARUA","ID_DESA":"32.01.25.2009","DESA":"TUGU UTARA","LONGITUDE":106.9937289,"LATITUDE":-6.7025291,"STATUS":"BUKA","TANGGAL UPDATE":"27/02/2025","TANGGAL PENGUMPULAN":"Q4 2023","q":27475,"r":-15232}},{"type":"Feature","geometry":{"coordinates":[106.967781,-6.6940982],"type":"Point"},"properties":{"NAMA":"WARUNG NASI WA KOPI","TIPE_1":"MAKANAN DAN MINUMAN","TIPE_2":"RESTORAN","TIPE_3":"NASI GORENG","TELEPON":"","ALAMAT":"JL. RAYA PUNCAK GADOG NO.KM 85.5, TUGU, TUGU UTARA, KEC. CISARUA, KABUPATEN BOGOR, JAWA BARAT 16750","ID_PROV":"32","PROVINSI":"JAWA BARAT","ID_KABKOT":"32.01","KABKOT":"BOGOR","ID_KEC":"32.01.25","KECAMATAN":"CISARUA","ID_DESA":"32.01.25.2009","DESA":"TUGU UTARA","LONGITUDE":106.967781,"LATITUDE":-6.6940982,"STATUS":"BUKA","TANGGAL UPDATE":"27/02/2025","TANGGAL PENGUMPULAN":"Q4 2023","q":27469,"r":-15226}},{"type":"Feature","geometry":{"coordinates":[106.9191879,-6.6799239],"type":"Point"},"properties":{"NAMA":"NASGOR KANG GALING","TIPE_1":"MAKANAN DAN MINUMAN","TIPE_2":"RESTORAN","TIPE_3":"NASI GORENG","TELEPON":"","ALAMAT":"UNNAMED ROAD, KOPO, KEC. CISARUA, KABUPATEN BOGOR, JAWA BARAT 16750","ID_PROV":"32","PROVINSI":"JAWA BARAT","ID_KABKOT":"32.01","KABKOT":"BOGOR","ID_KEC":"32.01.25","KECAMATAN":"CISARUA","ID_DESA":"32.01.25.2008","DESA":"KOPO","LONGITUDE":106.9191879,"LATITUDE":-6.6799239,"STATUS":"BUKA","TANGGAL UPDATE":"27/02/2025","TANGGAL PENGUMPULAN":"Q4 2023","q":27456,"r":-15217}},{"type":"Feature","geometry":{"coordinates":[106.9302718,-6.6792235],"type":"Point"},"properties":{"NAMA":"NASI GORENG KOCI KITA","TIPE_1":"MAKANAN DAN MINUMAN","TIPE_2":"RESTORAN","TIPE_3":"NASI GORENG","TELEPON":"0877-7062-7709","ALAMAT":"UNNAMED ROAD, CISARUA, KEC. CISARUA, KABUPATEN BOGOR, JAWA BARAT 16750","ID_PROV":"32","PROVINSI":"JAWA BARAT","ID_KABKOT":"32.01","KABKOT":"BOGOR","ID_KEC":"32.01.25","KECAMATAN":"CISARUA","ID_DESA":"32.01.25.2005","DESA":"CITEKO","LONGITUDE":106.9302718,"LATITUDE":-6.6792235,"STATUS":"BUKA","TANGGAL UPDATE":"27/02/2025","TANGGAL PENGUMPULAN":"Q4 2023","q":27459,"r":-15218}},{"type":"Feature","geometry":{"coordinates":[106.9543247,-6.6832055],"type":"Point"},"properties":{"NAMA":"NASI GORENG & SOMAY PUNCAK","TIPE_1":"MAKANAN DAN MINUMAN","TIPE_2":"RESTORAN","TIPE_3":"NASI GORENG","TELEPON":"0821-2524-1164","ALAMAT":"JL. RAYA PUNCAK GADOG NO.6, TUGU UTARA, KEC. CISARUA, KABUPATEN BOGOR, JAWA BARAT 16750","ID_PROV":"32","PROVINSI":"JAWA BARAT","ID_KABKOT":"32.01","KABKOT":"BOGOR","ID_KEC":"32.01.25","KECAMATAN":"CISARUA","ID_DESA":"32.01.25.2009","DESA":"TUGU UTARA","LONGITUDE":106.9543247,"LATITUDE":-6.6832055,"STATUS":"BUKA","TANGGAL UPDATE":"27/02/2025","TANGGAL PENGUMPULAN":"Q4 2023","q":27465,"r":-15222}},{"type":"Feature","geometry":{"coordinates":[106.7597336,-6.478271],"type":"Point"},"properties":{"NAMA":"WARUNG SEBLAK DOWER","TIPE_1":"MAKANAN DAN MINUMAN","TIPE_2":"RESTORAN","TIPE_3":"NASI GORENG","TELEPON":"0896-0643-8289","ALAMAT":"VILLA JAJA MIHARJA, TAJURHALANG, KEC. TAJUR HALANG, KABUPATEN BOGOR, JAWA BARAT 16320","ID_PROV":"32","PROVINSI":"JAWA BARAT","ID_KABKOT":"32.01","KABKOT":"BOGOR","ID_KEC":"32.01.37","KECAMATAN":"TAJURHALANG","ID_DESA":"32.01.37.2001","DESA":"TAJURHALANG","LONGITUDE":106.7597336,"LATITUDE":-6.478271,"STATUS":"BUKA","TANGGAL UPDATE":"27/02/2025","TANGGAL PENGUMPULAN":"Q4 2023","q":27415,"r":-15151}},{"type":"Feature","geometry":{"coordinates":[106.7565644,-6.6114252],"type":"Point"},"properties":{"NAMA":"AYAM BAKAR BU TITA","TIPE_1":"MAKANAN DAN MINUMAN","TIPE_2":"RESTORAN","TIPE_3":"NASI GORENG","TELEPON":"0813-1762-4331","ALAMAT":"JL. GN. JAYAWIJAYA II NO.1, PAGELARAN, KEC. CIOMAS, KABUPATEN BOGOR, JAWA BARAT 16610","ID_PROV":"32","PROVINSI":"JAWA BARAT","ID_KABKOT":"32.01","KABKOT":"BOGOR","ID_KEC":"32.01.29","KECAMATAN":"CIOMAS","ID_DESA":"32.01.29.2006","DESA":"PAGELARAN","LONGITUDE":106.7565644,"LATITUDE":-6.6114252,"STATUS":"BUKA","TANGGAL UPDATE":"27/02/2025","TANGGAL PENGUMPULAN":"Q4 2023","q":27414,"r":-15181}},{"type":"Feature","geometry":{"coordinates":[106.7636925,-6.6064087],"type":"Point"},"properties":{"NAMA":"AYAM KREMES BREKELE","TIPE_1":"MAKANAN DAN MINUMAN","TIPE_2":"RESTORAN","TIPE_3":"NASI GORENG","TELEPON":"0812-8856-5891","ALAMAT":"JL. NUANSA INDAH CIOMAS, PAGELARAN, KEC. CIOMAS, KABUPATEN BOGOR, JAWA BARAT 16610","ID_PROV":"32","PROVINSI":"JAWA BARAT","ID_KABKOT":"32.01","KABKOT":"BOGOR","ID_KEC":"32.01.29","KECAMATAN":"CIOMAS","ID_DESA":"32.01.29.2006","DESA":"PAGELARAN","LONGITUDE":106.7636925,"LATITUDE":-6.6064087,"STATUS":"BUKA","TANGGAL UPDATE":"27/02/2025","TANGGAL PENGUMPULAN":"Q4 2023","q":27416,"r":-15181}},{"type":"Feature","geometry":{"coordinates":[107.034515,-6.4619176],"type":"Point"},"properties":{"NAMA":"NASI GORENG PANPORA","TIPE_1":"MAKANAN DAN MINUMAN","TIPE_2":"RESTORAN","TIPE_3":"NASI GORENG","TELEPON":"","ALAMAT":"JL. CITRA INDAH NO.17, SINGASARI, KEC. JONGGOL, KABUPATEN BOGOR, JAWA BARAT 16830","ID_PROV":"32","PROVINSI":"JAWA BARAT","ID_KABKOT":"32.01","KABKOT":"BOGOR","ID_KEC":"32.01.06","KECAMATAN":"JONGGOL","ID_DESA":"32.01.06.2003","DESA":"SINGAJAYA","LONGITUDE":107.034515,"LATITUDE":-6.4619176,"STATUS":"BUKA","TANGGAL UPDATE":"27/02/2025","TANGGAL PENGUMPULAN":"Q4 2023","q":27486,"r":-15183}},{"type":"Feature","geometry":{"coordinates":[106.80358109999999,-6.5169421],"type":"Point"},"properties":{"NAMA":"NASI GORENG RINDU PYK 57","TIPE_1":"MAKANAN DAN MINUMAN","TIPE_2":"RESTORAN","TIPE_3":"NASI GORENG","TELEPON":"0817-440-400","ALAMAT":"PERUM BUMI PERTIWI II BLOK FH10, RT./RW/RW.002/014, CILEBUT TIM., KEC. SUKARAJA, KABUPATEN BOGOR, JAWA BARAT 16710","ID_PROV":"32","PROVINSI":"JAWA BARAT","ID_KABKOT":"32.01","KABKOT":"BOGOR","ID_KEC":"32.01.04","KECAMATAN":"SUKARAJA","ID_DESA":"32.01.04.2002","DESA":"CILEBUT TIMUR","LONGITUDE":106.8035811,"LATITUDE":-6.5169421,"STATUS":"BUKA","TANGGAL UPDATE":"27/02/2025","TANGGAL PENGUMPULAN":"Q4 2023","q":27426,"r":-15166}},{"type":"Feature","geometry":{"coordinates":[106.7591207,-6.5485211],"type":"Point"},"properties":{"NAMA":"NASI GORENG GILA (ATS)","TIPE_1":"MAKANAN DAN MINUMAN","TIPE_2":"RESTORAN","TIPE_3":"NASI GORENG","TELEPON":"0838-1140-1269","ALAMAT":"JL. ATANG SENJAYA NO.371, RT.04/RW.09, SEMPLAK, KEC. BOGOR BAR., KOTA BOGOR, JAWA BARAT 16114","ID_PROV":"32","PROVINSI":"JAWA BARAT","ID_KABKOT":"32.01","KABKOT":"BOGOR","ID_KEC":"32.01.12","KECAMATAN":"KEMANG","ID_DESA":"32.01.12.1006","DESA":"ATANG SENJAYA","LONGITUDE":106.7591207,"LATITUDE":-6.5485211,"STATUS":"BUKA","TANGGAL UPDATE":"27/02/2025","TANGGAL PENGUMPULAN":"Q4 2023","q":27415,"r":-15167}},{"type":"Feature","geometry":{"coordinates":[106.79573,-6.5145319],"type":"Point"},"properties":{"NAMA":"NASI GORENG SURYA BATUGEDE","TIPE_1":"MAKANAN DAN MINUMAN","TIPE_2":"RESTORAN","TIPE_3":"NASI GORENG","TELEPON":"0813-8229-9847","ALAMAT":"JL. BATU GEDE, CILEBUT BAR., KEC. SUKARAJA, KABUPATEN BOGOR, JAWA BARAT 16710","ID_PROV":"32","PROVINSI":"JAWA BARAT","ID_KABKOT":"32.01","KABKOT":"BOGOR","ID_KEC":"32.01.04","KECAMATAN":"SUKARAJA","ID_DESA":"32.01.04.2003","DESA":"CILEBUT BARAT","LONGITUDE":106.79573,"LATITUDE":-6.5145319,"STATUS":"BUKA","TANGGAL UPDATE":"27/02/2025","TANGGAL PENGUMPULAN":"Q4 2023","q":27424,"r":-15164}},{"type":"Feature","geometry":{"coordinates":[106.796795,-6.5313236],"type":"Point"},"properties":{"NAMA":"WARUNG NASI GORENG KHAS TEGAL SEDAP MALAM","TIPE_1":"MAKANAN DAN MINUMAN","TIPE_2":"RESTORAN","TIPE_3":"NASI GORENG","TELEPON":"0822-0828-3167","ALAMAT":"JL. PENDIDIKAN NO.55, RT.01/RW.03, MEKARWANGI, KEC. TANAH SEREAL, KOTA BOGOR, JAWA BARAT 16168","ID_PROV":"32","PROVINSI":"JAWA BARAT","ID_KABKOT":"32.01","KABKOT":"BOGOR","ID_KEC":"32.01.04","KECAMATAN":"SUKARAJA","ID_DESA":"32.01.04.2003","DESA":"CILEBUT BARAT","LONGITUDE":106.796795,"LATITUDE":-6.5313236,"STATUS":"BUKA","TANGGAL UPDATE":"27/02/2025","TANGGAL PENGUMPULAN":"Q4 2023","q":27425,"r":-15168}},{"type":"Feature","geometry":{"coordinates":[106.7661693,-6.6022222],"type":"Point"},"properties":{"NAMA":"NASI GORENG GILA RAHAYU","TIPE_1":"MAKANAN DAN MINUMAN","TIPE_2":"RESTORAN","TIPE_3":"NASI GORENG","TELEPON":"0877-3001-3530","ALAMAT":"JL. RAYA CIOMAS NO.352, CIOMAS RAHAYU, KEC. CIOMAS, KABUPATEN BOGOR, JAWA BARAT 16610","ID_PROV":"32","PROVINSI":"JAWA BARAT","ID_KABKOT":"32.01","KABKOT":"BOGOR","ID_KEC":"32.01.29","KECAMATAN":"CIOMAS","ID_DESA":"32.01.29.2011","DESA":"CIOMAS RAHAYU","LONGITUDE":106.7661693,"LATITUDE":-6.6022222,"STATUS":"BUKA","TANGGAL UPDATE":"27/02/2025","TANGGAL PENGUMPULAN":"Q4 2023","q":27417,"r":-15180}},{"type":"Feature","geometry":{"coordinates":[106.9102902,-6.4389283],"type":"Point"},"properties":{"NAMA":"NASI GORENG GILA MAS DAFA","TIPE_1":"MAKANAN DAN MINUMAN","TIPE_2":"RESTORAN","TIPE_3":"NASI GORENG","TELEPON":"0838-1992-1061","ALAMAT":"JL. GRIYA BUKIT JAYA, TLAJUNG UDIK, KEC. GN. PUTRI, KABUPATEN BOGOR, JAWA BARAT 16962","ID_PROV":"32","PROVINSI":"JAWA BARAT","ID_KABKOT":"32.01","KABKOT":"BOGOR","ID_KEC":"32.01.02","KECAMATAN":"GUNUNG PUTRI","ID_DESA":"32.01.02.2006","DESA":"TLAJUNG UDIK","LONGITUDE":106.9102902,"LATITUDE":-6.4389283,"STATUS":"BUKA","TANGGAL UPDATE":"27/02/2025","TANGGAL PENGUMPULAN":"Q4 2023","q":27454,"r":-15162}},{"type":"Feature","geometry":{"coordinates":[106.9383078,-6.3987298],"type":"Point"},"properties":{"NAMA":"NASI GORENG MAS UDIN SEDUNIA","TIPE_1":"MAKANAN DAN MINUMAN","TIPE_2":"RESTORAN","TIPE_3":"NASI GORENG","TELEPON":"","ALAMAT":"CIKEAS UDIK, KEC. GN. PUTRI, KABUPATEN BOGOR, JAWA BARAT 16966","ID_PROV":"32","PROVINSI":"JAWA BARAT","ID_KABKOT":"32.01","KABKOT":"BOGOR","ID_KEC":"32.01.02","KECAMATAN":"GUNUNG PUTRI","ID_DESA":"32.01.02.2008","DESA":"CIKEAS UDIK","LONGITUDE":106.9383078,"LATITUDE":-6.3987298,"STATUS":"BUKA","TANGGAL UPDATE":"27/02/2025","TANGGAL PENGUMPULAN":"Q4 2023","q":27461,"r":-15157}},{"type":"Feature","geometry":{"coordinates":[106.9398032,-6.4171221],"type":"Point"},"properties":{"NAMA":"NASI GORENG MAS IPAY","TIPE_1":"MAKANAN DAN MINUMAN","TIPE_2":"RESTORAN","TIPE_3":"NASI GORENG","TELEPON":"0877-2351-3062","ALAMAT":"JL. MELATI, WANAHERANG, KEC. GN. PUTRI, KABUPATEN BOGOR, JAWA BARAT 16965","ID_PROV":"32","PROVINSI":"JAWA BARAT","ID_KABKOT":"32.01","KABKOT":"BOGOR","ID_KEC":"32.01.02","KECAMATAN":"GUNUNG PUTRI","ID_DESA":"32.01.02.2001","DESA":"WANAHERANG","LONGITUDE":106.9398032,"LATITUDE":-6.4171221,"STATUS":"BUKA","TANGGAL UPDATE":"27/02/2025","TANGGAL PENGUMPULAN":"Q4 2023","q":27461,"r":-15161}},{"type":"Feature","geometry":{"coordinates":[106.67042389999999,-6.367889],"type":"Point"},"properties":{"NAMA":"NASI GORENG MAS BAGONG","TIPE_1":"MAKANAN DAN MINUMAN","TIPE_2":"RESTORAN","TIPE_3":"NASI GORENG","TELEPON":"0856-9550-7042","ALAMAT":"JL. GOTONG ROYONG NO.I, PABUARAN, KEC. GN. SINDUR, KABUPATEN BOGOR, JAWA BARAT 16340","ID_PROV":"32","PROVINSI":"JAWA BARAT","ID_KABKOT":"32.01","KABKOT":"BOGOR","ID_KEC":"32.01.11","KECAMATAN":"GUNUNG SINDUR","ID_DESA":"32.01.11.2010","DESA":"PABUARAN","LONGITUDE":106.6704239,"LATITUDE":-6.367889,"STATUS":"BUKA","TANGGAL UPDATE":"27/02/2025","TANGGAL PENGUMPULAN":"Q4 2023","q":27392,"r":-15115}},{"type":"Feature","geometry":{"coordinates":[106.7230369,-6.3908966],"type":"Point"},"properties":{"NAMA":"NASI GORENG MAS PUR","TIPE_1":"MAKANAN DAN MINUMAN","TIPE_2":"RESTORAN","TIPE_3":"NASI GORENG","TELEPON":"0857-7212-8581","ALAMAT":"VILA GADING PERMATA, CURUG, KEC. GN. SINDUR, KABUPATEN BOGOR, JAWA BARAT 16340","ID_PROV":"32","PROVINSI":"JAWA BARAT","ID_KABKOT":"32.01","KABKOT":"BOGOR","ID_KEC":"32.01.11","KECAMATAN":"GUNUNG SINDUR","ID_DESA":"32.01.11.2004","DESA":"CURUG","LONGITUDE":106.7230369,"LATITUDE":-6.3908966,"STATUS":"BUKA","TANGGAL UPDATE":"27/02/2025","TANGGAL PENGUMPULAN":"Q4 2023","q":27406,"r":-15127}},{"type":"Feature","geometry":{"coordinates":[106.9226188,-6.4301947],"type":"Point"},"properties":{"NAMA":"NASI GORENG GILA DEN MAS NGARSO","TIPE_1":"MAKANAN DAN MINUMAN","TIPE_2":"RESTORAN","TIPE_3":"NASI GORENG","TELEPON":"0858-8180-8981","ALAMAT":"CICADAS, KEC. GN. PUTRI, KABUPATEN BOGOR, JAWA BARAT 16964","ID_PROV":"32","PROVINSI":"JAWA BARAT","ID_KABKOT":"32.01","KABKOT":"BOGOR","ID_KEC":"32.01.02","KECAMATAN":"GUNUNG PUTRI","ID_DESA":"32.01.02.2007","DESA":"CICADAS","LONGITUDE":106.9226188,"LATITUDE":-6.4301947,"STATUS":"BUKA","TANGGAL UPDATE":"27/02/2025","TANGGAL PENGUMPULAN":"Q4 2023","q":27457,"r":-15162}},{"type":"Feature","geometry":{"coordinates":[106.90959679999999,-6.4442628],"type":"Point"},"properties":{"NAMA":"NASI GORENG MAS YONGKI","TIPE_1":"MAKANAN DAN MINUMAN","TIPE_2":"RESTORAN","TIPE_3":"NASI GORENG","TELEPON":"","ALAMAT":"BELAKANG KOLAM RENANG NO.GBJ, TLAJUNG UDIK, KEC. GN. PUTRI, KABUPATEN BOGOR, JAWA BARAT 16962","ID_PROV":"32","PROVINSI":"JAWA BARAT","ID_KABKOT":"32.01","KABKOT":"BOGOR","ID_KEC":"32.01.02","KECAMATAN":"GUNUNG PUTRI","ID_DESA":"32.01.02.2006","DESA":"TLAJUNG UDIK","LONGITUDE":106.9095968,"LATITUDE":-6.4442628,"STATUS":"BUKA","TANGGAL UPDATE":"27/02/2025","TANGGAL PENGUMPULAN":"Q4 2023","q":27454,"r":-15163}},{"type":"Feature","geometry":{"coordinates":[106.5856041,-6.4334851],"type":"Point"},"properties":{"NAMA":"NASI GORENG","TIPE_1":"MAKANAN DAN MINUMAN","TIPE_2":"RESTORAN","TIPE_3":"NASI GORENG","TELEPON":"","ALAMAT":"JL. SUDA MALIK, BATU JAJAR, KEC. CIGUDEG, KABUPATEN BOGOR, JAWA BARAT 16660","ID_PROV":"32","PROVINSI":"JAWA BARAT","ID_KABKOT":"32.01","KABKOT":"BOGOR","ID_KEC":"32.01.22","KECAMATAN":"CIGUDEG","ID_DESA":"32.01.22.2009","DESA":"BATUJAJAR","LONGITUDE":106.5856041,"LATITUDE":-6.4334851,"STATUS":"BUKA","TANGGAL UPDATE":"27/02/2025","TANGGAL PENGUMPULAN":"Q4 2023","q":27371,"r":-15119}},{"type":"Feature","geometry":{"coordinates":[106.81962329999999,-6.4872418],"type":"Point"},"properties":{"NAMA":"NASI GORENG BANG ABU NAWAS","TIPE_1":"MAKANAN DAN MINUMAN","TIPE_2":"RESTORAN","TIPE_3":"NASI GORENG","TELEPON":"0897-0001-460","ALAMAT":"JL. KP. PAJELERAN GN. NO.22, SUKAHATI, KEC. CIBINONG, KABUPATEN BOGOR, JAWA BARAT 16913","ID_PROV":"32","PROVINSI":"JAWA BARAT","ID_KABKOT":"32.01","KABKOT":"BOGOR","ID_KEC":"32.01.01","KECAMATAN":"CIBINONG","ID_DESA":"32.01.01.1009","DESA":"SUKAHATI","LONGITUDE":106.8196233,"LATITUDE":-6.4872418,"STATUS":"BUKA","TANGGAL UPDATE":"27/02/2025","TANGGAL PENGUMPULAN":"Q4 2023","q":27431,"r":-15161}},{"type":"Feature","geometry":{"coordinates":[106.7631793,-6.612484],"type":"Point"},"properties":{"NAMA":"NASI GORENG PAK' E RYBI","TIPE_1":"MAKANAN DAN MINUMAN","TIPE_2":"RESTORAN","TIPE_3":"NASI GORENG","TELEPON":"0857-7717-5011","ALAMAT":"SD N 5, PAGELARAN, KEC. CIOMAS, KABUPATEN BOGOR, JAWA BARAT 16610","ID_PROV":"32","PROVINSI":"JAWA BARAT","ID_KABKOT":"32.01","KABKOT":"BOGOR","ID_KEC":"32.01.29","KECAMATAN":"CIOMAS","ID_DESA":"32.01.29.2006","DESA":"PAGELARAN","LONGITUDE":106.7631793,"LATITUDE":-6.612484,"STATUS":"BUKA","TANGGAL UPDATE":"27/02/2025","TANGGAL PENGUMPULAN":"Q4 2023","q":27416,"r":-15182}},{"type":"Feature","geometry":{"coordinates":[106.82666289999999,-6.5430157],"type":"Point"},"properties":{"NAMA":"NASI GORENG SPECIAL PAK KETU","TIPE_1":"MAKANAN DAN MINUMAN","TIPE_2":"RESTORAN","TIPE_3":"NASI GORENG","TELEPON":"0882-1117-11113","ALAMAT":"JL. RAYA JAKARTA-BOGOR NO.5, KP. PARUNG JAMBU, CIJUJUNG, KEC. SUKARAJA, KABUPATEN BOGOR, JAWA BARAT 16710","ID_PROV":"32","PROVINSI":"JAWA BARAT","ID_KABKOT":"32.01","KABKOT":"BOGOR","ID_KEC":"32.01.04","KECAMATAN":"SUKARAJA","ID_DESA":"32.01.04.2011","DESA":"CIJUJUNG","LONGITUDE":106.8266629,"LATITUDE":-6.5430157,"STATUS":"BUKA","TANGGAL UPDATE":"27/02/2025","TANGGAL PENGUMPULAN":"Q4 2023","q":27432,"r":-15174}},{"type":"Feature","geometry":{"coordinates":[106.777726,-6.6323355],"type":"Point"},"properties":{"NAMA":"NASI GORENG ASKUN (WA ADINBOY)","TIPE_1":"MAKANAN DAN MINUMAN","TIPE_2":"RESTORAN","TIPE_3":"NASI GORENG","TELEPON":"0895-3471-22947","ALAMAT":"PUSDIK INTEL, JL. RAYA CIAPUS NO.43-76, KOTA BATU, KEC. CIOMAS, KABUPATEN BOGOR, JAWA BARAT 16610","ID_PROV":"32","PROVINSI":"JAWA BARAT","ID_KABKOT":"32.01","KABKOT":"BOGOR","ID_KEC":"32.01.31","KECAMATAN":"TAMANSARI","ID_DESA":"32.01.31.2002","DESA":"SIRNAGALIH","LONGITUDE":106.777726,"LATITUDE":-6.6323355,"STATUS":"BUKA","TANGGAL UPDATE":"27/02/2025","TANGGAL PENGUMPULAN":"Q4 2023","q":27420,"r":-15188}},{"type":"Feature","geometry":{"coordinates":[106.8079189,-6.474502],"type":"Point"},"properties":{"NAMA":"NASI GORENG TIGA PUTRA","TIPE_1":"MAKANAN DAN MINUMAN","TIPE_2":"RESTORAN","TIPE_3":"NASI GORENG","TELEPON":"0878-8194-1650","ALAMAT":"JL. KINCIR AIR, RT.01/RW.03, BOJONG BARU, KECAMATAN BOJONGGEDE, KABUPATEN BOGOR, JAWA BARAT 16920","ID_PROV":"32","PROVINSI":"JAWA BARAT","ID_KABKOT":"32.01","KABKOT":"BOGOR","ID_KEC":"32.01.13","KECAMATAN":"BOJONG GEDE","ID_DESA":"32.01.13.2001","DESA":"BOJONGBARU","LONGITUDE":106.8079189,"LATITUDE":-6.474502,"STATUS":"BUKA","TANGGAL UPDATE":"27/02/2025","TANGGAL PENGUMPULAN":"Q4 2023","q":27428,"r":-15157}},{"type":"Feature","geometry":{"coordinates":[106.8790894,-6.502847],"type":"Point"},"properties":{"NAMA":"NASI GORENG MAS PRABU ALANG ALANG SUKAHATI","TIPE_1":"MAKANAN DAN MINUMAN","TIPE_2":"RESTORAN","TIPE_3":"NASI GORENG","TELEPON":"","ALAMAT":"JL. PANGERAN SAMIAJI NO.5, SUKAHATI, KEC. CITEUREUP, KABUPATEN BOGOR, JAWA BARAT 16810","ID_PROV":"32","PROVINSI":"JAWA BARAT","ID_KABKOT":"32.01","KABKOT":"BOGOR","ID_KEC":"32.01.03","KECAMATAN":"CITEUREUP","ID_DESA":"32.01.03.2012","DESA":"SUKAHATI","LONGITUDE":106.8790894,"LATITUDE":-6.502847,"STATUS":"BUKA","TANGGAL UPDATE":"27/02/2025","TANGGAL PENGUMPULAN":"Q4 2023","q":27446,"r":-15172}},{"type":"Feature","geometry":{"coordinates":[106.8529011,-6.6080052],"type":"Point"},"properties":{"NAMA":"NASI GORENG","TIPE_1":"MAKANAN DAN MINUMAN","TIPE_2":"RESTORAN","TIPE_3":"NASI GORENG","TELEPON":"0812-9550-1365","ALAMAT":"JL. RAYA CIBEDUG TENGAH, NAGRAK, KEC. SUKARAJA, KABUPATEN BOGOR, JAWA BARAT 16710","ID_PROV":"32","PROVINSI":"JAWA BARAT","ID_KABKOT":"32.01","KABKOT":"BOGOR","ID_KEC":"32.01.04","KECAMATAN":"SUKARAJA","ID_DESA":"32.01.04.2005","DESA":"NAGRAK","LONGITUDE":106.8529011,"LATITUDE":-6.6080052,"STATUS":"BUKA","TANGGAL UPDATE":"27/02/2025","TANGGAL PENGUMPULAN":"Q4 2023","q":27439,"r":-15192}},{"type":"Feature","geometry":{"coordinates":[106.8381649,-6.474994],"type":"Point"},"properties":{"NAMA":"NASI GORENG & BAKMI GODOG RAOS ECHO","TIPE_1":"MAKANAN DAN MINUMAN","TIPE_2":"RESTORAN","TIPE_3":"NASI GORENG","TELEPON":"0896-3738-3803","ALAMAT":"JL. M. TOHA CURUG PERUMAHAN KAVLING CURUG 1 NO.6, RT.3/RW.03, PAKANSARI, KEC. CIBINONG, KABUPATEN BOGOR, JAWA BARAT 16915","ID_PROV":"32","PROVINSI":"JAWA BARAT","ID_KABKOT":"32.01","KABKOT":"BOGOR","ID_KEC":"32.01.01","KECAMATAN":"CIBINONG","ID_DESA":"32.01.01.1007","DESA":"PAKANSARI","LONGITUDE":106.8381649,"LATITUDE":-6.474994,"STATUS":"BUKA","TANGGAL UPDATE":"27/02/2025","TANGGAL PENGUMPULAN":"Q4 2023","q":27435,"r":-15161}},{"type":"Feature","geometry":{"coordinates":[106.8528957,-6.5485685],"type":"Point"},"properties":{"NAMA":"NASI GORENG SEKAR WANGI","TIPE_1":"MAKANAN DAN MINUMAN","TIPE_2":"RESTORAN","TIPE_3":"NASI GORENG","TELEPON":"","ALAMAT":"JL. NANGKA, KADUMANGU, KEC. BABAKAN MADANG, KABUPATEN BOGOR, JAWA BARAT 16810","ID_PROV":"32","PROVINSI":"JAWA BARAT","ID_KABKOT":"32.01","KABKOT":"BOGOR","ID_KEC":"32.01.05","KECAMATAN":"BABAKAN MADANG","ID_DESA":"32.01.05.2006","DESA":"KADUMANGGU","LONGITUDE":106.8528957,"LATITUDE":-6.5485685,"STATUS":"BUKA","TANGGAL UPDATE":"27/02/2025","TANGGAL PENGUMPULAN":"Q4 2023","q":27439,"r":-15179}},{"type":"Feature","geometry":{"coordinates":[106.8345917,-6.5065164],"type":"Point"},"properties":{"NAMA":"PAWON NASI GORENG","TIPE_1":"MAKANAN DAN MINUMAN","TIPE_2":"RESTORAN","TIPE_3":"NASI GORENG","TELEPON":"","ALAMAT":"JL. BINTANG MAS, NANGGEWER, KEC. CIBINONG, KABUPATEN BOGOR, JAWA BARAT 16912","ID_PROV":"32","PROVINSI":"JAWA BARAT","ID_KABKOT":"32.01","KABKOT":"BOGOR","ID_KEC":"32.01.01","KECAMATAN":"CIBINONG","ID_DESA":"32.01.01.1004","DESA":"NANGGEWER","LONGITUDE":106.8345917,"LATITUDE":-6.5065164,"STATUS":"BUKA","TANGGAL UPDATE":"27/02/2025","TANGGAL PENGUMPULAN":"Q4 2023","q":27434,"r":-15167}},{"type":"Feature","geometry":{"coordinates":[106.6957419,-6.5556075],"type":"Point"},"properties":{"NAMA":"NASI GORENG GILA MANG OCID","TIPE_1":"MAKANAN DAN MINUMAN","TIPE_2":"RESTORAN","TIPE_3":"NASI GORENG","TELEPON":"0858-8099-969","ALAMAT":"BOJONG RANGKAS, KEC. CIAMPEA, KABUPATEN BOGOR, JAWA BARAT 16620","ID_PROV":"32","PROVINSI":"JAWA BARAT","ID_KABKOT":"32.01","KABKOT":"BOGOR","ID_KEC":"32.01.15","KECAMATAN":"CIAMPEA","ID_DESA":"32.01.15.2009","DESA":"BOJONGRANGKAS","LONGITUDE":106.6957419,"LATITUDE":-6.5556075,"STATUS":"BUKA","TANGGAL UPDATE":"27/02/2025","TANGGAL PENGUMPULAN":"Q4 2023","q":27399,"r":-15160}},{"type":"Feature","geometry":{"coordinates":[106.8987196,-6.4578091],"type":"Point"},"properties":{"NAMA":"NASI GORENG 99","TIPE_1":"MAKANAN DAN MINUMAN","TIPE_2":"RESTORAN","TIPE_3":"NASI GORENG","TELEPON":"","ALAMAT":"JALAN RAYA GG. TEMPE NO.4, RT.4/RW.9, GN. PUTRI, KEC. GN. PUTRI, KABUPATEN BOGOR, JAWA BARAT 16961","ID_PROV":"32","PROVINSI":"JAWA BARAT","ID_KABKOT":"32.01","KABKOT":"BOGOR","ID_KEC":"32.01.02","KECAMATAN":"GUNUNG PUTRI","ID_DESA":"32.01.02.2004","DESA":"GUNUNG PUTRI","LONGITUDE":106.8987196,"LATITUDE":-6.4578091,"STATUS":"BUKA","TANGGAL UPDATE":"27/02/2025","TANGGAL PENGUMPULAN":"Q4 2023","q":27451,"r":-15165}},{"type":"Feature","geometry":{"coordinates":[106.8447298,-6.4910145],"type":"Point"},"properties":{"NAMA":"NASI GORENG","TIPE_1":"MAKANAN DAN MINUMAN","TIPE_2":"RESTORAN","TIPE_3":"NASI GORENG","TELEPON":"0838-1116-4526","ALAMAT":"JL. RAYA BOGOR NO.KM 46, PAKANSARI, KEC. CIBINONG, KABUPATEN BOGOR, JAWA BARAT 16915","ID_PROV":"32","PROVINSI":"JAWA BARAT","ID_KABKOT":"32.01","KABKOT":"BOGOR","ID_KEC":"32.01.01","KECAMATAN":"CIBINONG","ID_DESA":"32.01.01.1007","DESA":"PAKANSARI","LONGITUDE":106.8447298,"LATITUDE":-6.4910145,"STATUS":"BUKA","TANGGAL UPDATE":"27/02/2025","TANGGAL PENGUMPULAN":"Q4 2023","q":27437,"r":-15165}},{"type":"Feature","geometry":{"coordinates":[106.69703039999999,-6.5544239],"type":"Point"},"properties":{"NAMA":"NASI GORENG PAK KUMIS (MERCHANT SHOPEE FOOD PARTNER)","TIPE_1":"MAKANAN DAN MINUMAN","TIPE_2":"RESTORAN","TIPE_3":"NASI GORENG","TELEPON":"0857-1654-9663","ALAMAT":"DEKAT AR.STORE, JL. WR. BORONG, BOJONG RANGKAS, KEC. CIAMPEA, KABUPATEN BOGOR, JAWA BARAT 16620","ID_PROV":"32","PROVINSI":"JAWA BARAT","ID_KABKOT":"32.01","KABKOT":"BOGOR","ID_KEC":"32.01.15","KECAMATAN":"CIAMPEA","ID_DESA":"32.01.15.2009","DESA":"BOJONGRANGKAS","LONGITUDE":106.6970304,"LATITUDE":-6.5544239,"STATUS":"BUKA","TANGGAL UPDATE":"27/02/2025","TANGGAL PENGUMPULAN":"Q4 2023","q":27399,"r":-15160}},{"type":"Feature","geometry":{"coordinates":[106.8908087,-6.5001868],"type":"Point"},"properties":{"NAMA":"NASI GORENG PUTRA PANCA BREBES","TIPE_1":"MAKANAN DAN MINUMAN","TIPE_2":"RESTORAN","TIPE_3":"NASI GORENG","TELEPON":"0888-1846-462","ALAMAT":"JL. TARI KOLOT NO.49, TARIKOLOT, KEC. CITEUREUP, KABUPATEN BOGOR, JAWA BARAT 16810","ID_PROV":"32","PROVINSI":"JAWA BARAT","ID_KABKOT":"32.01","KABKOT":"BOGOR","ID_KEC":"32.01.03","KECAMATAN":"CITEUREUP","ID_DESA":"32.01.03.2009","DESA":"TARIKOLOT","LONGITUDE":106.8908087,"LATITUDE":-6.5001868,"STATUS":"BUKA","TANGGAL UPDATE":"27/02/2025","TANGGAL PENGUMPULAN":"Q4 2023","q":27449,"r":-15173}},{"type":"Feature","geometry":{"coordinates":[106.802253,-6.5379024],"type":"Point"},"properties":{"NAMA":"NASI GORENG AL IKLAS CAB MAJENANG","TIPE_1":"MAKANAN DAN MINUMAN","TIPE_2":"RESTORAN","TIPE_3":"NASI GORENG","TELEPON":"0821-1011-9250","ALAMAT":"JL. BUMI PERTIWI RAYA NO.6, CILEBUT TIM., KEC. SUKARAJA, KABUPATEN BOGOR, JAWA BARAT 16710","ID_PROV":"32","PROVINSI":"JAWA BARAT","ID_KABKOT":"32.01","KABKOT":"BOGOR","ID_KEC":"32.01.04","KECAMATAN":"SUKARAJA","ID_DESA":"32.01.04.2002","DESA":"CILEBUT TIMUR","LONGITUDE":106.802253,"LATITUDE":-6.5379024,"STATUS":"BUKA","TANGGAL UPDATE":"27/02/2025","TANGGAL PENGUMPULAN":"Q4 2023","q":27426,"r":-15170}},{"type":"Feature","geometry":{"coordinates":[106.8118884,-6.4945677],"type":"Point"},"properties":{"NAMA":"NASI GORENG","TIPE_1":"MAKANAN DAN MINUMAN","TIPE_2":"RESTORAN","TIPE_3":"NASI GORENG","TELEPON":"","ALAMAT":"SUKAHATI, KEC. CIBINONG, KABUPATEN BOGOR, JAWA BARAT 16913","ID_PROV":"32","PROVINSI":"JAWA BARAT","ID_KABKOT":"32.01","KABKOT":"BOGOR","ID_KEC":"32.01.01","KECAMATAN":"CIBINONG","ID_DESA":"32.01.01.1009","DESA":"SUKAHATI","LONGITUDE":106.8118884,"LATITUDE":-6.4945677,"STATUS":"BUKA","TANGGAL UPDATE":"27/02/2025","TANGGAL PENGUMPULAN":"Q4 2023","q":27429,"r":-15162}},{"type":"Feature","geometry":{"coordinates":[106.8436418,-6.474576],"type":"Point"},"properties":{"NAMA":"NASI GORENG MAS DOEL","TIPE_1":"MAKANAN DAN MINUMAN","TIPE_2":"RESTORAN","TIPE_3":"NASI GORENG","TELEPON":"0877-7074-7522","ALAMAT":"JL. RAYA CIKARET NO.45, PABUARAN, KEC. CIBINONG, KABUPATEN BOGOR, JAWA BARAT 16914","ID_PROV":"32","PROVINSI":"JAWA BARAT","ID_KABKOT":"32.01","KABKOT":"BOGOR","ID_KEC":"32.01.01","KECAMATAN":"CIBINONG","ID_DESA":"32.01.01.1012","DESA":"PABUARAN","LONGITUDE":106.8436418,"LATITUDE":-6.474576,"STATUS":"BUKA","TANGGAL UPDATE":"27/02/2025","TANGGAL PENGUMPULAN":"Q4 2023","q":27437,"r":-15161}},{"type":"Feature","geometry":{"coordinates":[107.0468696,-6.5197506],"type":"Point"},"properties":{"NAMA":"NASI GORENG JEMBATAN","TIPE_1":"MAKANAN DAN MINUMAN","TIPE_2":"RESTORAN","TIPE_3":"NASI GORENG","TELEPON":"0857-7850-5987","ALAMAT":"SUKANEGARA, KEC. JONGGOL, KABUPATEN BOGOR, JAWA BARAT 16830","ID_PROV":"32","PROVINSI":"JAWA BARAT","ID_KABKOT":"32.01","KABKOT":"BOGOR","ID_KEC":"32.01.06","KECAMATAN":"JONGGOL","ID_DESA":"32.01.06.2005","DESA":"SUKANEGARA","LONGITUDE":107.0468696,"LATITUDE":-6.5197506,"STATUS":"BUKA","TANGGAL UPDATE":"27/02/2025","TANGGAL PENGUMPULAN":"Q4 2023","q":27489,"r":-15198}},{"type":"Feature","geometry":{"coordinates":[106.7542944,-6.6014597],"type":"Point"},"properties":{"NAMA":"NASI GORENG KANG ACUNK","TIPE_1":"MAKANAN DAN MINUMAN","TIPE_2":"RESTORAN","TIPE_3":"NASI GORENG","TELEPON":"0858-1058-2333","ALAMAT":"GG. BARU JL. RAYA CIAPUS NO.12/02, CIAPUS, KECAMATAN BOGOR TENGAH, KABUPATEN BOGOR, JAWA BARAT 16121","ID_PROV":"32","PROVINSI":"JAWA BARAT","ID_KABKOT":"32.01","KABKOT":"BOGOR","ID_KEC":"32.01.29","KECAMATAN":"CIOMAS","ID_DESA":"32.01.29.2008","DESA":"CIAPUS","LONGITUDE":106.7542944,"LATITUDE":-6.6014597,"STATUS":"BUKA","TANGGAL UPDATE":"27/02/2025","TANGGAL PENGUMPULAN":"Q4 2023","q":27414,"r":-15178}},{"type":"Feature","geometry":{"coordinates":[106.9639211,-6.4544693],"type":"Point"},"properties":{"NAMA":"NASI GORENG SEDAP MALAM99NAYA","TIPE_1":"MAKANAN DAN MINUMAN","TIPE_2":"RESTORAN","TIPE_3":"NASI GORENG","TELEPON":"0838-9749-5241","ALAMAT":"JALAN RAYA, KLAPANUNGGAL, KEC. KLAPANUNGGAL, KABUPATEN BOGOR, JAWA BARAT 16710","ID_PROV":"32","PROVINSI":"JAWA BARAT","ID_KABKOT":"32.01","KABKOT":"BOGOR","ID_KEC":"32.01.32","KECAMATAN":"KLAPANUNGGAL","ID_DESA":"32.01.32.2005","DESA":"CIKAHURIPAN","LONGITUDE":106.9639211,"LATITUDE":-6.4544693,"STATUS":"BUKA","TANGGAL UPDATE":"27/02/2025","TANGGAL PENGUMPULAN":"Q4 2023","q":27468,"r":-15172}},{"type":"Feature","geometry":{"coordinates":[106.8764216,-6.4954061],"type":"Point"},"properties":{"NAMA":"NASI GORENG MURAH","TIPE_1":"MAKANAN DAN MINUMAN","TIPE_2":"RESTORAN","TIPE_3":"NASI GORENG","TELEPON":"","ALAMAT":"JL. PAHLAWAN, KARANG ASEM TIM., KEC. CITEUREUP, KABUPATEN BOGOR, JAWA BARAT 16810","ID_PROV":"32","PROVINSI":"JAWA BARAT","ID_KABKOT":"32.01","KABKOT":"BOGOR","ID_KEC":"32.01.03","KECAMATAN":"CITEUREUP","ID_DESA":"32.01.03.2008","DESA":"KARANG ASEM TIMUR","LONGITUDE":106.8764216,"LATITUDE":-6.4954061,"STATUS":"BUKA","TANGGAL UPDATE":"27/02/2025","TANGGAL PENGUMPULAN":"Q4 2023","q":27445,"r":-15170}},{"type":"Feature","geometry":{"coordinates":[106.8179176,-6.483229],"type":"Point"},"properties":{"NAMA":"NASI GORENG PAK HADI","TIPE_1":"MAKANAN DAN MINUMAN","TIPE_2":"RESTORAN","TIPE_3":"NASI GORENG","TELEPON":"","ALAMAT":"JL. RAYA SUKAHATI, SUKAHATI, KEC. CIBINONG, KABUPATEN BOGOR, JAWA BARAT 16914","ID_PROV":"32","PROVINSI":"JAWA BARAT","ID_KABKOT":"32.01","KABKOT":"BOGOR","ID_KEC":"32.01.01","KECAMATAN":"CIBINONG","ID_DESA":"32.01.01.1009","DESA":"SUKAHATI","LONGITUDE":106.8179176,"LATITUDE":-6.483229,"STATUS":"BUKA","TANGGAL UPDATE":"27/02/2025","TANGGAL PENGUMPULAN":"Q4 2023","q":27430,"r":-15160}},{"type":"Feature","geometry":{"coordinates":[106.9389978,-6.4163618],"type":"Point"},"properties":{"NAMA":"NASI GORENG SPECIAL MAS KABUEL 'ROHMANI'","TIPE_1":"MAKANAN DAN MINUMAN","TIPE_2":"RESTORAN","TIPE_3":"NASI GORENG","TELEPON":"0878-7053-2381","ALAMAT":"JL. RAYA CIKUDA WANAHERANG NO.15, WANAHERANG, KEC. GN. PUTRI, KABUPATEN BOGOR, JAWA BARAT 16965","ID_PROV":"32","PROVINSI":"JAWA BARAT","ID_KABKOT":"32.01","KABKOT":"BOGOR","ID_KEC":"32.01.02","KECAMATAN":"GUNUNG PUTRI","ID_DESA":"32.01.02.2001","DESA":"WANAHERANG","LONGITUDE":106.9389978,"LATITUDE":-6.4163618,"STATUS":"BUKA","TANGGAL UPDATE":"27/02/2025","TANGGAL PENGUMPULAN":"Q4 2023","q":27461,"r":-15161}},{"type":"Feature","geometry":{"coordinates":[106.9006168,-6.4565598],"type":"Point"},"properties":{"NAMA":"NASI GORENG CIPTA SARI (MAS DORO)","TIPE_1":"MAKANAN DAN MINUMAN","TIPE_2":"RESTORAN","TIPE_3":"NASI GORENG","TELEPON":"","ALAMAT":"JL. RAYA GN. PUTRI NO.15-22, GN. PUTRI, KEC. GN. PUTRI, KABUPATEN BOGOR, JAWA BARAT 16961","ID_PROV":"32","PROVINSI":"JAWA BARAT","ID_KABKOT":"32.01","KABKOT":"BOGOR","ID_KEC":"32.01.02","KECAMATAN":"GUNUNG PUTRI","ID_DESA":"32.01.02.2004","DESA":"GUNUNG PUTRI","LONGITUDE":106.9006168,"LATITUDE":-6.4565598,"STATUS":"BUKA","TANGGAL UPDATE":"27/02/2025","TANGGAL PENGUMPULAN":"Q4 2023","q":27451,"r":-15165}},{"type":"Feature","geometry":{"coordinates":[106.8782844,-6.4680668],"type":"Point"},"properties":{"NAMA":"NASI GORENG SYIFAMAS JENGGOT","TIPE_1":"MAKANAN DAN MINUMAN","TIPE_2":"RESTORAN","TIPE_3":"NASI GORENG","TELEPON":"0818-0499-7952","ALAMAT":"PUSPASARI, KEC. CITEUREUP, KABUPATEN BOGOR, JAWA BARAT 16960","ID_PROV":"32","PROVINSI":"JAWA BARAT","ID_KABKOT":"32.01","KABKOT":"BOGOR","ID_KEC":"32.01.03","KECAMATAN":"CITEUREUP","ID_DESA":"32.01.03.2001","DESA":"PUSPASARI","LONGITUDE":106.8782844,"LATITUDE":-6.4680668,"STATUS":"BUKA","TANGGAL UPDATE":"27/02/2025","TANGGAL PENGUMPULAN":"Q4 2023","q":27446,"r":-15164}},{"type":"Feature","geometry":{"coordinates":[106.9217956,-6.4384596],"type":"Point"},"properties":{"NAMA":"NASI GORENG RESTAURANT","TIPE_1":"MAKANAN DAN MINUMAN","TIPE_2":"RESTORAN","TIPE_3":"NASI GORENG","TELEPON":"","ALAMAT":"CICADAS, KEC. GN. PUTRI, KABUPATEN BOGOR, JAWA BARAT","ID_PROV":"32","PROVINSI":"JAWA BARAT","ID_KABKOT":"32.01","KABKOT":"BOGOR","ID_KEC":"32.01.02","KECAMATAN":"GUNUNG PUTRI","ID_DESA":"32.01.02.2007","DESA":"CICADAS","LONGITUDE":106.9217956,"LATITUDE":-6.4384596,"STATUS":"BUKA","TANGGAL UPDATE":"27/02/2025","TANGGAL PENGUMPULAN":"Q4 2023","q":27457,"r":-15163}},{"type":"Feature","geometry":{"coordinates":[106.8551104,-6.4809414],"type":"Point"},"properties":{"NAMA":"NASI GORENG AL MUKTI","TIPE_1":"MAKANAN DAN MINUMAN","TIPE_2":"RESTORAN","TIPE_3":"NASI GORENG","TELEPON":"0838-1151-0665","ALAMAT":"JL. GURU SUMA, CIBINONG, KEC. CIBINONG, KABUPATEN BOGOR, JAWA BARAT 16911","ID_PROV":"32","PROVINSI":"JAWA BARAT","ID_KABKOT":"32.01","KABKOT":"BOGOR","ID_KEC":"32.01.01","KECAMATAN":"CIBINONG","ID_DESA":"32.01.01.1006","DESA":"CIBINONG","LONGITUDE":106.8551104,"LATITUDE":-6.4809414,"STATUS":"BUKA","TANGGAL UPDATE":"27/02/2025","TANGGAL PENGUMPULAN":"Q4 2023","q":27440,"r":-15164}},{"type":"Feature","geometry":{"coordinates":[106.8546833,-6.5306367],"type":"Point"},"properties":{"NAMA":"NASI GORENG MAS AGUS","TIPE_1":"MAKANAN DAN MINUMAN","TIPE_2":"RESTORAN","TIPE_3":"NASI GORENG","TELEPON":"0813-1488-5793","ALAMAT":"JALAN RAYA SIRKUIT, RT.03/RW.01, SENTUL, KEC. BABAKAN MADANG, KABUPATEN BOGOR, JAWA BARAT 16810","ID_PROV":"32","PROVINSI":"JAWA BARAT","ID_KABKOT":"32.01","KABKOT":"BOGOR","ID_KEC":"32.01.05","KECAMATAN":"BABAKAN MADANG","ID_DESA":"32.01.05.2003","DESA":"SENTUL","LONGITUDE":106.8546833,"LATITUDE":-6.5306367,"STATUS":"BUKA","TANGGAL UPDATE":"27/02/2025","TANGGAL PENGUMPULAN":"Q4 2023","q":27440,"r":-15175}},{"type":"Feature","geometry":{"coordinates":[106.8243077,-6.4684467],"type":"Point"},"properties":{"NAMA":"NASI GORENG ZHIAN","TIPE_1":"MAKANAN DAN MINUMAN","TIPE_2":"RESTORAN","TIPE_3":"NASI GORENG","TELEPON":"0838-7948-2428","ALAMAT":"JL. RAYA PONDOK RAJEG RT. 02/ RW. 05, KEL, PD. RAJEG, KEC. CIBINONG, KABUPATEN BOGOR, JAWA BARAT 16914","ID_PROV":"32","PROVINSI":"JAWA BARAT","ID_KABKOT":"32.01","KABKOT":"BOGOR","ID_KEC":"32.01.01","KECAMATAN":"CIBINONG","ID_DESA":"32.01.01.1008","DESA":"TENGAH","LONGITUDE":106.8243077,"LATITUDE":-6.4684467,"STATUS":"BUKA","TANGGAL UPDATE":"27/02/2025","TANGGAL PENGUMPULAN":"Q4 2023","q":27432,"r":-15157}},{"type":"Feature","geometry":{"coordinates":[106.793713,-6.4997749],"type":"Point"},"properties":{"NAMA":"NASI GORENG IDOLA","TIPE_1":"MAKANAN DAN MINUMAN","TIPE_2":"RESTORAN","TIPE_3":"NASI GORENG","TELEPON":"0857-7559-6031","ALAMAT":"JL. RAYA TONJONG NO.51, KEDUNG WARINGIN, KECAMATAN BOJONGGEDE, KABUPATEN BOGOR, JAWA BARAT 16923","ID_PROV":"32","PROVINSI":"JAWA BARAT","ID_KABKOT":"32.01","KABKOT":"BOGOR","ID_KEC":"32.01.13","KECAMATAN":"BOJONG GEDE","ID_DESA":"32.01.13.2005","DESA":"KEDUNGWARINGIN","LONGITUDE":106.793713,"LATITUDE":-6.4997749,"STATUS":"BUKA","TANGGAL UPDATE":"27/02/2025","TANGGAL PENGUMPULAN":"Q4 2023","q":27424,"r":-15161}},{"type":"Feature","geometry":{"coordinates":[106.8035036,-6.4683885],"type":"Point"},"properties":{"NAMA":"NASI GORENG KRIBO 87","TIPE_1":"MAKANAN DAN MINUMAN","TIPE_2":"RESTORAN","TIPE_3":"NASI GORENG","TELEPON":"0821-1104-4231","ALAMAT":"PABUARAN, KECAMATAN BOJONGGEDE, KABUPATEN BOGOR, JAWA BARAT 16921","ID_PROV":"32","PROVINSI":"JAWA BARAT","ID_KABKOT":"32.01","KABKOT":"BOGOR","ID_KEC":"32.01.13","KECAMATAN":"BOJONG GEDE","ID_DESA":"32.01.13.1007","DESA":"PABUARAN","LONGITUDE":106.8035036,"LATITUDE":-6.4683885,"STATUS":"BUKA","TANGGAL UPDATE":"27/02/2025","TANGGAL PENGUMPULAN":"Q4 2023","q":27426,"r":-15155}},{"type":"Feature","geometry":{"coordinates":[106.9481931,-6.4211318],"type":"Point"},"properties":{"NAMA":"NASI GORENG MAS UMAR","TIPE_1":"MAKANAN DAN MINUMAN","TIPE_2":"RESTORAN","TIPE_3":"NASI GORENG","TELEPON":"","ALAMAT":"JL. MELATI NO.3, WANAHERANG, KEC. GN. PUTRI, KABUPATEN BOGOR, JAWA BARAT 16965","ID_PROV":"32","PROVINSI":"JAWA BARAT","ID_KABKOT":"32.01","KABKOT":"BOGOR","ID_KEC":"32.01.02","KECAMATAN":"GUNUNG PUTRI","ID_DESA":"32.01.02.2001","DESA":"WANAHERANG","LONGITUDE":106.9481931,"LATITUDE":-6.4211318,"STATUS":"BUKA","TANGGAL UPDATE":"27/02/2025","TANGGAL PENGUMPULAN":"Q4 2023","q":27464,"r":-15163}},{"type":"Feature","geometry":{"coordinates":[106.93869629999999,-6.4168785],"type":"Point"},"properties":{"NAMA":"NASI GORENG SARI BUMI MAS JUN","TIPE_1":"MAKANAN DAN MINUMAN","TIPE_2":"RESTORAN","TIPE_3":"NASI GORENG","TELEPON":"0857-1738-8957","ALAMAT":"JL. MELATI, WANAHERANG, KEC. GN. PUTRI, KABUPATEN BOGOR, JAWA BARAT 16965","ID_PROV":"32","PROVINSI":"JAWA BARAT","ID_KABKOT":"32.01","KABKOT":"BOGOR","ID_KEC":"32.01.02","KECAMATAN":"GUNUNG PUTRI","ID_DESA":"32.01.02.2001","DESA":"WANAHERANG","LONGITUDE":106.9386963,"LATITUDE":-6.4168785,"STATUS":"BUKA","TANGGAL UPDATE":"27/02/2025","TANGGAL PENGUMPULAN":"Q4 2023","q":27461,"r":-15161}},{"type":"Feature","geometry":{"coordinates":[106.7124396,-6.3652154],"type":"Point"},"properties":{"NAMA":"NASI GORENG MAS KIET","TIPE_1":"MAKANAN DAN MINUMAN","TIPE_2":"RESTORAN","TIPE_3":"NASI GORENG","TELEPON":"0857-1613-4195","ALAMAT":"JL. CENDANA RAWAKALONG NO.66, RAWAKALONG, KEC. GN. SINDUR, KABUPATEN BOGOR, JAWA BARAT 16340","ID_PROV":"32","PROVINSI":"JAWA BARAT","ID_KABKOT":"32.01","KABKOT":"BOGOR","ID_KEC":"32.01.11","KECAMATAN":"GUNUNG SINDUR","ID_DESA":"32.01.11.2009","DESA":"RAWAKALONG","LONGITUDE":106.7124396,"LATITUDE":-6.3652154,"STATUS":"BUKA","TANGGAL UPDATE":"27/02/2025","TANGGAL PENGUMPULAN":"Q4 2023","q":27403,"r":-15120}},{"type":"Feature","geometry":{"coordinates":[106.8555698,-6.5607847],"type":"Point"},"properties":{"NAMA":"NASI GORENG AGHOEZ","TIPE_1":"MAKANAN DAN MINUMAN","TIPE_2":"RESTORAN","TIPE_3":"NASI GORENG","TELEPON":"0857-1662-3454","ALAMAT":"JL. RAYA CITARINGGUL NO.3, BABAKAN MADANG, KEC. BABAKAN MADANG, KABUPATEN BOGOR, JAWA BARAT 16810","ID_PROV":"32","PROVINSI":"JAWA BARAT","ID_KABKOT":"32.01","KABKOT":"BOGOR","ID_KEC":"32.01.05","KECAMATAN":"BABAKAN MADANG","ID_DESA":"32.01.05.2007","DESA":"CITARINGGUL","LONGITUDE":106.8555698,"LATITUDE":-6.5607847,"STATUS":"BUKA","TANGGAL UPDATE":"27/02/2025","TANGGAL PENGUMPULAN":"Q4 2023","q":27440,"r":-15182}},{"type":"Feature","geometry":{"coordinates":[106.8375888,-6.4989662],"type":"Point"},"properties":{"NAMA":"NASI GORENG TANJAKAN","TIPE_1":"MAKANAN DAN MINUMAN","TIPE_2":"RESTORAN","TIPE_3":"NASI GORENG","TELEPON":"0812-8758-0411","ALAMAT":"JL. SEROJA, PAKANSARI, KEC. CIBINONG, KABUPATEN BOGOR, JAWA BARAT 16912","ID_PROV":"32","PROVINSI":"JAWA BARAT","ID_KABKOT":"32.01","KABKOT":"BOGOR","ID_KEC":"32.01.01","KECAMATAN":"CIBINONG","ID_DESA":"32.01.01.1005","DESA":"NANGGEWER MEKAR","LONGITUDE":106.8375888,"LATITUDE":-6.4989662,"STATUS":"BUKA","TANGGAL UPDATE":"27/02/2025","TANGGAL PENGUMPULAN":"Q4 2023","q":27435,"r":-15166}},{"type":"Feature","geometry":{"coordinates":[106.8098679,-6.544998],"type":"Point"},"properties":{"NAMA":"NASI GORENG SIDA JAYA","TIPE_1":"MAKANAN DAN MINUMAN","TIPE_2":"RESTORAN","TIPE_3":"NASI GORENG","TELEPON":"0823-1062-6776","ALAMAT":"RT.02/RW.11, CIPARIGI, KEC. BOGOR UTARA, KOTA BOGOR, JAWA BARAT 16157","ID_PROV":"32","PROVINSI":"JAWA BARAT","ID_KABKOT":"32.01","KABKOT":"BOGOR","ID_KEC":"32.01.04","KECAMATAN":"SUKARAJA","ID_DESA":"32.01.04.2009","DESA":"PASIR JAMBU","LONGITUDE":106.8098679,"LATITUDE":-6.544998,"STATUS":"BUKA","TANGGAL UPDATE":"27/02/2025","TANGGAL PENGUMPULAN":"Q4 2023","q":27428,"r":-15173}},{"type":"Feature","geometry":{"coordinates":[106.8335094,-6.5197003],"type":"Point"},"properties":{"NAMA":"NASI GORENG HEJO DEJAVU","TIPE_1":"MAKANAN DAN MINUMAN","TIPE_2":"RESTORAN","TIPE_3":"NASI GORENG","TELEPON":"","ALAMAT":"JL. KAPUNG KANDANG RODA, NANGGEWER, KEC. CIBINONG, KABUPATEN BOGOR, JAWA BARAT 16912","ID_PROV":"32","PROVINSI":"JAWA BARAT","ID_KABKOT":"32.01","KABKOT":"BOGOR","ID_KEC":"32.01.01","KECAMATAN":"CIBINONG","ID_DESA":"32.01.01.1004","DESA":"NANGGEWER","LONGITUDE":106.8335094,"LATITUDE":-6.5197003,"STATUS":"BUKA","TANGGAL UPDATE":"27/02/2025","TANGGAL PENGUMPULAN":"Q4 2023","q":27434,"r":-15170}},{"type":"Feature","geometry":{"coordinates":[106.8181767,-6.493813],"type":"Point"},"properties":{"NAMA":"NASI GORENG EMPAT SAUDARA","TIPE_1":"MAKANAN DAN MINUMAN","TIPE_2":"RESTORAN","TIPE_3":"NASI GORENG","TELEPON":"0877-7801-2125","ALAMAT":"SUKAHATI, KEC. CIBINONG, KABUPATEN BOGOR, JAWA BARAT 16913","ID_PROV":"32","PROVINSI":"JAWA BARAT","ID_KABKOT":"32.01","KABKOT":"BOGOR","ID_KEC":"32.01.01","KECAMATAN":"CIBINONG","ID_DESA":"32.01.01.1009","DESA":"SUKAHATI","LONGITUDE":106.8181767,"LATITUDE":-6.493813,"STATUS":"BUKA","TANGGAL UPDATE":"27/02/2025","TANGGAL PENGUMPULAN":"Q4 2023","q":27430,"r":-15162}},{"type":"Feature","geometry":{"coordinates":[106.7639378,-6.5415791],"type":"Point"},"properties":{"NAMA":"NASI GORENG GILA","TIPE_1":"MAKANAN DAN MINUMAN","TIPE_2":"RESTORAN","TIPE_3":"NASI GORENG","TELEPON":"0881-7220-722","ALAMAT":"ATANG SENJAYA, KEC. KEMANG, KABUPATEN BOGOR, JAWA BARAT 16310","ID_PROV":"32","PROVINSI":"JAWA BARAT","ID_KABKOT":"32.01","KABKOT":"BOGOR","ID_KEC":"32.01.12","KECAMATAN":"KEMANG","ID_DESA":"32.01.12.1006","DESA":"ATANG SENJAYA","LONGITUDE":106.7639378,"LATITUDE":-6.5415791,"STATUS":"BUKA","TANGGAL UPDATE":"27/02/2025","TANGGAL PENGUMPULAN":"Q4 2023","q":27416,"r":-15166}},{"type":"Feature","geometry":{"coordinates":[106.7944912,-6.5038544],"type":"Point"},"properties":{"NAMA":"NASI GORENG SEAFOOD PERKO","TIPE_1":"MAKANAN DAN MINUMAN","TIPE_2":"RESTORAN","TIPE_3":"NASI GORENG","TELEPON":"0813-8163-5282","ALAMAT":"WARINGIN JAYA, KECAMATAN BOJONGGEDE, KABUPATEN BOGOR, JAWA BARAT 16920","ID_PROV":"32","PROVINSI":"JAWA BARAT","ID_KABKOT":"32.01","KABKOT":"BOGOR","ID_KEC":"32.01.13","KECAMATAN":"BOJONG GEDE","ID_DESA":"32.01.13.2006","DESA":"WARINGINJAYA","LONGITUDE":106.7944912,"LATITUDE":-6.5038544,"STATUS":"BUKA","TANGGAL UPDATE":"27/02/2025","TANGGAL PENGUMPULAN":"Q4 2023","q":27424,"r":-15162}},{"type":"Feature","geometry":{"coordinates":[106.6679003,-6.5704622],"type":"Point"},"properties":{"NAMA":"NASI GORENG MAS FAREL","TIPE_1":"MAKANAN DAN MINUMAN","TIPE_2":"RESTORAN","TIPE_3":"NASI GORENG","TELEPON":"0878-7002-5552","ALAMAT":"JL. RAYA CIBUNGBULANG - BOGOR NO.31, CIMANGGU 1, KEC. CIBUNGBULANG, KABUPATEN BOGOR, JAWA BARAT 16630","ID_PROV":"32","PROVINSI":"JAWA BARAT","ID_KABKOT":"32.01","KABKOT":"BOGOR","ID_KEC":"32.01.16","KECAMATAN":"CIBUNGBULANG","ID_DESA":"32.01.16.2007","DESA":"CIMANGGU I","LONGITUDE":106.6679003,"LATITUDE":-6.5704622,"STATUS":"BUKA","TANGGAL UPDATE":"27/02/2025","TANGGAL PENGUMPULAN":"Q4 2023","q":27392,"r":-15160}},{"type":"Feature","geometry":{"coordinates":[106.807999,-6.5198074],"type":"Point"},"properties":{"NAMA":"NASI GORENG LANGGENG 02 KARADENAN","TIPE_1":"MAKANAN DAN MINUMAN","TIPE_2":"RESTORAN","TIPE_3":"NASI GORENG","TELEPON":"0821-3383-0908","ALAMAT":"JL. RAYA KARADENAN NO.22, KARADENAN, KEC. CIBINONG, KABUPATEN BOGOR, JAWA BARAT 16913","ID_PROV":"32","PROVINSI":"JAWA BARAT","ID_KABKOT":"32.01","KABKOT":"BOGOR","ID_KEC":"32.01.01","KECAMATAN":"CIBINONG","ID_DESA":"32.01.01.1002","DESA":"KARADENAN","LONGITUDE":106.807999,"LATITUDE":-6.5198074,"STATUS":"BUKA","TANGGAL UPDATE":"27/02/2025","TANGGAL PENGUMPULAN":"Q4 2023","q":27428,"r":-15167}},{"type":"Feature","geometry":{"coordinates":[106.8080943,-6.5176578],"type":"Point"},"properties":{"NAMA":"NASI GORENG AGEL","TIPE_1":"MAKANAN DAN MINUMAN","TIPE_2":"RESTORAN","TIPE_3":"NASI GORENG","TELEPON":"","ALAMAT":"JL. RAYA KARADENAN NO.16, KARADENAN, KEC. CIBINONG, KABUPATEN BOGOR, JAWA BARAT 16913","ID_PROV":"32","PROVINSI":"JAWA BARAT","ID_KABKOT":"32.01","KABKOT":"BOGOR","ID_KEC":"32.01.01","KECAMATAN":"CIBINONG","ID_DESA":"32.01.01.1002","DESA":"KARADENAN","LONGITUDE":106.8080943,"LATITUDE":-6.5176578,"STATUS":"BUKA","TANGGAL UPDATE":"27/02/2025","TANGGAL PENGUMPULAN":"Q4 2023","q":27428,"r":-15166}},{"type":"Feature","geometry":{"coordinates":[106.7951099,-6.4954697],"type":"Point"},"properties":{"NAMA":"NASI GORENG MAS BOWO","TIPE_1":"MAKANAN DAN MINUMAN","TIPE_2":"RESTORAN","TIPE_3":"NASI GORENG","TELEPON":"0877-7015-3393","ALAMAT":"JALAN STASIUN RT 04 RW 01 KEDUNG WARINGIN BOJONG GEDE, KEDUNG WARINGIN, KECAMATAN BOJONGGEDE, KABUPATEN BOGOR, JAWA BARAT 16923","ID_PROV":"32","PROVINSI":"JAWA BARAT","ID_KABKOT":"32.01","KABKOT":"BOGOR","ID_KEC":"32.01.13","KECAMATAN":"BOJONG GEDE","ID_DESA":"32.01.13.2005","DESA":"KEDUNGWARINGIN","LONGITUDE":106.7951099,"LATITUDE":-6.4954697,"STATUS":"BUKA","TANGGAL UPDATE":"27/02/2025","TANGGAL PENGUMPULAN":"Q4 2023","q":27424,"r":-15160}},{"type":"Feature","geometry":{"coordinates":[106.8644488,-6.5675052],"type":"Point"},"properties":{"NAMA":"NASI GORENG BAHARI","TIPE_1":"MAKANAN DAN MINUMAN","TIPE_2":"RESTORAN","TIPE_3":"NASI GORENG","TELEPON":"","ALAMAT":"BABAKAN MADANG, KEC. BABAKAN MADANG, KABUPATEN BOGOR, JAWA BARAT 16810","ID_PROV":"32","PROVINSI":"JAWA BARAT","ID_KABKOT":"32.01","KABKOT":"BOGOR","ID_KEC":"32.01.05","KECAMATAN":"BABAKAN MADANG","ID_DESA":"32.01.05.2008","DESA":"BABAKAN MADANG","LONGITUDE":106.8644488,"LATITUDE":-6.5675052,"STATUS":"BUKA","TANGGAL UPDATE":"27/02/2025","TANGGAL PENGUMPULAN":"Q4 2023","q":27442,"r":-15185}},{"type":"Feature","geometry":{"coordinates":[106.7451041,-6.6050674],"type":"Point"},"properties":{"NAMA":"NASI GORENG GILA MAS KAISAR","TIPE_1":"MAKANAN DAN MINUMAN","TIPE_2":"RESTORAN","TIPE_3":"NASI GORENG","TELEPON":"0857-1488-0127","ALAMAT":"JL. RAYA CIBINONG-CIOMAS NO.12, SUKAHARJA, KEC. CIOMAS, KABUPATEN BOGOR, JAWA BARAT 16610","ID_PROV":"32","PROVINSI":"JAWA BARAT","ID_KABKOT":"32.01","KABKOT":"BOGOR","ID_KEC":"32.01.29","KECAMATAN":"CIOMAS","ID_DESA":"32.01.29.2002","DESA":"SUKAHARJA","LONGITUDE":106.7451041,"LATITUDE":-6.6050674,"STATUS":"BUKA","TANGGAL UPDATE":"27/02/2025","TANGGAL PENGUMPULAN":"Q4 2023","q":27411,"r":-15178}},{"type":"Feature","geometry":{"coordinates":[106.8201882,-6.4730025],"type":"Point"},"properties":{"NAMA":"NASI GORENG SPESIAL OMJOYS","TIPE_1":"MAKANAN DAN MINUMAN","TIPE_2":"RESTORAN","TIPE_3":"NASI GORENG","TELEPON":"0878-7209-9066","ALAMAT":"PEMDA CIBINONG, JL. KSR DADI KUSMAYADI, TENGAH, KEC. CIBINONG, KABUPATEN BOGOR, JAWA BARAT 16914","ID_PROV":"32","PROVINSI":"JAWA BARAT","ID_KABKOT":"32.01","KABKOT":"BOGOR","ID_KEC":"32.01.01","KECAMATAN":"CIBINONG","ID_DESA":"32.01.01.1008","DESA":"TENGAH","LONGITUDE":106.8201882,"LATITUDE":-6.4730025,"STATUS":"BUKA","TANGGAL UPDATE":"27/02/2025","TANGGAL PENGUMPULAN":"Q4 2023","q":27431,"r":-15158}},{"type":"Feature","geometry":{"coordinates":[106.7713929,-6.6541712],"type":"Point"},"properties":{"NAMA":"NASI GORENG ALENA JAYA","TIPE_1":"MAKANAN DAN MINUMAN","TIPE_2":"RESTORAN","TIPE_3":"NASI GORENG","TELEPON":"0813-1466-8294","ALAMAT":"JL. RAYA PONDOK BITUNG, SUKAMANTRI, KEC. CIJERUK, KOTA BOGOR, JAWA BARAT 16610","ID_PROV":"32","PROVINSI":"JAWA BARAT","ID_KABKOT":"32.01","KABKOT":"BOGOR","ID_KEC":"32.01.28","KECAMATAN":"CIJERUK","ID_DESA":"32.01.28.2007","DESA":"SUKAHARJA","LONGITUDE":106.7713929,"LATITUDE":-6.6541712,"STATUS":"BUKA","TANGGAL UPDATE":"27/02/2025","TANGGAL PENGUMPULAN":"Q4 2023","q":27418,"r":-15192}},{"type":"Feature","geometry":{"coordinates":[106.8547213,-6.456252],"type":"Point"},"properties":{"NAMA":"NASI GORENG HIZZAM","TIPE_1":"MAKANAN DAN MINUMAN","TIPE_2":"RESTORAN","TIPE_3":"NASI GORENG","TELEPON":"","ALAMAT":"JL. GG. DUKUH KM 41, PABUARAN, KEC. CIBINONG, KABUPATEN BOGOR, JAWA BARAT 16916","ID_PROV":"32","PROVINSI":"JAWA BARAT","ID_KABKOT":"32.01","KABKOT":"BOGOR","ID_KEC":"32.01.01","KECAMATAN":"CIBINONG","ID_DESA":"32.01.01.1012","DESA":"PABUARAN","LONGITUDE":106.8547213,"LATITUDE":-6.456252,"STATUS":"BUKA","TANGGAL UPDATE":"27/02/2025","TANGGAL PENGUMPULAN":"Q4 2023","q":27440,"r":-15159}},{"type":"Feature","geometry":{"coordinates":[106.863151,-6.480053],"type":"Point"},"properties":{"NAMA":"KEBAB TURKI","TIPE_1":"MAKANAN DAN MINUMAN","TIPE_2":"RESTORAN","TIPE_3":"RESTORAN TIMUR TENGAH","TELEPON":"(021) 87919051","ALAMAT":"CIBINONG MALL LT. LGF, JL. MAYOR OKING NO. 11, CIBINONG, KEC. CIBINONG, KABUPATEN BOGOR, JAWA BARAT 16910","ID_PROV":"32","PROVINSI":"JAWA BARAT","ID_KABKOT":"32.01","KABKOT":"BOGOR","ID_KEC":"32.01.01","KECAMATAN":"CIBINONG","ID_DESA":"32.01.01.1006","DESA":"CIBINONG","LONGITUDE":106.863151,"LATITUDE":-6.480053,"STATUS":"BUKA","TANGGAL UPDATE":"27/02/2025","TANGGAL PENGUMPULAN":"Q4 2023","q":27442,"r":-15165}},{"type":"Feature","geometry":{"coordinates":[107.06449040000007,-6.446020899999951],"type":"Point"},"properties":{"NAMA":"KEBAB TURKI BU TEGUH","TIPE_1":"MAKANAN DAN MINUMAN","TIPE_2":"RESTORAN","TIPE_3":"RESTORAN TIMUR TENGAH","TELEPON":"0899-8157-923","ALAMAT":"SUKAMAJU, KEC. JONGGOL, KABUPATEN BOGOR, JAWA BARAT 16830","ID_PROV":"32","PROVINSI":"JAWA BARAT","ID_KABKOT":"32.01","KABKOT":"BOGOR","ID_KEC":"32.01.06","KECAMATAN":"JONGGOL","ID_DESA":"32.01.06.2006","DESA":"SUKAMANAH","LONGITUDE":107.0644904,"LATITUDE":-6.4460209,"STATUS":"BUKA","TANGGAL UPDATE":"27/02/2025","TANGGAL PENGUMPULAN":"Q4 2023","q":27493,"r":-15183}},{"type":"Feature","geometry":{"coordinates":[106.89017550000005,-6.576764099999934],"type":"Point"},"properties":{"NAMA":"NASI KEBULI YAMAN JUNGLELAND","TIPE_1":"MAKANAN DAN MINUMAN","TIPE_2":"RESTORAN","TIPE_3":"RESTORAN TIMUR TENGAH","TELEPON":"","ALAMAT":"JL. RAYA JUNGLE LAND AVENUE, KARANG TENGAH, KEC. BABAKAN MADANG, KABUPATEN BOGOR, JAWA BARAT 16810","ID_PROV":"32","PROVINSI":"JAWA BARAT","ID_KABKOT":"32.01","KABKOT":"BOGOR","ID_KEC":"32.01.05","KECAMATAN":"BABAKAN MADANG","ID_DESA":"32.01.05.2004","DESA":"KARANG TENGAH","LONGITUDE":106.8901755,"LATITUDE":-6.5767641,"STATUS":"BUKA","TANGGAL UPDATE":"27/02/2025","TANGGAL PENGUMPULAN":"Q4 2023","q":27449,"r":-15190}},{"type":"Feature","geometry":{"coordinates":[106.81757810000005,-6.484387499999968],"type":"Point"},"properties":{"NAMA":"KEBAB ABAH 1","TIPE_1":"MAKANAN DAN MINUMAN","TIPE_2":"RESTORAN","TIPE_3":"RESTORAN TIMUR TENGAH","TELEPON":"","ALAMAT":"SUKAHATI, KEC. CIBINONG, KABUPATEN BOGOR, JAWA BARAT 16913","ID_PROV":"32","PROVINSI":"JAWA BARAT","ID_KABKOT":"32.01","KABKOT":"BOGOR","ID_KEC":"32.01.01","KECAMATAN":"CIBINONG","ID_DESA":"32.01.01.1009","DESA":"SUKAHATI","LONGITUDE":106.817578099999,"LATITUDE":-6.4843875,"STATUS":"BUKA","TANGGAL UPDATE":"27/02/2025","TANGGAL PENGUMPULAN":"Q4 2023","q":27430,"r":-15160}},{"type":"Feature","geometry":{"coordinates":[106.71915670000004,-6.379727499999944],"type":"Point"},"properties":{"NAMA":"KEBAB TURKI SYAKIRA DAN SOSIS BAKAR","TIPE_1":"MAKANAN DAN MINUMAN","TIPE_2":"RESTORAN","TIPE_3":"RESTORAN TIMUR TENGAH","TELEPON":"0813-1123-3028","ALAMAT":"JL. GRIYA MELINA NO.10, RAWAKALONG, KEC. GN. SINDUR, KABUPATEN BOGOR, JAWA BARAT 16340","ID_PROV":"32","PROVINSI":"JAWA BARAT","ID_KABKOT":"32.01","KABKOT":"BOGOR","ID_KEC":"32.01.11","KECAMATAN":"GUNUNG SINDUR","ID_DESA":"32.01.11.2009","DESA":"RAWAKALONG","LONGITUDE":106.7191567,"LATITUDE":-6.3797275,"STATUS":"BUKA","TANGGAL UPDATE":"27/02/2025","TANGGAL PENGUMPULAN":"Q4 2023","q":27405,"r":-15124}},{"type":"Feature","geometry":{"coordinates":[106.70216350000004,-6.36679479999998],"type":"Point"},"properties":{"NAMA":"KEBAB TURKI ABOEBAH","TIPE_1":"MAKANAN DAN MINUMAN","TIPE_2":"RESTORAN","TIPE_3":"RESTORAN TIMUR TENGAH","TELEPON":"","ALAMAT":"RAWAKALONG, KEC. GN. SINDUR, KABUPATEN BOGOR, JAWA BARAT 16340","ID_PROV":"32","PROVINSI":"JAWA BARAT","ID_KABKOT":"32.01","KABKOT":"BOGOR","ID_KEC":"32.01.11","KECAMATAN":"GUNUNG SINDUR","ID_DESA":"32.01.11.2009","DESA":"RAWAKALONG","LONGITUDE":106.7021635,"LATITUDE":-6.3667948,"STATUS":"BUKA","TANGGAL UPDATE":"27/02/2025","TANGGAL PENGUMPULAN":"Q4 2023","q":27400,"r":-15119}},{"type":"Feature","geometry":{"coordinates":[106.81139220000006,-6.470457499999952],"type":"Point"},"properties":{"NAMA":"WARUNG BULE TURKI TAMAN RAYA","TIPE_1":"MAKANAN DAN MINUMAN","TIPE_2":"RESTORAN","TIPE_3":"RESTORAN TIMUR TENGAH","TELEPON":"0878-8098-8047","ALAMAT":"TAMAN CITAYAM ELOK BLOK B4 NO 23 RT. 2 RW 6 KP. DUREN BARU, SUSUKAN, KECAMATAN BOJONGGEDE, KABUPATEN BOGOR, JAWA BARAT 16920","ID_PROV":"32","PROVINSI":"JAWA BARAT","ID_KABKOT":"32.01","KABKOT":"BOGOR","ID_KEC":"32.01.13","KECAMATAN":"BOJONG GEDE","ID_DESA":"32.01.13.2001","DESA":"BOJONGBARU","LONGITUDE":106.8113922,"LATITUDE":-6.4704575,"STATUS":"BUKA","TANGGAL UPDATE":"27/02/2025","TANGGAL PENGUMPULAN":"Q4 2023","q":27428,"r":-15156}},{"type":"Feature","geometry":{"coordinates":[106.73052180000008,-6.427548599999966],"type":"Point"},"properties":{"NAMA":"KEBABKU","TIPE_1":"MAKANAN DAN MINUMAN","TIPE_2":"RESTORAN","TIPE_3":"RESTORAN TIMUR TENGAH","TELEPON":"","ALAMAT":"JL. ME. WIRA, PARUNG, KEC. PARUNG, KABUPATEN BOGOR, JAWA BARAT 16330","ID_PROV":"32","PROVINSI":"JAWA BARAT","ID_KABKOT":"32.01","KABKOT":"BOGOR","ID_KEC":"32.01.10","KECAMATAN":"PARUNG","ID_DESA":"32.01.10.2001","DESA":"PARUNG","LONGITUDE":106.730521799999,"LATITUDE":-6.4275486,"STATUS":"BUKA","TANGGAL UPDATE":"27/02/2025","TANGGAL PENGUMPULAN":"Q4 2023","q":27408,"r":-15136}},{"type":"Feature","geometry":{"coordinates":[106.990246,-6.384889499999929],"type":"Point"},"properties":{"NAMA":"SAIBI KEBAB","TIPE_1":"MAKANAN DAN MINUMAN","TIPE_2":"RESTORAN","TIPE_3":"RESTORAN TIMUR TENGAH","TELEPON":"0812-9043-9379","ALAMAT":"JL. METLAND CILEUNGSI NO.4, CIPENJO, KEC. CILEUNGSI, KABUPATEN BOGOR, JAWA BARAT 16820","ID_PROV":"32","PROVINSI":"JAWA BARAT","ID_KABKOT":"32.01","KABKOT":"BOGOR","ID_KEC":"32.01.07","KECAMATAN":"CILEUNGSI","ID_DESA":"32.01.07.2010","DESA":"CIPENJO","LONGITUDE":106.990246,"LATITUDE":-6.3848895,"STATUS":"BUKA","TANGGAL UPDATE":"27/02/2025","TANGGAL PENGUMPULAN":"Q4 2023","q":27474,"r":-15160}},{"type":"Feature","geometry":{"coordinates":[106.97315,-6.398002],"type":"Point"},"properties":{"NAMA":"KEBAB TURKI","TIPE_1":"MAKANAN DAN MINUMAN","TIPE_2":"RESTORAN","TIPE_3":"RESTORAN TIMUR TENGAH","TELEPON":"","ALAMAT":"JL. KOTA TAMAN METROPOLITAN NO.9-28, CILEUNGSI, KEC. CILEUNGSI, KABUPATEN BOGOR, JAWA BARAT 16820","ID_PROV":"32","PROVINSI":"JAWA BARAT","ID_KABKOT":"32.01","KABKOT":"BOGOR","ID_KEC":"32.01.07","KECAMATAN":"CILEUNGSI","ID_DESA":"32.01.07.2011","DESA":"LIMUSNUNGGAL","LONGITUDE":106.97315,"LATITUDE":-6.398002,"STATUS":"BUKA","TANGGAL UPDATE":"27/02/2025","TANGGAL PENGUMPULAN":"Q4 2023","q":27470,"r":-15161}},{"type":"Feature","geometry":{"coordinates":[106.98741610000008,-6.36925309999998],"type":"Point"},"properties":{"NAMA":"KEBAB ARAB SPECIAL GRIYA ALAM SENTOSA","TIPE_1":"MAKANAN DAN MINUMAN","TIPE_2":"RESTORAN","TIPE_3":"RESTORAN TIMUR TENGAH","TELEPON":"","ALAMAT":"PASIR ANGIN, KEC. CILEUNGSI, KABUPATEN BOGOR, JAWA BARAT 16820","ID_PROV":"32","PROVINSI":"JAWA BARAT","ID_KABKOT":"32.01","KABKOT":"BOGOR","ID_KEC":"32.01.07","KECAMATAN":"CILEUNGSI","ID_DESA":"32.01.07.2001","DESA":"PASIRANGIN","LONGITUDE":106.987416099999,"LATITUDE":-6.3692531,"STATUS":"BUKA","TANGGAL UPDATE":"27/02/2025","TANGGAL PENGUMPULAN":"Q4 2023","q":27474,"r":-15156}},{"type":"Feature","geometry":{"coordinates":[106.824608,-6.7335236],"type":"Point"},"properties":{"NAMA":"JA NGAN MANG NGAP DONK","TIPE_1":"MAKANAN DAN MINUMAN","TIPE_2":"RESTORAN","TIPE_3":"RESTORAN EROPA","TELEPON":"","ALAMAT":"CINAGARA, KEC. CARINGIN, KABUPATEN BOGOR, JAWA BARAT 16730","ID_PROV":"32","PROVINSI":"JAWA BARAT","ID_KABKOT":"32.01","KABKOT":"BOGOR","ID_KEC":"32.01.27","KECAMATAN":"CARINGIN","ID_DESA":"32.01.27.2006","DESA":"CINAGARA","LONGITUDE":106.824608,"LATITUDE":-6.7335236,"STATUS":"BUKA","TANGGAL UPDATE":"27/02/2025","TANGGAL PENGUMPULAN":"Q4 2023","q":27432,"r":-15217}},{"type":"Feature","geometry":{"coordinates":[106.94581480000005,-6.387140099999954],"type":"Point"},"properties":{"NAMA":"KEBAB TURKEY NARASHA NAGRAK","TIPE_1":"MAKANAN DAN MINUMAN","TIPE_2":"RESTORAN","TIPE_3":"RESTORAN TIMUR TENGAH","TELEPON":"0858-1026-7438","ALAMAT":"GG. MASJID NO.44, RT.04/RW.03, NAGRAK, KEC. GN. PUTRI, KABUPATEN BOGOR, JAWA BARAT 16967","ID_PROV":"32","PROVINSI":"JAWA BARAT","ID_KABKOT":"32.01","KABKOT":"BOGOR","ID_KEC":"32.01.02","KECAMATAN":"GUNUNG PUTRI","ID_DESA":"32.01.02.2009","DESA":"NAGRAK","LONGITUDE":106.9458148,"LATITUDE":-6.3871401,"STATUS":"BUKA","TANGGAL UPDATE":"27/02/2025","TANGGAL PENGUMPULAN":"Q4 2023","q":27463,"r":-15155}},{"type":"Feature","geometry":{"coordinates":[106.84510260000008,-6.661497099999963],"type":"Point"},"properties":{"NAMA":"KEBAB TURKI","TIPE_1":"MAKANAN DAN MINUMAN","TIPE_2":"RESTORAN","TIPE_3":"RESTORAN TIMUR TENGAH","TELEPON":"","ALAMAT":"JL. RAYA SUKARAJA - SUKABUMI NO.61, RT.01/RW.08, HARJASARI, KEC. BOGOR SEL., KOTA BOGOR, JAWA BARAT 16138","ID_PROV":"32","PROVINSI":"JAWA BARAT","ID_KABKOT":"32.01","KABKOT":"BOGOR","ID_KEC":"32.01.24","KECAMATAN":"CIAWI","ID_DESA":"32.01.24.2012","DESA":"CIAWI","LONGITUDE":106.845102599999,"LATITUDE":-6.6614971,"STATUS":"BUKA","TANGGAL UPDATE":"27/02/2025","TANGGAL PENGUMPULAN":"Q4 2023","q":27437,"r":-15203}},{"type":"Feature","geometry":{"coordinates":[106.81767280000008,-6.483880099999965],"type":"Point"},"properties":{"NAMA":"EV KEBAB","TIPE_1":"MAKANAN DAN MINUMAN","TIPE_2":"RESTORAN","TIPE_3":"RESTORAN TIMUR TENGAH","TELEPON":"","ALAMAT":"JL. RAYA SUKAHATI, RT.01/RW.06, SUKAHATI, CIBINONG, BOGOR REGENCY, WEST JAVA 16913","ID_PROV":"32","PROVINSI":"JAWA BARAT","ID_KABKOT":"32.01","KABKOT":"BOGOR","ID_KEC":"32.01.01","KECAMATAN":"CIBINONG","ID_DESA":"32.01.01.1009","DESA":"SUKAHATI","LONGITUDE":106.8176728,"LATITUDE":-6.4838801,"STATUS":"BUKA","TANGGAL UPDATE":"27/02/2025","TANGGAL PENGUMPULAN":"Q4 2023","q":27430,"r":-15160}},{"type":"Feature","geometry":{"coordinates":[106.55958670000007,-6.350787499999967],"type":"Point"},"properties":{"NAMA":"KEBAB TURKI","TIPE_1":"MAKANAN DAN MINUMAN","TIPE_2":"RESTORAN","TIPE_3":"RESTORAN TIMUR TENGAH","TELEPON":"","ALAMAT":"LUMPANG, KEC. PARUNG PANJANG, KABUPATEN BOGOR, JAWA BARAT 16360","ID_PROV":"32","PROVINSI":"JAWA BARAT","ID_KABKOT":"32.01","KABKOT":"BOGOR","ID_KEC":"32.01.20","KECAMATAN":"PARUNG PANJANG","ID_DESA":"32.01.20.2007","DESA":"LUMPANG","LONGITUDE":106.5595867,"LATITUDE":-6.3507875,"STATUS":"BUKA","TANGGAL UPDATE":"27/02/2025","TANGGAL PENGUMPULAN":"Q4 2023","q":27364,"r":-15097}},{"type":"Feature","geometry":{"coordinates":[106.66095370000005,-6.57824439999996],"type":"Point"},"properties":{"NAMA":"KEBAB TURKY BOGARASA","TIPE_1":"MAKANAN DAN MINUMAN","TIPE_2":"RESTORAN","TIPE_3":"RESTORAN TIMUR TENGAH","TELEPON":"0812-1952-8563","ALAMAT":"JL. KAPTEN DASUKI BAKRI, CIBATOK 1, KEC. CIBUNGBULANG, KABUPATEN BOGOR, JAWA BARAT 16630","ID_PROV":"32","PROVINSI":"JAWA BARAT","ID_KABKOT":"32.01","KABKOT":"BOGOR","ID_KEC":"32.01.16","KECAMATAN":"CIBUNGBULANG","ID_DESA":"32.01.16.2004","DESA":"CIBATOK I","LONGITUDE":106.6609537,"LATITUDE":-6.5782444,"STATUS":"BUKA","TANGGAL UPDATE":"27/02/2025","TANGGAL PENGUMPULAN":"Q4 2023","q":27390,"r":-15161}},{"type":"Feature","geometry":{"coordinates":[106.96972990000006,-6.455171199999938],"type":"Point"},"properties":{"NAMA":"HABIBAH KEBAB","TIPE_1":"MAKANAN DAN MINUMAN","TIPE_2":"RESTORAN","TIPE_3":"RESTORAN TIMUR TENGAH","TELEPON":"0896-6574-2644","ALAMAT":"JL. SHAFIR RAYA, KP. CIBEBER, KEC. KLAPANUNGGAL, KABUPATEN BOGOR, JAWA BARAT 16710","ID_PROV":"32","PROVINSI":"JAWA BARAT","ID_KABKOT":"32.01","KABKOT":"BOGOR","ID_KEC":"32.01.32","KECAMATAN":"KLAPANUNGGAL","ID_DESA":"32.01.32.2005","DESA":"CIKAHURIPAN","LONGITUDE":106.969729899999,"LATITUDE":-6.4551712,"STATUS":"BUKA","TANGGAL UPDATE":"27/02/2025","TANGGAL PENGUMPULAN":"Q4 2023","q":27469,"r":-15173}},{"type":"Feature","geometry":{"coordinates":[106.87928120000004,-6.483916199999953],"type":"Point"},"properties":{"NAMA":"SUPER KEBAB JUMBO","TIPE_1":"MAKANAN DAN MINUMAN","TIPE_2":"RESTORAN","TIPE_3":"RESTORAN TIMUR TENGAH","TELEPON":"0896-4703-0370","ALAMAT":"PUSPANEGARA, KEC. CITEUREUP, KABUPATEN BOGOR, JAWA BARAT 16810","ID_PROV":"32","PROVINSI":"JAWA BARAT","ID_KABKOT":"32.01","KABKOT":"BOGOR","ID_KEC":"32.01.03","KECAMATAN":"CITEUREUP","ID_DESA":"32.01.03.1006","DESA":"PUSPANEGARA","LONGITUDE":106.8792812,"LATITUDE":-6.4839162,"STATUS":"BUKA","TANGGAL UPDATE":"27/02/2025","TANGGAL PENGUMPULAN":"Q4 2023","q":27446,"r":-15168}},{"type":"Feature","geometry":{"coordinates":[106.74165410000006,-6.44837659999996],"type":"Point"},"properties":{"NAMA":"KEBAB TURKI JASMINE","TIPE_1":"MAKANAN DAN MINUMAN","TIPE_2":"RESTORAN","TIPE_3":"RESTORAN TIMUR TENGAH","TELEPON":"0821-2564-0125","ALAMAT":"JL. TENGAH, CITAYAM, KEC. TAJUR HALANG, KABUPATEN BOGOR, JAWA BARAT 16320","ID_PROV":"32","PROVINSI":"JAWA BARAT","ID_KABKOT":"32.01","KABKOT":"BOGOR","ID_KEC":"32.01.37","KECAMATAN":"TAJURHALANG","ID_DESA":"32.01.37.2002","DESA":"CITAYAM","LONGITUDE":106.741654099999,"LATITUDE":-6.4483766,"STATUS":"BUKA","TANGGAL UPDATE":"27/02/2025","TANGGAL PENGUMPULAN":"Q4 2023","q":27411,"r":-15142}},{"type":"Feature","geometry":{"coordinates":[106.72009270000007,-6.437983799999927],"type":"Point"},"properties":{"NAMA":"KEBAB TURKI BABA IZAR","TIPE_1":"MAKANAN DAN MINUMAN","TIPE_2":"RESTORAN","TIPE_3":"RESTORAN TIMUR TENGAH","TELEPON":"0882-2494-0720","ALAMAT":"VILLA GADING ROYALE, JL. BERLIAN 1 NO.3, PEMAGARSARI, KEC. PARUNG, KABUPATEN BOGOR, JAWA BARAT 16330","ID_PROV":"32","PROVINSI":"JAWA BARAT","ID_KABKOT":"32.01","KABKOT":"BOGOR","ID_KEC":"32.01.10","KECAMATAN":"PARUNG","ID_DESA":"32.01.10.2006","DESA":"PAMEGARSARI","LONGITUDE":106.7200927,"LATITUDE":-6.4379838,"STATUS":"BUKA","TANGGAL UPDATE":"27/02/2025","TANGGAL PENGUMPULAN":"Q4 2023","q":27405,"r":-15137}},{"type":"Feature","geometry":{"coordinates":[106.87163310000005,-6.478685699999971],"type":"Point"},"properties":{"NAMA":"ISTANBUL KEBAB TURKI CABKRANGGAN","TIPE_1":"MAKANAN DAN MINUMAN","TIPE_2":"RESTORAN","TIPE_3":"RESTORAN TIMUR TENGAH","TELEPON":"","ALAMAT":"JL. KARANGGAN MUDA, PUSPASARI, CITEUREUP, BOGOR REGENCY, WEST JAVA 16810","ID_PROV":"32","PROVINSI":"JAWA BARAT","ID_KABKOT":"32.01","KABKOT":"BOGOR","ID_KEC":"32.01.03","KECAMATAN":"CITEUREUP","ID_DESA":"32.01.03.2001","DESA":"PUSPASARI","LONGITUDE":106.8716331,"LATITUDE":-6.4786857,"STATUS":"BUKA","TANGGAL UPDATE":"27/02/2025","TANGGAL PENGUMPULAN":"Q4 2023","q":27444,"r":-15166}},{"type":"Feature","geometry":{"coordinates":[106.75540330000007,-6.579341499999941],"type":"Point"},"properties":{"NAMA":"KEBAB TURKI BABARAFI BOGOR","TIPE_1":"MAKANAN DAN MINUMAN","TIPE_2":"RESTORAN","TIPE_3":"RESTORAN TIMUR TENGAH","TELEPON":"","ALAMAT":"JL. RAYA LALADON, LALADON, KEC. CIOMAS, KABUPATEN BOGOR, JAWA BARAT 16610","ID_PROV":"32","PROVINSI":"JAWA BARAT","ID_KABKOT":"32.01","KABKOT":"BOGOR","ID_KEC":"32.01.29","KECAMATAN":"CIOMAS","ID_DESA":"32.01.29.2010","DESA":"LALADON","LONGITUDE":106.7554033,"LATITUDE":-6.5793415,"STATUS":"BUKA","TANGGAL UPDATE":"27/02/2025","TANGGAL PENGUMPULAN":"Q4 2023","q":27414,"r":-15173}},{"type":"Feature","geometry":{"coordinates":[106.95831730000003,-6.451386099999979],"type":"Point"},"properties":{"NAMA":"SMOKEY KEBAB TURKI BABA RAFI KLAPANUNGGAL","TIPE_1":"MAKANAN DAN MINUMAN","TIPE_2":"RESTORAN","TIPE_3":"RESTORAN TIMUR TENGAH","TELEPON":"0811-2571-510","ALAMAT":"RUSA, JL. GRAND KAHURIPAN NO.KA 64, KEC. KLAPANUNGGAL, KABUPATEN BOGOR, JAWA BARAT 16820","ID_PROV":"32","PROVINSI":"JAWA BARAT","ID_KABKOT":"32.01","KABKOT":"BOGOR","ID_KEC":"32.01.32","KECAMATAN":"KLAPANUNGGAL","ID_DESA":"32.01.32.2001","DESA":"KLAPANUNGGAL","LONGITUDE":106.958317299999,"LATITUDE":-6.4513861,"STATUS":"BUKA","TANGGAL UPDATE":"27/02/2025","TANGGAL PENGUMPULAN":"Q4 2023","q":27466,"r":-15171}},{"type":"Feature","geometry":{"coordinates":[106.81811130000006,-6.478558499999963],"type":"Point"},"properties":{"NAMA":"KEBAB TURKI NADIF","TIPE_1":"MAKANAN DAN MINUMAN","TIPE_2":"RESTORAN","TIPE_3":"RESTORAN TIMUR TENGAH","TELEPON":"","ALAMAT":"JL. KSR DADI KUSMAYADI NO.13, SUKAHATI, KEC. CIBINONG, KABUPATEN BOGOR, JAWA BARAT 16913","ID_PROV":"32","PROVINSI":"JAWA BARAT","ID_KABKOT":"32.01","KABKOT":"BOGOR","ID_KEC":"32.01.01","KECAMATAN":"CIBINONG","ID_DESA":"32.01.01.1009","DESA":"SUKAHATI","LONGITUDE":106.8181113,"LATITUDE":-6.4785585,"STATUS":"BUKA","TANGGAL UPDATE":"27/02/2025","TANGGAL PENGUMPULAN":"Q4 2023","q":27430,"r":-15159}},{"type":"Feature","geometry":{"coordinates":[106.92630360000004,-6.459846699999957],"type":"Point"},"properties":{"NAMA":"JALAN RAYA WIKA NAMBO KECAMATAN KELAPA NUNGGAL KABUPATEN BOGOR JAWA BARAT 16710","TIPE_1":"MAKANAN DAN MINUMAN","TIPE_2":"RESTORAN","TIPE_3":"RESTORAN TIMUR TENGAH","TELEPON":"","ALAMAT":"NAMBO, KEC. KLAPANUNGGAL, KABUPATEN BOGOR, JAWA BARAT","ID_PROV":"32","PROVINSI":"JAWA BARAT","ID_KABKOT":"32.01","KABKOT":"BOGOR","ID_KEC":"32.01.32","KECAMATAN":"KLAPANUNGGAL","ID_DESA":"32.01.32.2003","DESA":"NAMBO","LONGITUDE":106.9263036,"LATITUDE":-6.4598467,"STATUS":"BUKA","TANGGAL UPDATE":"27/02/2025","TANGGAL PENGUMPULAN":"Q4 2023","q":27458,"r":-15169}},{"type":"Feature","geometry":{"coordinates":[106.75898610000007,-6.587958499999957],"type":"Point"},"properties":{"NAMA":"KEBAB TURKI BABA RAFI TAMAN PAGELARAN","TIPE_1":"MAKANAN DAN MINUMAN","TIPE_2":"RESTORAN","TIPE_3":"RESTORAN TIMUR TENGAH","TELEPON":"0811-1614-844","ALAMAT":"JL. RAYA LALADON NO.17 RT/RW 03/06, LALADON, CIOMAS, BOGOR REGENCY, WEST JAVA 16610","ID_PROV":"32","PROVINSI":"JAWA BARAT","ID_KABKOT":"32.01","KABKOT":"BOGOR","ID_KEC":"32.01.29","KECAMATAN":"CIOMAS","ID_DESA":"32.01.29.2010","DESA":"LALADON","LONGITUDE":106.7589861,"LATITUDE":-6.5879585,"STATUS":"BUKA","TANGGAL UPDATE":"27/02/2025","TANGGAL PENGUMPULAN":"Q4 2023","q":27415,"r":-15176}},{"type":"Feature","geometry":{"coordinates":[106.71151390000006,-6.618961299999967],"type":"Point"},"properties":{"NAMA":"KEBAB SULTAN","TIPE_1":"MAKANAN DAN MINUMAN","TIPE_2":"RESTORAN","TIPE_3":"RESTORAN TIMUR TENGAH","TELEPON":"","ALAMAT":"SITU DAUN, KEC. TENJOLAYA, KABUPATEN BOGOR, JAWA BARAT 16370","ID_PROV":"32","PROVINSI":"JAWA BARAT","ID_KABKOT":"32.01","KABKOT":"BOGOR","ID_KEC":"32.01.40","KECAMATAN":"TENJOLAYA","ID_DESA":"32.01.40.2004","DESA":"SITUDAUN","LONGITUDE":106.7115139,"LATITUDE":-6.6189613,"STATUS":"BUKA","TANGGAL UPDATE":"27/02/2025","TANGGAL PENGUMPULAN":"Q4 2023","q":27403,"r":-15177}},{"type":"Feature","geometry":{"coordinates":[106.92768750000005,-6.443312499999934],"type":"Point"},"properties":{"NAMA":"FADRI KEBAB","TIPE_1":"MAKANAN DAN MINUMAN","TIPE_2":"RESTORAN","TIPE_3":"RESTORAN TIMUR TENGAH","TELEPON":"0898-0352-758","ALAMAT":"KP. BOJONG NO.RT.002/015, CICADAS, KEC. GN. PUTRI, KABUPATEN BOGOR, JAWA BARAT 16964","ID_PROV":"32","PROVINSI":"JAWA BARAT","ID_KABKOT":"32.01","KABKOT":"BOGOR","ID_KEC":"32.01.02","KECAMATAN":"GUNUNG PUTRI","ID_DESA":"32.01.02.2007","DESA":"CICADAS","LONGITUDE":106.927687499999,"LATITUDE":-6.4433125,"STATUS":"BUKA","TANGGAL UPDATE":"27/02/2025","TANGGAL PENGUMPULAN":"Q4 2023","q":27458,"r":-15165}},{"type":"Feature","geometry":{"coordinates":[106.77395080000008,-6.501595399999928],"type":"Point"},"properties":{"NAMA":"TOKO KEBAB TURKI PRATAMA","TIPE_1":"MAKANAN DAN MINUMAN","TIPE_2":"RESTORAN","TIPE_3":"RESTORAN TIMUR TENGAH","TELEPON":"","ALAMAT":"JL. KP. CIPEUCANG, CIMANGGIS, KECAMATAN BOJONGGEDE, KABUPATEN BOGOR, JAWA BARAT 16920","ID_PROV":"32","PROVINSI":"JAWA BARAT","ID_KABKOT":"32.01","KABKOT":"BOGOR","ID_KEC":"32.01.13","KECAMATAN":"BOJONG GEDE","ID_DESA":"32.01.13.2002","DESA":"CIMANGGIS","LONGITUDE":106.7739508,"LATITUDE":-6.5015954,"STATUS":"BUKA","TANGGAL UPDATE":"27/02/2025","TANGGAL PENGUMPULAN":"Q4 2023","q":27419,"r":-15158}},{"type":"Feature","geometry":{"coordinates":[106.90553290000008,-6.516167499999938],"type":"Point"},"properties":{"NAMA":"SAUDIAN KEBAB","TIPE_1":"MAKANAN DAN MINUMAN","TIPE_2":"RESTORAN","TIPE_3":"RESTORAN TIMUR TENGAH","TELEPON":"0857-1121-5833","ALAMAT":"JL. RAYA TAJUR NO.8, TAJUR, KEC. CITEUREUP, KABUPATEN BOGOR, JAWA BARAT 16810","ID_PROV":"32","PROVINSI":"JAWA BARAT","ID_KABKOT":"32.01","KABKOT":"BOGOR","ID_KEC":"32.01.03","KECAMATAN":"CITEUREUP","ID_DESA":"32.01.03.2004","DESA":"TAJUR","LONGITUDE":106.9055329,"LATITUDE":-6.5161675,"STATUS":"BUKA","TANGGAL UPDATE":"27/02/2025","TANGGAL PENGUMPULAN":"Q4 2023","q":27453,"r":-15179}},{"type":"Feature","geometry":{"coordinates":[106.76146640000007,-6.60155009999994],"type":"Point"},"properties":{"NAMA":"KEBAB TOKYO SHAWARMA","TIPE_1":"MAKANAN DAN MINUMAN","TIPE_2":"RESTORAN","TIPE_3":"RESTORAN TIMUR TENGAH","TELEPON":"0838-0736-9963","ALAMAT":"JL. RAYA CIOMAS KRETEG NO.3-5, PAGELARAN, KEC. CIOMAS, KABUPATEN BOGOR, JAWA BARAT 16610","ID_PROV":"32","PROVINSI":"JAWA BARAT","ID_KABKOT":"32.01","KABKOT":"BOGOR","ID_KEC":"32.01.29","KECAMATAN":"CIOMAS","ID_DESA":"32.01.29.1003","DESA":"PADASUKA","LONGITUDE":106.761466399999,"LATITUDE":-6.6015501,"STATUS":"BUKA","TANGGAL UPDATE":"27/02/2025","TANGGAL PENGUMPULAN":"Q4 2023","q":27416,"r":-15179}},{"type":"Feature","geometry":{"coordinates":[106.91809970000008,-6.436764399999959],"type":"Point"},"properties":{"NAMA":"KEBAB IZDIHAR","TIPE_1":"MAKANAN DAN MINUMAN","TIPE_2":"RESTORAN","TIPE_3":"RESTORAN TIMUR TENGAH","TELEPON":"0857-5157-4223","ALAMAT":"CICADAS, KEC. GN. PUTRI, KABUPATEN BOGOR, JAWA BARAT","ID_PROV":"32","PROVINSI":"JAWA BARAT","ID_KABKOT":"32.01","KABKOT":"BOGOR","ID_KEC":"32.01.02","KECAMATAN":"GUNUNG PUTRI","ID_DESA":"32.01.02.2007","DESA":"CICADAS","LONGITUDE":106.9180997,"LATITUDE":-6.4367644,"STATUS":"BUKA","TANGGAL UPDATE":"27/02/2025","TANGGAL PENGUMPULAN":"Q4 2023","q":27456,"r":-15162}},{"type":"Feature","geometry":{"coordinates":[106.49095330000006,-6.589382499999942],"type":"Point"},"properties":{"NAMA":"KEBAYAN (KEBAB BANG RIYAN)","TIPE_1":"MAKANAN DAN MINUMAN","TIPE_2":"RESTORAN","TIPE_3":"RESTORAN TIMUR TENGAH","TELEPON":"","ALAMAT":"JL. PASIR MADANG, SUKAMULIH, KEC. SUKAJAYA, KABUPATEN BOGOR, JAWA BARAT 16660","ID_PROV":"32","PROVINSI":"JAWA BARAT","ID_KABKOT":"32.01","KABKOT":"BOGOR","ID_KEC":"32.01.35","KECAMATAN":"SUKAJAYA","ID_DESA":"32.01.35.2011","DESA":"JAYARAHARJA","LONGITUDE":106.4909533,"LATITUDE":-6.5893825,"STATUS":"BUKA","TANGGAL UPDATE":"27/02/2025","TANGGAL PENGUMPULAN":"Q4 2023","q":27346,"r":-15142}},{"type":"Feature","geometry":{"coordinates":[106.87655370000004,-6.654543899999965],"type":"Point"},"properties":{"NAMA":"MARWAH KEBAB","TIPE_1":"MAKANAN DAN MINUMAN","TIPE_2":"RESTORAN","TIPE_3":"RESTORAN TIMUR TENGAH","TELEPON":"","ALAMAT":"JL. RAYA PUNCAK GADOG, CIPAYUNG DATAR, KEC. MEGAMENDUNG, KABUPATEN BOGOR, JAWA BARAT 16770","ID_PROV":"32","PROVINSI":"JAWA BARAT","ID_KABKOT":"32.01","KABKOT":"BOGOR","ID_KEC":"32.01.26","KECAMATAN":"MEGAMENDUNG","ID_DESA":"32.01.26.2006","DESA":"CIPAYUNG","LONGITUDE":106.876553699999,"LATITUDE":-6.6545439,"STATUS":"BUKA","TANGGAL UPDATE":"27/02/2025","TANGGAL PENGUMPULAN":"Q4 2023","q":27445,"r":-15206}},{"type":"Feature","geometry":{"coordinates":[106.84410330000009,-6.476071699999977],"type":"Point"},"properties":{"NAMA":"SYUKRON KEBAB","TIPE_1":"MAKANAN DAN MINUMAN","TIPE_2":"RESTORAN","TIPE_3":"RESTORAN TIMUR TENGAH","TELEPON":"","ALAMAT":"CIBINONG NO, JL. RAYA CIKARET NO.6, PAKANSARI, KEC. CIBINONG, KABUPATEN BOGOR, JAWA BARAT 16914","ID_PROV":"32","PROVINSI":"JAWA BARAT","ID_KABKOT":"32.01","KABKOT":"BOGOR","ID_KEC":"32.01.01","KECAMATAN":"CIBINONG","ID_DESA":"32.01.01.1007","DESA":"PAKANSARI","LONGITUDE":106.8441033,"LATITUDE":-6.4760717,"STATUS":"BUKA","TANGGAL UPDATE":"27/02/2025","TANGGAL PENGUMPULAN":"Q4 2023","q":27437,"r":-15162}},{"type":"Feature","geometry":{"coordinates":[106.93510380000004,-6.405376399999966],"type":"Point"},"properties":{"NAMA":"KEBAB MAS AVIZ JALAN BARU","TIPE_1":"MAKANAN DAN MINUMAN","TIPE_2":"RESTORAN","TIPE_3":"RESTORAN TIMUR TENGAH","TELEPON":"0812-2466-0566","ALAMAT":"CIKEAS UDIK, KEC. GN. PUTRI, KABUPATEN BOGOR, JAWA BARAT 16966","ID_PROV":"32","PROVINSI":"JAWA BARAT","ID_KABKOT":"32.01","KABKOT":"BOGOR","ID_KEC":"32.01.02","KECAMATAN":"GUNUNG PUTRI","ID_DESA":"32.01.02.2008","DESA":"CIKEAS UDIK","LONGITUDE":106.9351038,"LATITUDE":-6.4053764,"STATUS":"BUKA","TANGGAL UPDATE":"27/02/2025","TANGGAL PENGUMPULAN":"Q4 2023","q":27460,"r":-15158}},{"type":"Feature","geometry":{"coordinates":[106.82463630000007,-6.462610499999926],"type":"Point"},"properties":{"NAMA":"KEBAB TURKI NADIF","TIPE_1":"MAKANAN DAN MINUMAN","TIPE_2":"RESTORAN","TIPE_3":"RESTORAN TIMUR TENGAH","TELEPON":"","ALAMAT":"JL. RAYA PONDOK RAJEG NO.7, PD. RAJEG, KEC. CIBINONG, KABUPATEN BOGOR, JAWA BARAT 16914","ID_PROV":"32","PROVINSI":"JAWA BARAT","ID_KABKOT":"32.01","KABKOT":"BOGOR","ID_KEC":"32.01.01","KECAMATAN":"CIBINONG","ID_DESA":"32.01.01.1001","DESA":"PONDOK RAJEG","LONGITUDE":106.8246363,"LATITUDE":-6.4626105,"STATUS":"BUKA","TANGGAL UPDATE":"27/02/2025","TANGGAL PENGUMPULAN":"Q4 2023","q":27432,"r":-15156}},{"type":"Feature","geometry":{"coordinates":[106.96850990000007,-6.444770199999937],"type":"Point"},"properties":{"NAMA":"KEBAB TURKI ABOEBAH RAFFA ARRAFI SEMERU GRAND KAHURIPAN","TIPE_1":"MAKANAN DAN MINUMAN","TIPE_2":"RESTORAN","TIPE_3":"RESTORAN TIMUR TENGAH","TELEPON":"0813-8118-5911","ALAMAT":"JL. SEMERU BLK. HA NO.7, KLAPANUNGGAL, KEC. KLAPANUNGGAL, KABUPATEN BOGOR, JAWA BARAT 16820","ID_PROV":"32","PROVINSI":"JAWA BARAT","ID_KABKOT":"32.01","KABKOT":"BOGOR","ID_KEC":"32.01.32","KECAMATAN":"KLAPANUNGGAL","ID_DESA":"32.01.32.2001","DESA":"KLAPANUNGGAL","LONGITUDE":106.9685099,"LATITUDE":-6.4447702,"STATUS":"BUKA","TANGGAL UPDATE":"27/02/2025","TANGGAL PENGUMPULAN":"Q4 2023","q":27469,"r":-15171}},{"type":"Feature","geometry":{"coordinates":[106.79646660000009,-6.541295399999967],"type":"Point"},"properties":{"NAMA":"KEBAB TURKI ATHAYA","TIPE_1":"MAKANAN DAN MINUMAN","TIPE_2":"RESTORAN","TIPE_3":"RESTORAN TIMUR TENGAH","TELEPON":"0812-9985-3626","ALAMAT":"JL. JEMB. 3 KP. BABAKAN JAYA, RT.001/RW.003, CILEBUT BAR., KEC. SUKARAJA, KABUPATEN BOGOR, JAWA BARAT 16710","ID_PROV":"32","PROVINSI":"JAWA BARAT","ID_KABKOT":"32.01","KABKOT":"BOGOR","ID_KEC":"32.01.04","KECAMATAN":"SUKARAJA","ID_DESA":"32.01.04.2003","DESA":"CILEBUT BARAT","LONGITUDE":106.7964666,"LATITUDE":-6.5412954,"STATUS":"BUKA","TANGGAL UPDATE":"27/02/2025","TANGGAL PENGUMPULAN":"Q4 2023","q":27425,"r":-15170}},{"type":"Feature","geometry":{"coordinates":[106.79078490000006,-6.488152799999966],"type":"Point"},"properties":{"NAMA":"STARBABS","TIPE_1":"MAKANAN DAN MINUMAN","TIPE_2":"RESTORAN","TIPE_3":"RESTORAN TIMUR TENGAH","TELEPON":"0896-3528-3336","ALAMAT":"JL. KP. SAWAH INDAH NO.12, SUKMAJAYA, KEC. TAJUR HALANG, KABUPATEN BOGOR, JAWA BARAT 16920","ID_PROV":"32","PROVINSI":"JAWA BARAT","ID_KABKOT":"32.01","KABKOT":"BOGOR","ID_KEC":"32.01.13","KECAMATAN":"BOJONG GEDE","ID_DESA":"32.01.13.2003","DESA":"SUSUKAN","LONGITUDE":106.790784899999,"LATITUDE":-6.4881528,"STATUS":"BUKA","TANGGAL UPDATE":"27/02/2025","TANGGAL PENGUMPULAN":"Q4 2023","q":27423,"r":-15158}},{"type":"Feature","geometry":{"coordinates":[106.86111080000006,-6.655227399999944],"type":"Point"},"properties":{"NAMA":"KEBAB TURKI RAYYAN GADOG","TIPE_1":"MAKANAN DAN MINUMAN","TIPE_2":"RESTORAN","TIPE_3":"RESTORAN TIMUR TENGAH","TELEPON":"","ALAMAT":"JL. MEGAMENDUNG - CIAWI NO.922, GADOG, KEC. MEGAMENDUNG, KABUPATEN BOGOR, JAWA BARAT 16770","ID_PROV":"32","PROVINSI":"JAWA BARAT","ID_KABKOT":"32.01","KABKOT":"BOGOR","ID_KEC":"32.01.26","KECAMATAN":"MEGAMENDUNG","ID_DESA":"32.01.26.2003","DESA":"GADOG","LONGITUDE":106.861110799999,"LATITUDE":-6.6552274,"STATUS":"BUKA","TANGGAL UPDATE":"27/02/2025","TANGGAL PENGUMPULAN":"Q4 2023","q":27441,"r":-15204}},{"type":"Feature","geometry":{"coordinates":[106.85357210000006,-6.451451099999929],"type":"Point"},"properties":{"NAMA":"ISTANBUL KEBAB TURKI CAB RAYA BOGOR","TIPE_1":"MAKANAN DAN MINUMAN","TIPE_2":"RESTORAN","TIPE_3":"RESTORAN TIMUR TENGAH","TELEPON":"","ALAMAT":"JLN. RAYA BOGOR KM 40,7 RT/RW 01/01, PABUARAN, CIBINONG, BOGOR REGENCY, WEST JAVA 16916","ID_PROV":"32","PROVINSI":"JAWA BARAT","ID_KABKOT":"32.01","KABKOT":"BOGOR","ID_KEC":"32.01.01","KECAMATAN":"CIBINONG","ID_DESA":"32.01.01.1013","DESA":"PABUARAN MEKAR","LONGITUDE":106.8535721,"LATITUDE":-6.4514511,"STATUS":"BUKA","TANGGAL UPDATE":"27/02/2025","TANGGAL PENGUMPULAN":"Q4 2023","q":27439,"r":-15157}},{"type":"Feature","geometry":{"coordinates":[106.98060760000004,-6.444993099999976],"type":"Point"},"properties":{"NAMA":"KEBAB KHAS TURKI","TIPE_1":"MAKANAN DAN MINUMAN","TIPE_2":"RESTORAN","TIPE_3":"RESTORAN TIMUR TENGAH","TELEPON":"0812-8379-2025","ALAMAT":"CIKAHURIPAN, KEC. KLAPANUNGGAL, KABUPATEN BOGOR, JAWA BARAT 16710","ID_PROV":"32","PROVINSI":"JAWA BARAT","ID_KABKOT":"32.01","KABKOT":"BOGOR","ID_KEC":"32.01.32","KECAMATAN":"KLAPANUNGGAL","ID_DESA":"32.01.32.2005","DESA":"CIKAHURIPAN","LONGITUDE":106.9806076,"LATITUDE":-6.4449931,"STATUS":"BUKA","TANGGAL UPDATE":"27/02/2025","TANGGAL PENGUMPULAN":"Q4 2023","q":27472,"r":-15172}},{"type":"Feature","geometry":{"coordinates":[106.75867740000007,-6.601945099999966],"type":"Point"},"properties":{"NAMA":"KEBAB BABA AJI","TIPE_1":"MAKANAN DAN MINUMAN","TIPE_2":"RESTORAN","TIPE_3":"RESTORAN TIMUR TENGAH","TELEPON":"","ALAMAT":"PADASUKA, KEC. CIOMAS, KABUPATEN BOGOR, JAWA BARAT 16610","ID_PROV":"32","PROVINSI":"JAWA BARAT","ID_KABKOT":"32.01","KABKOT":"BOGOR","ID_KEC":"32.01.29","KECAMATAN":"CIOMAS","ID_DESA":"32.01.29.1003","DESA":"PADASUKA","LONGITUDE":106.7586774,"LATITUDE":-6.6019451,"STATUS":"BUKA","TANGGAL UPDATE":"27/02/2025","TANGGAL PENGUMPULAN":"Q4 2023","q":27415,"r":-15179}},{"type":"Feature","geometry":{"coordinates":[106.68639580000007,-6.565922599999965],"type":"Point"},"properties":{"NAMA":"KEBAB TURKI SI BABA","TIPE_1":"MAKANAN DAN MINUMAN","TIPE_2":"RESTORAN","TIPE_3":"RESTORAN TIMUR TENGAH","TELEPON":"","ALAMAT":"KP. DUKUH, RT.006/RW.004, CIBADAK, KEC. CIAMPEA, KABUPATEN BOGOR, JAWA BARAT 16620","ID_PROV":"32","PROVINSI":"JAWA BARAT","ID_KABKOT":"32.01","KABKOT":"BOGOR","ID_KEC":"32.01.15","KECAMATAN":"CIAMPEA","ID_DESA":"32.01.15.2007","DESA":"CICADAS","LONGITUDE":106.6863958,"LATITUDE":-6.5659226,"STATUS":"BUKA","TANGGAL UPDATE":"27/02/2025","TANGGAL PENGUMPULAN":"Q4 2023","q":27396,"r":-15162}},{"type":"Feature","geometry":{"coordinates":[106.97269630000005,-6.39778739999997],"type":"Point"},"properties":{"NAMA":"KEBAB TURKI BABA TRI","TIPE_1":"MAKANAN DAN MINUMAN","TIPE_2":"RESTORAN","TIPE_3":"RESTORAN TIMUR TENGAH","TELEPON":"0878-7222-9737","ALAMAT":"JLN METROPOLITAN RUKO PTM 1, JL. METLAND TRANSYOGIE NO.17, KABUPATEN BOGOR, JAWA BARAT 16820","ID_PROV":"32","PROVINSI":"JAWA BARAT","ID_KABKOT":"32.01","KABKOT":"BOGOR","ID_KEC":"32.01.07","KECAMATAN":"CILEUNGSI","ID_DESA":"32.01.07.2011","DESA":"LIMUSNUNGGAL","LONGITUDE":106.9726963,"LATITUDE":-6.3977874,"STATUS":"BUKA","TANGGAL UPDATE":"27/02/2025","TANGGAL PENGUMPULAN":"Q4 2023","q":27470,"r":-15161}},{"type":"Feature","geometry":{"coordinates":[106.98899210000008,-6.386879599999929],"type":"Point"},"properties":{"NAMA":"MIE AYAM CINCANG ACAI CHINESE FOOD","TIPE_1":"MAKANAN DAN MINUMAN","TIPE_2":"RESTORAN","TIPE_3":"RESTORAN CINA","TELEPON":"0813-1664-9181","ALAMAT":"JL. BOULEVARD METLAND CILEUNGSI NO.12, CIPENJO, KEC. CILEUNGSI, KABUPATEN BOGOR, JAWA BARAT 16820","ID_PROV":"32","PROVINSI":"JAWA BARAT","ID_KABKOT":"32.01","KABKOT":"BOGOR","ID_KEC":"32.01.07","KECAMATAN":"CILEUNGSI","ID_DESA":"32.01.07.2010","DESA":"CIPENJO","LONGITUDE":106.988992099999,"LATITUDE":-6.3868796,"STATUS":"BUKA","TANGGAL UPDATE":"27/02/2025","TANGGAL PENGUMPULAN":"Q4 2023","q":27474,"r":-15160}},{"type":"Feature","geometry":{"coordinates":[106.92696240000004,-6.671407299999942],"type":"Point"},"properties":{"NAMA":"DIM SUM YUM","TIPE_1":"MAKANAN DAN MINUMAN","TIPE_2":"RESTORAN","TIPE_3":"RESTORAN CINA","TELEPON":"","ALAMAT":"JL. RAYA PUNCAK - CIANJUR NO.520, KOPO, KEC. CISARUA, KABUPATEN BOGOR, JAWA BARAT 16750","ID_PROV":"32","PROVINSI":"JAWA BARAT","ID_KABKOT":"32.01","KABKOT":"BOGOR","ID_KEC":"32.01.25","KECAMATAN":"CISARUA","ID_DESA":"32.01.25.2008","DESA":"KOPO","LONGITUDE":106.9269624,"LATITUDE":-6.6714073,"STATUS":"BUKA","TANGGAL UPDATE":"27/02/2025","TANGGAL PENGUMPULAN":"Q4 2023","q":27458,"r":-15216}},{"type":"Feature","geometry":{"coordinates":[106.94774320000005,-6.684464899999966],"type":"Point"},"properties":{"NAMA":"CAHAYA SARI","TIPE_1":"MAKANAN DAN MINUMAN","TIPE_2":"RESTORAN","TIPE_3":"RESTORAN CINA","TELEPON":"0858-1969-2241","ALAMAT":"JL. RAYA PUNCAK GADOG NO.KM.83, RT.03/RW.10, CIBEUREUM, KEC. CISARUA, KABUPATEN BOGOR, JAWA BARAT 16750","ID_PROV":"32","PROVINSI":"JAWA BARAT","ID_KABKOT":"32.01","KABKOT":"BOGOR","ID_KEC":"32.01.25","KECAMATAN":"CISARUA","ID_DESA":"32.01.25.2003","DESA":"CIBEUREUM","LONGITUDE":106.947743199999,"LATITUDE":-6.6844649,"STATUS":"BUKA","TANGGAL UPDATE":"27/02/2025","TANGGAL PENGUMPULAN":"Q4 2023","q":27464,"r":-15222}},{"type":"Feature","geometry":{"coordinates":[106.93867710000006,-6.687058],"type":"Point"},"properties":{"NAMA":"SATOE DIMSUM","TIPE_1":"MAKANAN DAN MINUMAN","TIPE_2":"RESTORAN","TIPE_3":"RESTORAN CINA","TELEPON":"0878-3849-0306","ALAMAT":"JL. RAYA PUNCAK - GADOG NO.KM. 83, CIBEUREUM, CISARUA, BOGOR REGENCY, WEST JAVA 16750","ID_PROV":"32","PROVINSI":"JAWA BARAT","ID_KABKOT":"32.01","KABKOT":"BOGOR","ID_KEC":"32.01.25","KECAMATAN":"CISARUA","ID_DESA":"32.01.25.1010","DESA":"CISARUA","LONGITUDE":106.938677099999,"LATITUDE":-6.687058,"STATUS":"BUKA","TANGGAL UPDATE":"27/02/2025","TANGGAL PENGUMPULAN":"Q4 2023","q":27461,"r":-15221}},{"type":"Feature","geometry":{"coordinates":[106.49606190000009,-6.498988],"type":"Point"},"properties":{"NAMA":"SANDI","TIPE_1":"MAKANAN DAN MINUMAN","TIPE_2":"RESTORAN","TIPE_3":"RESTORAN JEPANG","TELEPON":"","ALAMAT":"UNNAMED ROAD, KALONGSAWAH, JASINGA, BOGOR, JAWA BARAT 16670, KALONGSAWAH, KEC. JASINGA, KABUPATEN BOGOR, JAWA BARAT 2019","ID_PROV":"32","PROVINSI":"JAWA BARAT","ID_KABKOT":"32.01","KABKOT":"BOGOR","ID_KEC":"32.01.19","KECAMATAN":"JASINGA","ID_DESA":"32.01.19.2003","DESA":"KALONGSAWAH","LONGITUDE":106.4960619,"LATITUDE":-6.498988,"STATUS":"BUKA","TANGGAL UPDATE":"27/02/2025","TANGGAL PENGUMPULAN":"Q4 2023","q":27348,"r":-15122}},{"type":"Feature","geometry":{"coordinates":[106.49908850000008,-6.519522399999971],"type":"Point"},"properties":{"NAMA":"LUAY RESTO","TIPE_1":"MAKANAN DAN MINUMAN","TIPE_2":"RESTORAN","TIPE_3":"RESTORAN JEPANG","TELEPON":"0857-1076-6621","ALAMAT":"BUNAR, KEC. CIGUDEG, KABUPATEN BOGOR, JAWA BARAT 16660","ID_PROV":"32","PROVINSI":"JAWA BARAT","ID_KABKOT":"32.01","KABKOT":"BOGOR","ID_KEC":"32.01.22","KECAMATAN":"CIGUDEG","ID_DESA":"32.01.22.2003","DESA":"BUNAR","LONGITUDE":106.4990885,"LATITUDE":-6.5195224,"STATUS":"BUKA","TANGGAL UPDATE":"27/02/2025","TANGGAL PENGUMPULAN":"Q4 2023","q":27348,"r":-15127}},{"type":"Feature","geometry":{"coordinates":[106.55375870000006,-6.342288099999962],"type":"Point"},"properties":{"NAMA":"LUAY RESTO","TIPE_1":"MAKANAN DAN MINUMAN","TIPE_2":"RESTORAN","TIPE_3":"RESTORAN JEPANG","TELEPON":"0857-1076-6621","ALAMAT":"JL. RAYA CIBUNAR, CIBUNAR, KEC. PARUNG PANJANG, KABUPATEN BOGOR, JAWA BARAT 16360","ID_PROV":"32","PROVINSI":"JAWA BARAT","ID_KABKOT":"32.01","KABKOT":"BOGOR","ID_KEC":"32.01.20","KECAMATAN":"PARUNG PANJANG","ID_DESA":"32.01.20.2008","DESA":"CIBUNAR","LONGITUDE":106.553758699999,"LATITUDE":-6.3422881,"STATUS":"BUKA","TANGGAL UPDATE":"27/02/2025","TANGGAL PENGUMPULAN":"Q4 2023","q":27362,"r":-15095}},{"type":"Feature","geometry":{"coordinates":[106.96185930000007,-6.698198799999943],"type":"Point"},"properties":{"NAMA":"RUNGKUN AWI","TIPE_1":"MAKANAN DAN MINUMAN","TIPE_2":"RESTORAN","TIPE_3":"RESTORAN NUSANTARA","TELEPON":"0856-9903-969","ALAMAT":"JALAN RAYA PUNCAK, PRA ASIA AFRIKA 9, CISAMPAY, TUGU SEL., KEC. CISARUA, KABUPATEN BOGOR, JAWA BARAT 16750","ID_PROV":"32","PROVINSI":"JAWA BARAT","ID_KABKOT":"32.01","KABKOT":"BOGOR","ID_KEC":"32.01.25","KECAMATAN":"CISARUA","ID_DESA":"32.01.25.2006","DESA":"TUGU SELATAN","LONGITUDE":106.9618593,"LATITUDE":-6.6981988,"STATUS":"BUKA","TANGGAL UPDATE":"27/02/2025","TANGGAL PENGUMPULAN":"Q4 2023","q":27467,"r":-15227}},{"type":"Feature","geometry":{"coordinates":[106.74862660000008,-6.449733699999967],"type":"Point"},"properties":{"NAMA":"KEDAI SKU","TIPE_1":"MAKANAN DAN MINUMAN","TIPE_2":"RESTORAN","TIPE_3":"KAFE DAN RESTO","TELEPON":"","ALAMAT":"CITAYAM, KEC. TAJUR HALANG, KABUPATEN BOGOR, JAWA BARAT 16320","ID_PROV":"32","PROVINSI":"JAWA BARAT","ID_KABKOT":"32.01","KABKOT":"BOGOR","ID_KEC":"32.01.37","KECAMATAN":"TAJURHALANG","ID_DESA":"32.01.37.2003","DESA":"SASAK PANJANG","LONGITUDE":106.7486266,"LATITUDE":-6.4497337,"STATUS":"BUKA","TANGGAL UPDATE":"27/02/2025","TANGGAL PENGUMPULAN":"Q4 2023","q":27412,"r":-15144}},{"type":"Feature","geometry":{"coordinates":[106.7975479,-6.4561628],"type":"Point"},"properties":{"NAMA":"WAKATOBI CAFE&RESTO","TIPE_1":"MAKANAN DAN MINUMAN","TIPE_2":"RESTORAN","TIPE_3":"NASI GORENG","TELEPON":"0821-2457-5799","ALAMAT":"PABUARAN, KECAMATAN BOJONGGEDE, KABUPATEN BOGOR, JAWA BARAT 16921","ID_PROV":"32","PROVINSI":"JAWA BARAT","ID_KABKOT":"32.01","KABKOT":"BOGOR","ID_KEC":"32.01.13","KECAMATAN":"BOJONG GEDE","ID_DESA":"32.01.13.1007","DESA":"PABUARAN","LONGITUDE":106.7975479,"LATITUDE":-6.4561628,"STATUS":"BUKA","TANGGAL UPDATE":"27/02/2025","TANGGAL PENGUMPULAN":"Q4 2023","q":27425,"r":-15151}},{"type":"Feature","geometry":{"coordinates":[106.8676484,-6.6532972],"type":"Point"},"properties":{"NAMA":"NASI GORENG MANG MAMA","TIPE_1":"MAKANAN DAN MINUMAN","TIPE_2":"RESTORAN","TIPE_3":"NASI GORENG","TELEPON":"0857-8230-7747","ALAMAT":"JL. RAYA GADOK, PANDANSARI, KEC. CIAWI, KABUPATEN BOGOR, JAWA BARAT 16720","ID_PROV":"32","PROVINSI":"JAWA BARAT","ID_KABKOT":"32.01","KABKOT":"BOGOR","ID_KEC":"32.01.24","KECAMATAN":"CIAWI","ID_DESA":"32.01.24.2009","DESA":"PANDAN SARI","LONGITUDE":106.8676484,"LATITUDE":-6.6532972,"STATUS":"BUKA","TANGGAL UPDATE":"27/02/2025","TANGGAL PENGUMPULAN":"Q4 2023","q":27443,"r":-15204}},{"type":"Feature","geometry":{"coordinates":[106.8507403,-6.6592488],"type":"Point"},"properties":{"NAMA":"NASI GORENG PUTRA KUNINGAN (MANG SADUN)","TIPE_1":"MAKANAN DAN MINUMAN","TIPE_2":"RESTORAN","TIPE_3":"NASI GORENG","TELEPON":"0813-1565-1734","ALAMAT":"JL. KH RM TOHA NO.1, BENDUNGAN, KEC. CIAWI, KABUPATEN BOGOR, JAWA BARAT 16720","ID_PROV":"32","PROVINSI":"JAWA BARAT","ID_KABKOT":"32.01","KABKOT":"BOGOR","ID_KEC":"32.01.24","KECAMATAN":"CIAWI","ID_DESA":"32.01.24.2008","DESA":"BENDUNGAN","LONGITUDE":106.8507403,"LATITUDE":-6.6592488,"STATUS":"BUKA","TANGGAL UPDATE":"27/02/2025","TANGGAL PENGUMPULAN":"Q4 2023","q":27439,"r":-15204}},{"type":"Feature","geometry":{"coordinates":[106.9018864,-6.6499914],"type":"Point"},"properties":{"NAMA":"RUMAH MAKAN MAS MISKUN CIPAYUNG PUNCAK BOGOR","TIPE_1":"MAKANAN DAN MINUMAN","TIPE_2":"RESTORAN","TIPE_3":"NASI GORENG","TELEPON":"0877-7333-0482","ALAMAT":"JL. RAYA PUNCAK GADOG NO.KM. 76, CIPAYUNG GIRANG, KEC. MEGAMENDUNG, KABUPATEN BOGOR, JAWA BARAT 16770","ID_PROV":"32","PROVINSI":"JAWA BARAT","ID_KABKOT":"32.01","KABKOT":"BOGOR","ID_KEC":"32.01.26","KECAMATAN":"MEGAMENDUNG","ID_DESA":"32.01.26.2009","DESA":"CIPAYUNG GIRANG","LONGITUDE":106.9018864,"LATITUDE":-6.6499914,"STATUS":"BUKA","TANGGAL UPDATE":"27/02/2025","TANGGAL PENGUMPULAN":"Q4 2023","q":27452,"r":-15208}},{"type":"Feature","geometry":{"coordinates":[106.88316169999999,-6.6518643],"type":"Point"},"properties":{"NAMA":"WARUNG SATE HAJI KADIR 5","TIPE_1":"MAKANAN DAN MINUMAN","TIPE_2":"RESTORAN","TIPE_3":"NASI GORENG","TELEPON":"(0251) 8251144","ALAMAT":"JL. RAYA CIBOGO PUNCAK NO.2, CIPAYUNG DATAR, KEC. MEGAMENDUNG, KABUPATEN BOGOR, JAWA BARAT 16770","ID_PROV":"32","PROVINSI":"JAWA BARAT","ID_KABKOT":"32.01","KABKOT":"BOGOR","ID_KEC":"32.01.26","KECAMATAN":"MEGAMENDUNG","ID_DESA":"32.01.26.2006","DESA":"CIPAYUNG","LONGITUDE":106.8831617,"LATITUDE":-6.6518643,"STATUS":"BUKA","TANGGAL UPDATE":"27/02/2025","TANGGAL PENGUMPULAN":"Q4 2023","q":27447,"r":-15206}},{"type":"Feature","geometry":{"coordinates":[106.86322159999999,-6.6543012],"type":"Point"},"properties":{"NAMA":"WAROENG GUMATI CAFE & RESTO","TIPE_1":"MAKANAN DAN MINUMAN","TIPE_2":"RESTORAN","TIPE_3":"NASI GORENG","TELEPON":"0812-8482-9638","ALAMAT":"JL. RAYA PUNCAK - GADOG NO.591, PANDANSARI, KEC. CISARUA, KABUPATEN BOGOR, JAWA BARAT 16750","ID_PROV":"32","PROVINSI":"JAWA BARAT","ID_KABKOT":"32.01","KABKOT":"BOGOR","ID_KEC":"32.01.24","KECAMATAN":"CIAWI","ID_DESA":"32.01.24.2009","DESA":"PANDAN SARI","LONGITUDE":106.8632216,"LATITUDE":-6.6543012,"STATUS":"BUKA","TANGGAL UPDATE":"27/02/2025","TANGGAL PENGUMPULAN":"Q4 2023","q":27442,"r":-15204}},{"type":"Feature","geometry":{"coordinates":[106.9917303,-6.7008643],"type":"Point"},"properties":{"NAMA":"WARUNG PAK TUO 2","TIPE_1":"MAKANAN DAN MINUMAN","TIPE_2":"RESTORAN","TIPE_3":"NASI GORENG","TELEPON":"","ALAMAT":"TUGU SEL., KEC. CISARUA, KABUPATEN BOGOR, JAWA BARAT 16750","ID_PROV":"32","PROVINSI":"JAWA BARAT","ID_KABKOT":"32.01","KABKOT":"BOGOR","ID_KEC":"32.01.25","KECAMATAN":"CISARUA","ID_DESA":"32.01.25.2009","DESA":"TUGU UTARA","LONGITUDE":106.9917303,"LATITUDE":-6.7008643,"STATUS":"BUKA","TANGGAL UPDATE":"27/02/2025","TANGGAL PENGUMPULAN":"Q4 2023","q":27475,"r":-15231}},{"type":"Feature","geometry":{"coordinates":[106.9540224,-6.6853215],"type":"Point"},"properties":{"NAMA":"BAFAGEH RESTO N CAFE","TIPE_1":"MAKANAN DAN MINUMAN","TIPE_2":"RESTORAN","TIPE_3":"NASI GORENG","TELEPON":"","ALAMAT":"JALAN RAYA PUNCAK - CIANJUR NO.6 TUGU UTARA, TUGU SEL., KEC. CISARUA, KABUPATEN BOGOR, JAWA BARAT 16750","ID_PROV":"32","PROVINSI":"JAWA BARAT","ID_KABKOT":"32.01","KABKOT":"BOGOR","ID_KEC":"32.01.25","KECAMATAN":"CISARUA","ID_DESA":"32.01.25.2006","DESA":"TUGU SELATAN","LONGITUDE":106.9540224,"LATITUDE":-6.6853215,"STATUS":"BUKA","TANGGAL UPDATE":"27/02/2025","TANGGAL PENGUMPULAN":"Q4 2023","q":27465,"r":-15223}},{"type":"Feature","geometry":{"coordinates":[106.8550485,-6.6630357],"type":"Point"},"properties":{"NAMA":"NASI GORENG ENAK","TIPE_1":"MAKANAN DAN MINUMAN","TIPE_2":"RESTORAN","TIPE_3":"NASI GORENG","TELEPON":"","ALAMAT":"JL. RAYA PUNCAK GADOG, BENDUNGAN, KEC. CIAWI, KABUPATEN BOGOR, JAWA BARAT 16720","ID_PROV":"32","PROVINSI":"JAWA BARAT","ID_KABKOT":"32.01","KABKOT":"BOGOR","ID_KEC":"32.01.24","KECAMATAN":"CIAWI","ID_DESA":"32.01.24.2008","DESA":"BENDUNGAN","LONGITUDE":106.8550485,"LATITUDE":-6.6630357,"STATUS":"BUKA","TANGGAL UPDATE":"27/02/2025","TANGGAL PENGUMPULAN":"Q4 2023","q":27440,"r":-15205}},{"type":"Feature","geometry":{"coordinates":[106.99249479999999,-6.699918],"type":"Point"},"properties":{"NAMA":"LESTORAN WARPALT STREETFOOD PUNCAK BOGOR","TIPE_1":"MAKANAN DAN MINUMAN","TIPE_2":"RESTORAN","TIPE_3":"NASI GORENG","TELEPON":"0878-3000-2830","ALAMAT":"PUNCAK BOGOR TUGU SELATAN SAMPING PATUNG PRAMUKA, JL. RAYA PUNCAK GADOG, TUGU UTARA, KEC. CISARUA, KABUPATEN BOGOR, JAWA BARAT 16750","ID_PROV":"32","PROVINSI":"JAWA BARAT","ID_KABKOT":"32.01","KABKOT":"BOGOR","ID_KEC":"32.01.25","KECAMATAN":"CISARUA","ID_DESA":"32.01.25.2009","DESA":"TUGU UTARA","LONGITUDE":106.9924948,"LATITUDE":-6.699918,"STATUS":"BUKA","TANGGAL UPDATE":"27/02/2025","TANGGAL PENGUMPULAN":"Q4 2023","q":27475,"r":-15231}},{"type":"Feature","geometry":{"coordinates":[106.8924628,-6.6508734],"type":"Point"},"properties":{"NAMA":"NASI GORENG DAN PECEL AYAM 72","TIPE_1":"MAKANAN DAN MINUMAN","TIPE_2":"RESTORAN","TIPE_3":"NASI GORENG","TELEPON":"0857-1602-6029","ALAMAT":"CIPAYUNG DATAR, KEC. MEGAMENDUNG, KABUPATEN BOGOR, JAWA BARAT 16770","ID_PROV":"32","PROVINSI":"JAWA BARAT","ID_KABKOT":"32.01","KABKOT":"BOGOR","ID_KEC":"32.01.26","KECAMATAN":"MEGAMENDUNG","ID_DESA":"32.01.26.2006","DESA":"CIPAYUNG","LONGITUDE":106.8924628,"LATITUDE":-6.6508734,"STATUS":"BUKA","TANGGAL UPDATE":"27/02/2025","TANGGAL PENGUMPULAN":"Q4 2023","q":27449,"r":-15207}},{"type":"Feature","geometry":{"coordinates":[106.8507262,-6.6592188],"type":"Point"},"properties":{"NAMA":"NASI GORENG BANG SADUN","TIPE_1":"MAKANAN DAN MINUMAN","TIPE_2":"RESTORAN","TIPE_3":"NASI GORENG","TELEPON":"","ALAMAT":"GG. WR. SERI, CIAWI, KEC. CIAWI, KABUPATEN BOGOR, JAWA BARAT 16720","ID_PROV":"32","PROVINSI":"JAWA BARAT","ID_KABKOT":"32.01","KABKOT":"BOGOR","ID_KEC":"32.01.24","KECAMATAN":"CIAWI","ID_DESA":"32.01.24.2008","DESA":"BENDUNGAN","LONGITUDE":106.8507262,"LATITUDE":-6.6592188,"STATUS":"BUKA","TANGGAL UPDATE":"27/02/2025","TANGGAL PENGUMPULAN":"Q4 2023","q":27439,"r":-15204}},{"type":"Feature","geometry":{"coordinates":[107.0156899,-6.6597922],"type":"Point"},"properties":{"NAMA":"WARUNG PUNCAK DUA JONGGOL","TIPE_1":"MAKANAN DAN MINUMAN","TIPE_2":"RESTORAN","TIPE_3":"NASI GORENG","TELEPON":"0815-3251-1651","ALAMAT":"JL. PUNCAK DUA, SUKAWANGI, KEC. SUKAMAKMUR, KEC. JONGGOL, KABUPATEN BOGOR, JAWA BARAT 16830","ID_PROV":"32","PROVINSI":"JAWA BARAT","ID_KABKOT":"32.01","KABKOT":"BOGOR","ID_KEC":"32.01.09","KECAMATAN":"SUKAMAKMUR","ID_DESA":"32.01.09.2004","DESA":"SUKAWANGI","LONGITUDE":107.0156899,"LATITUDE":-6.6597922,"STATUS":"BUKA","TANGGAL UPDATE":"27/02/2025","TANGGAL PENGUMPULAN":"Q4 2023","q":27481,"r":-15225}},{"type":"Feature","geometry":{"coordinates":[106.9086908,-6.652397],"type":"Point"},"properties":{"NAMA":"DAIRYLAND RIVERSIDE PUNCAK","TIPE_1":"MAKANAN DAN MINUMAN","TIPE_2":"RESTORAN","TIPE_3":"NASI GORENG","TELEPON":"0815-2598-8565","ALAMAT":"JL. RAYA PUNCAK - GADOG KM.77 NO.435, LEUWIMALANG, KEC. CISARUA, KABUPATEN BOGOR, JAWA BARAT 16770","ID_PROV":"32","PROVINSI":"JAWA BARAT","ID_KABKOT":"32.01","KABKOT":"BOGOR","ID_KEC":"32.01.26","KECAMATAN":"MEGAMENDUNG","ID_DESA":"32.01.26.2009","DESA":"CIPAYUNG GIRANG","LONGITUDE":106.9086908,"LATITUDE":-6.652397,"STATUS":"BUKA","TANGGAL UPDATE":"27/02/2025","TANGGAL PENGUMPULAN":"Q4 2023","q":27453,"r":-15209}},{"type":"Feature","geometry":{"coordinates":[106.884613,-6.6519956],"type":"Point"},"properties":{"NAMA":"MIRA SARI","TIPE_1":"MAKANAN DAN MINUMAN","TIPE_2":"RESTORAN","TIPE_3":"NASI GORENG","TELEPON":"(0251) 8253083","ALAMAT":"JL. RAYA PUNCAK GADOG NO.238, CIPAYUNG DATAR, KEC. MEGAMENDUNG, KABUPATEN BOGOR, JAWA BARAT 16770","ID_PROV":"32","PROVINSI":"JAWA BARAT","ID_KABKOT":"32.01","KABKOT":"BOGOR","ID_KEC":"32.01.26","KECAMATAN":"MEGAMENDUNG","ID_DESA":"32.01.26.2006","DESA":"CIPAYUNG","LONGITUDE":106.884613,"LATITUDE":-6.6519956,"STATUS":"BUKA","TANGGAL UPDATE":"27/02/2025","TANGGAL PENGUMPULAN":"Q4 2023","q":27447,"r":-15206}},{"type":"Feature","geometry":{"coordinates":[106.8806228,-6.6521325],"type":"Point"},"properties":{"NAMA":"RESTAURANT RAFFLES","TIPE_1":"MAKANAN DAN MINUMAN","TIPE_2":"RESTORAN","TIPE_3":"NASI GORENG","TELEPON":"0815-1397-5091","ALAMAT":"JL. RAYA CIBOGO PUNCAK NO.82, CIPAYUNG DATAR, KEC. MEGAMENDUNG, KABUPATEN BOGOR, JAWA BARAT 16770","ID_PROV":"32","PROVINSI":"JAWA BARAT","ID_KABKOT":"32.01","KABKOT":"BOGOR","ID_KEC":"32.01.26","KECAMATAN":"MEGAMENDUNG","ID_DESA":"32.01.26.2006","DESA":"CIPAYUNG","LONGITUDE":106.8806228,"LATITUDE":-6.6521325,"STATUS":"BUKA","TANGGAL UPDATE":"27/02/2025","TANGGAL PENGUMPULAN":"Q4 2023","q":27446,"r":-15206}},{"type":"Feature","geometry":{"coordinates":[106.9871657,-6.7005333],"type":"Point"},"properties":{"NAMA":"CAFE JAGUNG BAKAR & SEKOTENG PUNCAK","TIPE_1":"MAKANAN DAN MINUMAN","TIPE_2":"RESTORAN","TIPE_3":"NASI GORENG","TELEPON":"","ALAMAT":"TUGU SEL., KEC. CISARUA, KABUPATEN BOGOR, JAWA BARAT 16750","ID_PROV":"32","PROVINSI":"JAWA BARAT","ID_KABKOT":"32.01","KABKOT":"BOGOR","ID_KEC":"32.01.25","KECAMATAN":"CISARUA","ID_DESA":"32.01.25.2006","DESA":"TUGU SELATAN","LONGITUDE":106.9871657,"LATITUDE":-6.7005333,"STATUS":"BUKA","TANGGAL UPDATE":"27/02/2025","TANGGAL PENGUMPULAN":"Q4 2023","q":27474,"r":-15230}},{"type":"Feature","geometry":{"coordinates":[106.9014563,-6.6495979],"type":"Point"},"properties":{"NAMA":"RUMAH MAKAN & LESEHAN BUMBU KURING","TIPE_1":"MAKANAN DAN MINUMAN","TIPE_2":"RESTORAN","TIPE_3":"NASI GORENG","TELEPON":"(0251) 8250630","ALAMAT":"JL. RAYA PUNCAK - CIANJUR NO.88, CIPAYUNG GIRANG, KEC. MEGAMENDUNG, KABUPATEN BOGOR, JAWA BARAT 16770","ID_PROV":"32","PROVINSI":"JAWA BARAT","ID_KABKOT":"32.01","KABKOT":"BOGOR","ID_KEC":"32.01.26","KECAMATAN":"MEGAMENDUNG","ID_DESA":"32.01.26.2009","DESA":"CIPAYUNG GIRANG","LONGITUDE":106.9014563,"LATITUDE":-6.6495979,"STATUS":"BUKA","TANGGAL UPDATE":"27/02/2025","TANGGAL PENGUMPULAN":"Q4 2023","q":27452,"r":-15208}},{"type":"Feature","geometry":{"coordinates":[106.9936825,-6.7027911],"type":"Point"},"properties":{"NAMA":"LESEHAN PONDOK RAOS PUNCAK","TIPE_1":"MAKANAN DAN MINUMAN","TIPE_2":"RESTORAN","TIPE_3":"NASI GORENG","TELEPON":"0877-7866-6325","ALAMAT":"JL. RAYA PUNCAK - GADOG, TUGU SEL., KEC. CISARUA, KABUPATEN BOGOR, JAWA BARAT 16750","ID_PROV":"32","PROVINSI":"JAWA BARAT","ID_KABKOT":"32.01","KABKOT":"BOGOR","ID_KEC":"32.01.25","KECAMATAN":"CISARUA","ID_DESA":"32.01.25.2009","DESA":"TUGU UTARA","LONGITUDE":106.9936825,"LATITUDE":-6.7027911,"STATUS":"BUKA","TANGGAL UPDATE":"27/02/2025","TANGGAL PENGUMPULAN":"Q4 2023","q":27475,"r":-15232}},{"type":"Feature","geometry":{"coordinates":[106.9931716,-6.6991987],"type":"Point"},"properties":{"NAMA":"RUMAH MAKAN FAVORIT 99 PUNCAK","TIPE_1":"MAKANAN DAN MINUMAN","TIPE_2":"RESTORAN","TIPE_3":"NASI GORENG","TELEPON":"0877-2002-3503","ALAMAT":"JL. RAYA PUNCAK - GADOG, TUGU SEL., KEC. CISARUA, KABUPATEN BOGOR, JAWA BARAT 16750","ID_PROV":"32","PROVINSI":"JAWA BARAT","ID_KABKOT":"32.01","KABKOT":"BOGOR","ID_KEC":"32.01.25","KECAMATAN":"CISARUA","ID_DESA":"32.01.25.2009","DESA":"TUGU UTARA","LONGITUDE":106.9931716,"LATITUDE":-6.6991987,"STATUS":"BUKA","TANGGAL UPDATE":"27/02/2025","TANGGAL PENGUMPULAN":"Q4 2023","q":27475,"r":-15231}},{"type":"Feature","geometry":{"coordinates":[106.9296863,-6.6778193],"type":"Point"},"properties":{"NAMA":"HEPI MEAL PUNCAK CABANG CISARUA","TIPE_1":"MAKANAN DAN MINUMAN","TIPE_2":"RESTORAN","TIPE_3":"NASI GORENG","TELEPON":"0851-6117-2581","ALAMAT":"PUNCAK RD NO.KM 79, CISARUA, BOGOR REGENCY, WEST JAVA 16750","ID_PROV":"32","PROVINSI":"JAWA BARAT","ID_KABKOT":"32.01","KABKOT":"BOGOR","ID_KEC":"32.01.25","KECAMATAN":"CISARUA","ID_DESA":"32.01.25.1010","DESA":"CISARUA","LONGITUDE":106.9296863,"LATITUDE":-6.6778193,"STATUS":"BUKA","TANGGAL UPDATE":"27/02/2025","TANGGAL PENGUMPULAN":"Q4 2023","q":27459,"r":-15218}},{"type":"Feature","geometry":{"coordinates":[106.9028487,-6.6862703],"type":"Point"},"properties":{"NAMA":"TOGE GORENG ABAH AJIH","TIPE_1":"MAKANAN DAN MINUMAN","TIPE_2":"RESTORAN","TIPE_3":"NASI GORENG","TELEPON":"0857-1523-8963","ALAMAT":"SUKAKARYA, KEC. MEGAMENDUNG, KABUPATEN BOGOR, JAWA BARAT 16770","ID_PROV":"32","PROVINSI":"JAWA BARAT","ID_KABKOT":"32.01","KABKOT":"BOGOR","ID_KEC":"32.01.26","KECAMATAN":"MEGAMENDUNG","ID_DESA":"32.01.26.2004","DESA":"SUKAKARYA","LONGITUDE":106.9028487,"LATITUDE":-6.6862703,"STATUS":"BUKA","TANGGAL UPDATE":"27/02/2025","TANGGAL PENGUMPULAN":"Q4 2023","q":27452,"r":-15216}},{"type":"Feature","geometry":{"coordinates":[106.9318599,-6.6795073],"type":"Point"},"properties":{"NAMA":"NASI UDUK BANG COY","TIPE_1":"MAKANAN DAN MINUMAN","TIPE_2":"RESTORAN","TIPE_3":"NASI GORENG","TELEPON":"0882-1718-6444","ALAMAT":"UNNAMED ROAD CISARUA, CISARUA, KEC. CISARUA, KABUPATEN BOGOR, JAWA BARAT 16750","ID_PROV":"32","PROVINSI":"JAWA BARAT","ID_KABKOT":"32.01","KABKOT":"BOGOR","ID_KEC":"32.01.25","KECAMATAN":"CISARUA","ID_DESA":"32.01.25.1010","DESA":"CISARUA","LONGITUDE":106.9318599,"LATITUDE":-6.6795073,"STATUS":"BUKA","TANGGAL UPDATE":"27/02/2025","TANGGAL PENGUMPULAN":"Q4 2023","q":27459,"r":-15219}},{"type":"Feature","geometry":{"coordinates":[106.9144583,-6.6589243],"type":"Point"},"properties":{"NAMA":"JAGO RASA WILUJENG SUMPING","TIPE_1":"MAKANAN DAN MINUMAN","TIPE_2":"RESTORAN","TIPE_3":"NASI GORENG","TELEPON":"(0251) 8258965","ALAMAT":"JL. RAYA PUNCAK GADOG NO.KM NO.77, LEUWIMALANG, KEC. CISARUA, KABUPATEN BOGOR, JAWA BARAT 16750","ID_PROV":"32","PROVINSI":"JAWA BARAT","ID_KABKOT":"32.01","KABKOT":"BOGOR","ID_KEC":"32.01.25","KECAMATAN":"CISARUA","ID_DESA":"32.01.25.2007","DESA":"LEUWIMALANG","LONGITUDE":106.9144583,"LATITUDE":-6.6589243,"STATUS":"BUKA","TANGGAL UPDATE":"27/02/2025","TANGGAL PENGUMPULAN":"Q4 2023","q":27455,"r":-15212}},{"type":"Feature","geometry":{"coordinates":[106.9700101,-6.6985969],"type":"Point"},"properties":{"NAMA":"WARUNG NASI SADULUR","TIPE_1":"MAKANAN DAN MINUMAN","TIPE_2":"RESTORAN","TIPE_3":"NASI GORENG","TELEPON":"0856-7600-827","ALAMAT":"JL RAYA PUNCAK, TUGU NO.KM. 87, TUGU SEL., KEC. CISARUA, KABUPATEN BOGOR, JAWA BARAT 16750","ID_PROV":"32","PROVINSI":"JAWA BARAT","ID_KABKOT":"32.01","KABKOT":"BOGOR","ID_KEC":"32.01.25","KECAMATAN":"CISARUA","ID_DESA":"32.01.25.2006","DESA":"TUGU SELATAN","LONGITUDE":106.9700101,"LATITUDE":-6.6985969,"STATUS":"BUKA","TANGGAL UPDATE":"27/02/2025","TANGGAL PENGUMPULAN":"Q4 2023","q":27469,"r":-15228}},{"type":"Feature","geometry":{"coordinates":[106.94672949999999,-6.6853505],"type":"Point"},"properties":{"NAMA":"SINDBAD RESTAURANT","TIPE_1":"MAKANAN DAN MINUMAN","TIPE_2":"RESTORAN","TIPE_3":"NASI GORENG","TELEPON":"(0251) 8256444","ALAMAT":"JL. RAYA PUNCAK GADOG NO.KM.83, CIBEUREUM, KEC. CISARUA, KABUPATEN BOGOR, JAWA BARAT 16750","ID_PROV":"32","PROVINSI":"JAWA BARAT","ID_KABKOT":"32.01","KABKOT":"BOGOR","ID_KEC":"32.01.25","KECAMATAN":"CISARUA","ID_DESA":"32.01.25.2003","DESA":"CIBEUREUM","LONGITUDE":106.9467295,"LATITUDE":-6.6853505,"STATUS":"BUKA","TANGGAL UPDATE":"27/02/2025","TANGGAL PENGUMPULAN":"Q4 2023","q":27463,"r":-15222}},{"type":"Feature","geometry":{"coordinates":[106.9223534,-6.665373],"type":"Point"},"properties":{"NAMA":"MA'PINAH RAJANYA IKAN BAKAR","TIPE_1":"MAKANAN DAN MINUMAN","TIPE_2":"RESTORAN","TIPE_3":"NASI GORENG","TELEPON":"(0251) 8253425","ALAMAT":"JALAN RAYA PUNCAK KM. 78 NO. 477, RT.01/RW.02, LEUWIMALANG, KEC. CISARUA, KABUPATEN BOGOR, JAWA BARAT 16750","ID_PROV":"32","PROVINSI":"JAWA BARAT","ID_KABKOT":"32.01","KABKOT":"BOGOR","ID_KEC":"32.01.25","KECAMATAN":"CISARUA","ID_DESA":"32.01.25.2007","DESA":"LEUWIMALANG","LONGITUDE":106.9223534,"LATITUDE":-6.665373,"STATUS":"BUKA","TANGGAL UPDATE":"27/02/2025","TANGGAL PENGUMPULAN":"Q4 2023","q":27457,"r":-15214}},{"type":"Feature","geometry":{"coordinates":[106.90354389999999,-6.6500134],"type":"Point"},"properties":{"NAMA":"NASI GORENG CIANJUR","TIPE_1":"MAKANAN DAN MINUMAN","TIPE_2":"RESTORAN","TIPE_3":"NASI GORENG","TELEPON":"","ALAMAT":"JL. RAYA PUNCAK - CIANJUR NO.264C, CIPAYUNG GIRANG, KEC. MEGAMENDUNG, KABUPATEN BOGOR, JAWA BARAT 16770","ID_PROV":"32","PROVINSI":"JAWA BARAT","ID_KABKOT":"32.01","KABKOT":"BOGOR","ID_KEC":"32.01.26","KECAMATAN":"MEGAMENDUNG","ID_DESA":"32.01.26.2009","DESA":"CIPAYUNG GIRANG","LONGITUDE":106.9035439,"LATITUDE":-6.6500134,"STATUS":"BUKA","TANGGAL UPDATE":"27/02/2025","TANGGAL PENGUMPULAN":"Q4 2023","q":27452,"r":-15208}},{"type":"Feature","geometry":{"coordinates":[106.9351279,-6.6837723],"type":"Point"},"properties":{"NAMA":"KEDAI SERBA MURAH (MAX 10K)","TIPE_1":"MAKANAN DAN MINUMAN","TIPE_2":"RESTORAN","TIPE_3":"NASI GORENG","TELEPON":"0812-8476-1447","ALAMAT":"JL. RAYA PUNCAK - GADOG NO.KM 79, CIBEUREUM, KEC. CISARUA, KABUPATEN BOGOR, JAWA BARAT 16750","ID_PROV":"32","PROVINSI":"JAWA BARAT","ID_KABKOT":"32.01","KABKOT":"BOGOR","ID_KEC":"32.01.25","KECAMATAN":"CISARUA","ID_DESA":"32.01.25.2003","DESA":"CIBEUREUM","LONGITUDE":106.9351279,"LATITUDE":-6.6837723,"STATUS":"BUKA","TANGGAL UPDATE":"27/02/2025","TANGGAL PENGUMPULAN":"Q4 2023","q":27460,"r":-15220}},{"type":"Feature","geometry":{"coordinates":[106.9920399,-6.7005074],"type":"Point"},"properties":{"NAMA":"RM PUNCAK MINANG","TIPE_1":"MAKANAN DAN MINUMAN","TIPE_2":"RESTORAN","TIPE_3":"NASI GORENG","TELEPON":"0852-1336-7296","ALAMAT":"JL. RAYA PUNCAK GADOG NO.KM 86, TUGU UTARA, KEC. CISARUA, KABUPATEN BOGOR, JAWA BARAT 16750","ID_PROV":"32","PROVINSI":"JAWA BARAT","ID_KABKOT":"32.01","KABKOT":"BOGOR","ID_KEC":"32.01.25","KECAMATAN":"CISARUA","ID_DESA":"32.01.25.2009","DESA":"TUGU UTARA","LONGITUDE":106.9920399,"LATITUDE":-6.7005074,"STATUS":"BUKA","TANGGAL UPDATE":"27/02/2025","TANGGAL PENGUMPULAN":"Q4 2023","q":27475,"r":-15231}},{"type":"Feature","geometry":{"coordinates":[106.9928587,-6.699487],"type":"Point"},"properties":{"NAMA":"WARUNG BAPAK DEDI","TIPE_1":"MAKANAN DAN MINUMAN","TIPE_2":"RESTORAN","TIPE_3":"NASI GORENG","TELEPON":"0897-4507-683","ALAMAT":"JL. RAYA PUNCAK GADOG, TUGU UTARA, KEC. CISARUA, KABUPATEN BOGOR, JAWA BARAT 16750","ID_PROV":"32","PROVINSI":"JAWA BARAT","ID_KABKOT":"32.01","KABKOT":"BOGOR","ID_KEC":"32.01.25","KECAMATAN":"CISARUA","ID_DESA":"32.01.25.2009","DESA":"TUGU UTARA","LONGITUDE":106.9928587,"LATITUDE":-6.699487,"STATUS":"BUKA","TANGGAL UPDATE":"27/02/2025","TANGGAL PENGUMPULAN":"Q4 2023","q":27475,"r":-15231}},{"type":"Feature","geometry":{"coordinates":[106.876892,-6.653875],"type":"Point"},"properties":{"NAMA":"CINTA PARAHYANGAN RESTO & KARAOKE","TIPE_1":"MAKANAN DAN MINUMAN","TIPE_2":"RESTORAN","TIPE_3":"NASI GORENG","TELEPON":"(0251) 8259501","ALAMAT":"JL. RAYA PUNCAK GADOG JL. RAYA CIBOGO NO.KM 75, CIPAYUNG DATAR, KEC. MEGAMENDUNG, KABUPATEN BOGOR, JAWA BARAT 16770","ID_PROV":"32","PROVINSI":"JAWA BARAT","ID_KABKOT":"32.01","KABKOT":"BOGOR","ID_KEC":"32.01.26","KECAMATAN":"MEGAMENDUNG","ID_DESA":"32.01.26.2006","DESA":"CIPAYUNG","LONGITUDE":106.876892,"LATITUDE":-6.653875,"STATUS":"BUKA","TANGGAL UPDATE":"27/02/2025","TANGGAL PENGUMPULAN":"Q4 2023","q":27445,"r":-15206}},{"type":"Feature","geometry":{"coordinates":[106.9940965,-6.7037919],"type":"Point"},"properties":{"NAMA":"WARUNG PERBATASAN PUNCAK BOGOR","TIPE_1":"MAKANAN DAN MINUMAN","TIPE_2":"RESTORAN","TIPE_3":"NASI GORENG","TELEPON":"","ALAMAT":"JL. RAYA PUNCAK GADOG, TUGU UTARA, KEC. CISARUA, KABUPATEN BOGOR, JAWA BARAT 16750","ID_PROV":"32","PROVINSI":"JAWA BARAT","ID_KABKOT":"32.01","KABKOT":"BOGOR","ID_KEC":"32.01.25","KECAMATAN":"CISARUA","ID_DESA":"32.01.25.2009","DESA":"TUGU UTARA","LONGITUDE":106.9940965,"LATITUDE":-6.7037919,"STATUS":"BUKA","TANGGAL UPDATE":"27/02/2025","TANGGAL PENGUMPULAN":"Q4 2023","q":27475,"r":-15232}},{"type":"Feature","geometry":{"coordinates":[106.949961,-6.6842018],"type":"Point"},"properties":{"NAMA":"RESTAURAN DAPUR KEMANGI KHAS SUNDA","TIPE_1":"MAKANAN DAN MINUMAN","TIPE_2":"RESTORAN","TIPE_3":"NASI GORENG","TELEPON":"(0251) 8254395","ALAMAT":"JL. RAYA PUNCAK - CIANJUR NO.14, TUGU SEL., KEC. CISARUA, KABUPATEN BOGOR, JAWA BARAT 16750","ID_PROV":"32","PROVINSI":"JAWA BARAT","ID_KABKOT":"32.01","KABKOT":"BOGOR","ID_KEC":"32.01.25","KECAMATAN":"CISARUA","ID_DESA":"32.01.25.2006","DESA":"TUGU SELATAN","LONGITUDE":106.949961,"LATITUDE":-6.6842018,"STATUS":"BUKA","TANGGAL UPDATE":"27/02/2025","TANGGAL PENGUMPULAN":"Q4 2023","q":27464,"r":-15222}},{"type":"Feature","geometry":{"coordinates":[106.9084158,-6.6519178],"type":"Point"},"properties":{"NAMA":"NASI GORENG KANG MAMAN","TIPE_1":"MAKANAN DAN MINUMAN","TIPE_2":"RESTORAN","TIPE_3":"NASI GORENG","TELEPON":"0813-1843-7859","ALAMAT":"JL. RAYA PUNCAK - CIANJUR NO.26, CIPAYUNG GIRANG, KEC. MEGAMENDUNG, KABUPATEN BOGOR, JAWA BARAT 16770","ID_PROV":"32","PROVINSI":"JAWA BARAT","ID_KABKOT":"32.01","KABKOT":"BOGOR","ID_KEC":"32.01.26","KECAMATAN":"MEGAMENDUNG","ID_DESA":"32.01.26.2009","DESA":"CIPAYUNG GIRANG","LONGITUDE":106.9084158,"LATITUDE":-6.6519178,"STATUS":"BUKA","TANGGAL UPDATE":"27/02/2025","TANGGAL PENGUMPULAN":"Q4 2023","q":27453,"r":-15209}},{"type":"Feature","geometry":{"coordinates":[106.9255207,-6.6684448],"type":"Point"},"properties":{"NAMA":"NASI GORENG MANG DASEP CISARUA PUNCAK BOG","TIPE_1":"MAKANAN DAN MINUMAN","TIPE_2":"RESTORAN","TIPE_3":"NASI GORENG","TELEPON":"0895-2288-6482","ALAMAT":"LEUWIMALANG, KEC. CISARUA, KABUPATEN BOGOR, JAWA BARAT 16750","ID_PROV":"32","PROVINSI":"JAWA BARAT","ID_KABKOT":"32.01","KABKOT":"BOGOR","ID_KEC":"32.01.25","KECAMATAN":"CISARUA","ID_DESA":"32.01.25.2007","DESA":"LEUWIMALANG","LONGITUDE":106.9255207,"LATITUDE":-6.6684448,"STATUS":"BUKA","TANGGAL UPDATE":"27/02/2025","TANGGAL PENGUMPULAN":"Q4 2023","q":27458,"r":-15215}},{"type":"Feature","geometry":{"coordinates":[106.9428598,-6.6913402],"type":"Point"},"properties":{"NAMA":"NASI GORENG KEBULI PUNCAK 2","TIPE_1":"MAKANAN DAN MINUMAN","TIPE_2":"RESTORAN","TIPE_3":"NASI GORENG","TELEPON":"0813-8256-2327","ALAMAT":"JL. CIBEUREUM NO.39, CIBEUREUM, KEC. CISARUA, KABUPATEN BOGOR, JAWA BARAT 16750","ID_PROV":"32","PROVINSI":"JAWA BARAT","ID_KABKOT":"32.01","KABKOT":"BOGOR","ID_KEC":"32.01.25","KECAMATAN":"CISARUA","ID_DESA":"32.01.25.2003","DESA":"CIBEUREUM","LONGITUDE":106.9428598,"LATITUDE":-6.6913402,"STATUS":"BUKA","TANGGAL UPDATE":"27/02/2025","TANGGAL PENGUMPULAN":"Q4 2023","q":27462,"r":-15223}},{"type":"Feature","geometry":{"coordinates":[106.9032031,-6.6498576],"type":"Point"},"properties":{"NAMA":"NASI GORENG MAWUD SEDAP MALAM","TIPE_1":"MAKANAN DAN MINUMAN","TIPE_2":"RESTORAN","TIPE_3":"NASI GORENG","TELEPON":"","ALAMAT":"SAMPIING POLSEK CISARUA, JL. RAYA PUNCAK GADOG, CIPAYUNG GIRANG, KEC. MEGAMENDUNG, KABUPATEN BOGOR, JAWA BARAT 16750","ID_PROV":"32","PROVINSI":"JAWA BARAT","ID_KABKOT":"32.01","KABKOT":"BOGOR","ID_KEC":"32.01.26","KECAMATAN":"MEGAMENDUNG","ID_DESA":"32.01.26.2009","DESA":"CIPAYUNG GIRANG","LONGITUDE":106.9032031,"LATITUDE":-6.6498576,"STATUS":"BUKA","TANGGAL UPDATE":"27/02/2025","TANGGAL PENGUMPULAN":"Q4 2023","q":27452,"r":-15208}},{"type":"Feature","geometry":{"coordinates":[106.9100987,-6.6545705],"type":"Point"},"properties":{"NAMA":"BAKMI GOLEK PUNCAK BOGOR","TIPE_1":"MAKANAN DAN MINUMAN","TIPE_2":"RESTORAN","TIPE_3":"NASI GORENG","TELEPON":"(0251) 8258500","ALAMAT":"JALAN LEUWIMALANG NO.KM. 77, CILEMBER, KEC. CISARUA, KABUPATEN BOGOR, JAWA BARAT 16750","ID_PROV":"32","PROVINSI":"JAWA BARAT","ID_KABKOT":"32.01","KABKOT":"BOGOR","ID_KEC":"32.01.25","KECAMATAN":"CISARUA","ID_DESA":"32.01.25.2008","DESA":"KOPO","LONGITUDE":106.9100987,"LATITUDE":-6.6545705,"STATUS":"BUKA","TANGGAL UPDATE":"27/02/2025","TANGGAL PENGUMPULAN":"Q4 2023","q":27454,"r":-15210}},{"type":"Feature","geometry":{"coordinates":[106.9818146,-6.7013354],"type":"Point"},"properties":{"NAMA":"WARUNG PUTRI BUNGSU","TIPE_1":"MAKANAN DAN MINUMAN","TIPE_2":"RESTORAN","TIPE_3":"NASI GORENG","TELEPON":"0821-3000-0329","ALAMAT":"JL. RAYA PUNCAK - CIANJUR NO.KM. 86, TUGU SEL., KEC. CISARUA, KABUPATEN BOGOR, JAWA BARAT 16750","ID_PROV":"32","PROVINSI":"JAWA BARAT","ID_KABKOT":"32.01","KABKOT":"BOGOR","ID_KEC":"32.01.25","KECAMATAN":"CISARUA","ID_DESA":"32.01.25.2006","DESA":"TUGU SELATAN","LONGITUDE":106.9818146,"LATITUDE":-6.7013354,"STATUS":"BUKA","TANGGAL UPDATE":"27/02/2025","TANGGAL PENGUMPULAN":"Q4 2023","q":27472,"r":-15230}},{"type":"Feature","geometry":{"coordinates":[106.8515348,-6.6602165],"type":"Point"},"properties":{"NAMA":"WARUNG NASI MANG AMIN","TIPE_1":"MAKANAN DAN MINUMAN","TIPE_2":"RESTORAN","TIPE_3":"NASI GORENG","TELEPON":"","ALAMAT":"JL. RAYA PUNCAK NO.6720, BENDUNGAN, KEC. CIAWI, KABUPATEN BOGOR, JAWA BARAT 16720","ID_PROV":"32","PROVINSI":"JAWA BARAT","ID_KABKOT":"32.01","KABKOT":"BOGOR","ID_KEC":"32.01.24","KECAMATAN":"CIAWI","ID_DESA":"32.01.24.2008","DESA":"BENDUNGAN","LONGITUDE":106.8515348,"LATITUDE":-6.6602165,"STATUS":"BUKA","TANGGAL UPDATE":"27/02/2025","TANGGAL PENGUMPULAN":"Q4 2023","q":27439,"r":-15204}},{"type":"Feature","geometry":{"coordinates":[106.9320145,-6.6774888],"type":"Point"},"properties":{"NAMA":"PECEL LELE DAN NASI GORENG 82","TIPE_1":"MAKANAN DAN MINUMAN","TIPE_2":"RESTORAN","TIPE_3":"NASI GORENG","TELEPON":"0812-2366-8892","ALAMAT":"CISARUA, KEC. CISARUA, KABUPATEN BOGOR, JAWA BARAT 16750","ID_PROV":"32","PROVINSI":"JAWA BARAT","ID_KABKOT":"32.01","KABKOT":"BOGOR","ID_KEC":"32.01.25","KECAMATAN":"CISARUA","ID_DESA":"32.01.25.1010","DESA":"CISARUA","LONGITUDE":106.9320145,"LATITUDE":-6.6774888,"STATUS":"BUKA","TANGGAL UPDATE":"27/02/2025","TANGGAL PENGUMPULAN":"Q4 2023","q":27459,"r":-15218}},{"type":"Feature","geometry":{"coordinates":[106.9935441,-6.7022407],"type":"Point"},"properties":{"NAMA":"RESTO & CAFE PUNCAK ASRI","TIPE_1":"MAKANAN DAN MINUMAN","TIPE_2":"RESTORAN","TIPE_3":"NASI GORENG","TELEPON":"0821-1323-5292","ALAMAT":"JL. RAYA PUNCAK GADOG NO.KM 88, TUGU SEL., KEC. CISARUA, KABUPATEN BOGOR, JAWA BARAT 16750","ID_PROV":"32","PROVINSI":"JAWA BARAT","ID_KABKOT":"32.01","KABKOT":"BOGOR","ID_KEC":"32.01.25","KECAMATAN":"CISARUA","ID_DESA":"32.01.25.2009","DESA":"TUGU UTARA","LONGITUDE":106.9935441,"LATITUDE":-6.7022407,"STATUS":"BUKA","TANGGAL UPDATE":"27/02/2025","TANGGAL PENGUMPULAN":"Q4 2023","q":27475,"r":-15232}},{"type":"Feature","geometry":{"coordinates":[106.9295024,-6.6777549],"type":"Point"},"properties":{"NAMA":"WARUNG ABG (AYAM BAKAR GORENG)","TIPE_1":"MAKANAN DAN MINUMAN","TIPE_2":"RESTORAN","TIPE_3":"NASI GORENG","TELEPON":"0896-6608-7624","ALAMAT":"JL. RAYA PUNCAK GADOG NO.KM. 82, CITEKO, KEC. CISARUA, KABUPATEN BOGOR, JAWA BARAT 16750","ID_PROV":"32","PROVINSI":"JAWA BARAT","ID_KABKOT":"32.01","KABKOT":"BOGOR","ID_KEC":"32.01.25","KECAMATAN":"CISARUA","ID_DESA":"32.01.25.2005","DESA":"CITEKO","LONGITUDE":106.9295024,"LATITUDE":-6.6777549,"STATUS":"BUKA","TANGGAL UPDATE":"27/02/2025","TANGGAL PENGUMPULAN":"Q4 2023","q":27459,"r":-15218}},{"type":"Feature","geometry":{"coordinates":[106.7595788,-6.5921633],"type":"Point"},"properties":{"NAMA":"NASI GORENG FAJIR","TIPE_1":"MAKANAN DAN MINUMAN","TIPE_2":"RESTORAN","TIPE_3":"NASI GORENG","TELEPON":"0821-1464-2244","ALAMAT":"JL. RAYA TAMAN PAGELARAN BLOK DD1 NO.23, PADASUKA, KEC. CIOMAS, KABUPATEN BOGOR, JAWA BARAT 16610","ID_PROV":"32","PROVINSI":"JAWA BARAT","ID_KABKOT":"32.01","KABKOT":"BOGOR","ID_KEC":"32.01.29","KECAMATAN":"CIOMAS","ID_DESA":"32.01.29.1003","DESA":"PADASUKA","LONGITUDE":106.7595788,"LATITUDE":-6.5921633,"STATUS":"BUKA","TANGGAL UPDATE":"27/02/2025","TANGGAL PENGUMPULAN":"Q4 2023","q":27415,"r":-15177}},{"type":"Feature","geometry":{"coordinates":[106.9250277,-6.6464261],"type":"Point"},"properties":{"NAMA":"NASI GORENG SATRIA","TIPE_1":"MAKANAN DAN MINUMAN","TIPE_2":"RESTORAN","TIPE_3":"NASI GORENG","TELEPON":"0813-1783-0096","ALAMAT":"JALAN CURUG PANJANG, MEGAMENDUNG, RT 03/04, MEGAMENDUNG, CILEMBER, KEC. CISARUA, KABUPATEN BOGOR, JAWA BARAT 16770","ID_PROV":"32","PROVINSI":"JAWA BARAT","ID_KABKOT":"32.01","KABKOT":"BOGOR","ID_KEC":"32.01.26","KECAMATAN":"MEGAMENDUNG","ID_DESA":"32.01.26.2005","DESA":"MEGAMENDUNG","LONGITUDE":106.9250277,"LATITUDE":-6.6464261,"STATUS":"BUKA","TANGGAL UPDATE":"27/02/2025","TANGGAL PENGUMPULAN":"Q4 2023","q":27458,"r":-15210}},{"type":"Feature","geometry":{"coordinates":[106.870643,-6.5029189],"type":"Point"},"properties":{"NAMA":"NASI GORENG NGSP","TIPE_1":"MAKANAN DAN MINUMAN","TIPE_2":"RESTORAN","TIPE_3":"NASI GORENG","TELEPON":"","ALAMAT":"JL. PAHLAWAN NO.38, SANJA, KEC. CITEUREUP, KABUPATEN BOGOR, JAWA BARAT 16810","ID_PROV":"32","PROVINSI":"JAWA BARAT","ID_KABKOT":"32.01","KABKOT":"BOGOR","ID_KEC":"32.01.03","KECAMATAN":"CITEUREUP","ID_DESA":"32.01.03.2005","DESA":"SANJA","LONGITUDE":106.870643,"LATITUDE":-6.5029189,"STATUS":"BUKA","TANGGAL UPDATE":"27/02/2025","TANGGAL PENGUMPULAN":"Q4 2023","q":27444,"r":-15171}},{"type":"Feature","geometry":{"coordinates":[106.8548964,-6.4806502],"type":"Point"},"properties":{"NAMA":"NASI GORENG TYO","TIPE_1":"MAKANAN DAN MINUMAN","TIPE_2":"RESTORAN","TIPE_3":"NASI GORENG","TELEPON":"","ALAMAT":"JL. GURU SUMA NO.90, RT.04/RW.01, CIBINONG, KEC. CIBINONG, KABUPATEN BOGOR, JAWA BARAT 16911","ID_PROV":"32","PROVINSI":"JAWA BARAT","ID_KABKOT":"32.01","KABKOT":"BOGOR","ID_KEC":"32.01.01","KECAMATAN":"CIBINONG","ID_DESA":"32.01.01.1006","DESA":"CIBINONG","LONGITUDE":106.8548964,"LATITUDE":-6.4806502,"STATUS":"BUKA","TANGGAL UPDATE":"27/02/2025","TANGGAL PENGUMPULAN":"Q4 2023","q":27440,"r":-15164}},{"type":"Feature","geometry":{"coordinates":[106.8104161,-6.4816755],"type":"Point"},"properties":{"NAMA":"NASI GORENG 99 CIBINONG","TIPE_1":"MAKANAN DAN MINUMAN","TIPE_2":"RESTORAN","TIPE_3":"NASI GORENG","TELEPON":"0812-8416-7682","ALAMAT":"JL RAYA TEGAR BERIMAN, RUKO GRAHA KARTIKA PRATAMA BLOK D NO.12, BOJONG BARU, KECAMATAN BOJONGGEDE, KABUPATEN BOGOR, JAWA BARAT 16920","ID_PROV":"32","PROVINSI":"JAWA BARAT","ID_KABKOT":"32.01","KABKOT":"BOGOR","ID_KEC":"32.01.13","KECAMATAN":"BOJONG GEDE","ID_DESA":"32.01.13.2001","DESA":"BOJONGBARU","LONGITUDE":106.8104161,"LATITUDE":-6.4816755,"STATUS":"BUKA","TANGGAL UPDATE":"27/02/2025","TANGGAL PENGUMPULAN":"Q4 2023","q":27428,"r":-15159}},{"type":"Feature","geometry":{"coordinates":[106.824683,-6.506816],"type":"Point"},"properties":{"NAMA":"NASI GORENG","TIPE_1":"MAKANAN DAN MINUMAN","TIPE_2":"RESTORAN","TIPE_3":"NASI GORENG","TELEPON":"","ALAMAT":"JL. SIROJUL MUNIR, RT.08/RW.08, NANGGEWER, KEC. CIBINONG, KABUPATEN BOGOR, JAWA BARAT 16912","ID_PROV":"32","PROVINSI":"JAWA BARAT","ID_KABKOT":"32.01","KABKOT":"BOGOR","ID_KEC":"32.01.01","KECAMATAN":"CIBINONG","ID_DESA":"32.01.01.1004","DESA":"NANGGEWER","LONGITUDE":106.824683,"LATITUDE":-6.506816,"STATUS":"BUKA","TANGGAL UPDATE":"27/02/2025","TANGGAL PENGUMPULAN":"Q4 2023","q":27432,"r":-15166}},{"type":"Feature","geometry":{"coordinates":[106.6588505,-6.5763986],"type":"Point"},"properties":{"NAMA":"NASI GORENG NAILA","TIPE_1":"MAKANAN DAN MINUMAN","TIPE_2":"RESTORAN","TIPE_3":"NASI GORENG","TELEPON":"0857-7162-2644","ALAMAT":"JL. NASIONAL NO.11, CIMANGGU 2, KEC. CIBUNGBULANG, KABUPATEN BOGOR, JAWA BARAT 16630","ID_PROV":"32","PROVINSI":"JAWA BARAT","ID_KABKOT":"32.01","KABKOT":"BOGOR","ID_KEC":"32.01.16","KECAMATAN":"CIBUNGBULANG","ID_DESA":"32.01.16.2004","DESA":"CIBATOK I","LONGITUDE":106.6588505,"LATITUDE":-6.5763986,"STATUS":"BUKA","TANGGAL UPDATE":"27/02/2025","TANGGAL PENGUMPULAN":"Q4 2023","q":27389,"r":-15160}},{"type":"Feature","geometry":{"coordinates":[106.66810609999999,-6.5704838],"type":"Point"},"properties":{"NAMA":"NASI GORENG CIARUTEUN SERI","TIPE_1":"MAKANAN DAN MINUMAN","TIPE_2":"RESTORAN","TIPE_3":"NASI GORENG","TELEPON":"0896-1440-0757","ALAMAT":"CIMANGGU 1, KEC. CIBUNGBULANG, KABUPATEN BOGOR, JAWA BARAT 16630","ID_PROV":"32","PROVINSI":"JAWA BARAT","ID_KABKOT":"32.01","KABKOT":"BOGOR","ID_KEC":"32.01.16","KECAMATAN":"CIBUNGBULANG","ID_DESA":"32.01.16.2007","DESA":"CIMANGGU I","LONGITUDE":106.6681061,"LATITUDE":-6.5704838,"STATUS":"BUKA","TANGGAL UPDATE":"27/02/2025","TANGGAL PENGUMPULAN":"Q4 2023","q":27392,"r":-15160}},{"type":"Feature","geometry":{"coordinates":[106.9362437,-6.407159],"type":"Point"},"properties":{"NAMA":"NASI GORENG ADIWERNA 79","TIPE_1":"MAKANAN DAN MINUMAN","TIPE_2":"RESTORAN","TIPE_3":"NASI GORENG","TELEPON":"0831-8034-2988","ALAMAT":"JL. LETDA NASIR, CIKEAS UDIK, KEC. GN. PUTRI, KABUPATEN BOGOR, JAWA BARAT 16966","ID_PROV":"32","PROVINSI":"JAWA BARAT","ID_KABKOT":"32.01","KABKOT":"BOGOR","ID_KEC":"32.01.02","KECAMATAN":"GUNUNG PUTRI","ID_DESA":"32.01.02.2008","DESA":"CIKEAS UDIK","LONGITUDE":106.9362437,"LATITUDE":-6.407159,"STATUS":"BUKA","TANGGAL UPDATE":"27/02/2025","TANGGAL PENGUMPULAN":"Q4 2023","q":27461,"r":-15158}},{"type":"Feature","geometry":{"coordinates":[106.8157205,-6.4898416],"type":"Point"},"properties":{"NAMA":"NASI GORENG MAS BRO SUKAHATI","TIPE_1":"MAKANAN DAN MINUMAN","TIPE_2":"RESTORAN","TIPE_3":"NASI GORENG","TELEPON":"0857-8010-3552","ALAMAT":"JL. RAYA SUKAHATI NO.65, RT.06/RW.06, SUKAHATI, KEC. CIBINONG, KABUPATEN BOGOR, JAWA BARAT 16913","ID_PROV":"32","PROVINSI":"JAWA BARAT","ID_KABKOT":"32.01","KABKOT":"BOGOR","ID_KEC":"32.01.01","KECAMATAN":"CIBINONG","ID_DESA":"32.01.01.1009","DESA":"SUKAHATI","LONGITUDE":106.8157205,"LATITUDE":-6.4898416,"STATUS":"BUKA","TANGGAL UPDATE":"27/02/2025","TANGGAL PENGUMPULAN":"Q4 2023","q":27430,"r":-15161}},{"type":"Feature","geometry":{"coordinates":[106.8662029,-6.5643963],"type":"Point"},"properties":{"NAMA":"NASI GORENG ALWAHYU","TIPE_1":"MAKANAN DAN MINUMAN","TIPE_2":"RESTORAN","TIPE_3":"NASI GORENG","TELEPON":"0822-4672-8685","ALAMAT":"JL. SUMUR BATU RAYA JL. BABAKAN MADANG NO.15, RT.3/RW.1, BABAKAN MADANG, KEC. BABAKAN MADANG, KABUPATEN BOGOR, JAWA BARAT 16810","ID_PROV":"32","PROVINSI":"JAWA BARAT","ID_KABKOT":"32.01","KABKOT":"BOGOR","ID_KEC":"32.01.05","KECAMATAN":"BABAKAN MADANG","ID_DESA":"32.01.05.2008","DESA":"BABAKAN MADANG","LONGITUDE":106.8662029,"LATITUDE":-6.5643963,"STATUS":"BUKA","TANGGAL UPDATE":"27/02/2025","TANGGAL PENGUMPULAN":"Q4 2023","q":27443,"r":-15184}},{"type":"Feature","geometry":{"coordinates":[106.7808587,-6.5047185],"type":"Point"},"properties":{"NAMA":"WARUNG NASI GORENG","TIPE_1":"MAKANAN DAN MINUMAN","TIPE_2":"RESTORAN","TIPE_3":"NASI GORENG","TELEPON":"","ALAMAT":"JL. RAYA TONJONG - SUDIMAMPIR, CIMANGGIS, KECAMATAN BOJONGGEDE, KABUPATEN BOGOR, JAWA BARAT 16920","ID_PROV":"32","PROVINSI":"JAWA BARAT","ID_KABKOT":"32.01","KABKOT":"BOGOR","ID_KEC":"32.01.13","KECAMATAN":"BOJONG GEDE","ID_DESA":"32.01.13.2002","DESA":"CIMANGGIS","LONGITUDE":106.7808587,"LATITUDE":-6.5047185,"STATUS":"BUKA","TANGGAL UPDATE":"27/02/2025","TANGGAL PENGUMPULAN":"Q4 2023","q":27421,"r":-15160}},{"type":"Feature","geometry":{"coordinates":[106.863931,-6.5643542],"type":"Point"},"properties":{"NAMA":"NASI GORENG KAMBING ARAB","TIPE_1":"MAKANAN DAN MINUMAN","TIPE_2":"RESTORAN","TIPE_3":"NASI GORENG","TELEPON":"0812-8823-4887","ALAMAT":"JL. RAYA BABAKAN MADANG NO.89, KP. PARUNG JAMBU, CITARINGGUL, BABAKAN MADANG, BOGOR REGENCY, WEST JAVA 16810","ID_PROV":"32","PROVINSI":"JAWA BARAT","ID_KABKOT":"32.01","KABKOT":"BOGOR","ID_KEC":"32.01.05","KECAMATAN":"BABAKAN MADANG","ID_DESA":"32.01.05.2008","DESA":"BABAKAN MADANG","LONGITUDE":106.863931,"LATITUDE":-6.5643542,"STATUS":"BUKA","TANGGAL UPDATE":"27/02/2025","TANGGAL PENGUMPULAN":"Q4 2023","q":27442,"r":-15184}},{"type":"Feature","geometry":{"coordinates":[106.8548073,-6.5605752],"type":"Point"},"properties":{"NAMA":"NASI GORENG ORTEGA 99","TIPE_1":"MAKANAN DAN MINUMAN","TIPE_2":"RESTORAN","TIPE_3":"NASI GORENG","TELEPON":"","ALAMAT":"JL. RAYA CITARINGGUL, CITARINGGUL, KEC. BABAKAN MADANG, KABUPATEN BOGOR, JAWA BARAT 16810","ID_PROV":"32","PROVINSI":"JAWA BARAT","ID_KABKOT":"32.01","KABKOT":"BOGOR","ID_KEC":"32.01.05","KECAMATAN":"BABAKAN MADANG","ID_DESA":"32.01.05.2007","DESA":"CITARINGGUL","LONGITUDE":106.8548073,"LATITUDE":-6.5605752,"STATUS":"BUKA","TANGGAL UPDATE":"27/02/2025","TANGGAL PENGUMPULAN":"Q4 2023","q":27440,"r":-15182}},{"type":"Feature","geometry":{"coordinates":[106.8562735,-6.4970385],"type":"Point"},"properties":{"NAMA":"NASI GORENG SPECIAL MAS AMIN","TIPE_1":"MAKANAN DAN MINUMAN","TIPE_2":"RESTORAN","TIPE_3":"NASI GORENG","TELEPON":"0818-0811-5335","ALAMAT":"JL. KP. SDAMPORA NO.12, RT.4/RW.3, CIBINONG, KEC. CIBINONG, KABUPATEN BOGOR, JAWA BARAT 16912","ID_PROV":"32","PROVINSI":"JAWA BARAT","ID_KABKOT":"32.01","KABKOT":"BOGOR","ID_KEC":"32.01.01","KECAMATAN":"CIBINONG","ID_DESA":"32.01.01.1006","DESA":"CIBINONG","LONGITUDE":106.8562735,"LATITUDE":-6.4970385,"STATUS":"BUKA","TANGGAL UPDATE":"27/02/2025","TANGGAL PENGUMPULAN":"Q4 2023","q":27440,"r":-15168}},{"type":"Feature","geometry":{"coordinates":[106.7946034,-6.4958525],"type":"Point"},"properties":{"NAMA":"NASI GORENG SPECIAL BANG IWAN","TIPE_1":"MAKANAN DAN MINUMAN","TIPE_2":"RESTORAN","TIPE_3":"NASI GORENG","TELEPON":"","ALAMAT":"DEKAT, JL. RAYA BOJONG GEDE GG. H.MUIN NO.10, KEDUNG WARINGIN, KECAMATAN BOJONGGEDE, KABUPATEN BOGOR, JAWA BARAT 16923","ID_PROV":"32","PROVINSI":"JAWA BARAT","ID_KABKOT":"32.01","KABKOT":"BOGOR","ID_KEC":"32.01.13","KECAMATAN":"BOJONG GEDE","ID_DESA":"32.01.13.2005","DESA":"KEDUNGWARINGIN","LONGITUDE":106.7946034,"LATITUDE":-6.4958525,"STATUS":"BUKA","TANGGAL UPDATE":"27/02/2025","TANGGAL PENGUMPULAN":"Q4 2023","q":27424,"r":-15160}},{"type":"Feature","geometry":{"coordinates":[106.8628875,-6.514826],"type":"Point"},"properties":{"NAMA":"NASI GORENG SELERA RAKYAT","TIPE_1":"MAKANAN DAN MINUMAN","TIPE_2":"RESTORAN","TIPE_3":"NASI GORENG","TELEPON":"0878-7459-0009","ALAMAT":"LEUWINUTUG, KEC. CITEUREUP, KABUPATEN BOGOR, JAWA BARAT 16810","ID_PROV":"32","PROVINSI":"JAWA BARAT","ID_KABKOT":"32.01","KABKOT":"BOGOR","ID_KEC":"32.01.03","KECAMATAN":"CITEUREUP","ID_DESA":"32.01.03.2003","DESA":"LEUWINUTUG","LONGITUDE":106.8628875,"LATITUDE":-6.514826,"STATUS":"BUKA","TANGGAL UPDATE":"27/02/2025","TANGGAL PENGUMPULAN":"Q4 2023","q":27442,"r":-15173}},{"type":"Feature","geometry":{"coordinates":[106.75322829999999,-6.5084114],"type":"Point"},"properties":{"NAMA":"NASI GORENG SPECIAL RESTAURANT","TIPE_1":"MAKANAN DAN MINUMAN","TIPE_2":"RESTORAN","TIPE_3":"NASI GORENG","TELEPON":"","ALAMAT":"JL. KEMANG KIARA, KEMANG, KEC. KEMANG, KABUPATEN BOGOR, JAWA BARAT 16310","ID_PROV":"32","PROVINSI":"JAWA BARAT","ID_KABKOT":"32.01","KABKOT":"BOGOR","ID_KEC":"32.01.12","KECAMATAN":"KEMANG","ID_DESA":"32.01.12.2003","DESA":"KEMANG","LONGITUDE":106.7532283,"LATITUDE":-6.5084114,"STATUS":"BUKA","TANGGAL UPDATE":"27/02/2025","TANGGAL PENGUMPULAN":"Q4 2023","q":27414,"r":-15157}},{"type":"Feature","geometry":{"coordinates":[106.807868,-6.5327957],"type":"Point"},"properties":{"NAMA":"NASI GORENG KAMBING PASIR JAMBU","TIPE_1":"MAKANAN DAN MINUMAN","TIPE_2":"RESTORAN","TIPE_3":"NASI GORENG","TELEPON":"0857-7606-6388","ALAMAT":"JL. KARADENAN NO.1010, PASIR JAMBU, KEC. SUKARAJA, KABUPATEN BOGOR, JAWA BARAT 16710","ID_PROV":"32","PROVINSI":"JAWA BARAT","ID_KABKOT":"32.01","KABKOT":"BOGOR","ID_KEC":"32.01.04","KECAMATAN":"SUKARAJA","ID_DESA":"32.01.04.2009","DESA":"PASIR JAMBU","LONGITUDE":106.807868,"LATITUDE":-6.5327957,"STATUS":"BUKA","TANGGAL UPDATE":"27/02/2025","TANGGAL PENGUMPULAN":"Q4 2023","q":27428,"r":-15170}},{"type":"Feature","geometry":{"coordinates":[106.8113871,-6.4967098],"type":"Point"},"properties":{"NAMA":"NASI GORENG IBNU DARNA","TIPE_1":"MAKANAN DAN MINUMAN","TIPE_2":"RESTORAN","TIPE_3":"NASI GORENG","TELEPON":"0819-9857-6927","ALAMAT":"JL. RAYA SUKAHATI NO.9, SUKAHATI, KEC. CIBINONG, KABUPATEN BOGOR, JAWA BARAT 16931","ID_PROV":"32","PROVINSI":"JAWA BARAT","ID_KABKOT":"32.01","KABKOT":"BOGOR","ID_KEC":"32.01.01","KECAMATAN":"CIBINONG","ID_DESA":"32.01.01.1009","DESA":"SUKAHATI","LONGITUDE":106.8113871,"LATITUDE":-6.4967098,"STATUS":"BUKA","TANGGAL UPDATE":"27/02/2025","TANGGAL PENGUMPULAN":"Q4 2023","q":27428,"r":-15162}},{"type":"Feature","geometry":{"coordinates":[106.9412113,-6.6871923],"type":"Point"},"properties":{"NAMA":"SOP JANDA SATE TEGAL CISARUA","TIPE_1":"MAKANAN DAN MINUMAN","TIPE_2":"RESTORAN","TIPE_3":"WARUNG TEGAL","TELEPON":"","ALAMAT":"JL. RAYA PUNCAK GADOG NO.KM, RW.79, CIBEUREUM, KEC. CISARUA, KABUPATEN BOGOR, JAWA BARAT 16750","ID_PROV":"32","PROVINSI":"JAWA BARAT","ID_KABKOT":"32.01","KABKOT":"BOGOR","ID_KEC":"32.01.25","KECAMATAN":"CISARUA","ID_DESA":"32.01.25.1010","DESA":"CISARUA","LONGITUDE":106.9412113,"LATITUDE":-6.6871923,"STATUS":"BUKA","TANGGAL UPDATE":"27/02/2025","TANGGAL PENGUMPULAN":"Q4 2023","q":27462,"r":-15221}},{"type":"Feature","geometry":{"coordinates":[106.9350613,-6.6834925],"type":"Point"},"properties":{"NAMA":"SOP JANDA SATE TEGAL RM REVINA ABAH WIRO CISARUA PUNCAK BOGOR","TIPE_1":"MAKANAN DAN MINUMAN","TIPE_2":"RESTORAN","TIPE_3":"WARUNG TEGAL","TELEPON":"0813-8560-9977","ALAMAT":"JL. NASIONAL 11 NO.12, CISARUA, KEC. CISARUA, KABUPATEN BOGOR, JAWA BARAT 16750","ID_PROV":"32","PROVINSI":"JAWA BARAT","ID_KABKOT":"32.01","KABKOT":"BOGOR","ID_KEC":"32.01.25","KECAMATAN":"CISARUA","ID_DESA":"32.01.25.2003","DESA":"CIBEUREUM","LONGITUDE":106.9350613,"LATITUDE":-6.6834925,"STATUS":"BUKA","TANGGAL UPDATE":"27/02/2025","TANGGAL PENGUMPULAN":"Q4 2023","q":27460,"r":-15220}},{"type":"Feature","geometry":{"coordinates":[106.850138,-6.4360175],"type":"Point"},"properties":{"NAMA":"SATE TEGAL PAK JENGGOT","TIPE_1":"MAKANAN DAN MINUMAN","TIPE_2":"RESTORAN","TIPE_3":"WARUNG TEGAL","TELEPON":"(021) 87910004","ALAMAT":"JALAN ASRAMA DIVIF 1 KOSTRAD NO.1, PABUARAN, KEC. CILODONG, KOTA DEPOK, JAWA BARAT 16414","ID_PROV":"32","PROVINSI":"JAWA BARAT","ID_KABKOT":"32.01","KABKOT":"BOGOR","ID_KEC":"32.01.01","KECAMATAN":"CIBINONG","ID_DESA":"32.01.01.1013","DESA":"PABUARAN MEKAR","LONGITUDE":106.850138,"LATITUDE":-6.4360175,"STATUS":"BUKA","TANGGAL UPDATE":"27/02/2025","TANGGAL PENGUMPULAN":"Q4 2023","q":27438,"r":-15154}},{"type":"Feature","geometry":{"coordinates":[106.79810560000004,-6.466027199999928],"type":"Point"},"properties":{"NAMA":"WARBOSS MIE MERCONE","TIPE_1":"MAKANAN DAN MINUMAN","TIPE_2":"RESTORAN","TIPE_3":"MIE DAN BAKSO","TELEPON":"0812-9058-3449","ALAMAT":"JALAN PERUM PURI LESTARI TAHAP 1 BLOK D NO.6, RT.4/RW.14, PABUARAN, KECAMATAN BOJONGGEDE, KABUPATEN BOGOR, JAWA BARAT 16921","ID_PROV":"32","PROVINSI":"JAWA BARAT","ID_KABKOT":"32.01","KABKOT":"BOGOR","ID_KEC":"32.01.13","KECAMATAN":"BOJONG GEDE","ID_DESA":"32.01.13.1007","DESA":"PABUARAN","LONGITUDE":106.7981056,"LATITUDE":-6.4660272,"STATUS":"BUKA","TANGGAL UPDATE":"27/02/2025","TANGGAL PENGUMPULAN":"Q4 2023","q":27425,"r":-15154}},{"type":"Feature","geometry":{"coordinates":[106.98136630000005,-6.700136499999928],"type":"Point"},"properties":{"NAMA":"INDOMIE PUNCAK","TIPE_1":"MAKANAN DAN MINUMAN","TIPE_2":"RESTORAN","TIPE_3":"MIE DAN BAKSO","TELEPON":"","ALAMAT":"PUNCAK RD, SOUTH TUGU, CISARUA, BOGOR REGENCY, WEST JAVA 16750","ID_PROV":"32","PROVINSI":"JAWA BARAT","ID_KABKOT":"32.01","KABKOT":"BOGOR","ID_KEC":"32.01.25","KECAMATAN":"CISARUA","ID_DESA":"32.01.25.2006","DESA":"TUGU SELATAN","LONGITUDE":106.981366299999,"LATITUDE":-6.7001365,"STATUS":"BUKA","TANGGAL UPDATE":"27/02/2025","TANGGAL PENGUMPULAN":"Q4 2023","q":27472,"r":-15230}},{"type":"Feature","geometry":{"coordinates":[106.96347520000006,-6.693958899999927],"type":"Point"},"properties":{"NAMA":"MIE AYAM TUGU INDAH","TIPE_1":"MAKANAN DAN MINUMAN","TIPE_2":"RESTORAN","TIPE_3":"MIE DAN BAKSO","TELEPON":"","ALAMAT":"JALAN RAYA PUNCAK- CISARUA KM 83, TUGU, CISARUA, TUGU UTARA, KEC. CISARUA, KABUPATEN BOGOR, JAWA BARAT 16750","ID_PROV":"32","PROVINSI":"JAWA BARAT","ID_KABKOT":"32.01","KABKOT":"BOGOR","ID_KEC":"32.01.25","KECAMATAN":"CISARUA","ID_DESA":"32.01.25.2009","DESA":"TUGU UTARA","LONGITUDE":106.963475199999,"LATITUDE":-6.6939589,"STATUS":"BUKA","TANGGAL UPDATE":"27/02/2025","TANGGAL PENGUMPULAN":"Q4 2023","q":27468,"r":-15226}},{"type":"Feature","geometry":{"coordinates":[106.93664030000008,-6.665595499999938],"type":"Point"},"properties":{"NAMA":"MIE AYAM 88","TIPE_1":"MAKANAN DAN MINUMAN","TIPE_2":"RESTORAN","TIPE_3":"MIE DAN BAKSO","TELEPON":"0857-7386-7374","ALAMAT":"JL. JOGJOGAN NO.72-28, JOGJOGAN, KEC. CISARUA, KABUPATEN BOGOR, JAWA BARAT 16750","ID_PROV":"32","PROVINSI":"JAWA BARAT","ID_KABKOT":"32.01","KABKOT":"BOGOR","ID_KEC":"32.01.25","KECAMATAN":"CISARUA","ID_DESA":"32.01.25.2002","DESA":"JOGJOGAN","LONGITUDE":106.9366403,"LATITUDE":-6.6655955,"STATUS":"BUKA","TANGGAL UPDATE":"27/02/2025","TANGGAL PENGUMPULAN":"Q4 2023","q":27461,"r":-15216}},{"type":"Feature","geometry":{"coordinates":[106.94121130000008,-6.687192299999936],"type":"Point"},"properties":{"NAMA":"BASO & MIE AYAM MA'CIE","TIPE_1":"MAKANAN DAN MINUMAN","TIPE_2":"RESTORAN","TIPE_3":"MIE DAN BAKSO","TELEPON":"0895-3203-06778","ALAMAT":"JLN RAYA PUNCAK SEUSEUPAN 2 TR04/06, GG MASJID AL HAMDI NO.DS, BENDUNGAN, KEC. CISARUA, KABUPATEN BOGOR, JAWA BARAT 16720","ID_PROV":"32","PROVINSI":"JAWA BARAT","ID_KABKOT":"32.01","KABKOT":"BOGOR","ID_KEC":"32.01.25","KECAMATAN":"CISARUA","ID_DESA":"32.01.25.1010","DESA":"CISARUA","LONGITUDE":106.941211299999,"LATITUDE":-6.6871923,"STATUS":"BUKA","TANGGAL UPDATE":"27/02/2025","TANGGAL PENGUMPULAN":"Q4 2023","q":27462,"r":-15221}},{"type":"Feature","geometry":{"coordinates":[106.99287120000008,-6.699510799999928],"type":"Point"},"properties":{"NAMA":"NASI MIE GORENG","TIPE_1":"MAKANAN DAN MINUMAN","TIPE_2":"RESTORAN","TIPE_3":"MIE DAN BAKSO","TELEPON":"","ALAMAT":"TUGU UTARA, KEC. CISARUA, KABUPATEN BOGOR, JAWA BARAT","ID_PROV":"32","PROVINSI":"JAWA BARAT","ID_KABKOT":"32.01","KABKOT":"BOGOR","ID_KEC":"32.01.25","KECAMATAN":"CISARUA","ID_DESA":"32.01.25.2009","DESA":"TUGU UTARA","LONGITUDE":106.9928712,"LATITUDE":-6.6995108,"STATUS":"BUKA","TANGGAL UPDATE":"27/02/2025","TANGGAL PENGUMPULAN":"Q4 2023","q":27475,"r":-15231}},{"type":"Feature","geometry":{"coordinates":[106.98723860000007,-6.698630399999956],"type":"Point"},"properties":{"NAMA":"SECRET GARDEN PUNCAK","TIPE_1":"MAKANAN DAN MINUMAN","TIPE_2":"RESTORAN","TIPE_3":"MIE DAN BAKSO","TELEPON":"0852-2061-4040","ALAMAT":"JL. RAYA PUNCAK GADOG NO.KM 90 NO 17, TUGU SEL., KEC CISAURA, KABUPATEN BOGOR, JAWA BARAT 16750","ID_PROV":"32","PROVINSI":"JAWA BARAT","ID_KABKOT":"32.01","KABKOT":"BOGOR","ID_KEC":"32.01.25","KECAMATAN":"CISARUA","ID_DESA":"32.01.25.2009","DESA":"TUGU UTARA","LONGITUDE":106.9872386,"LATITUDE":-6.6986304,"STATUS":"BUKA","TANGGAL UPDATE":"27/02/2025","TANGGAL PENGUMPULAN":"Q4 2023","q":27474,"r":-15230}},{"type":"Feature","geometry":{"coordinates":[107.09211780000004,-6.6448],"type":"Point"},"properties":{"NAMA":"WARUNG PAK OYAN PUNCAK PADATI","TIPE_1":"MAKANAN DAN MINUMAN","TIPE_2":"RESTORAN","TIPE_3":"MIE DAN BAKSO","TELEPON":"","ALAMAT":"934R+3R, CIBADAK, KEC. TANJUNGSARI, KABUPATEN BOGOR, JAWA BARAT","ID_PROV":"32","PROVINSI":"JAWA BARAT","ID_KABKOT":"32.01","KABKOT":"BOGOR","ID_KEC":"32.01.36","KECAMATAN":"TANJUNGSARI","ID_DESA":"32.01.36.2006","DESA":"CIBADAK","LONGITUDE":107.0921178,"LATITUDE":-6.6448,"STATUS":"BUKA","TANGGAL UPDATE":"27/02/2025","TANGGAL PENGUMPULAN":"Q4 2023","q":27501,"r":-15231}},{"type":"Feature","geometry":{"coordinates":[107.02461030000006,-6.601915299999973],"type":"Point"},"properties":{"NAMA":"WARUNG NASI BATU TUMPANG (PUNCAK 2 JONGGOL)","TIPE_1":"MAKANAN DAN MINUMAN","TIPE_2":"RESTORAN","TIPE_3":"MIE DAN BAKSO","TELEPON":"","ALAMAT":"JL. KP. CIHERANG, WARGAJAYA, KEC. SUKAMAKMUR, KABUPATEN BOGOR, JAWA BARAT 16830","ID_PROV":"32","PROVINSI":"JAWA BARAT","ID_KABKOT":"32.01","KABKOT":"BOGOR","ID_KEC":"32.01.09","KECAMATAN":"SUKAMAKMUR","ID_DESA":"32.01.09.2001","DESA":"WARGAJAYA","LONGITUDE":107.024610299999,"LATITUDE":-6.6019153,"STATUS":"BUKA","TANGGAL UPDATE":"27/02/2025","TANGGAL PENGUMPULAN":"Q4 2023","q":27483,"r":-15213}},{"type":"Feature","geometry":{"coordinates":[106.91217890000007,-6.672246499999972],"type":"Point"},"properties":{"NAMA":"SAUNG LIWET IKAN BAKAR AZZAHRA CISARUA","TIPE_1":"MAKANAN DAN MINUMAN","TIPE_2":"RESTORAN","TIPE_3":"MIE DAN BAKSO","TELEPON":"0813-2330-0000","ALAMAT":"KP CIDOKOM PNDOK DESA, KOPO, KEC. CISARUA, KABUPATEN BOGOR, JAWA BARAT 16750","ID_PROV":"32","PROVINSI":"JAWA BARAT","ID_KABKOT":"32.01","KABKOT":"BOGOR","ID_KEC":"32.01.25","KECAMATAN":"CISARUA","ID_DESA":"32.01.25.2008","DESA":"KOPO","LONGITUDE":106.9121789,"LATITUDE":-6.6722465,"STATUS":"BUKA","TANGGAL UPDATE":"27/02/2025","TANGGAL PENGUMPULAN":"Q4 2023","q":27454,"r":-15214}},{"type":"Feature","geometry":{"coordinates":[106.88811120000008,-6.65179569999998],"type":"Point"},"properties":{"NAMA":"BASECAMP FAMILY LEISURE AND RESTO","TIPE_1":"MAKANAN DAN MINUMAN","TIPE_2":"RESTORAN","TIPE_3":"MIE DAN BAKSO","TELEPON":"(0251) 8297808","ALAMAT":"JL. RAYA PUNCAK GADOG NO.22, RW.KM 75, CIPAYUNG DATAR, KEC. MEGAMENDUNG, KABUPATEN BOGOR, JAWA BARAT 16770","ID_PROV":"32","PROVINSI":"JAWA BARAT","ID_KABKOT":"32.01","KABKOT":"BOGOR","ID_KEC":"32.01.26","KECAMATAN":"MEGAMENDUNG","ID_DESA":"32.01.26.2006","DESA":"CIPAYUNG","LONGITUDE":106.8881112,"LATITUDE":-6.6517957,"STATUS":"BUKA","TANGGAL UPDATE":"27/02/2025","TANGGAL PENGUMPULAN":"Q4 2023","q":27448,"r":-15207}},{"type":"Feature","geometry":{"coordinates":[106.93328210000004,-6.676092299999937],"type":"Point"},"properties":{"NAMA":"SKY GARDEN RESTO","TIPE_1":"MAKANAN DAN MINUMAN","TIPE_2":"RESTORAN","TIPE_3":"MIE DAN BAKSO","TELEPON":"","ALAMAT":"CISARUA, KEC. CISARUA, KABUPATEN BOGOR, JAWA BARAT 16750","ID_PROV":"32","PROVINSI":"JAWA BARAT","ID_KABKOT":"32.01","KABKOT":"BOGOR","ID_KEC":"32.01.25","KECAMATAN":"CISARUA","ID_DESA":"32.01.25.1010","DESA":"CISARUA","LONGITUDE":106.9332821,"LATITUDE":-6.6760923,"STATUS":"BUKA","TANGGAL UPDATE":"27/02/2025","TANGGAL PENGUMPULAN":"Q4 2023","q":27460,"r":-15218}},{"type":"Feature","geometry":{"coordinates":[106.91407010000006,-6.659056299999975],"type":"Point"},"properties":{"NAMA":"THE RANCH CISARUA PUNCAK","TIPE_1":"MAKANAN DAN MINUMAN","TIPE_2":"RESTORAN","TIPE_3":"MIE DAN BAKSO","TELEPON":"0878-8954-1791","ALAMAT":"JL. RAYA PUNCAK GADOG NO.KM, RW.5, KOPO, KEC. CISARUA, KABUPATEN BOGOR, JAWA BARAT 16750","ID_PROV":"32","PROVINSI":"JAWA BARAT","ID_KABKOT":"32.01","KABKOT":"BOGOR","ID_KEC":"32.01.25","KECAMATAN":"CISARUA","ID_DESA":"32.01.25.2008","DESA":"KOPO","LONGITUDE":106.914070099999,"LATITUDE":-6.6590563,"STATUS":"BUKA","TANGGAL UPDATE":"27/02/2025","TANGGAL PENGUMPULAN":"Q4 2023","q":27455,"r":-15212}},{"type":"Feature","geometry":{"coordinates":[106.99485440000007,-6.699907],"type":"Point"},"properties":{"NAMA":"RINDU PUNCAK","TIPE_1":"MAKANAN DAN MINUMAN","TIPE_2":"RESTORAN","TIPE_3":"MIE DAN BAKSO","TELEPON":"0823-1735-1628","ALAMAT":"JALAN NASIONAL NO.11, TUGU UTARA, KEC. CISARUA, KABUPATEN BOGOR, JAWA BARAT 16750","ID_PROV":"32","PROVINSI":"JAWA BARAT","ID_KABKOT":"32.01","KABKOT":"BOGOR","ID_KEC":"32.01.25","KECAMATAN":"CISARUA","ID_DESA":"32.01.25.2009","DESA":"TUGU UTARA","LONGITUDE":106.9948544,"LATITUDE":-6.699907,"STATUS":"BUKA","TANGGAL UPDATE":"27/02/2025","TANGGAL PENGUMPULAN":"Q4 2023","q":27476,"r":-15231}},{"type":"Feature","geometry":{"coordinates":[106.93614260000004,-6.678559199999938],"type":"Point"},"properties":{"NAMA":"MIE AYAM BAKSO WONOGIRI","TIPE_1":"MAKANAN DAN MINUMAN","TIPE_2":"RESTORAN","TIPE_3":"MIE DAN BAKSO","TELEPON":"","ALAMAT":"CISARUA, KEC. CISARUA, KABUPATEN BOGOR, JAWA BARAT","ID_PROV":"32","PROVINSI":"JAWA BARAT","ID_KABKOT":"32.01","KABKOT":"BOGOR","ID_KEC":"32.01.25","KECAMATAN":"CISARUA","ID_DESA":"32.01.25.1010","DESA":"CISARUA","LONGITUDE":106.9361426,"LATITUDE":-6.6785592,"STATUS":"BUKA","TANGGAL UPDATE":"27/02/2025","TANGGAL PENGUMPULAN":"Q4 2023","q":27461,"r":-15219}},{"type":"Feature","geometry":{"coordinates":[106.85065910000009,-6.659185499999978],"type":"Point"},"properties":{"NAMA":"ABU AZMI RESTO FRIED CHICKEN SPICY","TIPE_1":"MAKANAN DAN MINUMAN","TIPE_2":"RESTORAN","TIPE_3":"MIE DAN BAKSO","TELEPON":"","ALAMAT":"JL. RAYA PUNCAK GADOG, BENDUNGAN, KEC. CIAWI, KABUPATEN BOGOR, JAWA BARAT 16720","ID_PROV":"32","PROVINSI":"JAWA BARAT","ID_KABKOT":"32.01","KABKOT":"BOGOR","ID_KEC":"32.01.24","KECAMATAN":"CIAWI","ID_DESA":"32.01.24.2012","DESA":"CIAWI","LONGITUDE":106.8506591,"LATITUDE":-6.6591855,"STATUS":"BUKA","TANGGAL UPDATE":"27/02/2025","TANGGAL PENGUMPULAN":"Q4 2023","q":27439,"r":-15204}},{"type":"Feature","geometry":{"coordinates":[106.85183940000007,-6.660573699999929],"type":"Point"},"properties":{"NAMA":"BAKMI JOWO KHAS JOGJA","TIPE_1":"MAKANAN DAN MINUMAN","TIPE_2":"RESTORAN","TIPE_3":"MIE DAN BAKSO","TELEPON":"","ALAMAT":"JL. RAYA PUNCAK GADOG, BENDUNGAN, KEC. CIAWI, KABUPATEN BOGOR, JAWA BARAT 16720","ID_PROV":"32","PROVINSI":"JAWA BARAT","ID_KABKOT":"32.01","KABKOT":"BOGOR","ID_KEC":"32.01.24","KECAMATAN":"CIAWI","ID_DESA":"32.01.24.2008","DESA":"BENDUNGAN","LONGITUDE":106.851839399999,"LATITUDE":-6.6605737,"STATUS":"BUKA","TANGGAL UPDATE":"27/02/2025","TANGGAL PENGUMPULAN":"Q4 2023","q":27439,"r":-15204}},{"type":"Feature","geometry":{"coordinates":[106.99395790000005,-6.704583499999956],"type":"Point"},"properties":{"NAMA":"WARPAT","TIPE_1":"MAKANAN DAN MINUMAN","TIPE_2":"RESTORAN","TIPE_3":"MIE DAN BAKSO","TELEPON":"0838-1732-3022","ALAMAT":"JL. RAYA PUNCAK - GADOG, TUGU SEL., KEC. CISARUA, KABUPATEN BOGOR, JAWA BARAT 16750","ID_PROV":"32","PROVINSI":"JAWA BARAT","ID_KABKOT":"32.01","KABKOT":"BOGOR","ID_KEC":"32.01.25","KECAMATAN":"CISARUA","ID_DESA":"32.01.25.2009","DESA":"TUGU UTARA","LONGITUDE":106.9939579,"LATITUDE":-6.7045835,"STATUS":"BUKA","TANGGAL UPDATE":"27/02/2025","TANGGAL PENGUMPULAN":"Q4 2023","q":27475,"r":-15232}},{"type":"Feature","geometry":{"coordinates":[106.99193470000006,-6.700737],"type":"Point"},"properties":{"NAMA":"WAROENG INDOMIE ADEK ABANG","TIPE_1":"MAKANAN DAN MINUMAN","TIPE_2":"RESTORAN","TIPE_3":"MIE DAN BAKSO","TELEPON":"","ALAMAT":"TUGU SEL., KEC. CISARUA, KABUPATEN BOGOR, JAWA BARAT 16750","ID_PROV":"32","PROVINSI":"JAWA BARAT","ID_KABKOT":"32.01","KABKOT":"BOGOR","ID_KEC":"32.01.25","KECAMATAN":"CISARUA","ID_DESA":"32.01.25.2009","DESA":"TUGU UTARA","LONGITUDE":106.9919347,"LATITUDE":-6.700737,"STATUS":"BUKA","TANGGAL UPDATE":"27/02/2025","TANGGAL PENGUMPULAN":"Q4 2023","q":27475,"r":-15231}},{"type":"Feature","geometry":{"coordinates":[106.94019590000005,-6.687828299999978],"type":"Point"},"properties":{"NAMA":"MIE AYAM BAKSO RUDAL OJOLALI","TIPE_1":"MAKANAN DAN MINUMAN","TIPE_2":"RESTORAN","TIPE_3":"MIE DAN BAKSO","TELEPON":"0812-8459-6575","ALAMAT":"JALAN RAYA PUNCAK KM.82, SIMPANG TAMAN SAFARI NO.DS, CIBEUREUM, KEC. CISARUA, KABUPATEN BOGOR, JAWA BARAT 16750","ID_PROV":"32","PROVINSI":"JAWA BARAT","ID_KABKOT":"32.01","KABKOT":"BOGOR","ID_KEC":"32.01.25","KECAMATAN":"CISARUA","ID_DESA":"32.01.25.2003","DESA":"CIBEUREUM","LONGITUDE":106.940195899999,"LATITUDE":-6.6878283,"STATUS":"BUKA","TANGGAL UPDATE":"27/02/2025","TANGGAL PENGUMPULAN":"Q4 2023","q":27462,"r":-15221}},{"type":"Feature","geometry":{"coordinates":[106.93186240000006,-6.67980149999994],"type":"Point"},"properties":{"NAMA":"MIE AYAM BASO MAS KUMIS INDUK","TIPE_1":"MAKANAN DAN MINUMAN","TIPE_2":"RESTORAN","TIPE_3":"MIE DAN BAKSO","TELEPON":"0812-9746-5100","ALAMAT":"PASAR, CISARUA, KEC. CISARUA, KABUPATEN BOGOR, JAWA BARAT 16750","ID_PROV":"32","PROVINSI":"JAWA BARAT","ID_KABKOT":"32.01","KABKOT":"BOGOR","ID_KEC":"32.01.25","KECAMATAN":"CISARUA","ID_DESA":"32.01.25.1010","DESA":"CISARUA","LONGITUDE":106.9318624,"LATITUDE":-6.6798015,"STATUS":"BUKA","TANGGAL UPDATE":"27/02/2025","TANGGAL PENGUMPULAN":"Q4 2023","q":27459,"r":-15219}},{"type":"Feature","geometry":{"coordinates":[106.92391980000008,-6.682192499999928],"type":"Point"},"properties":{"NAMA":"MIE AYAM BAKSO SIDO MUKTI","TIPE_1":"MAKANAN DAN MINUMAN","TIPE_2":"RESTORAN","TIPE_3":"MIE DAN BAKSO","TELEPON":"0878-7432-1103","ALAMAT":"JL. CIDOKOM NO.008, KOPO, KEC. CISARUA, KABUPATEN BOGOR, JAWA BARAT 16750","ID_PROV":"32","PROVINSI":"JAWA BARAT","ID_KABKOT":"32.01","KABKOT":"BOGOR","ID_KEC":"32.01.25","KECAMATAN":"CISARUA","ID_DESA":"32.01.25.2008","DESA":"KOPO","LONGITUDE":106.9239198,"LATITUDE":-6.6821925,"STATUS":"BUKA","TANGGAL UPDATE":"27/02/2025","TANGGAL PENGUMPULAN":"Q4 2023","q":27457,"r":-15218}},{"type":"Feature","geometry":{"coordinates":[106.90955280000009,-6.652324699999951],"type":"Point"},"properties":{"NAMA":"LAILA AYAM PENYET PUNCAK","TIPE_1":"MAKANAN DAN MINUMAN","TIPE_2":"RESTORAN","TIPE_3":"MIE DAN BAKSO","TELEPON":"0821-1515-3503","ALAMAT":"JL. RAYA PUNCAK GADOG, RT.01/RW.01, CILEMBER, KEC. CISARUA, KABUPATEN BOGOR, JAWA BARAT 16750","ID_PROV":"32","PROVINSI":"JAWA BARAT","ID_KABKOT":"32.01","KABKOT":"BOGOR","ID_KEC":"32.01.25","KECAMATAN":"CISARUA","ID_DESA":"32.01.25.2004","DESA":"CILEMBER","LONGITUDE":106.9095528,"LATITUDE":-6.6523247,"STATUS":"BUKA","TANGGAL UPDATE":"27/02/2025","TANGGAL PENGUMPULAN":"Q4 2023","q":27454,"r":-15210}},{"type":"Feature","geometry":{"coordinates":[106.96124470000007,-6.689701199999945],"type":"Point"},"properties":{"NAMA":"KUPU - KUPU","TIPE_1":"MAKANAN DAN MINUMAN","TIPE_2":"RESTORAN","TIPE_3":"MIE DAN BAKSO","TELEPON":"(0251) 8254225","ALAMAT":"JL. RAYA PUNCAK GADOG NO.KM.84, TUGU UTARA, KEC. CISARUA, KABUPATEN BOGOR, JAWA BARAT 16750","ID_PROV":"32","PROVINSI":"JAWA BARAT","ID_KABKOT":"32.01","KABKOT":"BOGOR","ID_KEC":"32.01.25","KECAMATAN":"CISARUA","ID_DESA":"32.01.25.2009","DESA":"TUGU UTARA","LONGITUDE":106.9612447,"LATITUDE":-6.6897012,"STATUS":"BUKA","TANGGAL UPDATE":"27/02/2025","TANGGAL PENGUMPULAN":"Q4 2023","q":27467,"r":-15225}},{"type":"Feature","geometry":{"coordinates":[106.95656490000005,-6.682501699999932],"type":"Point"},"properties":{"NAMA":"SOTO MIE BOGOR KANG MAMAN","TIPE_1":"MAKANAN DAN MINUMAN","TIPE_2":"RESTORAN","TIPE_3":"MIE DAN BAKSO","TELEPON":"","ALAMAT":"JL. CIBURIAL, TUGU UTARA, KEC. CISARUA, KABUPATEN BOGOR, JAWA BARAT 16750","ID_PROV":"32","PROVINSI":"JAWA BARAT","ID_KABKOT":"32.01","KABKOT":"BOGOR","ID_KEC":"32.01.25","KECAMATAN":"CISARUA","ID_DESA":"32.01.25.2009","DESA":"TUGU UTARA","LONGITUDE":106.956564899999,"LATITUDE":-6.6825017,"STATUS":"BUKA","TANGGAL UPDATE":"27/02/2025","TANGGAL PENGUMPULAN":"Q4 2023","q":27466,"r":-15222}},{"type":"Feature","geometry":{"coordinates":[106.8369923,-6.6045378],"type":"Point"},"properties":{"NAMA":"STREATS RESTAURANT","TIPE_1":"MAKANAN DAN MINUMAN","TIPE_2":"RESTORAN","TIPE_3":"RESTORAN MELAYU","TELEPON":"","ALAMAT":"JL. GOLF ESTATE BOGOR RAYA, SUKARAJA, KEC. SUKARAJA, KABUPATEN BOGOR, JAWA BARAT 16710","ID_PROV":"32","PROVINSI":"JAWA BARAT","ID_KABKOT":"32.01","KABKOT":"BOGOR","ID_KEC":"32.01.04","KECAMATAN":"SUKARAJA","ID_DESA":"32.01.04.2007","DESA":"SUKARAJA","LONGITUDE":106.8369923,"LATITUDE":-6.6045378,"STATUS":"BUKA","TANGGAL UPDATE":"27/02/2025","TANGGAL PENGUMPULAN":"Q4 2023","q":27435,"r":-15190}},{"type":"Feature","geometry":{"coordinates":[106.74201509999999,-6.6102505],"type":"Point"},"properties":{"NAMA":"BUKIT AIR RESTO","TIPE_1":"MAKANAN DAN MINUMAN","TIPE_2":"RESTORAN","TIPE_3":"RESTORAN MELAYU","TELEPON":"0822-2600-0439","ALAMAT":"JL. BABAKAN ENCLE, SUKAHARJA, KEC. CIOMAS, KABUPATEN BOGOR, JAWA BARAT 16610","ID_PROV":"32","PROVINSI":"JAWA BARAT","ID_KABKOT":"32.01","KABKOT":"BOGOR","ID_KEC":"32.01.29","KECAMATAN":"CIOMAS","ID_DESA":"32.01.29.2002","DESA":"SUKAHARJA","LONGITUDE":106.7420151,"LATITUDE":-6.6102505,"STATUS":"BUKA","TANGGAL UPDATE":"27/02/2025","TANGGAL PENGUMPULAN":"Q4 2023","q":27411,"r":-15179}},{"type":"Feature","geometry":{"coordinates":[106.86677549999999,-6.6450657],"type":"Point"},"properties":{"NAMA":"PASIR ANGIN PAS","TIPE_1":"MAKANAN DAN MINUMAN","TIPE_2":"RESTORAN","TIPE_3":"RESTORAN MELAYU","TELEPON":"0811-1182-991","ALAMAT":"JALAN HAJI SOBARI RAYA RT02/03 KP BABAKAN SIRNA (BELAKANG LEARNING CENTER BUMI CIMB NIAGA) DESA, PASIR ANGIN, MEGAMENDUNG, BOGOR REGENCY, WEST JAVA 16770","ID_PROV":"32","PROVINSI":"JAWA BARAT","ID_KABKOT":"32.01","KABKOT":"BOGOR","ID_KEC":"32.01.26","KECAMATAN":"MEGAMENDUNG","ID_DESA":"32.01.26.2012","DESA":"PASIR ANGIN","LONGITUDE":106.8667755,"LATITUDE":-6.6450657,"STATUS":"BUKA","TANGGAL UPDATE":"27/02/2025","TANGGAL PENGUMPULAN":"Q4 2023","q":27443,"r":-15202}},{"type":"Feature","geometry":{"coordinates":[106.855914,-6.458927399999936],"type":"Point"},"properties":{"NAMA":"MIE ACEH PUSAKA JAYA","TIPE_1":"MAKANAN DAN MINUMAN","TIPE_2":"RESTORAN","TIPE_3":"MIE DAN BAKSO","TELEPON":"0821-1069-7886","ALAMAT":"JL. RAYA JAKARTA-BOGOR NO.9, PABUARAN, KEC. CIBINONG, KABUPATEN BOGOR, JAWA BARAT 16916","ID_PROV":"32","PROVINSI":"JAWA BARAT","ID_KABKOT":"32.01","KABKOT":"BOGOR","ID_KEC":"32.01.01","KECAMATAN":"CIBINONG","ID_DESA":"32.01.01.1012","DESA":"PABUARAN","LONGITUDE":106.855914,"LATITUDE":-6.4589274,"STATUS":"BUKA","TANGGAL UPDATE":"27/02/2025","TANGGAL PENGUMPULAN":"Q4 2023","q":27440,"r":-15159}},{"type":"Feature","geometry":{"coordinates":[106.97524690000006,-6.322934],"type":"Point"},"properties":{"NAMA":"MIE ACEH NASI GORENG SYAFANA","TIPE_1":"MAKANAN DAN MINUMAN","TIPE_2":"RESTORAN","TIPE_3":"NASI GORENG","TELEPON":"","ALAMAT":"BLOK Z6 NO, JL. VILLA NUSA INDAH II NO.1, BOJONG KULUR, KEC. GN. PUTRI, KABUPATEN BOGOR, JAWA BARAT 16969","ID_PROV":"32","PROVINSI":"JAWA BARAT","ID_KABKOT":"32.01","KABKOT":"BOGOR","ID_KEC":"32.01.02","KECAMATAN":"GUNUNG PUTRI","ID_DESA":"32.01.02.2002","DESA":"BOJONG KULUR","LONGITUDE":106.9752469,"LATITUDE":-6.322934,"STATUS":"BUKA","TANGGAL UPDATE":"27/02/2025","TANGGAL PENGUMPULAN":"Q4 2023","q":27471,"r":-15144}},{"type":"Feature","geometry":{"coordinates":[106.88240540000004,-6.486053499999969],"type":"Point"},"properties":{"NAMA":"MIE ACEH MILA UTAMA","TIPE_1":"MAKANAN DAN MINUMAN","TIPE_2":"RESTORAN","TIPE_3":"MIE DAN BAKSO","TELEPON":"0813-1021-9020","ALAMAT":"JL. MAYOR OKING CITEUREUP NO.202, CITEUREUP, KEC. CITEUREUP, KABUPATEN BOGOR, JAWA BARAT 16810","ID_PROV":"32","PROVINSI":"JAWA BARAT","ID_KABKOT":"32.01","KABKOT":"BOGOR","ID_KEC":"32.01.03","KECAMATAN":"CITEUREUP","ID_DESA":"32.01.03.2002","DESA":"CITEUREUP","LONGITUDE":106.8824054,"LATITUDE":-6.4860535,"STATUS":"BUKA","TANGGAL UPDATE":"27/02/2025","TANGGAL PENGUMPULAN":"Q4 2023","q":27447,"r":-15169}},{"type":"Feature","geometry":{"coordinates":[106.78403640000005,-6.447892799999977],"type":"Point"},"properties":{"NAMA":"MIE ACEH 86 DAN ES CAMPUR CINTA RASA","TIPE_1":"MAKANAN DAN MINUMAN","TIPE_2":"RESTORAN","TIPE_3":"MIE DAN BAKSO","TELEPON":"0821-1217-7036","ALAMAT":"JL. RAYA CITAYAM - PARUNG NO.3, RAGAJAYA, KECAMATAN BOJONGGEDE, KABUPATEN BOGOR, JAWA BARAT 16920","ID_PROV":"32","PROVINSI":"JAWA BARAT","ID_KABKOT":"32.01","KABKOT":"BOGOR","ID_KEC":"32.01.13","KECAMATAN":"BOJONG GEDE","ID_DESA":"32.01.13.2004","DESA":"RAGAJAYA","LONGITUDE":106.784036399999,"LATITUDE":-6.4478928,"STATUS":"BUKA","TANGGAL UPDATE":"27/02/2025","TANGGAL PENGUMPULAN":"Q4 2023","q":27421,"r":-15148}},{"type":"Feature","geometry":{"coordinates":[106.76189030000006,-6.480156099999931],"type":"Point"},"properties":{"NAMA":"SOTO MIE BANG ASMAT","TIPE_1":"MAKANAN DAN MINUMAN","TIPE_2":"RESTORAN","TIPE_3":"MIE DAN BAKSO","TELEPON":"","ALAMAT":"JL. CENDRAWASIH, TAJURHALANG, KEC. TAJUR HALANG, KABUPATEN BOGOR, JAWA BARAT 16320","ID_PROV":"32","PROVINSI":"JAWA BARAT","ID_KABKOT":"32.01","KABKOT":"BOGOR","ID_KEC":"32.01.37","KECAMATAN":"TAJURHALANG","ID_DESA":"32.01.37.2001","DESA":"TAJURHALANG","LONGITUDE":106.761890299999,"LATITUDE":-6.4801561,"STATUS":"BUKA","TANGGAL UPDATE":"27/02/2025","TANGGAL PENGUMPULAN":"Q4 2023","q":27416,"r":-15152}},{"type":"Feature","geometry":{"coordinates":[106.83873620000008,-6.461089699999945],"type":"Point"},"properties":{"NAMA":"BAKSO DAN MIE AYAM SHAFIRA","TIPE_1":"MAKANAN DAN MINUMAN","TIPE_2":"RESTORAN","TIPE_3":"MIE DAN BAKSO","TELEPON":"0896-9490-2007","ALAMAT":"JL. MOH. SANUN JL. RAYA CIKARET, RT.:02/RW.:08, HARAPAN JAYA, KEC. CIBINONG, KABUPATEN BOGOR, JAWA BARAT 16914","ID_PROV":"32","PROVINSI":"JAWA BARAT","ID_KABKOT":"32.01","KABKOT":"BOGOR","ID_KEC":"32.01.01","KECAMATAN":"CIBINONG","ID_DESA":"32.01.01.1003","DESA":"HARAPANJAYA","LONGITUDE":106.8387362,"LATITUDE":-6.4610897,"STATUS":"BUKA","TANGGAL UPDATE":"27/02/2025","TANGGAL PENGUMPULAN":"Q4 2023","q":27436,"r":-15158}},{"type":"Feature","geometry":{"coordinates":[106.82060560000008,-6.542620399999976],"type":"Point"},"properties":{"NAMA":"MIE JOGJA PAK KINO","TIPE_1":"MAKANAN DAN MINUMAN","TIPE_2":"RESTORAN","TIPE_3":"MIE DAN BAKSO","TELEPON":"0818-0420-3407","ALAMAT":"JL. MANDALA RAYA NO.5, RT.06/RW.02, CIMANDALA, KEC. SUKARAJA, KABUPATEN BOGOR, JAWA BARAT 16710","ID_PROV":"32","PROVINSI":"JAWA BARAT","ID_KABKOT":"32.01","KABKOT":"BOGOR","ID_KEC":"32.01.04","KECAMATAN":"SUKARAJA","ID_DESA":"32.01.04.2010","DESA":"CIMANDALA","LONGITUDE":106.8206056,"LATITUDE":-6.5426204,"STATUS":"BUKA","TANGGAL UPDATE":"27/02/2025","TANGGAL PENGUMPULAN":"Q4 2023","q":27431,"r":-15174}},{"type":"Feature","geometry":{"coordinates":[106.81700470000004,-6.486637499999972],"type":"Point"},"properties":{"NAMA":"BAKMI ABUN SINGKAWANG 69","TIPE_1":"MAKANAN DAN MINUMAN","TIPE_2":"RESTORAN","TIPE_3":"MIE DAN BAKSO","TELEPON":"0812-1932-3056","ALAMAT":"DEPAN DEALER HONDA, JALAN RAYA PEMDA SUKAHATI SUKAHATI CIBINONG, CIRIMEKAR, KEC. CIBINONG, KABUPATEN BOGOR, JAWA BARAT 16918","ID_PROV":"32","PROVINSI":"JAWA BARAT","ID_KABKOT":"32.01","KABKOT":"BOGOR","ID_KEC":"32.01.01","KECAMATAN":"CIBINONG","ID_DESA":"32.01.01.1009","DESA":"SUKAHATI","LONGITUDE":106.8170047,"LATITUDE":-6.4866375,"STATUS":"BUKA","TANGGAL UPDATE":"27/02/2025","TANGGAL PENGUMPULAN":"Q4 2023","q":27430,"r":-15161}},{"type":"Feature","geometry":{"coordinates":[106.72871440000006,-6.421109599999966],"type":"Point"},"properties":{"NAMA":"MIE ACEH SYECH AMIR","TIPE_1":"MAKANAN DAN MINUMAN","TIPE_2":"RESTORAN","TIPE_3":"MIE DAN BAKSO","TELEPON":"0821-1337-4794","ALAMAT":"WARU, KEC. PARUNG, KABUPATEN BOGOR, JAWA BARAT 16330","ID_PROV":"32","PROVINSI":"JAWA BARAT","ID_KABKOT":"32.01","KABKOT":"BOGOR","ID_KEC":"32.01.10","KECAMATAN":"PARUNG","ID_DESA":"32.01.10.2004","DESA":"WARU","LONGITUDE":106.7287144,"LATITUDE":-6.4211096,"STATUS":"BUKA","TANGGAL UPDATE":"27/02/2025","TANGGAL PENGUMPULAN":"Q4 2023","q":27407,"r":-15135}},{"type":"Feature","geometry":{"coordinates":[106.98934630000008,-6.385142199999962],"type":"Point"},"properties":{"NAMA":"DEPOT MIE SURABAYA GROUP","TIPE_1":"MAKANAN DAN MINUMAN","TIPE_2":"RESTORAN","TIPE_3":"MIE DAN BAKSO","TELEPON":"0812-1295-9525","ALAMAT":"CIPENJO, KEC. CILEUNGSI, KABUPATEN BOGOR, JAWA BARAT 16820","ID_PROV":"32","PROVINSI":"JAWA BARAT","ID_KABKOT":"32.01","KABKOT":"BOGOR","ID_KEC":"32.01.07","KECAMATAN":"CILEUNGSI","ID_DESA":"32.01.07.2010","DESA":"CIPENJO","LONGITUDE":106.9893463,"LATITUDE":-6.3851422,"STATUS":"BUKA","TANGGAL UPDATE":"27/02/2025","TANGGAL PENGUMPULAN":"Q4 2023","q":27474,"r":-15160}},{"type":"Feature","geometry":{"coordinates":[106.82843110000005,-6.481533599999977],"type":"Point"},"properties":{"NAMA":"PONDOK BANGLADESH RAJANYA MIE ACEH","TIPE_1":"MAKANAN DAN MINUMAN","TIPE_2":"RESTORAN","TIPE_3":"MIE DAN BAKSO","TELEPON":"0812-8311-4867","ALAMAT":"JALAN RAY TEGAR BERIMAN, JL. KARADENAN NO.48, TENGAH, KEC. CIBINONG, KABUPATEN BOGOR, JAWA BARAT 16914","ID_PROV":"32","PROVINSI":"JAWA BARAT","ID_KABKOT":"32.01","KABKOT":"BOGOR","ID_KEC":"32.01.01","KECAMATAN":"CIBINONG","ID_DESA":"32.01.01.1008","DESA":"TENGAH","LONGITUDE":106.828431099999,"LATITUDE":-6.4815336,"STATUS":"BUKA","TANGGAL UPDATE":"27/02/2025","TANGGAL PENGUMPULAN":"Q4 2023","q":27433,"r":-15161}},{"type":"Feature","geometry":{"coordinates":[106.94388950000007,-6.395240699999931],"type":"Point"},"properties":{"NAMA":"BAKMI JAWA KLUNTUNG","TIPE_1":"MAKANAN DAN MINUMAN","TIPE_2":"RESTORAN","TIPE_3":"MIE DAN BAKSO","TELEPON":"0822-5895-1070","ALAMAT":"RUKO LITTLE CHINA, JL. LEGENDA WISATA BOULEVARD, NAGRAK, KEC. GN. PUTRI, KABUPATEN BOGOR, JAWA BARAT 16967","ID_PROV":"32","PROVINSI":"JAWA BARAT","ID_KABKOT":"32.01","KABKOT":"BOGOR","ID_KEC":"32.01.02","KECAMATAN":"GUNUNG PUTRI","ID_DESA":"32.01.02.2009","DESA":"NAGRAK","LONGITUDE":106.9438895,"LATITUDE":-6.3952407,"STATUS":"BUKA","TANGGAL UPDATE":"27/02/2025","TANGGAL PENGUMPULAN":"Q4 2023","q":27463,"r":-15156}},{"type":"Feature","geometry":{"coordinates":[106.83392560000004,-6.502432399999975],"type":"Point"},"properties":{"NAMA":"MIE AYAM AKBAR","TIPE_1":"MAKANAN DAN MINUMAN","TIPE_2":"RESTORAN","TIPE_3":"MIE DAN BAKSO","TELEPON":"0895-2025-6789","ALAMAT":"JL. ALTERNATIF GOR PEMDA, NANGGEWER MEKAR, KEC. CIBINONG, KABUPATEN BOGOR, JAWA BARAT 16912","ID_PROV":"32","PROVINSI":"JAWA BARAT","ID_KABKOT":"32.01","KABKOT":"BOGOR","ID_KEC":"32.01.01","KECAMATAN":"CIBINONG","ID_DESA":"32.01.01.1005","DESA":"NANGGEWER MEKAR","LONGITUDE":106.8339256,"LATITUDE":-6.5024324,"STATUS":"BUKA","TANGGAL UPDATE":"27/02/2025","TANGGAL PENGUMPULAN":"Q4 2023","q":27434,"r":-15166}},{"type":"Feature","geometry":{"coordinates":[106.81001140000006,-6.530670899999961],"type":"Point"},"properties":{"NAMA":"WARMINDO SOBAR","TIPE_1":"MAKANAN DAN MINUMAN","TIPE_2":"RESTORAN","TIPE_3":"MIE DAN BAKSO","TELEPON":"","ALAMAT":"PANGKALAN II, JL. RAYA PEMDA, PASIR JAMBU, KEC. SUKARAJA, KOTA BOGOR, JAWA BARAT 16710","ID_PROV":"32","PROVINSI":"JAWA BARAT","ID_KABKOT":"32.01","KABKOT":"BOGOR","ID_KEC":"32.01.04","KECAMATAN":"SUKARAJA","ID_DESA":"32.01.04.2009","DESA":"PASIR JAMBU","LONGITUDE":106.8100114,"LATITUDE":-6.5306709,"STATUS":"BUKA","TANGGAL UPDATE":"27/02/2025","TANGGAL PENGUMPULAN":"Q4 2023","q":27428,"r":-15170}},{"type":"Feature","geometry":{"coordinates":[106.75912420000009,-6.600936499999932],"type":"Point"},"properties":{"NAMA":"MIE AYAM BOOM","TIPE_1":"MAKANAN DAN MINUMAN","TIPE_2":"RESTORAN","TIPE_3":"MIE DAN BAKSO","TELEPON":"0896-8603-4450","ALAMAT":"ZAM ZAM, RUKO PERMATA, JL. RAYA CIOMAS KRETEG NO.5, PAGELARAN, KEC. CIOMAS, KABUPATEN BOGOR, JAWA BARAT 16610","ID_PROV":"32","PROVINSI":"JAWA BARAT","ID_KABKOT":"32.01","KABKOT":"BOGOR","ID_KEC":"32.01.29","KECAMATAN":"CIOMAS","ID_DESA":"32.01.29.2006","DESA":"PAGELARAN","LONGITUDE":106.7591242,"LATITUDE":-6.6009365,"STATUS":"BUKA","TANGGAL UPDATE":"27/02/2025","TANGGAL PENGUMPULAN":"Q4 2023","q":27415,"r":-15179}},{"type":"Feature","geometry":{"coordinates":[106.83490160000008,-6.48727329999997],"type":"Point"},"properties":{"NAMA":"MIE AYAM BANGKA KIM'S","TIPE_1":"MAKANAN DAN MINUMAN","TIPE_2":"RESTORAN","TIPE_3":"MIE DAN BAKSO","TELEPON":"0895-3646-30873","ALAMAT":"JL. RAYA GOR, BARU JL. RAYA PEMDA, PAKANSARI, KEC. CIBINONG, KABUPATEN BOGOR, JAWA BARAT 16915","ID_PROV":"32","PROVINSI":"JAWA BARAT","ID_KABKOT":"32.01","KABKOT":"BOGOR","ID_KEC":"32.01.01","KECAMATAN":"CIBINONG","ID_DESA":"32.01.01.1007","DESA":"PAKANSARI","LONGITUDE":106.8349016,"LATITUDE":-6.4872733,"STATUS":"BUKA","TANGGAL UPDATE":"27/02/2025","TANGGAL PENGUMPULAN":"Q4 2023","q":27435,"r":-15163}},{"type":"Feature","geometry":{"coordinates":[106.813815,-6.491955],"type":"Point"},"properties":{"NAMA":"MIE TAMPAR","TIPE_1":"MAKANAN DAN MINUMAN","TIPE_2":"RESTORAN","TIPE_3":"MIE DAN BAKSO","TELEPON":"0813-1481-7118","ALAMAT":"JL. SUKAHATI RAYA NO. 62, RT.4/RW.5, SUKAHATI, KEC. CIBINONG, KABUPATEN BOGOR, JAWA BARAT 16913","ID_PROV":"32","PROVINSI":"JAWA BARAT","ID_KABKOT":"32.01","KABKOT":"BOGOR","ID_KEC":"32.01.01","KECAMATAN":"CIBINONG","ID_DESA":"32.01.01.1009","DESA":"SUKAHATI","LONGITUDE":106.813815,"LATITUDE":-6.491955,"STATUS":"BUKA","TANGGAL UPDATE":"27/02/2025","TANGGAL PENGUMPULAN":"Q4 2023","q":27429,"r":-15161}},{"type":"Feature","geometry":{"coordinates":[106.54316970000008,-6.385972799999934],"type":"Point"},"properties":{"NAMA":"BAKSO MIE AYAM GOYANG RASA (GR) KO OCAY","TIPE_1":"MAKANAN DAN MINUMAN","TIPE_2":"RESTORAN","TIPE_3":"MIE DAN BAKSO","TELEPON":"0851-5671-4773","ALAMAT":"KP. CIRESEK, KEC. PARUNG PANJANG, KABUPATEN BOGOR, JAWA BARAT 16360","ID_PROV":"32","PROVINSI":"JAWA BARAT","ID_KABKOT":"32.01","KABKOT":"BOGOR","ID_KEC":"32.01.20","KECAMATAN":"PARUNG PANJANG","ID_DESA":"32.01.20.2001","DESA":"JAGABAYA","LONGITUDE":106.543169699999,"LATITUDE":-6.3859728,"STATUS":"BUKA","TANGGAL UPDATE":"27/02/2025","TANGGAL PENGUMPULAN":"Q4 2023","q":27360,"r":-15103}},{"type":"Feature","geometry":{"coordinates":[106.73245690000005,-6.445838299999934],"type":"Point"},"properties":{"NAMA":"MIE ACEH LEBAK WANGI","TIPE_1":"MAKANAN DAN MINUMAN","TIPE_2":"RESTORAN","TIPE_3":"MIE DAN BAKSO","TELEPON":"0813-1726-9289","ALAMAT":"FOOD STATION KERETA MALAM, JL. RAYA PARUNG NO.KM, RW.3, PEMAGARSARI, KEC. PARUNG, KABUPATEN BOGOR, JAWA BARAT 16330","ID_PROV":"32","PROVINSI":"JAWA BARAT","ID_KABKOT":"32.01","KABKOT":"BOGOR","ID_KEC":"32.01.10","KECAMATAN":"PARUNG","ID_DESA":"32.01.10.2006","DESA":"PAMEGARSARI","LONGITUDE":106.732456899999,"LATITUDE":-6.4458383,"STATUS":"BUKA","TANGGAL UPDATE":"27/02/2025","TANGGAL PENGUMPULAN":"Q4 2023","q":27408,"r":-15141}},{"type":"Feature","geometry":{"coordinates":[106.88720350000006,-6.585934699999939],"type":"Point"},"properties":{"NAMA":"BANG GEMBOEL (BAKSO MIE AYAM NASI)","TIPE_1":"MAKANAN DAN MINUMAN","TIPE_2":"RESTORAN","TIPE_3":"MIE DAN BAKSO","TELEPON":"0851-6291-9196","ALAMAT":"JL. RAYA BOJONG KONENG NO.5, BOJONG KONENG, KEC. BABAKAN MADANG, KABUPATEN BOGOR, JAWA BARAT 16810","ID_PROV":"32","PROVINSI":"JAWA BARAT","ID_KABKOT":"32.01","KABKOT":"BOGOR","ID_KEC":"32.01.05","KECAMATAN":"BABAKAN MADANG","ID_DESA":"32.01.05.2009","DESA":"BOJONG KONENG","LONGITUDE":106.8872035,"LATITUDE":-6.5859347,"STATUS":"BUKA","TANGGAL UPDATE":"27/02/2025","TANGGAL PENGUMPULAN":"Q4 2023","q":27448,"r":-15192}},{"type":"Feature","geometry":{"coordinates":[106.83400420000004,-6.491528599999981],"type":"Point"},"properties":{"NAMA":"BAKMI JAWA & AYAM KREMES MBAH JU","TIPE_1":"MAKANAN DAN MINUMAN","TIPE_2":"RESTORAN","TIPE_3":"MIE DAN BAKSO","TELEPON":"0878-8569-3870","ALAMAT":"JL. KOL. EDY YOSO MARTADIPURA NO.152, RT.03/RW.05, PAKANSARI, KEC. CIBINONG, KABUPATEN BOGOR, JAWA BARAT 16915","ID_PROV":"32","PROVINSI":"JAWA BARAT","ID_KABKOT":"32.01","KABKOT":"BOGOR","ID_KEC":"32.01.01","KECAMATAN":"CIBINONG","ID_DESA":"32.01.01.1007","DESA":"PAKANSARI","LONGITUDE":106.8340042,"LATITUDE":-6.4915286,"STATUS":"BUKA","TANGGAL UPDATE":"27/02/2025","TANGGAL PENGUMPULAN":"Q4 2023","q":27434,"r":-15164}},{"type":"Feature","geometry":{"coordinates":[106.76031710000007,-6.45820539999994],"type":"Point"},"properties":{"NAMA":"WARUNG MIE EMBUL","TIPE_1":"MAKANAN DAN MINUMAN","TIPE_2":"RESTORAN","TIPE_3":"MIE DAN BAKSO","TELEPON":"","ALAMAT":"RT.004/RW.002 DESA, SASAK PANJANG, KEC. TAJUR HALANG, KABUPATEN BOGOR, JAWA BARAT","ID_PROV":"32","PROVINSI":"JAWA BARAT","ID_KABKOT":"32.01","KABKOT":"BOGOR","ID_KEC":"32.01.37","KECAMATAN":"TAJURHALANG","ID_DESA":"32.01.37.2003","DESA":"SASAK PANJANG","LONGITUDE":106.7603171,"LATITUDE":-6.4582054,"STATUS":"BUKA","TANGGAL UPDATE":"27/02/2025","TANGGAL PENGUMPULAN":"Q4 2023","q":27415,"r":-15147}},{"type":"Feature","geometry":{"coordinates":[106.85719570000003,-6.583335499999976],"type":"Point"},"properties":{"NAMA":"BAKMI JAWA & AYAM REMPAH & TENGKLENG","TIPE_1":"MAKANAN DAN MINUMAN","TIPE_2":"RESTORAN","TIPE_3":"MIE DAN BAKSO","TELEPON":"","ALAMAT":"JL. BUKIT SENTUL, CIJAYANTI, KEC. BABAKAN MADANG, KABUPATEN BOGOR, JAWA BARAT 16810","ID_PROV":"32","PROVINSI":"JAWA BARAT","ID_KABKOT":"32.01","KABKOT":"BOGOR","ID_KEC":"32.01.05","KECAMATAN":"BABAKAN MADANG","ID_DESA":"32.01.05.2001","DESA":"CIJAYANTI","LONGITUDE":106.857195699999,"LATITUDE":-6.5833355,"STATUS":"BUKA","TANGGAL UPDATE":"27/02/2025","TANGGAL PENGUMPULAN":"Q4 2023","q":27440,"r":-15187}},{"type":"Feature","geometry":{"coordinates":[106.86118530000005,-6.564868299999944],"type":"Point"},"properties":{"NAMA":"BAKMI LARISSS","TIPE_1":"MAKANAN DAN MINUMAN","TIPE_2":"RESTORAN","TIPE_3":"MIE DAN BAKSO","TELEPON":"0877-1985-1986","ALAMAT":"40, JL. RAYA BABAKAN MADANG, BABAKAN MADANG, KEC. BABAKAN MADANG, KABUPATEN BOGOR, JAWA BARAT 16810","ID_PROV":"32","PROVINSI":"JAWA BARAT","ID_KABKOT":"32.01","KABKOT":"BOGOR","ID_KEC":"32.01.05","KECAMATAN":"BABAKAN MADANG","ID_DESA":"32.01.05.2007","DESA":"CITARINGGUL","LONGITUDE":106.861185299999,"LATITUDE":-6.5648683,"STATUS":"BUKA","TANGGAL UPDATE":"27/02/2025","TANGGAL PENGUMPULAN":"Q4 2023","q":27441,"r":-15184}},{"type":"Feature","geometry":{"coordinates":[106.88287980000007,-6.47865719999993],"type":"Point"},"properties":{"NAMA":"BAKMI JOGJA MAS WID","TIPE_1":"MAKANAN DAN MINUMAN","TIPE_2":"RESTORAN","TIPE_3":"MIE DAN BAKSO","TELEPON":"0898-8299-507","ALAMAT":"APOTIK KAMURANG, JL. RAYA KAMURANG SEBRANG NO.1, CITEUREUP, KEC. CITEUREUP, KABUPATEN BOGOR, JAWA BARAT 16810","ID_PROV":"32","PROVINSI":"JAWA BARAT","ID_KABKOT":"32.01","KABKOT":"BOGOR","ID_KEC":"32.01.03","KECAMATAN":"CITEUREUP","ID_DESA":"32.01.03.2002","DESA":"CITEUREUP","LONGITUDE":106.8828798,"LATITUDE":-6.4786572,"STATUS":"BUKA","TANGGAL UPDATE":"27/02/2025","TANGGAL PENGUMPULAN":"Q4 2023","q":27447,"r":-15167}},{"type":"Feature","geometry":{"coordinates":[106.86299440000005,-6.472818299999972],"type":"Point"},"properties":{"NAMA":"BAKMI SAN SAN","TIPE_1":"MAKANAN DAN MINUMAN","TIPE_2":"RESTORAN","TIPE_3":"MIE DAN BAKSO","TELEPON":"0812-8713-0381","ALAMAT":"JL. RAYA MAYOR OKING JAYA ATMAJA NO.99, CIRIUNG, KEC. CIBINONG, KABUPATEN BOGOR, JAWA BARAT 16917","ID_PROV":"32","PROVINSI":"JAWA BARAT","ID_KABKOT":"32.01","KABKOT":"BOGOR","ID_KEC":"32.01.01","KECAMATAN":"CIBINONG","ID_DESA":"32.01.01.1010","DESA":"CIRIUNG","LONGITUDE":106.862994399999,"LATITUDE":-6.4728183,"STATUS":"BUKA","TANGGAL UPDATE":"27/02/2025","TANGGAL PENGUMPULAN":"Q4 2023","q":27442,"r":-15163}},{"type":"Feature","geometry":{"coordinates":[106.98316550000004,-6.380185],"type":"Point"},"properties":{"NAMA":"WARUNG NASI/MIE GORENG IPONK ( PUTRINYA IPONK )","TIPE_1":"MAKANAN DAN MINUMAN","TIPE_2":"RESTORAN","TIPE_3":"MIE DAN BAKSO","TELEPON":"","ALAMAT":"JL. PASIR ANGIN NO.14, PASIR ANGIN, KEC. CILEUNGSI, KABUPATEN BOGOR, JAWA BARAT 16820","ID_PROV":"32","PROVINSI":"JAWA BARAT","ID_KABKOT":"32.01","KABKOT":"BOGOR","ID_KEC":"32.01.07","KECAMATAN":"CILEUNGSI","ID_DESA":"32.01.07.2001","DESA":"PASIRANGIN","LONGITUDE":106.9831655,"LATITUDE":-6.380185,"STATUS":"BUKA","TANGGAL UPDATE":"27/02/2025","TANGGAL PENGUMPULAN":"Q4 2023","q":27473,"r":-15158}},{"type":"Feature","geometry":{"coordinates":[106.965656,-6.446019399999955],"type":"Point"},"properties":{"NAMA":"BAKMI JAWA GN KIDUL","TIPE_1":"MAKANAN DAN MINUMAN","TIPE_2":"RESTORAN","TIPE_3":"MIE DAN BAKSO","TELEPON":"0813-8162-8101","ALAMAT":"JL. GRAND KAHURIPAN, DAYEUH, KEC. CILEUNGSI, KABUPATEN BOGOR, JAWA BARAT 16820","ID_PROV":"32","PROVINSI":"JAWA BARAT","ID_KABKOT":"32.01","KABKOT":"BOGOR","ID_KEC":"32.01.07","KECAMATAN":"CILEUNGSI","ID_DESA":"32.01.07.2004","DESA":"DAYEUH","LONGITUDE":106.965656,"LATITUDE":-6.4460194,"STATUS":"BUKA","TANGGAL UPDATE":"27/02/2025","TANGGAL PENGUMPULAN":"Q4 2023","q":27468,"r":-15171}},{"type":"Feature","geometry":{"coordinates":[106.84449420000004,-6.47882379999993],"type":"Point"},"properties":{"NAMA":"BAKMI JOGJA PAK ADI","TIPE_1":"MAKANAN DAN MINUMAN","TIPE_2":"RESTORAN","TIPE_3":"MIE DAN BAKSO","TELEPON":"0878-8381-0959","ALAMAT":"JL. RAYA JAKARTA-BOGOR NO.KM44, PAKANSARI, KEC. CIBINONG, KABUPATEN BOGOR, JAWA BARAT 16915","ID_PROV":"32","PROVINSI":"JAWA BARAT","ID_KABKOT":"32.01","KABKOT":"BOGOR","ID_KEC":"32.01.01","KECAMATAN":"CIBINONG","ID_DESA":"32.01.01.1007","DESA":"PAKANSARI","LONGITUDE":106.8444942,"LATITUDE":-6.4788238,"STATUS":"BUKA","TANGGAL UPDATE":"27/02/2025","TANGGAL PENGUMPULAN":"Q4 2023","q":27437,"r":-15162}},{"type":"Feature","geometry":{"coordinates":[106.63316430000003,-6.391493599999933],"type":"Point"},"properties":{"NAMA":"PONDOK MIE AYAM BASO 74 MAS ARI","TIPE_1":"MAKANAN DAN MINUMAN","TIPE_2":"RESTORAN","TIPE_3":"MIE DAN BAKSO","TELEPON":"0895-3272-96402","ALAMAT":"JALAN RAYA SUKAMANAH, DESA SUKAMANAH, RUMPIN, TAMAN SARI, KEC. RUMPIN, KABUPATEN BOGOR, JAWA BARAT 16350","ID_PROV":"32","PROVINSI":"JAWA BARAT","ID_KABKOT":"32.01","KABKOT":"BOGOR","ID_KEC":"32.01.18","KECAMATAN":"RUMPIN","ID_DESA":"32.01.18.2010","DESA":"TAMANSARI","LONGITUDE":106.633164299999,"LATITUDE":-6.3914936,"STATUS":"BUKA","TANGGAL UPDATE":"27/02/2025","TANGGAL PENGUMPULAN":"Q4 2023","q":27383,"r":-15116}},{"type":"Feature","geometry":{"coordinates":[106.811902,-6.482778099999962],"type":"Point"},"properties":{"NAMA":"BAKMI JOWO CAK KOES","TIPE_1":"MAKANAN DAN MINUMAN","TIPE_2":"RESTORAN","TIPE_3":"MIE DAN BAKSO","TELEPON":"0812-8363-6626","ALAMAT":"BOJONG BARU, KECAMATAN BOJONGGEDE, KABUPATEN BOGOR, JAWA BARAT 16920","ID_PROV":"32","PROVINSI":"JAWA BARAT","ID_KABKOT":"32.01","KABKOT":"BOGOR","ID_KEC":"32.01.13","KECAMATAN":"BOJONG GEDE","ID_DESA":"32.01.13.2001","DESA":"BOJONGBARU","LONGITUDE":106.811901999999,"LATITUDE":-6.4827781,"STATUS":"BUKA","TANGGAL UPDATE":"27/02/2025","TANGGAL PENGUMPULAN":"Q4 2023","q":27429,"r":-15159}},{"type":"Feature","geometry":{"coordinates":[106.72099690000005,-6.57193],"type":"Point"},"properties":{"NAMA":"BAKMI SELEZ","TIPE_1":"MAKANAN DAN MINUMAN","TIPE_2":"RESTORAN","TIPE_3":"MIE DAN BAKSO","TELEPON":"0857-1649-4301","ALAMAT":"TAMAN DARMAGA PERMAI 5 L4 NO.4, JL. CIHIDEUNG ILIR, CIHIDEUNG ILIR, KEC. CIAMPEA, KABUPATEN BOGOR, JAWA BARAT 16220","ID_PROV":"32","PROVINSI":"JAWA BARAT","ID_KABKOT":"32.01","KABKOT":"BOGOR","ID_KEC":"32.01.15","KECAMATAN":"CIAMPEA","ID_DESA":"32.01.15.2010","DESA":"CIHIDEUNGHILIR","LONGITUDE":106.720996899999,"LATITUDE":-6.57193,"STATUS":"BUKA","TANGGAL UPDATE":"27/02/2025","TANGGAL PENGUMPULAN":"Q4 2023","q":27405,"r":-15167}},{"type":"Feature","geometry":{"coordinates":[106.81780950000007,-6.48153439999993],"type":"Point"},"properties":{"NAMA":"BAKMI SURABAYA CAK PARMAN FOOD","TIPE_1":"MAKANAN DAN MINUMAN","TIPE_2":"RESTORAN","TIPE_3":"MIE DAN BAKSO","TELEPON":"0821-3757-2915","ALAMAT":"JALAN RAYA SUKAHATI RT 05 RW 08 SUKAHATI CIBINONG, SUKAHATI, KEC. CIBINONG, KABUPATEN BOGOR, JAWA BARAT 16913","ID_PROV":"32","PROVINSI":"JAWA BARAT","ID_KABKOT":"32.01","KABKOT":"BOGOR","ID_KEC":"32.01.01","KECAMATAN":"CIBINONG","ID_DESA":"32.01.01.1009","DESA":"SUKAHATI","LONGITUDE":106.8178095,"LATITUDE":-6.4815344,"STATUS":"BUKA","TANGGAL UPDATE":"27/02/2025","TANGGAL PENGUMPULAN":"Q4 2023","q":27430,"r":-15160}},{"type":"Feature","geometry":{"coordinates":[106.51048210000005,-6.529574499999967],"type":"Point"},"properties":{"NAMA":"MIE AYAM BAKSO KELIWON","TIPE_1":"MAKANAN DAN MINUMAN","TIPE_2":"RESTORAN","TIPE_3":"MIE DAN BAKSO","TELEPON":"0857-7160-05404","ALAMAT":"JL PAPANGGUNGAN NO.21, BUNAR, KEC. CIGUDEG, KABUPATEN BOGOR, JAWA BARAT 16660","ID_PROV":"32","PROVINSI":"JAWA BARAT","ID_KABKOT":"32.01","KABKOT":"BOGOR","ID_KEC":"32.01.22","KECAMATAN":"CIGUDEG","ID_DESA":"32.01.22.2003","DESA":"BUNAR","LONGITUDE":106.510482099999,"LATITUDE":-6.5295745,"STATUS":"BUKA","TANGGAL UPDATE":"27/02/2025","TANGGAL PENGUMPULAN":"Q4 2023","q":27351,"r":-15131}},{"type":"Feature","geometry":{"coordinates":[106.97341540000008,-6.398177099999941],"type":"Point"},"properties":{"NAMA":"SOTO MIE BOGOR PAK KADIR","TIPE_1":"MAKANAN DAN MINUMAN","TIPE_2":"RESTORAN","TIPE_3":"MIE DAN BAKSO","TELEPON":"0815-1430-9315","ALAMAT":"RUKO PTM 1 NO 8 METLAND TRANSYOGI, JL. KOTA TAMAN METROPOLITAN, CILEUNGSI, KEC. CILEUNGSI, KABUPATEN BOGOR, JAWA BARAT 16820","ID_PROV":"32","PROVINSI":"JAWA BARAT","ID_KABKOT":"32.01","KABKOT":"BOGOR","ID_KEC":"32.01.07","KECAMATAN":"CILEUNGSI","ID_DESA":"32.01.07.2011","DESA":"LIMUSNUNGGAL","LONGITUDE":106.9734154,"LATITUDE":-6.3981771,"STATUS":"BUKA","TANGGAL UPDATE":"27/02/2025","TANGGAL PENGUMPULAN":"Q4 2023","q":27470,"r":-15161}},{"type":"Feature","geometry":{"coordinates":[106.89784130000004,-6.443136],"type":"Point"},"properties":{"NAMA":"BAKSO URAT & MIE AYAM CIKON","TIPE_1":"MAKANAN DAN MINUMAN","TIPE_2":"RESTORAN","TIPE_3":"MIE DAN BAKSO","TELEPON":"0857-1717-1984","ALAMAT":"JLN PANCACILA 28, JL. KP. CIKUDA NO.RT31/14, BOJONG NANGKA, KEC. GN. PUTRI, KABUPATEN BOGOR, JAWA BARAT 16963","ID_PROV":"32","PROVINSI":"JAWA BARAT","ID_KABKOT":"32.01","KABKOT":"BOGOR","ID_KEC":"32.01.02","KECAMATAN":"GUNUNG PUTRI","ID_DESA":"32.01.02.2005","DESA":"BOJONG NANGKA","LONGITUDE":106.8978413,"LATITUDE":-6.443136,"STATUS":"BUKA","TANGGAL UPDATE":"27/02/2025","TANGGAL PENGUMPULAN":"Q4 2023","q":27451,"r":-15161}},{"type":"Feature","geometry":{"coordinates":[106.53376020000007,-6.54785389999995],"type":"Point"},"properties":{"NAMA":"MIE AYAM & BASO SOPONYONO","TIPE_1":"MAKANAN DAN MINUMAN","TIPE_2":"RESTORAN","TIPE_3":"MIE DAN BAKSO","TELEPON":"0857-2080-1962","ALAMAT":"JL. RAYA CIGUDEG, CIGUDEG, KEC. CIGUDEG, KABUPATEN BOGOR, JAWA BARAT 16660","ID_PROV":"32","PROVINSI":"JAWA BARAT","ID_KABKOT":"32.01","KABKOT":"BOGOR","ID_KEC":"32.01.22","KECAMATAN":"CIGUDEG","ID_DESA":"32.01.22.2002","DESA":"CIGUDEG","LONGITUDE":106.533760199999,"LATITUDE":-6.5478539,"STATUS":"BUKA","TANGGAL UPDATE":"27/02/2025","TANGGAL PENGUMPULAN":"Q4 2023","q":27357,"r":-15138}},{"type":"Feature","geometry":{"coordinates":[106.90956250000005,-6.441984399999967],"type":"Point"},"properties":{"NAMA":"MIE AYAM YAMIN PODOMORO","TIPE_1":"MAKANAN DAN MINUMAN","TIPE_2":"RESTORAN","TIPE_3":"MIE DAN BAKSO","TELEPON":"0812-9341-7689","ALAMAT":"JL. GRIYA BUKIT JAYA, TLAJUNG UDIK, KEC. GN. PUTRI, KABUPATEN BOGOR, JAWA BARAT 16932","ID_PROV":"32","PROVINSI":"JAWA BARAT","ID_KABKOT":"32.01","KABKOT":"BOGOR","ID_KEC":"32.01.02","KECAMATAN":"GUNUNG PUTRI","ID_DESA":"32.01.02.2006","DESA":"TLAJUNG UDIK","LONGITUDE":106.909562499999,"LATITUDE":-6.4419844,"STATUS":"BUKA","TANGGAL UPDATE":"27/02/2025","TANGGAL PENGUMPULAN":"Q4 2023","q":27454,"r":-15163}},{"type":"Feature","geometry":{"coordinates":[106.79330060000007,-6.499717299999929],"type":"Point"},"properties":{"NAMA":"MIE BOSSMAN KEDUNG WARINGIN BOGOR","TIPE_1":"MAKANAN DAN MINUMAN","TIPE_2":"RESTORAN","TIPE_3":"MIE DAN BAKSO","TELEPON":"0821-2332-7957","ALAMAT":"SAMPING JEMBATAN LIO, JL. RAYA TONJONG, RT.02/RW.05, KEDUNG WARINGIN, KECAMATAN BOJONGGEDE, KABUPATEN BOGOR, JAWA BARAT 16923","ID_PROV":"32","PROVINSI":"JAWA BARAT","ID_KABKOT":"32.01","KABKOT":"BOGOR","ID_KEC":"32.01.13","KECAMATAN":"BOJONG GEDE","ID_DESA":"32.01.13.2005","DESA":"KEDUNGWARINGIN","LONGITUDE":106.7933006,"LATITUDE":-6.4997173,"STATUS":"BUKA","TANGGAL UPDATE":"27/02/2025","TANGGAL PENGUMPULAN":"Q4 2023","q":27424,"r":-15161}},{"type":"Feature","geometry":{"coordinates":[106.93586540000007,-6.404937399999937],"type":"Point"},"properties":{"NAMA":"BAKMI JOGJA CIPTO ROSO","TIPE_1":"MAKANAN DAN MINUMAN","TIPE_2":"RESTORAN","TIPE_3":"MIE DAN BAKSO","TELEPON":"0896-7808-8959","ALAMAT":"CIKEAS UDIK, KEC. GN. PUTRI, KABUPATEN BOGOR, JAWA BARAT 16966","ID_PROV":"32","PROVINSI":"JAWA BARAT","ID_KABKOT":"32.01","KABKOT":"BOGOR","ID_KEC":"32.01.02","KECAMATAN":"GUNUNG PUTRI","ID_DESA":"32.01.02.2008","DESA":"CIKEAS UDIK","LONGITUDE":106.9358654,"LATITUDE":-6.4049374,"STATUS":"BUKA","TANGGAL UPDATE":"27/02/2025","TANGGAL PENGUMPULAN":"Q4 2023","q":27460,"r":-15158}},{"type":"Feature","geometry":{"coordinates":[106.78023640000004,-6.614604899999961],"type":"Point"},"properties":{"NAMA":"BAKSO & MIE AYAM AMIRA","TIPE_1":"MAKANAN DAN MINUMAN","TIPE_2":"RESTORAN","TIPE_3":"MIE DAN BAKSO","TELEPON":"0813-6865-3939","ALAMAT":"JL. MAHONI RAYA, RT.03/RW.11, MEKARJAYA, KEC. CIOMAS, KABUPATEN BOGOR, JAWA BARAT 16610","ID_PROV":"32","PROVINSI":"JAWA BARAT","ID_KABKOT":"32.01","KABKOT":"BOGOR","ID_KEC":"32.01.29","KECAMATAN":"CIOMAS","ID_DESA":"32.01.29.2001","DESA":"MEKARJAYA","LONGITUDE":106.780236399999,"LATITUDE":-6.6146049,"STATUS":"BUKA","TANGGAL UPDATE":"27/02/2025","TANGGAL PENGUMPULAN":"Q4 2023","q":27420,"r":-15185}},{"type":"Feature","geometry":{"coordinates":[106.854116,-6.468520099999978],"type":"Point"},"properties":{"NAMA":"RM CHIAEDO MIE SIANTAR","TIPE_1":"MAKANAN DAN MINUMAN","TIPE_2":"RESTORAN","TIPE_3":"MIE DAN BAKSO","TELEPON":"0812-9412-3449","ALAMAT":"JL. HR. LUKMAN NO.15A, RT.01 IM/RW.04, CIRIMEKAR, KEC. CIBINONG, KABUPATEN BOGOR, JAWA BARAT 16917","ID_PROV":"32","PROVINSI":"JAWA BARAT","ID_KABKOT":"32.01","KABKOT":"BOGOR","ID_KEC":"32.01.01","KECAMATAN":"CIBINONG","ID_DESA":"32.01.01.1011","DESA":"CIRIMEKAR","LONGITUDE":106.854116,"LATITUDE":-6.4685201,"STATUS":"BUKA","TANGGAL UPDATE":"27/02/2025","TANGGAL PENGUMPULAN":"Q4 2023","q":27439,"r":-15161}},{"type":"Feature","geometry":{"coordinates":[106.75487160000006,-6.599561599999959],"type":"Point"},"properties":{"NAMA":"WARKOP MIE LEGENDS & CEKER PRESTO","TIPE_1":"MAKANAN DAN MINUMAN","TIPE_2":"RESTORAN","TIPE_3":"MIE DAN BAKSO","TELEPON":"0895-1316-1093","ALAMAT":"JL. RAYA DANAU CIOMAS PERMAI, CIAPUS, KEC. CIOMAS, KABUPATEN BOGOR, JAWA BARAT 16610","ID_PROV":"32","PROVINSI":"JAWA BARAT","ID_KABKOT":"32.01","KABKOT":"BOGOR","ID_KEC":"32.01.29","KECAMATAN":"CIOMAS","ID_DESA":"32.01.29.2008","DESA":"CIAPUS","LONGITUDE":106.7548716,"LATITUDE":-6.5995616,"STATUS":"BUKA","TANGGAL UPDATE":"27/02/2025","TANGGAL PENGUMPULAN":"Q4 2023","q":27414,"r":-15178}},{"type":"Feature","geometry":{"coordinates":[106.76650640000008,-6.597208099999932],"type":"Point"},"properties":{"NAMA":"WARUNG TEH NENDEN MIE AYAM CEKER","TIPE_1":"MAKANAN DAN MINUMAN","TIPE_2":"RESTORAN","TIPE_3":"MIE DAN BAKSO","TELEPON":"","ALAMAT":"JL. CENDRAWASH I, CIOMAS RAHAYU, KEC. CIOMAS, KABUPATEN BOGOR, JAWA BARAT 16610","ID_PROV":"32","PROVINSI":"JAWA BARAT","ID_KABKOT":"32.01","KABKOT":"BOGOR","ID_KEC":"32.01.29","KECAMATAN":"CIOMAS","ID_DESA":"32.01.29.2011","DESA":"CIOMAS RAHAYU","LONGITUDE":106.7665064,"LATITUDE":-6.5972081,"STATUS":"BUKA","TANGGAL UPDATE":"27/02/2025","TANGGAL PENGUMPULAN":"Q4 2023","q":27417,"r":-15179}},{"type":"Feature","geometry":{"coordinates":[106.88547640000007,-6.487972099999979],"type":"Point"},"properties":{"NAMA":"MIE ACEH PAK KUMIS DAN BASO ACI BARADE","TIPE_1":"MAKANAN DAN MINUMAN","TIPE_2":"RESTORAN","TIPE_3":"MIE DAN BAKSO","TELEPON":"0812-9487-3132","ALAMAT":"JL. SABILILAH NO.64-68, CITEUREUP, KEC. CITEUREUP, KABUPATEN BOGOR, JAWA BARAT 16810","ID_PROV":"32","PROVINSI":"JAWA BARAT","ID_KABKOT":"32.01","KABKOT":"BOGOR","ID_KEC":"32.01.03","KECAMATAN":"CITEUREUP","ID_DESA":"32.01.03.2002","DESA":"CITEUREUP","LONGITUDE":106.8854764,"LATITUDE":-6.4879721,"STATUS":"BUKA","TANGGAL UPDATE":"27/02/2025","TANGGAL PENGUMPULAN":"Q4 2023","q":27448,"r":-15170}},{"type":"Feature","geometry":{"coordinates":[106.913278,-6.446053499999948],"type":"Point"},"properties":{"NAMA":"MIE ACEH AL - RIZIQ","TIPE_1":"MAKANAN DAN MINUMAN","TIPE_2":"RESTORAN","TIPE_3":"MIE DAN BAKSO","TELEPON":"0896-2580-2085","ALAMAT":"JL. RAYA WANAHERANG, TLAJUNG UDIK, KEC. GN. PUTRI, KABUPATEN BOGOR, JAWA BARAT 16962","ID_PROV":"32","PROVINSI":"JAWA BARAT","ID_KABKOT":"32.01","KABKOT":"BOGOR","ID_KEC":"32.01.02","KECAMATAN":"GUNUNG PUTRI","ID_DESA":"32.01.02.2006","DESA":"TLAJUNG UDIK","LONGITUDE":106.913278,"LATITUDE":-6.4460535,"STATUS":"BUKA","TANGGAL UPDATE":"27/02/2025","TANGGAL PENGUMPULAN":"Q4 2023","q":27455,"r":-15164}},{"type":"Feature","geometry":{"coordinates":[106.89423450000004,-6.443017199999929],"type":"Point"},"properties":{"NAMA":"MIE AYAM & BAKSO PERMATA","TIPE_1":"MAKANAN DAN MINUMAN","TIPE_2":"RESTORAN","TIPE_3":"MIE DAN BAKSO","TELEPON":"0817-893-382","ALAMAT":"BOJONG NANGKA, KEC. GN. PUTRI, KABUPATEN BOGOR, JAWA BARAT 16963","ID_PROV":"32","PROVINSI":"JAWA BARAT","ID_KABKOT":"32.01","KABKOT":"BOGOR","ID_KEC":"32.01.02","KECAMATAN":"GUNUNG PUTRI","ID_DESA":"32.01.02.2005","DESA":"BOJONG NANGKA","LONGITUDE":106.8942345,"LATITUDE":-6.4430172,"STATUS":"BUKA","TANGGAL UPDATE":"27/02/2025","TANGGAL PENGUMPULAN":"Q4 2023","q":27450,"r":-15161}},{"type":"Feature","geometry":{"coordinates":[106.64076120000004,-6.574668599999939],"type":"Point"},"properties":{"NAMA":"WARUNG NASI/ MIE GORENG IPONK BU ELIN","TIPE_1":"MAKANAN DAN MINUMAN","TIPE_2":"RESTORAN","TIPE_3":"MIE DAN BAKSO","TELEPON":"0857-7491-8665","ALAMAT":"GALUGA, KEC. CIBUNGBULANG, KABUPATEN BOGOR, JAWA BARAT 16630","ID_PROV":"32","PROVINSI":"JAWA BARAT","ID_KABKOT":"32.01","KABKOT":"BOGOR","ID_KEC":"32.01.16","KECAMATAN":"CIBUNGBULANG","ID_DESA":"32.01.16.2003","DESA":"CEMPLANG","LONGITUDE":106.6407612,"LATITUDE":-6.5746686,"STATUS":"BUKA","TANGGAL UPDATE":"27/02/2025","TANGGAL PENGUMPULAN":"Q4 2023","q":27385,"r":-15158}},{"type":"Feature","geometry":{"coordinates":[106.80884440000005,-6.463887799999952],"type":"Point"},"properties":{"NAMA":"BAROKAH BAKSOMIE AYAM DAN NASI GORENG","TIPE_1":"MAKANAN DAN MINUMAN","TIPE_2":"RESTORAN","TIPE_3":"NASI GORENG","TELEPON":"0857-7822-0081","ALAMAT":"JL. LANGGAR, RW. PANJANG, KECAMATAN BOJONGGEDE, KABUPATEN BOGOR, JAWA BARAT 16920","ID_PROV":"32","PROVINSI":"JAWA BARAT","ID_KABKOT":"32.01","KABKOT":"BOGOR","ID_KEC":"32.01.13","KECAMATAN":"BOJONG GEDE","ID_DESA":"32.01.13.2008","DESA":"RAWAPANJANG","LONGITUDE":106.8088444,"LATITUDE":-6.4638878,"STATUS":"BUKA","TANGGAL UPDATE":"27/02/2025","TANGGAL PENGUMPULAN":"Q4 2023","q":27428,"r":-15154}},{"type":"Feature","geometry":{"coordinates":[106.86442470000009,-6.59383639999993],"type":"Point"},"properties":{"NAMA":"RUMAH MAKAN PADANG SARI WULAN","TIPE_1":"MAKANAN DAN MINUMAN","TIPE_2":"RESTORAN","TIPE_3":"RESTORAN PADANG","TELEPON":"0822-3358-2324","ALAMAT":"CIJAYANTI, KEC. BABAKAN MADANG, KABUPATEN BOGOR, JAWA BARAT 16810","ID_PROV":"32","PROVINSI":"JAWA BARAT","ID_KABKOT":"32.01","KABKOT":"BOGOR","ID_KEC":"32.01.05","KECAMATAN":"BABAKAN MADANG","ID_DESA":"32.01.05.2001","DESA":"CIJAYANTI","LONGITUDE":106.8644247,"LATITUDE":-6.5938364,"STATUS":"BUKA","TANGGAL UPDATE":"27/02/2025","TANGGAL PENGUMPULAN":"Q4 2023","q":27442,"r":-15191}},{"type":"Feature","geometry":{"coordinates":[106.68846980000006,-6.491851499999939],"type":"Point"},"properties":{"NAMA":"RUMAH MAKAN PADANG PURNAMA","TIPE_1":"MAKANAN DAN MINUMAN","TIPE_2":"RESTORAN","TIPE_3":"RESTORAN PADANG","TELEPON":"0812-8821-0276","ALAMAT":"JALAN RAYA CIBETUNG RT.1/RW.1, CIBEUTEUNG UDIK, CISEENG, KARIHKIL, KEC. CISEENG, KABUPATEN BOGOR, JAWA BARAT 16120","ID_PROV":"32","PROVINSI":"JAWA BARAT","ID_KABKOT":"32.01","KABKOT":"BOGOR","ID_KEC":"32.01.33","KECAMATAN":"CISEENG","ID_DESA":"32.01.33.2005","DESA":"CIBEUTEUNG UDIK","LONGITUDE":106.6884698,"LATITUDE":-6.4918515,"STATUS":"BUKA","TANGGAL UPDATE":"27/02/2025","TANGGAL PENGUMPULAN":"Q4 2023","q":27397,"r":-15145}},{"type":"Feature","geometry":{"coordinates":[106.75523030000005,-6.648992499999963],"type":"Point"},"properties":{"NAMA":"RUMAH MAKAN PADANG MUARA RASA","TIPE_1":"MAKANAN DAN MINUMAN","TIPE_2":"RESTORAN","TIPE_3":"RESTORAN PADANG","TELEPON":"","ALAMAT":"TAMANSARI, KEC. TAMANSARI, KABUPATEN BOGOR, JAWA BARAT 16610","ID_PROV":"32","PROVINSI":"JAWA BARAT","ID_KABKOT":"32.01","KABKOT":"BOGOR","ID_KEC":"32.01.31","KECAMATAN":"TAMANSARI","ID_DESA":"32.01.31.2004","DESA":"TAMANSARI","LONGITUDE":106.7552303,"LATITUDE":-6.6489925,"STATUS":"BUKA","TANGGAL UPDATE":"27/02/2025","TANGGAL PENGUMPULAN":"Q4 2023","q":27414,"r":-15189}},{"type":"Feature","geometry":{"coordinates":[106.93293950000009,-6.394798299999931],"type":"Point"},"properties":{"NAMA":"BIGEBUGEBURGERHOUSE","TIPE_1":"MAKANAN DAN MINUMAN","TIPE_2":"RESTORAN","TIPE_3":"CEPAT SAJI","TELEPON":"0821-6529-1185","ALAMAT":"CIBUBUR COUNTRY, JL BOULEVARD RAYA NO. CLCR7 CLUSTER LILY GARDEN PERUM, KEC. GN. PUTRI, KABUPATEN BOGOR, JAWA BARAT 16966","ID_PROV":"32","PROVINSI":"JAWA BARAT","ID_KABKOT":"32.01","KABKOT":"BOGOR","ID_KEC":"32.01.02","KECAMATAN":"GUNUNG PUTRI","ID_DESA":"32.01.02.2008","DESA":"CIKEAS UDIK","LONGITUDE":106.9329395,"LATITUDE":-6.3947983,"STATUS":"BUKA","TANGGAL UPDATE":"27/02/2025","TANGGAL PENGUMPULAN":"Q4 2023","q":27460,"r":-15155}},{"type":"Feature","geometry":{"coordinates":[106.93539720000007,-6.405252],"type":"Point"},"properties":{"NAMA":"BIG BURGER GUNTHER","TIPE_1":"MAKANAN DAN MINUMAN","TIPE_2":"RESTORAN","TIPE_3":"CEPAT SAJI","TELEPON":"0896-1138-8427","ALAMAT":"JL. AKSES TOL CIMANGGIS NO.21, CIKEAS UDIK, KEC. GN. PUTRI, KABUPATEN BOGOR, JAWA BARAT 16966","ID_PROV":"32","PROVINSI":"JAWA BARAT","ID_KABKOT":"32.01","KABKOT":"BOGOR","ID_KEC":"32.01.02","KECAMATAN":"GUNUNG PUTRI","ID_DESA":"32.01.02.2008","DESA":"CIKEAS UDIK","LONGITUDE":106.9353972,"LATITUDE":-6.405252,"STATUS":"BUKA","TANGGAL UPDATE":"27/02/2025","TANGGAL PENGUMPULAN":"Q4 2023","q":27460,"r":-15158}},{"type":"Feature","geometry":{"coordinates":[106.93736660000009,-6.394631199999932],"type":"Point"},"properties":{"NAMA":"SAY BURGER INDOMARET CIBUBUR COUNTRY","TIPE_1":"MAKANAN DAN MINUMAN","TIPE_2":"RESTORAN","TIPE_3":"CEPAT SAJI","TELEPON":"","ALAMAT":"JL. CIBUBUR COUNTRY BOULEVARD NO.25, KP. PARUNG JAMBU, CIKEAS UDIK, KEC. GN. PUTRI, KABUPATEN BOGOR, JAWA BARAT 16966","ID_PROV":"32","PROVINSI":"JAWA BARAT","ID_KABKOT":"32.01","KABKOT":"BOGOR","ID_KEC":"32.01.02","KECAMATAN":"GUNUNG PUTRI","ID_DESA":"32.01.02.2008","DESA":"CIKEAS UDIK","LONGITUDE":106.9373666,"LATITUDE":-6.3946312,"STATUS":"BUKA","TANGGAL UPDATE":"27/02/2025","TANGGAL PENGUMPULAN":"Q4 2023","q":27461,"r":-15155}},{"type":"Feature","geometry":{"coordinates":[106.95657350000005,-6.394026199999932],"type":"Point"},"properties":{"NAMA":"AUSSY BURGER CIBUBUR","TIPE_1":"MAKANAN DAN MINUMAN","TIPE_2":"RESTORAN","TIPE_3":"CEPAT SAJI","TELEPON":"(021) 80375357","ALAMAT":"JL. ALTERNATIF CIBUBUR, CILEUNGSI, JAKARTA, KABUPATEN BOGOR, JAWA BARAT 16820","ID_PROV":"32","PROVINSI":"JAWA BARAT","ID_KABKOT":"32.01","KABKOT":"BOGOR","ID_KEC":"32.01.07","KECAMATAN":"CILEUNGSI","ID_DESA":"32.01.07.2012","DESA":"CILEUNGSI","LONGITUDE":106.9565735,"LATITUDE":-6.3940262,"STATUS":"BUKA","TANGGAL UPDATE":"27/02/2025","TANGGAL PENGUMPULAN":"Q4 2023","q":27466,"r":-15158}},{"type":"Feature","geometry":{"coordinates":[106.761658,-6.548146],"type":"Point"},"properties":{"NAMA":"RENZA BURGER","TIPE_1":"MAKANAN DAN MINUMAN","TIPE_2":"RESTORAN","TIPE_3":"CEPAT SAJI","TELEPON":"0858-9221-0940","ALAMAT":"JL. MASJID AL HIKMAH NO.30, RT.02/RW.10, WEST SEMPLAK, RW, BOGOR CITY, WEST JAVA 16114","ID_PROV":"32","PROVINSI":"JAWA BARAT","ID_KABKOT":"32.01","KABKOT":"BOGOR","ID_KEC":"32.01.12","KECAMATAN":"KEMANG","ID_DESA":"32.01.12.1006","DESA":"ATANG SENJAYA","LONGITUDE":106.761658,"LATITUDE":-6.548146,"STATUS":"BUKA","TANGGAL UPDATE":"27/02/2025","TANGGAL PENGUMPULAN":"Q4 2023","q":27416,"r":-15167}},{"type":"Feature","geometry":{"coordinates":[106.71711730000004,-6.359398399999971],"type":"Point"},"properties":{"NAMA":"STACK BURGER VILLA PAMULANG","TIPE_1":"MAKANAN DAN MINUMAN","TIPE_2":"RESTORAN","TIPE_3":"CEPAT SAJI","TELEPON":"0812-9632-6010","ALAMAT":"JL. CENDANA GG PITULAS PONDOKMIRI, RAWAKALONG, KEC. SETU, KABUPATEN BOGOR, JAWA BARAT 15315","ID_PROV":"32","PROVINSI":"JAWA BARAT","ID_KABKOT":"32.01","KABKOT":"BOGOR","ID_KEC":"32.01.11","KECAMATAN":"GUNUNG SINDUR","ID_DESA":"32.01.11.2009","DESA":"RAWAKALONG","LONGITUDE":106.7171173,"LATITUDE":-6.3593984,"STATUS":"BUKA","TANGGAL UPDATE":"27/02/2025","TANGGAL PENGUMPULAN":"Q4 2023","q":27404,"r":-15119}},{"type":"Feature","geometry":{"coordinates":[106.71612140000008,-6.367015799999938],"type":"Point"},"properties":{"NAMA":"BURGER MAMA LINDA PHR","TIPE_1":"MAKANAN DAN MINUMAN","TIPE_2":"RESTORAN","TIPE_3":"CEPAT SAJI","TELEPON":"0831-5224-1094","ALAMAT":"PERMATA HILL RESIDENCE, JL. AL INAYAH NO.2, RAWAKALONG, GUNUNG SINDUR, BOGOR REGENCY, WEST JAVA 16340","ID_PROV":"32","PROVINSI":"JAWA BARAT","ID_KABKOT":"32.01","KABKOT":"BOGOR","ID_KEC":"32.01.11","KECAMATAN":"GUNUNG SINDUR","ID_DESA":"32.01.11.2009","DESA":"RAWAKALONG","LONGITUDE":106.7161214,"LATITUDE":-6.3670158,"STATUS":"BUKA","TANGGAL UPDATE":"27/02/2025","TANGGAL PENGUMPULAN":"Q4 2023","q":27404,"r":-15121}},{"type":"Feature","geometry":{"coordinates":[106.815761,-6.522192299999972],"type":"Point"},"properties":{"NAMA":"SATE PADANG DANGUANG-DANGUANG TAMBUAH CIEK","TIPE_1":"MAKANAN DAN MINUMAN","TIPE_2":"RESTORAN","TIPE_3":"RESTORAN PADANG","TELEPON":"0813-1793-2023","ALAMAT":"JL. MANDALA RAYA RT. 01,RW.01, KAUMPANDAK, 16913, KARADENAN, KEC. CIBINONG, KABUPATEN BOGOR, JAWA BARAT 16913","ID_PROV":"32","PROVINSI":"JAWA BARAT","ID_KABKOT":"32.01","KABKOT":"BOGOR","ID_KEC":"32.01.01","KECAMATAN":"CIBINONG","ID_DESA":"32.01.01.1002","DESA":"KARADENAN","LONGITUDE":106.815761,"LATITUDE":-6.5221923,"STATUS":"BUKA","TANGGAL UPDATE":"27/02/2025","TANGGAL PENGUMPULAN":"Q4 2023","q":27430,"r":-15168}},{"type":"Feature","geometry":{"coordinates":[106.85730820000003,-6.582427],"type":"Point"},"properties":{"NAMA":"THE AYOMA - PADANG RESTO","TIPE_1":"MAKANAN DAN MINUMAN","TIPE_2":"RESTORAN","TIPE_3":"RESTORAN PADANG","TELEPON":"0878-8680-3069","ALAMAT":"PERUM SENTUL CITY CLUSTER PINE FOREST, JALAN PINUS NIAGA NO.26, CIJAYANTI, BABAKAN MADANG, CIJAYANTI, KEC. BABAKAN MADANG, KABUPATEN BOGOR, JAWA BARAT 16810","ID_PROV":"32","PROVINSI":"JAWA BARAT","ID_KABKOT":"32.01","KABKOT":"BOGOR","ID_KEC":"32.01.05","KECAMATAN":"BABAKAN MADANG","ID_DESA":"32.01.05.2001","DESA":"CIJAYANTI","LONGITUDE":106.857308199999,"LATITUDE":-6.582427,"STATUS":"BUKA","TANGGAL UPDATE":"27/02/2025","TANGGAL PENGUMPULAN":"Q4 2023","q":27440,"r":-15187}},{"type":"Feature","geometry":{"coordinates":[106.849682,-6.460200499999928],"type":"Point"},"properties":{"NAMA":"WARUNG NASI PADANG MINANG SEKAWAN (NASI PADANG 10RB)","TIPE_1":"MAKANAN DAN MINUMAN","TIPE_2":"RESTORAN","TIPE_3":"RESTORAN PADANG","TELEPON":"","ALAMAT":"PABUARAN, KEC. CIBINONG, KABUPATEN BOGOR, JAWA BARAT 16916","ID_PROV":"32","PROVINSI":"JAWA BARAT","ID_KABKOT":"32.01","KABKOT":"BOGOR","ID_KEC":"32.01.01","KECAMATAN":"CIBINONG","ID_DESA":"32.01.01.1012","DESA":"PABUARAN","LONGITUDE":106.849682,"LATITUDE":-6.4602005,"STATUS":"BUKA","TANGGAL UPDATE":"27/02/2025","TANGGAL PENGUMPULAN":"Q4 2023","q":27438,"r":-15159}},{"type":"Feature","geometry":{"coordinates":[106.821127,-6.734991399999949],"type":"Point"},"properties":{"NAMA":"D'RAOS TOP CHICKEN & BURGER","TIPE_1":"MAKANAN DAN MINUMAN","TIPE_2":"RESTORAN","TIPE_3":"CEPAT SAJI","TELEPON":"0853-1482-0948","ALAMAT":"JEMBATAN CISALOPA, JL. RAYA SUKABUMI JL. LIDO NO NO.KM. 17, BENDA, KEC. CICURUG, KABUPATEN SUKABUMI, JAWA BARAT 43359","ID_PROV":"32","PROVINSI":"JAWA BARAT","ID_KABKOT":"32.01","KABKOT":"BOGOR","ID_KEC":"32.01.38","KECAMATAN":"CIGOMBONG","ID_DESA":"32.01.38.2004","DESA":"SROGOL","LONGITUDE":106.821127,"LATITUDE":-6.7349914,"STATUS":"BUKA","TANGGAL UPDATE":"27/02/2025","TANGGAL PENGUMPULAN":"Q4 2023","q":27431,"r":-15217}},{"type":"Feature","geometry":{"coordinates":[106.83771170000007,-6.588003299999963],"type":"Point"},"properties":{"NAMA":"WARUNG BURGER BI ICA","TIPE_1":"MAKANAN DAN MINUMAN","TIPE_2":"RESTORAN","TIPE_3":"CEPAT SAJI","TELEPON":"0812-8220-5915","ALAMAT":"JL. SUKARAJA NO.01, RT.03/RW.08, GG. PEMUDA2 SUKARAJA, KEC. SUKARAJA, KABUPATEN BOGOR, JAWA BARAT 16710","ID_PROV":"32","PROVINSI":"JAWA BARAT","ID_KABKOT":"32.01","KABKOT":"BOGOR","ID_KEC":"32.01.04","KECAMATAN":"SUKARAJA","ID_DESA":"32.01.04.2007","DESA":"SUKARAJA","LONGITUDE":106.8377117,"LATITUDE":-6.5880033,"STATUS":"BUKA","TANGGAL UPDATE":"27/02/2025","TANGGAL PENGUMPULAN":"Q4 2023","q":27435,"r":-15186}},{"type":"Feature","geometry":{"coordinates":[106.86308550000007,-6.626219499999941],"type":"Point"},"properties":{"NAMA":"FIRE RESTAURANT AT ROYAL TULIP GUNUNG GEULIS","TIPE_1":"MAKANAN DAN MINUMAN","TIPE_2":"RESTORAN","TIPE_3":"KAFE DAN RESTO","TELEPON":"","ALAMAT":"JL. RAYA GOLF GN. GEULIS, NAGRAK, KEC. SUKARAJA, KABUPATEN BOGOR, JAWA BARAT 16710","ID_PROV":"32","PROVINSI":"JAWA BARAT","ID_KABKOT":"32.01","KABKOT":"BOGOR","ID_KEC":"32.01.04","KECAMATAN":"SUKARAJA","ID_DESA":"32.01.04.2005","DESA":"NAGRAK","LONGITUDE":106.8630855,"LATITUDE":-6.6262195,"STATUS":"BUKA","TANGGAL UPDATE":"27/02/2025","TANGGAL PENGUMPULAN":"Q4 2023","q":27442,"r":-15198}},{"type":"Feature","geometry":{"coordinates":[106.78371830000003,-6.618913599999921],"type":"Point"},"properties":{"NAMA":"KOREAN BURGER BOGOR","TIPE_1":"MAKANAN DAN MINUMAN","TIPE_2":"RESTORAN","TIPE_3":"CEPAT SAJI","TELEPON":"0858-8347-5839","ALAMAT":"JL. KOTA BATU NO.88, KOTA BATU, KEC. CIOMAS, KABUPATEN BOGOR, JAWA BARAT 16610","ID_PROV":"32","PROVINSI":"JAWA BARAT","ID_KABKOT":"32.01","KABKOT":"BOGOR","ID_KEC":"32.01.29","KECAMATAN":"CIOMAS","ID_DESA":"32.01.29.2009","DESA":"KOTA BATU","LONGITUDE":106.7837183,"LATITUDE":-6.6189136,"STATUS":"BUKA","TANGGAL UPDATE":"27/02/2025","TANGGAL PENGUMPULAN":"Q4 2023","q":27421,"r":-15186}},{"type":"Feature","geometry":{"coordinates":[106.76669920000006,-6.602711499999939],"type":"Point"},"properties":{"NAMA":"AA GRILL - ALL ABOUT GRILL","TIPE_1":"MAKANAN DAN MINUMAN","TIPE_2":"RESTORAN","TIPE_3":"STEAK DAN BBQ","TELEPON":"0821-1314-8208","ALAMAT":"JL. SUKARAPIH BBHS, RT.003/RW.010, CIOMAS, BOGOR REGENCY, WEST JAVA 16610","ID_PROV":"32","PROVINSI":"JAWA BARAT","ID_KABKOT":"32.01","KABKOT":"BOGOR","ID_KEC":"32.01.29","KECAMATAN":"CIOMAS","ID_DESA":"32.01.29.2005","DESA":"CIOMAS","LONGITUDE":106.7666992,"LATITUDE":-6.6027115,"STATUS":"BUKA","TANGGAL UPDATE":"27/02/2025","TANGGAL PENGUMPULAN":"Q4 2023","q":27417,"r":-15180}},{"type":"Feature","geometry":{"coordinates":[106.84882190000008,-6.656049299999957],"type":"Point"},"properties":{"NAMA":"AMAZING CHICKEN & BURGER","TIPE_1":"MAKANAN DAN MINUMAN","TIPE_2":"RESTORAN","TIPE_3":"CEPAT SAJI","TELEPON":"0895-3353-58475","ALAMAT":"CIAWI, KEC. CIAWI, KABUPATEN BOGOR, JAWA BARAT 16720","ID_PROV":"32","PROVINSI":"JAWA BARAT","ID_KABKOT":"32.01","KABKOT":"BOGOR","ID_KEC":"32.01.24","KECAMATAN":"CIAWI","ID_DESA":"32.01.24.2012","DESA":"CIAWI","LONGITUDE":106.8488219,"LATITUDE":-6.6560493,"STATUS":"BUKA","TANGGAL UPDATE":"27/02/2025","TANGGAL PENGUMPULAN":"Q4 2023","q":27438,"r":-15203}},{"type":"Feature","geometry":{"coordinates":[106.85187840000003,-6.660582499999968],"type":"Point"},"properties":{"NAMA":"BURGER BANGOR CIAWI","TIPE_1":"MAKANAN DAN MINUMAN","TIPE_2":"RESTORAN","TIPE_3":"CEPAT SAJI","TELEPON":"0818-0707-4364","ALAMAT":"BENDUNGAN, KEC. CIAWI, KABUPATEN BOGOR, JAWA BARAT 16720","ID_PROV":"32","PROVINSI":"JAWA BARAT","ID_KABKOT":"32.01","KABKOT":"BOGOR","ID_KEC":"32.01.24","KECAMATAN":"CIAWI","ID_DESA":"32.01.24.2008","DESA":"BENDUNGAN","LONGITUDE":106.8518784,"LATITUDE":-6.6605825,"STATUS":"BUKA","TANGGAL UPDATE":"27/02/2025","TANGGAL PENGUMPULAN":"Q4 2023","q":27439,"r":-15204}},{"type":"Feature","geometry":{"coordinates":[106.78057120000005,-6.625912199999959],"type":"Point"},"properties":{"NAMA":"BURGER BANGOR","TIPE_1":"MAKANAN DAN MINUMAN","TIPE_2":"RESTORAN","TIPE_3":"CEPAT SAJI","TELEPON":"0813-8093-6810","ALAMAT":"JL. KAPTEN YUSUF NO.18, BATU CITY, CIOMAS, BOGOR REGENCY, WEST JAVA 16610","ID_PROV":"32","PROVINSI":"JAWA BARAT","ID_KABKOT":"32.01","KABKOT":"BOGOR","ID_KEC":"32.01.29","KECAMATAN":"CIOMAS","ID_DESA":"32.01.29.2009","DESA":"KOTA BATU","LONGITUDE":106.7805712,"LATITUDE":-6.6259122,"STATUS":"BUKA","TANGGAL UPDATE":"27/02/2025","TANGGAL PENGUMPULAN":"Q4 2023","q":27421,"r":-15187}},{"type":"Feature","geometry":{"coordinates":[106.86543370000004,-6.590982],"type":"Point"},"properties":{"NAMA":"NANDA CHICKEN & BURGER","TIPE_1":"MAKANAN DAN MINUMAN","TIPE_2":"RESTORAN","TIPE_3":"CEPAT SAJI","TELEPON":"","ALAMAT":"JL. RAYA CIJAYANTI, CIJAYANTI, KEC. BABAKAN MADANG, KABUPATEN BOGOR, JAWA BARAT 16810","ID_PROV":"32","PROVINSI":"JAWA BARAT","ID_KABKOT":"32.01","KABKOT":"BOGOR","ID_KEC":"32.01.05","KECAMATAN":"BABAKAN MADANG","ID_DESA":"32.01.05.2001","DESA":"CIJAYANTI","LONGITUDE":106.8654337,"LATITUDE":-6.590982,"STATUS":"BUKA","TANGGAL UPDATE":"27/02/2025","TANGGAL PENGUMPULAN":"Q4 2023","q":27442,"r":-15190}},{"type":"Feature","geometry":{"coordinates":[106.78301410000006,-6.62010609999993],"type":"Point"},"properties":{"NAMA":"AL BAIT FRIED CHICKEN & BURGER","TIPE_1":"MAKANAN DAN MINUMAN","TIPE_2":"RESTORAN","TIPE_3":"CEPAT SAJI","TELEPON":"0896-3672-0693","ALAMAT":"JL. KAPTEN YUSUF, RT.2/RW.11, BATU CITY, CIOMAS, BOGOR REGENCY, WEST JAVA 16610","ID_PROV":"32","PROVINSI":"JAWA BARAT","ID_KABKOT":"32.01","KABKOT":"BOGOR","ID_KEC":"32.01.29","KECAMATAN":"CIOMAS","ID_DESA":"32.01.29.2009","DESA":"KOTA BATU","LONGITUDE":106.7830141,"LATITUDE":-6.6201061,"STATUS":"BUKA","TANGGAL UPDATE":"27/02/2025","TANGGAL PENGUMPULAN":"Q4 2023","q":27421,"r":-15186}},{"type":"Feature","geometry":{"coordinates":[106.77992070000005,-6.629241599999935],"type":"Point"},"properties":{"NAMA":"BURGER BAGEUR'S","TIPE_1":"MAKANAN DAN MINUMAN","TIPE_2":"RESTORAN","TIPE_3":"CEPAT SAJI","TELEPON":"0896-1001-2390","ALAMAT":"JALAN KAPTEN YUSUF GANG BARU 1 KOTABATU, KOTA BATU, KEC. CIOMAS, KABUPATEN BOGOR, JAWA BARAT 16610","ID_PROV":"32","PROVINSI":"JAWA BARAT","ID_KABKOT":"32.01","KABKOT":"BOGOR","ID_KEC":"32.01.29","KECAMATAN":"CIOMAS","ID_DESA":"32.01.29.2009","DESA":"KOTA BATU","LONGITUDE":106.7799207,"LATITUDE":-6.6292416,"STATUS":"BUKA","TANGGAL UPDATE":"27/02/2025","TANGGAL PENGUMPULAN":"Q4 2023","q":27420,"r":-15188}},{"type":"Feature","geometry":{"coordinates":[106.83698370000008,-6.601722799999942],"type":"Point"},"properties":{"NAMA":"CASA MAXI","TIPE_1":"MAKANAN DAN MINUMAN","TIPE_2":"RESTORAN","TIPE_3":"KAFE DAN RESTO","TELEPON":"","ALAMAT":"JL. GOLF ESTATE BOGOR RAYA NO.1, SUKARAJA, KEC. SUKARAJA, KABUPATEN BOGOR, JAWA BARAT 16710","ID_PROV":"32","PROVINSI":"JAWA BARAT","ID_KABKOT":"32.01","KABKOT":"BOGOR","ID_KEC":"32.01.04","KECAMATAN":"SUKARAJA","ID_DESA":"32.01.04.2007","DESA":"SUKARAJA","LONGITUDE":106.8369837,"LATITUDE":-6.6017228,"STATUS":"BUKA","TANGGAL UPDATE":"27/02/2025","TANGGAL PENGUMPULAN":"Q4 2023","q":27435,"r":-15189}},{"type":"Feature","geometry":{"coordinates":[106.83824980000009,-6.575263799999957],"type":"Point"},"properties":{"NAMA":"BURGER KING REST AREA KM 38","TIPE_1":"MAKANAN DAN MINUMAN","TIPE_2":"RESTORAN","TIPE_3":"CEPAT SAJI","TELEPON":"1 500 025","ALAMAT":"REST AREA TOL JAGORAWI, JL. TOL JAGORAWI JALAN BUBULAK NO.38, RT.02/RW.03, CIMAHPAR, KEC. SUKARAJA, KOTA BOGOR, JAWA BARAT 16710","ID_PROV":"32","PROVINSI":"JAWA BARAT","ID_KABKOT":"32.01","KABKOT":"BOGOR","ID_KEC":"32.01.04","KECAMATAN":"SUKARAJA","ID_DESA":"32.01.04.2012","DESA":"CADASNGAMPAR","LONGITUDE":106.8382498,"LATITUDE":-6.5752638,"STATUS":"BUKA","TANGGAL UPDATE":"27/02/2025","TANGGAL PENGUMPULAN":"Q4 2023","q":27435,"r":-15183}},{"type":"Feature","geometry":{"coordinates":[106.76596150000006,-6.60459939999992],"type":"Point"},"properties":{"NAMA":"TON'S THAI TEA & FOOD / MOM'S SOSIS & BURGER / SEBLAK TEH ANNA","TIPE_1":"MAKANAN DAN MINUMAN","TIPE_2":"RESTORAN","TIPE_3":"CEPAT SAJI","TELEPON":"0877-0019-7042","ALAMAT":"JL. TERATAI RAYA JL. TERATAI I NO.2, KP. PARUNG JAMBU, CIOMAS, KEC. CIOMAS, KOTA BOGOR, JAWA BARAT 16610","ID_PROV":"32","PROVINSI":"JAWA BARAT","ID_KABKOT":"32.01","KABKOT":"BOGOR","ID_KEC":"32.01.29","KECAMATAN":"CIOMAS","ID_DESA":"32.01.29.2005","DESA":"CIOMAS","LONGITUDE":106.7659615,"LATITUDE":-6.6045994,"STATUS":"BUKA","TANGGAL UPDATE":"27/02/2025","TANGGAL PENGUMPULAN":"Q4 2023","q":27417,"r":-15180}},{"type":"Feature","geometry":{"coordinates":[106.84639970000006,-6.565628499999943],"type":"Point"},"properties":{"NAMA":"MCDONALD’S","TIPE_1":"MAKANAN DAN MINUMAN","TIPE_2":"RESTORAN","TIPE_3":"CEPAT SAJI","TELEPON":"","ALAMAT":"JL. MH. THAMRIN NO.32, CIPAMBUAN, KEC. BABAKAN MADANG, KABUPATEN BOGOR, JAWA BARAT 16810","ID_PROV":"32","PROVINSI":"JAWA BARAT","ID_KABKOT":"32.01","KABKOT":"BOGOR","ID_KEC":"32.01.05","KECAMATAN":"BABAKAN MADANG","ID_DESA":"32.01.05.2005","DESA":"CIPAMBUAN","LONGITUDE":106.8463997,"LATITUDE":-6.5656285,"STATUS":"BUKA","TANGGAL UPDATE":"27/02/2025","TANGGAL PENGUMPULAN":"Q4 2023","q":27437,"r":-15182}},{"type":"Feature","geometry":{"coordinates":[106.746263,-6.579998499999932],"type":"Point"},"properties":{"NAMA":"BURBAB [BURGER&KEBAB]","TIPE_1":"MAKANAN DAN MINUMAN","TIPE_2":"RESTORAN","TIPE_3":"CEPAT SAJI","TELEPON":"0838-4477-2552","ALAMAT":"JL. RAYA CIHERANG NO.51, CIHERANG, KEC. DRAMAGA, KABUPATEN BOGOR, JAWA BARAT 16680","ID_PROV":"32","PROVINSI":"JAWA BARAT","ID_KABKOT":"32.01","KABKOT":"BOGOR","ID_KEC":"32.01.30","KECAMATAN":"DRAMAGA","ID_DESA":"32.01.30.2002","DESA":"CIHERANG","LONGITUDE":106.746263,"LATITUDE":-6.5799985,"STATUS":"BUKA","TANGGAL UPDATE":"27/02/2025","TANGGAL PENGUMPULAN":"Q4 2023","q":27412,"r":-15172}},{"type":"Feature","geometry":{"coordinates":[107.105277,-6.488547],"type":"Point"},"properties":{"NAMA":"WARUNG SNACK MAS QQ","TIPE_1":"MAKANAN DAN MINUMAN","TIPE_2":"RESTORAN","TIPE_3":"JAJANAN","TELEPON":"0821-2464-7221","ALAMAT":"SUKAGALIH, KEC. JONGGOL, KABUPATEN BOGOR, JAWA BARAT 16830","ID_PROV":"32","PROVINSI":"JAWA BARAT","ID_KABKOT":"32.01","KABKOT":"BOGOR","ID_KEC":"32.01.06","KECAMATAN":"JONGGOL","ID_DESA":"32.01.06.2014","DESA":"SUKAGALIH","LONGITUDE":107.105277,"LATITUDE":-6.488547,"STATUS":"BUKA","TANGGAL UPDATE":"27/02/2025","TANGGAL PENGUMPULAN":"Q4 2023","q":27504,"r":-15198}},{"type":"Feature","geometry":{"coordinates":[106.68710150000004,-6.571889399999967],"type":"Point"},"properties":{"NAMA":"DJUHRI CHICKEN & BURGER","TIPE_1":"MAKANAN DAN MINUMAN","TIPE_2":"RESTORAN","TIPE_3":"CEPAT SAJI","TELEPON":"0812-8804-3692","ALAMAT":"JL. RAYA PURI ARRAYA, CICADAS, KEC. CIAMPEA, KABUPATEN BOGOR, JAWA BARAT 16620","ID_PROV":"32","PROVINSI":"JAWA BARAT","ID_KABKOT":"32.01","KABKOT":"BOGOR","ID_KEC":"32.01.15","KECAMATAN":"CIAMPEA","ID_DESA":"32.01.15.2007","DESA":"CICADAS","LONGITUDE":106.6871015,"LATITUDE":-6.5718894,"STATUS":"BUKA","TANGGAL UPDATE":"27/02/2025","TANGGAL PENGUMPULAN":"Q4 2023","q":27397,"r":-15163}},{"type":"Feature","geometry":{"coordinates":[106.74648190000005,-6.540016699999968],"type":"Point"},"properties":{"NAMA":"KEBABPER'S & BURGER","TIPE_1":"MAKANAN DAN MINUMAN","TIPE_2":"RESTORAN","TIPE_3":"CEPAT SAJI","TELEPON":"0896-0896-1814","ALAMAT":"JL. ATANG SENJAYA, BANTARJAYA, KEC. RANCA BUNGUR, KABUPATEN BOGOR, JAWA BARAT 16310","ID_PROV":"32","PROVINSI":"JAWA BARAT","ID_KABKOT":"32.01","KABKOT":"BOGOR","ID_KEC":"32.01.12","KECAMATAN":"KEMANG","ID_DESA":"32.01.12.2005","DESA":"SEMPLAK BARAT","LONGITUDE":106.7464819,"LATITUDE":-6.5400167,"STATUS":"BUKA","TANGGAL UPDATE":"27/02/2025","TANGGAL PENGUMPULAN":"Q4 2023","q":27412,"r":-15164}},{"type":"Feature","geometry":{"coordinates":[106.76055050000008,-6.585833],"type":"Point"},"properties":{"NAMA":"BURGER ANGOT DAN KEBAB LALADON","TIPE_1":"MAKANAN DAN MINUMAN","TIPE_2":"RESTORAN","TIPE_3":"CEPAT SAJI","TELEPON":"0812-8827-9860","ALAMAT":"CIOMAS RAHAYU, KEC. CIOMAS, KABUPATEN BOGOR, JAWA BARAT 16610","ID_PROV":"32","PROVINSI":"JAWA BARAT","ID_KABKOT":"32.01","KABKOT":"BOGOR","ID_KEC":"32.01.29","KECAMATAN":"CIOMAS","ID_DESA":"32.01.29.2011","DESA":"CIOMAS RAHAYU","LONGITUDE":106.7605505,"LATITUDE":-6.585833,"STATUS":"BUKA","TANGGAL UPDATE":"27/02/2025","TANGGAL PENGUMPULAN":"Q4 2023","q":27415,"r":-15176}},{"type":"Feature","geometry":{"coordinates":[106.80973350000005,-6.545001699999935],"type":"Point"},"properties":{"NAMA":"D'BESTO - VILLA BOGOR INDAH","TIPE_1":"MAKANAN DAN MINUMAN","TIPE_2":"RESTORAN","TIPE_3":"RESTORAN AYAM","TELEPON":"","ALAMAT":"JL. VILLA BOGOR INDAH, KEDUNGHALANG, KEC. BOGOR UTARA, KOTA BOGOR, JAWA BARAT 16157","ID_PROV":"32","PROVINSI":"JAWA BARAT","ID_KABKOT":"32.01","KABKOT":"BOGOR","ID_KEC":"32.01.04","KECAMATAN":"SUKARAJA","ID_DESA":"32.01.04.2009","DESA":"PASIR JAMBU","LONGITUDE":106.8097335,"LATITUDE":-6.5450017,"STATUS":"BUKA","TANGGAL UPDATE":"27/02/2025","TANGGAL PENGUMPULAN":"Q4 2023","q":27428,"r":-15173}},{"type":"Feature","geometry":{"coordinates":[106.71861250000006,-6.526066099999974],"type":"Point"},"properties":{"NAMA":"JIMS SNACK & BURGER","TIPE_1":"MAKANAN DAN MINUMAN","TIPE_2":"RESTORAN","TIPE_3":"CEPAT SAJI","TELEPON":"0812-1202-4351","ALAMAT":"JL. CIMULANG, CIMULANG, KEC. RANCA BUNGUR, KABUPATEN BOGOR, JAWA BARAT 16310","ID_PROV":"32","PROVINSI":"JAWA BARAT","ID_KABKOT":"32.01","KABKOT":"BOGOR","ID_KEC":"32.01.34","KECAMATAN":"RANCA BUNGUR","ID_DESA":"32.01.34.2007","DESA":"CIMULANG","LONGITUDE":106.7186125,"LATITUDE":-6.5260661,"STATUS":"BUKA","TANGGAL UPDATE":"27/02/2025","TANGGAL PENGUMPULAN":"Q4 2023","q":27405,"r":-15157}},{"type":"Feature","geometry":{"coordinates":[106.71772490000006,-6.563752899999936],"type":"Point"},"properties":{"NAMA":"MITRA CHICKEN BURGER DAN GEPREK","TIPE_1":"MAKANAN DAN MINUMAN","TIPE_2":"RESTORAN","TIPE_3":"CEPAT SAJI","TELEPON":"0812-1408-0762","ALAMAT":"JL. CIHIDEUNG HILIR NO.11, CIHIDEUNG ILIR, KEC. CIAMPEA, KABUPATEN BOGOR, JAWA BARAT 16123","ID_PROV":"32","PROVINSI":"JAWA BARAT","ID_KABKOT":"32.01","KABKOT":"BOGOR","ID_KEC":"32.01.15","KECAMATAN":"CIAMPEA","ID_DESA":"32.01.15.2010","DESA":"CIHIDEUNGHILIR","LONGITUDE":106.7177249,"LATITUDE":-6.5637529,"STATUS":"BUKA","TANGGAL UPDATE":"27/02/2025","TANGGAL PENGUMPULAN":"Q4 2023","q":27404,"r":-15165}},{"type":"Feature","geometry":{"coordinates":[106.79712890000008,-6.537647799999939],"type":"Point"},"properties":{"NAMA":"VANEETA BURGER 'N HOTDOG","TIPE_1":"MAKANAN DAN MINUMAN","TIPE_2":"RESTORAN","TIPE_3":"CEPAT SAJI","TELEPON":"0812-8858-3828","ALAMAT":"CILEBUT RESIDENCE, CLUSTER ADHENIUM BLOK H2 NO.27, CILEBUT BARAT, SUKARAJA, BOGOR REGENCY, WEST JAVA 16710","ID_PROV":"32","PROVINSI":"JAWA BARAT","ID_KABKOT":"32.01","KABKOT":"BOGOR","ID_KEC":"32.01.04","KECAMATAN":"SUKARAJA","ID_DESA":"32.01.04.2003","DESA":"CILEBUT BARAT","LONGITUDE":106.7971289,"LATITUDE":-6.5376478,"STATUS":"BUKA","TANGGAL UPDATE":"27/02/2025","TANGGAL PENGUMPULAN":"Q4 2023","q":27425,"r":-15169}},{"type":"Feature","geometry":{"coordinates":[106.80597590000008,-6.542070399999948],"type":"Point"},"properties":{"NAMA":"STARTUP UFO BURGER SUKARAJA BOGOR","TIPE_1":"MAKANAN DAN MINUMAN","TIPE_2":"RESTORAN","TIPE_3":"CEPAT SAJI","TELEPON":"0858-9126-7100","ALAMAT":"PANGKALAN 3, JL. RAYA PEMDA, RT.02/RW.14, PASIR JAMBU, SUKARAJA, BOGOR REGENCY, WEST JAVA 16158","ID_PROV":"32","PROVINSI":"JAWA BARAT","ID_KABKOT":"32.01","KABKOT":"BOGOR","ID_KEC":"32.01.04","KECAMATAN":"SUKARAJA","ID_DESA":"32.01.04.2009","DESA":"PASIR JAMBU","LONGITUDE":106.8059759,"LATITUDE":-6.5420704,"STATUS":"BUKA","TANGGAL UPDATE":"27/02/2025","TANGGAL PENGUMPULAN":"Q4 2023","q":27427,"r":-15172}},{"type":"Feature","geometry":{"coordinates":[106.78615760000008,-6.51292409999997],"type":"Point"},"properties":{"NAMA":"BURGER & ICE CREAM RUMAHAN","TIPE_1":"MAKANAN DAN MINUMAN","TIPE_2":"RESTORAN","TIPE_3":"CEPAT SAJI","TELEPON":"0812-8290-5787","ALAMAT":"VILLA MUTIARA BOGOR 2, BLK. C1 NO.23, RT.03/RW.12, WARINGIN JAYA, KECAMATAN BOJONGGEDE, KABUPATEN BOGOR, JAWA BARAT 16920","ID_PROV":"32","PROVINSI":"JAWA BARAT","ID_KABKOT":"32.01","KABKOT":"BOGOR","ID_KEC":"32.01.13","KECAMATAN":"BOJONG GEDE","ID_DESA":"32.01.13.2006","DESA":"WARINGINJAYA","LONGITUDE":106.7861576,"LATITUDE":-6.5129241,"STATUS":"BUKA","TANGGAL UPDATE":"27/02/2025","TANGGAL PENGUMPULAN":"Q4 2023","q":27422,"r":-15163}},{"type":"Feature","geometry":{"coordinates":[106.75576440000003,-6.608686899999955],"type":"Point"},"properties":{"NAMA":"BURGER BANGOR CIOMAS","TIPE_1":"MAKANAN DAN MINUMAN","TIPE_2":"RESTORAN","TIPE_3":"CEPAT SAJI","TELEPON":"","ALAMAT":"JL. RAYA CIOMAS NO.5, PADASUKA, CIOMAS, BOGOR REGENCY, WEST JAVA 16610","ID_PROV":"32","PROVINSI":"JAWA BARAT","ID_KABKOT":"32.01","KABKOT":"BOGOR","ID_KEC":"32.01.29","KECAMATAN":"CIOMAS","ID_DESA":"32.01.29.2007","DESA":"SUKAMAKMUR","LONGITUDE":106.7557644,"LATITUDE":-6.6086869,"STATUS":"BUKA","TANGGAL UPDATE":"27/02/2025","TANGGAL PENGUMPULAN":"Q4 2023","q":27414,"r":-15180}},{"type":"Feature","geometry":{"coordinates":[106.85620060000008,-6.663289099999928],"type":"Point"},"properties":{"NAMA":"D’CHICK CHICKEN & BURGER","TIPE_1":"MAKANAN DAN MINUMAN","TIPE_2":"RESTORAN","TIPE_3":"CEPAT SAJI","TELEPON":"","ALAMAT":"BA'SO SEUSEUPAN CABANG, BENDUNGAN, KEC. CIAWI, KABUPATEN BOGOR, JAWA BARAT 16720","ID_PROV":"32","PROVINSI":"JAWA BARAT","ID_KABKOT":"32.01","KABKOT":"BOGOR","ID_KEC":"32.01.24","KECAMATAN":"CIAWI","ID_DESA":"32.01.24.2008","DESA":"BENDUNGAN","LONGITUDE":106.8562006,"LATITUDE":-6.6632891,"STATUS":"BUKA","TANGGAL UPDATE":"27/02/2025","TANGGAL PENGUMPULAN":"Q4 2023","q":27440,"r":-15205}},{"type":"Feature","geometry":{"coordinates":[106.73528270000008,-6.657804399999977],"type":"Point"},"properties":{"NAMA":"YASMIN KEBAB N BURGER","TIPE_1":"MAKANAN DAN MINUMAN","TIPE_2":"RESTORAN","TIPE_3":"CEPAT SAJI","TELEPON":"","ALAMAT":"JL. GN. MALANG NO.RT 02/04, TAMANSARI, KEC. TAMANSARI, KABUPATEN BOGOR, JAWA BARAT 16610","ID_PROV":"32","PROVINSI":"JAWA BARAT","ID_KABKOT":"32.01","KABKOT":"BOGOR","ID_KEC":"32.01.31","KECAMATAN":"TAMANSARI","ID_DESA":"32.01.31.2004","DESA":"TAMANSARI","LONGITUDE":106.7352827,"LATITUDE":-6.6578044,"STATUS":"BUKA","TANGGAL UPDATE":"27/02/2025","TANGGAL PENGUMPULAN":"Q4 2023","q":27409,"r":-15188}},{"type":"Feature","geometry":{"coordinates":[106.71019070000006,-6.559147699999925],"type":"Point"},"properties":{"NAMA":"DE RISOLS (RISOL AYAM BURGER)","TIPE_1":"MAKANAN DAN MINUMAN","TIPE_2":"RESTORAN","TIPE_3":"CEPAT SAJI","TELEPON":"0818-0724-8311","ALAMAT":"JL. RAYA CIBANTENG GG. PLANKTON, CIBANTENG, KEC. CIAMPEA, KABUPATEN BOGOR, JAWA BARAT 16620","ID_PROV":"32","PROVINSI":"JAWA BARAT","ID_KABKOT":"32.01","KABKOT":"BOGOR","ID_KEC":"32.01.15","KECAMATAN":"CIAMPEA","ID_DESA":"32.01.15.2011","DESA":"CIBANTENG","LONGITUDE":106.7101907,"LATITUDE":-6.5591477,"STATUS":"BUKA","TANGGAL UPDATE":"27/02/2025","TANGGAL PENGUMPULAN":"Q4 2023","q":27403,"r":-15163}},{"type":"Feature","geometry":{"coordinates":[106.84540510000005,-6.690946199999926],"type":"Point"},"properties":{"NAMA":"D'TOP CHICKEN & BURGER CIKERETEG","TIPE_1":"MAKANAN DAN MINUMAN","TIPE_2":"RESTORAN","TIPE_3":"CEPAT SAJI","TELEPON":"0821-1098-7707","ALAMAT":"CIDERUM, KEC. CARINGIN, KABUPATEN BOGOR, JAWA BARAT 16730","ID_PROV":"32","PROVINSI":"JAWA BARAT","ID_KABKOT":"32.01","KABKOT":"BOGOR","ID_KEC":"32.01.27","KECAMATAN":"CARINGIN","ID_DESA":"32.01.27.2003","DESA":"CIDERUM","LONGITUDE":106.8454051,"LATITUDE":-6.6909462,"STATUS":"BUKA","TANGGAL UPDATE":"27/02/2025","TANGGAL PENGUMPULAN":"Q4 2023","q":27437,"r":-15210}},{"type":"Feature","geometry":{"coordinates":[106.75577580000005,-6.608712899999945],"type":"Point"},"properties":{"NAMA":"D'BRO CHICKEN & BURGER - CIOMAS 2 PINTU LEDENG","TIPE_1":"MAKANAN DAN MINUMAN","TIPE_2":"RESTORAN","TIPE_3":"CEPAT SAJI","TELEPON":"0896-3875-1707","ALAMAT":"JL. RAYA CIOMAS NO.340, CIOMAS RAHAYU, KEC. CIOMAS, KABUPATEN BOGOR, JAWA BARAT 16610","ID_PROV":"32","PROVINSI":"JAWA BARAT","ID_KABKOT":"32.01","KABKOT":"BOGOR","ID_KEC":"32.01.29","KECAMATAN":"CIOMAS","ID_DESA":"32.01.29.2007","DESA":"SUKAMAKMUR","LONGITUDE":106.7557758,"LATITUDE":-6.6087129,"STATUS":"BUKA","TANGGAL UPDATE":"27/02/2025","TANGGAL PENGUMPULAN":"Q4 2023","q":27414,"r":-15180}},{"type":"Feature","geometry":{"coordinates":[106.83699230000008,-6.604537799999946],"type":"Point"},"properties":{"NAMA":"STREATS RESTAURANT","TIPE_1":"MAKANAN DAN MINUMAN","TIPE_2":"RESTORAN","TIPE_3":"KAFE DAN RESTO","TELEPON":"","ALAMAT":"JL. GOLF ESTATE BOGOR RAYA, SUKARAJA, KEC. SUKARAJA, KABUPATEN BOGOR, JAWA BARAT 16710","ID_PROV":"32","PROVINSI":"JAWA BARAT","ID_KABKOT":"32.01","KABKOT":"BOGOR","ID_KEC":"32.01.04","KECAMATAN":"SUKARAJA","ID_DESA":"32.01.04.2007","DESA":"SUKARAJA","LONGITUDE":106.8369923,"LATITUDE":-6.6045378,"STATUS":"BUKA","TANGGAL UPDATE":"27/02/2025","TANGGAL PENGUMPULAN":"Q4 2023","q":27435,"r":-15190}},{"type":"Feature","geometry":{"coordinates":[106.82233550000007,-6.707705499999975],"type":"Point"},"properties":{"NAMA":"BURGER BANGOR CARINGIN","TIPE_1":"MAKANAN DAN MINUMAN","TIPE_2":"RESTORAN","TIPE_3":"CEPAT SAJI","TELEPON":"0812-9749-5811","ALAMAT":"JL. MAYJEN H.R. EDI SUKMA NO.3, RW.2, CARINGIN, KEC. CARINGIN, KABUPATEN BOGOR, JAWA BARAT 16730","ID_PROV":"32","PROVINSI":"JAWA BARAT","ID_KABKOT":"32.01","KABKOT":"BOGOR","ID_KEC":"32.01.27","KECAMATAN":"CARINGIN","ID_DESA":"32.01.27.2004","DESA":"CARINGIN","LONGITUDE":106.8223355,"LATITUDE":-6.7077055,"STATUS":"BUKA","TANGGAL UPDATE":"27/02/2025","TANGGAL PENGUMPULAN":"Q4 2023","q":27431,"r":-15211}},{"type":"Feature","geometry":{"coordinates":[106.83726190000004,-6.589079799999971],"type":"Point"},"properties":{"NAMA":"NANDA CHICKEN & BURGER","TIPE_1":"MAKANAN DAN MINUMAN","TIPE_2":"RESTORAN","TIPE_3":"CEPAT SAJI","TELEPON":"","ALAMAT":"SUKARAJA, KEC. SUKARAJA, KABUPATEN BOGOR, JAWA BARAT","ID_PROV":"32","PROVINSI":"JAWA BARAT","ID_KABKOT":"32.01","KABKOT":"BOGOR","ID_KEC":"32.01.04","KECAMATAN":"SUKARAJA","ID_DESA":"32.01.04.2007","DESA":"SUKARAJA","LONGITUDE":106.8372619,"LATITUDE":-6.5890798,"STATUS":"BUKA","TANGGAL UPDATE":"27/02/2025","TANGGAL PENGUMPULAN":"Q4 2023","q":27435,"r":-15186}},{"type":"Feature","geometry":{"coordinates":[106.75996940000005,-6.597928399999946],"type":"Point"},"properties":{"NAMA":"EMPEROR BURGER","TIPE_1":"MAKANAN DAN MINUMAN","TIPE_2":"RESTORAN","TIPE_3":"CEPAT SAJI","TELEPON":"","ALAMAT":"JL. RAYA TAMAN PAGELARAN GG. H. KASIM NO.1, PADASUKA, CIOMAS, BOGOR REGENCY, WEST JAVA 16610","ID_PROV":"32","PROVINSI":"JAWA BARAT","ID_KABKOT":"32.01","KABKOT":"BOGOR","ID_KEC":"32.01.29","KECAMATAN":"CIOMAS","ID_DESA":"32.01.29.1003","DESA":"PADASUKA","LONGITUDE":106.7599694,"LATITUDE":-6.5979284,"STATUS":"BUKA","TANGGAL UPDATE":"27/02/2025","TANGGAL PENGUMPULAN":"Q4 2023","q":27415,"r":-15178}},{"type":"Feature","geometry":{"coordinates":[106.76463030000008,-6.609583099999943],"type":"Point"},"properties":{"NAMA":"DINO SOFT ICE CREAM AND BURGER","TIPE_1":"MAKANAN DAN MINUMAN","TIPE_2":"RESTORAN","TIPE_3":"CEPAT SAJI","TELEPON":"","ALAMAT":"JL. PINTU LEDENG NO.11-1, PAGELARAN, KEC. CIOMAS, KABUPATEN BOGOR, JAWA BARAT 16610","ID_PROV":"32","PROVINSI":"JAWA BARAT","ID_KABKOT":"32.01","KABKOT":"BOGOR","ID_KEC":"32.01.29","KECAMATAN":"CIOMAS","ID_DESA":"32.01.29.2006","DESA":"PAGELARAN","LONGITUDE":106.7646303,"LATITUDE":-6.6095831,"STATUS":"BUKA","TANGGAL UPDATE":"27/02/2025","TANGGAL PENGUMPULAN":"Q4 2023","q":27416,"r":-15181}},{"type":"Feature","geometry":{"coordinates":[106.75523570000007,-6.597803399999971],"type":"Point"},"properties":{"NAMA":"GM CHICKEN BURGER","TIPE_1":"MAKANAN DAN MINUMAN","TIPE_2":"RESTORAN","TIPE_3":"CEPAT SAJI","TELEPON":"0857-2263-7704","ALAMAT":"CIAPUS, KEC. CIOMAS, KABUPATEN BOGOR, JAWA BARAT 16610","ID_PROV":"32","PROVINSI":"JAWA BARAT","ID_KABKOT":"32.01","KABKOT":"BOGOR","ID_KEC":"32.01.29","KECAMATAN":"CIOMAS","ID_DESA":"32.01.29.2008","DESA":"CIAPUS","LONGITUDE":106.7552357,"LATITUDE":-6.5978034,"STATUS":"BUKA","TANGGAL UPDATE":"27/02/2025","TANGGAL PENGUMPULAN":"Q4 2023","q":27414,"r":-15178}},{"type":"Feature","geometry":{"coordinates":[106.76579990000005,-6.601742199999927],"type":"Point"},"properties":{"NAMA":"RACING BURGER BOGOR","TIPE_1":"MAKANAN DAN MINUMAN","TIPE_2":"RESTORAN","TIPE_3":"CEPAT SAJI","TELEPON":"0821-2162-5245","ALAMAT":"JL. VILLA CIOMAS, RAHAYU, KEC. CIOMAS, KABUPATEN BOGOR, JAWA BARAT 16610","ID_PROV":"32","PROVINSI":"JAWA BARAT","ID_KABKOT":"32.01","KABKOT":"BOGOR","ID_KEC":"32.01.29","KECAMATAN":"CIOMAS","ID_DESA":"32.01.29.2011","DESA":"CIOMAS RAHAYU","LONGITUDE":106.7657999,"LATITUDE":-6.6017422,"STATUS":"BUKA","TANGGAL UPDATE":"27/02/2025","TANGGAL PENGUMPULAN":"Q4 2023","q":27417,"r":-15180}},{"type":"Feature","geometry":{"coordinates":[106.76588140000007,-6.60159889999995],"type":"Point"},"properties":{"NAMA":"KEDAI BURGER EMBUN","TIPE_1":"MAKANAN DAN MINUMAN","TIPE_2":"RESTORAN","TIPE_3":"CEPAT SAJI","TELEPON":"0853-1365-9246","ALAMAT":"FOOD N BEVERAGE LOGISTICS CENTER KEBON JATI, JL. VILLA CIOMAS NO.15, CIOMAS RAHAYU, KEC. BOGOR BAR., KABUPATEN BOGOR, JAWA BARAT 16610","ID_PROV":"32","PROVINSI":"JAWA BARAT","ID_KABKOT":"32.01","KABKOT":"BOGOR","ID_KEC":"32.01.29","KECAMATAN":"CIOMAS","ID_DESA":"32.01.29.2011","DESA":"CIOMAS RAHAYU","LONGITUDE":106.7658814,"LATITUDE":-6.6015989,"STATUS":"BUKA","TANGGAL UPDATE":"27/02/2025","TANGGAL PENGUMPULAN":"Q4 2023","q":27417,"r":-15180}},{"type":"Feature","geometry":{"coordinates":[106.80527629999999,-6.4635967],"type":"Point"},"properties":{"NAMA":"NASI GORENG GILA","TIPE_1":"MAKANAN DAN MINUMAN","TIPE_2":"RESTORAN","TIPE_3":"NASI GORENG","TELEPON":"","ALAMAT":"JL. LANGGAR KECAMATAN, RT.03/RW.03, RW. PANJANG, KECAMATAN BOJONGGEDE, KABUPATEN BOGOR, JAWA BARAT 16920","ID_PROV":"32","PROVINSI":"JAWA BARAT","ID_KABKOT":"32.01","KABKOT":"BOGOR","ID_KEC":"32.01.13","KECAMATAN":"BOJONG GEDE","ID_DESA":"32.01.13.2008","DESA":"RAWAPANJANG","LONGITUDE":106.8052763,"LATITUDE":-6.4635967,"STATUS":"BUKA","TANGGAL UPDATE":"27/02/2025","TANGGAL PENGUMPULAN":"Q4 2023","q":27427,"r":-15154}},{"type":"Feature","geometry":{"coordinates":[106.8641622,-6.5639409],"type":"Point"},"properties":{"NAMA":"MOZARELLA CORNDONG","TIPE_1":"MAKANAN DAN MINUMAN","TIPE_2":"RESTORAN","TIPE_3":"CEPAT SAJI","TELEPON":"0821-3421-7451","ALAMAT":"JL. BABAKAN MADANG, BABAKAN MADANG, KEC. BABAKAN MADANG, KABUPATEN BOGOR, JAWA BARAT 16810","ID_PROV":"32","PROVINSI":"JAWA BARAT","ID_KABKOT":"32.01","KABKOT":"BOGOR","ID_KEC":"32.01.05","KECAMATAN":"BABAKAN MADANG","ID_DESA":"32.01.05.2008","DESA":"BABAKAN MADANG","LONGITUDE":106.8641622,"LATITUDE":-6.5639409,"STATUS":"BUKA","TANGGAL UPDATE":"27/02/2025","TANGGAL PENGUMPULAN":"Q4 2023","q":27442,"r":-15184}},{"type":"Feature","geometry":{"coordinates":[106.9870121,-6.6999075],"type":"Point"},"properties":{"NAMA":"NASI BAKAR BANG SONY","TIPE_1":"MAKANAN DAN MINUMAN","TIPE_2":"RESTORAN","TIPE_3":"CEPAT SAJI","TELEPON":"0858-8739-2057","ALAMAT":"JALAN RAYA PUNCAK KM. 86, TUGU SELATAN, CISARUA, TUGU SEL., KEC. CISARUA, KABUPATEN BOGOR, JAWA BARAT 16750","ID_PROV":"32","PROVINSI":"JAWA BARAT","ID_KABKOT":"32.01","KABKOT":"BOGOR","ID_KEC":"32.01.25","KECAMATAN":"CISARUA","ID_DESA":"32.01.25.2006","DESA":"TUGU SELATAN","LONGITUDE":106.9870121,"LATITUDE":-6.6999075,"STATUS":"BUKA","TANGGAL UPDATE":"27/02/2025","TANGGAL PENGUMPULAN":"Q4 2023","q":27474,"r":-15230}},{"type":"Feature","geometry":{"coordinates":[106.9299346,-6.6782494],"type":"Point"},"properties":{"NAMA":"ANEKA SOTO","TIPE_1":"MAKANAN DAN MINUMAN","TIPE_2":"RESTORAN","TIPE_3":"CEPAT SAJI","TELEPON":"0857-1043-0385","ALAMAT":"JL. RAYA PUNCAK - GADOG NO.583, CISARUA, KEC. CISARUA, KABUPATEN BOGOR, JAWA BARAT 16750","ID_PROV":"32","PROVINSI":"JAWA BARAT","ID_KABKOT":"32.01","KABKOT":"BOGOR","ID_KEC":"32.01.25","KECAMATAN":"CISARUA","ID_DESA":"32.01.25.1010","DESA":"CISARUA","LONGITUDE":106.9299346,"LATITUDE":-6.6782494,"STATUS":"BUKA","TANGGAL UPDATE":"27/02/2025","TANGGAL PENGUMPULAN":"Q4 2023","q":27459,"r":-15218}},{"type":"Feature","geometry":{"coordinates":[106.9646188,-6.4112871],"type":"Point"},"properties":{"NAMA":"AYAM GEPREK FAHRI","TIPE_1":"MAKANAN DAN MINUMAN","TIPE_2":"RESTORAN","TIPE_3":"CEPAT SAJI","TELEPON":"0856-9259-6162","ALAMAT":"KP. CIBEUREUM, DESA, RT.02/RW.05, CILEUNGSI KIDUL, KEC. CILEUNGSI, KABUPATEN BOGOR, JAWA BARAT 16820","ID_PROV":"32","PROVINSI":"JAWA BARAT","ID_KABKOT":"32.01","KABKOT":"BOGOR","ID_KEC":"32.01.07","KECAMATAN":"CILEUNGSI","ID_DESA":"32.01.07.2007","DESA":"CILEUNGSI KIDUL","LONGITUDE":106.9646188,"LATITUDE":-6.4112871,"STATUS":"BUKA","TANGGAL UPDATE":"27/02/2025","TANGGAL PENGUMPULAN":"Q4 2023","q":27468,"r":-15163}},{"type":"Feature","geometry":{"coordinates":[106.9385082,-6.6870769],"type":"Point"},"properties":{"NAMA":"AYAM GEPREK DEN RAKA","TIPE_1":"MAKANAN DAN MINUMAN","TIPE_2":"RESTORAN","TIPE_3":"CEPAT SAJI","TELEPON":"0856-8015-096","ALAMAT":"JALAN RAYA PUNCAK, JL. CIBEUREUM NO.KM.83, CIBEUREUM, KEC. CISARUA, KABUPATEN BOGOR, JAWA BARAT 16750","ID_PROV":"32","PROVINSI":"JAWA BARAT","ID_KABKOT":"32.01","KABKOT":"BOGOR","ID_KEC":"32.01.25","KECAMATAN":"CISARUA","ID_DESA":"32.01.25.1010","DESA":"CISARUA","LONGITUDE":106.9385082,"LATITUDE":-6.6870769,"STATUS":"BUKA","TANGGAL UPDATE":"27/02/2025","TANGGAL PENGUMPULAN":"Q4 2023","q":27461,"r":-15221}},{"type":"Feature","geometry":{"coordinates":[106.8813874,-6.4884159],"type":"Point"},"properties":{"NAMA":"A&W RESTORAN - CITEUREUP","TIPE_1":"MAKANAN DAN MINUMAN","TIPE_2":"RESTORAN","TIPE_3":"CEPAT SAJI","TELEPON":"(021) 87975162","ALAMAT":"JL. RAYA MAYOR OKING JAYA ATMAJA, KARANG ASEM BAR., KEC. CITEUREUP, KABUPATEN BOGOR, JAWA BARAT 16810","ID_PROV":"32","PROVINSI":"JAWA BARAT","ID_KABKOT":"32.01","KABKOT":"BOGOR","ID_KEC":"32.01.03","KECAMATAN":"CITEUREUP","ID_DESA":"32.01.03.1007","DESA":"KARANG ASEM BARAT","LONGITUDE":106.8813874,"LATITUDE":-6.4884159,"STATUS":"BUKA","TANGGAL UPDATE":"27/02/2025","TANGGAL PENGUMPULAN":"Q4 2023","q":27446,"r":-15169}},{"type":"Feature","geometry":{"coordinates":[106.7985118,-6.5261141],"type":"Point"},"properties":{"NAMA":"AYAM BAKAR & NASI BAKAR TEH ENOK","TIPE_1":"MAKANAN DAN MINUMAN","TIPE_2":"RESTORAN","TIPE_3":"CEPAT SAJI","TELEPON":"0811-1779-676","ALAMAT":"PERUMAHAN GRIYA CILEBUT ASRI (RSCM) JL. BOULEVARD BLOK. A1 NO. 4 RT. 02, CILEBUT BAR., KEC. SUKARAJA, KABUPATEN BOGOR, JAWA BARAT 16710","ID_PROV":"32","PROVINSI":"JAWA BARAT","ID_KABKOT":"32.01","KABKOT":"BOGOR","ID_KEC":"32.01.04","KECAMATAN":"SUKARAJA","ID_DESA":"32.01.04.2003","DESA":"CILEBUT BARAT","LONGITUDE":106.7985118,"LATITUDE":-6.5261141,"STATUS":"BUKA","TANGGAL UPDATE":"27/02/2025","TANGGAL PENGUMPULAN":"Q4 2023","q":27425,"r":-15167}},{"type":"Feature","geometry":{"coordinates":[106.8561933,-6.478561],"type":"Point"},"properties":{"NAMA":"AYAM GEPREK SAMBEL JUDES CIRIMEKAR","TIPE_1":"MAKANAN DAN MINUMAN","TIPE_2":"RESTORAN","TIPE_3":"CEPAT SAJI","TELEPON":"0812-8898-1199","ALAMAT":"JL. KAYU MANIS, CIRIMEKAR, KEC. CIBINONG, KABUPATEN BOGOR, JAWA BARAT","ID_PROV":"32","PROVINSI":"JAWA BARAT","ID_KABKOT":"32.01","KABKOT":"BOGOR","ID_KEC":"32.01.01","KECAMATAN":"CIBINONG","ID_DESA":"32.01.01.1011","DESA":"CIRIMEKAR","LONGITUDE":106.8561933,"LATITUDE":-6.478561,"STATUS":"BUKA","TANGGAL UPDATE":"27/02/2025","TANGGAL PENGUMPULAN":"Q4 2023","q":27440,"r":-15164}},{"type":"Feature","geometry":{"coordinates":[106.9297328,-6.6778898],"type":"Point"},"properties":{"NAMA":"BASO SOTOMIE MRDADAN","TIPE_1":"MAKANAN DAN MINUMAN","TIPE_2":"RESTORAN","TIPE_3":"CEPAT SAJI","TELEPON":"0817-9007-409","ALAMAT":"JL. RAYA PUNCAK - CIANJUR NO.566, CISARUA, KEC. CISARUA, KABUPATEN BOGOR, JAWA BARAT 16750","ID_PROV":"32","PROVINSI":"JAWA BARAT","ID_KABKOT":"32.01","KABKOT":"BOGOR","ID_KEC":"32.01.25","KECAMATAN":"CISARUA","ID_DESA":"32.01.25.1010","DESA":"CISARUA","LONGITUDE":106.9297328,"LATITUDE":-6.6778898,"STATUS":"BUKA","TANGGAL UPDATE":"27/02/2025","TANGGAL PENGUMPULAN":"Q4 2023","q":27459,"r":-15218}},{"type":"Feature","geometry":{"coordinates":[106.8631655,-6.6546629],"type":"Point"},"properties":{"NAMA":"BAKMI JAWA JAGO ROSO","TIPE_1":"MAKANAN DAN MINUMAN","TIPE_2":"RESTORAN","TIPE_3":"CEPAT SAJI","TELEPON":"0831-6478-0156","ALAMAT":"JL. RAYA PUNCAK - CIANJUR, GADOG, KEC. MEGAMENDUNG, KABUPATEN BOGOR, JAWA BARAT 16770","ID_PROV":"32","PROVINSI":"JAWA BARAT","ID_KABKOT":"32.01","KABKOT":"BOGOR","ID_KEC":"32.01.26","KECAMATAN":"MEGAMENDUNG","ID_DESA":"32.01.26.2003","DESA":"GADOG","LONGITUDE":106.8631655,"LATITUDE":-6.6546629,"STATUS":"BUKA","TANGGAL UPDATE":"27/02/2025","TANGGAL PENGUMPULAN":"Q4 2023","q":27442,"r":-15204}},{"type":"Feature","geometry":{"coordinates":[106.96912839999999,-6.6981327],"type":"Point"},"properties":{"NAMA":"BASO MANG FAKIH/FRENGKI","TIPE_1":"MAKANAN DAN MINUMAN","TIPE_2":"RESTORAN","TIPE_3":"CEPAT SAJI","TELEPON":"0856-8010-7970","ALAMAT":"JL. RAYA PUNCAK GADOG NO.86, TUGU SEL., KEC. CISARUA, KABUPATEN BOGOR, JAWA BARAT 16750","ID_PROV":"32","PROVINSI":"JAWA BARAT","ID_KABKOT":"32.01","KABKOT":"BOGOR","ID_KEC":"32.01.25","KECAMATAN":"CISARUA","ID_DESA":"32.01.25.2006","DESA":"TUGU SELATAN","LONGITUDE":106.9691284,"LATITUDE":-6.6981327,"STATUS":"BUKA","TANGGAL UPDATE":"27/02/2025","TANGGAL PENGUMPULAN":"Q4 2023","q":27469,"r":-15227}},{"type":"Feature","geometry":{"coordinates":[106.9870435,-6.7000441],"type":"Point"},"properties":{"NAMA":"BASO AKI AKI GAUL","TIPE_1":"MAKANAN DAN MINUMAN","TIPE_2":"RESTORAN","TIPE_3":"CEPAT SAJI","TELEPON":"0815-1042-6456","ALAMAT":"JALAN RAYA PUNCAK KM. 86, TUGU SELATAN, CISARUA, TUGU UTARA, KEC. CISARUA, KABUPATEN BOGOR, JAWA BARAT 16750","ID_PROV":"32","PROVINSI":"JAWA BARAT","ID_KABKOT":"32.01","KABKOT":"BOGOR","ID_KEC":"32.01.25","KECAMATAN":"CISARUA","ID_DESA":"32.01.25.2006","DESA":"TUGU SELATAN","LONGITUDE":106.9870435,"LATITUDE":-6.7000441,"STATUS":"BUKA","TANGGAL UPDATE":"27/02/2025","TANGGAL PENGUMPULAN":"Q4 2023","q":27474,"r":-15230}},{"type":"Feature","geometry":{"coordinates":[106.9287376,-6.6763245],"type":"Point"},"properties":{"NAMA":"BAKSO URAT SAYUTI","TIPE_1":"MAKANAN DAN MINUMAN","TIPE_2":"RESTORAN","TIPE_3":"CEPAT SAJI","TELEPON":"0812-8226-4878","ALAMAT":"JALAN RAYA CISARUA PUNCAK KM 80 RT 01/2, CISARUA, CITEKO, KEC. CISARUA, KABUPATEN BOGOR, JAWA BARAT 16750","ID_PROV":"32","PROVINSI":"JAWA BARAT","ID_KABKOT":"32.01","KABKOT":"BOGOR","ID_KEC":"32.01.25","KECAMATAN":"CISARUA","ID_DESA":"32.01.25.2005","DESA":"CITEKO","LONGITUDE":106.9287376,"LATITUDE":-6.6763245,"STATUS":"BUKA","TANGGAL UPDATE":"27/02/2025","TANGGAL PENGUMPULAN":"Q4 2023","q":27459,"r":-15217}},{"type":"Feature","geometry":{"coordinates":[106.8085144,-6.5411165],"type":"Point"},"properties":{"NAMA":"BURGER MILO BOGOR","TIPE_1":"MAKANAN DAN MINUMAN","TIPE_2":"RESTORAN","TIPE_3":"CEPAT SAJI","TELEPON":"0896-1925-9233","ALAMAT":"VILLA BOGOR INDAH 5 BLOK CD 13/4, PASIR JAMBU, KEC. SUKARAJA, KOTA BOGOR, JAWA BARAT 16710","ID_PROV":"32","PROVINSI":"JAWA BARAT","ID_KABKOT":"32.01","KABKOT":"BOGOR","ID_KEC":"32.01.04","KECAMATAN":"SUKARAJA","ID_DESA":"32.01.04.2009","DESA":"PASIR JAMBU","LONGITUDE":106.8085144,"LATITUDE":-6.5411165,"STATUS":"BUKA","TANGGAL UPDATE":"27/02/2025","TANGGAL PENGUMPULAN":"Q4 2023","q":27428,"r":-15172}},{"type":"Feature","geometry":{"coordinates":[106.87558519999999,-6.6544737],"type":"Point"},"properties":{"NAMA":"BAVARIAN HAUS BRATWURST 'N GRILL","TIPE_1":"MAKANAN DAN MINUMAN","TIPE_2":"RESTORAN","TIPE_3":"CEPAT SAJI","TELEPON":"(0251) 8259805","ALAMAT":"JL. RAYA PUNCAK - CIANJUR NO.48, CIPAYUNG DATAR, KEC. MEGAMENDUNG, KABUPATEN BOGOR, JAWA BARAT 16770","ID_PROV":"32","PROVINSI":"JAWA BARAT","ID_KABKOT":"32.01","KABKOT":"BOGOR","ID_KEC":"32.01.26","KECAMATAN":"MEGAMENDUNG","ID_DESA":"32.01.26.2006","DESA":"CIPAYUNG","LONGITUDE":106.8755852,"LATITUDE":-6.6544737,"STATUS":"BUKA","TANGGAL UPDATE":"27/02/2025","TANGGAL PENGUMPULAN":"Q4 2023","q":27445,"r":-15206}},{"type":"Feature","geometry":{"coordinates":[106.8305603,-6.5272272],"type":"Point"},"properties":{"NAMA":"BURGER KING WEST SENTUL","TIPE_1":"MAKANAN DAN MINUMAN","TIPE_2":"RESTORAN","TIPE_3":"CEPAT SAJI","TELEPON":"1 500 025","ALAMAT":"JL. RAYA JAKARTA-BOGOR NO.4, RT.001/RW.04, CIMANDALA, KEC. SUKARAJA, KABUPATEN BOGOR, JAWA BARAT 16710","ID_PROV":"32","PROVINSI":"JAWA BARAT","ID_KABKOT":"32.01","KABKOT":"BOGOR","ID_KEC":"32.01.04","KECAMATAN":"SUKARAJA","ID_DESA":"32.01.04.2010","DESA":"CIMANDALA","LONGITUDE":106.8305603,"LATITUDE":-6.5272272,"STATUS":"BUKA","TANGGAL UPDATE":"27/02/2025","TANGGAL PENGUMPULAN":"Q4 2023","q":27433,"r":-15171}},{"type":"Feature","geometry":{"coordinates":[106.9183556,-6.6567638],"type":"Point"},"properties":{"NAMA":"CFC TAMAN WISATA MATAHARI 2","TIPE_1":"MAKANAN DAN MINUMAN","TIPE_2":"RESTORAN","TIPE_3":"CEPAT SAJI","TELEPON":"","ALAMAT":"JL. RAYA PUNCAK GADOG NO.77, LEUWIMALANG, KEC. CISARUA, KABUPATEN BOGOR, JAWA BARAT 16750","ID_PROV":"32","PROVINSI":"JAWA BARAT","ID_KABKOT":"32.01","KABKOT":"BOGOR","ID_KEC":"32.01.25","KECAMATAN":"CISARUA","ID_DESA":"32.01.25.2004","DESA":"CILEMBER","LONGITUDE":106.9183556,"LATITUDE":-6.6567638,"STATUS":"BUKA","TANGGAL UPDATE":"27/02/2025","TANGGAL PENGUMPULAN":"Q4 2023","q":27456,"r":-15212}},{"type":"Feature","geometry":{"coordinates":[106.7991407,-6.4512929],"type":"Point"},"properties":{"NAMA":"CFC CITAYAM","TIPE_1":"MAKANAN DAN MINUMAN","TIPE_2":"RESTORAN","TIPE_3":"CEPAT SAJI","TELEPON":"","ALAMAT":"JL. PABUARAN NO.3, BOJONG PONDOK TERONG, CIPAYUNG, BOGOR REGENCY, WEST JAVA 16437","ID_PROV":"32","PROVINSI":"JAWA BARAT","ID_KABKOT":"32.01","KABKOT":"BOGOR","ID_KEC":"32.01.13","KECAMATAN":"BOJONG GEDE","ID_DESA":"32.01.13.1007","DESA":"PABUARAN","LONGITUDE":106.7991407,"LATITUDE":-6.4512929,"STATUS":"BUKA","TANGGAL UPDATE":"27/02/2025","TANGGAL PENGUMPULAN":"Q4 2023","q":27425,"r":-15150}},{"type":"Feature","geometry":{"coordinates":[106.9423966,-6.6898731],"type":"Point"},"properties":{"NAMA":"BUBUR AYAM CIANJUR","TIPE_1":"MAKANAN DAN MINUMAN","TIPE_2":"RESTORAN","TIPE_3":"CEPAT SAJI","TELEPON":"0877-7075-0227","ALAMAT":"RUKO BAROKAH, JL. TAMAN SAFARI NO.8, CIBEUREUM, KEC. CISARUA, KABUPATEN BOGOR, JAWA BARAT 16750","ID_PROV":"32","PROVINSI":"JAWA BARAT","ID_KABKOT":"32.01","KABKOT":"BOGOR","ID_KEC":"32.01.25","KECAMATAN":"CISARUA","ID_DESA":"32.01.25.2003","DESA":"CIBEUREUM","LONGITUDE":106.9423966,"LATITUDE":-6.6898731,"STATUS":"BUKA","TANGGAL UPDATE":"27/02/2025","TANGGAL PENGUMPULAN":"Q4 2023","q":27462,"r":-15222}},{"type":"Feature","geometry":{"coordinates":[106.9402679,-6.6877795],"type":"Point"},"properties":{"NAMA":"BUBUR AYAM CIANJUR SPESIAL/ODEP","TIPE_1":"MAKANAN DAN MINUMAN","TIPE_2":"RESTORAN","TIPE_3":"CEPAT SAJI","TELEPON":"0858-8886-910","ALAMAT":"JL. TAMAN SAFARI NO.643, CIBEUREUM, CISARUA, BOGOR REGENCY, WEST JAVA 16750","ID_PROV":"32","PROVINSI":"JAWA BARAT","ID_KABKOT":"32.01","KABKOT":"BOGOR","ID_KEC":"32.01.25","KECAMATAN":"CISARUA","ID_DESA":"32.01.25.2003","DESA":"CIBEUREUM","LONGITUDE":106.9402679,"LATITUDE":-6.6877795,"STATUS":"BUKA","TANGGAL UPDATE":"27/02/2025","TANGGAL PENGUMPULAN":"Q4 2023","q":27462,"r":-15221}},{"type":"Feature","geometry":{"coordinates":[106.7320886,-6.4243312],"type":"Point"},"properties":{"NAMA":"BURGER BANGOR PARUNG BOGOR","TIPE_1":"MAKANAN DAN MINUMAN","TIPE_2":"RESTORAN","TIPE_3":"CEPAT SAJI","TELEPON":"0821-2399-7587","ALAMAT":"JL. RAYA PARUNG BOGOR GG. KP. JATI NO.A10, PARUNG, KEC. PARUNG, KABUPATEN BOGOR, JAWA BARAT 16330","ID_PROV":"32","PROVINSI":"JAWA BARAT","ID_KABKOT":"32.01","KABKOT":"BOGOR","ID_KEC":"32.01.10","KECAMATAN":"PARUNG","ID_DESA":"32.01.10.2001","DESA":"PARUNG","LONGITUDE":106.7320886,"LATITUDE":-6.4243312,"STATUS":"BUKA","TANGGAL UPDATE":"27/02/2025","TANGGAL PENGUMPULAN":"Q4 2023","q":27408,"r":-15136}},{"type":"Feature","geometry":{"coordinates":[106.683383,-6.5625133],"type":"Point"},"properties":{"NAMA":"CHICKEN CRUNCHY","TIPE_1":"MAKANAN DAN MINUMAN","TIPE_2":"RESTORAN","TIPE_3":"CEPAT SAJI","TELEPON":"","ALAMAT":"JL. RAYA CIBUNGBULANG - BOGOR NO.31, RT.04/RW.01, LEUWEUNG KOLOT, KEC. CIBUNGBULANG, KABUPATEN BOGOR, JAWA BARAT 16630","ID_PROV":"32","PROVINSI":"JAWA BARAT","ID_KABKOT":"32.01","KABKOT":"BOGOR","ID_KEC":"32.01.16","KECAMATAN":"CIBUNGBULANG","ID_DESA":"32.01.16.2006","DESA":"LEUWEUNGKOLOT","LONGITUDE":106.683383,"LATITUDE":-6.5625133,"STATUS":"BUKA","TANGGAL UPDATE":"27/02/2025","TANGGAL PENGUMPULAN":"Q4 2023","q":27396,"r":-15160}},{"type":"Feature","geometry":{"coordinates":[106.8635764,-6.4744373],"type":"Point"},"properties":{"NAMA":"CHEESE CHICKEN","TIPE_1":"MAKANAN DAN MINUMAN","TIPE_2":"RESTORAN","TIPE_3":"CEPAT SAJI","TELEPON":"0896-5223-3994","ALAMAT":"JL. RAYA MAYOR OKING JAYA ATMAJA NO.63, CIRIUNG, KEC. CIBINONG, KABUPATEN BOGOR, JAWA BARAT 16917","ID_PROV":"32","PROVINSI":"JAWA BARAT","ID_KABKOT":"32.01","KABKOT":"BOGOR","ID_KEC":"32.01.01","KECAMATAN":"CIBINONG","ID_DESA":"32.01.01.1010","DESA":"CIRIUNG","LONGITUDE":106.8635764,"LATITUDE":-6.4744373,"STATUS":"BUKA","TANGGAL UPDATE":"27/02/2025","TANGGAL PENGUMPULAN":"Q4 2023","q":27442,"r":-15164}},{"type":"Feature","geometry":{"coordinates":[106.8628067,-6.6544769],"type":"Point"},"properties":{"NAMA":"CHEES CHICKEN GADOG","TIPE_1":"MAKANAN DAN MINUMAN","TIPE_2":"RESTORAN","TIPE_3":"CEPAT SAJI","TELEPON":"0812-8784-5398","ALAMAT":"71, JL. RAYA PUNCAK - GADOG NO.KM, GADOG, MEGAMENDUNG, BOGOR REGENCY, WEST JAVA 16770","ID_PROV":"32","PROVINSI":"JAWA BARAT","ID_KABKOT":"32.01","KABKOT":"BOGOR","ID_KEC":"32.01.24","KECAMATAN":"CIAWI","ID_DESA":"32.01.24.2009","DESA":"PANDAN SARI","LONGITUDE":106.8628067,"LATITUDE":-6.6544769,"STATUS":"BUKA","TANGGAL UPDATE":"27/02/2025","TANGGAL PENGUMPULAN":"Q4 2023","q":27442,"r":-15204}},{"type":"Feature","geometry":{"coordinates":[106.7322816,-6.5587881],"type":"Point"},"properties":{"NAMA":"CHICK N TEA BATENG","TIPE_1":"MAKANAN DAN MINUMAN","TIPE_2":"RESTORAN","TIPE_3":"CEPAT SAJI","TELEPON":"0896-5000-3742","ALAMAT":"JL. BABAKAN TENGAH NO.17, BABAKAN, KEC. DRAMAGA, KABUPATEN BOGOR, JAWA BARAT 16680","ID_PROV":"32","PROVINSI":"JAWA BARAT","ID_KABKOT":"32.01","KABKOT":"BOGOR","ID_KEC":"32.01.30","KECAMATAN":"DRAMAGA","ID_DESA":"32.01.30.2008","DESA":"BABAKAN","LONGITUDE":106.7322816,"LATITUDE":-6.5587881,"STATUS":"BUKA","TANGGAL UPDATE":"27/02/2025","TANGGAL PENGUMPULAN":"Q4 2023","q":27408,"r":-15166}},{"type":"Feature","geometry":{"coordinates":[106.7322951,-6.5625419],"type":"Point"},"properties":{"NAMA":"CHICK N TEA RESTO PUSAT","TIPE_1":"MAKANAN DAN MINUMAN","TIPE_2":"RESTORAN","TIPE_3":"CEPAT SAJI","TELEPON":"0812-8132-1900","ALAMAT":"JL. RAYA DRAMAGA - BOGOR NO.KM. 7, BABAKAN, KEC. DRAMAGA, KABUPATEN BOGOR, JAWA BARAT 16680","ID_PROV":"32","PROVINSI":"JAWA BARAT","ID_KABKOT":"32.01","KABKOT":"BOGOR","ID_KEC":"32.01.30","KECAMATAN":"DRAMAGA","ID_DESA":"32.01.30.2008","DESA":"BABAKAN","LONGITUDE":106.7322951,"LATITUDE":-6.5625419,"STATUS":"BUKA","TANGGAL UPDATE":"27/02/2025","TANGGAL PENGUMPULAN":"Q4 2023","q":27408,"r":-15167}},{"type":"Feature","geometry":{"coordinates":[106.783135,-6.6196714],"type":"Point"},"properties":{"NAMA":"CHICK&WHIZ CIAPUS","TIPE_1":"MAKANAN DAN MINUMAN","TIPE_2":"RESTORAN","TIPE_3":"CEPAT SAJI","TELEPON":"0813-8026-0933","ALAMAT":"JL. RAYA CIAPUS NO.59, KOTA BATU, KEC. CIOMAS, KABUPATEN BOGOR, JAWA BARAT 16610","ID_PROV":"32","PROVINSI":"JAWA BARAT","ID_KABKOT":"32.01","KABKOT":"BOGOR","ID_KEC":"32.01.29","KECAMATAN":"CIOMAS","ID_DESA":"32.01.29.2009","DESA":"KOTA BATU","LONGITUDE":106.783135,"LATITUDE":-6.6196714,"STATUS":"BUKA","TANGGAL UPDATE":"27/02/2025","TANGGAL PENGUMPULAN":"Q4 2023","q":27421,"r":-15186}},{"type":"Feature","geometry":{"coordinates":[106.6742647,-6.5711018],"type":"Point"},"properties":{"NAMA":"CHICKEN CRUNCHY CC","TIPE_1":"MAKANAN DAN MINUMAN","TIPE_2":"RESTORAN","TIPE_3":"CEPAT SAJI","TELEPON":"","ALAMAT":"JL. WR. LEPET NO.31, RT.04/RW.01, GIRIMULYA, KEC. CIBUNGBULANG, KABUPATEN BOGOR, JAWA BARAT 16630","ID_PROV":"32","PROVINSI":"JAWA BARAT","ID_KABKOT":"32.01","KABKOT":"BOGOR","ID_KEC":"32.01.16","KECAMATAN":"CIBUNGBULANG","ID_DESA":"32.01.16.2015","DESA":"GIRIMULYA","LONGITUDE":106.6742647,"LATITUDE":-6.5711018,"STATUS":"BUKA","TANGGAL UPDATE":"27/02/2025","TANGGAL PENGUMPULAN":"Q4 2023","q":27393,"r":-15161}},{"type":"Feature","geometry":{"coordinates":[106.7016757,-6.6046873],"type":"Point"},"properties":{"NAMA":"CHIKEN RIFA RAIHAN & SUPER POTATTO CRUCH (MAKANAN CEPAT SAJI)","TIPE_1":"MAKANAN DAN MINUMAN","TIPE_2":"RESTORAN","TIPE_3":"CEPAT SAJI","TELEPON":"0857-1570-4017","ALAMAT":"JL. BABAKAN, CINANGNENG, KEC. TENJOLAYA, KABUPATEN BOGOR, JAWA BARAT 16620","ID_PROV":"32","PROVINSI":"JAWA BARAT","ID_KABKOT":"32.01","KABKOT":"BOGOR","ID_KEC":"32.01.40","KECAMATAN":"TENJOLAYA","ID_DESA":"32.01.40.2005","DESA":"CINANGNENG","LONGITUDE":106.7016757,"LATITUDE":-6.6046873,"STATUS":"BUKA","TANGGAL UPDATE":"27/02/2025","TANGGAL PENGUMPULAN":"Q4 2023","q":27400,"r":-15172}},{"type":"Feature","geometry":{"coordinates":[106.6295282,-6.640645],"type":"Point"},"properties":{"NAMA":"DAKSOGEUM KOREAN POPCORN CHIKIN BOGOR","TIPE_1":"MAKANAN DAN MINUMAN","TIPE_2":"RESTORAN","TIPE_3":"CEPAT SAJI","TELEPON":"0851-5631-8675","ALAMAT":"JL. RAYA KARACAK, KARYASARI, KEC. LEUWILIANG, KABUPATEN BOGOR, JAWA BARAT 16640","ID_PROV":"32","PROVINSI":"JAWA BARAT","ID_KABKOT":"32.01","KABKOT":"BOGOR","ID_KEC":"32.01.14","KECAMATAN":"LEUWILIANG","ID_DESA":"32.01.14.2003","DESA":"KARYASARI","LONGITUDE":106.6295282,"LATITUDE":-6.640645,"STATUS":"BUKA","TANGGAL UPDATE":"27/02/2025","TANGGAL PENGUMPULAN":"Q4 2023","q":27382,"r":-15171}},{"type":"Feature","geometry":{"coordinates":[106.6331834,-6.5837426],"type":"Point"},"properties":{"NAMA":"D'FRESTO LEUWIMEKAR KARACAK","TIPE_1":"MAKANAN DAN MINUMAN","TIPE_2":"RESTORAN","TIPE_3":"CEPAT SAJI","TELEPON":"","ALAMAT":"LEUWIMEKAR, KEC. LEUWILIANG, KABUPATEN BOGOR, JAWA BARAT 16640","ID_PROV":"32","PROVINSI":"JAWA BARAT","ID_KABKOT":"32.01","KABKOT":"BOGOR","ID_KEC":"32.01.14","KECAMATAN":"LEUWILIANG","ID_DESA":"32.01.14.2007","DESA":"LEUWIMEKAR","LONGITUDE":106.6331834,"LATITUDE":-6.5837426,"STATUS":"BUKA","TANGGAL UPDATE":"27/02/2025","TANGGAL PENGUMPULAN":"Q4 2023","q":27383,"r":-15159}},{"type":"Feature","geometry":{"coordinates":[106.8628918,-6.472757],"type":"Point"},"properties":{"NAMA":"D'BRO CHICKEN & BURGER - CIBINONG","TIPE_1":"MAKANAN DAN MINUMAN","TIPE_2":"RESTORAN","TIPE_3":"CEPAT SAJI","TELEPON":"","ALAMAT":"JL. RAYA MAYOR OKING JAYA ATMAJA NO.97, RT.1/RW.RAWA 3, CIRIUNG, KEC. CIBINONG, KABUPATEN BOGOR, JAWA BARAT 16918","ID_PROV":"32","PROVINSI":"JAWA BARAT","ID_KABKOT":"32.01","KABKOT":"BOGOR","ID_KEC":"32.01.01","KECAMATAN":"CIBINONG","ID_DESA":"32.01.01.1010","DESA":"CIRIUNG","LONGITUDE":106.8628918,"LATITUDE":-6.472757,"STATUS":"BUKA","TANGGAL UPDATE":"27/02/2025","TANGGAL PENGUMPULAN":"Q4 2023","q":27442,"r":-15163}},{"type":"Feature","geometry":{"coordinates":[106.799321,-6.530815],"type":"Point"},"properties":{"NAMA":"D'BRO CHICKEN & BURGER - CILEBUT","TIPE_1":"MAKANAN DAN MINUMAN","TIPE_2":"RESTORAN","TIPE_3":"CEPAT SAJI","TELEPON":"","ALAMAT":"CILEBUT BAR., KEC. SUKARAJA, KABUPATEN BOGOR, JAWA BARAT","ID_PROV":"32","PROVINSI":"JAWA BARAT","ID_KABKOT":"32.01","KABKOT":"BOGOR","ID_KEC":"32.01.04","KECAMATAN":"SUKARAJA","ID_DESA":"32.01.04.2003","DESA":"CILEBUT BARAT","LONGITUDE":106.799321,"LATITUDE":-6.530815,"STATUS":"BUKA","TANGGAL UPDATE":"27/02/2025","TANGGAL PENGUMPULAN":"Q4 2023","q":27425,"r":-15168}},{"type":"Feature","geometry":{"coordinates":[106.7495963,-6.6014604],"type":"Point"},"properties":{"NAMA":"D'BRO CHICKEN & BURGER - CIOMAS","TIPE_1":"MAKANAN DAN MINUMAN","TIPE_2":"RESTORAN","TIPE_3":"CEPAT SAJI","TELEPON":"0813-8171-2490","ALAMAT":"JL. CIKERTI NO.7, RT.3/RW.6, PADASUKA, KEC. CIOMAS, KABUPATEN BOGOR, JAWA BARAT 16610","ID_PROV":"32","PROVINSI":"JAWA BARAT","ID_KABKOT":"32.01","KABKOT":"BOGOR","ID_KEC":"32.01.29","KECAMATAN":"CIOMAS","ID_DESA":"32.01.29.2008","DESA":"CIAPUS","LONGITUDE":106.7495963,"LATITUDE":-6.6014604,"STATUS":"BUKA","TANGGAL UPDATE":"27/02/2025","TANGGAL PENGUMPULAN":"Q4 2023","q":27413,"r":-15178}},{"type":"Feature","geometry":{"coordinates":[106.7631794,-6.6025891],"type":"Point"},"properties":{"NAMA":"D'BRO CHICKEN & BURGER - CIOMAS","TIPE_1":"MAKANAN DAN MINUMAN","TIPE_2":"RESTORAN","TIPE_3":"CEPAT SAJI","TELEPON":"0858-1980-4197","ALAMAT":"6, JL. CIKONENG II NO.26, RT.6/RW.3, PAGELARAN, KEC. CIOMAS, KABUPATEN BOGOR, JAWA BARAT 16610","ID_PROV":"32","PROVINSI":"JAWA BARAT","ID_KABKOT":"32.01","KABKOT":"BOGOR","ID_KEC":"32.01.29","KECAMATAN":"CIOMAS","ID_DESA":"32.01.29.2006","DESA":"PAGELARAN","LONGITUDE":106.7631794,"LATITUDE":-6.6025891,"STATUS":"BUKA","TANGGAL UPDATE":"27/02/2025","TANGGAL PENGUMPULAN":"Q4 2023","q":27416,"r":-15180}},{"type":"Feature","geometry":{"coordinates":[106.7590084,-6.5881157],"type":"Point"},"properties":{"NAMA":"D'BRO CHICKEN & BURGER - CIOMAS","TIPE_1":"MAKANAN DAN MINUMAN","TIPE_2":"RESTORAN","TIPE_3":"CEPAT SAJI","TELEPON":"0812-6543-2100","ALAMAT":"JL. CIKONENG I NO.KEL, PADASUKA, KEC. CIOMAS, KABUPATEN BOGOR, JAWA BARAT 16610","ID_PROV":"32","PROVINSI":"JAWA BARAT","ID_KABKOT":"32.01","KABKOT":"BOGOR","ID_KEC":"32.01.29","KECAMATAN":"CIOMAS","ID_DESA":"32.01.29.2010","DESA":"LALADON","LONGITUDE":106.7590084,"LATITUDE":-6.5881157,"STATUS":"BUKA","TANGGAL UPDATE":"27/02/2025","TANGGAL PENGUMPULAN":"Q4 2023","q":27415,"r":-15176}},{"type":"Feature","geometry":{"coordinates":[106.7681347,-6.6024669],"type":"Point"},"properties":{"NAMA":"D'BRO CHICKEN & BURGER - CIOMAS 2","TIPE_1":"MAKANAN DAN MINUMAN","TIPE_2":"RESTORAN","TIPE_3":"CEPAT SAJI","TELEPON":"0857-1815-5587","ALAMAT":"JL. RAYA CIOMAS NO.340, CIOMAS RAHAYU, KEC. CIOMAS, KABUPATEN BOGOR, JAWA BARAT 16610","ID_PROV":"32","PROVINSI":"JAWA BARAT","ID_KABKOT":"32.01","KABKOT":"BOGOR","ID_KEC":"32.01.29","KECAMATAN":"CIOMAS","ID_DESA":"32.01.29.2011","DESA":"CIOMAS RAHAYU","LONGITUDE":106.7681347,"LATITUDE":-6.6024669,"STATUS":"BUKA","TANGGAL UPDATE":"27/02/2025","TANGGAL PENGUMPULAN":"Q4 2023","q":27417,"r":-15180}},{"type":"Feature","geometry":{"coordinates":[106.73209089999999,-6.5623791],"type":"Point"},"properties":{"NAMA":"D'BRO CHICKEN & BURGER - DRAMAGA BOGOR","TIPE_1":"MAKANAN DAN MINUMAN","TIPE_2":"RESTORAN","TIPE_3":"CEPAT SAJI","TELEPON":"","ALAMAT":"JL. RAYA DRAMAGA - BOGOR RW NO.50, RW.KM 7, BABAKAN, KEC. DRAMAGA, KABUPATEN BOGOR, JAWA BARAT 16680","ID_PROV":"32","PROVINSI":"JAWA BARAT","ID_KABKOT":"32.01","KABKOT":"BOGOR","ID_KEC":"32.01.30","KECAMATAN":"DRAMAGA","ID_DESA":"32.01.30.2008","DESA":"BABAKAN","LONGITUDE":106.7320909,"LATITUDE":-6.5623791,"STATUS":"BUKA","TANGGAL UPDATE":"27/02/2025","TANGGAL PENGUMPULAN":"Q4 2023","q":27408,"r":-15167}},{"type":"Feature","geometry":{"coordinates":[106.7940068,-6.5030118],"type":"Point"},"properties":{"NAMA":"D'CELUP BOJONG SADIS CHIKEN CRISPY","TIPE_1":"MAKANAN DAN MINUMAN","TIPE_2":"RESTORAN","TIPE_3":"CEPAT SAJI","TELEPON":"0878-8325-4009","ALAMAT":"JL. RAYA BOJONG GEDE, WARINGIN JAYA, KECAMATAN BOJONGGEDE, KABUPATEN BOGOR, JAWA BARAT 16920","ID_PROV":"32","PROVINSI":"JAWA BARAT","ID_KABKOT":"32.01","KABKOT":"BOGOR","ID_KEC":"32.01.13","KECAMATAN":"BOJONG GEDE","ID_DESA":"32.01.13.2006","DESA":"WARINGINJAYA","LONGITUDE":106.7940068,"LATITUDE":-6.5030118,"STATUS":"BUKA","TANGGAL UPDATE":"27/02/2025","TANGGAL PENGUMPULAN":"Q4 2023","q":27424,"r":-15161}},{"type":"Feature","geometry":{"coordinates":[106.8227392,-6.5132504],"type":"Point"},"properties":{"NAMA":"D'BESTO - BOGOR ASRI","TIPE_1":"MAKANAN DAN MINUMAN","TIPE_2":"RESTORAN","TIPE_3":"CEPAT SAJI","TELEPON":"0881-2516-032","ALAMAT":"FRPF+P3, NANGGEWER, KEC. CIBINONG, KABUPATEN BOGOR, JAWA BARAT","ID_PROV":"32","PROVINSI":"JAWA BARAT","ID_KABKOT":"32.01","KABKOT":"BOGOR","ID_KEC":"32.01.01","KECAMATAN":"CIBINONG","ID_DESA":"32.01.01.1004","DESA":"NANGGEWER","LONGITUDE":106.8227392,"LATITUDE":-6.5132504,"STATUS":"BUKA","TANGGAL UPDATE":"27/02/2025","TANGGAL PENGUMPULAN":"Q4 2023","q":27431,"r":-15167}},{"type":"Feature","geometry":{"coordinates":[106.8625769,-6.4797335],"type":"Point"},"properties":{"NAMA":"D'BESTO - CIBINONG BOGOR","TIPE_1":"MAKANAN DAN MINUMAN","TIPE_2":"RESTORAN","TIPE_3":"CEPAT SAJI","TELEPON":"0812-9691-6509","ALAMAT":"JL. H. MOH. ASHARI NO.1, RT.1/RW.1, CIRIMEKAR, KEC. CIBINONG, KABUPATEN BOGOR, JAWA BARAT 16911","ID_PROV":"32","PROVINSI":"JAWA BARAT","ID_KABKOT":"32.01","KABKOT":"BOGOR","ID_KEC":"32.01.01","KECAMATAN":"CIBINONG","ID_DESA":"32.01.01.1011","DESA":"CIRIMEKAR","LONGITUDE":106.8625769,"LATITUDE":-6.4797335,"STATUS":"BUKA","TANGGAL UPDATE":"27/02/2025","TANGGAL PENGUMPULAN":"Q4 2023","q":27442,"r":-15165}},{"type":"Feature","geometry":{"coordinates":[106.809765,-6.5402438],"type":"Point"},"properties":{"NAMA":"D'BRO CHICKEN & BURGER - KEDUNG HALANG RAYA PEMDA","TIPE_1":"MAKANAN DAN MINUMAN","TIPE_2":"RESTORAN","TIPE_3":"CEPAT SAJI","TELEPON":"","ALAMAT":"JL. RAYA PEMDA PANGKALAN II NO.8, RT.04/RW.11, KP. PARUNG JAMBU, KEDUNGHALANG, KEC. BOGOR UTARA, KOTA BOGOR, JAWA BARAT 16158","ID_PROV":"32","PROVINSI":"JAWA BARAT","ID_KABKOT":"32.01","KABKOT":"BOGOR","ID_KEC":"32.01.04","KECAMATAN":"SUKARAJA","ID_DESA":"32.01.04.2009","DESA":"PASIR JAMBU","LONGITUDE":106.809765,"LATITUDE":-6.5402438,"STATUS":"BUKA","TANGGAL UPDATE":"27/02/2025","TANGGAL PENGUMPULAN":"Q4 2023","q":27428,"r":-15172}},{"type":"Feature","geometry":{"coordinates":[106.8169311,-6.5223047],"type":"Point"},"properties":{"NAMA":"D'BRO CHICKEN & BURGER KARADENAN","TIPE_1":"MAKANAN DAN MINUMAN","TIPE_2":"RESTORAN","TIPE_3":"CEPAT SAJI","TELEPON":"0858-9488-2738","ALAMAT":"JL. RAYA POMAD-KARADENAN NO.A14, KARADENAN, KEC. CIBINONG, KABUPATEN BOGOR, JAWA BARAT 16913","ID_PROV":"32","PROVINSI":"JAWA BARAT","ID_KABKOT":"32.01","KABKOT":"BOGOR","ID_KEC":"32.01.01","KECAMATAN":"CIBINONG","ID_DESA":"32.01.01.1002","DESA":"KARADENAN","LONGITUDE":106.8169311,"LATITUDE":-6.5223047,"STATUS":"BUKA","TANGGAL UPDATE":"27/02/2025","TANGGAL PENGUMPULAN":"Q4 2023","q":27430,"r":-15169}},{"type":"Feature","geometry":{"coordinates":[106.6685788,-6.5841671],"type":"Point"},"properties":{"NAMA":"DAPUR SERBA BISA","TIPE_1":"MAKANAN DAN MINUMAN","TIPE_2":"RESTORAN","TIPE_3":"CEPAT SAJI","TELEPON":"","ALAMAT":"CIBATOK 1, KEC. CIBUNGBULANG, KABUPATEN BOGOR, JAWA BARAT 16630","ID_PROV":"32","PROVINSI":"JAWA BARAT","ID_KABKOT":"32.01","KABKOT":"BOGOR","ID_KEC":"32.01.16","KECAMATAN":"CIBUNGBULANG","ID_DESA":"32.01.16.2004","DESA":"CIBATOK I","LONGITUDE":106.6685788,"LATITUDE":-6.5841671,"STATUS":"BUKA","TANGGAL UPDATE":"27/02/2025","TANGGAL PENGUMPULAN":"Q4 2023","q":27392,"r":-15163}},{"type":"Feature","geometry":{"coordinates":[106.84865939999999,-6.6573146],"type":"Point"},"properties":{"NAMA":"D'BESTO  CHICKEN & BURGER","TIPE_1":"MAKANAN DAN MINUMAN","TIPE_2":"RESTORAN","TIPE_3":"CEPAT SAJI","TELEPON":"","ALAMAT":"JL. RAYA PUNCAK GADOG NO.6720, BENDUNGAN, KEC. CIAWI, KABUPATEN BOGOR, JAWA BARAT 16720","ID_PROV":"32","PROVINSI":"JAWA BARAT","ID_KABKOT":"32.01","KABKOT":"BOGOR","ID_KEC":"32.01.24","KECAMATAN":"CIAWI","ID_DESA":"32.01.24.2012","DESA":"CIAWI","LONGITUDE":106.8486594,"LATITUDE":-6.6573146,"STATUS":"BUKA","TANGGAL UPDATE":"27/02/2025","TANGGAL PENGUMPULAN":"Q4 2023","q":27438,"r":-15203}},{"type":"Feature","geometry":{"coordinates":[106.6973539,-6.5544923],"type":"Point"},"properties":{"NAMA":"D'BESTO  CHICKEN & BURGER - WR BORONG","TIPE_1":"MAKANAN DAN MINUMAN","TIPE_2":"RESTORAN","TIPE_3":"CEPAT SAJI","TELEPON":"0815-7427-0388","ALAMAT":"JL. WR. BORONG NO.85, BOJONG RANGKAS, KEC. CIAMPEA, KABUPATEN BOGOR, JAWA BARAT 16620","ID_PROV":"32","PROVINSI":"JAWA BARAT","ID_KABKOT":"32.01","KABKOT":"BOGOR","ID_KEC":"32.01.15","KECAMATAN":"CIAMPEA","ID_DESA":"32.01.15.2009","DESA":"BOJONGRANGKAS","LONGITUDE":106.6973539,"LATITUDE":-6.5544923,"STATUS":"BUKA","TANGGAL UPDATE":"27/02/2025","TANGGAL PENGUMPULAN":"Q4 2023","q":27399,"r":-15160}},{"type":"Feature","geometry":{"coordinates":[106.8096815,-6.530951],"type":"Point"},"properties":{"NAMA":"RUMAH MAKAN 71","TIPE_1":"MAKANAN DAN MINUMAN","TIPE_2":"RESTORAN","TIPE_3":"RESTORAN MELAYU","TELEPON":"0895-1666-9474","ALAMAT":"JL. RAYA PEMDA NO.1010, PASIR JAMBU, KEC. SUKARAJA, KABUPATEN BOGOR, JAWA BARAT 16710","ID_PROV":"32","PROVINSI":"JAWA BARAT","ID_KABKOT":"32.01","KABKOT":"BOGOR","ID_KEC":"32.01.04","KECAMATAN":"SUKARAJA","ID_DESA":"32.01.04.2009","DESA":"PASIR JAMBU","LONGITUDE":106.8096815,"LATITUDE":-6.530951,"STATUS":"BUKA","TANGGAL UPDATE":"27/02/2025","TANGGAL PENGUMPULAN":"Q4 2023","q":27428,"r":-15170}},{"type":"Feature","geometry":{"coordinates":[106.72270470000007,-6.43980629999993],"type":"Point"},"properties":{"NAMA":"ZEPPIN RAMEN SUSHI & STEAK","TIPE_1":"MAKANAN DAN MINUMAN","TIPE_2":"RESTORAN","TIPE_3":"SUSHI","TELEPON":"0821-2283-0197","ALAMAT":"JL. MINA JL. KP. SAWAH, RT.02/RW.03, PEMAGARSARI, KEC. PARUNG, KABUPATEN BOGOR, JAWA BARAT 16330","ID_PROV":"32","PROVINSI":"JAWA BARAT","ID_KABKOT":"32.01","KABKOT":"BOGOR","ID_KEC":"32.01.10","KECAMATAN":"PARUNG","ID_DESA":"32.01.10.2006","DESA":"PAMEGARSARI","LONGITUDE":106.7227047,"LATITUDE":-6.4398063,"STATUS":"BUKA","TANGGAL UPDATE":"27/02/2025","TANGGAL PENGUMPULAN":"Q4 2023","q":27406,"r":-15138}},{"type":"Feature","geometry":{"coordinates":[106.922536,-6.654492399999981],"type":"Point"},"properties":{"NAMA":"YOSHINI RAMEN","TIPE_1":"MAKANAN DAN MINUMAN","TIPE_2":"RESTORAN","TIPE_3":"RAMEN","TELEPON":"","ALAMAT":"CILEMBER, KEC. CISARUA, KABUPATEN BOGOR, JAWA BARAT 16750","ID_PROV":"32","PROVINSI":"JAWA BARAT","ID_KABKOT":"32.01","KABKOT":"BOGOR","ID_KEC":"32.01.25","KECAMATAN":"CISARUA","ID_DESA":"32.01.25.2004","DESA":"CILEMBER","LONGITUDE":106.922536,"LATITUDE":-6.6544924,"STATUS":"BUKA","TANGGAL UPDATE":"27/02/2025","TANGGAL PENGUMPULAN":"Q4 2023","q":27457,"r":-15212}},{"type":"Feature","geometry":{"coordinates":[106.88293840000006,-6.652024799999936],"type":"Point"},"properties":{"NAMA":"RAMENYU","TIPE_1":"MAKANAN DAN MINUMAN","TIPE_2":"RESTORAN","TIPE_3":"RAMEN","TELEPON":"0895-0510-5188","ALAMAT":"SEBELAH WARUNG SATE H KADIR 5, JL. RAYA CIBOGO PUNCAK NO.49, CIPAYUNG DATAR, KEC. MEGAMENDUNG, KABUPATEN BOGOR, JAWA BARAT 16770","ID_PROV":"32","PROVINSI":"JAWA BARAT","ID_KABKOT":"32.01","KABKOT":"BOGOR","ID_KEC":"32.01.26","KECAMATAN":"MEGAMENDUNG","ID_DESA":"32.01.26.2006","DESA":"CIPAYUNG","LONGITUDE":106.8829384,"LATITUDE":-6.6520248,"STATUS":"BUKA","TANGGAL UPDATE":"27/02/2025","TANGGAL PENGUMPULAN":"Q4 2023","q":27447,"r":-15206}},{"type":"Feature","geometry":{"coordinates":[106.85425950000007,-6.662778],"type":"Point"},"properties":{"NAMA":"RAMEN GIANT CIAWI","TIPE_1":"MAKANAN DAN MINUMAN","TIPE_2":"RESTORAN","TIPE_3":"RAMEN","TELEPON":"0822-6018-0617","ALAMAT":"JL. BABAKAN NO.2A, BENDUNGAN, KEC. CIAWI, KABUPATEN BOGOR, JAWA BARAT 16720","ID_PROV":"32","PROVINSI":"JAWA BARAT","ID_KABKOT":"32.01","KABKOT":"BOGOR","ID_KEC":"32.01.24","KECAMATAN":"CIAWI","ID_DESA":"32.01.24.2008","DESA":"BENDUNGAN","LONGITUDE":106.8542595,"LATITUDE":-6.662778,"STATUS":"BUKA","TANGGAL UPDATE":"27/02/2025","TANGGAL PENGUMPULAN":"Q4 2023","q":27439,"r":-15205}},{"type":"Feature","geometry":{"coordinates":[106.88875520000005,-6.650756099999967],"type":"Point"},"properties":{"NAMA":"MEGUMI JAPANESE RESTAURANT","TIPE_1":"MAKANAN DAN MINUMAN","TIPE_2":"RESTORAN","TIPE_3":"RESTORAN JEPANG","TELEPON":"(0251) 8254247","ALAMAT":"JL. RAYA PUNCAK GADOG NO.KM 65, RW.NO 179, CIPAYUNG DATAR, KEC. MEGAMENDUNG, KABUPATEN BOGOR, JAWA BARAT 16770","ID_PROV":"32","PROVINSI":"JAWA BARAT","ID_KABKOT":"32.01","KABKOT":"BOGOR","ID_KEC":"32.01.26","KECAMATAN":"MEGAMENDUNG","ID_DESA":"32.01.26.2006","DESA":"CIPAYUNG","LONGITUDE":106.888755199999,"LATITUDE":-6.6507561,"STATUS":"BUKA","TANGGAL UPDATE":"27/02/2025","TANGGAL PENGUMPULAN":"Q4 2023","q":27448,"r":-15207}},{"type":"Feature","geometry":{"coordinates":[106.92685130000007,-6.670688799999937],"type":"Point"},"properties":{"NAMA":"MIE IYONK RAMEN PUNCAK","TIPE_1":"MAKANAN DAN MINUMAN","TIPE_2":"RESTORAN","TIPE_3":"RAMEN","TELEPON":"0858-7115-5841","ALAMAT":"KANTOR POS, LEUWIMALANG, KEC. CISARUA, KABUPATEN BOGOR, JAWA BARAT 16750","ID_PROV":"32","PROVINSI":"JAWA BARAT","ID_KABKOT":"32.01","KABKOT":"BOGOR","ID_KEC":"32.01.25","KECAMATAN":"CISARUA","ID_DESA":"32.01.25.2007","DESA":"LEUWIMALANG","LONGITUDE":106.9268513,"LATITUDE":-6.6706888,"STATUS":"BUKA","TANGGAL UPDATE":"27/02/2025","TANGGAL PENGUMPULAN":"Q4 2023","q":27458,"r":-15216}},{"type":"Feature","geometry":{"coordinates":[106.92687380000007,-6.670744299999967],"type":"Point"},"properties":{"NAMA":"RAMEN & UDON","TIPE_1":"MAKANAN DAN MINUMAN","TIPE_2":"RESTORAN","TIPE_3":"RAMEN","TELEPON":"","ALAMAT":"LEUWIMALANG, KEC. CISARUA, KABUPATEN BOGOR, JAWA BARAT 16750","ID_PROV":"32","PROVINSI":"JAWA BARAT","ID_KABKOT":"32.01","KABKOT":"BOGOR","ID_KEC":"32.01.25","KECAMATAN":"CISARUA","ID_DESA":"32.01.25.2007","DESA":"LEUWIMALANG","LONGITUDE":106.9268738,"LATITUDE":-6.6707443,"STATUS":"BUKA","TANGGAL UPDATE":"27/02/2025","TANGGAL PENGUMPULAN":"Q4 2023","q":27458,"r":-15216}},{"type":"Feature","geometry":{"coordinates":[106.92954,-6.677876799999979],"type":"Point"},"properties":{"NAMA":"WARUNG TAKOYAKI","TIPE_1":"MAKANAN DAN MINUMAN","TIPE_2":"RESTORAN","TIPE_3":"RESTORAN JEPANG","TELEPON":"","ALAMAT":"JL. RAYA PUNCAK GADOG NO.578, CITEKO, KEC. CISARUA, KABUPATEN BOGOR, JAWA BARAT 16750","ID_PROV":"32","PROVINSI":"JAWA BARAT","ID_KABKOT":"32.01","KABKOT":"BOGOR","ID_KEC":"32.01.25","KECAMATAN":"CISARUA","ID_DESA":"32.01.25.2005","DESA":"CITEKO","LONGITUDE":106.92954,"LATITUDE":-6.6778768,"STATUS":"BUKA","TANGGAL UPDATE":"27/02/2025","TANGGAL PENGUMPULAN":"Q4 2023","q":27459,"r":-15218}},{"type":"Feature","geometry":{"coordinates":[106.91409030000005,-6.659017499999948],"type":"Point"},"properties":{"NAMA":"ORENJI SUKI&BBQ","TIPE_1":"MAKANAN DAN MINUMAN","TIPE_2":"RESTORAN","TIPE_3":"RESTORAN JEPANG","TELEPON":"0896-5435-1024","ALAMAT":"LEUWIMALANG, KEC. CISARUA, KABUPATEN BOGOR, JAWA BARAT","ID_PROV":"32","PROVINSI":"JAWA BARAT","ID_KABKOT":"32.01","KABKOT":"BOGOR","ID_KEC":"32.01.25","KECAMATAN":"CISARUA","ID_DESA":"32.01.25.2008","DESA":"KOPO","LONGITUDE":106.9140903,"LATITUDE":-6.6590175,"STATUS":"BUKA","TANGGAL UPDATE":"27/02/2025","TANGGAL PENGUMPULAN":"Q4 2023","q":27455,"r":-15212}},{"type":"Feature","geometry":{"coordinates":[106.94019050000009,-6.687934299999938],"type":"Point"},"properties":{"NAMA":"TEMARI SUSHI DAN RAMEN","TIPE_1":"MAKANAN DAN MINUMAN","TIPE_2":"RESTORAN","TIPE_3":"SUSHI","TELEPON":"0813-8255-9200","ALAMAT":"CIBEUREUM, CISARUA, BOGOR REGENCY, WEST JAVA 16750","ID_PROV":"32","PROVINSI":"JAWA BARAT","ID_KABKOT":"32.01","KABKOT":"BOGOR","ID_KEC":"32.01.25","KECAMATAN":"CISARUA","ID_DESA":"32.01.25.2003","DESA":"CIBEUREUM","LONGITUDE":106.9401905,"LATITUDE":-6.6879343,"STATUS":"BUKA","TANGGAL UPDATE":"27/02/2025","TANGGAL PENGUMPULAN":"Q4 2023","q":27462,"r":-15222}},{"type":"Feature","geometry":{"coordinates":[106.86500810000007,-6.65373649999998],"type":"Point"},"properties":{"NAMA":"MARU ICHI","TIPE_1":"MAKANAN DAN MINUMAN","TIPE_2":"RESTORAN","TIPE_3":"RESTORAN JEPANG","TELEPON":"0856-7895-668","ALAMAT":"JL. RAYA PUNCAK - CIANJUR NO.57, PANDANSARI, KEC. CIAWI, KABUPATEN BOGOR, JAWA BARAT 16770","ID_PROV":"32","PROVINSI":"JAWA BARAT","ID_KABKOT":"32.01","KABKOT":"BOGOR","ID_KEC":"32.01.24","KECAMATAN":"CIAWI","ID_DESA":"32.01.24.2009","DESA":"PANDAN SARI","LONGITUDE":106.8650081,"LATITUDE":-6.6537365,"STATUS":"BUKA","TANGGAL UPDATE":"27/02/2025","TANGGAL PENGUMPULAN":"Q4 2023","q":27442,"r":-15204}},{"type":"Feature","geometry":{"coordinates":[106.88200940000007,-6.584118799999942],"type":"Point"},"properties":{"NAMA":"DAKIBA","TIPE_1":"MAKANAN DAN MINUMAN","TIPE_2":"RESTORAN","TIPE_3":"RESTORAN KOREA","TELEPON":"","ALAMAT":"JALAN SILIWANGI NO. 1, KOMPLEKS TAMAN BUDAYA (SEBELAH EAST ARROW), SENTUL CITY SENTUL CITY, SUMUR BATU, KEC. BABAKAN MADANG, KABUPATEN BOGOR, JAWA BARAT 16810","ID_PROV":"32","PROVINSI":"JAWA BARAT","ID_KABKOT":"32.01","KABKOT":"BOGOR","ID_KEC":"32.01.05","KECAMATAN":"BABAKAN MADANG","ID_DESA":"32.01.05.2002","DESA":"SUMURBATU","LONGITUDE":106.8820094,"LATITUDE":-6.5841188,"STATUS":"BUKA","TANGGAL UPDATE":"27/02/2025","TANGGAL PENGUMPULAN":"Q4 2023","q":27447,"r":-15191}},{"type":"Feature","geometry":{"coordinates":[106.84230960000008,-6.484084899999971],"type":"Point"},"properties":{"NAMA":"BULTTEOK KOREAN STREET FOOD","TIPE_1":"MAKANAN DAN MINUMAN","TIPE_2":"RESTORAN","TIPE_3":"RESTORAN KOREA","TELEPON":"","ALAMAT":"JL. TEGAR BERIMAN NO.1, PAKANSARI, KEC. CIBINONG, KABUPATEN BOGOR, JAWA BARAT 16915","ID_PROV":"32","PROVINSI":"JAWA BARAT","ID_KABKOT":"32.01","KABKOT":"BOGOR","ID_KEC":"32.01.01","KECAMATAN":"CIBINONG","ID_DESA":"32.01.01.1007","DESA":"PAKANSARI","LONGITUDE":106.8423096,"LATITUDE":-6.4840849,"STATUS":"BUKA","TANGGAL UPDATE":"27/02/2025","TANGGAL PENGUMPULAN":"Q4 2023","q":27436,"r":-15163}},{"type":"Feature","geometry":{"coordinates":[106.82454520000005,-6.462967899999967],"type":"Point"},"properties":{"NAMA":"BABANG CORNDOG PONDOK RAJEG","TIPE_1":"MAKANAN DAN MINUMAN","TIPE_2":"RESTORAN","TIPE_3":"RESTORAN KOREA","TELEPON":"","ALAMAT":"JL. RAYA PONDOK RAJEG, JATIMULYA, KEC. CIBINONG, KABUPATEN BOGOR, JAWA BARAT 16413","ID_PROV":"32","PROVINSI":"JAWA BARAT","ID_KABKOT":"32.01","KABKOT":"BOGOR","ID_KEC":"32.01.01","KECAMATAN":"CIBINONG","ID_DESA":"32.01.01.1001","DESA":"PONDOK RAJEG","LONGITUDE":106.824545199999,"LATITUDE":-6.4629679,"STATUS":"BUKA","TANGGAL UPDATE":"27/02/2025","TANGGAL PENGUMPULAN":"Q4 2023","q":27432,"r":-15156}},{"type":"Feature","geometry":{"coordinates":[106.85368780000005,-6.531912299999931],"type":"Point"},"properties":{"NAMA":"BICHAENA RESTAURANT","TIPE_1":"MAKANAN DAN MINUMAN","TIPE_2":"RESTORAN","TIPE_3":"RESTORAN KOREA","TELEPON":"(021) 87953881","ALAMAT":"JL. RAYA SIRKUIT SENTUL, SENTUL, KEC. BABAKAN MADANG, KABUPATEN BOGOR, JAWA BARAT 16810","ID_PROV":"32","PROVINSI":"JAWA BARAT","ID_KABKOT":"32.01","KABKOT":"BOGOR","ID_KEC":"32.01.05","KECAMATAN":"BABAKAN MADANG","ID_DESA":"32.01.05.2003","DESA":"SENTUL","LONGITUDE":106.853687799999,"LATITUDE":-6.5319123,"STATUS":"BUKA","TANGGAL UPDATE":"27/02/2025","TANGGAL PENGUMPULAN":"Q4 2023","q":27439,"r":-15175}},{"type":"Feature","geometry":{"coordinates":[106.85731930000009,-6.56712959999993],"type":"Point"},"properties":{"NAMA":"CUPBOP AEON SENTUL","TIPE_1":"MAKANAN DAN MINUMAN","TIPE_2":"RESTORAN","TIPE_3":"RESTORAN KOREA","TELEPON":"","ALAMAT":"JL. MH. THAMRIN, KEC. BABAKAN MADANG, BOGOR, JAWA BARAT 16810 G-21A, KABUPATEN BOGOR, JAWA BARAT 16810","ID_PROV":"32","PROVINSI":"JAWA BARAT","ID_KABKOT":"32.01","KABKOT":"BOGOR","ID_KEC":"32.01.05","KECAMATAN":"BABAKAN MADANG","ID_DESA":"32.01.05.2007","DESA":"CITARINGGUL","LONGITUDE":106.8573193,"LATITUDE":-6.5671296,"STATUS":"BUKA","TANGGAL UPDATE":"27/02/2025","TANGGAL PENGUMPULAN":"Q4 2023","q":27440,"r":-15184}},{"type":"Feature","geometry":{"coordinates":[106.88544860000007,-6.488318399999969],"type":"Point"},"properties":{"NAMA":"CHABA KOREAN FOOD - ODENG CITEUREUP","TIPE_1":"MAKANAN DAN MINUMAN","TIPE_2":"RESTORAN","TIPE_3":"RESTORAN KOREA","TELEPON":"0838-1038-763","ALAMAT":"JALAN RAYA SABILILLAH, CITEUREUP, KEC. CITEUREUP, KABUPATEN BOGOR, JAWA BARAT 16810","ID_PROV":"32","PROVINSI":"JAWA BARAT","ID_KABKOT":"32.01","KABKOT":"BOGOR","ID_KEC":"32.01.03","KECAMATAN":"CITEUREUP","ID_DESA":"32.01.03.2002","DESA":"CITEUREUP","LONGITUDE":106.885448599999,"LATITUDE":-6.4883184,"STATUS":"BUKA","TANGGAL UPDATE":"27/02/2025","TANGGAL PENGUMPULAN":"Q4 2023","q":27448,"r":-15170}},{"type":"Feature","geometry":{"coordinates":[106.70055850000006,-6.359349299999963],"type":"Point"},"properties":{"NAMA":"SAJI RAMEN RESTO","TIPE_1":"MAKANAN DAN MINUMAN","TIPE_2":"RESTORAN","TIPE_3":"RAMEN","TELEPON":"0857-7409-2935","ALAMAT":"JL. BINTANG TERANG, BAKTI JAYA, KEC. SETU, KOTA TANGERANG SELATAN, BANTEN 15315","ID_PROV":"32","PROVINSI":"JAWA BARAT","ID_KABKOT":"32.01","KABKOT":"BOGOR","ID_KEC":"32.01.11","KECAMATAN":"GUNUNG SINDUR","ID_DESA":"32.01.11.2003","DESA":"PENGASINAN","LONGITUDE":106.7005585,"LATITUDE":-6.3593493,"STATUS":"BUKA","TANGGAL UPDATE":"27/02/2025","TANGGAL PENGUMPULAN":"Q4 2023","q":27400,"r":-15117}},{"type":"Feature","geometry":{"coordinates":[106.79946030000008,-6.752845699999966],"type":"Point"},"properties":{"NAMA":"ARIRANG","TIPE_1":"MAKANAN DAN MINUMAN","TIPE_2":"RESTORAN","TIPE_3":"RESTORAN KOREA","TELEPON":"0857-9493-5777","ALAMAT":"JL. PANGRANGO III, WATESJAYA, KEC. CIGOMBONG, KABUPATEN BOGOR, JAWA BARAT 16110","ID_PROV":"32","PROVINSI":"JAWA BARAT","ID_KABKOT":"32.01","KABKOT":"BOGOR","ID_KEC":"32.01.38","KECAMATAN":"CIGOMBONG","ID_DESA":"32.01.38.2001","DESA":"CIGOMBONG","LONGITUDE":106.799460299999,"LATITUDE":-6.7528457,"STATUS":"BUKA","TANGGAL UPDATE":"27/02/2025","TANGGAL PENGUMPULAN":"Q4 2023","q":27425,"r":-15218}},{"type":"Feature","geometry":{"coordinates":[106.80442490000007,-6.490561099999979],"type":"Point"},"properties":{"NAMA":"AHSANDONG HALAL TTEOKBOKKI","TIPE_1":"MAKANAN DAN MINUMAN","TIPE_2":"RESTORAN","TIPE_3":"RESTORAN KOREA","TELEPON":"0821-3909-5095","ALAMAT":"JALAN MERAPI 4 G15 NO. 9 PERUMAHAN BOJONG DEPOK BARU 1, BOJONGGEDE, KECAMATAN BOJONGGEDE, KABUPATEN BOGOR, JAWA BARAT 16922","ID_PROV":"32","PROVINSI":"JAWA BARAT","ID_KABKOT":"32.01","KABKOT":"BOGOR","ID_KEC":"32.01.13","KECAMATAN":"BOJONG GEDE","ID_DESA":"32.01.13.2009","DESA":"BOJONGGEDE","LONGITUDE":106.8044249,"LATITUDE":-6.4905611,"STATUS":"BUKA","TANGGAL UPDATE":"27/02/2025","TANGGAL PENGUMPULAN":"Q4 2023","q":27427,"r":-15160}},{"type":"Feature","geometry":{"coordinates":[106.80559250000005,-6.489069799999925],"type":"Point"},"properties":{"NAMA":"A KITCHEN IDN","TIPE_1":"MAKANAN DAN MINUMAN","TIPE_2":"RESTORAN","TIPE_3":"RESTORAN KOREA","TELEPON":"0838-9790-6454","ALAMAT":"JL. BROMO RAYA BLK. HP NO.4, KP. PARUNG JAMBU, BOJONGGEDE, KECAMATAN BOJONGGEDE, KABUPATEN BOGOR, JAWA BARAT 16922","ID_PROV":"32","PROVINSI":"JAWA BARAT","ID_KABKOT":"32.01","KABKOT":"BOGOR","ID_KEC":"32.01.13","KECAMATAN":"BOJONG GEDE","ID_DESA":"32.01.13.2009","DESA":"BOJONGGEDE","LONGITUDE":106.805592499999,"LATITUDE":-6.4890698,"STATUS":"BUKA","TANGGAL UPDATE":"27/02/2025","TANGGAL PENGUMPULAN":"Q4 2023","q":27427,"r":-15160}},{"type":"Feature","geometry":{"coordinates":[106.84231230000006,-6.484200199999975],"type":"Point"},"properties":{"NAMA":"MAGAL KOREAN BBQ CIBINONG CITY MALL","TIPE_1":"MAKANAN DAN MINUMAN","TIPE_2":"RESTORAN","TIPE_3":"RESTORAN KOREA","TELEPON":"0858-0378-6888","ALAMAT":"UGF B14, CIBINONG CITY MALL, JL. TEGAR BERIMAN NO.1, PAKANSARI, KEC. CIBINONG, KABUPATEN BOGOR, JAWA BARAT 16915","ID_PROV":"32","PROVINSI":"JAWA BARAT","ID_KABKOT":"32.01","KABKOT":"BOGOR","ID_KEC":"32.01.01","KECAMATAN":"CIBINONG","ID_DESA":"32.01.01.1007","DESA":"PAKANSARI","LONGITUDE":106.842312299999,"LATITUDE":-6.4842002,"STATUS":"BUKA","TANGGAL UPDATE":"27/02/2025","TANGGAL PENGUMPULAN":"Q4 2023","q":27436,"r":-15163}},{"type":"Feature","geometry":{"coordinates":[106.805187,-6.463669699999969],"type":"Point"},"properties":{"NAMA":"KOREAN SATAYID","TIPE_1":"MAKANAN DAN MINUMAN","TIPE_2":"RESTORAN","TIPE_3":"RESTORAN KOREA","TELEPON":"","ALAMAT":"RW. PANJANG, KECAMATAN BOJONGGEDE, KABUPATEN BOGOR, JAWA BARAT 16920","ID_PROV":"32","PROVINSI":"JAWA BARAT","ID_KABKOT":"32.01","KABKOT":"BOGOR","ID_KEC":"32.01.13","KECAMATAN":"BOJONG GEDE","ID_DESA":"32.01.13.2008","DESA":"RAWAPANJANG","LONGITUDE":106.805186999999,"LATITUDE":-6.4636697,"STATUS":"BUKA","TANGGAL UPDATE":"27/02/2025","TANGGAL PENGUMPULAN":"Q4 2023","q":27427,"r":-15154}},{"type":"Feature","geometry":{"coordinates":[106.97265230000005,-6.397763599999962],"type":"Point"},"properties":{"NAMA":"KOREAN FOOD METLAND TRANSYOGI","TIPE_1":"MAKANAN DAN MINUMAN","TIPE_2":"RESTORAN","TIPE_3":"RESTORAN KOREA","TELEPON":"0838-7210-3868","ALAMAT":"METLAND TRANSYOGI, CILEUNGSI, KEC. CILEUNGSI, KABUPATEN BOGOR, JAWA BARAT 16820","ID_PROV":"32","PROVINSI":"JAWA BARAT","ID_KABKOT":"32.01","KABKOT":"BOGOR","ID_KEC":"32.01.07","KECAMATAN":"CILEUNGSI","ID_DESA":"32.01.07.2011","DESA":"LIMUSNUNGGAL","LONGITUDE":106.9726523,"LATITUDE":-6.3977636,"STATUS":"BUKA","TANGGAL UPDATE":"27/02/2025","TANGGAL PENGUMPULAN":"Q4 2023","q":27470,"r":-15161}},{"type":"Feature","geometry":{"coordinates":[106.85826130000004,-6.567459499999927],"type":"Point"},"properties":{"NAMA":"KINI KOREAN BISTRO","TIPE_1":"MAKANAN DAN MINUMAN","TIPE_2":"RESTORAN","TIPE_3":"RESTORAN KOREA","TELEPON":"","ALAMAT":"CITARINGGUL, KEC. BABAKAN MADANG, KABUPATEN BOGOR, JAWA BARAT 16810","ID_PROV":"32","PROVINSI":"JAWA BARAT","ID_KABKOT":"32.01","KABKOT":"BOGOR","ID_KEC":"32.01.05","KECAMATAN":"BABAKAN MADANG","ID_DESA":"32.01.05.2007","DESA":"CITARINGGUL","LONGITUDE":106.8582613,"LATITUDE":-6.5674595,"STATUS":"BUKA","TANGGAL UPDATE":"27/02/2025","TANGGAL PENGUMPULAN":"Q4 2023","q":27441,"r":-15184}},{"type":"Feature","geometry":{"coordinates":[106.84263410000005,-6.48427879999997],"type":"Point"},"properties":{"NAMA":"KINI KOREAN BISTRO - CIBINONG CITY MALL","TIPE_1":"MAKANAN DAN MINUMAN","TIPE_2":"RESTORAN","TIPE_3":"RESTORAN KOREA","TELEPON":"0821-1512-0644","ALAMAT":"16915 JAWA BARAT, KABUPATEN BOGOR, KEC. CIBINONG, PAKANSARI, ","ID_PROV":"32","PROVINSI":"JAWA BARAT","ID_KABKOT":"32.01","KABKOT":"BOGOR","ID_KEC":"32.01.01","KECAMATAN":"CIBINONG","ID_DESA":"32.01.01.1007","DESA":"PAKANSARI","LONGITUDE":106.8426341,"LATITUDE":-6.4842788,"STATUS":"BUKA","TANGGAL UPDATE":"27/02/2025","TANGGAL PENGUMPULAN":"Q4 2023","q":27437,"r":-15163}},{"type":"Feature","geometry":{"coordinates":[106.87101360000008,-6.582844299999977],"type":"Point"},"properties":{"NAMA":"MANGGANG GRILLED BEEF BOWL - AEON SENTUL","TIPE_1":"MAKANAN DAN MINUMAN","TIPE_2":"RESTORAN","TIPE_3":"RESTORAN KOREA","TELEPON":"","ALAMAT":"CIJAYANTI, BABAKAN MADANG, BOGOR REGENCY, WEST JAVA","ID_PROV":"32","PROVINSI":"JAWA BARAT","ID_KABKOT":"32.01","KABKOT":"BOGOR","ID_KEC":"32.01.05","KECAMATAN":"BABAKAN MADANG","ID_DESA":"32.01.05.2001","DESA":"CIJAYANTI","LONGITUDE":106.8710136,"LATITUDE":-6.5828443,"STATUS":"BUKA","TANGGAL UPDATE":"27/02/2025","TANGGAL PENGUMPULAN":"Q4 2023","q":27444,"r":-15189}},{"type":"Feature","geometry":{"coordinates":[106.76930250000004,-6.505804599999976],"type":"Point"},"properties":{"NAMA":"KOREAN STREET FOOD","TIPE_1":"MAKANAN DAN MINUMAN","TIPE_2":"RESTORAN","TIPE_3":"RESTORAN KOREA","TELEPON":"0812-8007-1939","ALAMAT":"PERUM BILLABONG, TAMAN PINUS, CIMANGGIS, KECAMATAN BOJONGGEDE, KABUPATEN BOGOR, JAWA BARAT 16920","ID_PROV":"32","PROVINSI":"JAWA BARAT","ID_KABKOT":"32.01","KABKOT":"BOGOR","ID_KEC":"32.01.13","KECAMATAN":"BOJONG GEDE","ID_DESA":"32.01.13.2002","DESA":"CIMANGGIS","LONGITUDE":106.7693025,"LATITUDE":-6.5058046,"STATUS":"BUKA","TANGGAL UPDATE":"27/02/2025","TANGGAL PENGUMPULAN":"Q4 2023","q":27418,"r":-15159}},{"type":"Feature","geometry":{"coordinates":[106.80056960000007,-6.530563899999947],"type":"Point"},"properties":{"NAMA":"KSF LISEUWAN","TIPE_1":"MAKANAN DAN MINUMAN","TIPE_2":"RESTORAN","TIPE_3":"RESTORAN KOREA","TELEPON":"0878-8824-4704","ALAMAT":"JL. RAYA CILEBUT NO.1, CILEBUT TIM., KEC. SUKARAJA, KABUPATEN BOGOR, JAWA BARAT 16710","ID_PROV":"32","PROVINSI":"JAWA BARAT","ID_KABKOT":"32.01","KABKOT":"BOGOR","ID_KEC":"32.01.04","KECAMATAN":"SUKARAJA","ID_DESA":"32.01.04.2002","DESA":"CILEBUT TIMUR","LONGITUDE":106.800569599999,"LATITUDE":-6.5305639,"STATUS":"BUKA","TANGGAL UPDATE":"27/02/2025","TANGGAL PENGUMPULAN":"Q4 2023","q":27426,"r":-15168}},{"type":"Feature","geometry":{"coordinates":[106.77721580000008,-6.444840699999929],"type":"Point"},"properties":{"NAMA":"KOREAN STREET FOOD DAPUR OLIVE","TIPE_1":"MAKANAN DAN MINUMAN","TIPE_2":"RESTORAN","TIPE_3":"RESTORAN KOREA","TELEPON":"0812-9607-8057","ALAMAT":"JL. PARUNG RAGA JAYA, RAGAJAYA, KECAMATAN BOJONGGEDE, KABUPATEN BOGOR, JAWA BARAT 16920","ID_PROV":"32","PROVINSI":"JAWA BARAT","ID_KABKOT":"32.01","KABKOT":"BOGOR","ID_KEC":"32.01.13","KECAMATAN":"BOJONG GEDE","ID_DESA":"32.01.13.2004","DESA":"RAGAJAYA","LONGITUDE":106.7772158,"LATITUDE":-6.4448407,"STATUS":"BUKA","TANGGAL UPDATE":"27/02/2025","TANGGAL PENGUMPULAN":"Q4 2023","q":27420,"r":-15146}},{"type":"Feature","geometry":{"coordinates":[106.86408070000004,-6.565096],"type":"Point"},"properties":{"NAMA":"KOREAN STREET FOOD (KEPEDESANBGR)","TIPE_1":"MAKANAN DAN MINUMAN","TIPE_2":"RESTORAN","TIPE_3":"RESTORAN KOREA","TELEPON":"0819-3386-5748","ALAMAT":"JALAN RAYA, BABAKAN MADANG, KEC. BABAKAN MADANG, KABUPATEN BOGOR, JAWA BARAT 16810","ID_PROV":"32","PROVINSI":"JAWA BARAT","ID_KABKOT":"32.01","KABKOT":"BOGOR","ID_KEC":"32.01.05","KECAMATAN":"BABAKAN MADANG","ID_DESA":"32.01.05.2008","DESA":"BABAKAN MADANG","LONGITUDE":106.864080699999,"LATITUDE":-6.565096,"STATUS":"BUKA","TANGGAL UPDATE":"27/02/2025","TANGGAL PENGUMPULAN":"Q4 2023","q":27442,"r":-15184}},{"type":"Feature","geometry":{"coordinates":[106.985016,-6.393125899999973],"type":"Point"},"properties":{"NAMA":"KOREAN STREET FOOD ( TTEOKBOKKI)","TIPE_1":"MAKANAN DAN MINUMAN","TIPE_2":"RESTORAN","TIPE_3":"RESTORAN KOREA","TELEPON":"","ALAMAT":"JL. MANDOR SENAN, RT.003/RW.002, CIPENJO, KEC. CILEUNGSI, KABUPATEN BOGOR, JAWA BARAT 16820","ID_PROV":"32","PROVINSI":"JAWA BARAT","ID_KABKOT":"32.01","KABKOT":"BOGOR","ID_KEC":"32.01.07","KECAMATAN":"CILEUNGSI","ID_DESA":"32.01.07.2010","DESA":"CIPENJO","LONGITUDE":106.985016,"LATITUDE":-6.3931259,"STATUS":"BUKA","TANGGAL UPDATE":"27/02/2025","TANGGAL PENGUMPULAN":"Q4 2023","q":27473,"r":-15161}},{"type":"Feature","geometry":{"coordinates":[106.75820290000007,-6.494114499999966],"type":"Point"},"properties":{"NAMA":"KEDAI DZASY KOREAN STREET FOOD","TIPE_1":"MAKANAN DAN MINUMAN","TIPE_2":"RESTORAN","TIPE_3":"RESTORAN KOREA","TELEPON":"0858-8138-5300","ALAMAT":"PONCOL, JL.BARU KEMANG TONJONG, RT.01/RW.01, GG.SADAR, KABUPATEN BOGOR, JAWA BARAT 16310","ID_PROV":"32","PROVINSI":"JAWA BARAT","ID_KABKOT":"32.01","KABKOT":"BOGOR","ID_KEC":"32.01.12","KECAMATAN":"KEMANG","ID_DESA":"32.01.12.2008","DESA":"PONDOK UDIK","LONGITUDE":106.7582029,"LATITUDE":-6.4941145,"STATUS":"BUKA","TANGGAL UPDATE":"27/02/2025","TANGGAL PENGUMPULAN":"Q4 2023","q":27415,"r":-15155}},{"type":"Feature","geometry":{"coordinates":[106.760691,-6.588794099999973],"type":"Point"},"properties":{"NAMA":"JINJIB KOREAN STREET FOOD","TIPE_1":"MAKANAN DAN MINUMAN","TIPE_2":"RESTORAN","TIPE_3":"RESTORAN KOREA","TELEPON":"","ALAMAT":"TAMAN PAGELARAN JL. MAWAR 2 BLOK G6 NO5 RT03 RW08 BOGOR (KABUPATEN, PADASUKA, KEC. CIOMAS, KABUPATEN BOGOR, JAWA BARAT 16610","ID_PROV":"32","PROVINSI":"JAWA BARAT","ID_KABKOT":"32.01","KABKOT":"BOGOR","ID_KEC":"32.01.29","KECAMATAN":"CIOMAS","ID_DESA":"32.01.29.1003","DESA":"PADASUKA","LONGITUDE":106.760691,"LATITUDE":-6.5887941,"STATUS":"BUKA","TANGGAL UPDATE":"27/02/2025","TANGGAL PENGUMPULAN":"Q4 2023","q":27415,"r":-15176}},{"type":"Feature","geometry":{"coordinates":[106.72276990000006,-6.428642199999956],"type":"Point"},"properties":{"NAMA":"KIM'S TOPOKKI KOREAN STREET FOOD","TIPE_1":"MAKANAN DAN MINUMAN","TIPE_2":"RESTORAN","TIPE_3":"RESTORAN KOREA","TELEPON":"","ALAMAT":"JL. H. MAWI GG. PERMAI, KP. JATI, PARUNG, KEC. PARUNG, KABUPATEN BOGOR, JAWA BARAT 16330","ID_PROV":"32","PROVINSI":"JAWA BARAT","ID_KABKOT":"32.01","KABKOT":"BOGOR","ID_KEC":"32.01.10","KECAMATAN":"PARUNG","ID_DESA":"32.01.10.2001","DESA":"PARUNG","LONGITUDE":106.722769899999,"LATITUDE":-6.4286422,"STATUS":"BUKA","TANGGAL UPDATE":"27/02/2025","TANGGAL PENGUMPULAN":"Q4 2023","q":27406,"r":-15136}},{"type":"Feature","geometry":{"coordinates":[106.84399610000008,-6.475874699999963],"type":"Point"},"properties":{"NAMA":"KIMS TOPOKKI CIKARET","TIPE_1":"MAKANAN DAN MINUMAN","TIPE_2":"RESTORAN","TIPE_3":"RESTORAN KOREA","TELEPON":"","ALAMAT":"JL. RAYA CIKARET, PABUARAN, KEC. CIBINONG, KABUPATEN BOGOR, JAWA BARAT 16915","ID_PROV":"32","PROVINSI":"JAWA BARAT","ID_KABKOT":"32.01","KABKOT":"BOGOR","ID_KEC":"32.01.01","KECAMATAN":"CIBINONG","ID_DESA":"32.01.01.1007","DESA":"PAKANSARI","LONGITUDE":106.8439961,"LATITUDE":-6.4758747,"STATUS":"BUKA","TANGGAL UPDATE":"27/02/2025","TANGGAL PENGUMPULAN":"Q4 2023","q":27437,"r":-15162}},{"type":"Feature","geometry":{"coordinates":[106.86108740000009,-6.469890499999963],"type":"Point"},"properties":{"NAMA":"KIM'S TOPOKKI CIBINONG","TIPE_1":"MAKANAN DAN MINUMAN","TIPE_2":"RESTORAN","TIPE_3":"RESTORAN KOREA","TELEPON":"0896-3701-57575","ALAMAT":"JL. RAYA MAYOR OKING JAYA ATMAJA NO.69, CIRIUNG, KEC. CIBINONG, KABUPATEN BOGOR, JAWA BARAT 16917","ID_PROV":"32","PROVINSI":"JAWA BARAT","ID_KABKOT":"32.01","KABKOT":"BOGOR","ID_KEC":"32.01.01","KECAMATAN":"CIBINONG","ID_DESA":"32.01.01.1010","DESA":"CIRIUNG","LONGITUDE":106.861087399999,"LATITUDE":-6.4698905,"STATUS":"BUKA","TANGGAL UPDATE":"27/02/2025","TANGGAL PENGUMPULAN":"Q4 2023","q":27441,"r":-15163}},{"type":"Feature","geometry":{"coordinates":[106.83303580000006,-6.499986099999944],"type":"Point"},"properties":{"NAMA":"KIM BO-IM KOREAN STREET FOOD PAKANSARI","TIPE_1":"MAKANAN DAN MINUMAN","TIPE_2":"RESTORAN","TIPE_3":"RESTORAN KOREA","TELEPON":"0838-9699-5911","ALAMAT":"JL. GOR PAKANSARI, NANGGEWER MEKAR, KEC. CIBINONG, KABUPATEN BOGOR, JAWA BARAT 16912","ID_PROV":"32","PROVINSI":"JAWA BARAT","ID_KABKOT":"32.01","KABKOT":"BOGOR","ID_KEC":"32.01.01","KECAMATAN":"CIBINONG","ID_DESA":"32.01.01.1005","DESA":"NANGGEWER MEKAR","LONGITUDE":106.833035799999,"LATITUDE":-6.4999861,"STATUS":"BUKA","TANGGAL UPDATE":"27/02/2025","TANGGAL PENGUMPULAN":"Q4 2023","q":27434,"r":-15166}},{"type":"Feature","geometry":{"coordinates":[106.74966170000005,-6.572736],"type":"Point"},"properties":{"NAMA":"KIM BO-IM KOREAN STREET FOOD DRAMAGA","TIPE_1":"MAKANAN DAN MINUMAN","TIPE_2":"RESTORAN","TIPE_3":"RESTORAN KOREA","TELEPON":"0812-8718-2587","ALAMAT":"JL. RAYA DRAMAGA NO.6, RT.02/RW.01, CIHERANG, KEC. DRAMAGA, KOTA BOGOR, JAWA BARAT 16116","ID_PROV":"32","PROVINSI":"JAWA BARAT","ID_KABKOT":"32.01","KABKOT":"BOGOR","ID_KEC":"32.01.30","KECAMATAN":"DRAMAGA","ID_DESA":"32.01.30.2002","DESA":"CIHERANG","LONGITUDE":106.749661699999,"LATITUDE":-6.572736,"STATUS":"BUKA","TANGGAL UPDATE":"27/02/2025","TANGGAL PENGUMPULAN":"Q4 2023","q":27413,"r":-15171}},{"type":"Feature","geometry":{"coordinates":[106.81706660000003,-6.485991099999978],"type":"Point"},"properties":{"NAMA":"KENYANG HASEYO","TIPE_1":"MAKANAN DAN MINUMAN","TIPE_2":"RESTORAN","TIPE_3":"RESTORAN KOREA","TELEPON":"","ALAMAT":"JL. RAYA SUKAHATI, SUKAHATI, KEC. CIBINONG, KABUPATEN BOGOR, JAWA BARAT 16913","ID_PROV":"32","PROVINSI":"JAWA BARAT","ID_KABKOT":"32.01","KABKOT":"BOGOR","ID_KEC":"32.01.01","KECAMATAN":"CIBINONG","ID_DESA":"32.01.01.1009","DESA":"SUKAHATI","LONGITUDE":106.817066599999,"LATITUDE":-6.4859911,"STATUS":"BUKA","TANGGAL UPDATE":"27/02/2025","TANGGAL PENGUMPULAN":"Q4 2023","q":27430,"r":-15160}},{"type":"Feature","geometry":{"coordinates":[106.75684410000008,-6.512372899999946],"type":"Point"},"properties":{"NAMA":"KEDAI NERS JAJANANALAKOREA","TIPE_1":"MAKANAN DAN MINUMAN","TIPE_2":"RESTORAN","TIPE_3":"RESTORAN KOREA","TELEPON":"0819-2911-6360","ALAMAT":"JL. KEMANG DESA NO.59, KEMANG, KEC. KEMANG, KABUPATEN BOGOR, JAWA BARAT 16310","ID_PROV":"32","PROVINSI":"JAWA BARAT","ID_KABKOT":"32.01","KABKOT":"BOGOR","ID_KEC":"32.01.12","KECAMATAN":"KEMANG","ID_DESA":"32.01.12.2003","DESA":"KEMANG","LONGITUDE":106.7568441,"LATITUDE":-6.5123729,"STATUS":"BUKA","TANGGAL UPDATE":"27/02/2025","TANGGAL PENGUMPULAN":"Q4 2023","q":27414,"r":-15159}},{"type":"Feature","geometry":{"coordinates":[106.969606,-6.367136499999958],"type":"Point"},"properties":{"NAMA":"HANBOK","TIPE_1":"MAKANAN DAN MINUMAN","TIPE_2":"RESTORAN","TIPE_3":"RESTORAN KOREA","TELEPON":"0812-9747-1938","ALAMAT":"RUKO COMMPARK, JL. CANADIAN BROADWAY KOTA WISATA CIBUBUR NO.26, LIMUS NUNGGAL, KEC. CILEUNGSI, KABUPATEN BOGOR, JAWA BARAT 16820","ID_PROV":"32","PROVINSI":"JAWA BARAT","ID_KABKOT":"32.01","KABKOT":"BOGOR","ID_KEC":"32.01.07","KECAMATAN":"CILEUNGSI","ID_DESA":"32.01.07.2011","DESA":"LIMUSNUNGGAL","LONGITUDE":106.969606,"LATITUDE":-6.3671365,"STATUS":"BUKA","TANGGAL UPDATE":"27/02/2025","TANGGAL PENGUMPULAN":"Q4 2023","q":27469,"r":-15153}},{"type":"Feature","geometry":{"coordinates":[106.857671,-6.569045],"type":"Point"},"properties":{"NAMA":"HANDANJI & PONDOK ASAP","TIPE_1":"MAKANAN DAN MINUMAN","TIPE_2":"RESTORAN","TIPE_3":"RESTORAN KOREA","TELEPON":"(021) 87962518","ALAMAT":"PLAZA AMSTERDAM BLOK CD ANCHOR TENANT AT B, JALAN MH THAMRIN, CITARINGGUL, BABAKAN MADANG, CITARINGGUL, KEC. BABAKAN MADANG, KABUPATEN BOGOR, JAWA BARAT 16810","ID_PROV":"32","PROVINSI":"JAWA BARAT","ID_KABKOT":"32.01","KABKOT":"BOGOR","ID_KEC":"32.01.05","KECAMATAN":"BABAKAN MADANG","ID_DESA":"32.01.05.2007","DESA":"CITARINGGUL","LONGITUDE":106.857671,"LATITUDE":-6.569045,"STATUS":"BUKA","TANGGAL UPDATE":"27/02/2025","TANGGAL PENGUMPULAN":"Q4 2023","q":27440,"r":-15184}},{"type":"Feature","geometry":{"coordinates":[106.83108780000003,-6.469406399999968],"type":"Point"},"properties":{"NAMA":"GUUNGOGI KOREAN BBQ","TIPE_1":"MAKANAN DAN MINUMAN","TIPE_2":"RESTORAN","TIPE_3":"RESTORAN KOREA","TELEPON":"0812-8978-0594","ALAMAT":"JL. RAYA PONDOK RAJEG, RT.004/RW.005, KELURAHANTENGAH, KEC. CIBINONG, KABUPATEN BOGOR, JAWA BARAT 16914","ID_PROV":"32","PROVINSI":"JAWA BARAT","ID_KABKOT":"32.01","KABKOT":"BOGOR","ID_KEC":"32.01.01","KECAMATAN":"CIBINONG","ID_DESA":"32.01.01.1008","DESA":"TENGAH","LONGITUDE":106.831087799999,"LATITUDE":-6.4694064,"STATUS":"BUKA","TANGGAL UPDATE":"27/02/2025","TANGGAL PENGUMPULAN":"Q4 2023","q":27434,"r":-15159}},{"type":"Feature","geometry":{"coordinates":[106.74036320000005,-6.452122699999961],"type":"Point"},"properties":{"NAMA":"J TTEOKBOKKI TAJURHALANG","TIPE_1":"MAKANAN DAN MINUMAN","TIPE_2":"RESTORAN","TIPE_3":"RESTORAN KOREA","TELEPON":"0815-2579-9005","ALAMAT":"KOMP. DE PARIS RESIDENCE, JL. DAUN AKASIA VI NO.14, KALISUREN, KEC. TAJUR HALANG, KABUPATEN BOGOR, JAWA BARAT 16320","ID_PROV":"32","PROVINSI":"JAWA BARAT","ID_KABKOT":"32.01","KABKOT":"BOGOR","ID_KEC":"32.01.37","KECAMATAN":"TAJURHALANG","ID_DESA":"32.01.37.2007","DESA":"KALISUREN","LONGITUDE":106.740363199999,"LATITUDE":-6.4521227,"STATUS":"BUKA","TANGGAL UPDATE":"27/02/2025","TANGGAL PENGUMPULAN":"Q4 2023","q":27410,"r":-15143}},{"type":"Feature","geometry":{"coordinates":[106.82492330000008,-6.545121299999948],"type":"Point"},"properties":{"NAMA":"JINJJA KOREAN FOOD BOGOR","TIPE_1":"MAKANAN DAN MINUMAN","TIPE_2":"RESTORAN","TIPE_3":"RESTORAN KOREA","TELEPON":"0851-6280-1126","ALAMAT":"BOGOR OUTER RING RD NO.KM 52, CIMANDALA, SUKARAJA, BOGOR REGENCY, WEST JAVA 16710","ID_PROV":"32","PROVINSI":"JAWA BARAT","ID_KABKOT":"32.01","KABKOT":"BOGOR","ID_KEC":"32.01.04","KECAMATAN":"SUKARAJA","ID_DESA":"32.01.04.2010","DESA":"CIMANDALA","LONGITUDE":106.8249233,"LATITUDE":-6.5451213,"STATUS":"BUKA","TANGGAL UPDATE":"27/02/2025","TANGGAL PENGUMPULAN":"Q4 2023","q":27432,"r":-15175}},{"type":"Feature","geometry":{"coordinates":[106.748803,-6.543214299999931],"type":"Point"},"properties":{"NAMA":"ISIBSA KOREAN SNACK","TIPE_1":"MAKANAN DAN MINUMAN","TIPE_2":"RESTORAN","TIPE_3":"RESTORAN KOREA","TELEPON":"0882-9351-2566","ALAMAT":"JL. ATANG SENJAYA, KP. PATAMBRAN, KEMANG, BOGOR CITY, WEST JAVA 16310","ID_PROV":"32","PROVINSI":"JAWA BARAT","ID_KABKOT":"32.01","KABKOT":"BOGOR","ID_KEC":"32.01.12","KECAMATAN":"KEMANG","ID_DESA":"32.01.12.2005","DESA":"SEMPLAK BARAT","LONGITUDE":106.748803,"LATITUDE":-6.5432143,"STATUS":"BUKA","TANGGAL UPDATE":"27/02/2025","TANGGAL PENGUMPULAN":"Q4 2023","q":27412,"r":-15165}},{"type":"Feature","geometry":{"coordinates":[106.80482750000004,-6.482501199999945],"type":"Point"},"properties":{"NAMA":"ITAEWON KOREAN STREET FOOD","TIPE_1":"MAKANAN DAN MINUMAN","TIPE_2":"RESTORAN","TIPE_3":"RESTORAN KOREA","TELEPON":"0811-9430-620","ALAMAT":"KOMPLEK PONDOK BAMBU KUNING BLOK L/1, RT.2/RW.14, BOJONGGEDE, KECAMATAN BOJONGGEDE, KABUPATEN BOGOR, JAWA BARAT 16922","ID_PROV":"32","PROVINSI":"JAWA BARAT","ID_KABKOT":"32.01","KABKOT":"BOGOR","ID_KEC":"32.01.13","KECAMATAN":"BOJONG GEDE","ID_DESA":"32.01.13.2009","DESA":"BOJONGGEDE","LONGITUDE":106.8048275,"LATITUDE":-6.4825012,"STATUS":"BUKA","TANGGAL UPDATE":"27/02/2025","TANGGAL PENGUMPULAN":"Q4 2023","q":27427,"r":-15158}},{"type":"Feature","geometry":{"coordinates":[106.76015220000005,-6.601269799999955],"type":"Point"},"properties":{"NAMA":"ITAEWON KEBAB","TIPE_1":"MAKANAN DAN MINUMAN","TIPE_2":"RESTORAN","TIPE_3":"RESTORAN KOREA","TELEPON":"","ALAMAT":"JL. RAYA CIOMAS KRETEG NO.09, PADASUKA, CIOMAS, BOGOR REGENCY, WEST JAVA 16610","ID_PROV":"32","PROVINSI":"JAWA BARAT","ID_KABKOT":"32.01","KABKOT":"BOGOR","ID_KEC":"32.01.29","KECAMATAN":"CIOMAS","ID_DESA":"32.01.29.1003","DESA":"PADASUKA","LONGITUDE":106.7601522,"LATITUDE":-6.6012698,"STATUS":"BUKA","TANGGAL UPDATE":"27/02/2025","TANGGAL PENGUMPULAN":"Q4 2023","q":27415,"r":-15179}},{"type":"Feature","geometry":{"coordinates":[106.82761640000007,-6.545605899999941],"type":"Point"},"properties":{"NAMA":"JEJU KOREAN FOOD AND SNACK","TIPE_1":"MAKANAN DAN MINUMAN","TIPE_2":"RESTORAN","TIPE_3":"RESTORAN KOREA","TELEPON":"0813-8766-7042","ALAMAT":"JL. PS. CILUAR, PASIRLAYA, SUKARAJA, BOGOR REGENCY, WEST JAVA 16710","ID_PROV":"32","PROVINSI":"JAWA BARAT","ID_KABKOT":"32.01","KABKOT":"BOGOR","ID_KEC":"32.01.04","KECAMATAN":"SUKARAJA","ID_DESA":"32.01.04.2011","DESA":"CIJUJUNG","LONGITUDE":106.8276164,"LATITUDE":-6.5456059,"STATUS":"BUKA","TANGGAL UPDATE":"27/02/2025","TANGGAL PENGUMPULAN":"Q4 2023","q":27433,"r":-15175}},{"type":"Feature","geometry":{"coordinates":[106.73133520000005,-6.559555899999964],"type":"Point"},"properties":{"NAMA":"HAUS KOREA","TIPE_1":"MAKANAN DAN MINUMAN","TIPE_2":"RESTORAN","TIPE_3":"RESTORAN KOREA","TELEPON":"0821-1465-4244","ALAMAT":"JL. BABAKAN RAYA NO.158, BABAKAN, DRAMAGA, BOGOR REGENCY, WEST JAVA 16680","ID_PROV":"32","PROVINSI":"JAWA BARAT","ID_KABKOT":"32.01","KABKOT":"BOGOR","ID_KEC":"32.01.30","KECAMATAN":"DRAMAGA","ID_DESA":"32.01.30.2008","DESA":"BABAKAN","LONGITUDE":106.731335199999,"LATITUDE":-6.5595559,"STATUS":"BUKA","TANGGAL UPDATE":"27/02/2025","TANGGAL PENGUMPULAN":"Q4 2023","q":27408,"r":-15166}},{"type":"Feature","geometry":{"coordinates":[107.04257640000009,-6.456106899999952],"type":"Point"},"properties":{"NAMA":"TOPOCI JONGGOL BOGOR - ANGKRINGAN ASLI KOREA","TIPE_1":"MAKANAN DAN MINUMAN","TIPE_2":"RESTORAN","TIPE_3":"RESTORAN KOREA","TELEPON":"0858-8877-7090","ALAMAT":"BUKIT MAHONI, JL. CITRA INDAH UTAMA NO.24, SINGAJAYA, KEC. JONGGOL, KABUPATEN BOGOR, JAWA BARAT 16830","ID_PROV":"32","PROVINSI":"JAWA BARAT","ID_KABKOT":"32.01","KABKOT":"BOGOR","ID_KEC":"32.01.06","KECAMATAN":"JONGGOL","ID_DESA":"32.01.06.2003","DESA":"SINGAJAYA","LONGITUDE":107.0425764,"LATITUDE":-6.4561069,"STATUS":"BUKA","TANGGAL UPDATE":"27/02/2025","TANGGAL PENGUMPULAN":"Q4 2023","q":27488,"r":-15183}},{"type":"Feature","geometry":{"coordinates":[106.99479620000005,-6.382405399999925],"type":"Point"},"properties":{"NAMA":"TOPOKKI HAENGBOG (KOREAN STREET FOOD)","TIPE_1":"MAKANAN DAN MINUMAN","TIPE_2":"RESTORAN","TIPE_3":"RESTORAN KOREA","TELEPON":"0858-7192-0638","ALAMAT":"JALAN METLAND CILEUNGSI BLOK AB15 NO.5, CIPENJO, KABUPATEN BOGOR, JAWA BARAT 16820","ID_PROV":"32","PROVINSI":"JAWA BARAT","ID_KABKOT":"32.01","KABKOT":"BOGOR","ID_KEC":"32.01.07","KECAMATAN":"CILEUNGSI","ID_DESA":"32.01.07.2010","DESA":"CIPENJO","LONGITUDE":106.9947962,"LATITUDE":-6.3824054,"STATUS":"BUKA","TANGGAL UPDATE":"27/02/2025","TANGGAL PENGUMPULAN":"Q4 2023","q":27476,"r":-15160}},{"type":"Feature","geometry":{"coordinates":[106.84557260000008,-6.445507199999952],"type":"Point"},"properties":{"NAMA":"TOPOKKI KOREAN FOOD CIBINONG","TIPE_1":"MAKANAN DAN MINUMAN","TIPE_2":"RESTORAN","TIPE_3":"RESTORAN KOREA","TELEPON":"","ALAMAT":"JL. PEKAPURAN NO.68, KALIBARU, KEC. CILODONG, KOTA DEPOK, JAWA BARAT 16413","ID_PROV":"32","PROVINSI":"JAWA BARAT","ID_KABKOT":"32.01","KABKOT":"BOGOR","ID_KEC":"32.01.01","KECAMATAN":"CIBINONG","ID_DESA":"32.01.01.1013","DESA":"PABUARAN MEKAR","LONGITUDE":106.8455726,"LATITUDE":-6.4455072,"STATUS":"BUKA","TANGGAL UPDATE":"27/02/2025","TANGGAL PENGUMPULAN":"Q4 2023","q":27437,"r":-15155}},{"type":"Feature","geometry":{"coordinates":[106.78318820000004,-6.447717499999953],"type":"Point"},"properties":{"NAMA":"TOPOKKI KOREAN FOOD BAMBON","TIPE_1":"MAKANAN DAN MINUMAN","TIPE_2":"RESTORAN","TIPE_3":"RESTORAN KOREA","TELEPON":"0895-6396-06700","ALAMAT":"RAGAJAYA, KECAMATAN BOJONGGEDE, KABUPATEN BOGOR, JAWA BARAT","ID_PROV":"32","PROVINSI":"JAWA BARAT","ID_KABKOT":"32.01","KABKOT":"BOGOR","ID_KEC":"32.01.13","KECAMATAN":"BOJONG GEDE","ID_DESA":"32.01.13.2004","DESA":"RAGAJAYA","LONGITUDE":106.7831882,"LATITUDE":-6.4477175,"STATUS":"BUKA","TANGGAL UPDATE":"27/02/2025","TANGGAL PENGUMPULAN":"Q4 2023","q":27421,"r":-15148}},{"type":"Feature","geometry":{"coordinates":[106.98702080000004,-6.69987029999993],"type":"Point"},"properties":{"NAMA":"SSK SATE KILOAN","TIPE_1":"MAKANAN DAN MINUMAN","TIPE_2":"RESTORAN","TIPE_3":"RESTORAN KOREA","TELEPON":"0857-7565-5750","ALAMAT":"JALAN RAYA PUNCAK KM.86, TUGU SELATAN, CISARUA, TUGU UTARA, KEC. CISARUA, KABUPATEN BOGOR, JAWA BARAT 16750","ID_PROV":"32","PROVINSI":"JAWA BARAT","ID_KABKOT":"32.01","KABKOT":"BOGOR","ID_KEC":"32.01.25","KECAMATAN":"CISARUA","ID_DESA":"32.01.25.2006","DESA":"TUGU SELATAN","LONGITUDE":106.9870208,"LATITUDE":-6.6998703,"STATUS":"BUKA","TANGGAL UPDATE":"27/02/2025","TANGGAL PENGUMPULAN":"Q4 2023","q":27474,"r":-15230}},{"type":"Feature","geometry":{"coordinates":[106.80310290000006,-6.466855599999974],"type":"Point"},"properties":{"NAMA":"TANSUKI KOREAN FOOD BBQ STEAMBOT DAN SHABU","TIPE_1":"MAKANAN DAN MINUMAN","TIPE_2":"RESTORAN","TIPE_3":"RESTORAN KOREA","TELEPON":"0899-7759-383","ALAMAT":"JL. PABUARAN RAYA NO.8 RT 01/01, PABUARAN, KECAMATAN BOJONGGEDE, KABUPATEN BOGOR, JAWA BARAT 16921","ID_PROV":"32","PROVINSI":"JAWA BARAT","ID_KABKOT":"32.01","KABKOT":"BOGOR","ID_KEC":"32.01.13","KECAMATAN":"BOJONG GEDE","ID_DESA":"32.01.13.1007","DESA":"PABUARAN","LONGITUDE":106.8031029,"LATITUDE":-6.4668556,"STATUS":"BUKA","TANGGAL UPDATE":"27/02/2025","TANGGAL PENGUMPULAN":"Q4 2023","q":27426,"r":-15154}},{"type":"Feature","geometry":{"coordinates":[106.73170540000007,-6.561852099999953],"type":"Point"},"properties":{"NAMA":"TOK POK KI (MAKANAN KOREA)","TIPE_1":"MAKANAN DAN MINUMAN","TIPE_2":"RESTORAN","TIPE_3":"RESTORAN KOREA","TELEPON":"0812-9161-8497","ALAMAT":"JL. BABAKAN RAYA NO.42, RT.004/RW.01, BABAKAN, KEC. DRAMAGA, KABUPATEN BOGOR, JAWA BARAT 16680","ID_PROV":"32","PROVINSI":"JAWA BARAT","ID_KABKOT":"32.01","KABKOT":"BOGOR","ID_KEC":"32.01.30","KECAMATAN":"DRAMAGA","ID_DESA":"32.01.30.2008","DESA":"BABAKAN","LONGITUDE":106.7317054,"LATITUDE":-6.5618521,"STATUS":"BUKA","TANGGAL UPDATE":"27/02/2025","TANGGAL PENGUMPULAN":"Q4 2023","q":27408,"r":-15167}},{"type":"Feature","geometry":{"coordinates":[106.68044760000004,-6.383568199999957],"type":"Point"},"properties":{"NAMA":"TOPPOKI KOREA - GUNUNG SINDUR","TIPE_1":"MAKANAN DAN MINUMAN","TIPE_2":"RESTORAN","TIPE_3":"RESTORAN KOREA","TELEPON":"","ALAMAT":"JL. PEMBANGUNAN RAYA, GN. SINDUR, KEC. GN. SINDUR, KABUPATEN BOGOR, JAWA BARAT 16340","ID_PROV":"32","PROVINSI":"JAWA BARAT","ID_KABKOT":"32.01","KABKOT":"BOGOR","ID_KEC":"32.01.11","KECAMATAN":"GUNUNG SINDUR","ID_DESA":"32.01.11.2005","DESA":"GUNUNGSINDUR","LONGITUDE":106.6804476,"LATITUDE":-6.3835682,"STATUS":"BUKA","TANGGAL UPDATE":"27/02/2025","TANGGAL PENGUMPULAN":"Q4 2023","q":27395,"r":-15120}},{"type":"Feature","geometry":{"coordinates":[106.87230050000005,-6.476416099999938],"type":"Point"},"properties":{"NAMA":"TOPPOKI BUCHAE PUSPASARI","TIPE_1":"MAKANAN DAN MINUMAN","TIPE_2":"RESTORAN","TIPE_3":"RESTORAN KOREA","TELEPON":"0812-1300-5080","ALAMAT":"DUSUN JL. KARANGGAN MUDA NO.21, RT.001/003, PUSPASARI, CITEUREUP, BOGOR REGENCY, WEST JAVA 16811","ID_PROV":"32","PROVINSI":"JAWA BARAT","ID_KABKOT":"32.01","KABKOT":"BOGOR","ID_KEC":"32.01.03","KECAMATAN":"CITEUREUP","ID_DESA":"32.01.03.2001","DESA":"PUSPASARI","LONGITUDE":106.8723005,"LATITUDE":-6.4764161,"STATUS":"BUKA","TANGGAL UPDATE":"27/02/2025","TANGGAL PENGUMPULAN":"Q4 2023","q":27444,"r":-15165}},{"type":"Feature","geometry":{"coordinates":[106.80351650000006,-6.46382959999994],"type":"Point"},"properties":{"NAMA":"TOPPOKI ANNYEONG HASEYO","TIPE_1":"MAKANAN DAN MINUMAN","TIPE_2":"RESTORAN","TIPE_3":"RESTORAN KOREA","TELEPON":"0896-6150-6313","ALAMAT":"GG. MANDOR, RAWA PANJANG, BOJONGGEDE, BOGOR REGENCY, WEST JAVA 16921","ID_PROV":"32","PROVINSI":"JAWA BARAT","ID_KABKOT":"32.01","KABKOT":"BOGOR","ID_KEC":"32.01.13","KECAMATAN":"BOJONG GEDE","ID_DESA":"32.01.13.2008","DESA":"RAWAPANJANG","LONGITUDE":106.8035165,"LATITUDE":-6.4638296,"STATUS":"BUKA","TANGGAL UPDATE":"27/02/2025","TANGGAL PENGUMPULAN":"Q4 2023","q":27426,"r":-15154}},{"type":"Feature","geometry":{"coordinates":[106.69243720000009,-6.55768779999994],"type":"Point"},"properties":{"NAMA":"TOPOCI CIAMPEA","TIPE_1":"MAKANAN DAN MINUMAN","TIPE_2":"RESTORAN","TIPE_3":"RESTORAN KOREA","TELEPON":"","ALAMAT":"BOJONG RANGKAS, KEC. CIAMPEA, KABUPATEN BOGOR, JAWA BARAT 16620","ID_PROV":"32","PROVINSI":"JAWA BARAT","ID_KABKOT":"32.01","KABKOT":"BOGOR","ID_KEC":"32.01.15","KECAMATAN":"CIAMPEA","ID_DESA":"32.01.15.2009","DESA":"BOJONGRANGKAS","LONGITUDE":106.6924372,"LATITUDE":-6.5576878,"STATUS":"BUKA","TANGGAL UPDATE":"27/02/2025","TANGGAL PENGUMPULAN":"Q4 2023","q":27398,"r":-15161}},{"type":"Feature","geometry":{"coordinates":[106.81684530000007,-6.487485199999981],"type":"Point"},"properties":{"NAMA":"PPANGGANG KOREAN BBQ","TIPE_1":"MAKANAN DAN MINUMAN","TIPE_2":"RESTORAN","TIPE_3":"RESTORAN KOREA","TELEPON":"0878-2431-8181","ALAMAT":"JL. RAYA SUKAHATI NO.38, SUKAHATI, KEC. CIBINONG, KABUPATEN BOGOR, JAWA BARAT 16913","ID_PROV":"32","PROVINSI":"JAWA BARAT","ID_KABKOT":"32.01","KABKOT":"BOGOR","ID_KEC":"32.01.01","KECAMATAN":"CIBINONG","ID_DESA":"32.01.01.1009","DESA":"SUKAHATI","LONGITUDE":106.8168453,"LATITUDE":-6.4874852,"STATUS":"BUKA","TANGGAL UPDATE":"27/02/2025","TANGGAL PENGUMPULAN":"Q4 2023","q":27430,"r":-15161}},{"type":"Feature","geometry":{"coordinates":[106.788993,-6.480807899999945],"type":"Point"},"properties":{"NAMA":"RICE BOYZ SUSUKAN","TIPE_1":"MAKANAN DAN MINUMAN","TIPE_2":"RESTORAN","TIPE_3":"RESTORAN KOREA","TELEPON":"","ALAMAT":"JL PERUM PURI PINASTIKHA KAMP, JL. RAYA PARAKAN JATI, SUSUKAN, KECAMATAN BOJONGGEDE, KABUPATEN BOGOR, JAWA BARAT 16320","ID_PROV":"32","PROVINSI":"JAWA BARAT","ID_KABKOT":"32.01","KABKOT":"BOGOR","ID_KEC":"32.01.13","KECAMATAN":"BOJONG GEDE","ID_DESA":"32.01.13.2003","DESA":"SUSUKAN","LONGITUDE":106.788993,"LATITUDE":-6.4808079,"STATUS":"BUKA","TANGGAL UPDATE":"27/02/2025","TANGGAL PENGUMPULAN":"Q4 2023","q":27423,"r":-15156}},{"type":"Feature","geometry":{"coordinates":[106.80274180000004,-6.451254699999936],"type":"Point"},"properties":{"NAMA":"SEUNG TTEOKBOKKI","TIPE_1":"MAKANAN DAN MINUMAN","TIPE_2":"RESTORAN","TIPE_3":"RESTORAN KOREA","TELEPON":"0896-8207-1471","ALAMAT":"GG. VOSIS, PABUARAN, KECAMATAN BOJONGGEDE, KABUPATEN BOGOR, JAWA BARAT 16436","ID_PROV":"32","PROVINSI":"JAWA BARAT","ID_KABKOT":"32.01","KABKOT":"BOGOR","ID_KEC":"32.01.13","KECAMATAN":"BOJONG GEDE","ID_DESA":"32.01.13.1007","DESA":"PABUARAN","LONGITUDE":106.802741799999,"LATITUDE":-6.4512547,"STATUS":"BUKA","TANGGAL UPDATE":"27/02/2025","TANGGAL PENGUMPULAN":"Q4 2023","q":27426,"r":-15151}},{"type":"Feature","geometry":{"coordinates":[106.66316,-6.585795],"type":"Point"},"properties":{"NAMA":"SEABASSID","TIPE_1":"MAKANAN DAN MINUMAN","TIPE_2":"RESTORAN","TIPE_3":"RESTORAN KOREA","TELEPON":"0851-5662-1713","ALAMAT":"JALAN PURI ARRAYA NO.2, CIBATOK 1, KEC. CIBUNGBULANG, KABUPATEN BOGOR, JAWA BARAT 16630","ID_PROV":"32","PROVINSI":"JAWA BARAT","ID_KABKOT":"32.01","KABKOT":"BOGOR","ID_KEC":"32.01.16","KECAMATAN":"CIBUNGBULANG","ID_DESA":"32.01.16.2004","DESA":"CIBATOK I","LONGITUDE":106.66316,"LATITUDE":-6.585795,"STATUS":"BUKA","TANGGAL UPDATE":"27/02/2025","TANGGAL PENGUMPULAN":"Q4 2023","q":27390,"r":-15163}},{"type":"Feature","geometry":{"coordinates":[106.83145240000005,-6.482817499999953],"type":"Point"},"properties":{"NAMA":"SOKGANCHANG","TIPE_1":"MAKANAN DAN MINUMAN","TIPE_2":"RESTORAN","TIPE_3":"RESTORAN KOREA","TELEPON":"","ALAMAT":"JL. TEGAR BERIMAN, PAKANSARI, KEC. CIBINONG, KABUPATEN BOGOR, JAWA BARAT 16914","ID_PROV":"32","PROVINSI":"JAWA BARAT","ID_KABKOT":"32.01","KABKOT":"BOGOR","ID_KEC":"32.01.01","KECAMATAN":"CIBINONG","ID_DESA":"32.01.01.1008","DESA":"TENGAH","LONGITUDE":106.831452399999,"LATITUDE":-6.4828175,"STATUS":"BUKA","TANGGAL UPDATE":"27/02/2025","TANGGAL PENGUMPULAN":"Q4 2023","q":27434,"r":-15162}},{"type":"Feature","geometry":{"coordinates":[106.87124810000006,-6.592157699999973],"type":"Point"},"properties":{"NAMA":"NUNAÂ€™S GIMBAP","TIPE_1":"MAKANAN DAN MINUMAN","TIPE_2":"RESTORAN","TIPE_3":"RESTORAN KOREA","TELEPON":"0811-955-209","ALAMAT":"JL. GRANDIOSO RAYA 23C, GRANDIOSO, SENTUL ALAYA, SENTUL CITY, CIJAYANTI, KEC. BABAKAN MADANG, KABUPATEN BOGOR, JAWA BARAT 16810","ID_PROV":"32","PROVINSI":"JAWA BARAT","ID_KABKOT":"32.01","KABKOT":"BOGOR","ID_KEC":"32.01.05","KECAMATAN":"BABAKAN MADANG","ID_DESA":"32.01.05.2001","DESA":"CIJAYANTI","LONGITUDE":106.871248099999,"LATITUDE":-6.5921577,"STATUS":"BUKA","TANGGAL UPDATE":"27/02/2025","TANGGAL PENGUMPULAN":"Q4 2023","q":27444,"r":-15191}},{"type":"Feature","geometry":{"coordinates":[106.66540630000009,-6.574389599999961],"type":"Point"},"properties":{"NAMA":"PAPANGGANGAN AYCE  KOREAN GRILL & SUKI","TIPE_1":"MAKANAN DAN MINUMAN","TIPE_2":"RESTORAN","TIPE_3":"RESTORAN KOREA","TELEPON":"0812-9308-4688","ALAMAT":"CIMANGGU 2, KEC. CIBUNGBULANG, KABUPATEN BOGOR, JAWA BARAT","ID_PROV":"32","PROVINSI":"JAWA BARAT","ID_KABKOT":"32.01","KABKOT":"BOGOR","ID_KEC":"32.01.16","KECAMATAN":"CIBUNGBULANG","ID_DESA":"32.01.16.2007","DESA":"CIMANGGU I","LONGITUDE":106.6654063,"LATITUDE":-6.5743896,"STATUS":"BUKA","TANGGAL UPDATE":"27/02/2025","TANGGAL PENGUMPULAN":"Q4 2023","q":27391,"r":-15161}},{"type":"Feature","geometry":{"coordinates":[106.79363030000007,-6.533406099999979],"type":"Point"},"properties":{"NAMA":"RUMAH MAKAN PITA BUNGA","TIPE_1":"MAKANAN DAN MINUMAN","TIPE_2":"RESTORAN","TIPE_3":"RESTORAN PADANG","TELEPON":"0895-1541-8678","ALAMAT":"JALAN PENDIDIKAN, RT.001/RW.04, DISAMPING ALFAMIDI CILEBUT, RT.02/RW.04, CILEBUT BAR., KEC. SUKARAJA, KABUPATEN BOGOR, JAWA BARAT 16710","ID_PROV":"32","PROVINSI":"JAWA BARAT","ID_KABKOT":"32.01","KABKOT":"BOGOR","ID_KEC":"32.01.04","KECAMATAN":"SUKARAJA","ID_DESA":"32.01.04.2003","DESA":"CILEBUT BARAT","LONGITUDE":106.793630299999,"LATITUDE":-6.5334061,"STATUS":"BUKA","TANGGAL UPDATE":"27/02/2025","TANGGAL PENGUMPULAN":"Q4 2023","q":27424,"r":-15168}},{"type":"Feature","geometry":{"coordinates":[106.73014440000009,-6.5378],"type":"Point"},"properties":{"NAMA":"RUMAH MAKAN PADANG SINGGALANG JAYA","TIPE_1":"MAKANAN DAN MINUMAN","TIPE_2":"RESTORAN","TIPE_3":"RESTORAN PADANG","TELEPON":"0813-1669-6663","ALAMAT":"JL. ATANG SENJAYA NO.302, RT.05/RW.02, BANTARJAYA, KEC. RANCA BUNGUR, KABUPATEN BOGOR, JAWA BARAT 16310","ID_PROV":"32","PROVINSI":"JAWA BARAT","ID_KABKOT":"32.01","KABKOT":"BOGOR","ID_KEC":"32.01.34","KECAMATAN":"RANCA BUNGUR","ID_DESA":"32.01.34.2001","DESA":"BANTARJAYA","LONGITUDE":106.7301444,"LATITUDE":-6.5378,"STATUS":"BUKA","TANGGAL UPDATE":"27/02/2025","TANGGAL PENGUMPULAN":"Q4 2023","q":27408,"r":-15161}},{"type":"Feature","geometry":{"coordinates":[106.92692890000006,-6.671222799999953],"type":"Point"},"properties":{"NAMA":"RUMAH MAKAN PONDOK INDAH RAYA MASAKAN PADANG","TIPE_1":"MAKANAN DAN MINUMAN","TIPE_2":"RESTORAN","TIPE_3":"RESTORAN PADANG","TELEPON":"(0251) 8254153","ALAMAT":"JL. RAYA PUNCAK GADOG NO.47, KOPO, KEC. CISARUA, KABUPATEN BOGOR, JAWA BARAT 16750","ID_PROV":"32","PROVINSI":"JAWA BARAT","ID_KABKOT":"32.01","KABKOT":"BOGOR","ID_KEC":"32.01.25","KECAMATAN":"CISARUA","ID_DESA":"32.01.25.2008","DESA":"KOPO","LONGITUDE":106.9269289,"LATITUDE":-6.6712228,"STATUS":"BUKA","TANGGAL UPDATE":"27/02/2025","TANGGAL PENGUMPULAN":"Q4 2023","q":27458,"r":-15216}},{"type":"Feature","geometry":{"coordinates":[106.94121170000005,-6.687192099999947],"type":"Point"},"properties":{"NAMA":"RUMAH MAKAN PONDOK INDAH RAYA MASAKAN PADANG","TIPE_1":"MAKANAN DAN MINUMAN","TIPE_2":"RESTORAN","TIPE_3":"RESTORAN PADANG","TELEPON":"(0251) 8251213","ALAMAT":"JL. RAYA PUNCAK GADOG NO.KM. 77, LEUWIMALANG, KEC. CISARUA, KABUPATEN BOGOR, JAWA BARAT 16750","ID_PROV":"32","PROVINSI":"JAWA BARAT","ID_KABKOT":"32.01","KABKOT":"BOGOR","ID_KEC":"32.01.25","KECAMATAN":"CISARUA","ID_DESA":"32.01.25.1010","DESA":"CISARUA","LONGITUDE":106.9412117,"LATITUDE":-6.6871921,"STATUS":"BUKA","TANGGAL UPDATE":"27/02/2025","TANGGAL PENGUMPULAN":"Q4 2023","q":27462,"r":-15221}},{"type":"Feature","geometry":{"coordinates":[106.82358980000004,-6.482346499999949],"type":"Point"},"properties":{"NAMA":"RUMAH MAKAN SARI MINANG RAYA MASAKAN PADANG","TIPE_1":"MAKANAN DAN MINUMAN","TIPE_2":"RESTORAN","TIPE_3":"RESTORAN PADANG","TELEPON":"0877-7098-5799","ALAMAT":"JL. SIROJUL MUNIR RT 01/02 KEL. TENGAH KEC. CIBINONG KAB.BOGOR, TENGAH, KEC. CIBINONG, KABUPATEN BOGOR, JAWA BARAT 16914","ID_PROV":"32","PROVINSI":"JAWA BARAT","ID_KABKOT":"32.01","KABKOT":"BOGOR","ID_KEC":"32.01.01","KECAMATAN":"CIBINONG","ID_DESA":"32.01.01.1008","DESA":"TENGAH","LONGITUDE":106.8235898,"LATITUDE":-6.4823465,"STATUS":"BUKA","TANGGAL UPDATE":"27/02/2025","TANGGAL PENGUMPULAN":"Q4 2023","q":27432,"r":-15161}},{"type":"Feature","geometry":{"coordinates":[106.92549080000003,-6.668437399999959],"type":"Point"},"properties":{"NAMA":"RM KAPAU 99 (MASAKAN PADANG)","TIPE_1":"MAKANAN DAN MINUMAN","TIPE_2":"RESTORAN","TIPE_3":"RESTORAN PADANG","TELEPON":"0858-8572-7290","ALAMAT":"JL. RAYA PUNCAK - CIANJUR NO.KM, LEUWIMALANG, KEC. CISARUA, KABUPATEN BOGOR, JAWA BARAT 16750","ID_PROV":"32","PROVINSI":"JAWA BARAT","ID_KABKOT":"32.01","KABKOT":"BOGOR","ID_KEC":"32.01.25","KECAMATAN":"CISARUA","ID_DESA":"32.01.25.2007","DESA":"LEUWIMALANG","LONGITUDE":106.925490799999,"LATITUDE":-6.6684374,"STATUS":"BUKA","TANGGAL UPDATE":"27/02/2025","TANGGAL PENGUMPULAN":"Q4 2023","q":27458,"r":-15215}},{"type":"Feature","geometry":{"coordinates":[106.85021490000008,-6.585598],"type":"Point"},"properties":{"NAMA":"RM FAMILY MASAKAN PADANG","TIPE_1":"MAKANAN DAN MINUMAN","TIPE_2":"RESTORAN","TIPE_3":"RESTORAN PADANG","TELEPON":"0857-1571-1781","ALAMAT":"JL. PARUNG ALENG NO.49, RT.01/RW.07, CIKEAS, KEC. SUKARAJA, KABUPATEN BOGOR, JAWA BARAT 16710","ID_PROV":"32","PROVINSI":"JAWA BARAT","ID_KABKOT":"32.01","KABKOT":"BOGOR","ID_KEC":"32.01.04","KECAMATAN":"SUKARAJA","ID_DESA":"32.01.04.2008","DESA":"CIKEAS","LONGITUDE":106.8502149,"LATITUDE":-6.585598,"STATUS":"BUKA","TANGGAL UPDATE":"27/02/2025","TANGGAL PENGUMPULAN":"Q4 2023","q":27438,"r":-15187}},{"type":"Feature","geometry":{"coordinates":[106.95324,-6.684580799999935],"type":"Point"},"properties":{"NAMA":"RM GANTINO ( MASAKAN PADANG )","TIPE_1":"MAKANAN DAN MINUMAN","TIPE_2":"RESTORAN","TIPE_3":"RESTORAN PADANG","TELEPON":"0878-8068-6889","ALAMAT":"JL. RAYA PUNCAK GADOG, TUGU UTARA, KEC. CISARUA, KABUPATEN BOGOR, JAWA BARAT 16750","ID_PROV":"32","PROVINSI":"JAWA BARAT","ID_KABKOT":"32.01","KABKOT":"BOGOR","ID_KEC":"32.01.25","KECAMATAN":"CISARUA","ID_DESA":"32.01.25.2009","DESA":"TUGU UTARA","LONGITUDE":106.95324,"LATITUDE":-6.6845808,"STATUS":"BUKA","TANGGAL UPDATE":"27/02/2025","TANGGAL PENGUMPULAN":"Q4 2023","q":27465,"r":-15222}},{"type":"Feature","geometry":{"coordinates":[106.74863920000007,-6.529618099999936],"type":"Point"},"properties":{"NAMA":"RM HARAPAN BUNDO MASAKAN PADANG","TIPE_1":"MAKANAN DAN MINUMAN","TIPE_2":"RESTORAN","TIPE_3":"RESTORAN PADANG","TELEPON":"0812-9086-5189","ALAMAT":"BOJONG, KEC. KEMANG, KABUPATEN BOGOR, JAWA BARAT 16310","ID_PROV":"32","PROVINSI":"JAWA BARAT","ID_KABKOT":"32.01","KABKOT":"BOGOR","ID_KEC":"32.01.12","KECAMATAN":"KEMANG","ID_DESA":"32.01.12.2001","DESA":"BOJONG","LONGITUDE":106.7486392,"LATITUDE":-6.5296181,"STATUS":"BUKA","TANGGAL UPDATE":"27/02/2025","TANGGAL PENGUMPULAN":"Q4 2023","q":27412,"r":-15161}},{"type":"Feature","geometry":{"coordinates":[106.83956970000008,-6.453296],"type":"Point"},"properties":{"NAMA":"RM HARAPAN JAYA MASAKAN PADANG","TIPE_1":"MAKANAN DAN MINUMAN","TIPE_2":"RESTORAN","TIPE_3":"RESTORAN PADANG","TELEPON":"0812-1946-7567","ALAMAT":"JL. AL-FALAH NO.8, RT.4/RW.10, HARAPAN JAYA, KEC. CIBINONG, KABUPATEN BOGOR, JAWA BARAT 16914","ID_PROV":"32","PROVINSI":"JAWA BARAT","ID_KABKOT":"32.01","KABKOT":"BOGOR","ID_KEC":"32.01.01","KECAMATAN":"CIBINONG","ID_DESA":"32.01.01.1003","DESA":"HARAPANJAYA","LONGITUDE":106.8395697,"LATITUDE":-6.453296,"STATUS":"BUKA","TANGGAL UPDATE":"27/02/2025","TANGGAL PENGUMPULAN":"Q4 2023","q":27436,"r":-15156}},{"type":"Feature","geometry":{"coordinates":[106.86142910000007,-6.517340899999965],"type":"Point"},"properties":{"NAMA":"RM PADANG","TIPE_1":"MAKANAN DAN MINUMAN","TIPE_2":"RESTORAN","TIPE_3":"RESTORAN PADANG","TELEPON":"","ALAMAT":"LEUWINUTUG, KEC. CITEUREUP, KABUPATEN BOGOR, JAWA BARAT 16810","ID_PROV":"32","PROVINSI":"JAWA BARAT","ID_KABKOT":"32.01","KABKOT":"BOGOR","ID_KEC":"32.01.03","KECAMATAN":"CITEUREUP","ID_DESA":"32.01.03.2003","DESA":"LEUWINUTUG","LONGITUDE":106.8614291,"LATITUDE":-6.5173409,"STATUS":"BUKA","TANGGAL UPDATE":"27/02/2025","TANGGAL PENGUMPULAN":"Q4 2023","q":27441,"r":-15173}},{"type":"Feature","geometry":{"coordinates":[106.82369350000005,-6.489741699999968],"type":"Point"},"properties":{"NAMA":"RM PADANG PUTRA MINANG","TIPE_1":"MAKANAN DAN MINUMAN","TIPE_2":"RESTORAN","TIPE_3":"RESTORAN PADANG","TELEPON":"0852-1128-8864","ALAMAT":"JL. SIROJUL MUNIR NO.29, RT.5/RW.5, PAKANSARI, KEC. CIBINONG, KABUPATEN BOGOR, JAWA BARAT 16915","ID_PROV":"32","PROVINSI":"JAWA BARAT","ID_KABKOT":"32.01","KABKOT":"BOGOR","ID_KEC":"32.01.01","KECAMATAN":"CIBINONG","ID_DESA":"32.01.01.1007","DESA":"PAKANSARI","LONGITUDE":106.823693499999,"LATITUDE":-6.4897417,"STATUS":"BUKA","TANGGAL UPDATE":"27/02/2025","TANGGAL PENGUMPULAN":"Q4 2023","q":27432,"r":-15162}},{"type":"Feature","geometry":{"coordinates":[106.76181820000005,-6.524697499999945],"type":"Point"},"properties":{"NAMA":"RM PADANG HARAPAN BUNDO","TIPE_1":"MAKANAN DAN MINUMAN","TIPE_2":"RESTORAN","TIPE_3":"RESTORAN PADANG","TELEPON":"","ALAMAT":"JL. RAYA SEMPLAK NO.20, PARAKAN JAYA, KEC. KEMANG, KABUPATEN BOGOR, JAWA BARAT 16310","ID_PROV":"32","PROVINSI":"JAWA BARAT","ID_KABKOT":"32.01","KABKOT":"BOGOR","ID_KEC":"32.01.12","KECAMATAN":"KEMANG","ID_DESA":"32.01.12.2002","DESA":"PARAKANJAYA","LONGITUDE":106.7618182,"LATITUDE":-6.5246975,"STATUS":"BUKA","TANGGAL UPDATE":"27/02/2025","TANGGAL PENGUMPULAN":"Q4 2023","q":27416,"r":-15162}},{"type":"Feature","geometry":{"coordinates":[106.77022220000003,-6.643387699999948],"type":"Point"},"properties":{"NAMA":"RM PADANG HARAPAN MINANG","TIPE_1":"MAKANAN DAN MINUMAN","TIPE_2":"RESTORAN","TIPE_3":"RESTORAN PADANG","TELEPON":"0813-8837-1958","ALAMAT":"GG. KIARA, SUKAMANTRI, KEC. TAMANSARI, KABUPATEN BOGOR, JAWA BARAT 16610","ID_PROV":"32","PROVINSI":"JAWA BARAT","ID_KABKOT":"32.01","KABKOT":"BOGOR","ID_KEC":"32.01.31","KECAMATAN":"TAMANSARI","ID_DESA":"32.01.31.2002","DESA":"SIRNAGALIH","LONGITUDE":106.770222199999,"LATITUDE":-6.6433877,"STATUS":"BUKA","TANGGAL UPDATE":"27/02/2025","TANGGAL PENGUMPULAN":"Q4 2023","q":27418,"r":-15190}},{"type":"Feature","geometry":{"coordinates":[106.81735650000007,-6.518676299999981],"type":"Point"},"properties":{"NAMA":"RM PADANG YA RAHMAN CIBINONG ASRI","TIPE_1":"MAKANAN DAN MINUMAN","TIPE_2":"RESTORAN","TIPE_3":"RESTORAN PADANG","TELEPON":"0877-7006-8760","ALAMAT":"RUKO PERUMAHAN CIBINONG ASRI BLOK B NO. 7, KARADENAN, CIBINONG, KARADENAN, KEC. CIBINONG, KABUPATEN BOGOR, JAWA BARAT 16913","ID_PROV":"32","PROVINSI":"JAWA BARAT","ID_KABKOT":"32.01","KABKOT":"BOGOR","ID_KEC":"32.01.01","KECAMATAN":"CIBINONG","ID_DESA":"32.01.01.1002","DESA":"KARADENAN","LONGITUDE":106.817356499999,"LATITUDE":-6.5186763,"STATUS":"BUKA","TANGGAL UPDATE":"27/02/2025","TANGGAL PENGUMPULAN":"Q4 2023","q":27430,"r":-15168}},{"type":"Feature","geometry":{"coordinates":[106.81058040000005,-6.499951399999929],"type":"Point"},"properties":{"NAMA":"RM BUNDO MASAKAN PADANG - SUKAHATI","TIPE_1":"MAKANAN DAN MINUMAN","TIPE_2":"RESTORAN","TIPE_3":"RESTORAN PADANG","TELEPON":"0895-1233-1255","ALAMAT":"JL. RAYA SUKAHATI NO.RAYA, SUKAHATI, KEC. CIBINONG, KABUPATEN BOGOR, JAWA BARAT 16913","ID_PROV":"32","PROVINSI":"JAWA BARAT","ID_KABKOT":"32.01","KABKOT":"BOGOR","ID_KEC":"32.01.01","KECAMATAN":"CIBINONG","ID_DESA":"32.01.01.1009","DESA":"SUKAHATI","LONGITUDE":106.810580399999,"LATITUDE":-6.4999514,"STATUS":"BUKA","TANGGAL UPDATE":"27/02/2025","TANGGAL PENGUMPULAN":"Q4 2023","q":27428,"r":-15163}},{"type":"Feature","geometry":{"coordinates":[106.83320470000007,-6.524036099999933],"type":"Point"},"properties":{"NAMA":"RM AMPERA KM 50","TIPE_1":"MAKANAN DAN MINUMAN","TIPE_2":"RESTORAN","TIPE_3":"RESTORAN PADANG","TELEPON":"0896-3835-1257","ALAMAT":"JL. RAYA JAKARTA-BOGOR NO.KM.50, NO.14, CIMANDALA, KEC. SUKARAJA, KABUPATEN BOGOR, JAWA BARAT 16912","ID_PROV":"32","PROVINSI":"JAWA BARAT","ID_KABKOT":"32.01","KABKOT":"BOGOR","ID_KEC":"32.01.04","KECAMATAN":"SUKARAJA","ID_DESA":"32.01.04.2010","DESA":"CIMANDALA","LONGITUDE":106.8332047,"LATITUDE":-6.5240361,"STATUS":"BUKA","TANGGAL UPDATE":"27/02/2025","TANGGAL PENGUMPULAN":"Q4 2023","q":27434,"r":-15171}},{"type":"Feature","geometry":{"coordinates":[106.86980940000007,-6.652353499999947],"type":"Point"},"properties":{"NAMA":"RM BUNGA RAYA","TIPE_1":"MAKANAN DAN MINUMAN","TIPE_2":"RESTORAN","TIPE_3":"RESTORAN PADANG","TELEPON":"0858-8559-6631","ALAMAT":"JALAN RAYA PUNCAK - CIANJUR DESA, JL. RAYA PASIR ANGIN NO.53, RW.KM.72, GADOG, KEC. MEGAMENDUNG, KABUPATEN BOGOR, JAWA BARAT 16770","ID_PROV":"32","PROVINSI":"JAWA BARAT","ID_KABKOT":"32.01","KABKOT":"BOGOR","ID_KEC":"32.01.26","KECAMATAN":"MEGAMENDUNG","ID_DESA":"32.01.26.2012","DESA":"PASIR ANGIN","LONGITUDE":106.8698094,"LATITUDE":-6.6523535,"STATUS":"BUKA","TANGGAL UPDATE":"27/02/2025","TANGGAL PENGUMPULAN":"Q4 2023","q":27443,"r":-15204}},{"type":"Feature","geometry":{"coordinates":[106.82894540000007,-6.530046499999969],"type":"Point"},"properties":{"NAMA":"RM NABILRAFA 1","TIPE_1":"MAKANAN DAN MINUMAN","TIPE_2":"RESTORAN","TIPE_3":"RESTORAN PADANG","TELEPON":"0812-8764-6788","ALAMAT":"JL RAYA JAKARTA, KM NO.50, CIMANDALA, KEC. SUKARAJA, KABUPATEN BOGOR, JAWA BARAT 16710","ID_PROV":"32","PROVINSI":"JAWA BARAT","ID_KABKOT":"32.01","KABKOT":"BOGOR","ID_KEC":"32.01.04","KECAMATAN":"SUKARAJA","ID_DESA":"32.01.04.2010","DESA":"CIMANDALA","LONGITUDE":106.8289454,"LATITUDE":-6.5300465,"STATUS":"BUKA","TANGGAL UPDATE":"27/02/2025","TANGGAL PENGUMPULAN":"Q4 2023","q":27433,"r":-15172}},{"type":"Feature","geometry":{"coordinates":[106.86243050000007,-6.468030399999975],"type":"Point"},"properties":{"NAMA":"RM PADANG SEKELUARGA","TIPE_1":"MAKANAN DAN MINUMAN","TIPE_2":"RESTORAN","TIPE_3":"RESTORAN PADANG","TELEPON":"0895-3842-83370","ALAMAT":"CIRIUNG, KEC. CIBINONG, KABUPATEN BOGOR, JAWA BARAT 16918","ID_PROV":"32","PROVINSI":"JAWA BARAT","ID_KABKOT":"32.01","KABKOT":"BOGOR","ID_KEC":"32.01.01","KECAMATAN":"CIBINONG","ID_DESA":"32.01.01.1010","DESA":"CIRIUNG","LONGITUDE":106.8624305,"LATITUDE":-6.4680304,"STATUS":"BUKA","TANGGAL UPDATE":"27/02/2025","TANGGAL PENGUMPULAN":"Q4 2023","q":27442,"r":-15162}},{"type":"Feature","geometry":{"coordinates":[106.67816340000007,-6.563971],"type":"Point"},"properties":{"NAMA":"RM PADANG HARAPAN BUNDO","TIPE_1":"MAKANAN DAN MINUMAN","TIPE_2":"RESTORAN","TIPE_3":"RESTORAN PADANG","TELEPON":"0812-8439-8051","ALAMAT":"JALAN RAYA, LEUWEUNG KOLOT, KEC. CIBUNGBULANG, KABUPATEN BOGOR, JAWA BARAT 16630","ID_PROV":"32","PROVINSI":"JAWA BARAT","ID_KABKOT":"32.01","KABKOT":"BOGOR","ID_KEC":"32.01.16","KECAMATAN":"CIBUNGBULANG","ID_DESA":"32.01.16.2006","DESA":"LEUWEUNGKOLOT","LONGITUDE":106.678163399999,"LATITUDE":-6.563971,"STATUS":"BUKA","TANGGAL UPDATE":"27/02/2025","TANGGAL PENGUMPULAN":"Q4 2023","q":27394,"r":-15160}},{"type":"Feature","geometry":{"coordinates":[106.81741320000003,-6.484770599999933],"type":"Point"},"properties":{"NAMA":"RM PADANG ONLINE","TIPE_1":"MAKANAN DAN MINUMAN","TIPE_2":"RESTORAN","TIPE_3":"RESTORAN PADANG","TELEPON":"0899-0531-826","ALAMAT":"RT, JL. RAYA SUKAHATI, RT.01/06/RW.NOMER 84, SUKAHATI, KEC. CIBINONG, KABUPATEN BOGOR, JAWA BARAT 16913","ID_PROV":"32","PROVINSI":"JAWA BARAT","ID_KABKOT":"32.01","KABKOT":"BOGOR","ID_KEC":"32.01.01","KECAMATAN":"CIBINONG","ID_DESA":"32.01.01.1009","DESA":"SUKAHATI","LONGITUDE":106.817413199999,"LATITUDE":-6.4847706,"STATUS":"BUKA","TANGGAL UPDATE":"27/02/2025","TANGGAL PENGUMPULAN":"Q4 2023","q":27430,"r":-15160}},{"type":"Feature","geometry":{"coordinates":[106.94630020000005,-6.443962299999953],"type":"Point"},"properties":{"NAMA":"RM PADANG PANJANG","TIPE_1":"MAKANAN DAN MINUMAN","TIPE_2":"RESTORAN","TIPE_3":"RESTORAN PADANG","TELEPON":"0852-6585-8085","ALAMAT":"KLP, KLAPANUNGGAL, KEC. KLAPANUNGGAL, KABUPATEN BOGOR, JAWA BARAT 16710","ID_PROV":"32","PROVINSI":"JAWA BARAT","ID_KABKOT":"32.01","KABKOT":"BOGOR","ID_KEC":"32.01.32","KECAMATAN":"KLAPANUNGGAL","ID_DESA":"32.01.32.2001","DESA":"KLAPANUNGGAL","LONGITUDE":106.9463002,"LATITUDE":-6.4439623,"STATUS":"BUKA","TANGGAL UPDATE":"27/02/2025","TANGGAL PENGUMPULAN":"Q4 2023","q":27463,"r":-15168}},{"type":"Feature","geometry":{"coordinates":[106.81009870000008,-6.530321299999969],"type":"Point"},"properties":{"NAMA":"RM TANJUNG JAYA","TIPE_1":"MAKANAN DAN MINUMAN","TIPE_2":"RESTORAN","TIPE_3":"RESTORAN PADANG","TELEPON":"0822-6036-6571","ALAMAT":"JL. KARADENAN NO.10, KP. PARUNG JAMBU, PASIR JAMBU, KEC. SUKARAJA, KABUPATEN BOGOR, JAWA BARAT 16710","ID_PROV":"32","PROVINSI":"JAWA BARAT","ID_KABKOT":"32.01","KABKOT":"BOGOR","ID_KEC":"32.01.04","KECAMATAN":"SUKARAJA","ID_DESA":"32.01.04.2009","DESA":"PASIR JAMBU","LONGITUDE":106.8100987,"LATITUDE":-6.5303213,"STATUS":"BUKA","TANGGAL UPDATE":"27/02/2025","TANGGAL PENGUMPULAN":"Q4 2023","q":27428,"r":-15170}},{"type":"Feature","geometry":{"coordinates":[106.81099880000005,-6.497954299999947],"type":"Point"},"properties":{"NAMA":"RM RAMA JUO MASAKAN PADANG","TIPE_1":"MAKANAN DAN MINUMAN","TIPE_2":"RESTORAN","TIPE_3":"RESTORAN PADANG","TELEPON":"0813-9917-5610","ALAMAT":"JL. RAYA SUKAHATI NO.38, SUKAHATI, KEC. CIBINONG, KABUPATEN BOGOR, JAWA BARAT 16913","ID_PROV":"32","PROVINSI":"JAWA BARAT","ID_KABKOT":"32.01","KABKOT":"BOGOR","ID_KEC":"32.01.01","KECAMATAN":"CIBINONG","ID_DESA":"32.01.01.1009","DESA":"SUKAHATI","LONGITUDE":106.8109988,"LATITUDE":-6.4979543,"STATUS":"BUKA","TANGGAL UPDATE":"27/02/2025","TANGGAL PENGUMPULAN":"Q4 2023","q":27428,"r":-15162}},{"type":"Feature","geometry":{"coordinates":[106.72898180000004,-6.424236099999973],"type":"Point"},"properties":{"NAMA":"RM SIMPANG TIGO MASAKAN PADANG","TIPE_1":"MAKANAN DAN MINUMAN","TIPE_2":"RESTORAN","TIPE_3":"RESTORAN PADANG","TELEPON":"0813-7886-8797","ALAMAT":"JL. H. MAWI NO.20, RT.03/RW.05, PARUNG, KEC. PARUNG, KABUPATEN BOGOR, JAWA BARAT 16330","ID_PROV":"32","PROVINSI":"JAWA BARAT","ID_KABKOT":"32.01","KABKOT":"BOGOR","ID_KEC":"32.01.10","KECAMATAN":"PARUNG","ID_DESA":"32.01.10.2001","DESA":"PARUNG","LONGITUDE":106.7289818,"LATITUDE":-6.4242361,"STATUS":"BUKA","TANGGAL UPDATE":"27/02/2025","TANGGAL PENGUMPULAN":"Q4 2023","q":27407,"r":-15135}},{"type":"Feature","geometry":{"coordinates":[106.79979910000009,-6.538637899999969],"type":"Point"},"properties":{"NAMA":"RMJAMBAK JAYA","TIPE_1":"MAKANAN DAN MINUMAN","TIPE_2":"RESTORAN","TIPE_3":"RESTORAN PADANG","TELEPON":"0822-8534-3196","ALAMAT":"JL. RAYA CILEBUT NO.32, RT.03/RW.01, CILEBUT TIM., KEC. SUKARAJA, KABUPATEN BOGOR, JAWA BARAT 16710","ID_PROV":"32","PROVINSI":"JAWA BARAT","ID_KABKOT":"32.01","KABKOT":"BOGOR","ID_KEC":"32.01.04","KECAMATAN":"SUKARAJA","ID_DESA":"32.01.04.2002","DESA":"CILEBUT TIMUR","LONGITUDE":106.7997991,"LATITUDE":-6.5386379,"STATUS":"BUKA","TANGGAL UPDATE":"27/02/2025","TANGGAL PENGUMPULAN":"Q4 2023","q":27426,"r":-15170}},{"type":"Feature","geometry":{"coordinates":[106.75294130000009,-6.575844599999925],"type":"Point"},"properties":{"NAMA":"RMMAKAN PADANG SAIYOBANA","TIPE_1":"MAKANAN DAN MINUMAN","TIPE_2":"RESTORAN","TIPE_3":"RESTORAN PADANG","TELEPON":"","ALAMAT":"JL. SINDANG BARANG PENGKOLAN NO.26, LALADON, KEC. BOGOR BAR., KOTA BOGOR, JAWA BARAT 16117","ID_PROV":"32","PROVINSI":"JAWA BARAT","ID_KABKOT":"32.01","KABKOT":"BOGOR","ID_KEC":"32.01.29","KECAMATAN":"CIOMAS","ID_DESA":"32.01.29.2010","DESA":"LALADON","LONGITUDE":106.752941299999,"LATITUDE":-6.5758446,"STATUS":"BUKA","TANGGAL UPDATE":"27/02/2025","TANGGAL PENGUMPULAN":"Q4 2023","q":27413,"r":-15172}},{"type":"Feature","geometry":{"coordinates":[106.82414750000004,-6.703569499999953],"type":"Point"},"properties":{"NAMA":"HORDEXBURGER","TIPE_1":"MAKANAN DAN MINUMAN","TIPE_2":"RESTORAN","TIPE_3":"CEPAT SAJI","TELEPON":"0857-1621-6773","ALAMAT":"PARKIRAN ALFAMART AKSES TOL) SEBRANG SMAN, JL. RAYA BOGOR - SUKABUMI NO.KM 17, CIMANDE HILIR, KEC. CARINGIN, KABUPATEN BOGOR, JAWA BARAT 16730","ID_PROV":"32","PROVINSI":"JAWA BARAT","ID_KABKOT":"32.01","KABKOT":"BOGOR","ID_KEC":"32.01.27","KECAMATAN":"CARINGIN","ID_DESA":"32.01.27.2002","DESA":"CIMANDE HILIR","LONGITUDE":106.8241475,"LATITUDE":-6.7035695,"STATUS":"BUKA","TANGGAL UPDATE":"27/02/2025","TANGGAL PENGUMPULAN":"Q4 2023","q":27432,"r":-15210}},{"type":"Feature","geometry":{"coordinates":[106.64837,-6.563298199999966],"type":"Point"},"properties":{"NAMA":"SOSIS BAKAR DAN BURGER Q'N Q","TIPE_1":"MAKANAN DAN MINUMAN","TIPE_2":"RESTORAN","TIPE_3":"CEPAT SAJI","TELEPON":"0815-8534-8084","ALAMAT":"JL. CIMANGIR ILIR, DUKUH, KEC. CIBUNGBULANG, KABUPATEN BOGOR, JAWA BARAT 16630","ID_PROV":"32","PROVINSI":"JAWA BARAT","ID_KABKOT":"32.01","KABKOT":"BOGOR","ID_KEC":"32.01.16","KECAMATAN":"CIBUNGBULANG","ID_DESA":"32.01.16.2009","DESA":"DUKUH","LONGITUDE":106.64837,"LATITUDE":-6.5632982,"STATUS":"BUKA","TANGGAL UPDATE":"27/02/2025","TANGGAL PENGUMPULAN":"Q4 2023","q":27387,"r":-15156}},{"type":"Feature","geometry":{"coordinates":[106.80163050000004,-6.472044799999935],"type":"Point"},"properties":{"NAMA":"MIE AYAM & NASI GORENG MENGKUDU MAK HAJI","TIPE_1":"MAKANAN DAN MINUMAN","TIPE_2":"RESTORAN","TIPE_3":"NASI GORENG","TELEPON":"0895-7003-31666","ALAMAT":"JL. WR. JAMBU, BOJONGGEDE, KECAMATAN BOJONGGEDE, KABUPATEN BOGOR, JAWA BARAT 16921","ID_PROV":"32","PROVINSI":"JAWA BARAT","ID_KABKOT":"32.01","KABKOT":"BOGOR","ID_KEC":"32.01.13","KECAMATAN":"BOJONG GEDE","ID_DESA":"32.01.13.1007","DESA":"PABUARAN","LONGITUDE":106.8016305,"LATITUDE":-6.4720448,"STATUS":"BUKA","TANGGAL UPDATE":"27/02/2025","TANGGAL PENGUMPULAN":"Q4 2023","q":27426,"r":-15155}},{"type":"Feature","geometry":{"coordinates":[106.804643,-6.501991799999928],"type":"Point"},"properties":{"NAMA":"BAKMI JOWO PAK WAGE","TIPE_1":"MAKANAN DAN MINUMAN","TIPE_2":"RESTORAN","TIPE_3":"MIE DAN BAKSO","TELEPON":"","ALAMAT":"BLOK DF NO.3, JL. TEKNIK NO.I, SUKAHATI, KEC. CIBINONG, KABUPATEN BOGOR, JAWA BARAT 16913","ID_PROV":"32","PROVINSI":"JAWA BARAT","ID_KABKOT":"32.01","KABKOT":"BOGOR","ID_KEC":"32.01.01","KECAMATAN":"CIBINONG","ID_DESA":"32.01.01.1009","DESA":"SUKAHATI","LONGITUDE":106.804643,"LATITUDE":-6.5019918,"STATUS":"BUKA","TANGGAL UPDATE":"27/02/2025","TANGGAL PENGUMPULAN":"Q4 2023","q":27427,"r":-15162}},{"type":"Feature","geometry":{"coordinates":[106.81122930000004,-6.497095399999978],"type":"Point"},"properties":{"NAMA":"BAKMI JOGJA PAK ADI - SUKAHATI","TIPE_1":"MAKANAN DAN MINUMAN","TIPE_2":"RESTORAN","TIPE_3":"MIE DAN BAKSO","TELEPON":"0896-2486-3090","ALAMAT":"JL. RAYA SUKAHATI NO.26, SUKAHATI, KEC. CIBINONG, KABUPATEN BOGOR, JAWA BARAT 16913","ID_PROV":"32","PROVINSI":"JAWA BARAT","ID_KABKOT":"32.01","KABKOT":"BOGOR","ID_KEC":"32.01.01","KECAMATAN":"CIBINONG","ID_DESA":"32.01.01.1009","DESA":"SUKAHATI","LONGITUDE":106.8112293,"LATITUDE":-6.4970954,"STATUS":"BUKA","TANGGAL UPDATE":"27/02/2025","TANGGAL PENGUMPULAN":"Q4 2023","q":27428,"r":-15162}},{"type":"Feature","geometry":{"coordinates":[106.76401270000008,-6.49047429999996],"type":"Point"},"properties":{"NAMA":"BAKMI JAWA GUNUNG KIDUL MBAH GINEM","TIPE_1":"MAKANAN DAN MINUMAN","TIPE_2":"RESTORAN","TIPE_3":"MIE DAN BAKSO","TELEPON":"0856-9477-1061","ALAMAT":"JL. KP. GN., RT.02/RW.03, TONJONG, KEC. TAJUR HALANG, KABUPATEN BOGOR, JAWA BARAT 16320","ID_PROV":"32","PROVINSI":"JAWA BARAT","ID_KABKOT":"32.01","KABKOT":"BOGOR","ID_KEC":"32.01.37","KECAMATAN":"TAJURHALANG","ID_DESA":"32.01.37.2006","DESA":"TONJONG","LONGITUDE":106.7640127,"LATITUDE":-6.4904743,"STATUS":"BUKA","TANGGAL UPDATE":"27/02/2025","TANGGAL PENGUMPULAN":"Q4 2023","q":27416,"r":-15155}},{"type":"Feature","geometry":{"coordinates":[106.73135380000008,-6.480640699999981],"type":"Point"},"properties":{"NAMA":"MI JAWA TUNGKU ARANG","TIPE_1":"MAKANAN DAN MINUMAN","TIPE_2":"RESTORAN","TIPE_3":"MIE DAN BAKSO","TELEPON":"","ALAMAT":"JL. RAYA PARUNG NO.139, JAMPANG, KEC. KEMANG, KABUPATEN BOGOR, JAWA BARAT 16310","ID_PROV":"32","PROVINSI":"JAWA BARAT","ID_KABKOT":"32.01","KABKOT":"BOGOR","ID_KEC":"32.01.12","KECAMATAN":"KEMANG","ID_DESA":"32.01.12.2007","DESA":"JAMPANG","LONGITUDE":106.7313538,"LATITUDE":-6.4806407,"STATUS":"BUKA","TANGGAL UPDATE":"27/02/2025","TANGGAL PENGUMPULAN":"Q4 2023","q":27408,"r":-15148}},{"type":"Feature","geometry":{"coordinates":[106.851867,-6.436055599999975],"type":"Point"},"properties":{"NAMA":"MIE GORENG SIMPANG CILODONG","TIPE_1":"MAKANAN DAN MINUMAN","TIPE_2":"RESTORAN","TIPE_3":"MIE DAN BAKSO","TELEPON":"","ALAMAT":"JALAN RAYA ASRAMA CILODONG KM.39, PABUARAN, KEC. CIBINONG, KABUPATEN BOGOR, JAWA BARAT 16414","ID_PROV":"32","PROVINSI":"JAWA BARAT","ID_KABKOT":"32.01","KABKOT":"BOGOR","ID_KEC":"32.01.01","KECAMATAN":"CIBINONG","ID_DESA":"32.01.01.1013","DESA":"PABUARAN MEKAR","LONGITUDE":106.851867,"LATITUDE":-6.4360556,"STATUS":"BUKA","TANGGAL UPDATE":"27/02/2025","TANGGAL PENGUMPULAN":"Q4 2023","q":27439,"r":-15154}},{"type":"Feature","geometry":{"coordinates":[106.80814560000005,-6.515864299999976],"type":"Point"},"properties":{"NAMA":"BAKMI JOGJA PAKDE ARMAN","TIPE_1":"MAKANAN DAN MINUMAN","TIPE_2":"RESTORAN","TIPE_3":"MIE DAN BAKSO","TELEPON":"0813-3125-0877","ALAMAT":"JL. RAYA KARADENAN, KARADENAN, KEC. CIBINONG, KABUPATEN BOGOR, JAWA BARAT 16413","ID_PROV":"32","PROVINSI":"JAWA BARAT","ID_KABKOT":"32.01","KABKOT":"BOGOR","ID_KEC":"32.01.01","KECAMATAN":"CIBINONG","ID_DESA":"32.01.01.1002","DESA":"KARADENAN","LONGITUDE":106.808145599999,"LATITUDE":-6.5158643,"STATUS":"BUKA","TANGGAL UPDATE":"27/02/2025","TANGGAL PENGUMPULAN":"Q4 2023","q":27428,"r":-15166}},{"type":"Feature","geometry":{"coordinates":[106.70242810000008,-6.437796699999979],"type":"Point"},"properties":{"NAMA":"MIE ACEH NASI GORENG (OM IWAN ACEH)","TIPE_1":"MAKANAN DAN MINUMAN","TIPE_2":"RESTORAN","TIPE_3":"NASI GORENG","TELEPON":"0853-1223-4018","ALAMAT":"JL. H. MAWI, RT.03/RW.01, BOJONG SEMPU, KEC. PARUNG, KABUPATEN BOGOR, JAWA BARAT 16330","ID_PROV":"32","PROVINSI":"JAWA BARAT","ID_KABKOT":"32.01","KABKOT":"BOGOR","ID_KEC":"32.01.10","KECAMATAN":"PARUNG","ID_DESA":"32.01.10.2003","DESA":"BOJONGSEMPU","LONGITUDE":106.702428099999,"LATITUDE":-6.4377967,"STATUS":"BUKA","TANGGAL UPDATE":"27/02/2025","TANGGAL PENGUMPULAN":"Q4 2023","q":27401,"r":-15135}},{"type":"Feature","geometry":{"coordinates":[106.83937560000004,-6.530525],"type":"Point"},"properties":{"NAMA":"MIE JOGJA PAK KARTO","TIPE_1":"MAKANAN DAN MINUMAN","TIPE_2":"RESTORAN","TIPE_3":"MIE DAN BAKSO","TELEPON":"0856-9153-2467","ALAMAT":"NO 12B, KOMPLEK RUKO TATYA ASRI, CIJUJUNG, KEC. SUKARAJA, KABUPATEN BOGOR, JAWA BARAT 16710","ID_PROV":"32","PROVINSI":"JAWA BARAT","ID_KABKOT":"32.01","KABKOT":"BOGOR","ID_KEC":"32.01.04","KECAMATAN":"SUKARAJA","ID_DESA":"32.01.04.2011","DESA":"CIJUJUNG","LONGITUDE":106.8393756,"LATITUDE":-6.530525,"STATUS":"BUKA","TANGGAL UPDATE":"27/02/2025","TANGGAL PENGUMPULAN":"Q4 2023","q":27436,"r":-15173}},{"type":"Feature","geometry":{"coordinates":[106.69422920000005,-6.556866199999945],"type":"Point"},"properties":{"NAMA":"NASI GORENG DAN MIE GORENG ANDIKA CIKAMPAK","TIPE_1":"MAKANAN DAN MINUMAN","TIPE_2":"RESTORAN","TIPE_3":"NASI GORENG","TELEPON":"","ALAMAT":"JL. RAYA CIKAMPAK NO.1, BOJONG RANGKAS, KEC. CIAMPEA, KABUPATEN BOGOR, JAWA BARAT 16620","ID_PROV":"32","PROVINSI":"JAWA BARAT","ID_KABKOT":"32.01","KABKOT":"BOGOR","ID_KEC":"32.01.15","KECAMATAN":"CIAMPEA","ID_DESA":"32.01.15.2009","DESA":"BOJONGRANGKAS","LONGITUDE":106.6942292,"LATITUDE":-6.5568662,"STATUS":"BUKA","TANGGAL UPDATE":"27/02/2025","TANGGAL PENGUMPULAN":"Q4 2023","q":27398,"r":-15161}},{"type":"Feature","geometry":{"coordinates":[106.72052440000004,-6.39537329999996],"type":"Point"},"properties":{"NAMA":"NASI & MIE GORENG TOLO","TIPE_1":"MAKANAN DAN MINUMAN","TIPE_2":"RESTORAN","TIPE_3":"MIE DAN BAKSO","TELEPON":"0882-9895-5712","ALAMAT":"JL. PERMATA BLOK D4A NO.22, CURUG, KEC. GN. SINDUR, KABUPATEN BOGOR, JAWA BARAT 16340","ID_PROV":"32","PROVINSI":"JAWA BARAT","ID_KABKOT":"32.01","KABKOT":"BOGOR","ID_KEC":"32.01.11","KECAMATAN":"GUNUNG SINDUR","ID_DESA":"32.01.11.2004","DESA":"CURUG","LONGITUDE":106.7205244,"LATITUDE":-6.3953733,"STATUS":"BUKA","TANGGAL UPDATE":"27/02/2025","TANGGAL PENGUMPULAN":"Q4 2023","q":27405,"r":-15128}},{"type":"Feature","geometry":{"coordinates":[106.83202620000009,-6.461478],"type":"Point"},"properties":{"NAMA":"BAKMI JAWA PAK OEI","TIPE_1":"MAKANAN DAN MINUMAN","TIPE_2":"RESTORAN","TIPE_3":"MIE DAN BAKSO","TELEPON":"0858-8852-0609","ALAMAT":"JL. RAYA SUKAHATI PERUMAHAN BUMI CIBINONG ENDAH NO.C3/22, RT.003/RW.009, SUKAHATI, CIBINONG, BOGOR REGENCY, WEST JAVA 16913","ID_PROV":"32","PROVINSI":"JAWA BARAT","ID_KABKOT":"32.01","KABKOT":"BOGOR","ID_KEC":"32.01.01","KECAMATAN":"CIBINONG","ID_DESA":"32.01.01.1003","DESA":"HARAPANJAYA","LONGITUDE":106.8320262,"LATITUDE":-6.461478,"STATUS":"BUKA","TANGGAL UPDATE":"27/02/2025","TANGGAL PENGUMPULAN":"Q4 2023","q":27434,"r":-15157}},{"type":"Feature","geometry":{"coordinates":[106.83789890000008,-6.525515299999938],"type":"Point"},"properties":{"NAMA":"BAKMI JAWA DEA","TIPE_1":"MAKANAN DAN MINUMAN","TIPE_2":"RESTORAN","TIPE_3":"MIE DAN BAKSO","TELEPON":"0813-1426-4837","ALAMAT":"JL. JEMB. HITAM NO.132, RT.6/RW.4, CIJUJUNG, KEC. SUKARAJA, KABUPATEN BOGOR, JAWA BARAT 16710","ID_PROV":"32","PROVINSI":"JAWA BARAT","ID_KABKOT":"32.01","KABKOT":"BOGOR","ID_KEC":"32.01.04","KECAMATAN":"SUKARAJA","ID_DESA":"32.01.04.2011","DESA":"CIJUJUNG","LONGITUDE":106.8378989,"LATITUDE":-6.5255153,"STATUS":"BUKA","TANGGAL UPDATE":"27/02/2025","TANGGAL PENGUMPULAN":"Q4 2023","q":27435,"r":-15172}},{"type":"Feature","geometry":{"coordinates":[106.64386730000007,-6.57956],"type":"Point"},"properties":{"NAMA":"WARUNG NASI & MIE GORENG IPONK","TIPE_1":"MAKANAN DAN MINUMAN","TIPE_2":"RESTORAN","TIPE_3":"MIE DAN BAKSO","TELEPON":"0857-7491-8665","ALAMAT":"JL. PASIR ANGIN NO.RT.14/4, CEMPLANG, KEC. CIBUNGBULANG, KABUPATEN BOGOR, JAWA BARAT 16630","ID_PROV":"32","PROVINSI":"JAWA BARAT","ID_KABKOT":"32.01","KABKOT":"BOGOR","ID_KEC":"32.01.16","KECAMATAN":"CIBUNGBULANG","ID_DESA":"32.01.16.2003","DESA":"CEMPLANG","LONGITUDE":106.6438673,"LATITUDE":-6.57956,"STATUS":"BUKA","TANGGAL UPDATE":"27/02/2025","TANGGAL PENGUMPULAN":"Q4 2023","q":27385,"r":-15159}},{"type":"Feature","geometry":{"coordinates":[106.82946450000009,-6.544582],"type":"Point"},"properties":{"NAMA":"NASI GORENG & MIE GORENG R&R","TIPE_1":"MAKANAN DAN MINUMAN","TIPE_2":"RESTORAN","TIPE_3":"NASI GORENG","TELEPON":"0852-1411-2250","ALAMAT":"JLN DESA PASIRLAJA RT 001/002 NO, PASIRLAYA, KEC. SUKARAJA, KABUPATEN BOGOR, JAWA BARAT 16710","ID_PROV":"32","PROVINSI":"JAWA BARAT","ID_KABKOT":"32.01","KABKOT":"BOGOR","ID_KEC":"32.01.04","KECAMATAN":"SUKARAJA","ID_DESA":"32.01.04.2013","DESA":"PASIRLAJA","LONGITUDE":106.8294645,"LATITUDE":-6.544582,"STATUS":"BUKA","TANGGAL UPDATE":"27/02/2025","TANGGAL PENGUMPULAN":"Q4 2023","q":27433,"r":-15175}},{"type":"Feature","geometry":{"coordinates":[106.67265090000006,-6.453968299999929],"type":"Point"},"properties":{"NAMA":"WARUNG NASI GORENG DAN MIE GORENG TEH SITI","TIPE_1":"MAKANAN DAN MINUMAN","TIPE_2":"RESTORAN","TIPE_3":"NASI GORENG","TELEPON":"0838-1915-3950","ALAMAT":"JL. RAYA H. USA RAYA NO.109, CIBEUTEUNG MUARA, KEC. CISEENG, KABUPATEN BOGOR, JAWA BARAT 16120","ID_PROV":"32","PROVINSI":"JAWA BARAT","ID_KABKOT":"32.01","KABKOT":"BOGOR","ID_KEC":"32.01.33","KECAMATAN":"CISEENG","ID_DESA":"32.01.33.2009","DESA":"CIBEUTEUNG MUARA","LONGITUDE":106.6726509,"LATITUDE":-6.4539683,"STATUS":"BUKA","TANGGAL UPDATE":"27/02/2025","TANGGAL PENGUMPULAN":"Q4 2023","q":27393,"r":-15135}},{"type":"Feature","geometry":{"coordinates":[106.69063370000003,-6.427327],"type":"Point"},"properties":{"NAMA":"MIE AH (ENGKOH)","TIPE_1":"MAKANAN DAN MINUMAN","TIPE_2":"RESTORAN","TIPE_3":"MIE DAN BAKSO","TELEPON":"","ALAMAT":"UNNAMED ROAD, COGREG, KEC. PARUNG, KABUPATEN BOGOR, JAWA BARAT 16330","ID_PROV":"32","PROVINSI":"JAWA BARAT","ID_KABKOT":"32.01","KABKOT":"BOGOR","ID_KEC":"32.01.10","KECAMATAN":"PARUNG","ID_DESA":"32.01.10.2005","DESA":"COGREG","LONGITUDE":106.690633699999,"LATITUDE":-6.427327,"STATUS":"BUKA","TANGGAL UPDATE":"27/02/2025","TANGGAL PENGUMPULAN":"Q4 2023","q":27397,"r":-15131}},{"type":"Feature","geometry":{"coordinates":[106.718068,-6.393279099999972],"type":"Point"},"properties":{"NAMA":"BAKMI JM","TIPE_1":"MAKANAN DAN MINUMAN","TIPE_2":"RESTORAN","TIPE_3":"MIE DAN BAKSO","TELEPON":"0821-2565-9603","ALAMAT":"GRIA CENDIKIA. BLK. C5 NO.15, CURUG, KEC. GN. SINDUR, KABUPATEN BOGOR, JAWA BARAT 16340","ID_PROV":"32","PROVINSI":"JAWA BARAT","ID_KABKOT":"32.01","KABKOT":"BOGOR","ID_KEC":"32.01.11","KECAMATAN":"GUNUNG SINDUR","ID_DESA":"32.01.11.2004","DESA":"CURUG","LONGITUDE":106.718067999999,"LATITUDE":-6.3932791,"STATUS":"BUKA","TANGGAL UPDATE":"27/02/2025","TANGGAL PENGUMPULAN":"Q4 2023","q":27405,"r":-15127}},{"type":"Feature","geometry":{"coordinates":[106.84451070000006,-6.478823099999943],"type":"Point"},"properties":{"NAMA":"BAKMI JOGJA PAK ADI","TIPE_1":"MAKANAN DAN MINUMAN","TIPE_2":"RESTORAN","TIPE_3":"MIE DAN BAKSO","TELEPON":"0856-8750-077","ALAMAT":"JL. RAYA JAKARTA-BOGOR NO.KM 41, CIRIMEKAR, KEC. CIBINONG, KABUPATEN BOGOR, JAWA BARAT 16917","ID_PROV":"32","PROVINSI":"JAWA BARAT","ID_KABKOT":"32.01","KABKOT":"BOGOR","ID_KEC":"32.01.01","KECAMATAN":"CIBINONG","ID_DESA":"32.01.01.1007","DESA":"PAKANSARI","LONGITUDE":106.8445107,"LATITUDE":-6.4788231,"STATUS":"BUKA","TANGGAL UPDATE":"27/02/2025","TANGGAL PENGUMPULAN":"Q4 2023","q":27437,"r":-15162}},{"type":"Feature","geometry":{"coordinates":[106.85522490000005,-6.456115299999965],"type":"Point"},"properties":{"NAMA":"BAKMI JAWA PAK ADI","TIPE_1":"MAKANAN DAN MINUMAN","TIPE_2":"RESTORAN","TIPE_3":"MIE DAN BAKSO","TELEPON":"","ALAMAT":"JL. RAYA JAKARTA-BOGOR NO.721, PABUARAN, KEC. CIBINONG, KABUPATEN BOGOR, JAWA BARAT 16916","ID_PROV":"32","PROVINSI":"JAWA BARAT","ID_KABKOT":"32.01","KABKOT":"BOGOR","ID_KEC":"32.01.01","KECAMATAN":"CIBINONG","ID_DESA":"32.01.01.1012","DESA":"PABUARAN","LONGITUDE":106.8552249,"LATITUDE":-6.4561153,"STATUS":"BUKA","TANGGAL UPDATE":"27/02/2025","TANGGAL PENGUMPULAN":"Q4 2023","q":27440,"r":-15159}},{"type":"Feature","geometry":{"coordinates":[106.86159560000004,-6.570351099999925],"type":"Point"},"properties":{"NAMA":"BAKMI GOLEK SENTUL","TIPE_1":"MAKANAN DAN MINUMAN","TIPE_2":"RESTORAN","TIPE_3":"MIE DAN BAKSO","TELEPON":"(021) 87960257","ALAMAT":"RUKO PLAZA NIAGA SENTUL CITY, JL. MH. THAMRIN BLOK A NO.35, CITARINGGUL, KEC. BABAKAN MADANG, KABUPATEN BOGOR, JAWA BARAT 16810","ID_PROV":"32","PROVINSI":"JAWA BARAT","ID_KABKOT":"32.01","KABKOT":"BOGOR","ID_KEC":"32.01.05","KECAMATAN":"BABAKAN MADANG","ID_DESA":"32.01.05.2007","DESA":"CITARINGGUL","LONGITUDE":106.8615956,"LATITUDE":-6.5703511,"STATUS":"BUKA","TANGGAL UPDATE":"27/02/2025","TANGGAL PENGUMPULAN":"Q4 2023","q":27441,"r":-15185}},{"type":"Feature","geometry":{"coordinates":[106.85141470000008,-6.470501299999967],"type":"Point"},"properties":{"NAMA":"BAKMI ABUN 33","TIPE_1":"MAKANAN DAN MINUMAN","TIPE_2":"RESTORAN","TIPE_3":"MIE DAN BAKSO","TELEPON":"","ALAMAT":"JALAN KAYU MANIS RT 04 RW 04 #1 CIRIMEKAR CIBINONG, CIRIMEKAR, KEC. CIBINONG, KABUPATEN BOGOR, JAWA BARAT 16917","ID_PROV":"32","PROVINSI":"JAWA BARAT","ID_KABKOT":"32.01","KABKOT":"BOGOR","ID_KEC":"32.01.01","KECAMATAN":"CIBINONG","ID_DESA":"32.01.01.1011","DESA":"CIRIMEKAR","LONGITUDE":106.851414699999,"LATITUDE":-6.4705013,"STATUS":"BUKA","TANGGAL UPDATE":"27/02/2025","TANGGAL PENGUMPULAN":"Q4 2023","q":27439,"r":-15161}},{"type":"Feature","geometry":{"coordinates":[106.79493730000007,-6.447215399999948],"type":"Point"},"properties":{"NAMA":"MIE AYAM BANGKA TERAS 18","TIPE_1":"MAKANAN DAN MINUMAN","TIPE_2":"RESTORAN","TIPE_3":"MIE DAN BAKSO","TELEPON":"0858-7153-0197","ALAMAT":"PERUMAHAN LEMBAH GRIYA INDAH, JL. CENDRAWASI I BLOK D7 NO 18, RT.08/RW.013, RAGAJAYA, KECAMATAN BOJONGGEDE, KABUPATEN BOGOR, JAWA BARAT 16920","ID_PROV":"32","PROVINSI":"JAWA BARAT","ID_KABKOT":"32.01","KABKOT":"BOGOR","ID_KEC":"32.01.13","KECAMATAN":"BOJONG GEDE","ID_DESA":"32.01.13.2004","DESA":"RAGAJAYA","LONGITUDE":106.7949373,"LATITUDE":-6.4472154,"STATUS":"BUKA","TANGGAL UPDATE":"27/02/2025","TANGGAL PENGUMPULAN":"Q4 2023","q":27424,"r":-15149}},{"type":"Feature","geometry":{"coordinates":[106.844671,-6.473120799999947],"type":"Point"},"properties":{"NAMA":"ES OYEN & MIE AYAM JJ","TIPE_1":"MAKANAN DAN MINUMAN","TIPE_2":"RESTORAN","TIPE_3":"MIE DAN BAKSO","TELEPON":"0896-6238-4281","ALAMAT":"PERUMAHAN PURI NIRWANA I BLOK C NO.3, JL. BOROBUDUR NO.2, RT.11/RW.16, PABUARAN, KEC. CIBINONG, KABUPATEN BOGOR, JAWA BARAT 16916","ID_PROV":"32","PROVINSI":"JAWA BARAT","ID_KABKOT":"32.01","KABKOT":"BOGOR","ID_KEC":"32.01.01","KECAMATAN":"CIBINONG","ID_DESA":"32.01.01.1012","DESA":"PABUARAN","LONGITUDE":106.844671,"LATITUDE":-6.4731208,"STATUS":"BUKA","TANGGAL UPDATE":"27/02/2025","TANGGAL PENGUMPULAN":"Q4 2023","q":27437,"r":-15161}},{"type":"Feature","geometry":{"coordinates":[106.80312620000007,-6.509179099999926],"type":"Point"},"properties":{"NAMA":"MIE AYAM BANGKA BATASIT","TIPE_1":"MAKANAN DAN MINUMAN","TIPE_2":"RESTORAN","TIPE_3":"MIE DAN BAKSO","TELEPON":"","ALAMAT":"PERUM ACROPOLIS, CIBINONG, KEC. CIBINONG, KABUPATEN BOGOR, JAWA BARAT 16913","ID_PROV":"32","PROVINSI":"JAWA BARAT","ID_KABKOT":"32.01","KABKOT":"BOGOR","ID_KEC":"32.01.01","KECAMATAN":"CIBINONG","ID_DESA":"32.01.01.1002","DESA":"KARADENAN","LONGITUDE":106.8031262,"LATITUDE":-6.5091791,"STATUS":"BUKA","TANGGAL UPDATE":"27/02/2025","TANGGAL PENGUMPULAN":"Q4 2023","q":27426,"r":-15164}},{"type":"Feature","geometry":{"coordinates":[106.86488930000007,-6.570834399999967],"type":"Point"},"properties":{"NAMA":"BAKMI JOWO PAK YUDI","TIPE_1":"MAKANAN DAN MINUMAN","TIPE_2":"RESTORAN","TIPE_3":"MIE DAN BAKSO","TELEPON":"0852-1938-2551","ALAMAT":"JL. BABAKAN MADANG NO.17, BABAKAN MADANG, KEC. BABAKAN MADANG, KABUPATEN BOGOR, JAWA BARAT 16810","ID_PROV":"32","PROVINSI":"JAWA BARAT","ID_KABKOT":"32.01","KABKOT":"BOGOR","ID_KEC":"32.01.05","KECAMATAN":"BABAKAN MADANG","ID_DESA":"32.01.05.2008","DESA":"BABAKAN MADANG","LONGITUDE":106.8648893,"LATITUDE":-6.5708344,"STATUS":"BUKA","TANGGAL UPDATE":"27/02/2025","TANGGAL PENGUMPULAN":"Q4 2023","q":27442,"r":-15186}},{"type":"Feature","geometry":{"coordinates":[106.74036620000004,-6.467282199999943],"type":"Point"},"properties":{"NAMA":"BAKMI JAWA PAKDE JONO","TIPE_1":"MAKANAN DAN MINUMAN","TIPE_2":"RESTORAN","TIPE_3":"MIE DAN BAKSO","TELEPON":"","ALAMAT":"KALISUREN, KEC. TAJUR HALANG, KABUPATEN BOGOR, JAWA BARAT 16320","ID_PROV":"32","PROVINSI":"JAWA BARAT","ID_KABKOT":"32.01","KABKOT":"BOGOR","ID_KEC":"32.01.37","KECAMATAN":"TAJURHALANG","ID_DESA":"32.01.37.2007","DESA":"KALISUREN","LONGITUDE":106.7403662,"LATITUDE":-6.4672822,"STATUS":"BUKA","TANGGAL UPDATE":"27/02/2025","TANGGAL PENGUMPULAN":"Q4 2023","q":27410,"r":-15146}},{"type":"Feature","geometry":{"coordinates":[106.83370690000004,-6.50213679999996],"type":"Point"},"properties":{"NAMA":"MIE ACEH PAKANSARI","TIPE_1":"MAKANAN DAN MINUMAN","TIPE_2":"RESTORAN","TIPE_3":"MIE DAN BAKSO","TELEPON":"0812-8557-2025","ALAMAT":"JL. RODA PEMBANGUNAN, NANGGEWER, KEC. CIBINONG, KABUPATEN BOGOR, JAWA BARAT 16912","ID_PROV":"32","PROVINSI":"JAWA BARAT","ID_KABKOT":"32.01","KABKOT":"BOGOR","ID_KEC":"32.01.01","KECAMATAN":"CIBINONG","ID_DESA":"32.01.01.1005","DESA":"NANGGEWER MEKAR","LONGITUDE":106.8337069,"LATITUDE":-6.5021368,"STATUS":"BUKA","TANGGAL UPDATE":"27/02/2025","TANGGAL PENGUMPULAN":"Q4 2023","q":27434,"r":-15166}},{"type":"Feature","geometry":{"coordinates":[106.86229860000009,-6.564129399999956],"type":"Point"},"properties":{"NAMA":"MIE JAWA ASLI JOGJA","TIPE_1":"MAKANAN DAN MINUMAN","TIPE_2":"RESTORAN","TIPE_3":"MIE DAN BAKSO","TELEPON":"0812-8007-6879","ALAMAT":"EATERY FOOD TERMINAL PASAR BERSIH SENTUL CITY BLOK FC NO. 7, JL. RAYA BABAKAN MADANG, CITARINGGUL, KEC. BABAKAN MADANG, KABUPATEN BOGOR, JAWA BARAT 16810","ID_PROV":"32","PROVINSI":"JAWA BARAT","ID_KABKOT":"32.01","KABKOT":"BOGOR","ID_KEC":"32.01.05","KECAMATAN":"BABAKAN MADANG","ID_DESA":"32.01.05.2007","DESA":"CITARINGGUL","LONGITUDE":106.862298599999,"LATITUDE":-6.5641294,"STATUS":"BUKA","TANGGAL UPDATE":"27/02/2025","TANGGAL PENGUMPULAN":"Q4 2023","q":27442,"r":-15184}},{"type":"Feature","geometry":{"coordinates":[106.817374,-6.482853],"type":"Point"},"properties":{"NAMA":"MIE AYAM BAKSO MAJU JAYA","TIPE_1":"MAKANAN DAN MINUMAN","TIPE_2":"RESTORAN","TIPE_3":"MIE DAN BAKSO","TELEPON":"0852-1161-4146","ALAMAT":"JL. SUKAHATI RAYA, NO. 35, RT.1/RW.8, SUKAHATI, KEC. CIBINONG, KABUPATEN BOGOR, JAWA BARAT 16913","ID_PROV":"32","PROVINSI":"JAWA BARAT","ID_KABKOT":"32.01","KABKOT":"BOGOR","ID_KEC":"32.01.01","KECAMATAN":"CIBINONG","ID_DESA":"32.01.01.1009","DESA":"SUKAHATI","LONGITUDE":106.817374,"LATITUDE":-6.482853,"STATUS":"BUKA","TANGGAL UPDATE":"27/02/2025","TANGGAL PENGUMPULAN":"Q4 2023","q":27430,"r":-15160}},{"type":"Feature","geometry":{"coordinates":[106.857461,-6.567233499999929],"type":"Point"},"properties":{"NAMA":"BAKMI GM AEON SENTUL","TIPE_1":"MAKANAN DAN MINUMAN","TIPE_2":"RESTORAN","TIPE_3":"MIE DAN BAKSO","TELEPON":"","ALAMAT":"AEON SENTUL CITY, JL. MH. THAMRIN, CITARINGGUL, BABAKAN MADANG, BOGOR REGENCY, WEST JAVA 16810","ID_PROV":"32","PROVINSI":"JAWA BARAT","ID_KABKOT":"32.01","KABKOT":"BOGOR","ID_KEC":"32.01.05","KECAMATAN":"BABAKAN MADANG","ID_DESA":"32.01.05.2007","DESA":"CITARINGGUL","LONGITUDE":106.857461,"LATITUDE":-6.5672335,"STATUS":"BUKA","TANGGAL UPDATE":"27/02/2025","TANGGAL PENGUMPULAN":"Q4 2023","q":27440,"r":-15184}},{"type":"Feature","geometry":{"coordinates":[106.80221290000009,-6.528710299999943],"type":"Point"},"properties":{"NAMA":"MIE AYAM BP","TIPE_1":"MAKANAN DAN MINUMAN","TIPE_2":"RESTORAN","TIPE_3":"MIE DAN BAKSO","TELEPON":"0878-7085-8849","ALAMAT":"JALAN RUKO JAMBUDIPA NO. 1, RT.03/RW.06, CILEBUT TIM., KEC. SUKARAJA, KABUPATEN BOGOR, JAWA BARAT 16710","ID_PROV":"32","PROVINSI":"JAWA BARAT","ID_KABKOT":"32.01","KABKOT":"BOGOR","ID_KEC":"32.01.04","KECAMATAN":"SUKARAJA","ID_DESA":"32.01.04.2002","DESA":"CILEBUT TIMUR","LONGITUDE":106.8022129,"LATITUDE":-6.5287103,"STATUS":"BUKA","TANGGAL UPDATE":"27/02/2025","TANGGAL PENGUMPULAN":"Q4 2023","q":27426,"r":-15168}},{"type":"Feature","geometry":{"coordinates":[106.99123610000004,-6.391822799999943],"type":"Point"},"properties":{"NAMA":"BAKMIE JKS","TIPE_1":"MAKANAN DAN MINUMAN","TIPE_2":"RESTORAN","TIPE_3":"MIE DAN BAKSO","TELEPON":"0815-5357-4596","ALAMAT":"KP.NYANGEGENG CIPENJO RT 08 RW 4 NO 58 CILEUNGSI KIDUL CILEUNGSI KP.NYANGEGENG DESA CIPENJO RT 08 RW 04 NO 58 KP.NYANGEGENG DESA CIPENJO RT 08 RW 04 NO 58, KABUPATEN BOGOR, JAWA BARAT 16820","ID_PROV":"32","PROVINSI":"JAWA BARAT","ID_KABKOT":"32.01","KABKOT":"BOGOR","ID_KEC":"32.01.07","KECAMATAN":"CILEUNGSI","ID_DESA":"32.01.07.2010","DESA":"CIPENJO","LONGITUDE":106.9912361,"LATITUDE":-6.3918228,"STATUS":"BUKA","TANGGAL UPDATE":"27/02/2025","TANGGAL PENGUMPULAN":"Q4 2023","q":27475,"r":-15162}},{"type":"Feature","geometry":{"coordinates":[106.71307340000004,-6.416927199999975],"type":"Point"},"properties":{"NAMA":"WARUNG MIE AYAM PAKDE SUKINO","TIPE_1":"MAKANAN DAN MINUMAN","TIPE_2":"RESTORAN","TIPE_3":"MIE DAN BAKSO","TELEPON":"0813-1456-8266","ALAMAT":"JL. GAMANG, WARU, KEC. PARUNG, KABUPATEN BOGOR, JAWA BARAT 16330","ID_PROV":"32","PROVINSI":"JAWA BARAT","ID_KABKOT":"32.01","KABKOT":"BOGOR","ID_KEC":"32.01.10","KECAMATAN":"PARUNG","ID_DESA":"32.01.10.2004","DESA":"WARU","LONGITUDE":106.7130734,"LATITUDE":-6.4169272,"STATUS":"BUKA","TANGGAL UPDATE":"27/02/2025","TANGGAL PENGUMPULAN":"Q4 2023","q":27403,"r":-15132}},{"type":"Feature","geometry":{"coordinates":[106.77150340000009,-6.624095599999976],"type":"Point"},"properties":{"NAMA":"BAKSO & MIE AYAM EDI SBR","TIPE_1":"MAKANAN DAN MINUMAN","TIPE_2":"RESTORAN","TIPE_3":"MIE DAN BAKSO","TELEPON":"0857-1612-7014","ALAMAT":"JALAN SINDANG BARANG PARAKAN, PARAKAN, SIRNAGALIH, KEC. TAMANSARI, KABUPATEN BOGOR, JAWA BARAT 16610","ID_PROV":"32","PROVINSI":"JAWA BARAT","ID_KABKOT":"32.01","KABKOT":"BOGOR","ID_KEC":"32.01.29","KECAMATAN":"CIOMAS","ID_DESA":"32.01.29.2004","DESA":"PARAKAN","LONGITUDE":106.7715034,"LATITUDE":-6.6240956,"STATUS":"BUKA","TANGGAL UPDATE":"27/02/2025","TANGGAL PENGUMPULAN":"Q4 2023","q":27418,"r":-15186}},{"type":"Feature","geometry":{"coordinates":[106.72451730000006,-6.429412399999933],"type":"Point"},"properties":{"NAMA":"WARUNG SEBLAK MAMA FERRO(SEBLAKMIE DOK-DOKMIE TEK-TEKDLL) GOFOOD/GOBIZ","TIPE_1":"MAKANAN DAN MINUMAN","TIPE_2":"RESTORAN","TIPE_3":"MIE DAN BAKSO","TELEPON":"0896-9527-0090","ALAMAT":"JL.H.MAWI KP.JATI GG.MASJID AL ISHLAH RT.001/003 NO.04, PARUNG, KEC. PARUNG, KABUPATEN BOGOR, JAWA BARAT 16330","ID_PROV":"32","PROVINSI":"JAWA BARAT","ID_KABKOT":"32.01","KABKOT":"BOGOR","ID_KEC":"32.01.10","KECAMATAN":"PARUNG","ID_DESA":"32.01.10.2001","DESA":"PARUNG","LONGITUDE":106.7245173,"LATITUDE":-6.4294124,"STATUS":"BUKA","TANGGAL UPDATE":"27/02/2025","TANGGAL PENGUMPULAN":"Q4 2023","q":27406,"r":-15136}},{"type":"Feature","geometry":{"coordinates":[106.79214170000006,-6.459368199999972],"type":"Point"},"properties":{"NAMA":"MIE AYAM FAJAR PURI BOJONG LESTARI","TIPE_1":"MAKANAN DAN MINUMAN","TIPE_2":"RESTORAN","TIPE_3":"MIE DAN BAKSO","TELEPON":"0812-9911-3433","ALAMAT":"PERUMAHAN PURI BOJONG LESTARI TAHAP 2, CITAYAM, BLOK BB1, RT.7/RW.17, PABUARAN, KECAMATAN BOJONGGEDE, KABUPATEN BOGOR, JAWA BARAT 16920","ID_PROV":"32","PROVINSI":"JAWA BARAT","ID_KABKOT":"32.01","KABKOT":"BOGOR","ID_KEC":"32.01.13","KECAMATAN":"BOJONG GEDE","ID_DESA":"32.01.13.1007","DESA":"PABUARAN","LONGITUDE":106.7921417,"LATITUDE":-6.4593682,"STATUS":"BUKA","TANGGAL UPDATE":"27/02/2025","TANGGAL PENGUMPULAN":"Q4 2023","q":27424,"r":-15151}},{"type":"Feature","geometry":{"coordinates":[106.81924280000004,-6.523069299999975],"type":"Point"},"properties":{"NAMA":"PANGSIT GORENG KEYSHA","TIPE_1":"MAKANAN DAN MINUMAN","TIPE_2":"RESTORAN","TIPE_3":"MIE DAN BAKSO","TELEPON":"0896-0394-9491","ALAMAT":"JL. RAYA KP. KAUM PANDAK, RT.04/RW.08, KARADENAN, KEC. CIBINONG, KABUPATEN BOGOR, JAWA BARAT 16913","ID_PROV":"32","PROVINSI":"JAWA BARAT","ID_KABKOT":"32.01","KABKOT":"BOGOR","ID_KEC":"32.01.01","KECAMATAN":"CIBINONG","ID_DESA":"32.01.01.1002","DESA":"KARADENAN","LONGITUDE":106.8192428,"LATITUDE":-6.5230693,"STATUS":"BUKA","TANGGAL UPDATE":"27/02/2025","TANGGAL PENGUMPULAN":"Q4 2023","q":27431,"r":-15169}},{"type":"Feature","geometry":{"coordinates":[106.72938580000005,-6.472692099999961],"type":"Point"},"properties":{"NAMA":"MIE NANGGROE ACEH","TIPE_1":"MAKANAN DAN MINUMAN","TIPE_2":"RESTORAN","TIPE_3":"MIE DAN BAKSO","TELEPON":"0812-6975-400","ALAMAT":"JL. RAYA PARUNG NO.KM. 47, JAMPANG, KEC. KEMANG, KABUPATEN BOGOR, JAWA BARAT 16310","ID_PROV":"32","PROVINSI":"JAWA BARAT","ID_KABKOT":"32.01","KABKOT":"BOGOR","ID_KEC":"32.01.12","KECAMATAN":"KEMANG","ID_DESA":"32.01.12.2007","DESA":"JAMPANG","LONGITUDE":106.729385799999,"LATITUDE":-6.4726921,"STATUS":"BUKA","TANGGAL UPDATE":"27/02/2025","TANGGAL PENGUMPULAN":"Q4 2023","q":27407,"r":-15146}},{"type":"Feature","geometry":{"coordinates":[106.82042380000007,-6.489682499999958],"type":"Point"},"properties":{"NAMA":"KEDAI MIE SETAN JONTOR","TIPE_1":"MAKANAN DAN MINUMAN","TIPE_2":"RESTORAN","TIPE_3":"MIE DAN BAKSO","TELEPON":"0878-6113-0433","ALAMAT":"JL. MASJID NURUL HIDAYAH NO.1, SUKAHATI, KEC. CIBINONG, KABUPATEN BOGOR, JAWA BARAT 16913","ID_PROV":"32","PROVINSI":"JAWA BARAT","ID_KABKOT":"32.01","KABKOT":"BOGOR","ID_KEC":"32.01.01","KECAMATAN":"CIBINONG","ID_DESA":"32.01.01.1009","DESA":"SUKAHATI","LONGITUDE":106.8204238,"LATITUDE":-6.4896825,"STATUS":"BUKA","TANGGAL UPDATE":"27/02/2025","TANGGAL PENGUMPULAN":"Q4 2023","q":27431,"r":-15162}},{"type":"Feature","geometry":{"coordinates":[106.84351660000004,-6.475168599999961],"type":"Point"},"properties":{"NAMA":"MIE BANGKA AGA","TIPE_1":"MAKANAN DAN MINUMAN","TIPE_2":"RESTORAN","TIPE_3":"MIE DAN BAKSO","TELEPON":"0821-1155-0985","ALAMAT":"JL. RAYA CIKARET, PAKANSARI, KEC. CIBINONG, KABUPATEN BOGOR, JAWA BARAT 16915","ID_PROV":"32","PROVINSI":"JAWA BARAT","ID_KABKOT":"32.01","KABKOT":"BOGOR","ID_KEC":"32.01.01","KECAMATAN":"CIBINONG","ID_DESA":"32.01.01.1003","DESA":"HARAPANJAYA","LONGITUDE":106.8435166,"LATITUDE":-6.4751686,"STATUS":"BUKA","TANGGAL UPDATE":"27/02/2025","TANGGAL PENGUMPULAN":"Q4 2023","q":27437,"r":-15161}},{"type":"Feature","geometry":{"coordinates":[106.68631790000006,-6.387156699999935],"type":"Point"},"properties":{"NAMA":"MIE AYAM SLIPI 76","TIPE_1":"MAKANAN DAN MINUMAN","TIPE_2":"RESTORAN","TIPE_3":"MIE DAN BAKSO","TELEPON":"0812-1274-7249","ALAMAT":"GRIYA INDAH SERPONG BLOK G3 NO 4, GN. SINDUR, KEC. GN. SINDUR, KABUPATEN BOGOR, JAWA BARAT 16340","ID_PROV":"32","PROVINSI":"JAWA BARAT","ID_KABKOT":"32.01","KABKOT":"BOGOR","ID_KEC":"32.01.11","KECAMATAN":"GUNUNG SINDUR","ID_DESA":"32.01.11.2005","DESA":"GUNUNGSINDUR","LONGITUDE":106.686317899999,"LATITUDE":-6.3871567,"STATUS":"BUKA","TANGGAL UPDATE":"27/02/2025","TANGGAL PENGUMPULAN":"Q4 2023","q":27396,"r":-15122}},{"type":"Feature","geometry":{"coordinates":[106.81109820000006,-6.521465499999977],"type":"Point"},"properties":{"NAMA":"NASI GORENG LANGGENG","TIPE_1":"MAKANAN DAN MINUMAN","TIPE_2":"RESTORAN","TIPE_3":"NASI GORENG","TELEPON":"","ALAMAT":"KARADENAN, KEC. CIBINONG, KABUPATEN BOGOR, JAWA BARAT 16913","ID_PROV":"32","PROVINSI":"JAWA BARAT","ID_KABKOT":"32.01","KABKOT":"BOGOR","ID_KEC":"32.01.01","KECAMATAN":"CIBINONG","ID_DESA":"32.01.01.1002","DESA":"KARADENAN","LONGITUDE":106.811098199999,"LATITUDE":-6.5214655,"STATUS":"BUKA","TANGGAL UPDATE":"27/02/2025","TANGGAL PENGUMPULAN":"Q4 2023","q":27428,"r":-15168}},{"type":"Feature","geometry":{"coordinates":[106.788773,-6.498513899999978],"type":"Point"},"properties":{"NAMA":"MIE AYAM CABE ULEG FARIZAYNN BOJONG GEDE","TIPE_1":"MAKANAN DAN MINUMAN","TIPE_2":"RESTORAN","TIPE_3":"MIE DAN BAKSO","TELEPON":"0821-1456-9631","ALAMAT":"JALAN PERUM BOJONG GEDE ASRI, KEDUNG WARINGIN, KECAMATAN BOJONGGEDE, KABUPATEN BOGOR, JAWA BARAT 16923","ID_PROV":"32","PROVINSI":"JAWA BARAT","ID_KABKOT":"32.01","KABKOT":"BOGOR","ID_KEC":"32.01.13","KECAMATAN":"BOJONG GEDE","ID_DESA":"32.01.13.2005","DESA":"KEDUNGWARINGIN","LONGITUDE":106.788773,"LATITUDE":-6.4985139,"STATUS":"BUKA","TANGGAL UPDATE":"27/02/2025","TANGGAL PENGUMPULAN":"Q4 2023","q":27423,"r":-15160}},{"type":"Feature","geometry":{"coordinates":[106.76706620000004,-6.513043499999981],"type":"Point"},"properties":{"NAMA":"BAKSO & MIE AYAM UMI AAM","TIPE_1":"MAKANAN DAN MINUMAN","TIPE_2":"RESTORAN","TIPE_3":"MIE DAN BAKSO","TELEPON":"0857-1763-5648","ALAMAT":"KP. LAMPING JAYA NO.36, RT.02/RW.10, CIMANGGIS, KECAMATAN BOJONGGEDE, KABUPATEN BOGOR, JAWA BARAT 16310","ID_PROV":"32","PROVINSI":"JAWA BARAT","ID_KABKOT":"32.01","KABKOT":"BOGOR","ID_KEC":"32.01.12","KECAMATAN":"KEMANG","ID_DESA":"32.01.12.2002","DESA":"PARAKANJAYA","LONGITUDE":106.7670662,"LATITUDE":-6.5130435,"STATUS":"BUKA","TANGGAL UPDATE":"27/02/2025","TANGGAL PENGUMPULAN":"Q4 2023","q":27417,"r":-15160}},{"type":"Feature","geometry":{"coordinates":[106.884031,-6.476345],"type":"Point"},"properties":{"NAMA":"WARMINDO ASGAR","TIPE_1":"MAKANAN DAN MINUMAN","TIPE_2":"RESTORAN","TIPE_3":"MIE DAN BAKSO","TELEPON":"0823-1921-1005","ALAMAT":"JALAN MAYOR OKING CITEUREUP KAMURANG RT 003 RW 05 KELURAHAN KECAMATAN, PUSPANEGARA, KEC. CITEUREUP, KABUPATEN BOGOR, JAWA BARAT 16810","ID_PROV":"32","PROVINSI":"JAWA BARAT","ID_KABKOT":"32.01","KABKOT":"BOGOR","ID_KEC":"32.01.03","KECAMATAN":"CITEUREUP","ID_DESA":"32.01.03.1006","DESA":"PUSPANEGARA","LONGITUDE":106.884031,"LATITUDE":-6.476345,"STATUS":"BUKA","TANGGAL UPDATE":"27/02/2025","TANGGAL PENGUMPULAN":"Q4 2023","q":27447,"r":-15167}},{"type":"Feature","geometry":{"coordinates":[106.90665680000006,-6.439871499999981],"type":"Point"},"properties":{"NAMA":"MIE YUSUKA - GUNUNG PUTRI","TIPE_1":"MAKANAN DAN MINUMAN","TIPE_2":"RESTORAN","TIPE_3":"MIE DAN BAKSO","TELEPON":"0812-1782-1812","ALAMAT":"JL. GRIYA BUKIT JAYA JL. RAYA VENUS NO.10, TLAJUNG UDIK, KEC. GN. PUTRI, KABUPATEN BOGOR, JAWA BARAT","ID_PROV":"32","PROVINSI":"JAWA BARAT","ID_KABKOT":"32.01","KABKOT":"BOGOR","ID_KEC":"32.01.02","KECAMATAN":"GUNUNG PUTRI","ID_DESA":"32.01.02.2006","DESA":"TLAJUNG UDIK","LONGITUDE":106.9066568,"LATITUDE":-6.4398715,"STATUS":"BUKA","TANGGAL UPDATE":"27/02/2025","TANGGAL PENGUMPULAN":"Q4 2023","q":27453,"r":-15162}},{"type":"Feature","geometry":{"coordinates":[106.97024410000006,-6.704395899999952],"type":"Point"},"properties":{"NAMA":"TEA CORNER GUNUNG MAS","TIPE_1":"MAKANAN DAN MINUMAN","TIPE_2":"RESTORAN","TIPE_3":"MIE DAN BAKSO","TELEPON":"(0251) 8250356","ALAMAT":"JALAN PANGRANGO, TUGU SELATAN, CISARUA, TUGU SEL., KEC. CISARUA, KABUPATEN BOGOR, JAWA BARAT 16750","ID_PROV":"32","PROVINSI":"JAWA BARAT","ID_KABKOT":"32.01","KABKOT":"BOGOR","ID_KEC":"32.01.25","KECAMATAN":"CISARUA","ID_DESA":"32.01.25.2006","DESA":"TUGU SELATAN","LONGITUDE":106.9702441,"LATITUDE":-6.7043959,"STATUS":"BUKA","TANGGAL UPDATE":"27/02/2025","TANGGAL PENGUMPULAN":"Q4 2023","q":27469,"r":-15229}},{"type":"Feature","geometry":{"coordinates":[106.76705160000006,-6.602659599999981],"type":"Point"},"properties":{"NAMA":"MOZZRENG CIOMAS","TIPE_1":"MAKANAN DAN MINUMAN","TIPE_2":"RESTORAN","TIPE_3":"RESTORAN KOREA","TELEPON":"0878-8045-9521","ALAMAT":"JL. RAYA CIOMAS NO.344, CIOMAS RAHAYU, CIOMAS, BOGOR REGENCY, WEST JAVA 16610","ID_PROV":"32","PROVINSI":"JAWA BARAT","ID_KABKOT":"32.01","KABKOT":"BOGOR","ID_KEC":"32.01.29","KECAMATAN":"CIOMAS","ID_DESA":"32.01.29.2011","DESA":"CIOMAS RAHAYU","LONGITUDE":106.7670516,"LATITUDE":-6.6026596,"STATUS":"BUKA","TANGGAL UPDATE":"27/02/2025","TANGGAL PENGUMPULAN":"Q4 2023","q":27417,"r":-15180}},{"type":"Feature","geometry":{"coordinates":[106.73331680000007,-6.563350499999956],"type":"Point"},"properties":{"NAMA":"MUJIGAE KOREAN DELIVERY DRAMAGA","TIPE_1":"MAKANAN DAN MINUMAN","TIPE_2":"RESTORAN","TIPE_3":"RESTORAN KOREA","TELEPON":"0811-1905-2379","ALAMAT":"JL. NASIONAL 11 NO.203-25, BABAKAN, KEC. DRAMAGA, KABUPATEN BOGOR, JAWA BARAT 16680","ID_PROV":"32","PROVINSI":"JAWA BARAT","ID_KABKOT":"32.01","KABKOT":"BOGOR","ID_KEC":"32.01.30","KECAMATAN":"DRAMAGA","ID_DESA":"32.01.30.2008","DESA":"BABAKAN","LONGITUDE":106.7333168,"LATITUDE":-6.5633505,"STATUS":"BUKA","TANGGAL UPDATE":"27/02/2025","TANGGAL PENGUMPULAN":"Q4 2023","q":27408,"r":-15167}},{"type":"Feature","geometry":{"coordinates":[106.84391860000005,-6.480743099999927],"type":"Point"},"properties":{"NAMA":"MUJIGAE KOREAN DELIVERY CIBINONG","TIPE_1":"MAKANAN DAN MINUMAN","TIPE_2":"RESTORAN","TIPE_3":"RESTORAN KOREA","TELEPON":"0811-1905-2356","ALAMAT":"JL RAYA BOGOR KM 45 PEMDA PERTIGAAN CIBINONG CITY MALL, PAKANSARI, KEC. CIBINONG, KABUPATEN BOGOR, JAWA BARAT 16915","ID_PROV":"32","PROVINSI":"JAWA BARAT","ID_KABKOT":"32.01","KABKOT":"BOGOR","ID_KEC":"32.01.01","KECAMATAN":"CIBINONG","ID_DESA":"32.01.01.1007","DESA":"PAKANSARI","LONGITUDE":106.8439186,"LATITUDE":-6.4807431,"STATUS":"BUKA","TANGGAL UPDATE":"27/02/2025","TANGGAL PENGUMPULAN":"Q4 2023","q":27437,"r":-15163}},{"type":"Feature","geometry":{"coordinates":[106.85658880000005,-6.568677199999968],"type":"Point"},"properties":{"NAMA":"MYEONGDONG-GALBI SENTUL Ëª…Ë™Ê°ˆË¹„","TIPE_1":"MAKANAN DAN MINUMAN","TIPE_2":"RESTORAN","TIPE_3":"RESTORAN KOREA","TELEPON":"(021) 87965727","ALAMAT":"RUKO PLAZA AMSTERDAM, JL. MH. THAMRIN NO.20, CITARINGGUL, KEC. BABAKAN MADANG, KABUPATEN BOGOR, JAWA BARAT 16810","ID_PROV":"32","PROVINSI":"JAWA BARAT","ID_KABKOT":"32.01","KABKOT":"BOGOR","ID_KEC":"32.01.05","KECAMATAN":"BABAKAN MADANG","ID_DESA":"32.01.05.2007","DESA":"CITARINGGUL","LONGITUDE":106.8565888,"LATITUDE":-6.5686772,"STATUS":"BUKA","TANGGAL UPDATE":"27/02/2025","TANGGAL PENGUMPULAN":"Q4 2023","q":27440,"r":-15184}},{"type":"Feature","geometry":{"coordinates":[106.81394740000007,-6.491530599999976],"type":"Point"},"properties":{"NAMA":"MUJIGAE KOREAN DELIVERY SUKAHATI","TIPE_1":"MAKANAN DAN MINUMAN","TIPE_2":"RESTORAN","TIPE_3":"RESTORAN KOREA","TELEPON":"0811-1916-6641","ALAMAT":"JL. PD. SUKAHATI INDAH, SUKAHATI, CIBINONG, BOGOR REGENCY, WEST JAVA 16913","ID_PROV":"32","PROVINSI":"JAWA BARAT","ID_KABKOT":"32.01","KABKOT":"BOGOR","ID_KEC":"32.01.01","KECAMATAN":"CIBINONG","ID_DESA":"32.01.01.1009","DESA":"SUKAHATI","LONGITUDE":106.813947399999,"LATITUDE":-6.4915306,"STATUS":"BUKA","TANGGAL UPDATE":"27/02/2025","TANGGAL PENGUMPULAN":"Q4 2023","q":27429,"r":-15161}},{"type":"Feature","geometry":{"coordinates":[106.87042940000003,-6.641073399999925],"type":"Point"},"properties":{"NAMA":"VILLA BACK TO NATURE KOREAN RESTO","TIPE_1":"MAKANAN DAN MINUMAN","TIPE_2":"RESTORAN","TIPE_3":"RESTORAN KOREA","TELEPON":"(0251) 8253025","ALAMAT":"JALAN RAYA GOLF GUNUNG GEULIS, GUNUNG GEULIS, GADOG PASIR ANGIN, CIPAYUNG DATAR, KEC. MEGAMENDUNG, KABUPATEN BOGOR, JAWA BARAT 16770","ID_PROV":"32","PROVINSI":"JAWA BARAT","ID_KABKOT":"32.01","KABKOT":"BOGOR","ID_KEC":"32.01.26","KECAMATAN":"MEGAMENDUNG","ID_DESA":"32.01.26.2012","DESA":"PASIR ANGIN","LONGITUDE":106.870429399999,"LATITUDE":-6.6410734,"STATUS":"BUKA","TANGGAL UPDATE":"27/02/2025","TANGGAL PENGUMPULAN":"Q4 2023","q":27444,"r":-15202}},{"type":"Feature","geometry":{"coordinates":[106.85164030000004,-6.531549799999937],"type":"Point"},"properties":{"NAMA":"VERTU 01 KOREAN STREET FOOD","TIPE_1":"MAKANAN DAN MINUMAN","TIPE_2":"RESTORAN","TIPE_3":"RESTORAN KOREA","TELEPON":"0888-1276-554","ALAMAT":"JL. ALTERNATIF SENTUL NO.10-22, SENTUL, KEC. BABAKAN MADANG, KABUPATEN BOGOR, JAWA BARAT 16810","ID_PROV":"32","PROVINSI":"JAWA BARAT","ID_KABKOT":"32.01","KABKOT":"BOGOR","ID_KEC":"32.01.05","KECAMATAN":"BABAKAN MADANG","ID_DESA":"32.01.05.2003","DESA":"SENTUL","LONGITUDE":106.8516403,"LATITUDE":-6.5315498,"STATUS":"BUKA","TANGGAL UPDATE":"27/02/2025","TANGGAL PENGUMPULAN":"Q4 2023","q":27439,"r":-15175}},{"type":"Feature","geometry":{"coordinates":[106.78448560000004,-6.501072099999931],"type":"Point"},"properties":{"NAMA":"WUNDER KOREAN FOOD X KOPI BOYA","TIPE_1":"MAKANAN DAN MINUMAN","TIPE_2":"RESTORAN","TIPE_3":"RESTORAN KOREA","TELEPON":"0852-1732-5142","ALAMAT":"JL. RAYA TONJONG KEMUNING SUDI MAMPIR NO.45, CIMANGGIS, BOJONGGEDE, BOGOR REGENCY, WEST JAVA 16920","ID_PROV":"32","PROVINSI":"JAWA BARAT","ID_KABKOT":"32.01","KABKOT":"BOGOR","ID_KEC":"32.01.13","KECAMATAN":"BOJONG GEDE","ID_DESA":"32.01.13.2002","DESA":"CIMANGGIS","LONGITUDE":106.7844856,"LATITUDE":-6.5010721,"STATUS":"BUKA","TANGGAL UPDATE":"27/02/2025","TANGGAL PENGUMPULAN":"Q4 2023","q":27422,"r":-15160}},{"type":"Feature","geometry":{"coordinates":[106.6284519,-6.5723642],"type":"Point"},"properties":{"NAMA":"BOS TACOS CABANG LEUWILIANG","TIPE_1":"MAKANAN DAN MINUMAN","TIPE_2":"RESTORAN","TIPE_3":"RESTORAN MEKSIKO","TELEPON":"0813-8241-4396","ALAMAT":"JL. RAYA LEUWILIANG NO.100, LEUWILIANG, BOGOR REGENCY, WEST JAVA 16640","ID_PROV":"32","PROVINSI":"JAWA BARAT","ID_KABKOT":"32.01","KABKOT":"BOGOR","ID_KEC":"32.01.14","KECAMATAN":"LEUWILIANG","ID_DESA":"32.01.14.2001","DESA":"LEUWILIANG","LONGITUDE":106.6284519,"LATITUDE":-6.5723642,"STATUS":"BUKA","TANGGAL UPDATE":"27/02/2025","TANGGAL PENGUMPULAN":"Q4 2023","q":27382,"r":-15156}},{"type":"Feature","geometry":{"coordinates":[106.7395172,-6.5704261],"type":"Point"},"properties":{"NAMA":"RUMAH MAKAN SUNDA KAILA","TIPE_1":"MAKANAN DAN MINUMAN","TIPE_2":"RESTORAN","TIPE_3":"RESTORAN MELAYU","TELEPON":"0857-1953-2421","ALAMAT":"JALAN RAYA DRAMAGA KM. 7 MARGAJAYA BOGOR BARAT, DRAMAGA, KEC. DRAMAGA, KOTA BOGOR, JAWA BARAT 16116","ID_PROV":"32","PROVINSI":"JAWA BARAT","ID_KABKOT":"32.01","KABKOT":"BOGOR","ID_KEC":"32.01.30","KECAMATAN":"DRAMAGA","ID_DESA":"32.01.30.2009","DESA":"DRAMAGA","LONGITUDE":106.7395172,"LATITUDE":-6.5704261,"STATUS":"BUKA","TANGGAL UPDATE":"27/02/2025","TANGGAL PENGUMPULAN":"Q4 2023","q":27410,"r":-15169}},{"type":"Feature","geometry":{"coordinates":[106.8089927,-6.4977955],"type":"Point"},"properties":{"NAMA":"RUMAH MAKAN APRILIA","TIPE_1":"MAKANAN DAN MINUMAN","TIPE_2":"RESTORAN","TIPE_3":"RESTORAN MELAYU","TELEPON":"","ALAMAT":"SUKAHATI, KEC. CIBINONG, KABUPATEN BOGOR, JAWA BARAT 16913","ID_PROV":"32","PROVINSI":"JAWA BARAT","ID_KABKOT":"32.01","KABKOT":"BOGOR","ID_KEC":"32.01.01","KECAMATAN":"CIBINONG","ID_DESA":"32.01.01.1009","DESA":"SUKAHATI","LONGITUDE":106.8089927,"LATITUDE":-6.4977955,"STATUS":"BUKA","TANGGAL UPDATE":"27/02/2025","TANGGAL PENGUMPULAN":"Q4 2023","q":27428,"r":-15162}},{"type":"Feature","geometry":{"coordinates":[106.9177735,-6.5848651],"type":"Point"},"properties":{"NAMA":"RM NGESOT","TIPE_1":"MAKANAN DAN MINUMAN","TIPE_2":"RESTORAN","TIPE_3":"RESTORAN MELAYU","TELEPON":"","ALAMAT":"JL. ARAH GN. PANCAR, KARANG TENGAH, KEC. BABAKAN MADANG, KABUPATEN BOGOR, JAWA BARAT 16810","ID_PROV":"32","PROVINSI":"JAWA BARAT","ID_KABKOT":"32.01","KABKOT":"BOGOR","ID_KEC":"32.01.05","KECAMATAN":"BABAKAN MADANG","ID_DESA":"32.01.05.2004","DESA":"KARANG TENGAH","LONGITUDE":106.9177735,"LATITUDE":-6.5848651,"STATUS":"BUKA","TANGGAL UPDATE":"27/02/2025","TANGGAL PENGUMPULAN":"Q4 2023","q":27456,"r":-15196}},{"type":"Feature","geometry":{"coordinates":[106.8652173,-6.5702801],"type":"Point"},"properties":{"NAMA":"RUMAH MAKAN IBU NARSIH","TIPE_1":"MAKANAN DAN MINUMAN","TIPE_2":"RESTORAN","TIPE_3":"RESTORAN MELAYU","TELEPON":"","ALAMAT":"JALAN, BABAKAN MADANG, KEC. BABAKAN MADANG, KABUPATEN BOGOR, JAWA BARAT 16810","ID_PROV":"32","PROVINSI":"JAWA BARAT","ID_KABKOT":"32.01","KABKOT":"BOGOR","ID_KEC":"32.01.05","KECAMATAN":"BABAKAN MADANG","ID_DESA":"32.01.05.2008","DESA":"BABAKAN MADANG","LONGITUDE":106.8652173,"LATITUDE":-6.5702801,"STATUS":"BUKA","TANGGAL UPDATE":"27/02/2025","TANGGAL PENGUMPULAN":"Q4 2023","q":27442,"r":-15186}},{"type":"Feature","geometry":{"coordinates":[106.8156771,-6.4898992],"type":"Point"},"properties":{"NAMA":"RUMAH MAKAN SOLO","TIPE_1":"MAKANAN DAN MINUMAN","TIPE_2":"RESTORAN","TIPE_3":"RESTORAN MELAYU","TELEPON":"","ALAMAT":"JL. RAYA SUKAHATI, SUKAHATI, CIBINONG, BOGOR REGENCY, WEST JAVA 16913","ID_PROV":"32","PROVINSI":"JAWA BARAT","ID_KABKOT":"32.01","KABKOT":"BOGOR","ID_KEC":"32.01.01","KECAMATAN":"CIBINONG","ID_DESA":"32.01.01.1009","DESA":"SUKAHATI","LONGITUDE":106.8156771,"LATITUDE":-6.4898992,"STATUS":"BUKA","TANGGAL UPDATE":"27/02/2025","TANGGAL PENGUMPULAN":"Q4 2023","q":27430,"r":-15161}},{"type":"Feature","geometry":{"coordinates":[106.8327981,-6.5058529],"type":"Point"},"properties":{"NAMA":"KEDAI MAKAN ZAFAT RESTO","TIPE_1":"MAKANAN DAN MINUMAN","TIPE_2":"RESTORAN","TIPE_3":"RESTORAN MELAYU","TELEPON":"","ALAMAT":"JL. RODA PEMBANGUNAN, BLOK RAWA, NANGGEWER MEKAR, KEC. CIBINONG, KABUPATEN BOGOR, JAWA BARAT 16912","ID_PROV":"32","PROVINSI":"JAWA BARAT","ID_KABKOT":"32.01","KABKOT":"BOGOR","ID_KEC":"32.01.01","KECAMATAN":"CIBINONG","ID_DESA":"32.01.01.1005","DESA":"NANGGEWER MEKAR","LONGITUDE":106.8327981,"LATITUDE":-6.5058529,"STATUS":"BUKA","TANGGAL UPDATE":"27/02/2025","TANGGAL PENGUMPULAN":"Q4 2023","q":27434,"r":-15167}},{"type":"Feature","geometry":{"coordinates":[106.8307155,-6.4900103],"type":"Point"},"properties":{"NAMA":"BOGOR","TIPE_1":"MAKANAN DAN MINUMAN","TIPE_2":"RESTORAN","TIPE_3":"RESTORAN MELAYU","TELEPON":"","ALAMAT":"PAKANSARI, KEC. CIBINONG, KABUPATEN, JAWA BARAT 16915","ID_PROV":"32","PROVINSI":"JAWA BARAT","ID_KABKOT":"32.01","KABKOT":"BOGOR","ID_KEC":"32.01.01","KECAMATAN":"CIBINONG","ID_DESA":"32.01.01.1007","DESA":"PAKANSARI","LONGITUDE":106.8307155,"LATITUDE":-6.4900103,"STATUS":"BUKA","TANGGAL UPDATE":"27/02/2025","TANGGAL PENGUMPULAN":"Q4 2023","q":27433,"r":-15163}},{"type":"Feature","geometry":{"coordinates":[106.7644062,-6.4740146],"type":"Point"},"properties":{"NAMA":"EMPANG MANG HADE","TIPE_1":"MAKANAN DAN MINUMAN","TIPE_2":"RESTORAN","TIPE_3":"RESTORAN MELAYU","TELEPON":"0812-3393-3951","ALAMAT":"JALAN SETAPAK NO.41, RT.2/RW.4, TAJURHALANG, KEC. TAJUR HALANG, KABUPATEN BOGOR, JAWA BARAT 16320","ID_PROV":"32","PROVINSI":"JAWA BARAT","ID_KABKOT":"32.01","KABKOT":"BOGOR","ID_KEC":"32.01.37","KECAMATAN":"TAJURHALANG","ID_DESA":"32.01.37.2001","DESA":"TAJURHALANG","LONGITUDE":106.7644062,"LATITUDE":-6.4740146,"STATUS":"BUKA","TANGGAL UPDATE":"27/02/2025","TANGGAL PENGUMPULAN":"Q4 2023","q":27416,"r":-15151}},{"type":"Feature","geometry":{"coordinates":[106.96572839999999,-6.3657796],"type":"Point"},"properties":{"NAMA":"MALAYU RAYA","TIPE_1":"MAKANAN DAN MINUMAN","TIPE_2":"RESTORAN","TIPE_3":"RESTORAN MELAYU","TELEPON":"(021) 84935764","ALAMAT":"RUKO CANADIAN BROADWAY BLOK CB D NO 8 KOTA WISATA CIBUBUR, LIMUS NUNGGAL, KEC. CILEUNGSI, KABUPATEN BOGOR, JAWA BARAT 16820","ID_PROV":"32","PROVINSI":"JAWA BARAT","ID_KABKOT":"32.01","KABKOT":"BOGOR","ID_KEC":"32.01.07","KECAMATAN":"CILEUNGSI","ID_DESA":"32.01.07.2011","DESA":"LIMUSNUNGGAL","LONGITUDE":106.9657284,"LATITUDE":-6.3657796,"STATUS":"BUKA","TANGGAL UPDATE":"27/02/2025","TANGGAL PENGUMPULAN":"Q4 2023","q":27468,"r":-15153}},{"type":"Feature","geometry":{"coordinates":[106.8644388,-6.575544],"type":"Point"},"properties":{"NAMA":"TALAGA KURING","TIPE_1":"MAKANAN DAN MINUMAN","TIPE_2":"RESTORAN","TIPE_3":"RESTORAN MELAYU","TELEPON":"(021) 22930239","ALAMAT":"KOMP. GRAHA UTAMA, JL. BUKIT SENTUL, CIJAYANTI, KEC. BABAKAN MADANG, KABUPATEN BOGOR, JAWA BARAT 16810","ID_PROV":"32","PROVINSI":"JAWA BARAT","ID_KABKOT":"32.01","KABKOT":"BOGOR","ID_KEC":"32.01.05","KECAMATAN":"BABAKAN MADANG","ID_DESA":"32.01.05.2001","DESA":"CIJAYANTI","LONGITUDE":106.8644388,"LATITUDE":-6.575544,"STATUS":"BUKA","TANGGAL UPDATE":"27/02/2025","TANGGAL PENGUMPULAN":"Q4 2023","q":27442,"r":-15187}},{"type":"Feature","geometry":{"coordinates":[106.7397362,-6.458895],"type":"Point"},"properties":{"NAMA":"SAMBAL MAMAKE KALISUREN","TIPE_1":"MAKANAN DAN MINUMAN","TIPE_2":"RESTORAN","TIPE_3":"RESTORAN MELAYU","TELEPON":"0822-1192-6147","ALAMAT":"JL. RAYA KALISUREN, KALISUREN, KEC. TAJUR HALANG, KABUPATEN BOGOR, JAWA BARAT 16320","ID_PROV":"32","PROVINSI":"JAWA BARAT","ID_KABKOT":"32.01","KABKOT":"BOGOR","ID_KEC":"32.01.37","KECAMATAN":"TAJURHALANG","ID_DESA":"32.01.37.2007","DESA":"KALISUREN","LONGITUDE":106.7397362,"LATITUDE":-6.458895,"STATUS":"BUKA","TANGGAL UPDATE":"27/02/2025","TANGGAL PENGUMPULAN":"Q4 2023","q":27410,"r":-15144}},{"type":"Feature","geometry":{"coordinates":[106.61761759999999,-6.391321],"type":"Point"},"properties":{"NAMA":"SLANK KULINER","TIPE_1":"MAKANAN DAN MINUMAN","TIPE_2":"RESTORAN","TIPE_3":"RESTORAN MELAYU","TELEPON":"0812-9884-1270","ALAMAT":"KERTAJAYA, KEC. RUMPIN, KABUPATEN BOGOR, JAWA BARAT 16350","ID_PROV":"32","PROVINSI":"JAWA BARAT","ID_KABKOT":"32.01","KABKOT":"BOGOR","ID_KEC":"32.01.18","KECAMATAN":"RUMPIN","ID_DESA":"32.01.18.2011","DESA":"KERTAJAYA","LONGITUDE":106.6176176,"LATITUDE":-6.391321,"STATUS":"BUKA","TANGGAL UPDATE":"27/02/2025","TANGGAL PENGUMPULAN":"Q4 2023","q":27379,"r":-15114}},{"type":"Feature","geometry":{"coordinates":[106.9091132,-6.4233646],"type":"Point"},"properties":{"NAMA":"DAPOER BUNDA OCHIE","TIPE_1":"MAKANAN DAN MINUMAN","TIPE_2":"RESTORAN","TIPE_3":"RESTORAN MELAYU","TELEPON":"0858-1752-1012","ALAMAT":"BUKIT GOLF RIVERSIDE CIBUBUR CLUSTER ARCADIA BLOK AR NO 151, BOJONG NANGKA, KEC. GN. PUTRI, KABUPATEN BOGOR, JAWA BARAT 16963","ID_PROV":"32","PROVINSI":"JAWA BARAT","ID_KABKOT":"32.01","KABKOT":"BOGOR","ID_KEC":"32.01.02","KECAMATAN":"GUNUNG PUTRI","ID_DESA":"32.01.02.2005","DESA":"BOJONG NANGKA","LONGITUDE":106.9091132,"LATITUDE":-6.4233646,"STATUS":"BUKA","TANGGAL UPDATE":"27/02/2025","TANGGAL PENGUMPULAN":"Q4 2023","q":27454,"r":-15158}},{"type":"Feature","geometry":{"coordinates":[106.8270864,-6.5429748],"type":"Point"},"properties":{"NAMA":"RUMAH MAKAN TAMPUNE","TIPE_1":"MAKANAN DAN MINUMAN","TIPE_2":"RESTORAN","TIPE_3":"RESTORAN MELAYU","TELEPON":"0812-9265-7238","ALAMAT":"JL. DHARMA BAKTI, CILUAR, KEC. SUKARAJA, KOTA BOGOR, JAWA BARAT 16710","ID_PROV":"32","PROVINSI":"JAWA BARAT","ID_KABKOT":"32.01","KABKOT":"BOGOR","ID_KEC":"32.01.04","KECAMATAN":"SUKARAJA","ID_DESA":"32.01.04.2011","DESA":"CIJUJUNG","LONGITUDE":106.8270864,"LATITUDE":-6.5429748,"STATUS":"BUKA","TANGGAL UPDATE":"27/02/2025","TANGGAL PENGUMPULAN":"Q4 2023","q":27433,"r":-15175}},{"type":"Feature","geometry":{"coordinates":[106.8571657,-6.5858471],"type":"Point"},"properties":{"NAMA":"AYAM KAMPUNG NENG LELA (RESTORAN SUNDA SENTUL BOGOR)","TIPE_1":"MAKANAN DAN MINUMAN","TIPE_2":"RESTORAN","TIPE_3":"RESTORAN MELAYU","TELEPON":"0812-8482-9629","ALAMAT":"JL. BUKIT SENTUL NO.16, CIJAYANTI, KEC. BABAKAN MADANG, KABUPATEN BOGOR, JAWA BARAT 16810","ID_PROV":"32","PROVINSI":"JAWA BARAT","ID_KABKOT":"32.01","KABKOT":"BOGOR","ID_KEC":"32.01.05","KECAMATAN":"BABAKAN MADANG","ID_DESA":"32.01.05.2001","DESA":"CIJAYANTI","LONGITUDE":106.8571657,"LATITUDE":-6.5858471,"STATUS":"BUKA","TANGGAL UPDATE":"27/02/2025","TANGGAL PENGUMPULAN":"Q4 2023","q":27440,"r":-15188}},{"type":"Feature","geometry":{"coordinates":[106.8491237,-6.5487165],"type":"Point"},"properties":{"NAMA":"KULINER KHAS SURABAYA","TIPE_1":"MAKANAN DAN MINUMAN","TIPE_2":"RESTORAN","TIPE_3":"RESTORAN MELAYU","TELEPON":"0858-8594-1900","ALAMAT":"REST AREA KM 35, CIPAMBUAN, KEC. BABAKAN MADANG, KABUPATEN BOGOR, JAWA BARAT 16810","ID_PROV":"32","PROVINSI":"JAWA BARAT","ID_KABKOT":"32.01","KABKOT":"BOGOR","ID_KEC":"32.01.05","KECAMATAN":"BABAKAN MADANG","ID_DESA":"32.01.05.2005","DESA":"CIPAMBUAN","LONGITUDE":106.8491237,"LATITUDE":-6.5487165,"STATUS":"BUKA","TANGGAL UPDATE":"27/02/2025","TANGGAL PENGUMPULAN":"Q4 2023","q":27438,"r":-15179}},{"type":"Feature","geometry":{"coordinates":[106.845823,-6.568314],"type":"Point"},"properties":{"NAMA":"MANG KABAYAN SENTUL CITY","TIPE_1":"MAKANAN DAN MINUMAN","TIPE_2":"RESTORAN","TIPE_3":"RESTORAN MELAYU","TELEPON":"(021) 87962047","ALAMAT":"KAWASAN ECO ART PARK SENTUL, CIPAMBUAN, KEC. BABAKAN MADANG, KABUPATEN BOGOR, JAWA BARAT 16810","ID_PROV":"32","PROVINSI":"JAWA BARAT","ID_KABKOT":"32.01","KABKOT":"BOGOR","ID_KEC":"32.01.05","KECAMATAN":"BABAKAN MADANG","ID_DESA":"32.01.05.2005","DESA":"CIPAMBUAN","LONGITUDE":106.845823,"LATITUDE":-6.568314,"STATUS":"BUKA","TANGGAL UPDATE":"27/02/2025","TANGGAL PENGUMPULAN":"Q4 2023","q":27437,"r":-15183}},{"type":"Feature","geometry":{"coordinates":[106.56052179999999,-6.5647381],"type":"Point"},"properties":{"NAMA":"RM KAMPUNG KAHYANGAN","TIPE_1":"MAKANAN DAN MINUMAN","TIPE_2":"RESTORAN","TIPE_3":"RESTORAN MELAYU","TELEPON":"0857-7337-4144","ALAMAT":"JL. NASIONAL NO.11, KALONG I, KEC. LEUWISADENG, KABUPATEN BOGOR, JAWA BARAT 16640","ID_PROV":"32","PROVINSI":"JAWA BARAT","ID_KABKOT":"32.01","KABKOT":"BOGOR","ID_KEC":"32.01.39","KECAMATAN":"LEUWISADENG","ID_DESA":"32.01.39.2005","DESA":"KALONG I","LONGITUDE":106.5605218,"LATITUDE":-6.5647381,"STATUS":"BUKA","TANGGAL UPDATE":"27/02/2025","TANGGAL PENGUMPULAN":"Q4 2023","q":27364,"r":-15145}},{"type":"Feature","geometry":{"coordinates":[106.7032162,-6.4259542],"type":"Point"},"properties":{"NAMA":"WARUNG SEBLAK MIA","TIPE_1":"MAKANAN DAN MINUMAN","TIPE_2":"RESTORAN","TIPE_3":"RESTORAN MELAYU","TELEPON":"","ALAMAT":"JL.SWADAYA KP.JELETRENG NO.74, RT.4/RW.4, COGREG, KEC. PARUNG, KABUPATEN BOGOR, JAWA BARAT 16330","ID_PROV":"32","PROVINSI":"JAWA BARAT","ID_KABKOT":"32.01","KABKOT":"BOGOR","ID_KEC":"32.01.10","KECAMATAN":"PARUNG","ID_DESA":"32.01.10.2005","DESA":"COGREG","LONGITUDE":106.7032162,"LATITUDE":-6.4259542,"STATUS":"BUKA","TANGGAL UPDATE":"27/02/2025","TANGGAL PENGUMPULAN":"Q4 2023","q":27401,"r":-15132}},{"type":"Feature","geometry":{"coordinates":[106.7024164,-6.4715158],"type":"Point"},"properties":{"NAMA":"RUMAH MAKAN MAMA FANNY","TIPE_1":"MAKANAN DAN MINUMAN","TIPE_2":"RESTORAN","TIPE_3":"RESTORAN MELAYU","TELEPON":"","ALAMAT":"CANDRALOKA BB 3 NO.3, TEGAL, KEC. KEMANG, KABUPATEN BOGOR, JAWA BARAT 16310","ID_PROV":"32","PROVINSI":"JAWA BARAT","ID_KABKOT":"32.01","KABKOT":"BOGOR","ID_KEC":"32.01.12","KECAMATAN":"KEMANG","ID_DESA":"32.01.12.2009","DESA":"TEGAL","LONGITUDE":106.7024164,"LATITUDE":-6.4715158,"STATUS":"BUKA","TANGGAL UPDATE":"27/02/2025","TANGGAL PENGUMPULAN":"Q4 2023","q":27401,"r":-15143}},{"type":"Feature","geometry":{"coordinates":[106.7300038,-6.5784868],"type":"Point"},"properties":{"NAMA":"RUMAH MAKAN DINI","TIPE_1":"MAKANAN DAN MINUMAN","TIPE_2":"RESTORAN","TIPE_3":"RESTORAN MELAYU","TELEPON":"0896-5442-2878","ALAMAT":"JL. CEREMAI UJUNG, SINAR SARI, KEC. DRAMAGA, KABUPATEN BOGOR, JAWA BARAT 16680","ID_PROV":"32","PROVINSI":"JAWA BARAT","ID_KABKOT":"32.01","KABKOT":"BOGOR","ID_KEC":"32.01.30","KECAMATAN":"DRAMAGA","ID_DESA":"32.01.30.2003","DESA":"SINARSARI","LONGITUDE":106.7300038,"LATITUDE":-6.5784868,"STATUS":"BUKA","TANGGAL UPDATE":"27/02/2025","TANGGAL PENGUMPULAN":"Q4 2023","q":27408,"r":-15170}},{"type":"Feature","geometry":{"coordinates":[106.5832995,-6.3583772],"type":"Point"},"properties":{"NAMA":"KULINERIA EMAK HAJI KABASIRAN","TIPE_1":"MAKANAN DAN MINUMAN","TIPE_2":"RESTORAN","TIPE_3":"RESTORAN MELAYU","TELEPON":"(021) 54281370","ALAMAT":"RT/RW 005/002, KAMPUNG, JL. RAYA DAGO, KABASIRAN, KEC. PARUNG PANJANG, KABUPATEN BOGOR, JAWA BARAT 16360","ID_PROV":"32","PROVINSI":"JAWA BARAT","ID_KABKOT":"32.01","KABKOT":"BOGOR","ID_KEC":"32.01.20","KECAMATAN":"PARUNG PANJANG","ID_DESA":"32.01.20.2011","DESA":"KABASIRAN","LONGITUDE":106.5832995,"LATITUDE":-6.3583772,"STATUS":"BUKA","TANGGAL UPDATE":"27/02/2025","TANGGAL PENGUMPULAN":"Q4 2023","q":27370,"r":-15102}},{"type":"Feature","geometry":{"coordinates":[106.78306459999999,-6.4496804],"type":"Point"},"properties":{"NAMA":"MIE AYAM RUMAHAN","TIPE_1":"MAKANAN DAN MINUMAN","TIPE_2":"RESTORAN","TIPE_3":"RESTORAN MELAYU","TELEPON":"0838-9578-6426","ALAMAT":"RAGAJAYA, KECAMATAN BOJONGGEDE, KABUPATEN BOGOR, JAWA BARAT","ID_PROV":"32","PROVINSI":"JAWA BARAT","ID_KABKOT":"32.01","KABKOT":"BOGOR","ID_KEC":"32.01.13","KECAMATAN":"BOJONG GEDE","ID_DESA":"32.01.13.2004","DESA":"RAGAJAYA","LONGITUDE":106.7830646,"LATITUDE":-6.4496804,"STATUS":"BUKA","TANGGAL UPDATE":"27/02/2025","TANGGAL PENGUMPULAN":"Q4 2023","q":27421,"r":-15148}},{"type":"Feature","geometry":{"coordinates":[106.838257,-6.561571],"type":"Point"},"properties":{"NAMA":"RATU RUMAH MAKAN KHAS PALABUHAN","TIPE_1":"MAKANAN DAN MINUMAN","TIPE_2":"RESTORAN","TIPE_3":"RESTORAN MELAYU","TELEPON":"(0251) 663543","ALAMAT":"JL RAYA KEDUNG HALANG 162 CADAS NGAMPAR SUKARAJA JAWA BARAT, CIPAMBUAN, KEC. BABAKAN MADANG, KABUPATEN BOGOR, JAWA BARAT 16151","ID_PROV":"32","PROVINSI":"JAWA BARAT","ID_KABKOT":"32.01","KABKOT":"BOGOR","ID_KEC":"32.01.04","KECAMATAN":"SUKARAJA","ID_DESA":"32.01.04.2012","DESA":"CADASNGAMPAR","LONGITUDE":106.838257,"LATITUDE":-6.561571,"STATUS":"BUKA","TANGGAL UPDATE":"27/02/2025","TANGGAL PENGUMPULAN":"Q4 2023","q":27435,"r":-15180}},{"type":"Feature","geometry":{"coordinates":[106.8854717,-6.6517706],"type":"Point"},"properties":{"NAMA":"TWO DEERS CAFE & RESTO","TIPE_1":"MAKANAN DAN MINUMAN","TIPE_2":"RESTORAN","TIPE_3":"RESTORAN MELAYU","TELEPON":"0812-1108-915","ALAMAT":"JL. RAYA PUNCAK GADOG NO.238, CIPAYUNG DATAR, KEC. MEGAMENDUNG, KABUPATEN BOGOR, JAWA BARAT 16770","ID_PROV":"32","PROVINSI":"JAWA BARAT","ID_KABKOT":"32.01","KABKOT":"BOGOR","ID_KEC":"32.01.26","KECAMATAN":"MEGAMENDUNG","ID_DESA":"32.01.26.2006","DESA":"CIPAYUNG","LONGITUDE":106.8854717,"LATITUDE":-6.6517706,"STATUS":"BUKA","TANGGAL UPDATE":"27/02/2025","TANGGAL PENGUMPULAN":"Q4 2023","q":27448,"r":-15206}},{"type":"Feature","geometry":{"coordinates":[107.044924,-6.434756],"type":"Point"},"properties":{"NAMA":"RESTAURANT KHAS MELAYU","TIPE_1":"MAKANAN DAN MINUMAN","TIPE_2":"RESTORAN","TIPE_3":"RESTORAN MELAYU","TELEPON":"(021) 82484218","ALAMAT":"JL. RAYA CILEUNGSI, CIPEUCANG, KEC. CILEUNGSI, KABUPATEN BOGOR, JAWA BARAT 16820","ID_PROV":"32","PROVINSI":"JAWA BARAT","ID_KABKOT":"32.01","KABKOT":"BOGOR","ID_KEC":"32.01.07","KECAMATAN":"CILEUNGSI","ID_DESA":"32.01.07.2008","DESA":"CIPEUCANG","LONGITUDE":107.044924,"LATITUDE":-6.434756,"STATUS":"BUKA","TANGGAL UPDATE":"27/02/2025","TANGGAL PENGUMPULAN":"Q4 2023","q":27488,"r":-15178}},{"type":"Feature","geometry":{"coordinates":[106.8538593,-6.5603907],"type":"Point"},"properties":{"NAMA":"RUMAH MAKAN TIARA SARI","TIPE_1":"MAKANAN DAN MINUMAN","TIPE_2":"RESTORAN","TIPE_3":"RESTORAN MELAYU","TELEPON":"","ALAMAT":"CITARINGGUL, KEC. BABAKAN MADANG, KABUPATEN BOGOR, JAWA BARAT 16810","ID_PROV":"32","PROVINSI":"JAWA BARAT","ID_KABKOT":"32.01","KABKOT":"BOGOR","ID_KEC":"32.01.05","KECAMATAN":"BABAKAN MADANG","ID_DESA":"32.01.05.2007","DESA":"CITARINGGUL","LONGITUDE":106.8538593,"LATITUDE":-6.5603907,"STATUS":"BUKA","TANGGAL UPDATE":"27/02/2025","TANGGAL PENGUMPULAN":"Q4 2023","q":27439,"r":-15182}},{"type":"Feature","geometry":{"coordinates":[106.7901137,-6.4965847],"type":"Point"},"properties":{"NAMA":"MASAKAN LAMONGAN","TIPE_1":"MAKANAN DAN MINUMAN","TIPE_2":"RESTORAN","TIPE_3":"RESTORAN MELAYU","TELEPON":"","ALAMAT":"JL. KP. PULO, KEDUNG WARINGIN, KECAMATAN BOJONGGEDE, KABUPATEN BOGOR, JAWA BARAT 16923","ID_PROV":"32","PROVINSI":"JAWA BARAT","ID_KABKOT":"32.01","KABKOT":"BOGOR","ID_KEC":"32.01.13","KECAMATAN":"BOJONG GEDE","ID_DESA":"32.01.13.2005","DESA":"KEDUNGWARINGIN","LONGITUDE":106.7901137,"LATITUDE":-6.4965847,"STATUS":"BUKA","TANGGAL UPDATE":"27/02/2025","TANGGAL PENGUMPULAN":"Q4 2023","q":27423,"r":-15159}},{"type":"Feature","geometry":{"coordinates":[106.796715,-6.6758522],"type":"Point"},"properties":{"NAMA":"MAKAN MAKAN BOGOR","TIPE_1":"MAKANAN DAN MINUMAN","TIPE_2":"RESTORAN","TIPE_3":"RESTORAN MELAYU","TELEPON":"","ALAMAT":"JL. RAYA CIHIDEUNG NO.36, CIPELANG, KEC. CIJERUK, KABUPATEN BOGOR, JAWA BARAT 16740","ID_PROV":"32","PROVINSI":"JAWA BARAT","ID_KABKOT":"32.01","KABKOT":"BOGOR","ID_KEC":"32.01.28","KECAMATAN":"CIJERUK","ID_DESA":"32.01.28.2008","DESA":"PALASARI","LONGITUDE":106.796715,"LATITUDE":-6.6758522,"STATUS":"BUKA","TANGGAL UPDATE":"27/02/2025","TANGGAL PENGUMPULAN":"Q4 2023","q":27425,"r":-15200}},{"type":"Feature","geometry":{"coordinates":[106.8296709,-6.473463],"type":"Point"},"properties":{"NAMA":"RM CIREMAI HJ EMAH","TIPE_1":"MAKANAN DAN MINUMAN","TIPE_2":"RESTORAN","TIPE_3":"RESTORAN MELAYU","TELEPON":"0813-9810-9566","ALAMAT":"JL. KSR DADI KUSMAYADI, TENGAH, KEC. CIBINONG, KABUPATEN BOGOR, JAWA BARAT 16914","ID_PROV":"32","PROVINSI":"JAWA BARAT","ID_KABKOT":"32.01","KABKOT":"BOGOR","ID_KEC":"32.01.01","KECAMATAN":"CIBINONG","ID_DESA":"32.01.01.1008","DESA":"TENGAH","LONGITUDE":106.8296709,"LATITUDE":-6.473463,"STATUS":"BUKA","TANGGAL UPDATE":"27/02/2025","TANGGAL PENGUMPULAN":"Q4 2023","q":27433,"r":-15159}},{"type":"Feature","geometry":{"coordinates":[106.8463798,-6.5706687],"type":"Point"},"properties":{"NAMA":"AH POONG LABUAN LEMBUR KURING","TIPE_1":"MAKANAN DAN MINUMAN","TIPE_2":"RESTORAN","TIPE_3":"RESTORAN MELAYU","TELEPON":"(021) 87966132","ALAMAT":"JL. JAMPANG, CADAS NGAMPAR, KEC. SUKARAJA, KABUPATEN BOGOR, JAWA BARAT 16710","ID_PROV":"32","PROVINSI":"JAWA BARAT","ID_KABKOT":"32.01","KABKOT":"BOGOR","ID_KEC":"32.01.04","KECAMATAN":"SUKARAJA","ID_DESA":"32.01.04.2012","DESA":"CADASNGAMPAR","LONGITUDE":106.8463798,"LATITUDE":-6.5706687,"STATUS":"BUKA","TANGGAL UPDATE":"27/02/2025","TANGGAL PENGUMPULAN":"Q4 2023","q":27437,"r":-15183}},{"type":"Feature","geometry":{"coordinates":[106.8019604,-6.5090092],"type":"Point"},"properties":{"NAMA":"MELAYU PIZZA","TIPE_1":"MAKANAN DAN MINUMAN","TIPE_2":"RESTORAN","TIPE_3":"RESTORAN MELAYU","TELEPON":"0815-1376-3890","ALAMAT":"ACROPOLIS, BLK. KG NO.9, KARADENAN, CIBINONG, BOGOR REGENCY, WEST JAVA 16913","ID_PROV":"32","PROVINSI":"JAWA BARAT","ID_KABKOT":"32.01","KABKOT":"BOGOR","ID_KEC":"32.01.01","KECAMATAN":"CIBINONG","ID_DESA":"32.01.01.1002","DESA":"KARADENAN","LONGITUDE":106.8019604,"LATITUDE":-6.5090092,"STATUS":"BUKA","TANGGAL UPDATE":"27/02/2025","TANGGAL PENGUMPULAN":"Q4 2023","q":27426,"r":-15164}},{"type":"Feature","geometry":{"coordinates":[106.8002628,-6.5261211],"type":"Point"},"properties":{"NAMA":"RUMAH MAKAN AMELIA","TIPE_1":"MAKANAN DAN MINUMAN","TIPE_2":"RESTORAN","TIPE_3":"RESTORAN MELAYU","TELEPON":"","ALAMAT":"CILEBUT TIMUR, SUKARAJA, BOGOR REGENCY, WEST JAVA","ID_PROV":"32","PROVINSI":"JAWA BARAT","ID_KABKOT":"32.01","KABKOT":"BOGOR","ID_KEC":"32.01.04","KECAMATAN":"SUKARAJA","ID_DESA":"32.01.04.2003","DESA":"CILEBUT BARAT","LONGITUDE":106.8002628,"LATITUDE":-6.5261211,"STATUS":"BUKA","TANGGAL UPDATE":"27/02/2025","TANGGAL PENGUMPULAN":"Q4 2023","q":27426,"r":-15167}},{"type":"Feature","geometry":{"coordinates":[106.7839007,-6.6362013],"type":"Point"},"properties":{"NAMA":"RUMAH MAKAN BERSAMA MADINA","TIPE_1":"MAKANAN DAN MINUMAN","TIPE_2":"RESTORAN","TIPE_3":"RESTORAN MELAYU","TELEPON":"0857-1428-5525","ALAMAT":"JL. HAMINTE SANUSI NO.20, KOTA BATU, KEC. CIOMAS, KABUPATEN BOGOR, JAWA BARAT 16610","ID_PROV":"32","PROVINSI":"JAWA BARAT","ID_KABKOT":"32.01","KABKOT":"BOGOR","ID_KEC":"32.01.29","KECAMATAN":"CIOMAS","ID_DESA":"32.01.29.2009","DESA":"KOTA BATU","LONGITUDE":106.7839007,"LATITUDE":-6.6362013,"STATUS":"BUKA","TANGGAL UPDATE":"27/02/2025","TANGGAL PENGUMPULAN":"Q4 2023","q":27421,"r":-15190}},{"type":"Feature","geometry":{"coordinates":[106.8431943,-6.5030189],"type":"Point"},"properties":{"NAMA":"RUMAH MAKAN BINGAH","TIPE_1":"MAKANAN DAN MINUMAN","TIPE_2":"RESTORAN","TIPE_3":"RESTORAN MELAYU","TELEPON":"0821-1462-8175","ALAMAT":"JALAN RAYA BOGOR KM. 47 NO. 103, RT.03/RW.002, NANGGEWER MEKAR, KEC. CIBINONG, KABUPATEN BOGOR, JAWA BARAT 16912","ID_PROV":"32","PROVINSI":"JAWA BARAT","ID_KABKOT":"32.01","KABKOT":"BOGOR","ID_KEC":"32.01.01","KECAMATAN":"CIBINONG","ID_DESA":"32.01.01.1005","DESA":"NANGGEWER MEKAR","LONGITUDE":106.8431943,"LATITUDE":-6.5030189,"STATUS":"BUKA","TANGGAL UPDATE":"27/02/2025","TANGGAL PENGUMPULAN":"Q4 2023","q":27437,"r":-15168}},{"type":"Feature","geometry":{"coordinates":[106.8188932,-6.5190244],"type":"Point"},"properties":{"NAMA":"MASAKAN UMI KHAS CIANJUR","TIPE_1":"MAKANAN DAN MINUMAN","TIPE_2":"RESTORAN","TIPE_3":"RESTORAN MELAYU","TELEPON":"0895-1677-2887","ALAMAT":"JL. RAYA KP. KAUM PANDAK NO.RT01/08, KARADENAN, KEC. CIBINONG, KABUPATEN BOGOR, JAWA BARAT 16913","ID_PROV":"32","PROVINSI":"JAWA BARAT","ID_KABKOT":"32.01","KABKOT":"BOGOR","ID_KEC":"32.01.01","KECAMATAN":"CIBINONG","ID_DESA":"32.01.01.1002","DESA":"KARADENAN","LONGITUDE":106.8188932,"LATITUDE":-6.5190244,"STATUS":"BUKA","TANGGAL UPDATE":"27/02/2025","TANGGAL PENGUMPULAN":"Q4 2023","q":27430,"r":-15168}},{"type":"Feature","geometry":{"coordinates":[106.8349154,-6.5425385],"type":"Point"},"properties":{"NAMA":"RUMAH MAKAN HATARI","TIPE_1":"MAKANAN DAN MINUMAN","TIPE_2":"RESTORAN","TIPE_3":"RESTORAN MELAYU","TELEPON":"","ALAMAT":"JL. KAPLING NO.422, RT.6/RW.8, CIJUJUNG, KEC. SUKARAJA, KABUPATEN BOGOR, JAWA BARAT 16710","ID_PROV":"32","PROVINSI":"JAWA BARAT","ID_KABKOT":"32.01","KABKOT":"BOGOR","ID_KEC":"32.01.04","KECAMATAN":"SUKARAJA","ID_DESA":"32.01.04.2011","DESA":"CIJUJUNG","LONGITUDE":106.8349154,"LATITUDE":-6.5425385,"STATUS":"BUKA","TANGGAL UPDATE":"27/02/2025","TANGGAL PENGUMPULAN":"Q4 2023","q":27435,"r":-15175}},{"type":"Feature","geometry":{"coordinates":[106.8675502,-6.6533115],"type":"Point"},"properties":{"NAMA":"TEMPAT MAKAN","TIPE_1":"MAKANAN DAN MINUMAN","TIPE_2":"RESTORAN","TIPE_3":"RESTORAN MELAYU","TELEPON":"","ALAMAT":"JL. RAYA PUNCAK - GADOG NO.7 RT.01, PANDANSARI, KEC. CIAWI, KABUPATEN BOGOR, JAWA BARAT 16720","ID_PROV":"32","PROVINSI":"JAWA BARAT","ID_KABKOT":"32.01","KABKOT":"BOGOR","ID_KEC":"32.01.24","KECAMATAN":"CIAWI","ID_DESA":"32.01.24.2009","DESA":"PANDAN SARI","LONGITUDE":106.8675502,"LATITUDE":-6.6533115,"STATUS":"BUKA","TANGGAL UPDATE":"27/02/2025","TANGGAL PENGUMPULAN":"Q4 2023","q":27443,"r":-15204}},{"type":"Feature","geometry":{"coordinates":[106.891617,-6.6020442],"type":"Point"},"properties":{"NAMA":"RESTO ANJANI MASAKAN KHAS MELAYU MEDAN","TIPE_1":"MAKANAN DAN MINUMAN","TIPE_2":"RESTORAN","TIPE_3":"RESTORAN MELAYU","TELEPON":"0812-9554-4118","ALAMAT":"BOJONG KONENG, KEC. BABAKAN MADANG, KABUPATEN BOGOR, JAWA BARAT 16810","ID_PROV":"32","PROVINSI":"JAWA BARAT","ID_KABKOT":"32.01","KABKOT":"BOGOR","ID_KEC":"32.01.05","KECAMATAN":"BABAKAN MADANG","ID_DESA":"32.01.05.2009","DESA":"BOJONG KONENG","LONGITUDE":106.891617,"LATITUDE":-6.6020442,"STATUS":"BUKA","TANGGAL UPDATE":"27/02/2025","TANGGAL PENGUMPULAN":"Q4 2023","q":27449,"r":-15196}},{"type":"Feature","geometry":{"coordinates":[106.8619444,-6.5648043],"type":"Point"},"properties":{"NAMA":"RESTORAN GH CORNER SENTUL BOGOR NASI KEBULI BRIYANI MANDHI ARAB ROTI CANAI MARTABAK MALAYSIA TEH TARIK HALAL","TIPE_1":"MAKANAN DAN MINUMAN","TIPE_2":"RESTORAN","TIPE_3":"RESTORAN MELAYU","TELEPON":"0819-3131-1113","ALAMAT":"RUKO PASAR BERSIH BLOK B. 7 SENTUL CITY, CITARINGGUL, KEC. BABAKAN MADANG, KABUPATEN BOGOR, JAWA BARAT 16810","ID_PROV":"32","PROVINSI":"JAWA BARAT","ID_KABKOT":"32.01","KABKOT":"BOGOR","ID_KEC":"32.01.05","KECAMATAN":"BABAKAN MADANG","ID_DESA":"32.01.05.2007","DESA":"CITARINGGUL","LONGITUDE":106.8619444,"LATITUDE":-6.5648043,"STATUS":"BUKA","TANGGAL UPDATE":"27/02/2025","TANGGAL PENGUMPULAN":"Q4 2023","q":27441,"r":-15184}},{"type":"Feature","geometry":{"coordinates":[106.8365517,-6.5887695],"type":"Point"},"properties":{"NAMA":"RUMAH MAKAN RISHA CATERING","TIPE_1":"MAKANAN DAN MINUMAN","TIPE_2":"RESTORAN","TIPE_3":"RESTORAN MELAYU","TELEPON":"0813-9858-4886","ALAMAT":"JL. SUKARAJA NO.14, SUKARAJA, KEC. SUKARAJA, KABUPATEN BOGOR, JAWA BARAT 16710","ID_PROV":"32","PROVINSI":"JAWA BARAT","ID_KABKOT":"32.01","KABKOT":"BOGOR","ID_KEC":"32.01.04","KECAMATAN":"SUKARAJA","ID_DESA":"32.01.04.2007","DESA":"SUKARAJA","LONGITUDE":106.8365517,"LATITUDE":-6.5887695,"STATUS":"BUKA","TANGGAL UPDATE":"27/02/2025","TANGGAL PENGUMPULAN":"Q4 2023","q":27435,"r":-15186}},{"type":"Feature","geometry":{"coordinates":[106.8296802,-6.5521025],"type":"Point"},"properties":{"NAMA":"RUMAH MAKAN SEDERHANA CE KEKEN","TIPE_1":"MAKANAN DAN MINUMAN","TIPE_2":"RESTORAN","TIPE_3":"RESTORAN MELAYU","TELEPON":"0852-1144-5114","ALAMAT":"JALAN SUKARAJA, NO. 063, RT. 05 / RW. 01, PASIRLAJA, PASIRLAYA, KEC. SUKARAJA, KABUPATEN BOGOR, JAWA BARAT 16710","ID_PROV":"32","PROVINSI":"JAWA BARAT","ID_KABKOT":"32.01","KABKOT":"BOGOR","ID_KEC":"32.01.04","KECAMATAN":"SUKARAJA","ID_DESA":"32.01.04.2013","DESA":"PASIRLAJA","LONGITUDE":106.8296802,"LATITUDE":-6.5521025,"STATUS":"BUKA","TANGGAL UPDATE":"27/02/2025","TANGGAL PENGUMPULAN":"Q4 2023","q":27433,"r":-15177}},{"type":"Feature","geometry":{"coordinates":[106.8575631,-6.6706532],"type":"Point"},"properties":{"NAMA":"RUMAH MAKAN SUKO MANANTI 2","TIPE_1":"MAKANAN DAN MINUMAN","TIPE_2":"RESTORAN","TIPE_3":"RESTORAN MELAYU","TELEPON":"","ALAMAT":"JL. RAYA VETERAN 2, BANJAR WARU, CIAWI, BANJAR WARU, KEC. CIAWI, KABUPATEN BOGOR, JAWA BARAT 16720","ID_PROV":"32","PROVINSI":"JAWA BARAT","ID_KABKOT":"32.01","KABKOT":"BOGOR","ID_KEC":"32.01.24","KECAMATAN":"CIAWI","ID_DESA":"32.01.24.2007","DESA":"BANJAR WARU","LONGITUDE":106.8575631,"LATITUDE":-6.6706532,"STATUS":"BUKA","TANGGAL UPDATE":"27/02/2025","TANGGAL PENGUMPULAN":"Q4 2023","q":27440,"r":-15207}},{"type":"Feature","geometry":{"coordinates":[106.78510380000006,-6.46118],"type":"Point"},"properties":{"NAMA":"BURGER AZKA","TIPE_1":"MAKANAN DAN MINUMAN","TIPE_2":"RESTORAN","TIPE_3":"CEPAT SAJI","TELEPON":"0812-1196-5685","ALAMAT":"NANGGERANG, KEC. TAJUR HALANG, KABUPATEN BOGOR, JAWA BARAT 16320","ID_PROV":"32","PROVINSI":"JAWA BARAT","ID_KABKOT":"32.01","KABKOT":"BOGOR","ID_KEC":"32.01.13","KECAMATAN":"BOJONG GEDE","ID_DESA":"32.01.13.2003","DESA":"SUSUKAN","LONGITUDE":106.7851038,"LATITUDE":-6.46118,"STATUS":"BUKA","TANGGAL UPDATE":"27/02/2025","TANGGAL PENGUMPULAN":"Q4 2023","q":27422,"r":-15151}},{"type":"Feature","geometry":{"coordinates":[107.00167410000006,-6.451566299999969],"type":"Point"},"properties":{"NAMA":"KENZA CHICKEN & BURGER","TIPE_1":"MAKANAN DAN MINUMAN","TIPE_2":"RESTORAN","TIPE_3":"CEPAT SAJI","TELEPON":"0812-8227-0643","ALAMAT":"PRIMAVERA RESIDENCE BLOK H 8 NO. 6, BOJONG, KEC. KLAPANUNGGAL, KABUPATEN BOGOR, JAWA BARAT 16710","ID_PROV":"32","PROVINSI":"JAWA BARAT","ID_KABKOT":"32.01","KABKOT":"BOGOR","ID_KEC":"32.01.32","KECAMATAN":"KLAPANUNGGAL","ID_DESA":"32.01.32.2002","DESA":"BOJONG","LONGITUDE":107.0016741,"LATITUDE":-6.4515663,"STATUS":"BUKA","TANGGAL UPDATE":"27/02/2025","TANGGAL PENGUMPULAN":"Q4 2023","q":27477,"r":-15176}},{"type":"Feature","geometry":{"coordinates":[106.73854620000009,-6.455252399999945],"type":"Point"},"properties":{"NAMA":"ZONA BURGER & BOBA BOSSQUE","TIPE_1":"MAKANAN DAN MINUMAN","TIPE_2":"RESTORAN","TIPE_3":"CEPAT SAJI","TELEPON":"0813-8268-6776","ALAMAT":"PERUMAHAN ALAM HIJAU PARUNG .BLOK JL. BOUGENVILLE, 2 NO.12, KALISUREN, KEC. TAJUR HALANG, KABUPATEN BOGOR, JAWA BARAT 16320","ID_PROV":"32","PROVINSI":"JAWA BARAT","ID_KABKOT":"32.01","KABKOT":"BOGOR","ID_KEC":"32.01.37","KECAMATAN":"TAJURHALANG","ID_DESA":"32.01.37.2007","DESA":"KALISUREN","LONGITUDE":106.7385462,"LATITUDE":-6.4552524,"STATUS":"BUKA","TANGGAL UPDATE":"27/02/2025","TANGGAL PENGUMPULAN":"Q4 2023","q":27410,"r":-15144}},{"type":"Feature","geometry":{"coordinates":[106.85205450000007,-6.541769899999966],"type":"Point"},"properties":{"NAMA":"BEEFOREST CAFE AND BURGER BAR","TIPE_1":"MAKANAN DAN MINUMAN","TIPE_2":"RESTORAN","TIPE_3":"CEPAT SAJI","TELEPON":"0857-1137-8030","ALAMAT":"JL. TANGKIL - AGRABINTA, KADUMANGU, KEC. BABAKAN MADANG, KABUPATEN BOGOR, JAWA BARAT 16810","ID_PROV":"32","PROVINSI":"JAWA BARAT","ID_KABKOT":"32.01","KABKOT":"BOGOR","ID_KEC":"32.01.05","KECAMATAN":"BABAKAN MADANG","ID_DESA":"32.01.05.2006","DESA":"KADUMANGGU","LONGITUDE":106.8520545,"LATITUDE":-6.5417699,"STATUS":"BUKA","TANGGAL UPDATE":"27/02/2025","TANGGAL PENGUMPULAN":"Q4 2023","q":27439,"r":-15177}},{"type":"Feature","geometry":{"coordinates":[106.88147520000007,-6.489614199999944],"type":"Point"},"properties":{"NAMA":"ASTINA CHICKEN & BURGER","TIPE_1":"MAKANAN DAN MINUMAN","TIPE_2":"RESTORAN","TIPE_3":"CEPAT SAJI","TELEPON":"0852-8077-7343","ALAMAT":"SAMPING MUSOLLAH AL IMRON, JL. PAHLAWAN, CITEUREUP, KEC. CITEUREUP, KABUPATEN BOGOR, JAWA BARAT 16810","ID_PROV":"32","PROVINSI":"JAWA BARAT","ID_KABKOT":"32.01","KABKOT":"BOGOR","ID_KEC":"32.01.03","KECAMATAN":"CITEUREUP","ID_DESA":"32.01.03.2002","DESA":"CITEUREUP","LONGITUDE":106.8814752,"LATITUDE":-6.4896142,"STATUS":"BUKA","TANGGAL UPDATE":"27/02/2025","TANGGAL PENGUMPULAN":"Q4 2023","q":27446,"r":-15170}},{"type":"Feature","geometry":{"coordinates":[106.733631,-6.418344599999959],"type":"Point"},"properties":{"NAMA":"ASHILLA BURGER","TIPE_1":"MAKANAN DAN MINUMAN","TIPE_2":"RESTORAN","TIPE_3":"CEPAT SAJI","TELEPON":"0877-3413-8227","ALAMAT":"ALFAMART PANGKALAN OJEK, JL. RAYA PARUNG GG. NUSANTARA, RT.4/RW.4, PARUNG, KEC. PARUNG, KABUPATEN BOGOR, JAWA BARAT 16330","ID_PROV":"32","PROVINSI":"JAWA BARAT","ID_KABKOT":"32.01","KABKOT":"BOGOR","ID_KEC":"32.01.10","KECAMATAN":"PARUNG","ID_DESA":"32.01.10.2001","DESA":"PARUNG","LONGITUDE":106.733631,"LATITUDE":-6.4183446,"STATUS":"BUKA","TANGGAL UPDATE":"27/02/2025","TANGGAL PENGUMPULAN":"Q4 2023","q":27409,"r":-15135}},{"type":"Feature","geometry":{"coordinates":[106.886145,-6.473015],"type":"Point"},"properties":{"NAMA":"KLENGER BURGER - BOGOR","TIPE_1":"MAKANAN DAN MINUMAN","TIPE_2":"RESTORAN","TIPE_3":"CEPAT SAJI","TELEPON":"(021) 26332767","ALAMAT":"JL. MAYOR OKING, CIBINONG, BOGOR, PUSPANEGARA, CITEUREUP, BOGOR REGENCY, WEST JAVA 16810","ID_PROV":"32","PROVINSI":"JAWA BARAT","ID_KABKOT":"32.01","KABKOT":"BOGOR","ID_KEC":"32.01.03","KECAMATAN":"CITEUREUP","ID_DESA":"32.01.03.1006","DESA":"PUSPANEGARA","LONGITUDE":106.886145,"LATITUDE":-6.473015,"STATUS":"BUKA","TANGGAL UPDATE":"27/02/2025","TANGGAL PENGUMPULAN":"Q4 2023","q":27448,"r":-15166}},{"type":"Feature","geometry":{"coordinates":[106.88128070000005,-6.490138199999935],"type":"Point"},"properties":{"NAMA":"D'TOP CHICKEN & BURGER","TIPE_1":"MAKANAN DAN MINUMAN","TIPE_2":"RESTORAN","TIPE_3":"CEPAT SAJI","TELEPON":"","ALAMAT":"JL. PAHLAWAN NO.70, KARANG ASEM TIM., KEC. CITEUREUP, KABUPATEN BOGOR, JAWA BARAT 16810","ID_PROV":"32","PROVINSI":"JAWA BARAT","ID_KABKOT":"32.01","KABKOT":"BOGOR","ID_KEC":"32.01.03","KECAMATAN":"CITEUREUP","ID_DESA":"32.01.03.2008","DESA":"KARANG ASEM TIMUR","LONGITUDE":106.8812807,"LATITUDE":-6.4901382,"STATUS":"BUKA","TANGGAL UPDATE":"27/02/2025","TANGGAL PENGUMPULAN":"Q4 2023","q":27446,"r":-15170}},{"type":"Feature","geometry":{"coordinates":[106.96469770000004,-6.324355199999951],"type":"Point"},"properties":{"NAMA":"BURGER Q JONAS","TIPE_1":"MAKANAN DAN MINUMAN","TIPE_2":"RESTORAN","TIPE_3":"CEPAT SAJI","TELEPON":"0818-0858-3077","ALAMAT":"SAKURA REGENCY 2 BLOK L NO 7, BOJONG KULUR, KEC. GN. PUTRI, KABUPATEN BOGOR, JAWA BARAT 16969","ID_PROV":"32","PROVINSI":"JAWA BARAT","ID_KABKOT":"32.01","KABKOT":"BOGOR","ID_KEC":"32.01.02","KECAMATAN":"GUNUNG PUTRI","ID_DESA":"32.01.02.2002","DESA":"BOJONG KULUR","LONGITUDE":106.9646977,"LATITUDE":-6.3243552,"STATUS":"BUKA","TANGGAL UPDATE":"27/02/2025","TANGGAL PENGUMPULAN":"Q4 2023","q":27468,"r":-15143}},{"type":"Feature","geometry":{"coordinates":[106.569308,-6.562608599999972],"type":"Point"},"properties":{"NAMA":"KAHOYONG CHICKEN & BURGER","TIPE_1":"MAKANAN DAN MINUMAN","TIPE_2":"RESTORAN","TIPE_3":"CEPAT SAJI","TELEPON":"0882-9169-2000","ALAMAT":"JL. RAYA KALONG II, KALONG II, KEC. LEUWISADENG, KABUPATEN BOGOR, JAWA BARAT 16640","ID_PROV":"32","PROVINSI":"JAWA BARAT","ID_KABKOT":"32.01","KABKOT":"BOGOR","ID_KEC":"32.01.39","KECAMATAN":"LEUWISADENG","ID_DESA":"32.01.39.2006","DESA":"KALONG II","LONGITUDE":106.569308,"LATITUDE":-6.5626086,"STATUS":"BUKA","TANGGAL UPDATE":"27/02/2025","TANGGAL PENGUMPULAN":"Q4 2023","q":27366,"r":-15146}},{"type":"Feature","geometry":{"coordinates":[106.93744320000008,-6.379424599999941],"type":"Point"},"properties":{"NAMA":"CIBU BURGER","TIPE_1":"MAKANAN DAN MINUMAN","TIPE_2":"RESTORAN","TIPE_3":"CEPAT SAJI","TELEPON":"","ALAMAT":"NAGRAK, KEC. GN. PUTRI, KABUPATEN BOGOR, JAWA BARAT 16967","ID_PROV":"32","PROVINSI":"JAWA BARAT","ID_KABKOT":"32.01","KABKOT":"BOGOR","ID_KEC":"32.01.02","KECAMATAN":"GUNUNG PUTRI","ID_DESA":"32.01.02.2009","DESA":"NAGRAK","LONGITUDE":106.9374432,"LATITUDE":-6.3794246,"STATUS":"BUKA","TANGGAL UPDATE":"27/02/2025","TANGGAL PENGUMPULAN":"Q4 2023","q":27461,"r":-15152}},{"type":"Feature","geometry":{"coordinates":[106.84477820000006,-6.494756699999926],"type":"Point"},"properties":{"NAMA":"BURGER MAN","TIPE_1":"MAKANAN DAN MINUMAN","TIPE_2":"RESTORAN","TIPE_3":"CEPAT SAJI","TELEPON":"","ALAMAT":"JL. RAYA JAKARTA-BOGOR, PAKANSARI, KEC. CIBINONG, KABUPATEN BOGOR, JAWA BARAT 16915","ID_PROV":"32","PROVINSI":"JAWA BARAT","ID_KABKOT":"32.01","KABKOT":"BOGOR","ID_KEC":"32.01.01","KECAMATAN":"CIBINONG","ID_DESA":"32.01.01.1007","DESA":"PAKANSARI","LONGITUDE":106.8447782,"LATITUDE":-6.4947567,"STATUS":"BUKA","TANGGAL UPDATE":"27/02/2025","TANGGAL PENGUMPULAN":"Q4 2023","q":27437,"r":-15166}},{"type":"Feature","geometry":{"coordinates":[106.838863,-6.712138499999978],"type":"Point"},"properties":{"NAMA":"D'JUHRI CHICKEN & BURGER","TIPE_1":"MAKANAN DAN MINUMAN","TIPE_2":"RESTORAN","TIPE_3":"CEPAT SAJI","TELEPON":"0821-1112-3322","ALAMAT":"LEMAH DUHUR, KEC. CARINGIN, KABUPATEN BOGOR, JAWA BARAT 16730","ID_PROV":"32","PROVINSI":"JAWA BARAT","ID_KABKOT":"32.01","KABKOT":"BOGOR","ID_KEC":"32.01.27","KECAMATAN":"CARINGIN","ID_DESA":"32.01.27.2011","DESA":"LEMAH DUHUR","LONGITUDE":106.838863,"LATITUDE":-6.7121385,"STATUS":"BUKA","TANGGAL UPDATE":"27/02/2025","TANGGAL PENGUMPULAN":"Q4 2023","q":27436,"r":-15214}},{"type":"Feature","geometry":{"coordinates":[106.97254990000005,-6.368859],"type":"Point"},"properties":{"NAMA":"BURGER BANGOR KOTA WISATA","TIPE_1":"MAKANAN DAN MINUMAN","TIPE_2":"RESTORAN","TIPE_3":"CEPAT SAJI","TELEPON":"0811-1915-811","ALAMAT":"RUKO COMMPARK BLOCK J3 KOTA WISATA, JL. CANADIAN BROADWAY, KABUPATEN BOGOR, JAWA BARAT 16820","ID_PROV":"32","PROVINSI":"JAWA BARAT","ID_KABKOT":"32.01","KABKOT":"BOGOR","ID_KEC":"32.01.07","KECAMATAN":"CILEUNGSI","ID_DESA":"32.01.07.2011","DESA":"LIMUSNUNGGAL","LONGITUDE":106.9725499,"LATITUDE":-6.368859,"STATUS":"BUKA","TANGGAL UPDATE":"27/02/2025","TANGGAL PENGUMPULAN":"Q4 2023","q":27470,"r":-15154}},{"type":"Feature","geometry":{"coordinates":[106.77957370000007,-6.459939599999926],"type":"Point"},"properties":{"NAMA":"BURGER EDAM LEFIA KP BULAK KALISUREN","TIPE_1":"MAKANAN DAN MINUMAN","TIPE_2":"RESTORAN","TIPE_3":"CEPAT SAJI","TELEPON":"0857-7949-3915","ALAMAT":"JL. KP. BULAK, RT.001/RW.006, SASAK PANJANG, KEC. TAJUR HALANG, KABUPATEN BOGOR, JAWA BARAT 16320","ID_PROV":"32","PROVINSI":"JAWA BARAT","ID_KABKOT":"32.01","KABKOT":"BOGOR","ID_KEC":"32.01.37","KECAMATAN":"TAJURHALANG","ID_DESA":"32.01.37.2004","DESA":"NANGGERANG","LONGITUDE":106.7795737,"LATITUDE":-6.4599396,"STATUS":"BUKA","TANGGAL UPDATE":"27/02/2025","TANGGAL PENGUMPULAN":"Q4 2023","q":27420,"r":-15150}},{"type":"Feature","geometry":{"coordinates":[106.77372760000009,-6.443729399999937],"type":"Point"},"properties":{"NAMA":"BAKSO BURGER JJD","TIPE_1":"MAKANAN DAN MINUMAN","TIPE_2":"RESTORAN","TIPE_3":"CEPAT SAJI","TELEPON":"0812-9009-9825","ALAMAT":"RAGAJAYA, KECAMATAN BOJONGGEDE, KABUPATEN BOGOR, JAWA BARAT","ID_PROV":"32","PROVINSI":"JAWA BARAT","ID_KABKOT":"32.01","KABKOT":"BOGOR","ID_KEC":"32.01.13","KECAMATAN":"BOJONG GEDE","ID_DESA":"32.01.13.2004","DESA":"RAGAJAYA","LONGITUDE":106.7737276,"LATITUDE":-6.4437294,"STATUS":"BUKA","TANGGAL UPDATE":"27/02/2025","TANGGAL PENGUMPULAN":"Q4 2023","q":27419,"r":-15145}},{"type":"Feature","geometry":{"coordinates":[106.62394860000006,-6.570045799999941],"type":"Point"},"properties":{"NAMA":"BURGER BANGOR LEUWILIANG","TIPE_1":"MAKANAN DAN MINUMAN","TIPE_2":"RESTORAN","TIPE_3":"CEPAT SAJI","TELEPON":"0813-1558-2566","ALAMAT":"JALAN RAYA, CIBEBER I, LEUWILIANG, BOGOR REGENCY, WEST JAVA 16640","ID_PROV":"32","PROVINSI":"JAWA BARAT","ID_KABKOT":"32.01","KABKOT":"BOGOR","ID_KEC":"32.01.14","KECAMATAN":"LEUWILIANG","ID_DESA":"32.01.14.2009","DESA":"CIBEBER I","LONGITUDE":106.6239486,"LATITUDE":-6.5700458,"STATUS":"BUKA","TANGGAL UPDATE":"27/02/2025","TANGGAL PENGUMPULAN":"Q4 2023","q":27380,"r":-15155}},{"type":"Feature","geometry":{"coordinates":[106.97249420000009,-6.396453399999919],"type":"Point"},"properties":{"NAMA":"BURGER SEUBEUH","TIPE_1":"MAKANAN DAN MINUMAN","TIPE_2":"RESTORAN","TIPE_3":"CEPAT SAJI","TELEPON":"0896-7000-5285","ALAMAT":"KP RAWAHINGKIK,DESA, LIMUS NUNGGAL, KEC. CILEUNGSI, KABUPATEN BOGOR, JAWA BARAT 16820","ID_PROV":"32","PROVINSI":"JAWA BARAT","ID_KABKOT":"32.01","KABKOT":"BOGOR","ID_KEC":"32.01.07","KECAMATAN":"CILEUNGSI","ID_DESA":"32.01.07.2011","DESA":"LIMUSNUNGGAL","LONGITUDE":106.9724942,"LATITUDE":-6.3964534,"STATUS":"BUKA","TANGGAL UPDATE":"27/02/2025","TANGGAL PENGUMPULAN":"Q4 2023","q":27470,"r":-15160}},{"type":"Feature","geometry":{"coordinates":[106.85920210000006,-6.566601499999936],"type":"Point"},"properties":{"NAMA":"A&W RESTORAN - AEON SENTUL CITY","TIPE_1":"MAKANAN DAN MINUMAN","TIPE_2":"RESTORAN","TIPE_3":"CEPAT SAJI","TELEPON":"","ALAMAT":"CITARINGGUL, BABAKAN MADANG, BOGOR REGENCY, WEST JAVA 16810","ID_PROV":"32","PROVINSI":"JAWA BARAT","ID_KABKOT":"32.01","KABKOT":"BOGOR","ID_KEC":"32.01.05","KECAMATAN":"BABAKAN MADANG","ID_DESA":"32.01.05.2007","DESA":"CITARINGGUL","LONGITUDE":106.8592021,"LATITUDE":-6.5666015,"STATUS":"BUKA","TANGGAL UPDATE":"27/02/2025","TANGGAL PENGUMPULAN":"Q4 2023","q":27441,"r":-15184}},{"type":"Feature","geometry":{"coordinates":[106.76472760000007,-6.459880499999946],"type":"Point"},"properties":{"NAMA":"START UP UFO BURGER","TIPE_1":"MAKANAN DAN MINUMAN","TIPE_2":"RESTORAN","TIPE_3":"CEPAT SAJI","TELEPON":"","ALAMAT":"JL. AMD NO.116, RT.04/RW.08, SASAK PANJANG, KEC. TAJUR HALANG, KABUPATEN BOGOR, JAWA BARAT 16320","ID_PROV":"32","PROVINSI":"JAWA BARAT","ID_KABKOT":"32.01","KABKOT":"BOGOR","ID_KEC":"32.01.37","KECAMATAN":"TAJURHALANG","ID_DESA":"32.01.37.2003","DESA":"SASAK PANJANG","LONGITUDE":106.7647276,"LATITUDE":-6.4598805,"STATUS":"BUKA","TANGGAL UPDATE":"27/02/2025","TANGGAL PENGUMPULAN":"Q4 2023","q":27417,"r":-15148}},{"type":"Feature","geometry":{"coordinates":[106.88298080000004,-6.482081499999938],"type":"Point"},"properties":{"NAMA":"D'TOP CHICKEN & BURGERCITEUREUP 2","TIPE_1":"MAKANAN DAN MINUMAN","TIPE_2":"RESTORAN","TIPE_3":"CEPAT SAJI","TELEPON":"","ALAMAT":"JL. MAYOR OKING CITEUREUP NO.01, RT.06, CITEUREUP, KEC. CITEUREUP, KABUPATEN BOGOR, JAWA BARAT 16810","ID_PROV":"32","PROVINSI":"JAWA BARAT","ID_KABKOT":"32.01","KABKOT":"BOGOR","ID_KEC":"32.01.03","KECAMATAN":"CITEUREUP","ID_DESA":"32.01.03.1006","DESA":"PUSPANEGARA","LONGITUDE":106.8829808,"LATITUDE":-6.4820815,"STATUS":"BUKA","TANGGAL UPDATE":"27/02/2025","TANGGAL PENGUMPULAN":"Q4 2023","q":27447,"r":-15168}},{"type":"Feature","geometry":{"coordinates":[106.79854110000008,-6.496978399999939],"type":"Point"},"properties":{"NAMA":"KAHAYANG FIREWINGS","TIPE_1":"MAKANAN DAN MINUMAN","TIPE_2":"RESTORAN","TIPE_3":"CEPAT SAJI","TELEPON":"0895-3377-16041","ALAMAT":"DULUNYA PESONA COFFEE, GAPERI 1 JL. ABDUL HALIM BLOK CK/2 RT 7/8, KEDUNG WARINGIN, KECAMATAN BOJONGGEDE, KABUPATEN BOGOR, JAWA BARAT 16923","ID_PROV":"32","PROVINSI":"JAWA BARAT","ID_KABKOT":"32.01","KABKOT":"BOGOR","ID_KEC":"32.01.13","KECAMATAN":"BOJONG GEDE","ID_DESA":"32.01.13.2005","DESA":"KEDUNGWARINGIN","LONGITUDE":106.7985411,"LATITUDE":-6.4969784,"STATUS":"BUKA","TANGGAL UPDATE":"27/02/2025","TANGGAL PENGUMPULAN":"Q4 2023","q":27425,"r":-15161}},{"type":"Feature","geometry":{"coordinates":[106.56801210000003,-6.35195709999993],"type":"Point"},"properties":{"NAMA":"BURGER BANGOR","TIPE_1":"MAKANAN DAN MINUMAN","TIPE_2":"RESTORAN","TIPE_3":"CEPAT SAJI","TELEPON":"","ALAMAT":"PERUMAHAN SENTRALAND, PARUNG PANJANG, BOGOR REGENCY, WEST JAVA 16360","ID_PROV":"32","PROVINSI":"JAWA BARAT","ID_KABKOT":"32.01","KABKOT":"BOGOR","ID_KEC":"32.01.20","KECAMATAN":"PARUNG PANJANG","ID_DESA":"32.01.20.2006","DESA":"PARUNGPANJANG","LONGITUDE":106.5680121,"LATITUDE":-6.3519571,"STATUS":"BUKA","TANGGAL UPDATE":"27/02/2025","TANGGAL PENGUMPULAN":"Q4 2023","q":27366,"r":-15099}},{"type":"Feature","geometry":{"coordinates":[106.8627,-6.48019],"type":"Point"},"properties":{"NAMA":"AA BURGER","TIPE_1":"MAKANAN DAN MINUMAN","TIPE_2":"RESTORAN","TIPE_3":"CEPAT SAJI","TELEPON":"","ALAMAT":"LT. G1, ITC CIBINONG, JL. MAYOR OKING NO. 11, CIBINONG, 16910 BOGOR, INDONESIA, CIBINONG, BOGOR REGENCY, WEST JAVA 16911","ID_PROV":"32","PROVINSI":"JAWA BARAT","ID_KABKOT":"32.01","KABKOT":"BOGOR","ID_KEC":"32.01.01","KECAMATAN":"CIBINONG","ID_DESA":"32.01.01.1006","DESA":"CIBINONG","LONGITUDE":106.8627,"LATITUDE":-6.48019,"STATUS":"BUKA","TANGGAL UPDATE":"27/02/2025","TANGGAL PENGUMPULAN":"Q4 2023","q":27442,"r":-15165}},{"type":"Feature","geometry":{"coordinates":[106.95619260000007,-6.367145299999942],"type":"Point"},"properties":{"NAMA":"RAFFEL'S SANDWICH KOTA WISATA","TIPE_1":"MAKANAN DAN MINUMAN","TIPE_2":"RESTORAN","TIPE_3":"KAFE DAN RESTO","TELEPON":"0877-7761-8822","ALAMAT":"KOTA WISATA CIBUBUR, RUKO TRAFALGAR SRB 5-6 JAKARTA, JAWA BARAT 16968","ID_PROV":"32","PROVINSI":"JAWA BARAT","ID_KABKOT":"32.01","KABKOT":"BOGOR","ID_KEC":"32.01.02","KECAMATAN":"GUNUNG PUTRI","ID_DESA":"32.01.02.2003","DESA":"CIANGSANA","LONGITUDE":106.9561926,"LATITUDE":-6.3671453,"STATUS":"BUKA","TANGGAL UPDATE":"27/02/2025","TANGGAL PENGUMPULAN":"Q4 2023","q":27466,"r":-15152}},{"type":"Feature","geometry":{"coordinates":[106.88530820000005,-6.487741099999941],"type":"Point"},"properties":{"NAMA":"D'TOP CHICKEN AND BURGER CITRUREUP 3","TIPE_1":"MAKANAN DAN MINUMAN","TIPE_2":"RESTORAN","TIPE_3":"CEPAT SAJI","TELEPON":"","ALAMAT":"CITEUREUP, KEC. CITEUREUP, KABUPATEN BOGOR, JAWA BARAT 16810","ID_PROV":"32","PROVINSI":"JAWA BARAT","ID_KABKOT":"32.01","KABKOT":"BOGOR","ID_KEC":"32.01.03","KECAMATAN":"CITEUREUP","ID_DESA":"32.01.03.2002","DESA":"CITEUREUP","LONGITUDE":106.8853082,"LATITUDE":-6.4877411,"STATUS":"BUKA","TANGGAL UPDATE":"27/02/2025","TANGGAL PENGUMPULAN":"Q4 2023","q":27447,"r":-15170}},{"type":"Feature","geometry":{"coordinates":[106.78922260000007,-6.464501399999955],"type":"Point"},"properties":{"NAMA":"WARUNG BURGER BAGER","TIPE_1":"MAKANAN DAN MINUMAN","TIPE_2":"RESTORAN","TIPE_3":"CEPAT SAJI","TELEPON":"0856-8661-415","ALAMAT":"JL. DUREN BARU NO.86B, RT.01/RW.07, SUSUKAN, KECAMATAN BOJONGGEDE, KABUPATEN BOGOR, JAWA BARAT 16920","ID_PROV":"32","PROVINSI":"JAWA BARAT","ID_KABKOT":"32.01","KABKOT":"BOGOR","ID_KEC":"32.01.13","KECAMATAN":"BOJONG GEDE","ID_DESA":"32.01.13.2003","DESA":"SUSUKAN","LONGITUDE":106.7892226,"LATITUDE":-6.4645014,"STATUS":"BUKA","TANGGAL UPDATE":"27/02/2025","TANGGAL PENGUMPULAN":"Q4 2023","q":27423,"r":-15152}},{"type":"Feature","geometry":{"coordinates":[106.84327,-6.501418099999967],"type":"Point"},"properties":{"NAMA":"SAY BURGER INDOGROSIR BOGOR","TIPE_1":"MAKANAN DAN MINUMAN","TIPE_2":"RESTORAN","TIPE_3":"CEPAT SAJI","TELEPON":"","ALAMAT":"JL. RAYA JAKARTA-BOGOR NO.46, RT.1/RW.2, NANGGEWER MEKAR, KEC. CIBINONG, KABUPATEN BOGOR, JAWA BARAT 16912","ID_PROV":"32","PROVINSI":"JAWA BARAT","ID_KABKOT":"32.01","KABKOT":"BOGOR","ID_KEC":"32.01.01","KECAMATAN":"CIBINONG","ID_DESA":"32.01.01.1005","DESA":"NANGGEWER MEKAR","LONGITUDE":106.84327,"LATITUDE":-6.5014181,"STATUS":"BUKA","TANGGAL UPDATE":"27/02/2025","TANGGAL PENGUMPULAN":"Q4 2023","q":27437,"r":-15167}},{"type":"Feature","geometry":{"coordinates":[106.89511990000007,-6.605119599999964],"type":"Point"},"properties":{"NAMA":"NANDA CHICKEN & BURGER","TIPE_1":"MAKANAN DAN MINUMAN","TIPE_2":"RESTORAN","TIPE_3":"CEPAT SAJI","TELEPON":"","ALAMAT":"JL. RAYA BOJONG KONENG, BOJONG KONENG, KEC. BABAKAN MADANG, KABUPATEN BOGOR, JAWA BARAT 16810","ID_PROV":"32","PROVINSI":"JAWA BARAT","ID_KABKOT":"32.01","KABKOT":"BOGOR","ID_KEC":"32.01.05","KECAMATAN":"BABAKAN MADANG","ID_DESA":"32.01.05.2009","DESA":"BOJONG KONENG","LONGITUDE":106.8951199,"LATITUDE":-6.6051196,"STATUS":"BUKA","TANGGAL UPDATE":"27/02/2025","TANGGAL PENGUMPULAN":"Q4 2023","q":27450,"r":-15197}},{"type":"Feature","geometry":{"coordinates":[106.84506220000009,-6.492028699999936],"type":"Point"},"properties":{"NAMA":"MOSBRO BURGERS","TIPE_1":"MAKANAN DAN MINUMAN","TIPE_2":"RESTORAN","TIPE_3":"CEPAT SAJI","TELEPON":"0812-8325-6390","ALAMAT":"JL. RAYA JAKARTA-BOGOR NO.KM 46, PAKANSARI, KEC. CIBINONG, KABUPATEN BOGOR, JAWA BARAT 16915","ID_PROV":"32","PROVINSI":"JAWA BARAT","ID_KABKOT":"32.01","KABKOT":"BOGOR","ID_KEC":"32.01.01","KECAMATAN":"CIBINONG","ID_DESA":"32.01.01.1007","DESA":"PAKANSARI","LONGITUDE":106.8450622,"LATITUDE":-6.4920287,"STATUS":"BUKA","TANGGAL UPDATE":"27/02/2025","TANGGAL PENGUMPULAN":"Q4 2023","q":27437,"r":-15165}},{"type":"Feature","geometry":{"coordinates":[106.88226650000007,-6.58371549999993],"type":"Point"},"properties":{"NAMA":"ART BURGER AND FRIENDS","TIPE_1":"MAKANAN DAN MINUMAN","TIPE_2":"RESTORAN","TIPE_3":"CEPAT SAJI","TELEPON":"(021) 87964466","ALAMAT":"TAMAN BUDAYA SENTUL CITY, JL. SILIWANGI, SENTUL, KEC. BABAKAN MADANG, KABUPATEN BOGOR, JAWA BARAT 16810","ID_PROV":"32","PROVINSI":"JAWA BARAT","ID_KABKOT":"32.01","KABKOT":"BOGOR","ID_KEC":"32.01.05","KECAMATAN":"BABAKAN MADANG","ID_DESA":"32.01.05.2002","DESA":"SUMURBATU","LONGITUDE":106.8822665,"LATITUDE":-6.5837155,"STATUS":"BUKA","TANGGAL UPDATE":"27/02/2025","TANGGAL PENGUMPULAN":"Q4 2023","q":27447,"r":-15191}},{"type":"Feature","geometry":{"coordinates":[106.97342870000006,-6.449695599999933],"type":"Point"},"properties":{"NAMA":"VIDI RICH BURGER","TIPE_1":"MAKANAN DAN MINUMAN","TIPE_2":"RESTORAN","TIPE_3":"CEPAT SAJI","TELEPON":"0812-8632-6517","ALAMAT":"JL. RAYA KLAPANUNGGAL, CIKAHURIPAN, KEC. KLAPANUNGGAL, KABUPATEN BOGOR, JAWA BARAT 16820","ID_PROV":"32","PROVINSI":"JAWA BARAT","ID_KABKOT":"32.01","KABKOT":"BOGOR","ID_KEC":"32.01.32","KECAMATAN":"KLAPANUNGGAL","ID_DESA":"32.01.32.2005","DESA":"CIKAHURIPAN","LONGITUDE":106.9734287,"LATITUDE":-6.4496956,"STATUS":"BUKA","TANGGAL UPDATE":"27/02/2025","TANGGAL PENGUMPULAN":"Q4 2023","q":27470,"r":-15172}},{"type":"Feature","geometry":{"coordinates":[106.82591030000003,-6.731125599999935],"type":"Point"},"properties":{"NAMA":"BURGER ZILE","TIPE_1":"MAKANAN DAN MINUMAN","TIPE_2":"RESTORAN","TIPE_3":"CEPAT SAJI","TELEPON":"0856-7954-954","ALAMAT":"JL. CINAGARA GG. TALANG NO.SAMPING, CINAGARA, KEC. CARINGIN, KABUPATEN BOGOR, JAWA BARAT 16730","ID_PROV":"32","PROVINSI":"JAWA BARAT","ID_KABKOT":"32.01","KABKOT":"BOGOR","ID_KEC":"32.01.27","KECAMATAN":"CARINGIN","ID_DESA":"32.01.27.2006","DESA":"CINAGARA","LONGITUDE":106.8259103,"LATITUDE":-6.7311256,"STATUS":"BUKA","TANGGAL UPDATE":"27/02/2025","TANGGAL PENGUMPULAN":"Q4 2023","q":27432,"r":-15216}},{"type":"Feature","geometry":{"coordinates":[106.85493180000009,-6.529352],"type":"Point"},"properties":{"NAMA":"BURGER BANGOR SIRKUIT SENTUL","TIPE_1":"MAKANAN DAN MINUMAN","TIPE_2":"RESTORAN","TIPE_3":"CEPAT SAJI","TELEPON":"","ALAMAT":"JL. RAYA SIRKUIT SENTUL NO.15, SENTUL, KEC. BABAKAN MADANG, KABUPATEN BOGOR, JAWA BARAT 16810","ID_PROV":"32","PROVINSI":"JAWA BARAT","ID_KABKOT":"32.01","KABKOT":"BOGOR","ID_KEC":"32.01.05","KECAMATAN":"BABAKAN MADANG","ID_DESA":"32.01.05.2003","DESA":"SENTUL","LONGITUDE":106.8549318,"LATITUDE":-6.529352,"STATUS":"BUKA","TANGGAL UPDATE":"27/02/2025","TANGGAL PENGUMPULAN":"Q4 2023","q":27440,"r":-15175}},{"type":"Feature","geometry":{"coordinates":[106.573373,-6.343344099999969],"type":"Point"},"properties":{"NAMA":"ABIZARD BURGER","TIPE_1":"MAKANAN DAN MINUMAN","TIPE_2":"RESTORAN","TIPE_3":"CEPAT SAJI","TELEPON":"0895-0107-0148","ALAMAT":"KONTRAKAN CAT UNGU, MUSHOLAH AL IKHLAS, PARUNG PANJANG, KEC. PARUNG PANJANG, KABUPATEN BOGOR, JAWA BARAT 16360","ID_PROV":"32","PROVINSI":"JAWA BARAT","ID_KABKOT":"32.01","KABKOT":"BOGOR","ID_KEC":"32.01.20","KECAMATAN":"PARUNG PANJANG","ID_DESA":"32.01.20.2006","DESA":"PARUNGPANJANG","LONGITUDE":106.573373,"LATITUDE":-6.3433441,"STATUS":"BUKA","TANGGAL UPDATE":"27/02/2025","TANGGAL PENGUMPULAN":"Q4 2023","q":27367,"r":-15097}},{"type":"Feature","geometry":{"coordinates":[106.88362160000008,-6.481110099999968],"type":"Point"},"properties":{"NAMA":"BURGER KU","TIPE_1":"MAKANAN DAN MINUMAN","TIPE_2":"RESTORAN","TIPE_3":"CEPAT SAJI","TELEPON":"0896-5907-7814","ALAMAT":"JL. MAYOR OKING CITEUREUP NO.108, PUSPANEGARA, KEC. CITEUREUP, KABUPATEN BOGOR, JAWA BARAT 16810","ID_PROV":"32","PROVINSI":"JAWA BARAT","ID_KABKOT":"32.01","KABKOT":"BOGOR","ID_KEC":"32.01.03","KECAMATAN":"CITEUREUP","ID_DESA":"32.01.03.2002","DESA":"CITEUREUP","LONGITUDE":106.8836216,"LATITUDE":-6.4811101,"STATUS":"BUKA","TANGGAL UPDATE":"27/02/2025","TANGGAL PENGUMPULAN":"Q4 2023","q":27447,"r":-15168}},{"type":"Feature","geometry":{"coordinates":[106.86081510000008,-6.47003059999997],"type":"Point"},"properties":{"NAMA":"BURGER BANGOR MAYOR OKING","TIPE_1":"MAKANAN DAN MINUMAN","TIPE_2":"RESTORAN","TIPE_3":"CEPAT SAJI","TELEPON":"","ALAMAT":"JL. RAYA MAYOR OKING JAYA ATMAJA NO.72, CIRIMEKAR, KEC. CIBINONG, KABUPATEN BOGOR, JAWA BARAT 16917","ID_PROV":"32","PROVINSI":"JAWA BARAT","ID_KABKOT":"32.01","KABKOT":"BOGOR","ID_KEC":"32.01.01","KECAMATAN":"CIBINONG","ID_DESA":"32.01.01.1011","DESA":"CIRIMEKAR","LONGITUDE":106.8608151,"LATITUDE":-6.4700306,"STATUS":"BUKA","TANGGAL UPDATE":"27/02/2025","TANGGAL PENGUMPULAN":"Q4 2023","q":27441,"r":-15163}},{"type":"Feature","geometry":{"coordinates":[106.73131310000008,-6.480024399999939],"type":"Point"},"properties":{"NAMA":"BURGER BANGOR KEMANG BOGOR","TIPE_1":"MAKANAN DAN MINUMAN","TIPE_2":"RESTORAN","TIPE_3":"CEPAT SAJI","TELEPON":"0821-2399-7582","ALAMAT":"JL. RAYA PARUNG NO.149, JAMPANG, KEC. KEMANG, KABUPATEN BOGOR, JAWA BARAT 16310","ID_PROV":"32","PROVINSI":"JAWA BARAT","ID_KABKOT":"32.01","KABKOT":"BOGOR","ID_KEC":"32.01.12","KECAMATAN":"KEMANG","ID_DESA":"32.01.12.2007","DESA":"JAMPANG","LONGITUDE":106.7313131,"LATITUDE":-6.4800244,"STATUS":"BUKA","TANGGAL UPDATE":"27/02/2025","TANGGAL PENGUMPULAN":"Q4 2023","q":27408,"r":-15148}},{"type":"Feature","geometry":{"coordinates":[106.93520720000004,-6.594423299999957],"type":"Point"},"properties":{"NAMA":"WESTERN FOOD RESTO","TIPE_1":"MAKANAN DAN MINUMAN","TIPE_2":"RESTORAN","TIPE_3":"KAFE DAN RESTO","TELEPON":"","ALAMAT":"KARANG TENGAH, KEC. BABAKAN MADANG, KABUPATEN BOGOR, JAWA BARAT 16810","ID_PROV":"32","PROVINSI":"JAWA BARAT","ID_KABKOT":"32.01","KABKOT":"BOGOR","ID_KEC":"32.01.05","KECAMATAN":"BABAKAN MADANG","ID_DESA":"32.01.05.2004","DESA":"KARANG TENGAH","LONGITUDE":106.9352072,"LATITUDE":-6.5944233,"STATUS":"BUKA","TANGGAL UPDATE":"27/02/2025","TANGGAL PENGUMPULAN":"Q4 2023","q":27460,"r":-15200}},{"type":"Feature","geometry":{"coordinates":[106.893514,-6.434696],"type":"Point"},"properties":{"NAMA":"SAY BURGER INDOMARET REST AREA KM 21B","TIPE_1":"MAKANAN DAN MINUMAN","TIPE_2":"RESTORAN","TIPE_3":"CEPAT SAJI","TELEPON":"","ALAMAT":"JL. TOL JAGORAWI NO.KM 21, BOJONG NANGKA, KEC. GN. PUTRI, KABUPATEN BOGOR, JAWA BARAT 16963","ID_PROV":"32","PROVINSI":"JAWA BARAT","ID_KABKOT":"32.01","KABKOT":"BOGOR","ID_KEC":"32.01.02","KECAMATAN":"GUNUNG PUTRI","ID_DESA":"32.01.02.2005","DESA":"BOJONG NANGKA","LONGITUDE":106.893514,"LATITUDE":-6.434696,"STATUS":"BUKA","TANGGAL UPDATE":"27/02/2025","TANGGAL PENGUMPULAN":"Q4 2023","q":27450,"r":-15159}},{"type":"Feature","geometry":{"coordinates":[106.69000680000005,-6.393575],"type":"Point"},"properties":{"NAMA":"AMAR BURGER","TIPE_1":"MAKANAN DAN MINUMAN","TIPE_2":"RESTORAN","TIPE_3":"CEPAT SAJI","TELEPON":"0822-1344-0071","ALAMAT":"GRIYA INDAH SERPONG BLOK L4 06, CIBINONG, GUNUNG SINDUR, BOGOR REGENCY, WEST JAVA 16340","ID_PROV":"32","PROVINSI":"JAWA BARAT","ID_KABKOT":"32.01","KABKOT":"BOGOR","ID_KEC":"32.01.11","KECAMATAN":"GUNUNG SINDUR","ID_DESA":"32.01.11.2008","DESA":"CIBINONG","LONGITUDE":106.6900068,"LATITUDE":-6.393575,"STATUS":"BUKA","TANGGAL UPDATE":"27/02/2025","TANGGAL PENGUMPULAN":"Q4 2023","q":27397,"r":-15123}},{"type":"Feature","geometry":{"coordinates":[106.99421190000004,-6.395458299999965],"type":"Point"},"properties":{"NAMA":"D'CEKO (PASTA BURGER RICE MIE & DRINKS)","TIPE_1":"MAKANAN DAN MINUMAN","TIPE_2":"RESTORAN","TIPE_3":"CEPAT SAJI","TELEPON":"0813-8723-8082","ALAMAT":"CIPENJO, HARVESTCITY, KABUPATEN BOGOR, JAWA BARAT 16820","ID_PROV":"32","PROVINSI":"JAWA BARAT","ID_KABKOT":"32.01","KABKOT":"BOGOR","ID_KEC":"32.01.07","KECAMATAN":"CILEUNGSI","ID_DESA":"32.01.07.2010","DESA":"CIPENJO","LONGITUDE":106.9942119,"LATITUDE":-6.3954583,"STATUS":"BUKA","TANGGAL UPDATE":"27/02/2025","TANGGAL PENGUMPULAN":"Q4 2023","q":27475,"r":-15163}},{"type":"Feature","geometry":{"coordinates":[106.74375310000005,-6.438953899999936],"type":"Point"},"properties":{"NAMA":"CUSS PASTA & BURGER","TIPE_1":"MAKANAN DAN MINUMAN","TIPE_2":"RESTORAN","TIPE_3":"CEPAT SAJI","TELEPON":"0812-8003-8473","ALAMAT":"JL. ARCO RAYA NO.23, CITAYAM, KEC. TAJUR HALANG, KABUPATEN BOGOR, JAWA BARAT 16320","ID_PROV":"32","PROVINSI":"JAWA BARAT","ID_KABKOT":"32.01","KABKOT":"BOGOR","ID_KEC":"32.01.37","KECAMATAN":"TAJURHALANG","ID_DESA":"32.01.37.2002","DESA":"CITAYAM","LONGITUDE":106.7437531,"LATITUDE":-6.4389539,"STATUS":"BUKA","TANGGAL UPDATE":"27/02/2025","TANGGAL PENGUMPULAN":"Q4 2023","q":27411,"r":-15141}},{"type":"Feature","geometry":{"coordinates":[106.97355810000005,-6.35950509999997],"type":"Point"},"properties":{"NAMA":"LUMPIA BEEF D'RMANS FOOD","TIPE_1":"MAKANAN DAN MINUMAN","TIPE_2":"RESTORAN","TIPE_3":"JAJANAN","TELEPON":"0812-9447-0567","ALAMAT":"PRATAMA REGENSI C3 NO.27, LIMUS NUNGGAL, KEC. CILEUNGSI, KABUPATEN BOGOR, JAWA BARAT","ID_PROV":"32","PROVINSI":"JAWA BARAT","ID_KABKOT":"32.01","KABKOT":"BOGOR","ID_KEC":"32.01.07","KECAMATAN":"CILEUNGSI","ID_DESA":"32.01.07.2011","DESA":"LIMUSNUNGGAL","LONGITUDE":106.9735581,"LATITUDE":-6.3595051,"STATUS":"BUKA","TANGGAL UPDATE":"27/02/2025","TANGGAL PENGUMPULAN":"Q4 2023","q":27470,"r":-15152}},{"type":"Feature","geometry":{"coordinates":[107.04303370000008,-6.450941799999959],"type":"Point"},"properties":{"NAMA":"BURGER BANGOR CITRA INDAH CITY","TIPE_1":"MAKANAN DAN MINUMAN","TIPE_2":"RESTORAN","TIPE_3":"CEPAT SAJI","TELEPON":"0878-8282-8804","ALAMAT":"CITRA INDAH CITY, BUKIT WIDELIA INDAH, BLOK G 00/03, KEC. JONGGOL, KABUPATEN BOGOR, JAWA BARAT 16830","ID_PROV":"32","PROVINSI":"JAWA BARAT","ID_KABKOT":"32.01","KABKOT":"BOGOR","ID_KEC":"32.01.06","KECAMATAN":"JONGGOL","ID_DESA":"32.01.06.2001","DESA":"SUKAMAJU","LONGITUDE":107.0430337,"LATITUDE":-6.4509418,"STATUS":"BUKA","TANGGAL UPDATE":"27/02/2025","TANGGAL PENGUMPULAN":"Q4 2023","q":27488,"r":-15182}},{"type":"Feature","geometry":{"coordinates":[106.93452360000003,-6.394444699999944],"type":"Point"},"properties":{"NAMA":"BURGER BAKAR PRASIDEN","TIPE_1":"MAKANAN DAN MINUMAN","TIPE_2":"RESTORAN","TIPE_3":"CEPAT SAJI","TELEPON":"0821-4151-0525","ALAMAT":"JL. CIBUBUR COUNTRY BOULEVARD, CIKEAS UDIK, KEC. GN. PUTRI, KABUPATEN BOGOR, JAWA BARAT 16966","ID_PROV":"32","PROVINSI":"JAWA BARAT","ID_KABKOT":"32.01","KABKOT":"BOGOR","ID_KEC":"32.01.02","KECAMATAN":"GUNUNG PUTRI","ID_DESA":"32.01.02.2008","DESA":"CIKEAS UDIK","LONGITUDE":106.9345236,"LATITUDE":-6.3944447,"STATUS":"BUKA","TANGGAL UPDATE":"27/02/2025","TANGGAL PENGUMPULAN":"Q4 2023","q":27460,"r":-15155}},{"type":"Feature","geometry":{"coordinates":[106.862048,-6.480622],"type":"Point"},"properties":{"NAMA":"KEBAB BURGER","TIPE_1":"MAKANAN DAN MINUMAN","TIPE_2":"RESTORAN","TIPE_3":"CEPAT SAJI","TELEPON":"0857-7861-7678","ALAMAT":"CIBINONG MALL FOOD COURT LANTAI DASAR 1 JALAN RAYA MAYOR OKING NO 11 KELURAHAN CIRIUNG KECAMATAN CIBINONG, CIRIUNG, KEC. CIBINONG, KABUPATEN BOGOR, JAWA BARAT 16910","ID_PROV":"32","PROVINSI":"JAWA BARAT","ID_KABKOT":"32.01","KABKOT":"BOGOR","ID_KEC":"32.01.01","KECAMATAN":"CIBINONG","ID_DESA":"32.01.01.1006","DESA":"CIBINONG","LONGITUDE":106.862048,"LATITUDE":-6.480622,"STATUS":"BUKA","TANGGAL UPDATE":"27/02/2025","TANGGAL PENGUMPULAN":"Q4 2023","q":27441,"r":-15165}},{"type":"Feature","geometry":{"coordinates":[106.83383340000007,-6.491427299999949],"type":"Point"},"properties":{"NAMA":"REPUBLIK HOTDOG","TIPE_1":"MAKANAN DAN MINUMAN","TIPE_2":"RESTORAN","TIPE_3":"CEPAT SAJI","TELEPON":"0812-8521-1954","ALAMAT":"PAKANSARI, KEC. CIBINONG, KABUPATEN BOGOR, JAWA BARAT 16915","ID_PROV":"32","PROVINSI":"JAWA BARAT","ID_KABKOT":"32.01","KABKOT":"BOGOR","ID_KEC":"32.01.01","KECAMATAN":"CIBINONG","ID_DESA":"32.01.01.1007","DESA":"PAKANSARI","LONGITUDE":106.8338334,"LATITUDE":-6.4914273,"STATUS":"BUKA","TANGGAL UPDATE":"27/02/2025","TANGGAL PENGUMPULAN":"Q4 2023","q":27434,"r":-15164}},{"type":"Feature","geometry":{"coordinates":[106.71416860000005,-6.368608699999927],"type":"Point"},"properties":{"NAMA":"HELLO BURGER GUNUNG SINDUR","TIPE_1":"MAKANAN DAN MINUMAN","TIPE_2":"RESTORAN","TIPE_3":"CEPAT SAJI","TELEPON":"0895-3200-73551","ALAMAT":"RAWAKALONG, KEC. GN. SINDUR, KABUPATEN BOGOR, JAWA BARAT 16340","ID_PROV":"32","PROVINSI":"JAWA BARAT","ID_KABKOT":"32.01","KABKOT":"BOGOR","ID_KEC":"32.01.11","KECAMATAN":"GUNUNG SINDUR","ID_DESA":"32.01.11.2009","DESA":"RAWAKALONG","LONGITUDE":106.7141686,"LATITUDE":-6.3686087,"STATUS":"BUKA","TANGGAL UPDATE":"27/02/2025","TANGGAL PENGUMPULAN":"Q4 2023","q":27404,"r":-15121}},{"type":"Feature","geometry":{"coordinates":[106.925638,-6.434483799999959],"type":"Point"},"properties":{"NAMA":"RUMAH BURGER","TIPE_1":"MAKANAN DAN MINUMAN","TIPE_2":"RESTORAN","TIPE_3":"CEPAT SAJI","TELEPON":"0895-1241-5974","ALAMAT":"DS CICADAS RT 001/004 NO 17, KEC. GN. PUTRI, KABUPATEN BOGOR, JAWA BARAT 16964","ID_PROV":"32","PROVINSI":"JAWA BARAT","ID_KABKOT":"32.01","KABKOT":"BOGOR","ID_KEC":"32.01.02","KECAMATAN":"GUNUNG PUTRI","ID_DESA":"32.01.02.2007","DESA":"CICADAS","LONGITUDE":106.925638,"LATITUDE":-6.4344838,"STATUS":"BUKA","TANGGAL UPDATE":"27/02/2025","TANGGAL PENGUMPULAN":"Q4 2023","q":27458,"r":-15163}},{"type":"Feature","geometry":{"coordinates":[106.88601860000006,-6.651378199999959],"type":"Point"},"properties":{"NAMA":"SAY BURGER INDOMARET CIBOGO 2","TIPE_1":"MAKANAN DAN MINUMAN","TIPE_2":"RESTORAN","TIPE_3":"CEPAT SAJI","TELEPON":"","ALAMAT":"JL. RAYA PUNCAK - CIANJUR NO.49, CIPAYUNG DATAR, KEC. MEGAMENDUNG, KABUPATEN BOGOR, JAWA BARAT 16770","ID_PROV":"32","PROVINSI":"JAWA BARAT","ID_KABKOT":"32.01","KABKOT":"BOGOR","ID_KEC":"32.01.26","KECAMATAN":"MEGAMENDUNG","ID_DESA":"32.01.26.2006","DESA":"CIPAYUNG","LONGITUDE":106.8860186,"LATITUDE":-6.6513782,"STATUS":"BUKA","TANGGAL UPDATE":"27/02/2025","TANGGAL PENGUMPULAN":"Q4 2023","q":27448,"r":-15206}},{"type":"Feature","geometry":{"coordinates":[106.96799460000005,-6.40148679999993],"type":"Point"},"properties":{"NAMA":"BINDAOOS KABAB&BURGER","TIPE_1":"MAKANAN DAN MINUMAN","TIPE_2":"RESTORAN","TIPE_3":"CEPAT SAJI","TELEPON":"0813-8441-8035","ALAMAT":"JL. PERUM PD. CILEUNGSI PERMAI, CILEUNGSI, KEC. CILEUNGSI, KABUPATEN BOGOR, JAWA BARAT 16820","ID_PROV":"32","PROVINSI":"JAWA BARAT","ID_KABKOT":"32.01","KABKOT":"BOGOR","ID_KEC":"32.01.07","KECAMATAN":"CILEUNGSI","ID_DESA":"32.01.07.2012","DESA":"CILEUNGSI","LONGITUDE":106.9679946,"LATITUDE":-6.4014868,"STATUS":"BUKA","TANGGAL UPDATE":"27/02/2025","TANGGAL PENGUMPULAN":"Q4 2023","q":27469,"r":-15161}},{"type":"Feature","geometry":{"coordinates":[106.78664860000004,-6.452156199999942],"type":"Point"},"properties":{"NAMA":"BURGER BORJU BURGER AND BOBA DRINK","TIPE_1":"MAKANAN DAN MINUMAN","TIPE_2":"RESTORAN","TIPE_3":"CEPAT SAJI","TELEPON":"0896-0310-0534","ALAMAT":"CITAYAM VILLAGE, BLK. B14, JL. DUREN BARU, RAGAJAYA, KECAMATAN BOJONGGEDE, KABUPATEN BOGOR, JAWA BARAT 16920","ID_PROV":"32","PROVINSI":"JAWA BARAT","ID_KABKOT":"32.01","KABKOT":"BOGOR","ID_KEC":"32.01.13","KECAMATAN":"BOJONG GEDE","ID_DESA":"32.01.13.2004","DESA":"RAGAJAYA","LONGITUDE":106.7866486,"LATITUDE":-6.4521562,"STATUS":"BUKA","TANGGAL UPDATE":"27/02/2025","TANGGAL PENGUMPULAN":"Q4 2023","q":27422,"r":-15149}},{"type":"Feature","geometry":{"coordinates":[106.849956,-6.470139],"type":"Point"},"properties":{"NAMA":"CAKRA WEYA BURGER","TIPE_1":"MAKANAN DAN MINUMAN","TIPE_2":"RESTORAN","TIPE_3":"CEPAT SAJI","TELEPON":"","ALAMAT":"GF, CIBINONG SQUARE, JL. RAYA BOGOR KM 44, CIRIMEKAR, CIBINONG, 16917 BOGOR, JAWA BARAT, PABUARAN, CIBINONG, BOGOR REGENCY, WEST JAVA 16911","ID_PROV":"32","PROVINSI":"JAWA BARAT","ID_KABKOT":"32.01","KABKOT":"BOGOR","ID_KEC":"32.01.01","KECAMATAN":"CIBINONG","ID_DESA":"32.01.01.1012","DESA":"PABUARAN","LONGITUDE":106.849956,"LATITUDE":-6.470139,"STATUS":"BUKA","TANGGAL UPDATE":"27/02/2025","TANGGAL PENGUMPULAN":"Q4 2023","q":27438,"r":-15161}},{"type":"Feature","geometry":{"coordinates":[106.72264170000007,-6.428415099999929],"type":"Point"},"properties":{"NAMA":"D'TOP CHICKEN & BURGER","TIPE_1":"MAKANAN DAN MINUMAN","TIPE_2":"RESTORAN","TIPE_3":"CEPAT SAJI","TELEPON":"","ALAMAT":"JL. H. MAWI, WARU, KEC. PARUNG, KABUPATEN BOGOR, JAWA BARAT 16330","ID_PROV":"32","PROVINSI":"JAWA BARAT","ID_KABKOT":"32.01","KABKOT":"BOGOR","ID_KEC":"32.01.10","KECAMATAN":"PARUNG","ID_DESA":"32.01.10.2004","DESA":"WARU","LONGITUDE":106.7226417,"LATITUDE":-6.4284151,"STATUS":"BUKA","TANGGAL UPDATE":"27/02/2025","TANGGAL PENGUMPULAN":"Q4 2023","q":27406,"r":-15135}},{"type":"Feature","geometry":{"coordinates":[106.68694760000005,-6.361653399999969],"type":"Point"},"properties":{"NAMA":"DAPUR BUNAY","TIPE_1":"MAKANAN DAN MINUMAN","TIPE_2":"RESTORAN","TIPE_3":"RESTORAN NUSANTARA","TELEPON":"","ALAMAT":"JL. NATURA GARDENIA DRIVE NO.17, CLUSTER GARDENIA, SERPONG NATURA CITY, PENGASINAN, KEC. GN. SINDUR, KABUPATEN BOGOR, JAWA BARAT 16340","ID_PROV":"32","PROVINSI":"JAWA BARAT","ID_KABKOT":"32.01","KABKOT":"BOGOR","ID_KEC":"32.01.11","KECAMATAN":"GUNUNG SINDUR","ID_DESA":"32.01.11.2003","DESA":"PENGASINAN","LONGITUDE":106.6869476,"LATITUDE":-6.3616534,"STATUS":"BUKA","TANGGAL UPDATE":"27/02/2025","TANGGAL PENGUMPULAN":"Q4 2023","q":27397,"r":-15116}},{"type":"Feature","geometry":{"coordinates":[106.731575,-6.423055],"type":"Point"},"properties":{"NAMA":"MOM BURGER 2","TIPE_1":"MAKANAN DAN MINUMAN","TIPE_2":"RESTORAN","TIPE_3":"CEPAT SAJI","TELEPON":"(0251) 8614888","ALAMAT":"PASAR PARUNG, BLOK FB, NO. 92 & 94, JL. RAYA H. MAWI, PARUNG, PARUNG, BOGOR, KABUPATEN BOGOR, JAWA BARAT 16330","ID_PROV":"32","PROVINSI":"JAWA BARAT","ID_KABKOT":"32.01","KABKOT":"BOGOR","ID_KEC":"32.01.10","KECAMATAN":"PARUNG","ID_DESA":"32.01.10.2001","DESA":"PARUNG","LONGITUDE":106.731575,"LATITUDE":-6.423055,"STATUS":"BUKA","TANGGAL UPDATE":"27/02/2025","TANGGAL PENGUMPULAN":"Q4 2023","q":27408,"r":-15135}},{"type":"Feature","geometry":{"coordinates":[106.80727820000004,-6.465609899999952],"type":"Point"},"properties":{"NAMA":"JOHN BURGER","TIPE_1":"MAKANAN DAN MINUMAN","TIPE_2":"RESTORAN","TIPE_3":"CEPAT SAJI","TELEPON":"0812-8412-0283","ALAMAT":"JL. MERPATI 3A NO.151, RW. PANJANG, KECAMATAN BOJONGGEDE, KABUPATEN BOGOR, JAWA BARAT 16920","ID_PROV":"32","PROVINSI":"JAWA BARAT","ID_KABKOT":"32.01","KABKOT":"BOGOR","ID_KEC":"32.01.13","KECAMATAN":"BOJONG GEDE","ID_DESA":"32.01.13.2008","DESA":"RAWAPANJANG","LONGITUDE":106.8072782,"LATITUDE":-6.4656099,"STATUS":"BUKA","TANGGAL UPDATE":"27/02/2025","TANGGAL PENGUMPULAN":"Q4 2023","q":27427,"r":-15155}},{"type":"Feature","geometry":{"coordinates":[106.73160360000008,-6.538146499999919],"type":"Point"},"properties":{"NAMA":"BURGER DAN KEBAB ALTAYIB","TIPE_1":"MAKANAN DAN MINUMAN","TIPE_2":"RESTORAN","TIPE_3":"CEPAT SAJI","TELEPON":"0858-8855-2504","ALAMAT":"BANTARJAYA, KEC. RANCA BUNGUR, KABUPATEN BOGOR, JAWA BARAT 16310","ID_PROV":"32","PROVINSI":"JAWA BARAT","ID_KABKOT":"32.01","KABKOT":"BOGOR","ID_KEC":"32.01.34","KECAMATAN":"RANCA BUNGUR","ID_DESA":"32.01.34.2001","DESA":"BANTARJAYA","LONGITUDE":106.7316036,"LATITUDE":-6.5381465,"STATUS":"BUKA","TANGGAL UPDATE":"27/02/2025","TANGGAL PENGUMPULAN":"Q4 2023","q":27408,"r":-15161}},{"type":"Feature","geometry":{"coordinates":[106.97660640000004,-6.403983799999931],"type":"Point"},"properties":{"NAMA":"BURGER BANGOR METLAND CILEUNGSI","TIPE_1":"MAKANAN DAN MINUMAN","TIPE_2":"RESTORAN","TIPE_3":"CEPAT SAJI","TELEPON":"","ALAMAT":"METLAND TRANSYOGI JL. KOTA TAMAN METROPOLITAN RUKO, JL. EBONY NO.11, KEC. CILEUNGSI, JAWA BARAT 16820","ID_PROV":"32","PROVINSI":"JAWA BARAT","ID_KABKOT":"32.01","KABKOT":"BOGOR","ID_KEC":"32.01.07","KECAMATAN":"CILEUNGSI","ID_DESA":"32.01.07.2007","DESA":"CILEUNGSI KIDUL","LONGITUDE":106.9766064,"LATITUDE":-6.4039838,"STATUS":"BUKA","TANGGAL UPDATE":"27/02/2025","TANGGAL PENGUMPULAN":"Q4 2023","q":27471,"r":-15163}},{"type":"Feature","geometry":{"coordinates":[106.55381750000005,-6.341591499999931],"type":"Point"},"properties":{"NAMA":"ENJOY BURGER","TIPE_1":"MAKANAN DAN MINUMAN","TIPE_2":"RESTORAN","TIPE_3":"CEPAT SAJI","TELEPON":"0813-2724-8258","ALAMAT":"JL. RAYA CIBUNAR, CIBUNAR, KEC. PARUNG PANJANG, KABUPATEN BOGOR, JAWA BARAT 16360","ID_PROV":"32","PROVINSI":"JAWA BARAT","ID_KABKOT":"32.01","KABKOT":"BOGOR","ID_KEC":"32.01.20","KECAMATAN":"PARUNG PANJANG","ID_DESA":"32.01.20.2008","DESA":"CIBUNAR","LONGITUDE":106.5538175,"LATITUDE":-6.3415915,"STATUS":"BUKA","TANGGAL UPDATE":"27/02/2025","TANGGAL PENGUMPULAN":"Q4 2023","q":27362,"r":-15094}},{"type":"Feature","geometry":{"coordinates":[106.83477030000006,-6.489297499999962],"type":"Point"},"properties":{"NAMA":"HAWKERS STEAK BOGOR","TIPE_1":"MAKANAN DAN MINUMAN","TIPE_2":"RESTORAN","TIPE_3":"STEAK DAN BBQ","TELEPON":"0812-1377-6986","ALAMAT":"PAKANSARI, KEC. CIBINONG, KABUPATEN BOGOR, JAWA BARAT 16915","ID_PROV":"32","PROVINSI":"JAWA BARAT","ID_KABKOT":"32.01","KABKOT":"BOGOR","ID_KEC":"32.01.01","KECAMATAN":"CIBINONG","ID_DESA":"32.01.01.1007","DESA":"PAKANSARI","LONGITUDE":106.8347703,"LATITUDE":-6.4892975,"STATUS":"BUKA","TANGGAL UPDATE":"27/02/2025","TANGGAL PENGUMPULAN":"Q4 2023","q":27434,"r":-15163}},{"type":"Feature","geometry":{"coordinates":[106.82371880000005,-6.51028519999995],"type":"Point"},"properties":{"NAMA":"DAPUR ALYA BURGER & STEAK","TIPE_1":"MAKANAN DAN MINUMAN","TIPE_2":"RESTORAN","TIPE_3":"CEPAT SAJI","TELEPON":"0812-9568-3590","ALAMAT":"PERUMAHAN BOGOR ASRI, BLK. AA NO.12 NO 5, NANGGEWER, KEC. CIBINONG, KABUPATEN BOGOR, JAWA BARAT 16912","ID_PROV":"32","PROVINSI":"JAWA BARAT","ID_KABKOT":"32.01","KABKOT":"BOGOR","ID_KEC":"32.01.01","KECAMATAN":"CIBINONG","ID_DESA":"32.01.01.1004","DESA":"NANGGEWER","LONGITUDE":106.8237188,"LATITUDE":-6.5102852,"STATUS":"BUKA","TANGGAL UPDATE":"27/02/2025","TANGGAL PENGUMPULAN":"Q4 2023","q":27432,"r":-15167}},{"type":"Feature","geometry":{"coordinates":[106.88109960000008,-6.489979499999946],"type":"Point"},"properties":{"NAMA":"BURGER","TIPE_1":"MAKANAN DAN MINUMAN","TIPE_2":"RESTORAN","TIPE_3":"CEPAT SAJI","TELEPON":"0857-7358-7222","ALAMAT":"JL. PAHLAWAN NO.31, KARANG ASEM BAR., KEC. CITEUREUP, KABUPATEN BOGOR, JAWA BARAT 16810","ID_PROV":"32","PROVINSI":"JAWA BARAT","ID_KABKOT":"32.01","KABKOT":"BOGOR","ID_KEC":"32.01.03","KECAMATAN":"CITEUREUP","ID_DESA":"32.01.03.1007","DESA":"KARANG ASEM BARAT","LONGITUDE":106.8810996,"LATITUDE":-6.4899795,"STATUS":"BUKA","TANGGAL UPDATE":"27/02/2025","TANGGAL PENGUMPULAN":"Q4 2023","q":27446,"r":-15170}},{"type":"Feature","geometry":{"coordinates":[106.80291340000008,-6.462527299999977],"type":"Point"},"properties":{"NAMA":"BM BURGER","TIPE_1":"MAKANAN DAN MINUMAN","TIPE_2":"RESTORAN","TIPE_3":"CEPAT SAJI","TELEPON":"0878-7328-3553","ALAMAT":"JL.PABUARAN (DEPAN BENGKEL CAPLAMOT SAMPING ALFAMART) RT03/01, PABUARAN, KECAMATAN BOJONGGEDE, KABUPATEN BOGOR, JAWA BARAT 16921","ID_PROV":"32","PROVINSI":"JAWA BARAT","ID_KABKOT":"32.01","KABKOT":"BOGOR","ID_KEC":"32.01.13","KECAMATAN":"BOJONG GEDE","ID_DESA":"32.01.13.2008","DESA":"RAWAPANJANG","LONGITUDE":106.8029134,"LATITUDE":-6.4625273,"STATUS":"BUKA","TANGGAL UPDATE":"27/02/2025","TANGGAL PENGUMPULAN":"Q4 2023","q":27426,"r":-15153}},{"type":"Feature","geometry":{"coordinates":[106.80001380000004,-6.454496599999976],"type":"Point"},"properties":{"NAMA":"START UP UFO BURGER","TIPE_1":"MAKANAN DAN MINUMAN","TIPE_2":"RESTORAN","TIPE_3":"CEPAT SAJI","TELEPON":"","ALAMAT":"GRAHA PUSPA RAYA, RT.004/RW.014, BOJONG BARU, KECAMATAN BOJONGGEDE, KABUPATEN BOGOR, JAWA BARAT 16920","ID_PROV":"32","PROVINSI":"JAWA BARAT","ID_KABKOT":"32.01","KABKOT":"BOGOR","ID_KEC":"32.01.13","KECAMATAN":"BOJONG GEDE","ID_DESA":"32.01.13.1007","DESA":"PABUARAN","LONGITUDE":106.8000138,"LATITUDE":-6.4544966,"STATUS":"BUKA","TANGGAL UPDATE":"27/02/2025","TANGGAL PENGUMPULAN":"Q4 2023","q":27426,"r":-15151}},{"type":"Feature","geometry":{"coordinates":[106.72549140000007,-6.437635],"type":"Point"},"properties":{"NAMA":"MR BURGER","TIPE_1":"MAKANAN DAN MINUMAN","TIPE_2":"RESTORAN","TIPE_3":"CEPAT SAJI","TELEPON":"0857-7841-1455","ALAMAT":"JL.PEMAGARSARI. KP. SAWAH TAJUR. RT. 05/RW. 04. NO.3, PEMAGARSARI, KEC. PARUNG, KABUPATEN BOGOR, JAWA BARAT 16330","ID_PROV":"32","PROVINSI":"JAWA BARAT","ID_KABKOT":"32.01","KABKOT":"BOGOR","ID_KEC":"32.01.10","KECAMATAN":"PARUNG","ID_DESA":"32.01.10.2006","DESA":"PAMEGARSARI","LONGITUDE":106.7254914,"LATITUDE":-6.437635,"STATUS":"BUKA","TANGGAL UPDATE":"27/02/2025","TANGGAL PENGUMPULAN":"Q4 2023","q":27406,"r":-15138}},{"type":"Feature","geometry":{"coordinates":[106.90263850000008,-6.453315699999964],"type":"Point"},"properties":{"NAMA":"BURGER QUEEN","TIPE_1":"MAKANAN DAN MINUMAN","TIPE_2":"RESTORAN","TIPE_3":"CEPAT SAJI","TELEPON":"0812-9536-4667","ALAMAT":"GN. PUTRI INDAH ESTATE, JL. SAKURA KEL NO.15, TLAJUNG UDIK, KEC. GN. PUTRI, KABUPATEN BOGOR, JAWA BARAT 16962","ID_PROV":"32","PROVINSI":"JAWA BARAT","ID_KABKOT":"32.01","KABKOT":"BOGOR","ID_KEC":"32.01.02","KECAMATAN":"GUNUNG PUTRI","ID_DESA":"32.01.02.2006","DESA":"TLAJUNG UDIK","LONGITUDE":106.9026385,"LATITUDE":-6.4533157,"STATUS":"BUKA","TANGGAL UPDATE":"27/02/2025","TANGGAL PENGUMPULAN":"Q4 2023","q":27452,"r":-15164}},{"type":"Feature","geometry":{"coordinates":[106.69369640000008,-6.41204939999994],"type":"Point"},"properties":{"NAMA":"RICE BOWL BURGER NAYLA","TIPE_1":"MAKANAN DAN MINUMAN","TIPE_2":"RESTORAN","TIPE_3":"CEPAT SAJI","TELEPON":"0812-8262-5798","ALAMAT":"PERUMAHAN, JL. GRIYA BUNGA ASRI INDAH JL FLAMBOYAN BLOK H-5 NO.RT07/07, COGREG, KEC. PARUNG, KABUPATEN BOGOR, JAWA BARAT 16330","ID_PROV":"32","PROVINSI":"JAWA BARAT","ID_KABKOT":"32.01","KABKOT":"BOGOR","ID_KEC":"32.01.10","KECAMATAN":"PARUNG","ID_DESA":"32.01.10.2005","DESA":"COGREG","LONGITUDE":106.6936964,"LATITUDE":-6.4120494,"STATUS":"BUKA","TANGGAL UPDATE":"27/02/2025","TANGGAL PENGUMPULAN":"Q4 2023","q":27398,"r":-15128}},{"type":"Feature","geometry":{"coordinates":[106.83443660000007,-6.489328499999935],"type":"Point"},"properties":{"NAMA":"RUDI BURRITO DAN BURGER","TIPE_1":"MAKANAN DAN MINUMAN","TIPE_2":"RESTORAN","TIPE_3":"CEPAT SAJI","TELEPON":"0821-3483-9526","ALAMAT":"JL. RAYA GOR BARU PEMDA, PAKANSARI, KEC. CIBINONG, KABUPATEN BOGOR, JAWA BARAT 16915","ID_PROV":"32","PROVINSI":"JAWA BARAT","ID_KABKOT":"32.01","KABKOT":"BOGOR","ID_KEC":"32.01.01","KECAMATAN":"CIBINONG","ID_DESA":"32.01.01.1007","DESA":"PAKANSARI","LONGITUDE":106.8344366,"LATITUDE":-6.4893285,"STATUS":"BUKA","TANGGAL UPDATE":"27/02/2025","TANGGAL PENGUMPULAN":"Q4 2023","q":27434,"r":-15163}},{"type":"Feature","geometry":{"coordinates":[106.91656230000007,-6.656161599999955],"type":"Point"},"properties":{"NAMA":"FOODIIEID","TIPE_1":"MAKANAN DAN MINUMAN","TIPE_2":"RESTORAN","TIPE_3":"KAFE DAN RESTO","TELEPON":"0838-7909-6014","ALAMAT":"JL. RAYA PUNCAK - GADOG NO.KM 77, LEUWIMALANG, KEC. CISARUA, KABUPATEN BOGOR, JAWA BARAT 16750","ID_PROV":"32","PROVINSI":"JAWA BARAT","ID_KABKOT":"32.01","KABKOT":"BOGOR","ID_KEC":"32.01.25","KECAMATAN":"CISARUA","ID_DESA":"32.01.25.2007","DESA":"LEUWIMALANG","LONGITUDE":106.9165623,"LATITUDE":-6.6561616,"STATUS":"BUKA","TANGGAL UPDATE":"27/02/2025","TANGGAL PENGUMPULAN":"Q4 2023","q":27455,"r":-15211}},{"type":"Feature","geometry":{"coordinates":[106.97342690000005,-6.313721399999956],"type":"Point"},"properties":{"NAMA":"AUSSY BURGER","TIPE_1":"MAKANAN DAN MINUMAN","TIPE_2":"RESTORAN","TIPE_3":"CEPAT SAJI","TELEPON":"(021) 84594265","ALAMAT":"RUKO VILLA NUSA INDAH 2 BLOK S, JL. VILLA NUSA INDAH 2, BOJONG KULUR, KEC. GN. PUTRI, KABUPATEN BOGOR, JAWA BARAT 16969","ID_PROV":"32","PROVINSI":"JAWA BARAT","ID_KABKOT":"32.01","KABKOT":"BOGOR","ID_KEC":"32.01.02","KECAMATAN":"GUNUNG PUTRI","ID_DESA":"32.01.02.2002","DESA":"BOJONG KULUR","LONGITUDE":106.9734269,"LATITUDE":-6.3137214,"STATUS":"BUKA","TANGGAL UPDATE":"27/02/2025","TANGGAL PENGUMPULAN":"Q4 2023","q":27470,"r":-15142}},{"type":"Feature","geometry":{"coordinates":[106.89667540000005,-6.445074799999932],"type":"Point"},"properties":{"NAMA":"BULLGER BAR","TIPE_1":"MAKANAN DAN MINUMAN","TIPE_2":"RESTORAN","TIPE_3":"KAFE DAN RESTO","TELEPON":"","ALAMAT":"JL. RAYA BOJONG NANGKA NO.7, BOJONG NANGKA, KEC. GN. PUTRI, KABUPATEN BOGOR, JAWA BARAT 16963","ID_PROV":"32","PROVINSI":"JAWA BARAT","ID_KABKOT":"32.01","KABKOT":"BOGOR","ID_KEC":"32.01.02","KECAMATAN":"GUNUNG PUTRI","ID_DESA":"32.01.02.2005","DESA":"BOJONG NANGKA","LONGITUDE":106.8966754,"LATITUDE":-6.4450748,"STATUS":"BUKA","TANGGAL UPDATE":"27/02/2025","TANGGAL PENGUMPULAN":"Q4 2023","q":27450,"r":-15162}},{"type":"Feature","geometry":{"coordinates":[106.90227810000005,-6.503583699999981],"type":"Point"},"properties":{"NAMA":"YUMMY BURGER","TIPE_1":"MAKANAN DAN MINUMAN","TIPE_2":"RESTORAN","TIPE_3":"CEPAT SAJI","TELEPON":"","ALAMAT":"CITEUREUP RESIDEN BLOK I 3 NOMOR 6, GN. SARI, KEC. CITEUREUP, KABUPATEN BOGOR, JAWA BARAT 16810","ID_PROV":"32","PROVINSI":"JAWA BARAT","ID_KABKOT":"32.01","KABKOT":"BOGOR","ID_KEC":"32.01.03","KECAMATAN":"CITEUREUP","ID_DESA":"32.01.03.2010","DESA":"GUNUNGSARI","LONGITUDE":106.9022781,"LATITUDE":-6.5035837,"STATUS":"BUKA","TANGGAL UPDATE":"27/02/2025","TANGGAL PENGUMPULAN":"Q4 2023","q":27452,"r":-15175}},{"type":"Feature","geometry":{"coordinates":[106.46104730000008,-6.350797499999933],"type":"Point"},"properties":{"NAMA":"SAOTI BURGER","TIPE_1":"MAKANAN DAN MINUMAN","TIPE_2":"RESTORAN","TIPE_3":"CEPAT SAJI","TELEPON":"","ALAMAT":"KP RAJEG DESA BABAKAN 04/02, TENJO, KEC. TENJO, KABUPATEN BOGOR, JAWA BARAT 16370","ID_PROV":"32","PROVINSI":"JAWA BARAT","ID_KABKOT":"32.01","KABKOT":"BOGOR","ID_KEC":"32.01.23","KECAMATAN":"TENJO","ID_DESA":"32.01.23.2004","DESA":"BABAKAN","LONGITUDE":106.4610473,"LATITUDE":-6.3507975,"STATUS":"BUKA","TANGGAL UPDATE":"27/02/2025","TANGGAL PENGUMPULAN":"Q4 2023","q":27339,"r":-15085}},{"type":"Feature","geometry":{"coordinates":[106.84286160000005,-6.472245699999974],"type":"Point"},"properties":{"NAMA":"RUMAH MAKAN AMBANG SORE MASAKAN PADANG","TIPE_1":"MAKANAN DAN MINUMAN","TIPE_2":"RESTORAN","TIPE_3":"RESTORAN PADANG","TELEPON":"0812-1027-8286","ALAMAT":"RUKO PURI NIRWANA, JL. RAYA CIKARET, RT.07/RW.11, PABUARAN, KEC. CIBINONG, KABUPATEN BOGOR, JAWA BARAT 16916","ID_PROV":"32","PROVINSI":"JAWA BARAT","ID_KABKOT":"32.01","KABKOT":"BOGOR","ID_KEC":"32.01.01","KECAMATAN":"CIBINONG","ID_DESA":"32.01.01.1003","DESA":"HARAPANJAYA","LONGITUDE":106.842861599999,"LATITUDE":-6.4722457,"STATUS":"BUKA","TANGGAL UPDATE":"27/02/2025","TANGGAL PENGUMPULAN":"Q4 2023","q":27437,"r":-15161}},{"type":"Feature","geometry":{"coordinates":[106.73088980000006,-6.538016599999935],"type":"Point"},"properties":{"NAMA":"RUMAH MAKAN HARAPAN BUNDO","TIPE_1":"MAKANAN DAN MINUMAN","TIPE_2":"RESTORAN","TIPE_3":"RESTORAN PADANG","TELEPON":"0813-1553-6808","ALAMAT":"JL. ATANG SENJAYA NO.04, RT.02/RW.RW, BANTARJAYA, KEC. RANCA BUNGUR, KABUPATEN BOGOR, JAWA BARAT 16310","ID_PROV":"32","PROVINSI":"JAWA BARAT","ID_KABKOT":"32.01","KABKOT":"BOGOR","ID_KEC":"32.01.34","KECAMATAN":"RANCA BUNGUR","ID_DESA":"32.01.34.2001","DESA":"BANTARJAYA","LONGITUDE":106.7308898,"LATITUDE":-6.5380166,"STATUS":"BUKA","TANGGAL UPDATE":"27/02/2025","TANGGAL PENGUMPULAN":"Q4 2023","q":27408,"r":-15161}},{"type":"Feature","geometry":{"coordinates":[106.703113,-6.406856499999947],"type":"Point"},"properties":{"NAMA":"RUMAH MAKAN KOTO TANJUNG JAYA","TIPE_1":"MAKANAN DAN MINUMAN","TIPE_2":"RESTORAN","TIPE_3":"RESTORAN PADANG","TELEPON":"0821-2539-3442","ALAMAT":"JL. INTAN 1, CIDOKOM, KEC. GN. SINDUR, KABUPATEN BOGOR, JAWA BARAT 16340","ID_PROV":"32","PROVINSI":"JAWA BARAT","ID_KABKOT":"32.01","KABKOT":"BOGOR","ID_KEC":"32.01.11","KECAMATAN":"GUNUNG SINDUR","ID_DESA":"32.01.11.2001","DESA":"CIDOKOM","LONGITUDE":106.703113,"LATITUDE":-6.4068565,"STATUS":"BUKA","TANGGAL UPDATE":"27/02/2025","TANGGAL PENGUMPULAN":"Q4 2023","q":27401,"r":-15128}},{"type":"Feature","geometry":{"coordinates":[106.926279,-6.669797799999969],"type":"Point"},"properties":{"NAMA":"RUMAH MAKAN KAMI BANA MASAKAN PADANG","TIPE_1":"MAKANAN DAN MINUMAN","TIPE_2":"RESTORAN","TIPE_3":"RESTORAN PADANG","TELEPON":"","ALAMAT":"JL. RAYA PUNCAK GADOG, KOPO, KEC. CISARUA, KABUPATEN BOGOR, JAWA BARAT 16750","ID_PROV":"32","PROVINSI":"JAWA BARAT","ID_KABKOT":"32.01","KABKOT":"BOGOR","ID_KEC":"32.01.25","KECAMATAN":"CISARUA","ID_DESA":"32.01.25.2008","DESA":"KOPO","LONGITUDE":106.926279,"LATITUDE":-6.6697978,"STATUS":"BUKA","TANGGAL UPDATE":"27/02/2025","TANGGAL PENGUMPULAN":"Q4 2023","q":27458,"r":-15216}},{"type":"Feature","geometry":{"coordinates":[106.91907670000006,-6.662576899999976],"type":"Point"},"properties":{"NAMA":"RUMAH MAKAN MINANG PUNCAK","TIPE_1":"MAKANAN DAN MINUMAN","TIPE_2":"RESTORAN","TIPE_3":"RESTORAN PADANG","TELEPON":"0838-9455-5188","ALAMAT":"JL. RAYA PUNCAK GADOG NO.KM 78, LEUWIMALANG, KEC. CISARUA, KABUPATEN BOGOR, JAWA BARAT 16750","ID_PROV":"32","PROVINSI":"JAWA BARAT","ID_KABKOT":"32.01","KABKOT":"BOGOR","ID_KEC":"32.01.25","KECAMATAN":"CISARUA","ID_DESA":"32.01.25.2007","DESA":"LEUWIMALANG","LONGITUDE":106.919076699999,"LATITUDE":-6.6625769,"STATUS":"BUKA","TANGGAL UPDATE":"27/02/2025","TANGGAL PENGUMPULAN":"Q4 2023","q":27456,"r":-15213}},{"type":"Feature","geometry":{"coordinates":[106.89490930000005,-6.65076149999993],"type":"Point"},"properties":{"NAMA":"RUMAH MAKAN MINANG PERMAI","TIPE_1":"MAKANAN DAN MINUMAN","TIPE_2":"RESTORAN","TIPE_3":"RESTORAN PADANG","TELEPON":"","ALAMAT":"JL. RAYA PUNCAK - CIANJUR NO.71, CIPAYUNG DATAR, KEC. MEGAMENDUNG, KABUPATEN BOGOR, JAWA BARAT 16770","ID_PROV":"32","PROVINSI":"JAWA BARAT","ID_KABKOT":"32.01","KABKOT":"BOGOR","ID_KEC":"32.01.26","KECAMATAN":"MEGAMENDUNG","ID_DESA":"32.01.26.2006","DESA":"CIPAYUNG","LONGITUDE":106.8949093,"LATITUDE":-6.6507615,"STATUS":"BUKA","TANGGAL UPDATE":"27/02/2025","TANGGAL PENGUMPULAN":"Q4 2023","q":27450,"r":-15207}},{"type":"Feature","geometry":{"coordinates":[106.85054170000006,-6.44702239999998],"type":"Point"},"properties":{"NAMA":"RUMAH MAKAN PADANG","TIPE_1":"MAKANAN DAN MINUMAN","TIPE_2":"RESTORAN","TIPE_3":"RESTORAN PADANG","TELEPON":"","ALAMAT":"JLN.BAUGENVILA RAYA JL. KAMPUNG BEDAHAN PABUARAN, MEKAR, PABUARAN, KEC. CIBINONG, KABUPATEN BOGOR, JAWA BARAT 16916","ID_PROV":"32","PROVINSI":"JAWA BARAT","ID_KABKOT":"32.01","KABKOT":"BOGOR","ID_KEC":"32.01.01","KECAMATAN":"CIBINONG","ID_DESA":"32.01.01.1013","DESA":"PABUARAN MEKAR","LONGITUDE":106.8505417,"LATITUDE":-6.4470224,"STATUS":"BUKA","TANGGAL UPDATE":"27/02/2025","TANGGAL PENGUMPULAN":"Q4 2023","q":27439,"r":-15156}},{"type":"Feature","geometry":{"coordinates":[106.88860670000008,-6.651370099999951],"type":"Point"},"properties":{"NAMA":"RUMAH MAKAN MINANG INDAH MASAKAN PADANG","TIPE_1":"MAKANAN DAN MINUMAN","TIPE_2":"RESTORAN","TIPE_3":"RESTORAN PADANG","TELEPON":"0813-1819-3724","ALAMAT":"JL. RAYA PUNCAK GADOG NO.6, RT.1/RW.004, CIPAYUNG DATAR, KEC. MEGAMENDUNG, KABUPATEN BOGOR, JAWA BARAT 16770","ID_PROV":"32","PROVINSI":"JAWA BARAT","ID_KABKOT":"32.01","KABKOT":"BOGOR","ID_KEC":"32.01.26","KECAMATAN":"MEGAMENDUNG","ID_DESA":"32.01.26.2006","DESA":"CIPAYUNG","LONGITUDE":106.8886067,"LATITUDE":-6.6513701,"STATUS":"BUKA","TANGGAL UPDATE":"27/02/2025","TANGGAL PENGUMPULAN":"Q4 2023","q":27448,"r":-15207}},{"type":"Feature","geometry":{"coordinates":[106.92630620000006,-6.66981009999995],"type":"Point"},"properties":{"NAMA":"RUMAH MAKAN PADANG BINTANG GARUDA","TIPE_1":"MAKANAN DAN MINUMAN","TIPE_2":"RESTORAN","TIPE_3":"RESTORAN PADANG","TELEPON":"","ALAMAT":"JL. RAYA PUNCAK, NO. 547, KELURAHAN LEUWI MALANG KECAMTAN CISARU, RT.04/RW.02, LEUWIMALANG, KEC. CISARUA, KABUPATEN BOGOR, JAWA BARAT 16750","ID_PROV":"32","PROVINSI":"JAWA BARAT","ID_KABKOT":"32.01","KABKOT":"BOGOR","ID_KEC":"32.01.25","KECAMATAN":"CISARUA","ID_DESA":"32.01.25.2008","DESA":"KOPO","LONGITUDE":106.9263062,"LATITUDE":-6.6698101,"STATUS":"BUKA","TANGGAL UPDATE":"27/02/2025","TANGGAL PENGUMPULAN":"Q4 2023","q":27458,"r":-15216}},{"type":"Feature","geometry":{"coordinates":[106.79105870000006,-6.502138099999968],"type":"Point"},"properties":{"NAMA":"RUMAH MAKAN PADANG BARU MASAKAN PADANG","TIPE_1":"MAKANAN DAN MINUMAN","TIPE_2":"RESTORAN","TIPE_3":"RESTORAN PADANG","TELEPON":"","ALAMAT":"JL. KH MOH. SANUSI NO.1, KEDUNG WARINGIN, KECAMATAN BOJONGGEDE, KABUPATEN BOGOR, JAWA BARAT 16923","ID_PROV":"32","PROVINSI":"JAWA BARAT","ID_KABKOT":"32.01","KABKOT":"BOGOR","ID_KEC":"32.01.13","KECAMATAN":"BOJONG GEDE","ID_DESA":"32.01.13.2005","DESA":"KEDUNGWARINGIN","LONGITUDE":106.7910587,"LATITUDE":-6.5021381,"STATUS":"BUKA","TANGGAL UPDATE":"27/02/2025","TANGGAL PENGUMPULAN":"Q4 2023","q":27423,"r":-15161}},{"type":"Feature","geometry":{"coordinates":[107.17394120000006,-6.538576599999942],"type":"Point"},"properties":{"NAMA":"RUMAH MAKAN PADANG","TIPE_1":"MAKANAN DAN MINUMAN","TIPE_2":"RESTORAN","TIPE_3":"RESTORAN PADANG","TELEPON":"0851-3146-02895","ALAMAT":"CIKUTAMAHI, WEST KARAWANG, KARAWANG, JAWA BARAT","ID_PROV":"32","PROVINSI":"JAWA BARAT","ID_KABKOT":"32.01","KABKOT":"BOGOR","ID_KEC":"32.01.08","KECAMATAN":"CARIU","ID_DESA":"32.01.08.2003","DESA":"CIKUTAMAHI","LONGITUDE":107.1739412,"LATITUDE":-6.5385766,"STATUS":"BUKA","TANGGAL UPDATE":"27/02/2025","TANGGAL PENGUMPULAN":"Q4 2023","q":27522,"r":-15218}},{"type":"Feature","geometry":{"coordinates":[106.91818570000004,-6.450634],"type":"Point"},"properties":{"NAMA":"RUMAH MAKAN PADANG ANAK RANTAU","TIPE_1":"MAKANAN DAN MINUMAN","TIPE_2":"RESTORAN","TIPE_3":"RESTORAN PADANG","TELEPON":"","ALAMAT":"PRAPATAN, JL. RAYA KEDEP JL. TLAJUNG UDIK, RT.02/RW.17, KEC. GN. PUTRI, KABUPATEN BOGOR, JAWA BARAT 16962","ID_PROV":"32","PROVINSI":"JAWA BARAT","ID_KABKOT":"32.01","KABKOT":"BOGOR","ID_KEC":"32.01.02","KECAMATAN":"GUNUNG PUTRI","ID_DESA":"32.01.02.2006","DESA":"TLAJUNG UDIK","LONGITUDE":106.9181857,"LATITUDE":-6.450634,"STATUS":"BUKA","TANGGAL UPDATE":"27/02/2025","TANGGAL PENGUMPULAN":"Q4 2023","q":27456,"r":-15166}},{"type":"Feature","geometry":{"coordinates":[106.69311250000004,-6.54513849999995],"type":"Point"},"properties":{"NAMA":"RUMAH MAKAN PADANG MINANG MAIMBAU","TIPE_1":"MAKANAN DAN MINUMAN","TIPE_2":"RESTORAN","TIPE_3":"RESTORAN PADANG","TELEPON":"0812-1882-8307","ALAMAT":"JL. RAYA PS. CIAMPEA, BENTENG, KEC. CIAMPEA, KABUPATEN BOGOR, JAWA BARAT 16620","ID_PROV":"32","PROVINSI":"JAWA BARAT","ID_KABKOT":"32.01","KABKOT":"BOGOR","ID_KEC":"32.01.15","KECAMATAN":"CIAMPEA","ID_DESA":"32.01.15.2012","DESA":"BENTENG","LONGITUDE":106.6931125,"LATITUDE":-6.5451385,"STATUS":"BUKA","TANGGAL UPDATE":"27/02/2025","TANGGAL PENGUMPULAN":"Q4 2023","q":27398,"r":-15158}},{"type":"Feature","geometry":{"coordinates":[106.79769040000008,-6.496556399999974],"type":"Point"},"properties":{"NAMA":"RUMAH MAKAN PADANG JAYA","TIPE_1":"MAKANAN DAN MINUMAN","TIPE_2":"RESTORAN","TIPE_3":"RESTORAN PADANG","TELEPON":"0812-9817-065","ALAMAT":"JL. SWADAYA JL. H. ABDUL HALIM NO.1, KEDUNG WARINGIN, KECAMATAN BOJONGGEDE, KABUPATEN BOGOR, JAWA BARAT 16922","ID_PROV":"32","PROVINSI":"JAWA BARAT","ID_KABKOT":"32.01","KABKOT":"BOGOR","ID_KEC":"32.01.13","KECAMATAN":"BOJONG GEDE","ID_DESA":"32.01.13.2005","DESA":"KEDUNGWARINGIN","LONGITUDE":106.7976904,"LATITUDE":-6.4965564,"STATUS":"BUKA","TANGGAL UPDATE":"27/02/2025","TANGGAL PENGUMPULAN":"Q4 2023","q":27425,"r":-15160}},{"type":"Feature","geometry":{"coordinates":[106.82994830000007,-6.514935599999944],"type":"Point"},"properties":{"NAMA":"RUMAH MAKAN PADANG GUCI INDAH","TIPE_1":"MAKANAN DAN MINUMAN","TIPE_2":"RESTORAN","TIPE_3":"RESTORAN PADANG","TELEPON":"","ALAMAT":"NANGGEWER, KEC. CIBINONG, KABUPATEN BOGOR, JAWA BARAT","ID_PROV":"32","PROVINSI":"JAWA BARAT","ID_KABKOT":"32.01","KABKOT":"BOGOR","ID_KEC":"32.01.01","KECAMATAN":"CIBINONG","ID_DESA":"32.01.01.1004","DESA":"NANGGEWER","LONGITUDE":106.8299483,"LATITUDE":-6.5149356,"STATUS":"BUKA","TANGGAL UPDATE":"27/02/2025","TANGGAL PENGUMPULAN":"Q4 2023","q":27433,"r":-15169}},{"type":"Feature","geometry":{"coordinates":[106.83125810000007,-6.50896819999997],"type":"Point"},"properties":{"NAMA":"RUMAH MAKAN PADANG GUCI INDAH 2","TIPE_1":"MAKANAN DAN MINUMAN","TIPE_2":"RESTORAN","TIPE_3":"RESTORAN PADANG","TELEPON":"0812-1801-6814","ALAMAT":"NANGGEWER, KEC. CIBINONG, KABUPATEN BOGOR, JAWA BARAT","ID_PROV":"32","PROVINSI":"JAWA BARAT","ID_KABKOT":"32.01","KABKOT":"BOGOR","ID_KEC":"32.01.01","KECAMATAN":"CIBINONG","ID_DESA":"32.01.01.1004","DESA":"NANGGEWER","LONGITUDE":106.8312581,"LATITUDE":-6.5089682,"STATUS":"BUKA","TANGGAL UPDATE":"27/02/2025","TANGGAL PENGUMPULAN":"Q4 2023","q":27434,"r":-15167}},{"type":"Feature","geometry":{"coordinates":[106.76490210000009,-6.609212199999945],"type":"Point"},"properties":{"NAMA":"RUMAH MAKAN PADANG CIBURIAL JAYA","TIPE_1":"MAKANAN DAN MINUMAN","TIPE_2":"RESTORAN","TIPE_3":"RESTORAN PADANG","TELEPON":"0812-1009-0644","ALAMAT":"JL RAYA PINTU LEDENG NO 19 RT.04/07,KP, JL. MARGA BHAKTI DESA, CIOMAS, KEC. CIOMAS, KABUPATEN BOGOR, JAWA BARAT 16610","ID_PROV":"32","PROVINSI":"JAWA BARAT","ID_KABKOT":"32.01","KABKOT":"BOGOR","ID_KEC":"32.01.29","KECAMATAN":"CIOMAS","ID_DESA":"32.01.29.2005","DESA":"CIOMAS","LONGITUDE":106.7649021,"LATITUDE":-6.6092122,"STATUS":"BUKA","TANGGAL UPDATE":"27/02/2025","TANGGAL PENGUMPULAN":"Q4 2023","q":27417,"r":-15181}},{"type":"Feature","geometry":{"coordinates":[106.71200330000005,-6.559113799999977],"type":"Point"},"properties":{"NAMA":"RUMAH MAKAN PADANG BUNDO KANDUANG","TIPE_1":"MAKANAN DAN MINUMAN","TIPE_2":"RESTORAN","TIPE_3":"RESTORAN PADANG","TELEPON":"0813-1077-8523","ALAMAT":"JL. RAYA CIBANTENG NO.153, KP. PARUNG JAMBU, CIBANTENG, KEC. CIAMPEA, KABUPATEN BOGOR, JAWA BARAT 16620","ID_PROV":"32","PROVINSI":"JAWA BARAT","ID_KABKOT":"32.01","KABKOT":"BOGOR","ID_KEC":"32.01.15","KECAMATAN":"CIAMPEA","ID_DESA":"32.01.15.2011","DESA":"CIBANTENG","LONGITUDE":106.712003299999,"LATITUDE":-6.5591138,"STATUS":"BUKA","TANGGAL UPDATE":"27/02/2025","TANGGAL PENGUMPULAN":"Q4 2023","q":27403,"r":-15163}},{"type":"Feature","geometry":{"coordinates":[106.79842590000004,-6.517976699999963],"type":"Point"},"properties":{"NAMA":"RUMAH MAKAN PADANG BUNDO TANJUANG","TIPE_1":"MAKANAN DAN MINUMAN","TIPE_2":"RESTORAN","TIPE_3":"RESTORAN PADANG","TELEPON":"0821-4494-3037","ALAMAT":"JL. RAYA CILEBUT, CILEBUT TIM., KEC. SUKARAJA, KABUPATEN BOGOR, JAWA BARAT 16710","ID_PROV":"32","PROVINSI":"JAWA BARAT","ID_KABKOT":"32.01","KABKOT":"BOGOR","ID_KEC":"32.01.04","KECAMATAN":"SUKARAJA","ID_DESA":"32.01.04.2002","DESA":"CILEBUT TIMUR","LONGITUDE":106.7984259,"LATITUDE":-6.5179767,"STATUS":"BUKA","TANGGAL UPDATE":"27/02/2025","TANGGAL PENGUMPULAN":"Q4 2023","q":27425,"r":-15165}},{"type":"Feature","geometry":{"coordinates":[106.80762010000007,-6.514305199999967],"type":"Point"},"properties":{"NAMA":"RUMAH MAKAN PADANG RIA JAYA","TIPE_1":"MAKANAN DAN MINUMAN","TIPE_2":"RESTORAN","TIPE_3":"RESTORAN PADANG","TELEPON":"0895-3630-66862","ALAMAT":"KARADENAN, KEC. CIBINONG, KABUPATEN BOGOR, JAWA BARAT 16913","ID_PROV":"32","PROVINSI":"JAWA BARAT","ID_KABKOT":"32.01","KABKOT":"BOGOR","ID_KEC":"32.01.01","KECAMATAN":"CIBINONG","ID_DESA":"32.01.01.1002","DESA":"KARADENAN","LONGITUDE":106.8076201,"LATITUDE":-6.5143052,"STATUS":"BUKA","TANGGAL UPDATE":"27/02/2025","TANGGAL PENGUMPULAN":"Q4 2023","q":27428,"r":-15166}},{"type":"Feature","geometry":{"coordinates":[106.81089670000006,-6.521473199999946],"type":"Point"},"properties":{"NAMA":"RUMAH MAKAN PADANG PUTRA PUTRI MINANG","TIPE_1":"MAKANAN DAN MINUMAN","TIPE_2":"RESTORAN","TIPE_3":"RESTORAN PADANG","TELEPON":"","ALAMAT":"KARADENAN, KEC. CIBINONG, KABUPATEN BOGOR, JAWA BARAT","ID_PROV":"32","PROVINSI":"JAWA BARAT","ID_KABKOT":"32.01","KABKOT":"BOGOR","ID_KEC":"32.01.01","KECAMATAN":"CIBINONG","ID_DESA":"32.01.01.1002","DESA":"KARADENAN","LONGITUDE":106.8108967,"LATITUDE":-6.5214732,"STATUS":"BUKA","TANGGAL UPDATE":"27/02/2025","TANGGAL PENGUMPULAN":"Q4 2023","q":27428,"r":-15168}},{"type":"Feature","geometry":{"coordinates":[106.89370970000004,-6.503930699999955],"type":"Point"},"properties":{"NAMA":"RUMAH MAKAN PADANG PUTRA MINANG","TIPE_1":"MAKANAN DAN MINUMAN","TIPE_2":"RESTORAN","TIPE_3":"RESTORAN PADANG","TELEPON":"0821-2498-8297","ALAMAT":"JL. RAYA SABILILLAH, TARIKOLOT, KEC. CITEUREUP, KABUPATEN BOGOR, JAWA BARAT 16810","ID_PROV":"32","PROVINSI":"JAWA BARAT","ID_KABKOT":"32.01","KABKOT":"BOGOR","ID_KEC":"32.01.03","KECAMATAN":"CITEUREUP","ID_DESA":"32.01.03.2009","DESA":"TARIKOLOT","LONGITUDE":106.893709699999,"LATITUDE":-6.5039307,"STATUS":"BUKA","TANGGAL UPDATE":"27/02/2025","TANGGAL PENGUMPULAN":"Q4 2023","q":27450,"r":-15174}},{"type":"Feature","geometry":{"coordinates":[107.074725,-6.527723899999955],"type":"Point"},"properties":{"NAMA":"RUMAH MAKAN PADANG BUNGO PADI","TIPE_1":"MAKANAN DAN MINUMAN","TIPE_2":"RESTORAN","TIPE_3":"RESTORAN PADANG","TELEPON":"","ALAMAT":"CIMENYAN, SUKADAMAI, KEC. SUKAMAKMUR, KABUPATEN BOGOR, JAWA BARAT 16830","ID_PROV":"32","PROVINSI":"JAWA BARAT","ID_KABKOT":"32.01","KABKOT":"BOGOR","ID_KEC":"32.01.09","KECAMATAN":"SUKAMAKMUR","ID_DESA":"32.01.09.2003","DESA":"SUKADAMAI","LONGITUDE":107.074725,"LATITUDE":-6.5277239,"STATUS":"BUKA","TANGGAL UPDATE":"27/02/2025","TANGGAL PENGUMPULAN":"Q4 2023","q":27496,"r":-15203}},{"type":"Feature","geometry":{"coordinates":[106.83070310000005,-6.516637499999945],"type":"Point"},"properties":{"NAMA":"RUMAH MAKAN PADANG DOA MANDEH","TIPE_1":"MAKANAN DAN MINUMAN","TIPE_2":"RESTORAN","TIPE_3":"RESTORAN PADANG","TELEPON":"0889-7363-6116","ALAMAT":"NANGGEWER, KEC. CIBINONG, KABUPATEN BOGOR, JAWA BARAT","ID_PROV":"32","PROVINSI":"JAWA BARAT","ID_KABKOT":"32.01","KABKOT":"BOGOR","ID_KEC":"32.01.01","KECAMATAN":"CIBINONG","ID_DESA":"32.01.01.1004","DESA":"NANGGEWER","LONGITUDE":106.8307031,"LATITUDE":-6.5166375,"STATUS":"BUKA","TANGGAL UPDATE":"27/02/2025","TANGGAL PENGUMPULAN":"Q4 2023","q":27433,"r":-15169}},{"type":"Feature","geometry":{"coordinates":[106.79945490000006,-6.536732899999947],"type":"Point"},"properties":{"NAMA":"RUMAH MAKAN PADANG SARIWULAN","TIPE_1":"MAKANAN DAN MINUMAN","TIPE_2":"RESTORAN","TIPE_3":"RESTORAN PADANG","TELEPON":"0821-1199-0001","ALAMAT":"JL. RAYA CILEBUT NO.82, RT.01/RW.03, CILEBUT TIM., KEC. SUKARAJA, KABUPATEN BOGOR, JAWA BARAT 16710","ID_PROV":"32","PROVINSI":"JAWA BARAT","ID_KABKOT":"32.01","KABKOT":"BOGOR","ID_KEC":"32.01.04","KECAMATAN":"SUKARAJA","ID_DESA":"32.01.04.2002","DESA":"CILEBUT TIMUR","LONGITUDE":106.7994549,"LATITUDE":-6.5367329,"STATUS":"BUKA","TANGGAL UPDATE":"27/02/2025","TANGGAL PENGUMPULAN":"Q4 2023","q":27425,"r":-15170}},{"type":"Feature","geometry":{"coordinates":[106.8587027,-6.5612384],"type":"Point"},"properties":{"NAMA":"EKA PASTEL","TIPE_1":"MAKANAN DAN MINUMAN","TIPE_2":"RESTORAN","TIPE_3":"CEPAT SAJI","TELEPON":"0857-1530-3505","ALAMAT":"JL. RAYA CITARINGGUL NO.20, CITARINGGUL, KEC. BABAKAN MADANG, KABUPATEN BOGOR, JAWA BARAT 16810","ID_PROV":"32","PROVINSI":"JAWA BARAT","ID_KABKOT":"32.01","KABKOT":"BOGOR","ID_KEC":"32.01.05","KECAMATAN":"BABAKAN MADANG","ID_DESA":"32.01.05.2007","DESA":"CITARINGGUL","LONGITUDE":106.8587027,"LATITUDE":-6.5612384,"STATUS":"BUKA","TANGGAL UPDATE":"27/02/2025","TANGGAL PENGUMPULAN":"Q4 2023","q":27441,"r":-15183}},{"type":"Feature","geometry":{"coordinates":[106.8853082,-6.4877411],"type":"Point"},"properties":{"NAMA":"D'TOP CHICKEN AND BURGER CITRUREUP 3","TIPE_1":"MAKANAN DAN MINUMAN","TIPE_2":"RESTORAN","TIPE_3":"CEPAT SAJI","TELEPON":"","ALAMAT":"CITEUREUP, KEC. CITEUREUP, KABUPATEN BOGOR, JAWA BARAT 16810","ID_PROV":"32","PROVINSI":"JAWA BARAT","ID_KABKOT":"32.01","KABKOT":"BOGOR","ID_KEC":"32.01.03","KECAMATAN":"CITEUREUP","ID_DESA":"32.01.03.2002","DESA":"CITEUREUP","LONGITUDE":106.8853082,"LATITUDE":-6.4877411,"STATUS":"BUKA","TANGGAL UPDATE":"27/02/2025","TANGGAL PENGUMPULAN":"Q4 2023","q":27447,"r":-15170}},{"type":"Feature","geometry":{"coordinates":[106.7473992,-6.5379834],"type":"Point"},"properties":{"NAMA":"D'TOP CHICKEN&BURGER BOJONG BOGOR","TIPE_1":"MAKANAN DAN MINUMAN","TIPE_2":"RESTORAN","TIPE_3":"CEPAT SAJI","TELEPON":"","ALAMAT":"JL. RAYA BOJONG NO.:99, BOJONG, KEC. KEMANG, KABUPATEN BOGOR, JAWA BARAT 16310","ID_PROV":"32","PROVINSI":"JAWA BARAT","ID_KABKOT":"32.01","KABKOT":"BOGOR","ID_KEC":"32.01.12","KECAMATAN":"KEMANG","ID_DESA":"32.01.12.2001","DESA":"BOJONG","LONGITUDE":106.7473992,"LATITUDE":-6.5379834,"STATUS":"BUKA","TANGGAL UPDATE":"27/02/2025","TANGGAL PENGUMPULAN":"Q4 2023","q":27412,"r":-15163}},{"type":"Feature","geometry":{"coordinates":[106.9595918,-6.450229],"type":"Point"},"properties":{"NAMA":"D'TOP KLAPA NUNGGAL BOGOR","TIPE_1":"MAKANAN DAN MINUMAN","TIPE_2":"RESTORAN","TIPE_3":"CEPAT SAJI","TELEPON":"","ALAMAT":"GRAND KAHURIPAN KERINCI NO.LA 29, KLAPANUNGGAL, KEC. KLAPANUNGGAL, KABUPATEN BOGOR, JAWA BARAT 17310","ID_PROV":"32","PROVINSI":"JAWA BARAT","ID_KABKOT":"32.01","KABKOT":"BOGOR","ID_KEC":"32.01.32","KECAMATAN":"KLAPANUNGGAL","ID_DESA":"32.01.32.2001","DESA":"KLAPANUNGGAL","LONGITUDE":106.9595918,"LATITUDE":-6.450229,"STATUS":"BUKA","TANGGAL UPDATE":"27/02/2025","TANGGAL PENGUMPULAN":"Q4 2023","q":27467,"r":-15171}},{"type":"Feature","geometry":{"coordinates":[106.9008508,-6.6877823],"type":"Point"},"properties":{"NAMA":"D'TOP FRIED CHICKEN & BURGER MEGAMENDUNG","TIPE_1":"MAKANAN DAN MINUMAN","TIPE_2":"RESTORAN","TIPE_3":"CEPAT SAJI","TELEPON":"0877-3538-8768","ALAMAT":"JL. CIKOPO SEL. NO.25, RT.001/RW.001, SUKAMANAH, KEC. MEGAMENDUNG, KABUPATEN BOGOR, JAWA BARAT 16770","ID_PROV":"32","PROVINSI":"JAWA BARAT","ID_KABKOT":"32.01","KABKOT":"BOGOR","ID_KEC":"32.01.26","KECAMATAN":"MEGAMENDUNG","ID_DESA":"32.01.26.2007","DESA":"SUKAMANAH","LONGITUDE":106.9008508,"LATITUDE":-6.6877823,"STATUS":"BUKA","TANGGAL UPDATE":"27/02/2025","TANGGAL PENGUMPULAN":"Q4 2023","q":27451,"r":-15216}},{"type":"Feature","geometry":{"coordinates":[106.7461323,-6.6051556],"type":"Point"},"properties":{"NAMA":"DCIKRESS FRIED CHICKEN","TIPE_1":"MAKANAN DAN MINUMAN","TIPE_2":"RESTORAN","TIPE_3":"CEPAT SAJI","TELEPON":"0812-8006-5311","ALAMAT":"JL. RAYA CIBINONG-CIOMAS NO.22, KAMPUNG BABAKAN, SUKAHARJA, KEC. CIOMAS, KABUPATEN BOGOR, JAWA BARAT 16610","ID_PROV":"32","PROVINSI":"JAWA BARAT","ID_KABKOT":"32.01","KABKOT":"BOGOR","ID_KEC":"32.01.29","KECAMATAN":"CIOMAS","ID_DESA":"32.01.29.2002","DESA":"SUKAHARJA","LONGITUDE":106.7461323,"LATITUDE":-6.6051556,"STATUS":"BUKA","TANGGAL UPDATE":"27/02/2025","TANGGAL PENGUMPULAN":"Q4 2023","q":27412,"r":-15178}},{"type":"Feature","geometry":{"coordinates":[106.926423,-6.6707596],"type":"Point"},"properties":{"NAMA":"D'CHICKEN RICE BOWL","TIPE_1":"MAKANAN DAN MINUMAN","TIPE_2":"RESTORAN","TIPE_3":"CEPAT SAJI","TELEPON":"","ALAMAT":"JL. ALTERNATIF CISARUA, KOPO, KEC. CISARUA, KABUPATEN BOGOR, JAWA BARAT 16750","ID_PROV":"32","PROVINSI":"JAWA BARAT","ID_KABKOT":"32.01","KABKOT":"BOGOR","ID_KEC":"32.01.25","KECAMATAN":"CISARUA","ID_DESA":"32.01.25.2008","DESA":"KOPO","LONGITUDE":106.926423,"LATITUDE":-6.6707596,"STATUS":"BUKA","TANGGAL UPDATE":"27/02/2025","TANGGAL PENGUMPULAN":"Q4 2023","q":27458,"r":-15216}},{"type":"Feature","geometry":{"coordinates":[106.8433303,-6.6098785],"type":"Point"},"properties":{"NAMA":"FAST FOOD RESTAURANT","TIPE_1":"MAKANAN DAN MINUMAN","TIPE_2":"RESTORAN","TIPE_3":"CEPAT SAJI","TELEPON":"","ALAMAT":"JL. PANGULAAN, SUKATANI, KEC. SUKARAJA, KABUPATEN BOGOR, JAWA BARAT 16710","ID_PROV":"32","PROVINSI":"JAWA BARAT","ID_KABKOT":"32.01","KABKOT":"BOGOR","ID_KEC":"32.01.04","KECAMATAN":"SUKARAJA","ID_DESA":"32.01.04.2006","DESA":"SUKATANI","LONGITUDE":106.8433303,"LATITUDE":-6.6098785,"STATUS":"BUKA","TANGGAL UPDATE":"27/02/2025","TANGGAL PENGUMPULAN":"Q4 2023","q":27437,"r":-15192}},{"type":"Feature","geometry":{"coordinates":[106.63653749999999,-6.5939396],"type":"Point"},"properties":{"NAMA":"FAST FOOD RESTAURANT","TIPE_1":"MAKANAN DAN MINUMAN","TIPE_2":"RESTORAN","TIPE_3":"CEPAT SAJI","TELEPON":"","ALAMAT":"JL. RAYA LEUWILIANG KARACAK, BARENGKOK, KEC. LEUWILIANG, KABUPATEN BOGOR, JAWA BARAT 16640","ID_PROV":"32","PROVINSI":"JAWA BARAT","ID_KABKOT":"32.01","KABKOT":"BOGOR","ID_KEC":"32.01.14","KECAMATAN":"LEUWILIANG","ID_DESA":"32.01.14.2006","DESA":"BARENGKOK","LONGITUDE":106.6365375,"LATITUDE":-6.5939396,"STATUS":"BUKA","TANGGAL UPDATE":"27/02/2025","TANGGAL PENGUMPULAN":"Q4 2023","q":27384,"r":-15161}},{"type":"Feature","geometry":{"coordinates":[106.7977846,-6.5498607],"type":"Point"},"properties":{"NAMA":"DKRIUK KDH SERIKAT","TIPE_1":"MAKANAN DAN MINUMAN","TIPE_2":"RESTORAN","TIPE_3":"CEPAT SAJI","TELEPON":"0851-5660-9640","ALAMAT":"KP. SERIKAT, JL. RAYA CILEBUT JL. JEMB. II, RT.001/RW.001, SUKARESMI, KEC. TANAH SEREAL, KABUPATEN BOGOR, JAWA BARAT 16710","ID_PROV":"32","PROVINSI":"JAWA BARAT","ID_KABKOT":"32.01","KABKOT":"BOGOR","ID_KEC":"32.01.04","KECAMATAN":"SUKARAJA","ID_DESA":"32.01.04.2003","DESA":"CILEBUT BARAT","LONGITUDE":106.7977846,"LATITUDE":-6.5498607,"STATUS":"BUKA","TANGGAL UPDATE":"27/02/2025","TANGGAL PENGUMPULAN":"Q4 2023","q":27425,"r":-15172}},{"type":"Feature","geometry":{"coordinates":[106.9578471,-6.4523085],"type":"Point"},"properties":{"NAMA":"DOMUI CORN BOGOR","TIPE_1":"MAKANAN DAN MINUMAN","TIPE_2":"RESTORAN","TIPE_3":"CEPAT SAJI","TELEPON":"0812-5757-5628","ALAMAT":"JL. GRAND KAHURIPAN, KLAPANUNGGAL, KEC. KLAPANUNGGAL, KABUPATEN BOGOR, JAWA BARAT 16710","ID_PROV":"32","PROVINSI":"JAWA BARAT","ID_KABKOT":"32.01","KABKOT":"BOGOR","ID_KEC":"32.01.32","KECAMATAN":"KLAPANUNGGAL","ID_DESA":"32.01.32.2001","DESA":"KLAPANUNGGAL","LONGITUDE":106.9578471,"LATITUDE":-6.4523085,"STATUS":"BUKA","TANGGAL UPDATE":"27/02/2025","TANGGAL PENGUMPULAN":"Q4 2023","q":27466,"r":-15171}},{"type":"Feature","geometry":{"coordinates":[106.9691373,-6.6951358],"type":"Point"},"properties":{"NAMA":"DKRIUK TUGU PUNCAK","TIPE_1":"MAKANAN DAN MINUMAN","TIPE_2":"RESTORAN","TIPE_3":"CEPAT SAJI","TELEPON":"0877-2077-8592","ALAMAT":"PUNCAK RD, NORTH TUGU, CISARUA, BOGOR REGENCY, WEST JAVA","ID_PROV":"32","PROVINSI":"JAWA BARAT","ID_KABKOT":"32.01","KABKOT":"BOGOR","ID_KEC":"32.01.25","KECAMATAN":"CISARUA","ID_DESA":"32.01.25.2006","DESA":"TUGU SELATAN","LONGITUDE":106.9691373,"LATITUDE":-6.6951358,"STATUS":"BUKA","TANGGAL UPDATE":"27/02/2025","TANGGAL PENGUMPULAN":"Q4 2023","q":27469,"r":-15227}},{"type":"Feature","geometry":{"coordinates":[106.6952008,-6.6192689],"type":"Point"},"properties":{"NAMA":"DR CHICKEN","TIPE_1":"MAKANAN DAN MINUMAN","TIPE_2":"RESTORAN","TIPE_3":"CEPAT SAJI","TELEPON":"0821-2501-4106","ALAMAT":"JL. ABDUL FATAH, CIBITUNG TENGAH, KEC. TENJOLAYA, KABUPATEN BOGOR, JAWA BARAT 16370","ID_PROV":"32","PROVINSI":"JAWA BARAT","ID_KABKOT":"32.01","KABKOT":"BOGOR","ID_KEC":"32.01.40","KECAMATAN":"TENJOLAYA","ID_DESA":"32.01.40.2003","DESA":"CIBITUNG TENGAH","LONGITUDE":106.6952008,"LATITUDE":-6.6192689,"STATUS":"BUKA","TANGGAL UPDATE":"27/02/2025","TANGGAL PENGUMPULAN":"Q4 2023","q":27399,"r":-15175}},{"type":"Feature","geometry":{"coordinates":[106.6460255,-6.5753573],"type":"Point"},"properties":{"NAMA":"DR CHICKEN","TIPE_1":"MAKANAN DAN MINUMAN","TIPE_2":"RESTORAN","TIPE_3":"CEPAT SAJI","TELEPON":"0821-2501-4106","ALAMAT":"JL. RAYA CIBUNGBULANG, DUKUH, KEC. CIBUNGBULANG, KABUPATEN BOGOR, JAWA BARAT 16630","ID_PROV":"32","PROVINSI":"JAWA BARAT","ID_KABKOT":"32.01","KABKOT":"BOGOR","ID_KEC":"32.01.16","KECAMATAN":"CIBUNGBULANG","ID_DESA":"32.01.16.2003","DESA":"CEMPLANG","LONGITUDE":106.6460255,"LATITUDE":-6.5753573,"STATUS":"BUKA","TANGGAL UPDATE":"27/02/2025","TANGGAL PENGUMPULAN":"Q4 2023","q":27386,"r":-15159}},{"type":"Feature","geometry":{"coordinates":[106.6952492,-6.5532522],"type":"Point"},"properties":{"NAMA":"DR CHICKEN - CIAMPEA","TIPE_1":"MAKANAN DAN MINUMAN","TIPE_2":"RESTORAN","TIPE_3":"CEPAT SAJI","TELEPON":"","ALAMAT":"JL. WR. BORONG, RT.2/RW.3, BOJONG RANGKAS, KEC. CIAMPEA, KABUPATEN BOGOR, JAWA BARAT 16620","ID_PROV":"32","PROVINSI":"JAWA BARAT","ID_KABKOT":"32.01","KABKOT":"BOGOR","ID_KEC":"32.01.15","KECAMATAN":"CIAMPEA","ID_DESA":"32.01.15.2009","DESA":"BOJONGRANGKAS","LONGITUDE":106.6952492,"LATITUDE":-6.5532522,"STATUS":"BUKA","TANGGAL UPDATE":"27/02/2025","TANGGAL PENGUMPULAN":"Q4 2023","q":27399,"r":-15160}},{"type":"Feature","geometry":{"coordinates":[106.7164847,-6.5624314],"type":"Point"},"properties":{"NAMA":"DR CHICKEN - CIBANTENG","TIPE_1":"MAKANAN DAN MINUMAN","TIPE_2":"RESTORAN","TIPE_3":"CEPAT SAJI","TELEPON":"0858-8866-5399","ALAMAT":"JL. CIBANTENG AGATHIS NO.112, CIHIDEUNG ILIR, KEC. CIAMPEA, KABUPATEN BOGOR, JAWA BARAT 16620","ID_PROV":"32","PROVINSI":"JAWA BARAT","ID_KABKOT":"32.01","KABKOT":"BOGOR","ID_KEC":"32.01.15","KECAMATAN":"CIAMPEA","ID_DESA":"32.01.15.2010","DESA":"CIHIDEUNGHILIR","LONGITUDE":106.7164847,"LATITUDE":-6.5624314,"STATUS":"BUKA","TANGGAL UPDATE":"27/02/2025","TANGGAL PENGUMPULAN":"Q4 2023","q":27404,"r":-15165}},{"type":"Feature","geometry":{"coordinates":[106.79964419999999,-6.5198224],"type":"Point"},"properties":{"NAMA":"DR CHICKEN - CILEBUT","TIPE_1":"MAKANAN DAN MINUMAN","TIPE_2":"RESTORAN","TIPE_3":"CEPAT SAJI","TELEPON":"0811-1380-4226","ALAMAT":"JL. BOJONG GEDE RAYA NO.18, CILEBUT BARAT, SUKARAJA, BOGOR REGENCY, WEST JAVA 16710","ID_PROV":"32","PROVINSI":"JAWA BARAT","ID_KABKOT":"32.01","KABKOT":"BOGOR","ID_KEC":"32.01.04","KECAMATAN":"SUKARAJA","ID_DESA":"32.01.04.2003","DESA":"CILEBUT BARAT","LONGITUDE":106.7996442,"LATITUDE":-6.5198224,"STATUS":"BUKA","TANGGAL UPDATE":"27/02/2025","TANGGAL PENGUMPULAN":"Q4 2023","q":27425,"r":-15166}},{"type":"Feature","geometry":{"coordinates":[106.6335872,-6.5834779],"type":"Point"},"properties":{"NAMA":"DR CHICKEN - KARACAK","TIPE_1":"MAKANAN DAN MINUMAN","TIPE_2":"RESTORAN","TIPE_3":"CEPAT SAJI","TELEPON":"","ALAMAT":"JL. MOHNOH NUR NO.77, LEUWIMEKAR, KEC. LEUWILIANG, KABUPATEN BOGOR, JAWA BARAT 16640","ID_PROV":"32","PROVINSI":"JAWA BARAT","ID_KABKOT":"32.01","KABKOT":"BOGOR","ID_KEC":"32.01.14","KECAMATAN":"LEUWILIANG","ID_DESA":"32.01.14.2007","DESA":"LEUWIMEKAR","LONGITUDE":106.6335872,"LATITUDE":-6.5834779,"STATUS":"BUKA","TANGGAL UPDATE":"27/02/2025","TANGGAL PENGUMPULAN":"Q4 2023","q":27383,"r":-15159}},{"type":"Feature","geometry":{"coordinates":[106.8964288,-6.4572654],"type":"Point"},"properties":{"NAMA":"DR CHICKEN - KARANGGAN","TIPE_1":"MAKANAN DAN MINUMAN","TIPE_2":"RESTORAN","TIPE_3":"CEPAT SAJI","TELEPON":"","ALAMAT":"JL. PERUM GN. PUTRI PERMAI 3 NO.7, RT.2/RW.13, GN. PUTRI, KEC. GN. PUTRI, KABUPATEN BOGOR, JAWA BARAT 16960","ID_PROV":"32","PROVINSI":"JAWA BARAT","ID_KABKOT":"32.01","KABKOT":"BOGOR","ID_KEC":"32.01.02","KECAMATAN":"GUNUNG PUTRI","ID_DESA":"32.01.02.2004","DESA":"GUNUNG PUTRI","LONGITUDE":106.8964288,"LATITUDE":-6.4572654,"STATUS":"BUKA","TANGGAL UPDATE":"27/02/2025","TANGGAL PENGUMPULAN":"Q4 2023","q":27450,"r":-15164}},{"type":"Feature","geometry":{"coordinates":[106.73525869999999,-6.6377374],"type":"Point"},"properties":{"NAMA":"DR CHICKEN - NAMBO","TIPE_1":"MAKANAN DAN MINUMAN","TIPE_2":"RESTORAN","TIPE_3":"CEPAT SAJI","TELEPON":"0857-1487-8060","ALAMAT":"JL. NAMBO, SUKAJAYA, KEC. TAMANSARI, KABUPATEN BOGOR, JAWA BARAT 16610","ID_PROV":"32","PROVINSI":"JAWA BARAT","ID_KABKOT":"32.01","KABKOT":"BOGOR","ID_KEC":"32.01.31","KECAMATAN":"TAMANSARI","ID_DESA":"32.01.31.2007","DESA":"SUKAJAYA","LONGITUDE":106.7352587,"LATITUDE":-6.6377374,"STATUS":"BUKA","TANGGAL UPDATE":"27/02/2025","TANGGAL PENGUMPULAN":"Q4 2023","q":27409,"r":-15184}},{"type":"Feature","geometry":{"coordinates":[106.67917639999999,-6.6348216],"type":"Point"},"properties":{"NAMA":"DR CHICKEN - SEGOG","TIPE_1":"MAKANAN DAN MINUMAN","TIPE_2":"RESTORAN","TIPE_3":"CEPAT SAJI","TELEPON":"0857-7969-5009","ALAMAT":"JL. RAYA KP. SETU 2 NO.43.RT. 003/008, CIBENING, KEC. PAMIJAHAN, KABUPATEN BOGOR, JAWA BARAT 16810","ID_PROV":"32","PROVINSI":"JAWA BARAT","ID_KABKOT":"32.01","KABKOT":"BOGOR","ID_KEC":"32.01.17","KECAMATAN":"PAMIJAHAN","ID_DESA":"32.01.17.2009","DESA":"CIBENING","LONGITUDE":106.6791764,"LATITUDE":-6.6348216,"STATUS":"BUKA","TANGGAL UPDATE":"27/02/2025","TANGGAL PENGUMPULAN":"Q4 2023","q":27395,"r":-15176}},{"type":"Feature","geometry":{"coordinates":[106.7642679,-6.4908298],"type":"Point"},"properties":{"NAMA":"D'KRIUK FRIED CHICKEN TONJONG KABUPATEN BOGOR","TIPE_1":"MAKANAN DAN MINUMAN","TIPE_2":"RESTORAN","TIPE_3":"CEPAT SAJI","TELEPON":"0858-9940-2492","ALAMAT":"JL. RAYA TONJONG NO.43, RT.02 RW03/RW.03, TONJONG, KEC. TAJUR HALANG, KABUPATEN BOGOR, JAWA BARAT 16320","ID_PROV":"32","PROVINSI":"JAWA BARAT","ID_KABKOT":"32.01","KABKOT":"BOGOR","ID_KEC":"32.01.37","KECAMATAN":"TAJURHALANG","ID_DESA":"32.01.37.2006","DESA":"TONJONG","LONGITUDE":106.7642679,"LATITUDE":-6.4908298,"STATUS":"BUKA","TANGGAL UPDATE":"27/02/2025","TANGGAL PENGUMPULAN":"Q4 2023","q":27416,"r":-15155}},{"type":"Feature","geometry":{"coordinates":[106.945637,-6.7036778],"type":"Point"},"properties":{"NAMA":"DKRIUK FRIED CHIKEN CIBEUREUM PUNCAK","TIPE_1":"MAKANAN DAN MINUMAN","TIPE_2":"RESTORAN","TIPE_3":"CEPAT SAJI","TELEPON":"0838-9098-7930","ALAMAT":"JL.TAMAN SAFARI KP.BARU, DESA, CIBEUREUM, KEC. CISARUA, KABUPATEN BOGOR KABUPAEN, KABUPATEN BOGOR, JAWA BARAT 16750","ID_PROV":"32","PROVINSI":"JAWA BARAT","ID_KABKOT":"32.01","KABKOT":"BOGOR","ID_KEC":"32.01.25","KECAMATAN":"CISARUA","ID_DESA":"32.01.25.2003","DESA":"CIBEUREUM","LONGITUDE":106.945637,"LATITUDE":-6.7036778,"STATUS":"BUKA","TANGGAL UPDATE":"27/02/2025","TANGGAL PENGUMPULAN":"Q4 2023","q":27463,"r":-15226}},{"type":"Feature","geometry":{"coordinates":[106.4959367,-6.5083657],"type":"Point"},"properties":{"NAMA":"FAST FOOD RESTAURANT","TIPE_1":"MAKANAN DAN MINUMAN","TIPE_2":"RESTORAN","TIPE_3":"CEPAT SAJI","TELEPON":"","ALAMAT":"KALONGSAWAH, KEC. JASINGA, KABUPATEN BOGOR, JAWA BARAT","ID_PROV":"32","PROVINSI":"JAWA BARAT","ID_KABKOT":"32.01","KABKOT":"BOGOR","ID_KEC":"32.01.19","KECAMATAN":"JASINGA","ID_DESA":"32.01.19.2003","DESA":"KALONGSAWAH","LONGITUDE":106.4959367,"LATITUDE":-6.5083657,"STATUS":"BUKA","TANGGAL UPDATE":"27/02/2025","TANGGAL PENGUMPULAN":"Q4 2023","q":27347,"r":-15124}},{"type":"Feature","geometry":{"coordinates":[106.863367,-6.654433],"type":"Point"},"properties":{"NAMA":"SUPER CHICKEN","TIPE_1":"MAKANAN DAN MINUMAN","TIPE_2":"RESTORAN","TIPE_3":"CEPAT SAJI","TELEPON":"","ALAMAT":"JL. RAYA PUNCAK - CIANJUR NO.57, PANDANSARI, KEC. CIAWI, KABUPATEN BOGOR, JAWA BARAT 16720","ID_PROV":"32","PROVINSI":"JAWA BARAT","ID_KABKOT":"32.01","KABKOT":"BOGOR","ID_KEC":"32.01.24","KECAMATAN":"CIAWI","ID_DESA":"32.01.24.2009","DESA":"PANDAN SARI","LONGITUDE":106.863367,"LATITUDE":-6.654433,"STATUS":"BUKA","TANGGAL UPDATE":"27/02/2025","TANGGAL PENGUMPULAN":"Q4 2023","q":27442,"r":-15204}},{"type":"Feature","geometry":{"coordinates":[106.8427528,-6.5092459],"type":"Point"},"properties":{"NAMA":"SUKA SUKA FRIED CHICKEN","TIPE_1":"MAKANAN DAN MINUMAN","TIPE_2":"RESTORAN","TIPE_3":"CEPAT SAJI","TELEPON":"0815-9542-824","ALAMAT":"JL. RAYA BOGOR, NANGGEWER MEKAR, KEC. CIBINONG, KABUPATEN BOGOR, JAWA BARAT 16912","ID_PROV":"32","PROVINSI":"JAWA BARAT","ID_KABKOT":"32.01","KABKOT":"BOGOR","ID_KEC":"32.01.01","KECAMATAN":"CIBINONG","ID_DESA":"32.01.01.1005","DESA":"NANGGEWER MEKAR","LONGITUDE":106.8427528,"LATITUDE":-6.5092459,"STATUS":"BUKA","TANGGAL UPDATE":"27/02/2025","TANGGAL PENGUMPULAN":"Q4 2023","q":27437,"r":-15169}},{"type":"Feature","geometry":{"coordinates":[106.8929018,-6.6508581],"type":"Point"},"properties":{"NAMA":"SOP BUNTUT MANG IJA","TIPE_1":"MAKANAN DAN MINUMAN","TIPE_2":"RESTORAN","TIPE_3":"CEPAT SAJI","TELEPON":"","ALAMAT":"JL. RAYA PUNCAK - CIANJUR NO.79, CIPAYUNG DATAR, KEC. MEGAMENDUNG, KABUPATEN BOGOR, JAWA BARAT 16770","ID_PROV":"32","PROVINSI":"JAWA BARAT","ID_KABKOT":"32.01","KABKOT":"BOGOR","ID_KEC":"32.01.26","KECAMATAN":"MEGAMENDUNG","ID_DESA":"32.01.26.2006","DESA":"CIPAYUNG","LONGITUDE":106.8929018,"LATITUDE":-6.6508581,"STATUS":"BUKA","TANGGAL UPDATE":"27/02/2025","TANGGAL PENGUMPULAN":"Q4 2023","q":27449,"r":-15207}},{"type":"Feature","geometry":{"coordinates":[106.9809944,-6.7027331],"type":"Point"},"properties":{"NAMA":"TOKO SAUNG DADAP","TIPE_1":"MAKANAN DAN MINUMAN","TIPE_2":"RESTORAN","TIPE_3":"CEPAT SAJI","TELEPON":"0812-9383-8072","ALAMAT":"JALAN RAYA PUNCAK-CIANJUR, KM 86, TUGU SELATAN, CISARUA, TUGU SEL., KEC. CISARUA, KABUPATEN BOGOR, JAWA BARAT 16750","ID_PROV":"32","PROVINSI":"JAWA BARAT","ID_KABKOT":"32.01","KABKOT":"BOGOR","ID_KEC":"32.01.25","KECAMATAN":"CISARUA","ID_DESA":"32.01.25.2006","DESA":"TUGU SELATAN","LONGITUDE":106.9809944,"LATITUDE":-6.7027331,"STATUS":"BUKA","TANGGAL UPDATE":"27/02/2025","TANGGAL PENGUMPULAN":"Q4 2023","q":27472,"r":-15230}},{"type":"Feature","geometry":{"coordinates":[106.7516029,-6.6504551],"type":"Point"},"properties":{"NAMA":"SRASA CAFE","TIPE_1":"MAKANAN DAN MINUMAN","TIPE_2":"RESTORAN","TIPE_3":"CEPAT SAJI","TELEPON":"0822-9993-0443","ALAMAT":"JL. RAYA CIAPUS BUNIAGA, SUKALUYU, KEC. TAMANSARI, KABUPATEN BOGOR, JAWA BARAT 16610","ID_PROV":"32","PROVINSI":"JAWA BARAT","ID_KABKOT":"32.01","KABKOT":"BOGOR","ID_KEC":"32.01.31","KECAMATAN":"TAMANSARI","ID_DESA":"32.01.31.2005","DESA":"SUKALUYU","LONGITUDE":106.7516029,"LATITUDE":-6.6504551,"STATUS":"BUKA","TANGGAL UPDATE":"27/02/2025","TANGGAL PENGUMPULAN":"Q4 2023","q":27413,"r":-15189}},{"type":"Feature","geometry":{"coordinates":[106.7379371,-6.4765794],"type":"Point"},"properties":{"NAMA":"SOTO MIE BOGOR & MIE BASO BANG NADI","TIPE_1":"MAKANAN DAN MINUMAN","TIPE_2":"RESTORAN","TIPE_3":"CEPAT SAJI","TELEPON":"0812-8178-0868","ALAMAT":"JL. RAYA BOJONGGEDE - KEMANG (BOMANG), KALISUREN, KEC. TAJUR HALANG, KABUPATEN BOGOR, JAWA BARAT 16320","ID_PROV":"32","PROVINSI":"JAWA BARAT","ID_KABKOT":"32.01","KABKOT":"BOGOR","ID_KEC":"32.01.37","KECAMATAN":"TAJURHALANG","ID_DESA":"32.01.37.2007","DESA":"KALISUREN","LONGITUDE":106.7379371,"LATITUDE":-6.4765794,"STATUS":"BUKA","TANGGAL UPDATE":"27/02/2025","TANGGAL PENGUMPULAN":"Q4 2023","q":27410,"r":-15148}},{"type":"Feature","geometry":{"coordinates":[106.6813237,-6.6201008],"type":"Point"},"properties":{"NAMA":"SOTO MIE BOGOR- BASO BOGOR FAST FOOD RESTAURANT","TIPE_1":"MAKANAN DAN MINUMAN","TIPE_2":"RESTORAN","TIPE_3":"CEPAT SAJI","TELEPON":"","ALAMAT":"JL. RAYA CIKAMPAK, CIAMPEA UDIK, KEC. CIAMPEA, KABUPATEN BOGOR, JAWA BARAT 16620","ID_PROV":"32","PROVINSI":"JAWA BARAT","ID_KABKOT":"32.01","KABKOT":"BOGOR","ID_KEC":"32.01.15","KECAMATAN":"CIAMPEA","ID_DESA":"32.01.15.2013","DESA":"CIAMPEA UDIK","LONGITUDE":106.6813237,"LATITUDE":-6.6201008,"STATUS":"BUKA","TANGGAL UPDATE":"27/02/2025","TANGGAL PENGUMPULAN":"Q4 2023","q":27395,"r":-15173}},{"type":"Feature","geometry":{"coordinates":[106.8544218,-6.5592244],"type":"Point"},"properties":{"NAMA":"SOTO MIE BOGOR EMA ABI","TIPE_1":"MAKANAN DAN MINUMAN","TIPE_2":"RESTORAN","TIPE_3":"CEPAT SAJI","TELEPON":"0813-8029-7756","ALAMAT":"CITARINGGUL, KEC. BABAKAN MADANG, KABUPATEN BOGOR, JAWA BARAT 16810","ID_PROV":"32","PROVINSI":"JAWA BARAT","ID_KABKOT":"32.01","KABKOT":"BOGOR","ID_KEC":"32.01.05","KECAMATAN":"BABAKAN MADANG","ID_DESA":"32.01.05.2007","DESA":"CITARINGGUL","LONGITUDE":106.8544218,"LATITUDE":-6.5592244,"STATUS":"BUKA","TANGGAL UPDATE":"27/02/2025","TANGGAL PENGUMPULAN":"Q4 2023","q":27440,"r":-15182}},{"type":"Feature","geometry":{"coordinates":[106.8635075,-6.4739046],"type":"Point"},"properties":{"NAMA":"SOTO MIE BOGOR KANG ELAN","TIPE_1":"MAKANAN DAN MINUMAN","TIPE_2":"RESTORAN","TIPE_3":"CEPAT SAJI","TELEPON":"0895-3853-06162","ALAMAT":"JL. RAYA MAYOR OKING JAYA ATMAJA LINGKUNGAN 1 NO.34, RT.02/RW.02, CIRIUNG, KEC. CIBINONG, KABUPATEN BOGOR, JAWA BARAT 16917","ID_PROV":"32","PROVINSI":"JAWA BARAT","ID_KABKOT":"32.01","KABKOT":"BOGOR","ID_KEC":"32.01.01","KECAMATAN":"CIBINONG","ID_DESA":"32.01.01.1010","DESA":"CIRIUNG","LONGITUDE":106.8635075,"LATITUDE":-6.4739046,"STATUS":"BUKA","TANGGAL UPDATE":"27/02/2025","TANGGAL PENGUMPULAN":"Q4 2023","q":27442,"r":-15164}},{"type":"Feature","geometry":{"coordinates":[106.9922055,-6.7004477],"type":"Point"},"properties":{"NAMA":"WARKOP SANTI","TIPE_1":"MAKANAN DAN MINUMAN","TIPE_2":"RESTORAN","TIPE_3":"CEPAT SAJI","TELEPON":"0859-4507-4252","ALAMAT":"JL. RAYA PUNCAK GADOG, TUGU UTARA, KEC. CISARUA, KABUPATEN BOGOR, JAWA BARAT 16750","ID_PROV":"32","PROVINSI":"JAWA BARAT","ID_KABKOT":"32.01","KABKOT":"BOGOR","ID_KEC":"32.01.25","KECAMATAN":"CISARUA","ID_DESA":"32.01.25.2009","DESA":"TUGU UTARA","LONGITUDE":106.9922055,"LATITUDE":-6.7004477,"STATUS":"BUKA","TANGGAL UPDATE":"27/02/2025","TANGGAL PENGUMPULAN":"Q4 2023","q":27475,"r":-15231}},{"type":"Feature","geometry":{"coordinates":[106.9332257,-6.6812205],"type":"Point"},"properties":{"NAMA":"WARNAS IBU OOM","TIPE_1":"MAKANAN DAN MINUMAN","TIPE_2":"RESTORAN","TIPE_3":"CEPAT SAJI","TELEPON":"0857-1969-3792","ALAMAT":"JL. RAYA PUNCAK - CIANJUR NO.81, CITEKO, KEC. CISARUA, KABUPATEN BOGOR, JAWA BARAT 16750","ID_PROV":"32","PROVINSI":"JAWA BARAT","ID_KABKOT":"32.01","KABKOT":"BOGOR","ID_KEC":"32.01.25","KECAMATAN":"CISARUA","ID_DESA":"32.01.25.1010","DESA":"CISARUA","LONGITUDE":106.9332257,"LATITUDE":-6.6812205,"STATUS":"BUKA","TANGGAL UPDATE":"27/02/2025","TANGGAL PENGUMPULAN":"Q4 2023","q":27460,"r":-15219}},{"type":"Feature","geometry":{"coordinates":[106.9015418,-6.5783059],"type":"Point"},"properties":{"NAMA":"TERAS BOKAP CAFFE GUNUNG PANCAR","TIPE_1":"MAKANAN DAN MINUMAN","TIPE_2":"RESTORAN","TIPE_3":"CEPAT SAJI","TELEPON":"","ALAMAT":"JL. UI, KARANG TENGAH, KEC. BABAKAN MADANG, KABUPATEN BOGOR, JAWA BARAT 16810","ID_PROV":"32","PROVINSI":"JAWA BARAT","ID_KABKOT":"32.01","KABKOT":"BOGOR","ID_KEC":"32.01.05","KECAMATAN":"BABAKAN MADANG","ID_DESA":"32.01.05.2004","DESA":"KARANG TENGAH","LONGITUDE":106.9015418,"LATITUDE":-6.5783059,"STATUS":"BUKA","TANGGAL UPDATE":"27/02/2025","TANGGAL PENGUMPULAN":"Q4 2023","q":27452,"r":-15192}},{"type":"Feature","geometry":{"coordinates":[106.7943789,-6.4995783],"type":"Point"},"properties":{"NAMA":"TEKWAN BANG DOEL","TIPE_1":"MAKANAN DAN MINUMAN","TIPE_2":"RESTORAN","TIPE_3":"CEPAT SAJI","TELEPON":"0813-1757-8283","ALAMAT":"JL. RAYA TONJONG, KEDUNG WARINGIN, KECAMATAN BOJONGGEDE, KABUPATEN BOGOR, JAWA BARAT 16923","ID_PROV":"32","PROVINSI":"JAWA BARAT","ID_KABKOT":"32.01","KABKOT":"BOGOR","ID_KEC":"32.01.13","KECAMATAN":"BOJONG GEDE","ID_DESA":"32.01.13.2005","DESA":"KEDUNGWARINGIN","LONGITUDE":106.7943789,"LATITUDE":-6.4995783,"STATUS":"BUKA","TANGGAL UPDATE":"27/02/2025","TANGGAL PENGUMPULAN":"Q4 2023","q":27424,"r":-15161}},{"type":"Feature","geometry":{"coordinates":[106.9892393,-6.7001065],"type":"Point"},"properties":{"NAMA":"WARKOP DEDE SALMAN","TIPE_1":"MAKANAN DAN MINUMAN","TIPE_2":"RESTORAN","TIPE_3":"CEPAT SAJI","TELEPON":"0896-0902-1367","ALAMAT":"JALAN RAYA PUNCAK KM. 86, TUGU SELATAN, CISARUA, TUGU UTARA, KEC. CISARUA, KABUPATEN BOGOR, JAWA BARAT 16750","ID_PROV":"32","PROVINSI":"JAWA BARAT","ID_KABKOT":"32.01","KABKOT":"BOGOR","ID_KEC":"32.01.25","KECAMATAN":"CISARUA","ID_DESA":"32.01.25.2006","DESA":"TUGU SELATAN","LONGITUDE":106.9892393,"LATITUDE":-6.7001065,"STATUS":"BUKA","TANGGAL UPDATE":"27/02/2025","TANGGAL PENGUMPULAN":"Q4 2023","q":27474,"r":-15231}},{"type":"Feature","geometry":{"coordinates":[106.99022,-6.7004681],"type":"Point"},"properties":{"NAMA":"WARKOP AYU","TIPE_1":"MAKANAN DAN MINUMAN","TIPE_2":"RESTORAN","TIPE_3":"CEPAT SAJI","TELEPON":"0895-0947-7453","ALAMAT":"JALAN RAYA PUNCAK KM. 86, TUGU SELATAN, CISARUA, TUGU SEL., KEC. CISARUA, KABUPATEN BOGOR, JAWA BARAT 16750","ID_PROV":"32","PROVINSI":"JAWA BARAT","ID_KABKOT":"32.01","KABKOT":"BOGOR","ID_KEC":"32.01.25","KECAMATAN":"CISARUA","ID_DESA":"32.01.25.2009","DESA":"TUGU UTARA","LONGITUDE":106.99022,"LATITUDE":-6.7004681,"STATUS":"BUKA","TANGGAL UPDATE":"27/02/2025","TANGGAL PENGUMPULAN":"Q4 2023","q":27474,"r":-15231}},{"type":"Feature","geometry":{"coordinates":[106.9418849,-6.687098],"type":"Point"},"properties":{"NAMA":"FAST FOOD RESTAURANT","TIPE_1":"MAKANAN DAN MINUMAN","TIPE_2":"RESTORAN","TIPE_3":"CEPAT SAJI","TELEPON":"","ALAMAT":"CISARUA, KEC. CISARUA, KABUPATEN BOGOR, JAWA BARAT","ID_PROV":"32","PROVINSI":"JAWA BARAT","ID_KABKOT":"32.01","KABKOT":"BOGOR","ID_KEC":"32.01.25","KECAMATAN":"CISARUA","ID_DESA":"32.01.25.2001","DESA":"BATULAYANG","LONGITUDE":106.9418849,"LATITUDE":-6.687098,"STATUS":"BUKA","TANGGAL UPDATE":"27/02/2025","TANGGAL PENGUMPULAN":"Q4 2023","q":27462,"r":-15222}},{"type":"Feature","geometry":{"coordinates":[106.9288702,-6.6763321],"type":"Point"},"properties":{"NAMA":"FOOD COURT BAROKAH","TIPE_1":"MAKANAN DAN MINUMAN","TIPE_2":"RESTORAN","TIPE_3":"CEPAT SAJI","TELEPON":"0813-9827-2100","ALAMAT":"JALAN RAYA CISARUA PUNCAK KM 80 RT 01/2, CISARUA, CITEKO, CISARUA, CITEKO, KEC. CISARUA, KABUPATEN BOGOR, JAWA BARAT 16750","ID_PROV":"32","PROVINSI":"JAWA BARAT","ID_KABKOT":"32.01","KABKOT":"BOGOR","ID_KEC":"32.01.25","KECAMATAN":"CISARUA","ID_DESA":"32.01.25.2005","DESA":"CITEKO","LONGITUDE":106.9288702,"LATITUDE":-6.6763321,"STATUS":"BUKA","TANGGAL UPDATE":"27/02/2025","TANGGAL PENGUMPULAN":"Q4 2023","q":27459,"r":-15217}},{"type":"Feature","geometry":{"coordinates":[106.810108,-6.5007859],"type":"Point"},"properties":{"NAMA":"GEPREK AMBYAR","TIPE_1":"MAKANAN DAN MINUMAN","TIPE_2":"RESTORAN","TIPE_3":"CEPAT SAJI","TELEPON":"","ALAMAT":"JL. RAYA KARADENAN NO.44, SUKAHATI, KEC. CIBINONG, KABUPATEN BOGOR, JAWA BARAT 16913","ID_PROV":"32","PROVINSI":"JAWA BARAT","ID_KABKOT":"32.01","KABKOT":"BOGOR","ID_KEC":"32.01.01","KECAMATAN":"CIBINONG","ID_DESA":"32.01.01.1009","DESA":"SUKAHATI","LONGITUDE":106.810108,"LATITUDE":-6.5007859,"STATUS":"BUKA","TANGGAL UPDATE":"27/02/2025","TANGGAL PENGUMPULAN":"Q4 2023","q":27428,"r":-15163}},{"type":"Feature","geometry":{"coordinates":[106.7866373,-6.4969066],"type":"Point"},"properties":{"NAMA":"FAST FOOD VALERIE","TIPE_1":"MAKANAN DAN MINUMAN","TIPE_2":"RESTORAN","TIPE_3":"CEPAT SAJI","TELEPON":"","ALAMAT":"JL. H. NUNUNG ARYATI BINTI AIDIL ALIM, CIMANGGIS, KECAMATAN BOJONGGEDE, KABUPATEN BOGOR, JAWA BARAT 16923","ID_PROV":"32","PROVINSI":"JAWA BARAT","ID_KABKOT":"32.01","KABKOT":"BOGOR","ID_KEC":"32.01.13","KECAMATAN":"BOJONG GEDE","ID_DESA":"32.01.13.2005","DESA":"KEDUNGWARINGIN","LONGITUDE":106.7866373,"LATITUDE":-6.4969066,"STATUS":"BUKA","TANGGAL UPDATE":"27/02/2025","TANGGAL PENGUMPULAN":"Q4 2023","q":27422,"r":-15159}},{"type":"Feature","geometry":{"coordinates":[106.803721,-6.5291752],"type":"Point"},"properties":{"NAMA":"GEROBAK CILOR","TIPE_1":"MAKANAN DAN MINUMAN","TIPE_2":"RESTORAN","TIPE_3":"CEPAT SAJI","TELEPON":"","ALAMAT":"JL. DURIAN EMAS, CILEBUT TIM., KEC. SUKARAJA, KABUPATEN BOGOR, JAWA BARAT 16710","ID_PROV":"32","PROVINSI":"JAWA BARAT","ID_KABKOT":"32.01","KABKOT":"BOGOR","ID_KEC":"32.01.04","KECAMATAN":"SUKARAJA","ID_DESA":"32.01.04.2002","DESA":"CILEBUT TIMUR","LONGITUDE":106.803721,"LATITUDE":-6.5291752,"STATUS":"BUKA","TANGGAL UPDATE":"27/02/2025","TANGGAL PENGUMPULAN":"Q4 2023","q":27427,"r":-15168}},{"type":"Feature","geometry":{"coordinates":[106.82108489999999,-6.5354688],"type":"Point"},"properties":{"NAMA":"GORENGAN 786 CIMANDALA","TIPE_1":"MAKANAN DAN MINUMAN","TIPE_2":"RESTORAN","TIPE_3":"CEPAT SAJI","TELEPON":"0858-8827-5703","ALAMAT":"JL. RAYA CIMANDALA NO.4, RT.6/RW.2, CIMANDALA, KEC. SUKARAJA, KABUPATEN BOGOR, JAWA BARAT 16710","ID_PROV":"32","PROVINSI":"JAWA BARAT","ID_KABKOT":"32.01","KABKOT":"BOGOR","ID_KEC":"32.01.04","KECAMATAN":"SUKARAJA","ID_DESA":"32.01.04.2010","DESA":"CIMANDALA","LONGITUDE":106.8210849,"LATITUDE":-6.5354688,"STATUS":"BUKA","TANGGAL UPDATE":"27/02/2025","TANGGAL PENGUMPULAN":"Q4 2023","q":27431,"r":-15172}},{"type":"Feature","geometry":{"coordinates":[106.7942953,-6.4997562],"type":"Point"},"properties":{"NAMA":"GEPREK PAK GEMBUS","TIPE_1":"MAKANAN DAN MINUMAN","TIPE_2":"RESTORAN","TIPE_3":"CEPAT SAJI","TELEPON":"","ALAMAT":"1, JL. RAYA TONJONG NO.54, RW.12, KEDUNG WARINGIN, KECAMATAN BOJONGGEDE, KABUPATEN BOGOR, JAWA BARAT 16923","ID_PROV":"32","PROVINSI":"JAWA BARAT","ID_KABKOT":"32.01","KABKOT":"BOGOR","ID_KEC":"32.01.13","KECAMATAN":"BOJONG GEDE","ID_DESA":"32.01.13.2005","DESA":"KEDUNGWARINGIN","LONGITUDE":106.7942953,"LATITUDE":-6.4997562,"STATUS":"BUKA","TANGGAL UPDATE":"27/02/2025","TANGGAL PENGUMPULAN":"Q4 2023","q":27424,"r":-15161}},{"type":"Feature","geometry":{"coordinates":[106.8121183,-6.4934115],"type":"Point"},"properties":{"NAMA":"HAUS SUKAHATI","TIPE_1":"MAKANAN DAN MINUMAN","TIPE_2":"RESTORAN","TIPE_3":"CEPAT SAJI","TELEPON":"","ALAMAT":"JL. RAYA SUKAHATI NO.A8, SUKAHATI, KEC. CIBINONG, KABUPATEN BOGOR, JAWA BARAT 16913","ID_PROV":"32","PROVINSI":"JAWA BARAT","ID_KABKOT":"32.01","KABKOT":"BOGOR","ID_KEC":"32.01.01","KECAMATAN":"CIBINONG","ID_DESA":"32.01.01.1009","DESA":"SUKAHATI","LONGITUDE":106.8121183,"LATITUDE":-6.4934115,"STATUS":"BUKA","TANGGAL UPDATE":"27/02/2025","TANGGAL PENGUMPULAN":"Q4 2023","q":27429,"r":-15162}},{"type":"Feature","geometry":{"coordinates":[106.9070963,-6.4402833],"type":"Point"},"properties":{"NAMA":"GBEXPRESS GUNUNG PUTRI","TIPE_1":"MAKANAN DAN MINUMAN","TIPE_2":"RESTORAN","TIPE_3":"CEPAT SAJI","TELEPON":"0821-2406-6044","ALAMAT":"JL. GRIYA BUKIT JAYA NO.11A, KP. PARUNG JAMBU, TLAJUNG UDIK, KEC. GN. PUTRI, KABUPATEN BOGOR, JAWA BARAT 16962","ID_PROV":"32","PROVINSI":"JAWA BARAT","ID_KABKOT":"32.01","KABKOT":"BOGOR","ID_KEC":"32.01.02","KECAMATAN":"GUNUNG PUTRI","ID_DESA":"32.01.02.2006","DESA":"TLAJUNG UDIK","LONGITUDE":106.9070963,"LATITUDE":-6.4402833,"STATUS":"BUKA","TANGGAL UPDATE":"27/02/2025","TANGGAL PENGUMPULAN":"Q4 2023","q":27453,"r":-15162}},{"type":"Feature","geometry":{"coordinates":[106.6318145,-6.5727903],"type":"Point"},"properties":{"NAMA":"HISANA FRIED CHICKEN (LEUWILIANG)","TIPE_1":"MAKANAN DAN MINUMAN","TIPE_2":"RESTORAN","TIPE_3":"CEPAT SAJI","TELEPON":"","ALAMAT":"JL. RAYA KAREHKEL, LEUWILIANG, KEC. LEUWILIANG, KABUPATEN BOGOR, JAWA BARAT 16640","ID_PROV":"32","PROVINSI":"JAWA BARAT","ID_KABKOT":"32.01","KABKOT":"BOGOR","ID_KEC":"32.01.14","KECAMATAN":"LEUWILIANG","ID_DESA":"32.01.14.2001","DESA":"LEUWILIANG","LONGITUDE":106.6318145,"LATITUDE":-6.5727903,"STATUS":"BUKA","TANGGAL UPDATE":"27/02/2025","TANGGAL PENGUMPULAN":"Q4 2023","q":27382,"r":-15156}},{"type":"Feature","geometry":{"coordinates":[106.8088672,-6.5394541],"type":"Point"},"properties":{"NAMA":"IGA BAKAR 26","TIPE_1":"MAKANAN DAN MINUMAN","TIPE_2":"RESTORAN","TIPE_3":"CEPAT SAJI","TELEPON":"0813-8743-3810","ALAMAT":"VILLA BOGOR INDAH 5, CLUSTER PELIKAN CE 5 NO.9, KOTA BOGOR, JAWA BARAT 16151","ID_PROV":"32","PROVINSI":"JAWA BARAT","ID_KABKOT":"32.01","KABKOT":"BOGOR","ID_KEC":"32.01.04","KECAMATAN":"SUKARAJA","ID_DESA":"32.01.04.2009","DESA":"PASIR JAMBU","LONGITUDE":106.8088672,"LATITUDE":-6.5394541,"STATUS":"BUKA","TANGGAL UPDATE":"27/02/2025","TANGGAL PENGUMPULAN":"Q4 2023","q":27428,"r":-15171}},{"type":"Feature","geometry":{"coordinates":[106.8457478,-6.5658474],"type":"Point"},"properties":{"NAMA":"HOTDOGBOOTH SENTUL","TIPE_1":"MAKANAN DAN MINUMAN","TIPE_2":"RESTORAN","TIPE_3":"CEPAT SAJI","TELEPON":"","ALAMAT":"CIPAMBUAN, KEC. BABAKAN MADANG, KABUPATEN BOGOR, JAWA BARAT","ID_PROV":"32","PROVINSI":"JAWA BARAT","ID_KABKOT":"32.01","KABKOT":"BOGOR","ID_KEC":"32.01.05","KECAMATAN":"BABAKAN MADANG","ID_DESA":"32.01.05.2005","DESA":"CIPAMBUAN","LONGITUDE":106.8457478,"LATITUDE":-6.5658474,"STATUS":"BUKA","TANGGAL UPDATE":"27/02/2025","TANGGAL PENGUMPULAN":"Q4 2023","q":27437,"r":-15182}},{"type":"Feature","geometry":{"coordinates":[106.8096604,-6.5033812],"type":"Point"},"properties":{"NAMA":"KEDAI ARFA","TIPE_1":"MAKANAN DAN MINUMAN","TIPE_2":"RESTORAN","TIPE_3":"CEPAT SAJI","TELEPON":"","ALAMAT":"JL. MUARA BERES, SUKAHATI, KEC. CIBINONG, KABUPATEN BOGOR, JAWA BARAT 16913","ID_PROV":"32","PROVINSI":"JAWA BARAT","ID_KABKOT":"32.01","KABKOT":"BOGOR","ID_KEC":"32.01.01","KECAMATAN":"CIBINONG","ID_DESA":"32.01.01.1009","DESA":"SUKAHATI","LONGITUDE":106.8096604,"LATITUDE":-6.5033812,"STATUS":"BUKA","TANGGAL UPDATE":"27/02/2025","TANGGAL PENGUMPULAN":"Q4 2023","q":27428,"r":-15163}},{"type":"Feature","geometry":{"coordinates":[106.943227,-6.6868221],"type":"Point"},"properties":{"NAMA":"KEDAI BAKSO RATU","TIPE_1":"MAKANAN DAN MINUMAN","TIPE_2":"RESTORAN","TIPE_3":"CEPAT SAJI","TELEPON":"0858-9143-5557","ALAMAT":"JL. RAYA PUNCAK KM.83 BATULAYANG, CIBEUREUM, CISARUA, KEC. CISARUA, KABUPATEN BOGOR, JAWA BARAT 16750","ID_PROV":"32","PROVINSI":"JAWA BARAT","ID_KABKOT":"32.01","KABKOT":"BOGOR","ID_KEC":"32.01.25","KECAMATAN":"CISARUA","ID_DESA":"32.01.25.2001","DESA":"BATULAYANG","LONGITUDE":106.943227,"LATITUDE":-6.6868221,"STATUS":"BUKA","TANGGAL UPDATE":"27/02/2025","TANGGAL PENGUMPULAN":"Q4 2023","q":27462,"r":-15222}},{"type":"Feature","geometry":{"coordinates":[106.9916903,-6.7009188],"type":"Point"},"properties":{"NAMA":"KEDAI SEDERHANA","TIPE_1":"MAKANAN DAN MINUMAN","TIPE_2":"RESTORAN","TIPE_3":"CEPAT SAJI","TELEPON":"","ALAMAT":"JL. RAYA PUNCAK GADOG NO.KM. 86, TUGU SEL., KEC. CISARUA, KABUPATEN BOGOR, JAWA BARAT 16750","ID_PROV":"32","PROVINSI":"JAWA BARAT","ID_KABKOT":"32.01","KABKOT":"BOGOR","ID_KEC":"32.01.25","KECAMATAN":"CISARUA","ID_DESA":"32.01.25.2009","DESA":"TUGU UTARA","LONGITUDE":106.9916903,"LATITUDE":-6.7009188,"STATUS":"BUKA","TANGGAL UPDATE":"27/02/2025","TANGGAL PENGUMPULAN":"Q4 2023","q":27475,"r":-15231}},{"type":"Feature","geometry":{"coordinates":[106.9296307,-6.677685],"type":"Point"},"properties":{"NAMA":"KEDAI SOTO PUTRA SANGGRAHAN","TIPE_1":"MAKANAN DAN MINUMAN","TIPE_2":"RESTORAN","TIPE_3":"CEPAT SAJI","TELEPON":"0858-9291-0171","ALAMAT":"JALAN RAYA CISARUA PUNCAK KM 80 RT 01/2 CISARUA, CITEKO, KEC. CISARUA, KABUPATEN BOGOR, JAWA BARAT 16750","ID_PROV":"32","PROVINSI":"JAWA BARAT","ID_KABKOT":"32.01","KABKOT":"BOGOR","ID_KEC":"32.01.25","KECAMATAN":"CISARUA","ID_DESA":"32.01.25.1010","DESA":"CISARUA","LONGITUDE":106.9296307,"LATITUDE":-6.677685,"STATUS":"BUKA","TANGGAL UPDATE":"27/02/2025","TANGGAL PENGUMPULAN":"Q4 2023","q":27459,"r":-15218}},{"type":"Feature","geometry":{"coordinates":[106.9921857,-6.7006546],"type":"Point"},"properties":{"NAMA":"KEDAI CAFE R&R","TIPE_1":"MAKANAN DAN MINUMAN","TIPE_2":"RESTORAN","TIPE_3":"CEPAT SAJI","TELEPON":"0812-8922-4823","ALAMAT":"JL. RAYA PUNCAK GADOG NO.KM. 86, TUGU UTARA, KEC. CISARUA, KABUPATEN BOGOR, JAWA BARAT 16750","ID_PROV":"32","PROVINSI":"JAWA BARAT","ID_KABKOT":"32.01","KABKOT":"BOGOR","ID_KEC":"32.01.25","KECAMATAN":"CISARUA","ID_DESA":"32.01.25.2009","DESA":"TUGU UTARA","LONGITUDE":106.9921857,"LATITUDE":-6.7006546,"STATUS":"BUKA","TANGGAL UPDATE":"27/02/2025","TANGGAL PENGUMPULAN":"Q4 2023","q":27475,"r":-15231}},{"type":"Feature","geometry":{"coordinates":[106.9005909,-6.5013326],"type":"Point"},"properties":{"NAMA":"KEBAB DAN BURGER","TIPE_1":"MAKANAN DAN MINUMAN","TIPE_2":"RESTORAN","TIPE_3":"CEPAT SAJI","TELEPON":"0821-2254-3915","ALAMAT":"PERUMAHAN CITEUREP RESIDENT BLOK E2 NO, GN. SARI, KEC. CITEUREUP, KABUPATEN BOGOR, JAWA BARAT 16810","ID_PROV":"32","PROVINSI":"JAWA BARAT","ID_KABKOT":"32.01","KABKOT":"BOGOR","ID_KEC":"32.01.03","KECAMATAN":"CITEUREUP","ID_DESA":"32.01.03.2010","DESA":"GUNUNGSARI","LONGITUDE":106.9005909,"LATITUDE":-6.5013326,"STATUS":"BUKA","TANGGAL UPDATE":"27/02/2025","TANGGAL PENGUMPULAN":"Q4 2023","q":27451,"r":-15175}},{"type":"Feature","geometry":{"coordinates":[106.8651439,-6.5690426],"type":"Point"},"properties":{"NAMA":"KEDAI PAHALA FAMILY","TIPE_1":"MAKANAN DAN MINUMAN","TIPE_2":"RESTORAN","TIPE_3":"CEPAT SAJI","TELEPON":"0815-1394-3226","ALAMAT":"JALAN RAYA BABAKAN MADANG NO.23 RT.1 RW.1, BABAKAN MADANG, KEC. BABAKAN MADANG, KABUPATEN BOGOR, JAWA BARAT 16810","ID_PROV":"32","PROVINSI":"JAWA BARAT","ID_KABKOT":"32.01","KABKOT":"BOGOR","ID_KEC":"32.01.05","KECAMATAN":"BABAKAN MADANG","ID_DESA":"32.01.05.2008","DESA":"BABAKAN MADANG","LONGITUDE":106.8651439,"LATITUDE":-6.5690426,"STATUS":"BUKA","TANGGAL UPDATE":"27/02/2025","TANGGAL PENGUMPULAN":"Q4 2023","q":27442,"r":-15185}},{"type":"Feature","geometry":{"coordinates":[106.799129,-6.5405186],"type":"Point"},"properties":{"NAMA":"KEBAB RAKYAT CILEBUT","TIPE_1":"MAKANAN DAN MINUMAN","TIPE_2":"RESTORAN","TIPE_3":"CEPAT SAJI","TELEPON":"","ALAMAT":"JL JEMBATAN 1, RT 4 RW 4 NO 25, CILEBUT TIM., KEC. SUKARAJA, KABUPATEN BOGOR, JAWA BARAT 16710","ID_PROV":"32","PROVINSI":"JAWA BARAT","ID_KABKOT":"32.01","KABKOT":"BOGOR","ID_KEC":"32.01.04","KECAMATAN":"SUKARAJA","ID_DESA":"32.01.04.2003","DESA":"CILEBUT BARAT","LONGITUDE":106.799129,"LATITUDE":-6.5405186,"STATUS":"BUKA","TANGGAL UPDATE":"27/02/2025","TANGGAL PENGUMPULAN":"Q4 2023","q":27425,"r":-15170}},{"type":"Feature","geometry":{"coordinates":[106.8056175,-6.4635801],"type":"Point"},"properties":{"NAMA":"KEBAB BOSMAN BOJONG GEDE","TIPE_1":"MAKANAN DAN MINUMAN","TIPE_2":"RESTORAN","TIPE_3":"CEPAT SAJI","TELEPON":"0896-5209-7505","ALAMAT":"DKRIUK SAMPING WARUNG GROSIR, JL. LANGGAR DEPAN, RW.02, RW. PANJANG, KECAMATAN BOJONGGEDE, KABUPATEN BOGOR, JAWA BARAT 16920","ID_PROV":"32","PROVINSI":"JAWA BARAT","ID_KABKOT":"32.01","KABKOT":"BOGOR","ID_KEC":"32.01.13","KECAMATAN":"BOJONG GEDE","ID_DESA":"32.01.13.2008","DESA":"RAWAPANJANG","LONGITUDE":106.8056175,"LATITUDE":-6.4635801,"STATUS":"BUKA","TANGGAL UPDATE":"27/02/2025","TANGGAL PENGUMPULAN":"Q4 2023","q":27427,"r":-15154}},{"type":"Feature","geometry":{"coordinates":[106.8431687,-6.472728],"type":"Point"},"properties":{"NAMA":"KEBAB BURGER","TIPE_1":"MAKANAN DAN MINUMAN","TIPE_2":"RESTORAN","TIPE_3":"CEPAT SAJI","TELEPON":"","ALAMAT":"JL. PURI NIRWANA III, PAKANSARI, CIBINONG, BOGOR REGENCY, WEST JAVA 16915","ID_PROV":"32","PROVINSI":"JAWA BARAT","ID_KABKOT":"32.01","KABKOT":"BOGOR","ID_KEC":"32.01.01","KECAMATAN":"CIBINONG","ID_DESA":"32.01.01.1003","DESA":"HARAPANJAYA","LONGITUDE":106.8431687,"LATITUDE":-6.472728,"STATUS":"BUKA","TANGGAL UPDATE":"27/02/2025","TANGGAL PENGUMPULAN":"Q4 2023","q":27437,"r":-15161}},{"type":"Feature","geometry":{"coordinates":[106.9453814,-6.6858378],"type":"Point"},"properties":{"NAMA":"KEDIA SOTO AYAM GORENG & BAKAR BOPANG","TIPE_1":"MAKANAN DAN MINUMAN","TIPE_2":"RESTORAN","TIPE_3":"CEPAT SAJI","TELEPON":"(0251) 8250950","ALAMAT":"JALAN RAYA PUNCAK KM.83, BATULAYANG, CIBEUREUM, CISARUA, BATU LAYANG, KEC. CISARUA, KABUPATEN BOGOR, JAWA BARAT 16750","ID_PROV":"32","PROVINSI":"JAWA BARAT","ID_KABKOT":"32.01","KABKOT":"BOGOR","ID_KEC":"32.01.25","KECAMATAN":"CISARUA","ID_DESA":"32.01.25.2001","DESA":"BATULAYANG","LONGITUDE":106.9453814,"LATITUDE":-6.6858378,"STATUS":"BUKA","TANGGAL UPDATE":"27/02/2025","TANGGAL PENGUMPULAN":"Q4 2023","q":27463,"r":-15222}},{"type":"Feature","geometry":{"coordinates":[106.83884529999999,-6.5752483],"type":"Point"},"properties":{"NAMA":"KFC BOGOR REST AREA","TIPE_1":"MAKANAN DAN MINUMAN","TIPE_2":"RESTORAN","TIPE_3":"CEPAT SAJI","TELEPON":"(021) 14022","ALAMAT":"STA 20 + 400, JL. TOL JAGORAWI, CIMAHPAR, KEC. BOGOR UTARA, KOTA BOGOR, JAWA BARAT 16710","ID_PROV":"32","PROVINSI":"JAWA BARAT","ID_KABKOT":"32.01","KABKOT":"BOGOR","ID_KEC":"32.01.04","KECAMATAN":"SUKARAJA","ID_DESA":"32.01.04.2012","DESA":"CADASNGAMPAR","LONGITUDE":106.8388453,"LATITUDE":-6.5752483,"STATUS":"BUKA","TANGGAL UPDATE":"27/02/2025","TANGGAL PENGUMPULAN":"Q4 2023","q":27436,"r":-15183}},{"type":"Feature","geometry":{"coordinates":[106.737854,-6.5686779],"type":"Point"},"properties":{"NAMA":"KFC DRAMAGA","TIPE_1":"MAKANAN DAN MINUMAN","TIPE_2":"RESTORAN","TIPE_3":"CEPAT SAJI","TELEPON":"","ALAMAT":"JL. DRAMAGA CANTIK, DRAMAGA, KEC. DRAMAGA, KABUPATEN BOGOR, JAWA BARAT 16680","ID_PROV":"32","PROVINSI":"JAWA BARAT","ID_KABKOT":"32.01","KABKOT":"BOGOR","ID_KEC":"32.01.30","KECAMATAN":"DRAMAGA","ID_DESA":"32.01.30.2009","DESA":"DRAMAGA","LONGITUDE":106.737854,"LATITUDE":-6.5686779,"STATUS":"BUKA","TANGGAL UPDATE":"27/02/2025","TANGGAL PENGUMPULAN":"Q4 2023","q":27410,"r":-15169}},{"type":"Feature","geometry":{"coordinates":[106.799505,-6.5195967],"type":"Point"},"properties":{"NAMA":"KETORPAK SUHAY","TIPE_1":"MAKANAN DAN MINUMAN","TIPE_2":"RESTORAN","TIPE_3":"CEPAT SAJI","TELEPON":"0812-6166-1856","ALAMAT":"JL. KP. PATAHUNAN, CILEBUT TIM., KEC. SUKARAJA, KABUPATEN BOGOR, JAWA BARAT 16710","ID_PROV":"32","PROVINSI":"JAWA BARAT","ID_KABKOT":"32.01","KABKOT":"BOGOR","ID_KEC":"32.01.04","KECAMATAN":"SUKARAJA","ID_DESA":"32.01.04.2003","DESA":"CILEBUT BARAT","LONGITUDE":106.799505,"LATITUDE":-6.5195967,"STATUS":"BUKA","TANGGAL UPDATE":"27/02/2025","TANGGAL PENGUMPULAN":"Q4 2023","q":27425,"r":-15166}},{"type":"Feature","geometry":{"coordinates":[106.9945659,-6.7008672],"type":"Point"},"properties":{"NAMA":"KEDAI TELAGA ALAM","TIPE_1":"MAKANAN DAN MINUMAN","TIPE_2":"RESTORAN","TIPE_3":"CEPAT SAJI","TELEPON":"0813-9478-5916","ALAMAT":"JALAN RAYA PUNCAK TUGU SELATAN, TUGU UTARA, KEC. CISARUA, KABUPATEN BOGOR, JAWA BARAT 16750","ID_PROV":"32","PROVINSI":"JAWA BARAT","ID_KABKOT":"32.01","KABKOT":"BOGOR","ID_KEC":"32.01.25","KECAMATAN":"CISARUA","ID_DESA":"32.01.25.2009","DESA":"TUGU UTARA","LONGITUDE":106.9945659,"LATITUDE":-6.7008672,"STATUS":"BUKA","TANGGAL UPDATE":"27/02/2025","TANGGAL PENGUMPULAN":"Q4 2023","q":27476,"r":-15231}},{"type":"Feature","geometry":{"coordinates":[106.8497565,-6.6587209],"type":"Point"},"properties":{"NAMA":"KFC - CIAWI","TIPE_1":"MAKANAN DAN MINUMAN","TIPE_2":"RESTORAN","TIPE_3":"CEPAT SAJI","TELEPON":"0811-7157-038","ALAMAT":"JL. RAYA CIAWI PRAPATAN, RT.02/RW.03, BENDUNGAN, KEC. CIAWI, KABUPATEN BOGOR, JAWA BARAT 16720","ID_PROV":"32","PROVINSI":"JAWA BARAT","ID_KABKOT":"32.01","KABKOT":"BOGOR","ID_KEC":"32.01.24","KECAMATAN":"CIAWI","ID_DESA":"32.01.24.2008","DESA":"BENDUNGAN","LONGITUDE":106.8497565,"LATITUDE":-6.6587209,"STATUS":"BUKA","TANGGAL UPDATE":"27/02/2025","TANGGAL PENGUMPULAN":"Q4 2023","q":27438,"r":-15203}},{"type":"Feature","geometry":{"coordinates":[106.9844794,-6.4086364],"type":"Point"},"properties":{"NAMA":"KFC HARVEST CITY CILEUNGSI","TIPE_1":"MAKANAN DAN MINUMAN","TIPE_2":"RESTORAN","TIPE_3":"CEPAT SAJI","TELEPON":"0811-7157-143","ALAMAT":"JL. HARVEST CITY BOULEVARD, JL.HJ JL. H. SIMON, MEKARSARI, KEC.CILEUNGSIKABUPATEN, KABUPATEN BOGOR, JAWA BARAT 16820","ID_PROV":"32","PROVINSI":"JAWA BARAT","ID_KABKOT":"32.01","KABKOT":"BOGOR","ID_KEC":"32.01.07","KECAMATAN":"CILEUNGSI","ID_DESA":"32.01.07.2002","DESA":"MEKARSARI","LONGITUDE":106.9844794,"LATITUDE":-6.4086364,"STATUS":"BUKA","TANGGAL UPDATE":"27/02/2025","TANGGAL PENGUMPULAN":"Q4 2023","q":27473,"r":-15165}},{"type":"Feature","geometry":{"coordinates":[106.8491832,-6.5665035],"type":"Point"},"properties":{"NAMA":"KFC SENTUL CITY","TIPE_1":"MAKANAN DAN MINUMAN","TIPE_2":"RESTORAN","TIPE_3":"CEPAT SAJI","TELEPON":"0811-7157-041","ALAMAT":"JL. MH. THAMRIN NO.25, CITARINGGUL, KEC. BABAKAN MADANG, KABUPATEN BOGOR, JAWA BARAT 16810","ID_PROV":"32","PROVINSI":"JAWA BARAT","ID_KABKOT":"32.01","KABKOT":"BOGOR","ID_KEC":"32.01.05","KECAMATAN":"BABAKAN MADANG","ID_DESA":"32.01.05.2007","DESA":"CITARINGGUL","LONGITUDE":106.8491832,"LATITUDE":-6.5665035,"STATUS":"BUKA","TANGGAL UPDATE":"27/02/2025","TANGGAL PENGUMPULAN":"Q4 2023","q":27438,"r":-15183}},{"type":"Feature","geometry":{"coordinates":[106.932021,-6.6799736],"type":"Point"},"properties":{"NAMA":"KETOPRAK & LONTONG SAYUR","TIPE_1":"MAKANAN DAN MINUMAN","TIPE_2":"RESTORAN","TIPE_3":"CEPAT SAJI","TELEPON":"0857-1715-8010","ALAMAT":"JALAN RAYA CISARUA PUNCAK, CISARUA, KEC. CISARUA, KABUPATEN BOGOR, JAWA BARAT 16750","ID_PROV":"32","PROVINSI":"JAWA BARAT","ID_KABKOT":"32.01","KABKOT":"BOGOR","ID_KEC":"32.01.25","KECAMATAN":"CISARUA","ID_DESA":"32.01.25.1010","DESA":"CISARUA","LONGITUDE":106.932021,"LATITUDE":-6.6799736,"STATUS":"BUKA","TANGGAL UPDATE":"27/02/2025","TANGGAL PENGUMPULAN":"Q4 2023","q":27459,"r":-15219}},{"type":"Feature","geometry":{"coordinates":[106.9584513,-6.6869388],"type":"Point"},"properties":{"NAMA":"KFC TUGU PUNCAK","TIPE_1":"MAKANAN DAN MINUMAN","TIPE_2":"RESTORAN","TIPE_3":"CEPAT SAJI","TELEPON":"(0251) 8254591","ALAMAT":"JL. RAYA PUNCAK GADOG, TUGU UTARA, KEC. CISARUA, KABUPATEN BOGOR, JAWA BARAT 16750","ID_PROV":"32","PROVINSI":"JAWA BARAT","ID_KABKOT":"32.01","KABKOT":"BOGOR","ID_KEC":"32.01.25","KECAMATAN":"CISARUA","ID_DESA":"32.01.25.2009","DESA":"TUGU UTARA","LONGITUDE":106.9584513,"LATITUDE":-6.6869388,"STATUS":"BUKA","TANGGAL UPDATE":"27/02/2025","TANGGAL PENGUMPULAN":"Q4 2023","q":27466,"r":-15224}},{"type":"Feature","geometry":{"coordinates":[106.7342199,-6.4379871],"type":"Point"},"properties":{"NAMA":"LOKASI","TIPE_1":"MAKANAN DAN MINUMAN","TIPE_2":"RESTORAN","TIPE_3":"CEPAT SAJI","TELEPON":"","ALAMAT":"BTS. DEPOK/BOGOR-BOGOR (NOMOR RUAS 070, PARUNG, KEC. PARUNG, KABUPATEN BOGOR, JAWA BARAT 16330","ID_PROV":"32","PROVINSI":"JAWA BARAT","ID_KABKOT":"32.01","KABKOT":"BOGOR","ID_KEC":"32.01.10","KECAMATAN":"PARUNG","ID_DESA":"32.01.10.2001","DESA":"PARUNG","LONGITUDE":106.7342199,"LATITUDE":-6.4379871,"STATUS":"BUKA","TANGGAL UPDATE":"27/02/2025","TANGGAL PENGUMPULAN":"Q4 2023","q":27409,"r":-15139}},{"type":"Feature","geometry":{"coordinates":[106.6660005,-6.5801104],"type":"Point"},"properties":{"NAMA":"LOTUS FRIED CHIKEN CIBATOK","TIPE_1":"MAKANAN DAN MINUMAN","TIPE_2":"RESTORAN","TIPE_3":"CEPAT SAJI","TELEPON":"0858-1420-6167","ALAMAT":"KP.BABAKAN CIBATOK, DESA, RT.001/RW.005, CIBATOK 1, KEC. CIBUNGBULANG","ID_PROV":"32","PROVINSI":"JAWA BARAT","ID_KABKOT":"32.01","KABKOT":"BOGOR","ID_KEC":"32.01.16","KECAMATAN":"CIBUNGBULANG","ID_DESA":"32.01.16.2004","DESA":"CIBATOK I","LONGITUDE":106.6660005,"LATITUDE":-6.5801104,"STATUS":"BUKA","TANGGAL UPDATE":"27/02/2025","TANGGAL PENGUMPULAN":"Q4 2023","q":27391,"r":-15162}},{"type":"Feature","geometry":{"coordinates":[106.9297588,-6.6779382],"type":"Point"},"properties":{"NAMA":"LOTUS FRIED CHICKEN CISARUA","TIPE_1":"MAKANAN DAN MINUMAN","TIPE_2":"RESTORAN","TIPE_3":"CEPAT SAJI","TELEPON":"0858-1706-1588","ALAMAT":"JL. RAYA PUNCAK GADOG NO.KM, CISARUA, KEC. CISARUA, KABUPATEN BOGOR, JAWA BARAT 16750","ID_PROV":"32","PROVINSI":"JAWA BARAT","ID_KABKOT":"32.01","KABKOT":"BOGOR","ID_KEC":"32.01.25","KECAMATAN":"CISARUA","ID_DESA":"32.01.25.1010","DESA":"CISARUA","LONGITUDE":106.9297588,"LATITUDE":-6.6779382,"STATUS":"BUKA","TANGGAL UPDATE":"27/02/2025","TANGGAL PENGUMPULAN":"Q4 2023","q":27459,"r":-15218}},{"type":"Feature","geometry":{"coordinates":[106.9644776,-6.6941617],"type":"Point"},"properties":{"NAMA":"LOTUS FRIED CHICKEN TUGU","TIPE_1":"MAKANAN DAN MINUMAN","TIPE_2":"RESTORAN","TIPE_3":"CEPAT SAJI","TELEPON":"0858-9082-4184","ALAMAT":"JL. RAYA PUNCAK GADOG NO.KM 85, TUGU UTARA, KEC. CISARUA, KABUPATEN BOGOR, JAWA BARAT 16750","ID_PROV":"32","PROVINSI":"JAWA BARAT","ID_KABKOT":"32.01","KABKOT":"BOGOR","ID_KEC":"32.01.25","KECAMATAN":"CISARUA","ID_DESA":"32.01.25.2009","DESA":"TUGU UTARA","LONGITUDE":106.9644776,"LATITUDE":-6.6941617,"STATUS":"BUKA","TANGGAL UPDATE":"27/02/2025","TANGGAL PENGUMPULAN":"Q4 2023","q":27468,"r":-15226}},{"type":"Feature","geometry":{"coordinates":[106.8068798,-6.5367696],"type":"Point"},"properties":{"NAMA":"MARTABAK TIARA PATUNG KUDA","TIPE_1":"MAKANAN DAN MINUMAN","TIPE_2":"RESTORAN","TIPE_3":"CEPAT SAJI","TELEPON":"0823-2447-0268","ALAMAT":"JL. RAYA PEMDA, KP DARUSSALAM RT002/009 NO.54 KEL PASAIR JAMBU, PASIR JAMBU, KEC. SUKARAJA, KABUPATEN BOGOR, JAWA BARAT 16710","ID_PROV":"32","PROVINSI":"JAWA BARAT","ID_KABKOT":"32.01","KABKOT":"BOGOR","ID_KEC":"32.01.04","KECAMATAN":"SUKARAJA","ID_DESA":"32.01.04.2009","DESA":"PASIR JAMBU","LONGITUDE":106.8068798,"LATITUDE":-6.5367696,"STATUS":"BUKA","TANGGAL UPDATE":"27/02/2025","TANGGAL PENGUMPULAN":"Q4 2023","q":27427,"r":-15171}},{"type":"Feature","geometry":{"coordinates":[106.909807,-6.6521615],"type":"Point"},"properties":{"NAMA":"MAKAN SAJA","TIPE_1":"MAKANAN DAN MINUMAN","TIPE_2":"RESTORAN","TIPE_3":"CEPAT SAJI","TELEPON":"0895-3265-99475","ALAMAT":"CILEMBER, KEC. CISARUA, KABUPATEN BOGOR, JAWA BARAT 16750","ID_PROV":"32","PROVINSI":"JAWA BARAT","ID_KABKOT":"32.01","KABKOT":"BOGOR","ID_KEC":"32.01.25","KECAMATAN":"CISARUA","ID_DESA":"32.01.25.2004","DESA":"CILEMBER","LONGITUDE":106.909807,"LATITUDE":-6.6521615,"STATUS":"BUKA","TANGGAL UPDATE":"27/02/2025","TANGGAL PENGUMPULAN":"Q4 2023","q":27454,"r":-15210}},{"type":"Feature","geometry":{"coordinates":[106.8534153,-6.4659323],"type":"Point"},"properties":{"NAMA":"M3 FRIED CHICKEN","TIPE_1":"MAKANAN DAN MINUMAN","TIPE_2":"RESTORAN","TIPE_3":"CEPAT SAJI","TELEPON":"0812-2221-2158","ALAMAT":"JL. RAYA JAKARTA-BOGOR NO.2, RT.1/RW.9, PABUARAN, KEC. CIBINONG, KABUPATEN BOGOR, JAWA BARAT 16916","ID_PROV":"32","PROVINSI":"JAWA BARAT","ID_KABKOT":"32.01","KABKOT":"BOGOR","ID_KEC":"32.01.01","KECAMATAN":"CIBINONG","ID_DESA":"32.01.01.1012","DESA":"PABUARAN","LONGITUDE":106.8534153,"LATITUDE":-6.4659323,"STATUS":"BUKA","TANGGAL UPDATE":"27/02/2025","TANGGAL PENGUMPULAN":"Q4 2023","q":27439,"r":-15161}},{"type":"Feature","geometry":{"coordinates":[106.9039576,-6.6501002],"type":"Point"},"properties":{"NAMA":"LOTUS FRIED CHICKEN","TIPE_1":"MAKANAN DAN MINUMAN","TIPE_2":"RESTORAN","TIPE_3":"CEPAT SAJI","TELEPON":"0857-7555-1722","ALAMAT":"JL. RAYA PUNCAK - GADOG NO.264, RW.RT. 01, CIPAYUNG GIRANG, KEC. MEGAMENDUNG, KABUPATEN BOGOR, JAWA BARAT 16770","ID_PROV":"32","PROVINSI":"JAWA BARAT","ID_KABKOT":"32.01","KABKOT":"BOGOR","ID_KEC":"32.01.26","KECAMATAN":"MEGAMENDUNG","ID_DESA":"32.01.26.2009","DESA":"CIPAYUNG GIRANG","LONGITUDE":106.9039576,"LATITUDE":-6.6501002,"STATUS":"BUKA","TANGGAL UPDATE":"27/02/2025","TANGGAL PENGUMPULAN":"Q4 2023","q":27452,"r":-15208}},{"type":"Feature","geometry":{"coordinates":[106.8307318,-6.5166758],"type":"Point"},"properties":{"NAMA":"MIE AYAM BAKSO CAH NGAWI 1","TIPE_1":"MAKANAN DAN MINUMAN","TIPE_2":"RESTORAN","TIPE_3":"CEPAT SAJI","TELEPON":"0852-1182-2528","ALAMAT":"JL. RODA PEMBANGUNAN NANGEWER, KP. PARUNG JAMBU, NANGGEWER, KEC. CIBINONG, KABUPATEN BOGOR, JAWA BARAT 16912","ID_PROV":"32","PROVINSI":"JAWA BARAT","ID_KABKOT":"32.01","KABKOT":"BOGOR","ID_KEC":"32.01.01","KECAMATAN":"CIBINONG","ID_DESA":"32.01.01.1004","DESA":"NANGGEWER","LONGITUDE":106.8307318,"LATITUDE":-6.5166758,"STATUS":"BUKA","TANGGAL UPDATE":"27/02/2025","TANGGAL PENGUMPULAN":"Q4 2023","q":27433,"r":-15169}},{"type":"Feature","geometry":{"coordinates":[106.9326225,-6.6808498],"type":"Point"},"properties":{"NAMA":"MARTABAK","TIPE_1":"MAKANAN DAN MINUMAN","TIPE_2":"RESTORAN","TIPE_3":"CEPAT SAJI","TELEPON":"","ALAMAT":"JL. RAYA JL. RAYA PUNCAK - GADOG NO.12, CISARUA, BOGOR REGENCY, WEST JAVA 16750","ID_PROV":"32","PROVINSI":"JAWA BARAT","ID_KABKOT":"32.01","KABKOT":"BOGOR","ID_KEC":"32.01.25","KECAMATAN":"CISARUA","ID_DESA":"32.01.25.1010","DESA":"CISARUA","LONGITUDE":106.9326225,"LATITUDE":-6.6808498,"STATUS":"BUKA","TANGGAL UPDATE":"27/02/2025","TANGGAL PENGUMPULAN":"Q4 2023","q":27460,"r":-15219}},{"type":"Feature","geometry":{"coordinates":[106.8003478,-6.5309681],"type":"Point"},"properties":{"NAMA":"MIE AYAM GEPREK IBE","TIPE_1":"MAKANAN DAN MINUMAN","TIPE_2":"RESTORAN","TIPE_3":"CEPAT SAJI","TELEPON":"0878-1881-1816","ALAMAT":"JL. RAYA CILEBUT NO.16, CILEBUT TIM., KEC. SUKARAJA, KABUPATEN BOGOR, JAWA BARAT 16710","ID_PROV":"32","PROVINSI":"JAWA BARAT","ID_KABKOT":"32.01","KABKOT":"BOGOR","ID_KEC":"32.01.04","KECAMATAN":"SUKARAJA","ID_DESA":"32.01.04.2003","DESA":"CILEBUT BARAT","LONGITUDE":106.8003478,"LATITUDE":-6.5309681,"STATUS":"BUKA","TANGGAL UPDATE":"27/02/2025","TANGGAL PENGUMPULAN":"Q4 2023","q":27426,"r":-15168}},{"type":"Feature","geometry":{"coordinates":[106.9228261,-6.683285],"type":"Point"},"properties":{"NAMA":"MIE AYAM BAKSO MALANG CAK MAN","TIPE_1":"MAKANAN DAN MINUMAN","TIPE_2":"RESTORAN","TIPE_3":"CEPAT SAJI","TELEPON":"0813-8554-3144","ALAMAT":"JALAN CIDOKOM, RT 02 RW 07, WATES, CITEKO, KEC. CISARUA, KABUPATEN BOGOR, JAWA BARAT 16750","ID_PROV":"32","PROVINSI":"JAWA BARAT","ID_KABKOT":"32.01","KABKOT":"BOGOR","ID_KEC":"32.01.25","KECAMATAN":"CISARUA","ID_DESA":"32.01.25.2005","DESA":"CITEKO","LONGITUDE":106.9228261,"LATITUDE":-6.683285,"STATUS":"BUKA","TANGGAL UPDATE":"27/02/2025","TANGGAL PENGUMPULAN":"Q4 2023","q":27457,"r":-15218}},{"type":"Feature","geometry":{"coordinates":[106.9341624,-6.6823991],"type":"Point"},"properties":{"NAMA":"MBAK SRI TONGSENG DAN GULAI SOLO","TIPE_1":"MAKANAN DAN MINUMAN","TIPE_2":"RESTORAN","TIPE_3":"CEPAT SAJI","TELEPON":"0813-8779-7220","ALAMAT":"JL. RAYA PUNCAK GADOG, CISARUA, KEC. CISARUA, KABUPATEN BOGOR, JAWA BARAT 16750","ID_PROV":"32","PROVINSI":"JAWA BARAT","ID_KABKOT":"32.01","KABKOT":"BOGOR","ID_KEC":"32.01.25","KECAMATAN":"CISARUA","ID_DESA":"32.01.25.2003","DESA":"CIBEUREUM","LONGITUDE":106.9341624,"LATITUDE":-6.6823991,"STATUS":"BUKA","TANGGAL UPDATE":"27/02/2025","TANGGAL PENGUMPULAN":"Q4 2023","q":27460,"r":-15219}},{"type":"Feature","geometry":{"coordinates":[106.81002319999999,-6.5285877],"type":"Point"},"properties":{"NAMA":"MARTABAK ANAK BANGSA 02","TIPE_1":"MAKANAN DAN MINUMAN","TIPE_2":"RESTORAN","TIPE_3":"CEPAT SAJI","TELEPON":"0838-7734-4624","ALAMAT":"JL. KARADENAN, PASIR JAMBU, KEC. SUKARAJA, KABUPATEN BOGOR, JAWA BARAT 16913","ID_PROV":"32","PROVINSI":"JAWA BARAT","ID_KABKOT":"32.01","KABKOT":"BOGOR","ID_KEC":"32.01.01","KECAMATAN":"CIBINONG","ID_DESA":"32.01.01.1002","DESA":"KARADENAN","LONGITUDE":106.8100232,"LATITUDE":-6.5285877,"STATUS":"BUKA","TANGGAL UPDATE":"27/02/2025","TANGGAL PENGUMPULAN":"Q4 2023","q":27428,"r":-15169}},{"type":"Feature","geometry":{"coordinates":[106.80678669999999,-6.5056394],"type":"Point"},"properties":{"NAMA":"MAKARONI NGEHE BRAVO BOGOR","TIPE_1":"MAKANAN DAN MINUMAN","TIPE_2":"RESTORAN","TIPE_3":"CEPAT SAJI","TELEPON":"0811-1236-725","ALAMAT":"JL. RAYA SUKAHATI NO.21, SUKAHATI, KEC. CIBINONG, KABUPATEN BOGOR, JAWA BARAT 16913","ID_PROV":"32","PROVINSI":"JAWA BARAT","ID_KABKOT":"32.01","KABKOT":"BOGOR","ID_KEC":"32.01.01","KECAMATAN":"CIBINONG","ID_DESA":"32.01.01.1009","DESA":"SUKAHATI","LONGITUDE":106.8067867,"LATITUDE":-6.5056394,"STATUS":"BUKA","TANGGAL UPDATE":"27/02/2025","TANGGAL PENGUMPULAN":"Q4 2023","q":27427,"r":-15164}},{"type":"Feature","geometry":{"coordinates":[106.9136925,-6.6584558],"type":"Point"},"properties":{"NAMA":"MIE ULEG MANTUL","TIPE_1":"MAKANAN DAN MINUMAN","TIPE_2":"RESTORAN","TIPE_3":"CEPAT SAJI","TELEPON":"","ALAMAT":"PUNCAK RD NO.83, RT.01/RW.01, LEUWIMALANG, CISARUA, BOGOR REGENCY, WEST JAVA 16750","ID_PROV":"32","PROVINSI":"JAWA BARAT","ID_KABKOT":"32.01","KABKOT":"BOGOR","ID_KEC":"32.01.25","KECAMATAN":"CISARUA","ID_DESA":"32.01.25.2007","DESA":"LEUWIMALANG","LONGITUDE":106.9136925,"LATITUDE":-6.6584558,"STATUS":"BUKA","TANGGAL UPDATE":"27/02/2025","TANGGAL PENGUMPULAN":"Q4 2023","q":27455,"r":-15211}},{"type":"Feature","geometry":{"coordinates":[106.8182694,-6.4832387],"type":"Point"},"properties":{"NAMA":"MCDONALD'S SUKAHATI CIBINONG","TIPE_1":"MAKANAN DAN MINUMAN","TIPE_2":"RESTORAN","TIPE_3":"CEPAT SAJI","TELEPON":"0811-1927-663","ALAMAT":"JL. RAYA SUKAHATI, SUKAHATI, KEC. CIBINONG, KABUPATEN BOGOR, JAWA BARAT 16913","ID_PROV":"32","PROVINSI":"JAWA BARAT","ID_KABKOT":"32.01","KABKOT":"BOGOR","ID_KEC":"32.01.01","KECAMATAN":"CIBINONG","ID_DESA":"32.01.01.1009","DESA":"SUKAHATI","LONGITUDE":106.8182694,"LATITUDE":-6.4832387,"STATUS":"BUKA","TANGGAL UPDATE":"27/02/2025","TANGGAL PENGUMPULAN":"Q4 2023","q":27430,"r":-15160}},{"type":"Feature","geometry":{"coordinates":[106.7387304,-6.5700954],"type":"Point"},"properties":{"NAMA":"MCDONALD'S DRAMAGA","TIPE_1":"MAKANAN DAN MINUMAN","TIPE_2":"RESTORAN","TIPE_3":"CEPAT SAJI","TELEPON":"0811-8067-228","ALAMAT":"JL. RAYA DRAMAGA, RT.01/RW.01, DRAMAGA, KEC. DRAMAGA, KABUPATEN BOGOR, JAWA BARAT 16680","ID_PROV":"32","PROVINSI":"JAWA BARAT","ID_KABKOT":"32.01","KABKOT":"BOGOR","ID_KEC":"32.01.30","KECAMATAN":"DRAMAGA","ID_DESA":"32.01.30.2009","DESA":"DRAMAGA","LONGITUDE":106.7387304,"LATITUDE":-6.5700954,"STATUS":"BUKA","TANGGAL UPDATE":"27/02/2025","TANGGAL PENGUMPULAN":"Q4 2023","q":27410,"r":-15169}},{"type":"Feature","geometry":{"coordinates":[106.5528203,-6.5287876],"type":"Point"},"properties":{"NAMA":"MIE AYAM BASO FAST FOOD RESTAURANT","TIPE_1":"MAKANAN DAN MINUMAN","TIPE_2":"RESTORAN","TIPE_3":"CEPAT SAJI","TELEPON":"","ALAMAT":"BANYU WANGI, KEC. CIGUDEG, KABUPATEN BOGOR, JAWA BARAT","ID_PROV":"32","PROVINSI":"JAWA BARAT","ID_KABKOT":"32.01","KABKOT":"BOGOR","ID_KEC":"32.01.22","KECAMATAN":"CIGUDEG","ID_DESA":"32.01.22.2012","DESA":"BANYUWANGI","LONGITUDE":106.5528203,"LATITUDE":-6.5287876,"STATUS":"BUKA","TANGGAL UPDATE":"27/02/2025","TANGGAL PENGUMPULAN":"Q4 2023","q":27362,"r":-15136}},{"type":"Feature","geometry":{"coordinates":[106.9458878,-6.7044884],"type":"Point"},"properties":{"NAMA":"MIE AYAM BAKSO SOTO MAS MIN","TIPE_1":"MAKANAN DAN MINUMAN","TIPE_2":"RESTORAN","TIPE_3":"CEPAT SAJI","TELEPON":"","ALAMAT":"JALAN TAMAN SAFARI, RT/RW 02/05, KAMPUNG BARU, CIBEUREUM, CISARUA, CIBEUREUM, KEC. CISARUA, KABUPATEN BOGOR, JAWA BARAT 16750","ID_PROV":"32","PROVINSI":"JAWA BARAT","ID_KABKOT":"32.01","KABKOT":"BOGOR","ID_KEC":"32.01.25","KECAMATAN":"CISARUA","ID_DESA":"32.01.25.2003","DESA":"CIBEUREUM","LONGITUDE":106.9458878,"LATITUDE":-6.7044884,"STATUS":"BUKA","TANGGAL UPDATE":"27/02/2025","TANGGAL PENGUMPULAN":"Q4 2023","q":27463,"r":-15226}},{"type":"Feature","geometry":{"coordinates":[106.7344833,-6.4376697],"type":"Point"},"properties":{"NAMA":"MCDONALD'S PARUNG","TIPE_1":"MAKANAN DAN MINUMAN","TIPE_2":"RESTORAN","TIPE_3":"CEPAT SAJI","TELEPON":"(021) 14045","ALAMAT":"JL. RAYA PARUNG, RT.2/RW.2, LEBAK WANGI, KEC. PARUNG, KABUPATEN BOGOR, JAWA BARAT 16330","ID_PROV":"32","PROVINSI":"JAWA BARAT","ID_KABKOT":"32.01","KABKOT":"BOGOR","ID_KEC":"32.01.10","KECAMATAN":"PARUNG","ID_DESA":"32.01.10.2001","DESA":"PARUNG","LONGITUDE":106.7344833,"LATITUDE":-6.4376697,"STATUS":"BUKA","TANGGAL UPDATE":"27/02/2025","TANGGAL PENGUMPULAN":"Q4 2023","q":27409,"r":-15139}},{"type":"Feature","geometry":{"coordinates":[106.9767133,-6.4048642],"type":"Point"},"properties":{"NAMA":"MCDONALD'S METLAND TRANSYOGI CILEUNGSI","TIPE_1":"MAKANAN DAN MINUMAN","TIPE_2":"RESTORAN","TIPE_3":"CEPAT SAJI","TELEPON":"0811-8423-585","ALAMAT":"JL. KOTA TAMAN METROPOLITAN, CILEUNGSI KIDUL, KEC. CILEUNGSI, KABUPATEN BOGOR, JAWA BARAT 16820","ID_PROV":"32","PROVINSI":"JAWA BARAT","ID_KABKOT":"32.01","KABKOT":"BOGOR","ID_KEC":"32.01.07","KECAMATAN":"CILEUNGSI","ID_DESA":"32.01.07.2007","DESA":"CILEUNGSI KIDUL","LONGITUDE":106.9767133,"LATITUDE":-6.4048642,"STATUS":"BUKA","TANGGAL UPDATE":"27/02/2025","TANGGAL PENGUMPULAN":"Q4 2023","q":27471,"r":-15163}},{"type":"Feature","geometry":{"coordinates":[106.8536331,-6.5329941],"type":"Point"},"properties":{"NAMA":"PAKAMIEN FRIED CHICKEN","TIPE_1":"MAKANAN DAN MINUMAN","TIPE_2":"RESTORAN","TIPE_3":"CEPAT SAJI","TELEPON":"0813-2363-4777","ALAMAT":"JL. RAYA SIRKUIT SENTUL NO.99, SENTUL, KEC. BABAKAN MADANG, KABUPATEN BOGOR, JAWA BARAT 16810","ID_PROV":"32","PROVINSI":"JAWA BARAT","ID_KABKOT":"32.01","KABKOT":"BOGOR","ID_KEC":"32.01.05","KECAMATAN":"BABAKAN MADANG","ID_DESA":"32.01.05.2003","DESA":"SENTUL","LONGITUDE":106.8536331,"LATITUDE":-6.5329941,"STATUS":"BUKA","TANGGAL UPDATE":"27/02/2025","TANGGAL PENGUMPULAN":"Q4 2023","q":27439,"r":-15176}},{"type":"Feature","geometry":{"coordinates":[106.81012779999999,-6.5281771],"type":"Point"},"properties":{"NAMA":"NASI GORENG SURAMADU","TIPE_1":"MAKANAN DAN MINUMAN","TIPE_2":"RESTORAN","TIPE_3":"NASI GORENG","TELEPON":"0819-9206-3773","ALAMAT":"JL. RAYA KARADENAN, PASIR JAMBU, KEC. SUKARAJA, KABUPATEN BOGOR, JAWA BARAT 16913","ID_PROV":"32","PROVINSI":"JAWA BARAT","ID_KABKOT":"32.01","KABKOT":"BOGOR","ID_KEC":"32.01.01","KECAMATAN":"CIBINONG","ID_DESA":"32.01.01.1002","DESA":"KARADENAN","LONGITUDE":106.8101278,"LATITUDE":-6.5281771,"STATUS":"BUKA","TANGGAL UPDATE":"27/02/2025","TANGGAL PENGUMPULAN":"Q4 2023","q":27428,"r":-15169}},{"type":"Feature","geometry":{"coordinates":[106.968447,-6.694228],"type":"Point"},"properties":{"NAMA":"NASI GORENG TUGU BEDA RASA","TIPE_1":"MAKANAN DAN MINUMAN","TIPE_2":"RESTORAN","TIPE_3":"NASI GORENG","TELEPON":"","ALAMAT":"JALAN RAYA PUNCAK, KM 85, TUGU, TUGU UTARA, KEC. CISARUA, KABUPATEN BOGOR, JAWA BARAT 16750","ID_PROV":"32","PROVINSI":"JAWA BARAT","ID_KABKOT":"32.01","KABKOT":"BOGOR","ID_KEC":"32.01.25","KECAMATAN":"CISARUA","ID_DESA":"32.01.25.2009","DESA":"TUGU UTARA","LONGITUDE":106.968447,"LATITUDE":-6.694228,"STATUS":"BUKA","TANGGAL UPDATE":"27/02/2025","TANGGAL PENGUMPULAN":"Q4 2023","q":27469,"r":-15227}},{"type":"Feature","geometry":{"coordinates":[106.8083649,-6.523029],"type":"Point"},"properties":{"NAMA":"NU FRIED CHICKEN & BURGER ( KARADENAN )","TIPE_1":"MAKANAN DAN MINUMAN","TIPE_2":"RESTORAN","TIPE_3":"CEPAT SAJI","TELEPON":"0821-2354-1505","ALAMAT":"JL. RAYA KARADENAN NO.32, KARADENAN, KEC. CIBINONG, KABUPATEN BOGOR, JAWA BARAT 16913","ID_PROV":"32","PROVINSI":"JAWA BARAT","ID_KABKOT":"32.01","KABKOT":"BOGOR","ID_KEC":"32.01.01","KECAMATAN":"CIBINONG","ID_DESA":"32.01.01.1002","DESA":"KARADENAN","LONGITUDE":106.8083649,"LATITUDE":-6.523029,"STATUS":"BUKA","TANGGAL UPDATE":"27/02/2025","TANGGAL PENGUMPULAN":"Q4 2023","q":27428,"r":-15168}},{"type":"Feature","geometry":{"coordinates":[106.9435131,-6.6870309],"type":"Point"},"properties":{"NAMA":"NGJ","TIPE_1":"MAKANAN DAN MINUMAN","TIPE_2":"RESTORAN","TIPE_3":"CEPAT SAJI","TELEPON":"","ALAMAT":"JL. RAYA PUNCAK - GADOG, CIBEUREUM, KEC. CISARUA, KABUPATEN BOGOR, JAWA BARAT 16750","ID_PROV":"32","PROVINSI":"JAWA BARAT","ID_KABKOT":"32.01","KABKOT":"BOGOR","ID_KEC":"32.01.25","KECAMATAN":"CISARUA","ID_DESA":"32.01.25.2003","DESA":"CIBEUREUM","LONGITUDE":106.9435131,"LATITUDE":-6.6870309,"STATUS":"BUKA","TANGGAL UPDATE":"27/02/2025","TANGGAL PENGUMPULAN":"Q4 2023","q":27462,"r":-15222}},{"type":"Feature","geometry":{"coordinates":[106.7948954,-6.5384529],"type":"Point"},"properties":{"NAMA":"NASI GORENG RESTU WONG","TIPE_1":"MAKANAN DAN MINUMAN","TIPE_2":"RESTORAN","TIPE_3":"NASI GORENG","TELEPON":"","ALAMAT":"JL. KP. BABAKAN UJUNG, CILEBUT BAR., KEC. SUKARAJA, KABUPATEN BOGOR, JAWA BARAT","ID_PROV":"32","PROVINSI":"JAWA BARAT","ID_KABKOT":"32.01","KABKOT":"BOGOR","ID_KEC":"32.01.04","KECAMATAN":"SUKARAJA","ID_DESA":"32.01.04.2003","DESA":"CILEBUT BARAT","LONGITUDE":106.7948954,"LATITUDE":-6.5384529,"STATUS":"BUKA","TANGGAL UPDATE":"27/02/2025","TANGGAL PENGUMPULAN":"Q4 2023","q":27424,"r":-15169}},{"type":"Feature","geometry":{"coordinates":[106.8031092,-6.5285971],"type":"Point"},"properties":{"NAMA":"PEPPY CUPS","TIPE_1":"MAKANAN DAN MINUMAN","TIPE_2":"RESTORAN","TIPE_3":"CEPAT SAJI","TELEPON":"0857-1984-9106","ALAMAT":"PERUMAHAN BUMI PERTIWI, JL. DURIAN PETRUK, CILEBUT TIM., KEC. SUKARAJA, KABUPATEN BOGOR, JAWA BARAT 16710","ID_PROV":"32","PROVINSI":"JAWA BARAT","ID_KABKOT":"32.01","KABKOT":"BOGOR","ID_KEC":"32.01.04","KECAMATAN":"SUKARAJA","ID_DESA":"32.01.04.2002","DESA":"CILEBUT TIMUR","LONGITUDE":106.8031092,"LATITUDE":-6.5285971,"STATUS":"BUKA","TANGGAL UPDATE":"27/02/2025","TANGGAL PENGUMPULAN":"Q4 2023","q":27426,"r":-15168}},{"type":"Feature","geometry":{"coordinates":[106.7478432,-6.5295644],"type":"Point"},"properties":{"NAMA":"RENO CHICKEN","TIPE_1":"MAKANAN DAN MINUMAN","TIPE_2":"RESTORAN","TIPE_3":"CEPAT SAJI","TELEPON":"0838-7040-8699","ALAMAT":"JL. RAYA BOJONG NO.65-47, BOJONG, KEC. KEMANG, KABUPATEN BOGOR, JAWA BARAT 16310","ID_PROV":"32","PROVINSI":"JAWA BARAT","ID_KABKOT":"32.01","KABKOT":"BOGOR","ID_KEC":"32.01.12","KECAMATAN":"KEMANG","ID_DESA":"32.01.12.2001","DESA":"BOJONG","LONGITUDE":106.7478432,"LATITUDE":-6.5295644,"STATUS":"BUKA","TANGGAL UPDATE":"27/02/2025","TANGGAL PENGUMPULAN":"Q4 2023","q":27412,"r":-15161}},{"type":"Feature","geometry":{"coordinates":[106.6632624,-6.5752268],"type":"Point"},"properties":{"NAMA":"RASY KITCHEN","TIPE_1":"MAKANAN DAN MINUMAN","TIPE_2":"RESTORAN","TIPE_3":"CEPAT SAJI","TELEPON":"","ALAMAT":"CIMANGGU 2, KEC. CIBUNGBULANG, KABUPATEN BOGOR, JAWA BARAT","ID_PROV":"32","PROVINSI":"JAWA BARAT","ID_KABKOT":"32.01","KABKOT":"BOGOR","ID_KEC":"32.01.16","KECAMATAN":"CIBUNGBULANG","ID_DESA":"32.01.16.2008","DESA":"CIMANGGU II","LONGITUDE":106.6632624,"LATITUDE":-6.5752268,"STATUS":"BUKA","TANGGAL UPDATE":"27/02/2025","TANGGAL PENGUMPULAN":"Q4 2023","q":27390,"r":-15161}},{"type":"Feature","geometry":{"coordinates":[106.9332706,-6.6991192],"type":"Point"},"properties":{"NAMA":"REST AREA CITEKO","TIPE_1":"MAKANAN DAN MINUMAN","TIPE_2":"RESTORAN","TIPE_3":"CEPAT SAJI","TELEPON":"0812-9485-1288","ALAMAT":"JL. RAYA PUNCAK, CITEKO, KEC. CISARUA, KABUPATEN BOGOR, JAWA BARAT 16750","ID_PROV":"32","PROVINSI":"JAWA BARAT","ID_KABKOT":"32.01","KABKOT":"BOGOR","ID_KEC":"32.01.25","KECAMATAN":"CISARUA","ID_DESA":"32.01.25.2005","DESA":"CITEKO","LONGITUDE":106.9332706,"LATITUDE":-6.6991192,"STATUS":"BUKA","TANGGAL UPDATE":"27/02/2025","TANGGAL PENGUMPULAN":"Q4 2023","q":27460,"r":-15223}},{"type":"Feature","geometry":{"coordinates":[106.9458173,-6.7089558],"type":"Point"},"properties":{"NAMA":"RM AZZAHRA","TIPE_1":"MAKANAN DAN MINUMAN","TIPE_2":"RESTORAN","TIPE_3":"CEPAT SAJI","TELEPON":"0813-2330-0000","ALAMAT":"JL. TAMAN SAFARI, CIBEUREUM, KEC. CISARUA, KABUPATEN BOGOR, JAWA BARAT 16750","ID_PROV":"32","PROVINSI":"JAWA BARAT","ID_KABKOT":"32.01","KABKOT":"BOGOR","ID_KEC":"32.01.25","KECAMATAN":"CISARUA","ID_DESA":"32.01.25.2003","DESA":"CIBEUREUM","LONGITUDE":106.9458173,"LATITUDE":-6.7089558,"STATUS":"BUKA","TANGGAL UPDATE":"27/02/2025","TANGGAL PENGUMPULAN":"Q4 2023","q":27463,"r":-15227}},{"type":"Feature","geometry":{"coordinates":[106.810103,-6.4966294],"type":"Point"},"properties":{"NAMA":"RESTORAN CEPAT SAJI","TIPE_1":"MAKANAN DAN MINUMAN","TIPE_2":"RESTORAN","TIPE_3":"CEPAT SAJI","TELEPON":"0857-7577-0211","ALAMAT":"JL. MUARA BERES, RT.002/001, SUKAHATI, KEC. CIBINONG, KABUPATEN BOGOR, JAWA BARAT 16913","ID_PROV":"32","PROVINSI":"JAWA BARAT","ID_KABKOT":"32.01","KABKOT":"BOGOR","ID_KEC":"32.01.01","KECAMATAN":"CIBINONG","ID_DESA":"32.01.01.1009","DESA":"SUKAHATI","LONGITUDE":106.810103,"LATITUDE":-6.4966294,"STATUS":"BUKA","TANGGAL UPDATE":"27/02/2025","TANGGAL PENGUMPULAN":"Q4 2023","q":27428,"r":-15162}},{"type":"Feature","geometry":{"coordinates":[106.8098615,-6.545935],"type":"Point"},"properties":{"NAMA":"RUMAH DIMSUM","TIPE_1":"MAKANAN DAN MINUMAN","TIPE_2":"RESTORAN","TIPE_3":"CEPAT SAJI","TELEPON":"0811-1123-101","ALAMAT":"JL. VILLA BOGOR INDAH, RT.01/RW.11, CIPARIGI, KEC. BOGOR UTARA, KOTA BOGOR, JAWA BARAT 16710","ID_PROV":"32","PROVINSI":"JAWA BARAT","ID_KABKOT":"32.01","KABKOT":"BOGOR","ID_KEC":"32.01.04","KECAMATAN":"SUKARAJA","ID_DESA":"32.01.04.2009","DESA":"PASIR JAMBU","LONGITUDE":106.8098615,"LATITUDE":-6.545935,"STATUS":"BUKA","TANGGAL UPDATE":"27/02/2025","TANGGAL PENGUMPULAN":"Q4 2023","q":27428,"r":-15173}},{"type":"Feature","geometry":{"coordinates":[107.0112049,-6.6394789],"type":"Point"},"properties":{"NAMA":"RUMAH MAKAN BOYAN PUNCAK 2 JONGGOL","TIPE_1":"MAKANAN DAN MINUMAN","TIPE_2":"RESTORAN","TIPE_3":"CEPAT SAJI","TELEPON":"0857-5936-7020","ALAMAT":"JL. PUNCAK DUA, WARGAJAYA, KEC. SUKAMAKMUR, KABUPATEN BOGOR, JAWA BARAT 16830","ID_PROV":"32","PROVINSI":"JAWA BARAT","ID_KABKOT":"32.01","KABKOT":"BOGOR","ID_KEC":"32.01.09","KECAMATAN":"SUKAMAKMUR","ID_DESA":"32.01.09.2001","DESA":"WARGAJAYA","LONGITUDE":107.0112049,"LATITUDE":-6.6394789,"STATUS":"BUKA","TANGGAL UPDATE":"27/02/2025","TANGGAL PENGUMPULAN":"Q4 2023","q":27480,"r":-15220}},{"type":"Feature","geometry":{"coordinates":[106.7466335,-6.5021633],"type":"Point"},"properties":{"NAMA":"SABANA FRIED CHICKEN","TIPE_1":"MAKANAN DAN MINUMAN","TIPE_2":"RESTORAN","TIPE_3":"CEPAT SAJI","TELEPON":"0852-8666-6205","ALAMAT":"VERDE RESIDANCE 32, KEMANG, KEC. KEMANG, KABUPATEN BOGOR, JAWA BARAT 16310","ID_PROV":"32","PROVINSI":"JAWA BARAT","ID_KABKOT":"32.01","KABKOT":"BOGOR","ID_KEC":"32.01.12","KECAMATAN":"KEMANG","ID_DESA":"32.01.12.2003","DESA":"KEMANG","LONGITUDE":106.7466335,"LATITUDE":-6.5021633,"STATUS":"BUKA","TANGGAL UPDATE":"27/02/2025","TANGGAL PENGUMPULAN":"Q4 2023","q":27412,"r":-15155}},{"type":"Feature","geometry":{"coordinates":[106.9449224,-6.6863971],"type":"Point"},"properties":{"NAMA":"RUMAH MAKAN KAMI BANA MASAKAN PADANG","TIPE_1":"MAKANAN DAN MINUMAN","TIPE_2":"RESTORAN","TIPE_3":"CEPAT SAJI","TELEPON":"","ALAMAT":"JL. RAYA PUNCAK - CIANJUR, CIBEUREUM, KEC. CISARUA, KABUPATEN BOGOR, JAWA BARAT 16750","ID_PROV":"32","PROVINSI":"JAWA BARAT","ID_KABKOT":"32.01","KABKOT":"BOGOR","ID_KEC":"32.01.25","KECAMATAN":"CISARUA","ID_DESA":"32.01.25.2003","DESA":"CIBEUREUM","LONGITUDE":106.9449224,"LATITUDE":-6.6863971,"STATUS":"BUKA","TANGGAL UPDATE":"27/02/2025","TANGGAL PENGUMPULAN":"Q4 2023","q":27463,"r":-15222}},{"type":"Feature","geometry":{"coordinates":[106.9647736,-6.6945579],"type":"Point"},"properties":{"NAMA":"SATE HAJI GOFUR","TIPE_1":"MAKANAN DAN MINUMAN","TIPE_2":"RESTORAN","TIPE_3":"CEPAT SAJI","TELEPON":"0856-9402-7932","ALAMAT":"JL RAYA PUNCAK TUGU, KM. 85, 3, TUGU SELATAN, TUGU SELATAN, CISARUA, TUGU SEL., KEC. CISARUA, KABUPATEN BOGOR, JAWA BARAT 16750","ID_PROV":"32","PROVINSI":"JAWA BARAT","ID_KABKOT":"32.01","KABKOT":"BOGOR","ID_KEC":"32.01.25","KECAMATAN":"CISARUA","ID_DESA":"32.01.25.2006","DESA":"TUGU SELATAN","LONGITUDE":106.9647736,"LATITUDE":-6.6945579,"STATUS":"BUKA","TANGGAL UPDATE":"27/02/2025","TANGGAL PENGUMPULAN":"Q4 2023","q":27468,"r":-15226}},{"type":"Feature","geometry":{"coordinates":[106.9876463,-6.698325],"type":"Point"},"properties":{"NAMA":"SECRET GARDEN CIPANAS","TIPE_1":"MAKANAN DAN MINUMAN","TIPE_2":"RESTORAN","TIPE_3":"CEPAT SAJI","TELEPON":"0895-3352-13639","ALAMAT":"JL. NASIONAL 11, TUGU SEL., KEC. CISARUA, KABUPATEN BOGOR, JAWA BARAT 16750","ID_PROV":"32","PROVINSI":"JAWA BARAT","ID_KABKOT":"32.01","KABKOT":"BOGOR","ID_KEC":"32.01.25","KECAMATAN":"CISARUA","ID_DESA":"32.01.25.2009","DESA":"TUGU UTARA","LONGITUDE":106.9876463,"LATITUDE":-6.698325,"STATUS":"BUKA","TANGGAL UPDATE":"27/02/2025","TANGGAL PENGUMPULAN":"Q4 2023","q":27474,"r":-15230}},{"type":"Feature","geometry":{"coordinates":[106.6720393,-6.5667863],"type":"Point"},"properties":{"NAMA":"WARUNG BONENG","TIPE_1":"MAKANAN DAN MINUMAN","TIPE_2":"RESTORAN","TIPE_3":"CEPAT SAJI","TELEPON":"0896-1142-7913","ALAMAT":"JL. RAYA CIBUNGBULANG - BOGOR, GIRIMULYA, KEC. CIBUNGBULANG, KABUPATEN BOGOR, JAWA BARAT","ID_PROV":"32","PROVINSI":"JAWA BARAT","ID_KABKOT":"32.01","KABKOT":"BOGOR","ID_KEC":"32.01.16","KECAMATAN":"CIBUNGBULANG","ID_DESA":"32.01.16.2006","DESA":"LEUWEUNGKOLOT","LONGITUDE":106.6720393,"LATITUDE":-6.5667863,"STATUS":"BUKA","TANGGAL UPDATE":"27/02/2025","TANGGAL PENGUMPULAN":"Q4 2023","q":27393,"r":-15160}},{"type":"Feature","geometry":{"coordinates":[106.9885397,-6.7003872],"type":"Point"},"properties":{"NAMA":"WARUNG IBU RANI","TIPE_1":"MAKANAN DAN MINUMAN","TIPE_2":"RESTORAN","TIPE_3":"CEPAT SAJI","TELEPON":"0877-7031-5663","ALAMAT":"JALAN RAYA PUNCAK KM. 86, TUGU SELATAN, CISARUA, TUGU SEL., KEC. CISARUA, KABUPATEN BOGOR, JAWA BARAT 16750","ID_PROV":"32","PROVINSI":"JAWA BARAT","ID_KABKOT":"32.01","KABKOT":"BOGOR","ID_KEC":"32.01.25","KECAMATAN":"CISARUA","ID_DESA":"32.01.25.2006","DESA":"TUGU SELATAN","LONGITUDE":106.9885397,"LATITUDE":-6.7003872,"STATUS":"BUKA","TANGGAL UPDATE":"27/02/2025","TANGGAL PENGUMPULAN":"Q4 2023","q":27474,"r":-15230}},{"type":"Feature","geometry":{"coordinates":[106.9862996,-6.7010675],"type":"Point"},"properties":{"NAMA":"WARUNG LTS","TIPE_1":"MAKANAN DAN MINUMAN","TIPE_2":"RESTORAN","TIPE_3":"CEPAT SAJI","TELEPON":"0819-1219-6819","ALAMAT":"JALAN RAYA PUNCAK KM. 86, TUGU SELATAN, CISARUA, TUGU SEL., KEC. CISARUA, KABUPATEN BOGOR, JAWA BARAT 16750","ID_PROV":"32","PROVINSI":"JAWA BARAT","ID_KABKOT":"32.01","KABKOT":"BOGOR","ID_KEC":"32.01.25","KECAMATAN":"CISARUA","ID_DESA":"32.01.25.2006","DESA":"TUGU SELATAN","LONGITUDE":106.9862996,"LATITUDE":-6.7010675,"STATUS":"BUKA","TANGGAL UPDATE":"27/02/2025","TANGGAL PENGUMPULAN":"Q4 2023","q":27473,"r":-15230}},{"type":"Feature","geometry":{"coordinates":[106.9918838,-6.7005068],"type":"Point"},"properties":{"NAMA":"WARUNG ANGKRINGAN SYAKILLA","TIPE_1":"MAKANAN DAN MINUMAN","TIPE_2":"RESTORAN","TIPE_3":"CEPAT SAJI","TELEPON":"","ALAMAT":"PUNCAK RD NO.KM. 86, NORTH TUGU, CISARUA, BOGOR REGENCY, WEST JAVA 16750","ID_PROV":"32","PROVINSI":"JAWA BARAT","ID_KABKOT":"32.01","KABKOT":"BOGOR","ID_KEC":"32.01.25","KECAMATAN":"CISARUA","ID_DESA":"32.01.25.2009","DESA":"TUGU UTARA","LONGITUDE":106.9918838,"LATITUDE":-6.7005068,"STATUS":"BUKA","TANGGAL UPDATE":"27/02/2025","TANGGAL PENGUMPULAN":"Q4 2023","q":27475,"r":-15231}},{"type":"Feature","geometry":{"coordinates":[106.9902271,-6.7004911],"type":"Point"},"properties":{"NAMA":"WARUNG AN AN","TIPE_1":"MAKANAN DAN MINUMAN","TIPE_2":"RESTORAN","TIPE_3":"CEPAT SAJI","TELEPON":"0857-8168-7405","ALAMAT":"JALAN RAYA PUNCAK KM. 86, TUGU SELATAN, CISARUA, TUGU SEL., KEC. CISARUA, KABUPATEN BOGOR, JAWA BARAT 16750","ID_PROV":"32","PROVINSI":"JAWA BARAT","ID_KABKOT":"32.01","KABKOT":"BOGOR","ID_KEC":"32.01.25","KECAMATAN":"CISARUA","ID_DESA":"32.01.25.2009","DESA":"TUGU UTARA","LONGITUDE":106.9902271,"LATITUDE":-6.7004911,"STATUS":"BUKA","TANGGAL UPDATE":"27/02/2025","TANGGAL PENGUMPULAN":"Q4 2023","q":27474,"r":-15231}},{"type":"Feature","geometry":{"coordinates":[106.9939205,-6.7031632],"type":"Point"},"properties":{"NAMA":"WARUNG HLILI","TIPE_1":"MAKANAN DAN MINUMAN","TIPE_2":"RESTORAN","TIPE_3":"CEPAT SAJI","TELEPON":"0819-0652-0590","ALAMAT":"JALAN RAYA PUNCAK GADOG TUGU SELATAN, TUGU UTARA, KEC. CISARUA, KABUPATEN BOGOR, JAWA BARAT 16750","ID_PROV":"32","PROVINSI":"JAWA BARAT","ID_KABKOT":"32.01","KABKOT":"BOGOR","ID_KEC":"32.01.25","KECAMATAN":"CISARUA","ID_DESA":"32.01.25.2009","DESA":"TUGU UTARA","LONGITUDE":106.9939205,"LATITUDE":-6.7031632,"STATUS":"BUKA","TANGGAL UPDATE":"27/02/2025","TANGGAL PENGUMPULAN":"Q4 2023","q":27475,"r":-15232}},{"type":"Feature","geometry":{"coordinates":[106.9918155,-6.7008003],"type":"Point"},"properties":{"NAMA":"WARUNG BASO OJO LALI","TIPE_1":"MAKANAN DAN MINUMAN","TIPE_2":"RESTORAN","TIPE_3":"CEPAT SAJI","TELEPON":"","ALAMAT":"JALAN RAYA PUNCAK, KM. 86, TUGU SELATAN, CISARUA, TUGU SEL., KEC. CISARUA, KABUPATEN BOGOR, JAWA BARAT 16750","ID_PROV":"32","PROVINSI":"JAWA BARAT","ID_KABKOT":"32.01","KABKOT":"BOGOR","ID_KEC":"32.01.25","KECAMATAN":"CISARUA","ID_DESA":"32.01.25.2009","DESA":"TUGU UTARA","LONGITUDE":106.9918155,"LATITUDE":-6.7008003,"STATUS":"BUKA","TANGGAL UPDATE":"27/02/2025","TANGGAL PENGUMPULAN":"Q4 2023","q":27475,"r":-15231}},{"type":"Feature","geometry":{"coordinates":[106.98760019999999,-6.6986932],"type":"Point"},"properties":{"NAMA":"WARUNG BAKSO PAK DARYA","TIPE_1":"MAKANAN DAN MINUMAN","TIPE_2":"RESTORAN","TIPE_3":"CEPAT SAJI","TELEPON":"0895-3604-17491","ALAMAT":"JALAN RAYA PUNCAK-CIANJUR KM. 86, TUGU SELATAN, CISARUA, TUGU SEL., KEC. CISARUA, KABUPATEN BOGOR, JAWA BARAT 16750","ID_PROV":"32","PROVINSI":"JAWA BARAT","ID_KABKOT":"32.01","KABKOT":"BOGOR","ID_KEC":"32.01.25","KECAMATAN":"CISARUA","ID_DESA":"32.01.25.2009","DESA":"TUGU UTARA","LONGITUDE":106.9876002,"LATITUDE":-6.6986932,"STATUS":"BUKA","TANGGAL UPDATE":"27/02/2025","TANGGAL PENGUMPULAN":"Q4 2023","q":27474,"r":-15230}},{"type":"Feature","geometry":{"coordinates":[106.98762509999999,-6.6987169],"type":"Point"},"properties":{"NAMA":"WARUNG BAKSO PAK NANA","TIPE_1":"MAKANAN DAN MINUMAN","TIPE_2":"RESTORAN","TIPE_3":"CEPAT SAJI","TELEPON":"0857-7459-3515","ALAMAT":"JALAN RAYA PUNCAK - CIANJUR KM 86, TUGU SELATAN, CISARUA, TUGU SEL., KEC. CISARUA, KABUPATEN BOGOR, JAWA BARAT 16750","ID_PROV":"32","PROVINSI":"JAWA BARAT","ID_KABKOT":"32.01","KABKOT":"BOGOR","ID_KEC":"32.01.25","KECAMATAN":"CISARUA","ID_DESA":"32.01.25.2009","DESA":"TUGU UTARA","LONGITUDE":106.9876251,"LATITUDE":-6.6987169,"STATUS":"BUKA","TANGGAL UPDATE":"27/02/2025","TANGGAL PENGUMPULAN":"Q4 2023","q":27474,"r":-15230}},{"type":"Feature","geometry":{"coordinates":[106.9938752,-6.7031082],"type":"Point"},"properties":{"NAMA":"WARUNG MARANGGI ASKA","TIPE_1":"MAKANAN DAN MINUMAN","TIPE_2":"RESTORAN","TIPE_3":"CEPAT SAJI","TELEPON":"0857-4025-690","ALAMAT":"JL. RAYA PUNCAK GADOG, TUGU SEL., KEC. CISARUA, KABUPATEN BOGOR, JAWA BARAT 16750","ID_PROV":"32","PROVINSI":"JAWA BARAT","ID_KABKOT":"32.01","KABKOT":"BOGOR","ID_KEC":"32.01.25","KECAMATAN":"CISARUA","ID_DESA":"32.01.25.2009","DESA":"TUGU UTARA","LONGITUDE":106.9938752,"LATITUDE":-6.7031082,"STATUS":"BUKA","TANGGAL UPDATE":"27/02/2025","TANGGAL PENGUMPULAN":"Q4 2023","q":27475,"r":-15232}},{"type":"Feature","geometry":{"coordinates":[106.990995,-6.7010602],"type":"Point"},"properties":{"NAMA":"WARUNG MAS AGUS","TIPE_1":"MAKANAN DAN MINUMAN","TIPE_2":"RESTORAN","TIPE_3":"CEPAT SAJI","TELEPON":"0857-8257-6320","ALAMAT":"JALAN RAYA PUNCAK KM. 86, TUGU SELATAN, CISARUA, TUGU UTARA, KEC. CISARUA, KABUPATEN BOGOR, JAWA BARAT 16750","ID_PROV":"32","PROVINSI":"JAWA BARAT","ID_KABKOT":"32.01","KABKOT":"BOGOR","ID_KEC":"32.01.25","KECAMATAN":"CISARUA","ID_DESA":"32.01.25.2009","DESA":"TUGU UTARA","LONGITUDE":106.990995,"LATITUDE":-6.7010602,"STATUS":"BUKA","TANGGAL UPDATE":"27/02/2025","TANGGAL PENGUMPULAN":"Q4 2023","q":27475,"r":-15231}},{"type":"Feature","geometry":{"coordinates":[106.9875491,-6.6984718],"type":"Point"},"properties":{"NAMA":"WARUNG NASI PAK WAWAN","TIPE_1":"MAKANAN DAN MINUMAN","TIPE_2":"RESTORAN","TIPE_3":"CEPAT SAJI","TELEPON":"0815-6377-3830","ALAMAT":"JALAN RAYA PUNCAK - CIANJUR KM 86, TUGU SELATAN, CISARUA, TUGU UTARA, KEC. CISARUA, KABUPATEN BOGOR, JAWA BARAT 16750","ID_PROV":"32","PROVINSI":"JAWA BARAT","ID_KABKOT":"32.01","KABKOT":"BOGOR","ID_KEC":"32.01.25","KECAMATAN":"CISARUA","ID_DESA":"32.01.25.2009","DESA":"TUGU UTARA","LONGITUDE":106.9875491,"LATITUDE":-6.6984718,"STATUS":"BUKA","TANGGAL UPDATE":"27/02/2025","TANGGAL PENGUMPULAN":"Q4 2023","q":27474,"r":-15230}},{"type":"Feature","geometry":{"coordinates":[106.9260236,-6.6691827],"type":"Point"},"properties":{"NAMA":"WARUNG NASI AL-FADILLAH","TIPE_1":"MAKANAN DAN MINUMAN","TIPE_2":"RESTORAN","TIPE_3":"CEPAT SAJI","TELEPON":"0897-5371-209","ALAMAT":"JALAN RAYA PUNCAK NO.79, RT 5 RW 1, KOPO, CISARUA, LEUWIMALANG, KEC. CISARUA, KABUPATEN BOGOR, JAWA BARAT 16750","ID_PROV":"32","PROVINSI":"JAWA BARAT","ID_KABKOT":"32.01","KABKOT":"BOGOR","ID_KEC":"32.01.25","KECAMATAN":"CISARUA","ID_DESA":"32.01.25.2008","DESA":"KOPO","LONGITUDE":106.9260236,"LATITUDE":-6.6691827,"STATUS":"BUKA","TANGGAL UPDATE":"27/02/2025","TANGGAL PENGUMPULAN":"Q4 2023","q":27458,"r":-15215}},{"type":"Feature","geometry":{"coordinates":[106.9397954,-6.6872747],"type":"Point"},"properties":{"NAMA":"WARUNG NASI BU BONDAN","TIPE_1":"MAKANAN DAN MINUMAN","TIPE_2":"RESTORAN","TIPE_3":"CEPAT SAJI","TELEPON":"0878-7383-9315","ALAMAT":"JALAN RAYA PUNCAK KM.82 / SIMPANG TAMAN SAFARI, DS. CIBEUREUM, CISARUA, CIBEUREUM, KEC. CISARUA, KABUPATEN BOGOR, JAWA BARAT 16750","ID_PROV":"32","PROVINSI":"JAWA BARAT","ID_KABKOT":"32.01","KABKOT":"BOGOR","ID_KEC":"32.01.25","KECAMATAN":"CISARUA","ID_DESA":"32.01.25.1010","DESA":"CISARUA","LONGITUDE":106.9397954,"LATITUDE":-6.6872747,"STATUS":"BUKA","TANGGAL UPDATE":"27/02/2025","TANGGAL PENGUMPULAN":"Q4 2023","q":27461,"r":-15221}},{"type":"Feature","geometry":{"coordinates":[106.9938457,-6.700414],"type":"Point"},"properties":{"NAMA":"WARUNG NASI BU NENG SUSI","TIPE_1":"MAKANAN DAN MINUMAN","TIPE_2":"RESTORAN","TIPE_3":"CEPAT SAJI","TELEPON":"0857-2052-0508","ALAMAT":"JL. RAYA PUNCAK GADOG, TUGU SEL., KEC. CISARUA, KABUPATEN BOGOR, JAWA BARAT 16750","ID_PROV":"32","PROVINSI":"JAWA BARAT","ID_KABKOT":"32.01","KABKOT":"BOGOR","ID_KEC":"32.01.25","KECAMATAN":"CISARUA","ID_DESA":"32.01.25.2009","DESA":"TUGU UTARA","LONGITUDE":106.9938457,"LATITUDE":-6.700414,"STATUS":"BUKA","TANGGAL UPDATE":"27/02/2025","TANGGAL PENGUMPULAN":"Q4 2023","q":27475,"r":-15231}},{"type":"Feature","geometry":{"coordinates":[106.9311178,-6.6685726],"type":"Point"},"properties":{"NAMA":"WARUNG NASI HEGAR MANAH KHAS SUNDA","TIPE_1":"MAKANAN DAN MINUMAN","TIPE_2":"RESTORAN","TIPE_3":"CEPAT SAJI","TELEPON":"0856-1260-029","ALAMAT":"JL. HANKAM, LEUWIMALANG, KEC. CISARUA, KABUPATEN BOGOR, JAWA BARAT 16750","ID_PROV":"32","PROVINSI":"JAWA BARAT","ID_KABKOT":"32.01","KABKOT":"BOGOR","ID_KEC":"32.01.25","KECAMATAN":"CISARUA","ID_DESA":"32.01.25.2007","DESA":"LEUWIMALANG","LONGITUDE":106.9311178,"LATITUDE":-6.6685726,"STATUS":"BUKA","TANGGAL UPDATE":"27/02/2025","TANGGAL PENGUMPULAN":"Q4 2023","q":27459,"r":-15216}},{"type":"Feature","geometry":{"coordinates":[106.9947047,-6.7004442],"type":"Point"},"properties":{"NAMA":"WARUNG KOMARUDIN","TIPE_1":"MAKANAN DAN MINUMAN","TIPE_2":"RESTORAN","TIPE_3":"CEPAT SAJI","TELEPON":"0832-3180-24654","ALAMAT":"JL. RAYA PUNCAK GADOG, TUGU SEL., KEC. CISARUA, KABUPATEN BOGOR, JAWA BARAT 16750","ID_PROV":"32","PROVINSI":"JAWA BARAT","ID_KABKOT":"32.01","KABKOT":"BOGOR","ID_KEC":"32.01.25","KECAMATAN":"CISARUA","ID_DESA":"32.01.25.2009","DESA":"TUGU UTARA","LONGITUDE":106.9947047,"LATITUDE":-6.7004442,"STATUS":"BUKA","TANGGAL UPDATE":"27/02/2025","TANGGAL PENGUMPULAN":"Q4 2023","q":27476,"r":-15231}},{"type":"Feature","geometry":{"coordinates":[106.9385748,-6.6872657],"type":"Point"},"properties":{"NAMA":"WARUNG PAK DEDI","TIPE_1":"MAKANAN DAN MINUMAN","TIPE_2":"RESTORAN","TIPE_3":"CEPAT SAJI","TELEPON":"0822-9746-9945","ALAMAT":"JALAN RAYA PUNCAK KM. 83, CISARUA, CIBEUREUM, KEC. CISARUA, KABUPATEN BOGOR, JAWA BARAT 16750","ID_PROV":"32","PROVINSI":"JAWA BARAT","ID_KABKOT":"32.01","KABKOT":"BOGOR","ID_KEC":"32.01.25","KECAMATAN":"CISARUA","ID_DESA":"32.01.25.2003","DESA":"CIBEUREUM","LONGITUDE":106.9385748,"LATITUDE":-6.6872657,"STATUS":"BUKA","TANGGAL UPDATE":"27/02/2025","TANGGAL PENGUMPULAN":"Q4 2023","q":27461,"r":-15221}},{"type":"Feature","geometry":{"coordinates":[106.9137315,-6.6584903],"type":"Point"},"properties":{"NAMA":"WARUNG NASI IBU NUNUNG","TIPE_1":"MAKANAN DAN MINUMAN","TIPE_2":"RESTORAN","TIPE_3":"CEPAT SAJI","TELEPON":"(0251) 8253173","ALAMAT":"JL. RAYA PUNCAK GADOG NO.KM. 77, LEUWIMALANG, KEC. CISARUA, KABUPATEN BOGOR, JAWA BARAT 16750","ID_PROV":"32","PROVINSI":"JAWA BARAT","ID_KABKOT":"32.01","KABKOT":"BOGOR","ID_KEC":"32.01.25","KECAMATAN":"CISARUA","ID_DESA":"32.01.25.2007","DESA":"LEUWIMALANG","LONGITUDE":106.9137315,"LATITUDE":-6.6584903,"STATUS":"BUKA","TANGGAL UPDATE":"27/02/2025","TANGGAL PENGUMPULAN":"Q4 2023","q":27455,"r":-15212}},{"type":"Feature","geometry":{"coordinates":[106.9862798,-6.7010095],"type":"Point"},"properties":{"NAMA":"WARUNG MONO","TIPE_1":"MAKANAN DAN MINUMAN","TIPE_2":"RESTORAN","TIPE_3":"CEPAT SAJI","TELEPON":"0897-7572-629","ALAMAT":"JALAN RAYA PUNCAK KM. 86, TUGU SELATAN, CISARUA, TUGU SEL., KEC. CISARUA, KABUPATEN BOGOR, JAWA BARAT 16750","ID_PROV":"32","PROVINSI":"JAWA BARAT","ID_KABKOT":"32.01","KABKOT":"BOGOR","ID_KEC":"32.01.25","KECAMATAN":"CISARUA","ID_DESA":"32.01.25.2006","DESA":"TUGU SELATAN","LONGITUDE":106.9862798,"LATITUDE":-6.7010095,"STATUS":"BUKA","TANGGAL UPDATE":"27/02/2025","TANGGAL PENGUMPULAN":"Q4 2023","q":27473,"r":-15230}},{"type":"Feature","geometry":{"coordinates":[106.9814232,-6.7001666],"type":"Point"},"properties":{"NAMA":"WARUNG SATE BUNDA","TIPE_1":"MAKANAN DAN MINUMAN","TIPE_2":"RESTORAN","TIPE_3":"CEPAT SAJI","TELEPON":"0856-8123-303","ALAMAT":"JALAN RAYA PUNCAK-CIANJUR KM 86, TUGU SELATAN, CISARUA, TUGU SEL., KEC. CISARUA, KABUPATEN BOGOR, JAWA BARAT 16750","ID_PROV":"32","PROVINSI":"JAWA BARAT","ID_KABKOT":"32.01","KABKOT":"BOGOR","ID_KEC":"32.01.25","KECAMATAN":"CISARUA","ID_DESA":"32.01.25.2006","DESA":"TUGU SELATAN","LONGITUDE":106.9814232,"LATITUDE":-6.7001666,"STATUS":"BUKA","TANGGAL UPDATE":"27/02/2025","TANGGAL PENGUMPULAN":"Q4 2023","q":27472,"r":-15230}},{"type":"Feature","geometry":{"coordinates":[106.9817706,-6.7011614],"type":"Point"},"properties":{"NAMA":"WARUNG SATE H ADE","TIPE_1":"MAKANAN DAN MINUMAN","TIPE_2":"RESTORAN","TIPE_3":"CEPAT SAJI","TELEPON":"0881-5304-609","ALAMAT":"JALAN RAYA PUNCAK, CISARUA, TUGU SEL., KEC. CISARUA, KABUPATEN BOGOR, JAWA BARAT 16750","ID_PROV":"32","PROVINSI":"JAWA BARAT","ID_KABKOT":"32.01","KABKOT":"BOGOR","ID_KEC":"32.01.25","KECAMATAN":"CISARUA","ID_DESA":"32.01.25.2006","DESA":"TUGU SELATAN","LONGITUDE":106.9817706,"LATITUDE":-6.7011614,"STATUS":"BUKA","TANGGAL UPDATE":"27/02/2025","TANGGAL PENGUMPULAN":"Q4 2023","q":27472,"r":-15230}},{"type":"Feature","geometry":{"coordinates":[106.84086269999999,-6.5886706],"type":"Point"},"properties":{"NAMA":"YOU NEED MIE","TIPE_1":"MAKANAN DAN MINUMAN","TIPE_2":"RESTORAN","TIPE_3":"CEPAT SAJI","TELEPON":"0881-0105-89702","ALAMAT":"JL. CIKEAS RAYA, CIKEAS, KEC. SUKARAJA, KABUPATEN BOGOR, JAWA BARAT 16710","ID_PROV":"32","PROVINSI":"JAWA BARAT","ID_KABKOT":"32.01","KABKOT":"BOGOR","ID_KEC":"32.01.04","KECAMATAN":"SUKARAJA","ID_DESA":"32.01.04.2008","DESA":"CIKEAS","LONGITUDE":106.8408627,"LATITUDE":-6.5886706,"STATUS":"BUKA","TANGGAL UPDATE":"27/02/2025","TANGGAL PENGUMPULAN":"Q4 2023","q":27436,"r":-15187}},{"type":"Feature","geometry":{"coordinates":[106.9443773,-6.6864129],"type":"Point"},"properties":{"NAMA":"WARUNGNASI SOTO KUNING","TIPE_1":"MAKANAN DAN MINUMAN","TIPE_2":"RESTORAN","TIPE_3":"CEPAT SAJI","TELEPON":"0896-4386-3758","ALAMAT":"JALAN RAYA PUNCAK KM.83 BATULAYANG, CIBEUREUM, CISARUA, KEC. CISARUA, KABUPATEN BOGOR, JAWA BARAT 16750","ID_PROV":"32","PROVINSI":"JAWA BARAT","ID_KABKOT":"32.01","KABKOT":"BOGOR","ID_KEC":"32.01.25","KECAMATAN":"CISARUA","ID_DESA":"32.01.25.2001","DESA":"BATULAYANG","LONGITUDE":106.9443773,"LATITUDE":-6.6864129,"STATUS":"BUKA","TANGGAL UPDATE":"27/02/2025","TANGGAL PENGUMPULAN":"Q4 2023","q":27463,"r":-15222}},{"type":"Feature","geometry":{"coordinates":[106.9940571,-6.703731],"type":"Point"},"properties":{"NAMA":"WARUNG UPAH","TIPE_1":"MAKANAN DAN MINUMAN","TIPE_2":"RESTORAN","TIPE_3":"CEPAT SAJI","TELEPON":"","ALAMAT":"JL. RAYA PUNCAK GADOG, TUGU SEL., KEC. CISARUA, KABUPATEN BOGOR, JAWA BARAT 16750","ID_PROV":"32","PROVINSI":"JAWA BARAT","ID_KABKOT":"32.01","KABKOT":"BOGOR","ID_KEC":"32.01.25","KECAMATAN":"CISARUA","ID_DESA":"32.01.25.2009","DESA":"TUGU UTARA","LONGITUDE":106.9940571,"LATITUDE":-6.703731,"STATUS":"BUKA","TANGGAL UPDATE":"27/02/2025","TANGGAL PENGUMPULAN":"Q4 2023","q":27475,"r":-15232}},{"type":"Feature","geometry":{"coordinates":[106.990348,-6.7006073],"type":"Point"},"properties":{"NAMA":"WARUNG PANGASOAN","TIPE_1":"MAKANAN DAN MINUMAN","TIPE_2":"RESTORAN","TIPE_3":"CEPAT SAJI","TELEPON":"0878-7079-2237","ALAMAT":"JALAN RAYA PUNCAK KM. 86 TUGU SELATAN, TUGU UTARA, KEC. CISARUA, KABUPATEN BOGOR, JAWA BARAT 16750","ID_PROV":"32","PROVINSI":"JAWA BARAT","ID_KABKOT":"32.01","KABKOT":"BOGOR","ID_KEC":"32.01.25","KECAMATAN":"CISARUA","ID_DESA":"32.01.25.2009","DESA":"TUGU UTARA","LONGITUDE":106.990348,"LATITUDE":-6.7006073,"STATUS":"BUKA","TANGGAL UPDATE":"27/02/2025","TANGGAL PENGUMPULAN":"Q4 2023","q":27474,"r":-15231}},{"type":"Feature","geometry":{"coordinates":[106.9888198,-6.700524],"type":"Point"},"properties":{"NAMA":"WR IBU ADAM","TIPE_1":"MAKANAN DAN MINUMAN","TIPE_2":"RESTORAN","TIPE_3":"CEPAT SAJI","TELEPON":"0896-6771-9069","ALAMAT":"JALAN RAYA PUNCAK KM. 86, TUGU SELATAN, CISARUA, TUGU SEL., KEC. CISARUA, KABUPATEN BOGOR, JAWA BARAT 16750","ID_PROV":"32","PROVINSI":"JAWA BARAT","ID_KABKOT":"32.01","KABKOT":"BOGOR","ID_KEC":"32.01.25","KECAMATAN":"CISARUA","ID_DESA":"32.01.25.2006","DESA":"TUGU SELATAN","LONGITUDE":106.9888198,"LATITUDE":-6.700524,"STATUS":"BUKA","TANGGAL UPDATE":"27/02/2025","TANGGAL PENGUMPULAN":"Q4 2023","q":27474,"r":-15231}},{"type":"Feature","geometry":{"coordinates":[106.6613062,-6.5733696],"type":"Point"},"properties":{"NAMA":"WR KHALISA","TIPE_1":"MAKANAN DAN MINUMAN","TIPE_2":"RESTORAN","TIPE_3":"CEPAT SAJI","TELEPON":"","ALAMAT":"CMG6+MG, CIMANGGU 2, KEC. CIBUNGBULANG, KABUPATEN BOGOR, JAWA BARAT 16630","ID_PROV":"32","PROVINSI":"JAWA BARAT","ID_KABKOT":"32.01","KABKOT":"BOGOR","ID_KEC":"32.01.16","KECAMATAN":"CIBUNGBULANG","ID_DESA":"32.01.16.2008","DESA":"CIMANGGU II","LONGITUDE":106.6613062,"LATITUDE":-6.5733696,"STATUS":"BUKA","TANGGAL UPDATE":"27/02/2025","TANGGAL PENGUMPULAN":"Q4 2023","q":27390,"r":-15160}}]}